x,y,z,t,u_pred,v_pred,Z0
24.271739312019278,35.0833337340226,74.97577,9244799.850654602,0.018528346,-0.007584663,74.52758
24.340579657513896,35.072464168316,77.031204,18316800.298690796,0.0028863363,-0.016579665,72.7738
24.365941903817713,35.11594190204278,77.940506,9676799.454116821,0.0008289423,-0.009506624,72.871086
24.340579735906957,35.22101461745307,78.71513,7084800.187969208,0.008542692,-0.022878828,72.505264
24.278985653174068,35.159420527680346,80.15937,10886399.660110474,0.018981261,-0.020607999,71.614494
24.619565229179578,35.18478278215484,82.255135,8208000.144195557,0.020842941,-0.015539829,72.521835
24.409420264318722,35.137681214861566,85.684586,8899199.948501587,0.008794819,-0.0013379967,72.042694
24.275362351941567,35.02173896397893,79.32639,4060799.9472141266,-0.036652632,-0.017585335,72.13277
24.35507260113369,35.04710138474188,76.478294,9590399.752807617,0.0031309724,-0.013810204,73.67218
24.52536253285706,35.05797113185407,79.99595,13564800.27294159,0.022822889,-0.019573713,72.558846
24.242753659958876,34.931159481553294,83.59315,13046399.871253967,0.031119548,-0.008166717,71.72909
24.358695745580064,35.14492749121842,79.46463,10540799.757957458,0.014658244,-0.016653217,72.23726
24.53985505838052,35.14492730981283,78.72631,13391999.773406982,0.027238762,-0.021472597,72.497925
24.62318819070881,35.09782625650204,81.14894,12873600.46863556,0.02541223,-0.018706387,72.52032
24.51086948471318,35.141304337922854,75.965324,13219200.370788574,0.03190755,-0.019253472,73.11888
24.782608845879178,35.07246365433351,80.82854,17452799.99485016,-0.00043666363,0.011099983,72.768425
24.003623304347823,35.192029209683014,80.788605,2505600.113296509,-0.07144146,-0.08656622,70.91292
24.623188347494935,34.98550731008629,86.27349,8639999.747657776,0.00837804,0.0038129091,72.58366
24.62318819070881,35.09782625650204,81.14894,7084800.187969208,-0.024776729,0.012210825,72.39776
24.242753659958876,34.931159481553294,83.59315,15465600.283241272,0.01223846,-0.030459875,71.88301
24.242753659958876,34.931159481553294,83.59315,13737599.675559998,0.02898556,-0.011357652,71.84075
24.358695745580064,35.14492749121842,79.46463,13046399.871253967,0.02068494,-0.013915848,71.91535
24.15217408195171,35.09782609021359,90.079155,1296000.0444173813,0.011161579,-0.043978512,71.25113
24.134057993885538,35.130434787333385,80.741425,432000.01480579376,-0.06268958,-0.048872642,71.914764
24.409420185925658,35.126811301460926,78.58091,9590399.752807617,0.016722722,-0.0070834868,72.675896
24.068840433535758,35.050724689208764,75.1399,1123200.0247836113,-0.028491901,-0.027993107,72.20873
24.268116089179838,35.07971042955572,81.07262,5615999.781131744,-0.037419908,-0.023196978,71.23507
24.264492787947336,35.06521739309379,75.914215,2678400.0643730164,-0.023695184,-0.018349068,73.11227
24.51086948471318,35.141304337922854,75.965324,5529600.07982254,-0.024667447,0.01658632,72.59385
24.641304357168043,34.938405387540406,81.3883,2159999.936914444,-0.004901128,-0.024880862,71.68537
24.442029139218562,35.043478080275,76.86345,5356800.128746033,-0.030526338,-0.010852976,72.31154
24.579710091518006,35.06884069756067,84.24473,4406400.123596191,-0.035117805,0.003536867,72.47334
24.521739153231497,35.18115965909355,80.50853,6307200.133895874,0.0059725493,-0.013950318,72.43276
24.782608845879178,35.07246365433351,80.82854,14601599.979400635,0.02880022,-0.011431651,72.832695
24.271739312019278,35.0833337340226,74.97577,4060799.9472141266,-0.05238484,-0.004163677,73.50223
24.40579730278949,34.98550712868071,82.545616,10540799.757957458,0.016020047,-0.023851769,71.57904
24.409420342711783,35.02898555779556,73.23672,2851200.015449524,-0.019673685,-0.0033303667,73.01818
24.85869584610084,35.31159408476158,76.05999,12787199.670410156,0.041377015,-0.011050038,72.3308
24.264492787947336,35.06521739309379,75.914215,10972800.458335876,0.013264077,-0.012096062,74.09256
24.134057993885538,35.130434787333385,80.741425,10627199.459266663,0.022068808,-0.0074652676,70.63599
24.55072462237475,35.07608730649443,88.70044,9935999.654960632,0.010050064,-0.024054727,72.31488
24.268116089179838,35.07971042955572,81.07262,15724800.484085083,0.019056182,-0.025335783,71.11611
24.351449221508126,35.36231895652174,77.53338,15206400.082397461,0.025029238,-0.024032308,71.70413
24.369565205050215,35.10507235145331,81.59638,777599.9855160713,-0.013873966,-0.0073491596,72.60438
24.171296292717127,35.10648163098043,78.049835,17884799.598312378,0.011911153,-0.015923671,71.75478
24.528985389862203,35.079710263267266,73.800804,10799999.95880127,0.018173477,-0.019354248,73.09831
24.728260869121893,35.15579704180788,79.23173,13910400.175094604,0.032503724,-0.013793211,73.130684
24.40217392316393,35.07246365433351,77.73675,6134400.182819366,-0.023183336,-0.0077839755,72.467896
24.171296292717127,35.10648163098043,78.049835,4319999.873828888,-0.033760607,-0.0140789915,72.15093
24.586956589458925,35.03623181903528,81.050644,16243199.788856506,0.013225651,-0.027787058,72.54883
24.409420185925658,35.126811301460926,78.58091,13391999.773406982,0.02540874,-0.015684651,72.33472
24.17028990870767,35.119565206509655,75.23819,2937599.9909877777,-0.03394454,-0.021838931,73.90868
24.57608686867857,35.22463755910878,78.28966,6566399.786281586,-0.00826915,0.006703581,73.12941
24.728260869121893,35.15579704180788,79.23173,5875199.981975555,-0.022672115,0.014802085,72.96916
24.55072462237475,35.07608730649443,88.70044,7171199.889278412,0.0074181017,-0.015231697,72.50707
24.171296292717127,35.10648163098043,78.049835,6134400.182819366,-0.015147788,-0.02561581,72.13827
24.514492864338745,35.152173737341,77.98083,14774400.478935242,0.0262511,-0.026001243,72.63507
24.655797039477626,35.09782643790763,82.953125,11231999.562263489,0.018217415,-0.018089714,72.618225
24.286231733018653,35.16304365074164,82.86601,9590399.752807617,0.030262506,-0.017278403,71.086334
24.32608705359737,35.05434782738719,80.59564,5011200.226593018,-0.0189387,-0.025179027,71.56509
24.369565205050215,35.10507235145331,81.59638,8553600.046348572,0.010371867,-0.013777642,71.40016
24.586956589458925,35.03623181903528,81.050644,1209599.9317646027,-0.004661424,0.006673511,72.52732
24.655797039477626,35.09782643790763,82.953125,10195199.855804443,0.017768007,-0.010955241,72.691574
24.55072462237475,35.07608730649443,88.70044,6825599.987125397,0.006914621,-0.012953294,72.56146
24.17028990870767,35.119565206509655,75.23819,14169600.375938416,0.019550808,-0.009444345,72.96918
24.52536253285706,35.05797113185407,79.99595,7430400.090122223,-0.00024939142,-0.018198328,72.15316
24.46739112421217,35.10507235145331,77.031204,5356800.128746033,-0.015292553,-0.014161777,72.37266
24.525362323808892,35.01449270273921,80.76379,14774400.478935242,0.025418242,-0.018240096,72.50163
24.471014503837736,35.137681214861566,84.09494,6998399.938201904,-0.020216415,0.0072216354,72.08577
24.641304357168043,34.938405387540406,81.3883,13651199.974250793,0.027804144,-0.019072836,72.6711
24.235507135886934,35.09782643790763,86.62735,12441599.768257141,0.026012903,-0.023512987,72.40814
24.62318819070881,35.09782625650204,81.14894,5702400.030899048,-0.029267328,0.006466565,72.375
24.677536062942007,35.07971042955572,84.775665,12614400.267791748,0.014747518,-0.025794612,72.552605
24.373188349496587,35.09782609021359,73.044136,1814400.0347614288,-0.015584486,0.015435253,73.092186
24.51086948471318,35.141304337922854,75.965324,3974399.971675873,-0.027666265,0.0017182827,72.7207
24.282608510179216,35.10869565592019,73.044136,7430400.090122223,-0.035824224,-0.0022254754,73.54477
24.75362311542571,35.148550251468535,82.31272,10886399.660110474,0.008999584,-0.014606481,72.92057
24.369565205050215,35.10507235145331,81.59638,18403200.0,0.0028218552,-0.026147598,71.61644
24.521739153231497,35.18115965909355,80.50853,1036799.9806880951,0.009839249,-0.011267258,72.82898
24.340579735906957,35.22101461745307,78.71513,11059200.15964508,0.017865472,-0.027046503,72.62503
24.242753659958876,34.931159481553294,83.59315,15292799.783706665,0.013746757,-0.028643692,71.88435
24.275362351941567,35.02173896397893,79.32639,7689599.742507935,-0.023090089,-0.02229601,71.90751
24.75362311542571,35.148550251468535,82.31272,8726399.99742508,-0.0020307042,0.008841367,73.20574
24.068840433535758,35.17753635462667,82.62194,12700799.969100952,0.035825055,-0.014949597,70.00961
24.152173912100075,34.942029039701325,85.189964,7948799.943351746,-0.0114952605,0.010253252,70.65251
24.822463669968496,35.11956556932083,79.471794,15551999.984550476,0.025501471,-0.025211414,72.82895
24.782608584568965,35.06521774078783,85.492004,11491199.7631073,0.020148544,-0.021530056,73.21808
24.40217392316393,35.07246365433351,77.73675,12095999.866104126,0.020835409,-0.015840696,72.84233
24.40217392316393,35.07246365433351,77.73675,18143999.79915619,-0.0066480692,0.0032008681,72.80979
24.336956356281394,35.12681217825459,78.56935,4060799.9472141266,-0.032844104,-0.0043446217,72.258286
24.85869584610084,35.31159408476158,76.05999,6998399.938201904,-0.024191862,0.016340733,73.7688
24.278985653174068,35.159420527680346,80.15937,12873600.46863556,0.024967764,-0.014967445,71.36561
24.32608705359737,35.05434782738719,80.59564,8639999.747657776,0.003127113,-0.02747796,71.420975
24.731883987437246,34.999999998854186,80.17734,12095999.866104126,0.016304368,-0.017500902,72.58774
24.171296292717127,35.10648163098043,78.049835,15292799.783706665,0.017993867,-0.017382896,71.667854
24.60144921950647,34.9456523441682,85.40489,7775999.992275238,-0.012188086,0.008054042,72.256096
24.068840433535758,35.050724689208764,75.1399,16416000.288391113,0.0063227518,-0.032471955,72.21393
24.641304357168043,34.938405387540406,81.3883,16847999.891853333,0.016523859,-0.03440863,73.21328
24.659420157792983,35.13768139626715,82.9603,4924799.976825714,-0.019664457,0.015038627,72.85223
24.62318819070881,35.09782625650204,81.14894,7257600.139045715,-0.023432864,0.013267134,72.40593
24.782608584568965,35.06521774078783,85.492004,4838399.727058411,-0.024754295,0.0034004608,73.01315
24.24275355543479,35.275361916886446,83.709785,14083199.577713013,0.024457512,-0.031139722,70.77358
24.62318819070881,35.09782625650204,81.14894,3023999.9665260315,-0.026538694,0.011890654,72.52597
24.40217392316393,35.07246365433351,77.73675,5875199.981975555,-0.02329346,-0.010487396,72.42077
24.15942034471344,35.02536261613985,84.04098,2764800.03991127,-0.018802797,-0.01663322,71.0027
24.731883987437246,34.999999998854186,80.17734,11491199.7631073,0.014950023,-0.019136636,72.49462
24.659420157792983,35.13768139626715,82.9603,3887999.996137619,-0.021911794,0.013304441,72.82388
24.268116089179838,35.07971042955572,81.07262,17020800.39138794,0.014543468,-0.029421171,71.52494
24.141304256647267,35.05072417522627,80.839714,1209599.9317646027,-0.07418894,-0.021317812,71.72198
24.278985574781007,35.18478260074926,85.36457,16156800.087547302,0.009191102,-0.021727966,70.89602
24.60144921950647,34.9456523441682,85.40489,13824000.4737854,0.039161373,-0.029603014,72.32615
24.06159400092239,35.235507653915,77.223785,4752000.025749207,-0.043089464,-0.0564116,73.22132
24.52536253285706,35.05797113185407,79.99595,5270399.878978729,-0.017799264,-0.0039460603,72.13167
24.373188532413735,34.85507217391305,83.68782,13651199.974250793,0.039510064,-0.04144217,72.02337
24.32608705359737,35.05434782738719,80.59564,11145599.860954285,0.015994553,-0.02890349,71.53346
24.3913043591697,35.05434799367564,86.750465,5184000.177669525,-0.029114248,0.0024575982,72.18827
24.49275373635028,35.04710138474188,79.64641,16329599.49016571,0.006226572,-0.024767397,72.60287
24.57246390714934,35.13405809180027,82.83649,11577599.464416504,0.022473827,-0.020200526,72.22267
24.655797039477626,35.09782643790763,82.953125,864000.0296115875,0.003993489,0.003650343,72.73946
24.3913043591697,35.05434799367564,86.750465,9849599.953651428,0.024572318,0.009567121,72.24603
24.271739312019278,35.0833337340226,74.97577,10022400.453186035,0.019051779,-0.01207835,74.47436
24.49275373635028,35.04710138474188,79.64641,345600.00498890877,0.007945354,0.0063107186,72.70603
24.619565229179578,35.18478278215484,82.255135,16847999.891853333,0.0061246045,-0.03393709,71.73678
24.655797039477626,35.09782643790763,82.953125,15983999.588012695,0.0200775,-0.0331484,72.44524
24.340579657513896,35.072464168316,77.031204,10627199.459266663,0.010369053,-0.014221907,73.3671
24.43478277193275,35.06521686399416,78.38795,11059200.15964508,0.020712037,-0.010274854,72.640526
24.32608705359737,35.05434782738719,80.59564,10022400.453186035,0.012707471,-0.030047918,71.569916
24.264492787947336,35.06521739309379,75.914215,7516799.791431427,-0.014356339,0.009740713,74.19528
24.521739153231497,35.18115965909355,80.50853,4838399.727058411,-0.0064598154,-0.010536686,72.58278
24.340579657513896,35.072464168316,77.031204,5702400.030899048,-0.031712778,-0.020636776,72.82699
24.57608686867857,35.22463755910878,78.28966,12960000.169944763,0.031845544,-0.012521675,72.55908
24.822463669968496,35.11956556932083,79.471794,864000.0296115875,-0.0102900285,0.013563575,72.75462
24.514492864338745,35.152173737341,77.98083,7343999.840354919,-0.00904162,0.010093701,72.671326
24.17028990870767,35.119565206509655,75.23819,12527999.469566345,0.020930806,-0.0016994067,73.80122
24.800724541980035,35.0326085145684,80.91604,17279999.49531555,0.008064324,-0.005081646,73.08191
24.358695745580064,35.14492749121842,79.46463,3715200.0450611115,-0.046350777,-0.0027072765,71.99792
24.5036234048686,34.94565269942081,84.86278,1728000.059223175,-0.0045755412,-0.0027146023,71.90173
24.409420342711783,35.02898555779556,73.23672,15551999.984550476,0.007931913,-0.024848307,73.0607
24.579710091518006,35.06884069756067,84.24473,6998399.938201904,-0.018606065,0.004462708,72.39887
24.409420342711783,35.02898555779556,73.23672,17971200.39653778,-0.0044514425,-0.024450319,73.27951
24.52536253285706,35.05797113185407,79.99595,15033599.582862854,0.023115547,-0.018942045,72.54701
24.271739312019278,35.0833337340226,74.97577,3456000.11844635,-0.05535896,-0.0022944268,73.365265
24.43478277193275,35.06521686399416,78.38795,9071999.899578094,0.0056135347,-0.0013435474,72.63184
24.60144921950647,34.9456523441682,85.40489,17366400.293540955,0.019643461,-0.039635547,73.07136
24.40217392316393,35.07246365433351,77.73675,3110399.9420642853,-0.017859055,-0.017038815,72.13127
24.373188532413735,34.85507217391305,83.68782,4838399.727058411,-0.033437915,-0.010766681,72.11874
24.278985574781007,35.18478260074926,85.36457,8985600.19826889,0.014758191,-0.008505346,71.447174
24.782608584568965,35.06521774078783,85.492004,15120000.381088257,0.033684548,-0.02427808,72.9152
24.626811465810288,35.05797113185407,83.9315,3283199.893140793,-0.018939672,0.006682118,72.59622
24.43478277193275,35.06521686399416,78.38795,16243199.788856506,0.014317576,-0.015977915,72.64456
24.278985574781007,35.18478260074926,85.36457,9158400.149345398,0.017813517,-0.009186419,71.474945
24.55072462237475,35.07608730649443,88.70044,10368000.35533905,0.015037468,-0.023838175,72.28001
24.503623143558386,34.916666955294566,80.479385,15897599.886703491,0.00610123,-0.0108790435,72.77261
24.880434869565217,35.11594208344836,73.60822,12527999.469566345,0.035818174,-0.010666151,73.500916
24.358695745580064,35.14492749121842,79.46463,5529600.07982254,-0.029727949,0.003318944,71.94805
24.365941903817713,35.11594190204278,77.940506,18403200.0,0.0042991303,-0.011942439,72.262054
24.423912946628306,35.13405791039468,84.735344,518399.99034404755,-0.026850982,0.012071068,72.45368
24.43478251062254,35.050724689208764,81.254395,3110399.9420642853,-0.011695428,-0.016033681,72.074234
24.409420185925658,35.126811301460926,78.58091,2764800.03991127,-0.019912561,-0.010413071,72.46679
24.409420342711783,35.02898555779556,73.23672,12527999.469566345,0.018796789,-0.010385161,73.09298
24.525362323808892,35.01449270273921,80.76379,8294399.845504761,-0.014622891,0.018426444,72.10258
24.15942034471344,35.02536261613985,84.04098,4406400.123596191,-0.024751956,-0.017151324,70.563835
24.85869584610084,35.31159408476158,76.05999,0.0,0.010398192,0.026681086,73.70528
24.33695651306752,35.26449269887389,75.24537,15206400.082397461,0.019796321,-0.018284144,72.82864
24.271739312019278,35.0833337340226,74.97577,5875199.981975555,-0.03646349,-0.008031394,73.958916
24.655797039477626,35.09782643790763,82.953125,6480000.084972382,-0.012681069,-0.005872585,72.78193
24.293478074173446,35.130434424522214,78.52256,432000.01480579376,-0.041878484,-0.030012766,72.861465
24.409420342711783,35.02898555779556,73.23672,16416000.288391113,0.00767624,-0.02407174,73.206215
24.442029139218562,35.043478080275,76.86345,2332799.8879909515,-0.018712701,-0.0035070125,72.065765
24.134057993885538,35.130434787333385,80.741425,691200.0099778175,-0.06214241,-0.050250344,71.819756
24.33695651306752,35.26449269887389,75.24537,4492800.099134445,-0.0413223,-0.036860213,73.43171
24.655797039477626,35.09782643790763,82.953125,7257600.139045715,-0.006029213,-0.013141869,72.77061
24.60144921950647,34.9456523441682,85.40489,11145599.860954285,0.026796024,-0.022520607,71.97593
24.3985509616347,35.079710263267266,82.39983,13564800.27294159,0.029609282,-0.022392863,71.45731
24.35507260113369,35.04710138474188,76.478294,8639999.747657776,-0.008159529,-0.015276024,73.70201
24.171296292717127,35.10648163098043,78.049835,14515200.27809143,0.021295043,-0.015741467,71.67944
24.286231733018653,35.16304365074164,82.86601,14687999.680709839,0.022911873,-0.02231303,70.81452
24.800724541980035,35.0326085145684,80.91604,12873600.46863556,0.03738097,0.015932094,72.88604
24.572463802625258,35.028985391507106,77.31845,8985600.19826889,0.0021673907,0.006184074,72.552315
24.53985505838052,35.14492730981283,78.72631,15206400.082397461,0.020400535,-0.029142844,72.52957
24.619565229179578,35.18478278215484,82.255135,10281599.557113647,0.02190418,-0.017067432,72.50343
24.3913043591697,35.05434799367564,86.750465,11664000.262641907,0.02995365,-0.0065473,72.10029
24.40579722439643,35.07608730649443,81.130585,8380800.095272064,0.015729843,-0.006167533,71.62956
24.275362351941567,35.02173896397893,79.32639,1036799.9806880951,-0.03799499,-0.016985225,71.776
24.286231733018653,35.16304365074164,82.86601,11059200.15964508,0.02552827,-0.021721652,71.13383
24.271739312019278,35.0833337340226,74.97577,12182399.56741333,0.016604774,-0.010723462,73.96519
24.271739312019278,35.0833337340226,74.97577,8639999.747657776,0.011147585,-0.008232303,74.48965
24.286231733018653,35.16304365074164,82.86601,5788799.732208252,0.008320442,-0.031424284,71.18196
24.623188347494935,34.98550731008629,86.27349,11318400.360488892,0.029420108,-0.018875467,72.33414
24.134057993885538,35.130434787333385,80.741425,5702400.030899048,-0.051176354,-0.018909937,70.53259
24.655797039477626,35.09782643790763,82.953125,1814400.0347614288,-0.010250425,-0.0033200681,72.66391
24.782608845879178,35.07246365433351,80.82854,5702400.030899048,-0.028615339,0.0017010169,72.644394
24.528985389862203,35.079710263267266,73.800804,14083199.577713013,0.033484444,-0.01932977,73.038574
24.5036234048686,34.94565269942081,84.86278,18403200.0,0.014277302,-0.04852032,72.62706
24.40217392316393,35.07246365433351,77.73675,16761600.190544128,0.0024421848,-0.0068348553,72.72592
24.579710091518006,35.06884069756067,84.24473,11491199.7631073,0.022169335,-0.015924465,72.244965
24.442029139218562,35.043478080275,76.86345,14774400.478935242,0.023291057,-0.016814165,73.25299
24.49275373635028,34.95652190987481,78.13308,12182399.56741333,0.011167006,-0.007313473,72.95907
24.282608510179216,35.10869565592019,73.044136,17625600.494384766,0.015660692,-0.027333053,72.87608
24.619565229179578,35.18478278215484,82.255135,10886399.660110474,0.020508986,-0.02057494,72.46472
24.365941903817713,35.11594190204278,77.940506,5788799.732208252,-0.024669854,-0.012687007,72.49982
24.336956356281394,35.12681217825459,78.56935,2505600.113296509,-0.033825323,-0.007997554,72.36539
24.003623304347823,35.192029209683014,80.788605,17193599.794006348,0.024435641,-0.024553517,70.7267
24.782608845879178,35.07246365433351,80.82854,16416000.288391113,0.017022897,-0.0031567514,72.71755
24.579710091518006,35.06884069756067,84.24473,14515200.27809143,0.020588083,-0.016672995,72.06519
24.40217392316393,35.07246365433351,77.73675,1555199.9710321426,0.0015860964,-0.009397421,72.222755
24.278985574781007,35.18478260074926,85.36457,12787199.670410156,0.025411619,-0.023880826,71.5973
24.2137679164399,35.101449394680465,78.1842,4838399.727058411,-0.013684509,-0.027440945,72.13122
24.282608510179216,35.10869565592019,73.044136,3974399.971675873,-0.04717745,-0.019591967,73.25259
24.731884091961334,34.88405773852335,82.62194,3283199.893140793,-0.020328617,-0.0091548655,71.63174
24.572463802625258,35.028985391507106,77.31845,345600.00498890877,0.016588757,0.005142696,72.26845
24.72463775080654,35.097825908808005,83.506035,4924799.976825714,-0.019375248,0.0042678025,73.008865
24.518115930392057,35.170290078269815,76.7112,11491199.7631073,0.023113897,-0.027143912,72.75038
24.60144921950647,34.9456523441682,85.40489,1641599.9465703964,0.0032866374,0.0061418563,72.049255
24.351449221508126,35.36231895652174,77.53338,7862400.2420425415,0.023820791,0.0009076819,73.20734
24.068840433535758,35.17753635462667,82.62194,9417600.350189209,0.022047615,-0.02443423,70.01412
24.33695651306752,35.26449269887389,75.24537,4233599.898290634,-0.04355073,-0.037956543,73.40278
24.358695745580064,35.14492749121842,79.46463,9676799.454116821,0.014654014,-0.0064040124,72.26506
24.340579657513896,35.072464168316,77.031204,5875199.981975555,-0.031811357,-0.020469757,72.868065
24.16304339770124,35.14130418675153,77.183464,1900800.0102996826,-0.049855396,-0.054484427,72.84148
24.40579722439643,35.07608730649443,81.130585,13478399.474716187,0.02742632,-0.021448465,71.69505
24.409420342711783,35.02898555779556,73.23672,17798399.897003174,-0.0018702317,-0.02381303,73.28732
24.442029139218562,35.043478080275,76.86345,9504000.051498413,-0.0096930135,-0.02798591,73.12368
24.822463669968496,35.11956556932083,79.471794,3542400.093984604,-0.021230796,0.013915988,72.94853
24.43478277193275,35.06521686399416,78.38795,11836799.665260315,0.020566907,-0.0066587627,72.64725
24.608695560661264,35.210145036629335,80.071884,1641599.9465703964,-0.034168705,-0.0014912486,72.89979
24.423912946628306,35.16304383214723,83.815254,3801600.0205993652,-0.022429543,-0.007987013,72.110405
24.275362351941567,35.02173896397893,79.32639,4752000.025749207,-0.03291084,-0.021726182,72.09114
24.85869584610084,35.31159408476158,76.05999,13564800.27294159,0.043195814,-0.009784611,72.186745
24.068840433535758,35.17753635462667,82.62194,2592000.0888347626,-0.03710375,-0.036893345,71.06714
24.47463793572534,35.15579704180788,74.131996,13651199.974250793,0.036695868,-0.028596831,72.79488
24.481884276880134,35.21376834109622,79.042,7171199.889278412,-0.012909444,0.0033194134,72.85802
24.15942034471344,35.02536261613985,84.04098,10195199.855804443,0.031053387,-0.027984092,70.91136
24.503623143558386,34.916666955294566,80.479385,17625600.494384766,-0.010125672,0.0064604045,73.21054
24.340579735906957,35.22101461745307,78.71513,15379199.48501587,0.013709035,-0.021739142,71.74107
24.275362351941567,35.02173896397893,79.32639,3456000.11844635,-0.038504407,-0.01560062,72.0703
24.49275373635028,35.04710138474188,79.64641,10368000.35533905,0.014912443,-0.0028337352,72.40043
24.3985509616347,35.079710263267266,82.39983,259199.99517202377,0.007192537,-0.018282684,72.79611
24.423912946628306,35.13405791039468,84.735344,9935999.654960632,0.02068819,-0.01986515,71.86805
24.358695745580064,35.14492749121842,79.46463,11664000.262641907,0.017628737,-0.022540169,72.145744
24.655797039477626,35.09782643790763,82.953125,11404800.061798096,0.018170292,-0.019028196,72.604004
24.800724541980035,35.0326085145684,80.91604,1382400.019955635,-0.00038682856,-0.00044622086,72.01904
24.373188349496587,35.09782609021359,73.044136,2246400.0495672226,-0.016038446,0.018261071,73.10121
24.15942034471344,35.02536261613985,84.04098,14860800.180244446,0.02675618,-0.027130513,71.46001
24.271739312019278,35.0833337340226,74.97577,4233599.898290634,-0.05115781,-0.004794242,73.550446
24.423912946628306,35.13405791039468,84.735344,16329599.49016571,0.006741275,-0.032959417,71.52981
24.49275373635028,34.95652190987481,78.13308,17884799.598312378,-0.006858859,-0.022851376,73.55759
24.586956589458925,35.03623181903528,81.050644,14947199.88155365,0.02783157,-0.0159667,72.618744
24.32608705359737,35.05434782738719,80.59564,15292799.783706665,0.021345444,-0.024569249,71.43348
24.134057993885538,35.130434787333385,80.741425,5875199.981975555,-0.04804337,-0.01757812,70.47121
24.2137679164399,35.101449394680465,78.1842,12182399.56741333,0.017209694,-0.024302011,72.25864
24.068840433535758,35.17753635462667,82.62194,15033599.582862854,0.035000008,-0.01061856,69.99889
24.528985389862203,35.079710263267266,73.800804,11664000.262641907,0.023351202,-0.022480724,73.02416
24.43478251062254,35.050724689208764,81.254395,13737599.675559998,0.02759301,-0.021881646,71.85537
24.423912946628306,35.16304383214723,83.815254,2419199.8635292053,-0.030009577,-0.014157824,72.30624
24.655797039477626,35.09782643790763,82.953125,7862400.2420425415,0.001107892,-0.013480661,72.77646
24.351449221508126,35.36231895652174,77.53338,6652800.036048889,0.0076940292,-0.008388501,73.37941
24.46739112421217,35.10507235145331,77.031204,10195199.855804443,0.015516952,-0.007871797,72.8334
24.17028990870767,35.119565206509655,75.23819,15120000.381088257,0.01755153,-0.017441316,72.58904
24.731884091961334,34.88405773852335,82.62194,10454400.056648254,0.024810873,-0.008608883,71.35635
24.528985389862203,35.079710263267266,73.800804,14515200.27809143,0.03238791,-0.020445684,73.1065
24.268116089179838,35.07971042955572,81.07262,7775999.992275238,-0.014812695,-0.019939566,70.955925
24.423912946628306,35.13405791039468,84.735344,10713600.257492065,0.022312066,-0.024039539,71.85516
24.40579722439643,35.07608730649443,81.130585,9071999.899578094,0.0183219,-0.00933364,71.698715
24.40217392316393,35.07246365433351,77.73675,15724800.484085083,0.012131957,-0.011438936,72.63385
24.507246418659868,35.018115659512056,74.98295,16934399.593162537,0.002295481,-0.020165874,73.98132
24.507246418659868,35.018115659512056,74.98295,8899199.948501587,0.0012315959,0.0057980753,73.18182
24.659420157792983,35.13768139626715,82.9603,6652800.036048889,-0.012732821,0.011801129,72.83655
24.152173912100075,34.942029039701325,85.189964,11059200.15964508,0.030820362,-0.015926393,71.496
24.365941903817713,35.11594190204278,77.940506,5356800.128746033,-0.026017385,-0.013517963,72.47181
24.264492787947336,35.06521739309379,75.914215,4752000.025749207,-0.02586698,-0.0040495507,73.575165
24.264492787947336,35.06521739309379,75.914215,16847999.891853333,0.010863161,-0.019128675,72.73559
24.49275373635028,34.95652190987481,78.13308,14601599.979400635,0.014381243,0.0073237936,73.19859
24.068840433535758,35.050724689208764,75.1399,777599.9855160713,-0.021929627,-0.034344412,72.10803
24.264492787947336,35.06521739309379,75.914215,11145599.860954285,0.013116409,-0.012836568,74.05344
24.503623143558386,34.916666955294566,80.479385,5875199.981975555,-0.028270425,-0.0148440115,71.87786
24.55434784521419,35.039855304907746,78.730316,18403200.0,0.0030784663,-0.022113679,73.20685
24.336956356281394,35.12681217825459,78.56935,2419199.8635292053,-0.033873454,-0.008286957,72.3778
24.518115930392057,35.170290078269815,76.7112,4060799.9472141266,-0.028580556,0.010552915,72.671745
24.586956589458925,35.03623181903528,81.050644,15724800.484085083,0.018929021,-0.0236109,72.56381
24.60144921950647,34.9456523441682,85.40489,5615999.781131744,-0.012587165,0.016331816,71.92444
24.731884091961334,34.88405773852335,82.62194,6566399.786281586,-0.011216069,0.0229978,71.11789
24.623188347494935,34.98550731008629,86.27349,604799.9658823013,0.017975165,-0.0060079917,71.943954
24.5036234048686,34.94565269942081,84.86278,3369599.8686790466,-0.020565895,-0.014637932,72.01567
24.57608686867857,35.22463755910878,78.28966,17279999.49531555,0.009190758,-0.02566277,72.582016
24.586956589458925,35.03623181903528,81.050644,3801600.0205993652,-0.0074942503,-0.008874748,72.195595
24.336956356281394,35.12681217825459,78.56935,16070400.386238098,-0.00063309073,-0.009397753,71.903175
24.351449221508126,35.36231895652174,77.53338,13996799.876403809,0.027864138,-0.014443416,71.84817
24.60144921950647,34.9456523441682,85.40489,1036799.9806880951,0.011166017,0.0037853858,71.97453
24.177536001617764,35.01449252133363,77.3516,9417600.350189209,0.0067418963,-0.038003378,73.406944
24.06159400092239,35.235507653915,77.223785,10799999.95880127,0.042093366,-0.041041628,72.371895
24.579710091518006,35.06884069756067,84.24473,17539199.696159363,-0.0088434,-0.0049348176,72.1265
24.423912946628306,35.13405791039468,84.735344,17884799.598312378,-0.009135786,-0.029896846,71.409615
24.481884276880134,35.21376834109622,79.042,13996799.876403809,0.014332019,-0.022089338,72.21788
24.572463802625258,35.028985391507106,77.31845,12268800.365638733,0.014839321,-0.016381998,73.072044
24.16304339770124,35.14130418675153,77.183464,7775999.992275238,0.02021251,-0.018343395,73.12362
24.52536253285706,35.05797113185407,79.99595,4406400.123596191,-0.019812444,0.00078453775,72.157005
24.5036234048686,34.94565269942081,84.86278,691200.0099778175,0.010911619,0.0093663875,71.54825
24.55072462237475,35.07608730649443,88.70044,17279999.49531555,0.019574223,-0.039782003,72.1216
24.728260869121893,35.15579704180788,79.23173,3369599.8686790466,-0.024362074,0.003973117,73.051956
24.373188349496587,35.09782609021359,73.044136,17020800.39138794,0.018288486,-0.035526328,73.11968
24.49275373635028,35.04710138474188,79.64641,18143999.79915619,-0.008553674,-0.015117833,72.78535
24.880434869565217,35.11594208344836,73.60822,15897599.886703491,0.04479997,-0.013811644,73.54973
24.40579730278949,34.98550712868071,82.545616,9331199.551963806,0.0073709115,-0.016994819,71.65168
24.626811465810288,35.05797113185407,83.9315,15465600.283241272,0.031439148,-0.016298482,72.329956
24.800724541980035,35.0326085145684,80.91604,11231999.562263489,0.036313076,0.0046271924,72.68117
24.068840433535758,35.050724689208764,75.1399,8899199.948501587,-0.01388509,-0.025835233,75.04057
24.677536062942007,35.07971042955572,84.775665,10368000.35533905,0.019679964,-0.018203108,72.89766
24.46739112421217,35.10507235145331,77.031204,8208000.144195557,-0.008277297,0.014855221,72.850784
24.275362351941567,35.02173896397893,79.32639,10195199.855804443,0.016526094,-0.027548002,72.101006
24.43478277193275,35.06521686399416,78.38795,5788799.732208252,-0.027292037,-0.006935086,72.18416
24.572463802625258,35.028985391507106,77.31845,17884799.598312378,-0.0008051079,-0.009706967,73.74125
24.60144921950647,34.9456523441682,85.40489,3542400.093984604,-0.019299267,0.015838565,71.95668
24.659420157792983,35.13768139626715,82.9603,11318400.360488892,0.018744145,-0.013751259,72.636154
24.271739312019278,35.0833337340226,74.97577,3887999.996137619,-0.053420916,-0.003552314,73.45707
24.152173912100075,34.942029039701325,85.189964,518399.99034404755,0.0049357843,-0.0491053,70.665924
24.409420264318722,35.137681214861566,85.684586,4492800.099134445,-0.034406893,-0.001895735,72.075226
24.369565205050215,35.10507235145331,81.59638,5615999.781131744,-0.028581584,-0.012018094,71.425156
24.46739112421217,35.10507235145331,77.031204,17279999.49531555,0.021633668,-0.022553118,72.93199
24.53985505838052,35.14492730981283,78.72631,8380800.095272064,-0.0054125916,0.012849508,72.72122
24.423912946628306,35.16304383214723,83.815254,18316800.298690796,0.0014219601,-0.022198612,71.248566
24.202898613755877,35.17753635462667,82.22561,9676799.454116821,0.027041808,-0.013480766,70.88462
24.271739312019278,35.0833337340226,74.97577,17366400.293540955,0.020269254,-0.020990847,72.77895
24.068840433535758,35.050724689208764,75.1399,1641599.9465703964,-0.039527148,-0.019221278,72.381454
24.423912946628306,35.16304383214723,83.815254,18403200.0,0.0011378024,-0.022031551,71.24528
24.521739153231497,35.18115965909355,80.50853,11231999.562263489,0.01279143,-0.017965408,72.22208
24.369565205050215,35.10507235145331,81.59638,14687999.680709839,0.020361686,-0.019282578,71.31927
24.373188532413735,34.85507217391305,83.68782,2678400.0643730164,-0.03347213,0.0036394745,71.69543
24.40579722439643,35.07608730649443,81.130585,12527999.469566345,0.023615168,-0.024607355,71.71894
24.5036234048686,34.94565269942081,84.86278,15120000.381088257,0.027379204,-0.046795607,72.55672
24.293478074173446,35.130434424522214,78.52256,14428799.479866028,0.015653696,-0.018664798,71.916985
24.40579730278949,34.98550712868071,82.545616,15206400.082397461,0.015464016,-0.041732818,71.75984
24.152173912100075,34.942029039701325,85.189964,11404800.061798096,0.031526208,-0.014844514,71.59889
24.171296292717127,35.10648163098043,78.049835,10627199.459266663,0.015576752,-0.02283608,72.34854
24.003623304347823,35.192029209683014,80.788605,9676799.454116821,0.025991308,-0.0041730627,70.5003
24.62318819070881,35.09782625650204,81.14894,8553600.046348572,-0.005077757,0.016159289,72.49844
24.782608584568965,35.06521774078783,85.492004,5011200.226593018,-0.024491305,0.0035681212,73.04804
24.75362311542571,35.148550251468535,82.31272,6566399.786281586,-0.018825116,0.011206445,73.174995
24.141304256647267,35.05072417522627,80.839714,12873600.46863556,0.027881054,-0.020169327,70.75169
24.202898613755877,35.17753635462667,82.22561,345600.00498890877,-0.043053113,-0.052387618,71.808945
24.06159400092239,35.235507653915,77.223785,13737599.675559998,0.048101127,-0.037484057,71.47442
24.619565229179578,35.18478278215484,82.255135,11059200.15964508,0.020010233,-0.021551402,72.45086
24.442029139218562,35.043478080275,76.86345,17798399.897003174,0.010302071,-0.017460896,73.258446
24.528985389862203,35.079710263267266,73.800804,13305600.072097778,0.033384323,-0.019543523,72.95519
24.471014503837736,35.137681214861566,84.09494,12700799.969100952,0.019352747,-0.026624938,71.85805
24.55072462237475,35.07608730649443,88.70044,5011200.226593018,-0.019247578,-0.010700857,72.51011
24.278985653174068,35.159420527680346,80.15937,2851200.015449524,-0.07629488,-0.03143748,71.35034
24.16304339770124,35.14130418675153,77.183464,10972800.458335876,0.02187834,-0.015987795,73.04796
24.409420185925658,35.126811301460926,78.58091,2159999.936914444,-0.013908768,-0.013234224,72.517265
24.152173912100075,34.942029039701325,85.189964,8380800.095272064,-0.0026337467,0.008445727,70.724304
24.579710091518006,35.06884069756067,84.24473,12355200.066947937,0.024024155,-0.014731199,72.10454
24.40579722439643,35.07608730649443,81.130585,6134400.182819366,-0.0054794457,-0.010257436,71.58615
24.3913043591697,35.05434799367564,86.750465,15551999.984550476,0.021877496,-0.021292167,71.60078
24.340579735906957,35.22101461745307,78.71513,18403200.0,0.00015333854,-0.024805693,71.266045
24.358695745580064,35.14492749121842,79.46463,8467199.796581268,0.007164716,0.0074686925,72.19506
24.619565229179578,35.18478278215484,82.255135,8985600.19826889,0.020591618,-0.0138726365,72.51284
24.423912946628306,35.16304383214723,83.815254,2764800.03991127,-0.028039394,-0.0125222225,72.24539
24.293478074173446,35.130434424522214,78.52256,17539199.696159363,0.009230077,-0.0131460875,71.89398
24.423912946628306,35.16304383214723,83.815254,3283199.893140793,-0.025283834,-0.009862591,72.169624
24.659420157792983,35.13768139626715,82.9603,8899199.948501587,0.0085044075,0.005063258,72.74709
24.62318819070881,35.09782625650204,81.14894,11664000.262641907,0.013287414,-0.023903327,72.47877
24.60144921950647,34.9456523441682,85.40489,7862400.2420425415,-0.011690171,0.0075963386,72.25779
24.358695745580064,35.14492749121842,79.46463,11059200.15964508,0.015624547,-0.021213016,72.206
24.351449221508126,35.36231895652174,77.53338,18143999.79915619,0.022873107,-0.031115396,71.934456
24.576087129988778,34.96376817111452,80.53768,7603200.0411987305,-0.015807135,-0.003811175,71.78484
24.409420185925658,35.126811301460926,78.58091,5443199.830055237,-0.017466547,-0.011988115,72.408806
24.177536001617764,35.01449252133363,77.3516,12441599.768257141,0.018147722,-0.035298876,72.850365
24.880434869565217,35.11594208344836,73.60822,15811200.185394287,0.04487036,-0.0135589875,73.55162
24.586956589458925,35.03623181903528,81.050644,17798399.897003174,0.0032906458,-0.033407338,72.670456
24.242753659958876,34.931159481553294,83.59315,7689599.742507935,0.014993968,0.021231394,71.26327
24.40579722439643,35.07608730649443,81.130585,6912000.2368927,0.0069051953,-0.014712073,71.580215
24.3913043591697,35.05434799367564,86.750465,2246400.0495672226,-0.030537842,-0.02086257,71.52749
24.409420264318722,35.137681214861566,85.684586,7689599.742507935,-0.0066062696,0.012303727,72.06269
24.471014503837736,35.137681214861566,84.09494,12787199.670410156,0.019557504,-0.026394362,71.84887
24.57246390714934,35.13405809180027,82.83649,7257600.139045715,-0.01603263,0.00804559,72.42908
24.409420264318722,35.137681214861566,85.684586,3801600.0205993652,-0.0370154,-0.007237345,72.05627
24.152173912100075,34.942029039701325,85.189964,12441599.768257141,0.033276044,-0.010838227,71.90799
24.40579730278949,34.98550712868071,82.545616,18057600.097846985,-0.0031719804,-0.0412186,72.16121
24.409420342711783,35.02898555779556,73.23672,432000.01480579376,0.002806535,0.013264111,72.87989
24.5036234048686,34.94565269942081,84.86278,4752000.025749207,-0.022755006,-0.0008594645,71.91238
24.43478277193275,35.06521686399416,78.38795,1296000.0444173813,-0.0076753497,-0.01533005,72.289894
24.24275355543479,35.275361916886446,83.709785,16934399.593162537,0.010921435,-0.038726375,70.62279
24.152173912100075,34.942029039701325,85.189964,18143999.79915619,0.0012623966,-0.033372827,72.3121
24.32608705359737,35.05434782738719,80.59564,4579200.074672699,-0.019783942,-0.025396137,71.63935
24.576087129988778,34.96376817111452,80.53768,4665599.775981903,-0.0312972,0.001789296,71.74968
24.731883987437246,34.999999998854186,80.17734,4233599.898290634,-0.033058867,0.00569963,71.86041
24.264492787947336,35.06521739309379,75.914215,3196799.917602539,-0.024641553,-0.01643438,73.18144
24.53985505838052,35.14492730981283,78.72631,16502399.989700317,0.016957749,-0.033895545,72.49967
24.731883987437246,34.999999998854186,80.17734,13996799.876403809,0.032275926,-0.002553545,73.07326
24.278985574781007,35.18478260074926,85.36457,9676799.454116821,0.024314156,-0.0120223425,71.58873
24.72463775080654,35.097825908808005,83.506035,5270399.878978729,-0.016947268,0.0066738226,73.03103
24.507246627708035,35.15217355593542,72.15966,14342399.778556824,0.032123506,-0.011678252,72.117
24.57608686867857,35.22463755910878,78.28966,18316800.298690796,0.0040209685,-0.022078814,72.60648
24.481884276880134,35.21376834109622,79.042,11404800.061798096,0.017220367,-0.022503233,72.60482
24.782608584568965,35.06521774078783,85.492004,6912000.2368927,-0.031311512,-0.00015517138,73.356384
24.731884091961334,34.88405773852335,82.62194,17798399.897003174,0.024748998,-0.00080168806,73.625725
24.365941903817713,35.11594190204278,77.940506,7516799.791431427,-0.02098413,-0.006422797,72.741974
24.518115930392057,35.170290078269815,76.7112,2159999.936914444,-0.035717793,0.0019985614,73.12985
24.068840433535758,35.17753635462667,82.62194,13305600.072097778,0.03734571,-0.012308102,69.98343
24.623188347494935,34.98550731008629,86.27349,14860800.180244446,0.04288718,-0.029747536,72.781494
24.24275355543479,35.275361916886446,83.709785,7775999.992275238,0.009708489,-0.0009111278,71.60254
24.40217392316393,35.07246365433351,77.73675,3542400.093984604,-0.020143213,-0.017452246,72.15488
24.369565205050215,35.10507235145331,81.59638,3715200.0450611115,-0.026124572,-0.012381567,71.681206
24.177536001617764,35.01449252133363,77.3516,11750399.96395111,0.017923761,-0.036730036,72.991425
24.85869584610084,35.31159408476158,76.05999,259199.99517202377,0.010710607,0.025376815,73.72638
24.40217392316393,35.07246365433351,77.73675,5788799.732208252,-0.023318285,-0.01129093,72.406494
24.369565205050215,35.10507235145331,81.59638,6998399.938201904,-0.011997307,-0.0151029695,71.33795
24.471014503837736,35.137681214861566,84.09494,6652800.036048889,-0.02402735,0.004096102,72.08151
24.409420264318722,35.137681214861566,85.684586,8380800.095272064,0.0021510255,0.00540358,72.051674
24.782608584568965,35.06521774078783,85.492004,2246400.0495672226,-0.010797879,0.0022835862,72.16089
24.728260869121893,35.15579704180788,79.23173,8035200.193119049,0.0027643759,0.018707512,72.92038
24.514492864338745,35.152173737341,77.98083,14601599.979400635,0.027532293,-0.025680838,72.62732
24.286231733018653,35.16304365074164,82.86601,11923200.463485718,0.025768962,-0.022935988,71.05347
24.608695560661264,35.210145036629335,80.071884,8726399.99742508,0.00723984,0.012033863,72.7135
24.17028990870767,35.119565206509655,75.23819,7343999.840354919,-0.012382584,0.007837092,74.62052
24.141304256647267,35.05072417522627,80.839714,691200.0099778175,-0.079113,-0.01784663,71.88976
24.518115930392057,35.170290078269815,76.7112,1123200.0247836113,-0.03847179,0.007372416,73.36519
24.16304339770124,35.14130418675153,77.183464,14860800.180244446,0.024620494,-0.013358826,72.11618
24.782608584568965,35.06521774078783,85.492004,6566399.786281586,-0.030729579,-0.00028584804,73.30239
24.15217408195171,35.09782609021359,90.079155,18057600.097846985,0.0093611535,-0.040256053,70.98922
24.264492787947336,35.06521739309379,75.914215,5443199.830055237,-0.024617871,0.0030383803,73.75006
24.068840433535758,35.17753635462667,82.62194,4233599.898290634,-0.040112652,-0.036785528,70.47682
24.800724541980035,35.0326085145684,80.91604,16502399.989700317,0.023371192,-0.006702371,72.98325
24.423912946628306,35.13405791039468,84.735344,10281599.557113647,0.021975799,-0.022286808,71.86102
24.068840433535758,35.17753635462667,82.62194,9590399.752807617,0.022799736,-0.024378957,70.0136
24.677536062942007,35.07971042955572,84.775665,13478399.474716187,0.021616666,-0.023413135,72.53181
24.880434869565217,35.11594208344836,73.60822,13737599.675559998,0.046383455,-0.005366778,73.44398
24.619565229179578,35.18478278215484,82.255135,6652800.036048889,0.008579508,-0.012752013,72.69237
24.340579657513896,35.072464168316,77.031204,6652800.036048889,-0.033262156,-0.017212119,73.08329
24.60144921950647,34.9456523441682,85.40489,10540799.757957458,0.02424727,-0.018702714,72.010284
24.268116089179838,35.07971042955572,81.07262,2332799.8879909515,-0.038921542,-0.005591357,71.60998
24.507246418659868,35.018115659512056,74.98295,3369599.8686790466,-0.020416522,-0.0056778137,72.222046
24.782608845879178,35.07246365433351,80.82854,17193599.794006348,0.004113443,0.008342186,72.74972
24.369565205050215,35.10507235145331,81.59638,17971200.39653778,0.0034332238,-0.02777286,71.5193
24.235507135886934,35.09782643790763,86.62735,12355200.066947937,0.025860345,-0.023339367,72.411415
24.409420342711783,35.02898555779556,73.23672,2332799.8879909515,-0.0146033075,-0.0034202095,73.00828
24.659420157792983,35.13768139626715,82.9603,7862400.2420425415,-0.0055911243,0.012322653,72.77334
24.60144921950647,34.9456523441682,85.40489,3715200.0450611115,-0.019652357,0.015720265,71.92662
24.33695651306752,35.26449269887389,75.24537,16329599.49016571,0.017561395,-0.026792949,72.51517
24.264492787947336,35.06521739309379,75.914215,15897599.886703491,0.011858377,-0.017646102,72.76361
24.49275373635028,35.04710138474188,79.64641,172800.00249445438,0.006338029,0.005263294,72.770096
24.85869584610084,35.31159408476158,76.05999,14601599.979400635,0.04203441,-0.012108464,71.97381
24.409420264318722,35.097825908808005,75.01247,16934399.593162537,0.017078072,-0.018022297,73.241234
24.880434869565217,35.11594208344836,73.60822,7775999.992275238,-0.017289845,0.021411367,73.489815
24.003623304347823,35.192029209683014,80.788605,13219200.370788574,0.03592874,-0.008863797,70.650955
24.278985653174068,35.159420527680346,80.15937,3196799.917602539,-0.076424524,-0.028784165,71.33841
24.655797039477626,35.09782643790763,82.953125,7775999.992275238,-2.1208078e-05,-0.0137850605,72.77528
24.340579735906957,35.22101461745307,78.71513,3369599.8686790466,-0.02847548,-0.021106714,72.42022
24.55434784521419,35.039855304907746,78.730316,9763200.252342224,0.016076887,-0.0112060215,72.523926
24.53985505838052,35.14492730981283,78.72631,9158400.149345398,0.005380038,0.003099705,72.75998
24.275362351941567,35.02173896397893,79.32639,4233599.898290634,-0.035840392,-0.018529186,72.13333
24.33695651306752,35.26449269887389,75.24537,3196799.917602539,-0.050856844,-0.04175494,73.400696
24.32608705359737,35.05434782738719,80.59564,12009600.164794922,0.020638583,-0.02459204,71.47554
24.822463669968496,35.11956556932083,79.471794,14601599.979400635,0.030541107,-0.016938593,72.7716
24.507246418659868,35.018115659512056,74.98295,7171199.889278412,-0.021288497,0.01259516,73.026505
24.423912946628306,35.16304383214723,83.815254,9417600.350189209,0.029407628,-0.018284155,71.847694
24.60144921950647,34.9456523441682,85.40489,12441599.768257141,0.032805327,-0.025568014,72.06022
24.2137679164399,35.101449394680465,78.1842,6998399.938201904,-0.005510699,-0.022309637,72.21811
24.409420185925658,35.126811301460926,78.58091,12182399.56741333,0.022200754,-0.018770536,72.54876
24.514492864338745,35.152173737341,77.98083,950400.0051498413,-0.012023864,0.0026144553,72.8731
24.235507135886934,35.09782643790763,86.62735,16934399.593162537,0.013041092,-0.029552741,71.41998
24.06159400092239,35.235507653915,77.223785,5270399.878978729,-0.031848118,-0.054500088,73.38233
24.72463775080654,35.097825908808005,83.506035,1382400.019955635,-0.0061149616,0.0026364215,72.49954
24.171296292717127,35.10648163098043,78.049835,5702400.030899048,-0.019852964,-0.022794837,72.11145
24.528985389862203,35.079710263267266,73.800804,16070400.386238098,0.024692075,-0.030409189,73.3759
24.15217408195171,35.09782609021359,90.079155,172800.00249445438,0.007849602,-0.043877244,70.98722
24.423912946628306,35.16304383214723,83.815254,8985600.19826889,0.03175755,-0.018059162,71.81115
24.278985653174068,35.159420527680346,80.15937,9417600.350189209,0.019833867,-0.014663493,71.7276
24.619565229179578,35.18478278215484,82.255135,12960000.169944763,0.018994376,-0.029305944,72.3076
24.49275373635028,35.04710138474188,79.64641,13910400.175094604,0.017472992,-0.018337486,72.51532
24.782608845879178,35.07246365433351,80.82854,3628800.0695228577,-0.03100613,-0.011498321,72.43761
24.503623143558386,34.916666955294566,80.479385,12873600.46863556,0.021979613,-0.00015090499,72.1435
24.35507260113369,35.04710138474188,76.478294,11664000.262641907,0.007394707,-0.022878466,73.51436
24.85869584610084,35.31159408476158,76.05999,14428799.479866028,0.04250756,-0.011373013,72.01241
24.171296292717127,35.10648163098043,78.049835,13478399.474716187,0.02449044,-0.016294328,71.894844
24.525362323808892,35.01449270273921,80.76379,1468799.9954938889,-0.00331226,0.010546072,72.49824
24.15217408195171,35.09782609021359,90.079155,10799999.95880127,0.033457033,-0.015569067,73.21288
24.275362351941567,35.02173896397893,79.32639,14342399.778556824,0.022920705,-0.0241824,71.658264
24.17028990870767,35.119565206509655,75.23819,1468799.9954938889,-0.040219493,-0.038550712,73.87435
24.068840433535758,35.050724689208764,75.1399,9417600.350189209,-0.004503293,-0.023208817,74.9508
24.60144921950647,34.9456523441682,85.40489,18143999.79915619,0.015291162,-0.037859045,73.03527
24.268116089179838,35.07971042955572,81.07262,9071999.899578094,-5.513616e-05,-0.01808582,71.00253
24.608695560661264,35.210145036629335,80.071884,3542400.093984604,-0.029128196,0.005134573,73.095505
24.49275373635028,35.04710138474188,79.64641,5443199.830055237,-0.029017916,-0.0042364094,72.038895
24.409420264318722,35.097825908808005,75.01247,3196799.917602539,-0.052507028,-0.007705856,72.99387
24.586956589458925,35.03623181903528,81.050644,1814400.0347614288,-0.002275182,-0.0030560251,72.42838
24.35507260113369,35.04710138474188,76.478294,1468799.9954938889,-0.010651393,-0.009933876,72.50012
24.677536062942007,35.07971042955572,84.775665,1900800.0102996826,-0.018943923,0.004085241,72.69304
24.619565229179578,35.18478278215484,82.255135,11145599.860954285,0.019774223,-0.022023024,72.44373
24.576087129988778,34.96376817111452,80.53768,16675200.489234924,0.01567674,-0.020530825,73.06927
24.55072462237475,35.07608730649443,88.70044,8553600.046348572,-0.0010150764,-0.023803039,72.3374
24.293478074173446,35.130434424522214,78.52256,16243199.788856506,0.007371623,-0.019100996,71.80496
24.340579657513896,35.072464168316,77.031204,5270399.878978729,-0.031842403,-0.020658744,72.734985
24.47463793572534,35.15579704180788,74.131996,10627199.459266663,0.02322292,-0.027336588,73.04295
24.409420264318722,35.137681214861566,85.684586,5875199.981975555,-0.023787105,0.010130683,72.101
24.49275373635028,35.04710138474188,79.64641,6739199.737358093,-0.025910033,-0.0037982762,72.04261
24.43478251062254,35.050724689208764,81.254395,8899199.948501587,0.0035590306,0.005036461,71.78998
24.177536001617764,35.01449252133363,77.3516,9071999.899578094,0.0026500896,-0.03836672,73.445496
24.336956356281394,35.12681217825459,78.56935,17020800.39138794,-0.0060771853,-0.00035251305,71.92068
24.43478251062254,35.050724689208764,81.254395,16329599.49016571,0.014039826,-0.02764322,71.82431
24.40217392316393,35.07246365433351,77.73675,15638399.68585968,0.013092234,-0.0111600645,72.627556
24.40579730278949,34.98550712868071,82.545616,1728000.059223175,-0.024878366,-0.00037911534,71.982086
24.373188349496587,35.09782609021359,73.044136,16588799.691009521,0.019604458,-0.035841845,73.09843
24.75362311542571,35.148550251468535,82.31272,12960000.169944763,0.013824496,-0.024684398,72.6406
24.57246390714934,35.13405809180027,82.83649,8208000.144195557,0.001819497,0.011114032,72.34577
24.423912946628306,35.16304383214723,83.815254,5702400.030899048,-0.002813017,-0.013930319,71.97763
24.507246627708035,35.15217355593542,72.15966,8639999.747657776,0.010553926,-0.0008015968,72.65123
24.43478251062254,35.050724689208764,81.254395,10281599.557113647,0.01682063,-0.014996281,71.85158
24.351449221508126,35.36231895652174,77.53338,1209599.9317646027,-0.07271492,-0.06923052,72.1165
24.822463669968496,35.11956556932083,79.471794,5529600.07982254,-0.0041014217,0.020692151,72.9486
24.518115930392057,35.170290078269815,76.7112,777599.9855160713,-0.038502946,0.010356825,73.44188
24.409420264318722,35.097825908808005,75.01247,3628800.0695228577,-0.051449433,-0.0050765593,72.98413
24.55072462237475,35.07608730649443,88.70044,16588799.691009521,0.0193087,-0.038706556,72.168274
24.579710091518006,35.06884069756067,84.24473,12960000.169944763,0.024738062,-0.014280504,72.05094
24.3913043591697,35.05434799367564,86.750465,10627199.459266663,0.027809164,-0.0005587172,72.20969
24.3913043591697,35.05434799367564,86.750465,18403200.0,-0.01177072,-0.018708793,71.382454
24.340579657513896,35.072464168316,77.031204,12182399.56741333,0.014368411,-0.012689823,73.1992
24.623188347494935,34.98550731008629,86.27349,4665599.775981903,-0.021328388,-0.0030787624,72.31884
24.49275373635028,34.95652190987481,78.13308,8467199.796581268,-0.01434364,0.0050128093,72.4357
24.358695745580064,35.14492749121842,79.46463,17452799.99485016,0.001207279,-0.017210023,71.69442
24.880434869565217,35.11594208344836,73.60822,7084800.187969208,-0.01991309,0.02130047,73.43265
24.800724541980035,35.0326085145684,80.91604,12009600.164794922,0.036323376,0.009866327,72.766266
24.822463669968496,35.11956556932083,79.471794,14687999.680709839,0.030145928,-0.017628213,72.77585
24.33695651306752,35.26449269887389,75.24537,345600.00498890877,-0.0728278,-0.029327536,73.19404
24.351449221508126,35.36231895652174,77.53338,1814400.0347614288,-0.06185598,-0.06480319,72.46103
24.286231733018653,35.16304365074164,82.86601,7862400.2420425415,0.021271301,-0.023168126,71.00423
24.481884276880134,35.21376834109622,79.042,11923200.463485718,0.018927349,-0.02214692,72.543465
24.677536062942007,35.07971042955572,84.775665,12095999.866104126,0.013731953,-0.026031671,72.58966
24.2137679164399,35.101449394680465,78.1842,6047999.933052063,-0.0063113105,-0.028899739,72.09661
24.481884276880134,35.21376834109622,79.042,9590399.752807617,0.014431635,-0.0067409445,72.79608
24.471014503837736,35.137681214861566,84.09494,13305600.072097778,0.020028187,-0.024830593,71.79756
24.521739153231497,35.18115965909355,80.50853,17193599.794006348,0.009441563,-0.022806877,71.72254
24.24275355543479,35.275361916886446,83.709785,18057600.097846985,0.0025982708,-0.039617494,70.53088
24.514492864338745,35.152173737341,77.98083,3628800.0695228577,-0.021953339,0.0045265537,72.58906
24.5036234048686,34.94565269942081,84.86278,10108800.15449524,0.022086805,-0.020138102,72.3446
24.409420264318722,35.097825908808005,75.01247,2592000.0888347626,-0.052882627,-0.011533845,73.01908
24.152173912100075,34.942029039701325,85.189964,6047999.933052063,-0.036214456,-0.008607868,70.65264
24.57246390714934,35.13405809180027,82.83649,5270399.878978729,-0.026598917,-0.005239295,72.60455
24.576087129988778,34.96376817111452,80.53768,3542400.093984604,-0.027837323,-0.006653808,71.8288
24.442029139218562,35.043478080275,76.86345,17625600.494384766,0.010735412,-0.01774987,73.25879
24.35507260113369,35.04710138474188,76.478294,5788799.732208252,-0.032531597,-0.026970511,72.97137
24.75362311542571,35.148550251468535,82.31272,11836799.665260315,0.0067910645,-0.02066697,72.776794
24.62318819070881,35.09782625650204,81.14894,1555199.9710321426,-0.007252224,0.012407748,72.717285
24.340579657513896,35.072464168316,77.031204,17884799.598312378,0.006481601,-0.01611392,72.75921
24.62318819070881,35.09782625650204,81.14894,8726399.99742508,-0.0022457466,0.014941452,72.50802
24.409420264318722,35.137681214861566,85.684586,12441599.768257141,0.021544969,-0.013420977,71.93515
24.264492787947336,35.06521739309379,75.914215,3023999.9665260315,-0.024315732,-0.017326452,73.152954
24.17028990870767,35.119565206509655,75.23819,14428799.479866028,0.018904753,-0.01168886,72.84982
24.278985574781007,35.18478260074926,85.36457,16588799.691009521,0.0052685514,-0.022361645,70.8527
24.365941903817713,35.11594190204278,77.940506,9763200.252342224,0.0019297488,-0.010208862,72.86774
24.800724541980035,35.0326085145684,80.91604,4838399.727058411,-0.029398406,-0.011867302,72.41029
24.43478277193275,35.06521686399416,78.38795,15897599.886703491,0.015877567,-0.013580667,72.5988
24.49275373635028,35.04710138474188,79.64641,17193599.794006348,-0.0004137028,-0.020739732,72.66834
24.608695560661264,35.210145036629335,80.071884,1036799.9806880951,-0.034970067,-0.0028639175,72.90672
24.75362311542571,35.148550251468535,82.31272,9244799.850654602,0.006031138,0.0032468922,73.17057
24.55072462237475,35.07608730649443,88.70044,2246400.0495672226,-0.009578625,-0.017642995,71.907036
24.55434784521419,35.039855304907746,78.730316,3628800.0695228577,-0.016828345,-0.0016274359,72.01536
24.373188349496587,35.09782609021359,73.044136,12095999.866104126,0.018505689,-0.029537221,73.15873
24.15217408195171,35.09782609021359,90.079155,3456000.11844635,-0.021367447,-0.049219072,71.93491
24.2137679164399,35.101449394680465,78.1842,13996799.876403809,0.02479505,-0.021486463,71.875534
24.340579657513896,35.072464168316,77.031204,14428799.479866028,0.021557141,-0.008541372,72.75237
24.521739153231497,35.18115965909355,80.50853,1209599.9317646027,0.0067164125,-0.009897005,72.85958
24.177536001617764,35.01449252133363,77.3516,2332799.8879909515,-0.022075636,-0.015848424,72.479126
24.626811465810288,35.05797113185407,83.9315,4060799.9472141266,-0.023620615,0.005643541,72.55538
24.49275373635028,35.04710138474188,79.64641,2764800.03991127,-0.021039328,-0.0029339287,72.21877
24.75362311542571,35.148550251468535,82.31272,12787199.670410156,0.012509806,-0.024441278,72.65878
24.152173912100075,34.942029039701325,85.189964,15811200.185394287,0.018332109,-0.02739936,72.429855
24.06159400092239,35.235507653915,77.223785,15897599.886703491,0.03539821,-0.041927114,71.18778
24.822463669968496,35.11956556932083,79.471794,17366400.293540955,0.02124094,-0.03245143,73.05641
24.822463669968496,35.11956556932083,79.471794,9590399.752807617,0.0122898035,-0.0045707766,72.60364
24.521739153231497,35.18115965909355,80.50853,5615999.781131744,-0.0007450264,-0.012894524,72.49738
24.235507135886934,35.09782643790763,86.62735,13996799.876403809,0.0300089,-0.024691405,72.16925
24.43478277193275,35.06521686399416,78.38795,12095999.866104126,0.020271657,-0.0047070514,72.64374
24.293478074173446,35.130434424522214,78.52256,6652800.036048889,-0.015700562,-0.023895336,72.15441
24.33695651306752,35.26449269887389,75.24537,12355200.066947937,0.014756268,-0.02629215,74.50309
24.235507135886934,35.09782643790763,86.62735,12614400.267791748,0.026340595,-0.023816971,72.39812
24.278985653174068,35.159420527680346,80.15937,6912000.2368927,-0.016327428,-0.02691939,71.553154
24.40217392316393,35.07246365433351,77.73675,13046399.871253967,0.023362035,-0.008480761,72.77034
24.503623143558386,34.916666955294566,80.479385,15206400.082397461,0.014877206,-0.007881282,72.59497
24.471014503837736,35.137681214861566,84.09494,16070400.386238098,0.0026568193,-0.031121759,71.60482
24.782608584568965,35.06521774078783,85.492004,864000.0296115875,0.007997484,0.0022051455,71.9687
24.409420185925658,35.126811301460926,78.58091,1987199.9858379364,-0.011862939,-0.013860727,72.54012
24.47463793572534,35.15579704180788,74.131996,1900800.0102996826,-0.013900781,-0.012016701,73.73151
24.60144921950647,34.9456523441682,85.40489,4319999.873828888,-0.018893393,0.0153633,71.847176
24.55072462237475,35.07608730649443,88.70044,17884799.598312378,0.019148408,-0.03922993,72.0618
24.576087129988778,34.96376817111452,80.53768,17452799.99485016,0.013970541,-0.025833497,73.201035
24.32608705359737,35.05434782738719,80.59564,86400.00124722719,-0.03141153,-0.02337456,72.179665
24.55072462237475,35.07608730649443,88.70044,13824000.4737854,0.033255212,-0.02072697,71.93901
24.623188347494935,34.98550731008629,86.27349,12268800.365638733,0.03639089,-0.017746666,72.37119
24.24275355543479,35.275361916886446,83.709785,6134400.182819366,-0.026072634,-0.03703051,71.88073
24.286231733018653,35.16304365074164,82.86601,1209599.9317646027,0.024871834,-0.016667053,71.850006
24.52536253285706,35.05797113185407,79.99595,13046399.871253967,0.020698177,-0.022348242,72.55174
24.507246627708035,35.15217355593542,72.15966,15120000.381088257,0.023929344,-0.01682245,72.274635
24.49275373635028,34.95652190987481,78.13308,8985600.19826889,-0.012381861,-0.0027836468,72.50298
24.423912946628306,35.13405791039468,84.735344,16847999.891853333,0.0013103839,-0.03343396,71.4915
24.55072462237475,35.07608730649443,88.70044,6912000.2368927,0.007278761,-0.013475655,72.54888
24.442029139218562,35.043478080275,76.86345,10540799.757957458,0.0019706097,-0.028719882,73.11719
24.49275373635028,34.95652190987481,78.13308,6566399.786281586,-0.030487744,0.010210363,72.38627
24.880434869565217,35.11594208344836,73.60822,8035200.193119049,-0.010929855,0.019536577,73.5246
24.731884091961334,34.88405773852335,82.62194,7689599.742507935,-0.010715986,0.018130424,71.23
24.731884091961334,34.88405773852335,82.62194,10886399.660110474,0.026820483,-0.008991446,71.404785
24.177536001617764,35.01449252133363,77.3516,4319999.873828888,-0.031568296,-0.026216907,72.85527
24.293478074173446,35.130434424522214,78.52256,13564800.27294159,0.017240511,-0.018249622,71.9966
24.782608845879178,35.07246365433351,80.82854,259199.99517202377,0.010571465,0.0036847377,72.23626
24.55434784521419,35.039855304907746,78.730316,11923200.463485718,0.02245084,-0.013357956,72.91595
24.40217392316393,35.07246365433351,77.73675,16934399.593162537,0.0011855308,-0.0050064586,72.73925
24.271739312019278,35.0833337340226,74.97577,11923200.463485718,0.014347104,-0.012726778,74.0466
24.481884276880134,35.21376834109622,79.042,18316800.298690796,-0.022473244,-0.016713476,71.88449
24.242753659958876,34.931159481553294,83.59315,5529600.07982254,-0.022450289,-0.00047987793,71.216545
24.242753659958876,34.931159481553294,83.59315,7343999.840354919,0.01207583,0.019218728,71.29071
24.442029139218562,35.043478080275,76.86345,6134400.182819366,-0.028538415,-0.01860051,72.47562
24.271739312019278,35.0833337340226,74.97577,345600.00498890877,-0.059345365,0.009081578,73.495865
24.60144921950647,34.9456523441682,85.40489,1209599.9317646027,0.009390573,0.004049658,71.99627
24.503623143558386,34.916666955294566,80.479385,3542400.093984604,-0.03414563,-0.026879037,72.08153
24.275362351941567,35.02173896397893,79.32639,9676799.454116821,0.010248713,-0.025037857,72.089294
24.49275373635028,34.95652190987481,78.13308,15379199.48501587,0.0037737042,-0.00045042112,73.33468
24.503623143558386,34.916666955294566,80.479385,16934399.593162537,-0.006174229,-0.0017948411,73.048035
24.373188532413735,34.85507217391305,83.68782,1468799.9954938889,-0.015097892,0.013865249,71.576324
24.24275355543479,35.275361916886446,83.709785,8553600.046348572,0.02524148,0.0077383486,71.446
24.72463775080654,35.097825908808005,83.506035,5702400.030899048,-0.01420231,0.008426111,73.05111
24.242753659958876,34.931159481553294,83.59315,15983999.588012695,0.009477459,-0.034924723,71.87767
24.15217408195171,35.09782609021359,90.079155,7171199.889278412,0.023243075,-0.018719679,72.68924
24.659420157792983,35.13768139626715,82.9603,6912000.2368927,-0.011757163,0.011741695,72.82554
24.655797039477626,35.09782643790763,82.953125,15206400.082397461,0.023456138,-0.029221764,72.501076
24.2137679164399,35.101449394680465,78.1842,345600.00498890877,0.0141368685,-0.015210735,72.206696
24.235507135886934,35.09782643790763,86.62735,9935999.654960632,0.011274165,-0.024822323,72.2797
24.518115930392057,35.170290078269815,76.7112,6566399.786281586,-0.020415926,-0.0025645755,72.655556
24.507246627708035,35.15217355593542,72.15966,11145599.860954285,0.023459472,-0.01560498,72.20947
24.55072462237475,35.07608730649443,88.70044,11231999.562263489,0.021453789,-0.023609838,72.149574
24.782608584568965,35.06521774078783,85.492004,9590399.752807617,0.015522907,0.002075294,73.266975
24.358695745580064,35.14492749121842,79.46463,16243199.788856506,0.006321336,-0.022057706,71.597824
24.268116089179838,35.07971042955572,81.07262,5184000.177669525,-0.040016457,-0.020112162,71.32878
24.340579735906957,35.22101461745307,78.71513,2419199.8635292053,-0.02325503,-0.02751877,72.546455
24.141304256647267,35.05072417522627,80.839714,15292799.783706665,0.020999394,-0.029985318,71.06391
24.43478277193275,35.06521686399416,78.38795,14774400.478935242,0.02045728,0.00017652102,72.490456
24.134057993885538,35.130434787333385,80.741425,15033599.582862854,0.025265815,-0.0035688803,70.86313
24.423912946628306,35.16304383214723,83.815254,3542400.093984604,-0.023899047,-0.008762192,72.13823
24.60144921950647,34.9456523441682,85.40489,17798399.897003174,0.017477259,-0.038594782,73.06116
24.365941903817713,35.11594190204278,77.940506,10540799.757957458,0.010411216,-0.016380273,72.82718
24.659420157792983,35.13768139626715,82.9603,13737599.675559998,0.026374042,-0.022702204,72.48012
24.731883987437246,34.999999998854186,80.17734,4838399.727058411,-0.03508752,0.005162251,71.91098
24.423912946628306,35.16304383214723,83.815254,4406400.123596191,-0.018289188,-0.0078282505,72.056435
24.264492787947336,35.06521739309379,75.914215,2332799.8879909515,-0.023237152,-0.018008793,73.09405
24.619565229179578,35.18478278215484,82.255135,11318400.360488892,0.019353446,-0.02292688,72.42932
24.423912946628306,35.16304383214723,83.815254,11491199.7631073,0.020806981,-0.027746884,71.83215
24.278985574781007,35.18478260074926,85.36457,1036799.9806880951,-0.075060286,-0.030926513,71.720276
24.33695651306752,35.26449269887389,75.24537,17971200.39653778,0.013372267,-0.032813206,72.252205
24.369565205050215,35.10507235145331,81.59638,15379199.48501587,0.014130101,-0.021988647,71.27022
24.782608845879178,35.07246365433351,80.82854,3456000.11844635,-0.030454474,-0.011596257,72.431015
24.471014503837736,35.137681214861566,84.09494,1296000.0444173813,-0.0054702163,-0.011311941,72.69418
24.471014503837736,35.137681214861566,84.09494,17712000.19569397,-0.014465181,-0.024387559,71.49534
24.782608845879178,35.07246365433351,80.82854,8380800.095272064,0.0022831578,0.01295708,72.70283
24.369565205050215,35.10507235145331,81.59638,13391999.773406982,0.028198544,-0.018876439,71.441315
24.728260869121893,35.15579704180788,79.23173,3887999.996137619,-0.023905864,0.0076193316,73.09139
24.271739312019278,35.0833337340226,74.97577,14774400.478935242,0.02811698,-0.012413884,72.99127
24.72463775080654,35.097825908808005,83.506035,16502399.989700317,0.018978396,-0.040769733,72.494255
24.619565229179578,35.18478278215484,82.255135,15983999.588012695,0.009977536,-0.036692746,71.87621
24.134057993885538,35.130434787333385,80.741425,12009600.164794922,0.024020085,-0.0063536633,70.57033
24.340579735906957,35.22101461745307,78.71513,11231999.562263489,0.018148905,-0.026947422,72.604004
24.53985505838052,35.14492730981283,78.72631,8035200.193119049,-0.009898946,0.015617027,72.69054
24.003623304347823,35.192029209683014,80.788605,3456000.11844635,-0.07166893,-0.072010405,70.59796
24.72463775080654,35.097825908808005,83.506035,16156800.087547302,0.02124635,-0.03886365,72.5547
24.2137679164399,35.101449394680465,78.1842,10108800.15449524,0.016512286,-0.0119843725,72.46192
24.43478277193275,35.06521686399416,78.38795,13910400.175094604,0.02097854,0.00635642,72.502106
24.503623143558386,34.916666955294566,80.479385,6393599.835205078,-0.0271259,-0.008405894,71.87263
24.800724541980035,35.0326085145684,80.91604,12700799.969100952,0.037133027,0.014976831,72.862045
24.40217392316393,35.07246365433351,77.73675,17625600.494384766,-0.003433086,0.001445164,72.77985
24.518115930392057,35.170290078269815,76.7112,9071999.899578094,0.011039236,-0.008704817,72.88426
24.62318819070881,35.09782625650204,81.14894,2592000.0888347626,-0.022688685,0.011180392,72.571594
24.282608510179216,35.10869565592019,73.044136,6566399.786281586,-0.03906209,-0.007252084,73.41904
24.60144921950647,34.9456523441682,85.40489,11491199.7631073,0.027886642,-0.023765499,71.97755
24.655797039477626,35.09782643790763,82.953125,13996799.876403809,0.02216704,-0.02597992,72.52677
24.358695745580064,35.14492749121842,79.46463,8639999.747657776,0.009095054,0.005685094,72.21538
24.202898613755877,35.17753635462667,82.22561,5184000.177669525,-0.045052372,-0.029364148,70.82084
24.177536001617764,35.01449252133363,77.3516,1641599.9465703964,-0.013723182,-0.019252533,72.39276
24.731884091961334,34.88405773852335,82.62194,12527999.469566345,0.030706313,-0.01126091,71.7033
24.579710091518006,35.06884069756067,84.24473,7257600.139045715,-0.015597986,0.0056664683,72.409904
24.60144921950647,34.9456523441682,85.40489,1728000.059223175,0.0018828735,0.0067577437,72.05863
24.586956589458925,35.03623181903528,81.050644,6220799.884128571,-0.019208198,0.0021294635,72.188515
24.471014503837736,35.137681214861566,84.09494,16847999.891853333,-0.004537875,-0.030763226,71.54795
24.358695745580064,35.14492749121842,79.46463,12009600.164794922,0.018815566,-0.021241704,72.09706
24.471014503837736,35.137681214861566,84.09494,3887999.996137619,-0.026180869,-0.009017944,72.26938
24.409420264318722,35.137681214861566,85.684586,15120000.381088257,0.023987284,-0.011315154,71.71571
24.409420185925658,35.126811301460926,78.58091,5875199.981975555,-0.012792977,-0.0123161115,72.40993
24.507246418659868,35.018115659512056,74.98295,18143999.79915619,-0.0059267674,-0.020335754,74.02004
24.202898613755877,35.17753635462667,82.22561,7430400.090122223,-0.0041553043,0.0036921687,70.73977
24.677536062942007,35.07971042955572,84.775665,16588799.691009521,0.014766211,-0.03608819,72.38651
24.141304256647267,35.05072417522627,80.839714,11836799.665260315,0.022192769,-0.022021098,70.64428
24.33695651306752,35.26449269887389,75.24537,3801600.0205993652,-0.04703851,-0.039835393,73.38099
24.17028990870767,35.119565206509655,75.23819,4579200.074672699,-0.028398184,-0.008817239,74.047134
24.365941903817713,35.11594190204278,77.940506,4924799.976825714,-0.027397359,-0.013048794,72.45354
24.880434869565217,35.11594208344836,73.60822,11231999.562263489,0.022758627,-0.017063063,73.67562
24.171296292717127,35.10648163098043,78.049835,1814400.0347614288,-0.045941748,-0.008832155,72.05343
24.06159400092239,35.235507653915,77.223785,4147199.9227523804,-0.053797394,-0.058822326,73.019745
24.282608510179216,35.10869565592019,73.044136,16675200.489234924,0.019796317,-0.02884944,72.74821
24.282608510179216,35.10869565592019,73.044136,8380800.095272064,-0.029938692,0.0030192472,73.774284
24.85869584610084,35.31159408476158,76.05999,10627199.459266663,0.028414927,-0.01657285,72.86868
24.16304339770124,35.14130418675153,77.183464,6998399.938201904,0.015862968,-0.024687828,73.03535
24.514492864338745,35.152173737341,77.98083,345600.00498890877,-0.013219075,0.008046732,73.046455
24.068840433535758,35.17753635462667,82.62194,950400.0051498413,-0.032747068,-0.015026879,71.75208
24.608695560661264,35.210145036629335,80.071884,11664000.262641907,0.017001657,-0.014478691,72.66376
24.152173912100075,34.942029039701325,85.189964,15724800.484085083,0.01900816,-0.027042026,72.431885
24.782608584568965,35.06521774078783,85.492004,6307200.133895874,-0.029361853,0.00049367454,73.25808
24.47463793572534,35.15579704180788,74.131996,864000.0296115875,-0.011495234,0.0049858997,73.594376
24.521739153231497,35.18115965909355,80.50853,9071999.899578094,0.0074506784,0.011855051,72.346504
24.57608686867857,35.22463755910878,78.28966,9331199.551963806,0.0070673153,-0.0033616778,72.84565
24.659420157792983,35.13768139626715,82.9603,17193599.794006348,0.014719298,-0.035841227,72.08483
24.579710091518006,35.06884069756067,84.24473,18230399.500465393,-0.010460867,0.0013305396,72.08666
24.5036234048686,34.94565269942081,84.86278,4406400.123596191,-0.023594478,-0.00384669,71.92213
24.731883987437246,34.999999998854186,80.17734,5529600.07982254,-0.034481123,0.0049440255,71.968445
24.655797039477626,35.09782643790763,82.953125,12873600.46863556,0.018550953,-0.024162961,72.5434
24.409420264318722,35.097825908808005,75.01247,5356800.128746033,-0.047761664,0.0004779445,73.05476
24.282608510179216,35.10869565592019,73.044136,15033599.582862854,0.024986299,-0.017278185,72.81124
24.409420264318722,35.097825908808005,75.01247,7948799.943351746,-0.013513772,0.014542112,73.56595
24.579710091518006,35.06884069756067,84.24473,86400.00124722719,-0.023287496,0.0077414988,72.581154
24.72463775080654,35.097825908808005,83.506035,3801600.0205993652,-0.024380302,-0.00013995823,72.865776
24.16304339770124,35.14130418675153,77.183464,4060799.9472141266,-0.03144461,-0.042811483,72.872505
24.49275373635028,34.95652190987481,78.13308,6998399.938201904,-0.025450906,0.012987191,72.386986
24.518115930392057,35.170290078269815,76.7112,8639999.747657776,0.0044910256,-0.006687207,72.8631
24.351449221508126,35.36231895652174,77.53338,2851200.015449524,-0.046078347,-0.054870203,72.88515
24.15942034471344,35.02536261613985,84.04098,7430400.090122223,0.005394997,-0.034767635,70.71547
24.2137679164399,35.101449394680465,78.1842,3801600.0205993652,-0.014978973,-0.025221122,72.19813
24.286231733018653,35.16304365074164,82.86601,2851200.015449524,-0.00096333027,-0.028597994,71.27857
24.641304357168043,34.938405387540406,81.3883,4492800.099134445,-0.020230012,-0.011550043,71.51257
24.43478251062254,35.050724689208764,81.254395,3715200.0450611115,-0.017606663,-0.012058394,71.97544
24.579710091518006,35.06884069756067,84.24473,10627199.459266663,0.021768285,-0.017033702,72.413246
24.40217392316393,35.07246365433351,77.73675,13910400.175094604,0.025176024,-0.0036093742,72.6644
24.728260869121893,35.15579704180788,79.23173,2419199.8635292053,-0.0205155,0.0023975074,72.9916
24.623188347494935,34.98550731008629,86.27349,13651199.974250793,0.044354226,-0.02272621,72.521866
24.15942034471344,35.02536261613985,84.04098,18230399.500465393,0.01194825,-0.03699982,71.91036
24.177536001617764,35.01449252133363,77.3516,7257600.139045715,-0.017819958,-0.03962162,73.38057
24.528985389862203,35.079710263267266,73.800804,6307200.133895874,-0.057214774,-0.02173425,72.60766
24.40217392316393,35.07246365433351,77.73675,13132799.572563171,0.023625478,-0.0077955276,72.76029
24.278985653174068,35.159420527680346,80.15937,7516799.791431427,-0.008105431,-0.024534298,71.62588
24.409420185925658,35.126811301460926,78.58091,3887999.996137619,-0.024578175,-0.007578954,72.441895
24.507246627708035,35.15217355593542,72.15966,9590399.752807617,0.017840087,-0.011731664,72.545525
24.626811465810288,35.05797113185407,83.9315,9158400.149345398,0.009682198,0.004480089,72.58935
24.626811465810288,35.05797113185407,83.9315,18403200.0,0.0186001,-0.021050742,72.25977
24.409420185925658,35.126811301460926,78.58091,18403200.0,0.022270845,-0.027034597,72.176025
24.365941903817713,35.11594190204278,77.940506,1382400.019955635,-0.029154593,-0.007583987,72.65556
24.503623143558386,34.916666955294566,80.479385,1814400.0347614288,-0.010188447,-0.021077393,72.12499
24.85869584610084,35.31159408476158,76.05999,12355200.066947937,0.039248787,-0.012642318,72.41545
24.282608510179216,35.10869565592019,73.044136,10195199.855804443,-0.00290934,-0.004519306,73.80756
24.32608705359737,35.05434782738719,80.59564,9849599.953651428,0.012014033,-0.029577726,71.56277
24.3985509616347,35.079710263267266,82.39983,14601599.979400635,0.027346741,-0.021808678,71.389145
24.659420157792983,35.13768139626715,82.9603,16761600.190544128,0.018327486,-0.03605497,72.168465
24.49275373635028,35.04710138474188,79.64641,14687999.680709839,0.015945997,-0.020824036,72.535675
24.43478251062254,35.050724689208764,81.254395,17452799.99485016,0.0075663,-0.029511953,72.11674
24.06159400092239,35.235507653915,77.223785,14774400.478935242,0.04501181,-0.038242884,71.31514
24.52536253285706,35.05797113185407,79.99595,7948799.943351746,0.0034282207,-0.015499931,72.19819
24.286231733018653,35.16304365074164,82.86601,13391999.773406982,0.02681494,-0.020144036,70.90276
24.40579730278949,34.98550712868071,82.545616,1036799.9806880951,-0.017696152,0.007643632,71.86845
24.409420342711783,35.02898555779556,73.23672,2159999.936914444,-0.013001384,-0.0028536916,72.99636
24.3913043591697,35.05434799367564,86.750465,16329599.49016571,0.01708704,-0.023466198,71.58252
24.24275355543479,35.275361916886446,83.709785,4752000.025749207,-0.048116893,-0.055287033,72.029594
24.586956589458925,35.03623181903528,81.050644,8035200.193119049,-0.01064367,0.022131786,72.28762
24.507246418659868,35.018115659512056,74.98295,6652800.036048889,-0.027040867,0.008095402,72.88072
24.507246418659868,35.018115659512056,74.98295,8985600.19826889,0.0019535031,0.0045167822,73.17483
24.282608510179216,35.10869565592019,73.044136,3801600.0205993652,-0.047056586,-0.019158037,73.24791
24.3913043591697,35.05434799367564,86.750465,15120000.381088257,0.024685657,-0.018943457,71.607834
24.49275373635028,35.04710138474188,79.64641,2073599.9613761902,-0.012074018,0.00024934206,72.319695
24.293478074173446,35.130434424522214,78.52256,8553600.046348572,-0.0012218021,-0.00077048223,72.4165
24.586956589458925,35.03623181903528,81.050644,7430400.090122223,-0.013350083,0.018758843,72.23301
24.442029139218562,35.043478080275,76.86345,1900800.0102996826,-0.012856981,0.0007596621,72.10977
24.068840433535758,35.050724689208764,75.1399,15120000.381088257,0.010754298,-0.029595645,72.69956
24.282608510179216,35.10869565592019,73.044136,15811200.185394287,0.022630312,-0.025739336,72.717094
24.003623304347823,35.192029209683014,80.788605,14515200.27809143,0.033091847,-0.01581835,70.5494
24.576087129988778,34.96376817111452,80.53768,5270399.878978729,-0.03127446,0.0038314248,71.74158
24.518115930392057,35.170290078269815,76.7112,1814400.0347614288,-0.03698726,0.0027450742,73.20987
24.141304256647267,35.05072417522627,80.839714,9849599.953651428,0.0017173942,-0.022488086,70.51598
24.731883987437246,34.999999998854186,80.17734,2937599.9909877777,-0.027677828,0.004450661,71.845726
24.43478277193275,35.06521686399416,78.38795,11491199.7631073,0.020839196,-0.008731348,72.64582
24.586956589458925,35.03623181903528,81.050644,10627199.459266663,0.020108063,-0.010280866,72.41084
24.365941903817713,35.11594190204278,77.940506,3110399.9420642853,-0.029950136,-0.009679619,72.43511
24.623188347494935,34.98550731008629,86.27349,13737599.675559998,0.044492867,-0.023251968,72.536964
24.423912946628306,35.13405791039468,84.735344,11923200.463485718,0.02077779,-0.024385115,71.840965
24.782608584568965,35.06521774078783,85.492004,14774400.478935242,0.03352034,-0.02420394,72.94425
24.235507135886934,35.09782643790763,86.62735,4147199.9227523804,-0.026735755,-0.00058393646,71.16329
24.60144921950647,34.9456523441682,85.40489,691200.0099778175,0.013103712,0.0042672744,71.93357
24.373188532413735,34.85507217391305,83.68782,14774400.478935242,0.032664478,-0.050860696,71.915474
24.503623143558386,34.916666955294566,80.479385,17107200.092697144,-0.0075769126,0.0005118903,73.091774
24.171296292717127,35.10648163098043,78.049835,10368000.35533905,0.015607024,-0.022189876,72.34987
24.242753659958876,34.931159481553294,83.59315,1123200.0247836113,-0.02847273,-0.001189746,71.04899
24.619565229179578,35.18478278215484,82.255135,9158400.149345398,0.020789478,-0.013736453,72.514694
24.40579730278949,34.98550712868071,82.545616,14860800.180244446,0.01774462,-0.040808536,71.752335
24.33695651306752,35.26449269887389,75.24537,5184000.177669525,-0.03468831,-0.034358084,73.55675
24.423912946628306,35.13405791039468,84.735344,8812800.247192383,0.009188994,-0.0076693706,71.89881
24.53985505838052,35.14492730981283,78.72631,2246400.0495672226,-0.0023086201,0.012909479,72.69723
24.134057993885538,35.130434787333385,80.741425,3628800.0695228577,-0.07100793,-0.03643989,71.27397
24.409420264318722,35.097825908808005,75.01247,4233599.898290634,-0.050373457,-0.00253894,72.986725
24.53985505838052,35.14492730981283,78.72631,7430400.090122223,-0.015749572,0.017764054,72.63743
24.55072462237475,35.07608730649443,88.70044,6480000.084972382,0.0038594063,-0.011263555,72.600815
24.3985509616347,35.079710263267266,82.39983,10627199.459266663,0.017871285,-0.024494464,71.57924
24.518115930392057,35.170290078269815,76.7112,7775999.992275238,-0.009129163,-0.0063669644,72.78067
24.57608686867857,35.22463755910878,78.28966,14687999.680709839,0.026935318,-0.020191753,72.55078
24.579710091518006,35.06884069756067,84.24473,8294399.845504761,0.004144212,0.0065503255,72.45569
24.409420264318722,35.097825908808005,75.01247,8899199.948501587,0.0053447224,0.009983236,73.62235
24.068840433535758,35.050724689208764,75.1399,14860800.180244446,0.011774135,-0.028872965,72.78924
24.202898613755877,35.17753635462667,82.22561,259199.99517202377,-0.0429132,-0.052483477,71.83244
24.16304339770124,35.14130418675153,77.183464,8121599.894428253,0.021068709,-0.015324192,73.14541
24.880434869565217,35.11594208344836,73.60822,10627199.459266663,0.0198256,-0.013520133,73.74472
24.06159400092239,35.235507653915,77.223785,7171199.889278412,0.012483369,-0.043875933,73.40838
24.068840433535758,35.050724689208764,75.1399,9504000.051498413,-0.0027259402,-0.022575619,74.930405
24.278985653174068,35.159420527680346,80.15937,4147199.9227523804,-0.07212697,-0.02590874,71.38657
24.242753659958876,34.931159481553294,83.59315,15724800.484085083,0.010497521,-0.032894313,71.880714
24.579710091518006,35.06884069756067,84.24473,18143999.79915619,-0.010220246,0.00091232173,72.091034
24.641304357168043,34.938405387540406,81.3883,15983999.588012695,0.019730028,-0.030147979,73.063965
24.358695745580064,35.14492749121842,79.46463,9244799.850654602,0.013726557,-0.0012481809,72.26013
24.340579657513896,35.072464168316,77.031204,16329599.49016571,0.010623693,-0.021881742,72.68854
24.17028990870767,35.119565206509655,75.23819,1036799.9806880951,-0.044258974,-0.04111903,73.84387
24.264492787947336,35.06521739309379,75.914215,9763200.252342224,0.012386072,-0.0006731171,74.309845
24.15217408195171,35.09782609021359,90.079155,10454400.056648254,0.034081616,-0.012324346,73.12942
24.572463802625258,35.028985391507106,77.31845,4147199.9227523804,-0.028387671,0.0025681145,71.825005
24.46739112421217,35.10507235145331,77.031204,9763200.252342224,0.011637636,-0.00090321805,72.841644
24.659420157792983,35.13768139626715,82.9603,10454400.056648254,0.017064001,-0.011199316,72.697014
24.268116089179838,35.07971042955572,81.07262,2851200.015449524,-0.03935127,-0.010127503,71.51825
24.46739112421217,35.10507235145331,77.031204,2073599.9613761902,-0.0048225205,-0.009488562,72.58067
24.282608510179216,35.10869565592019,73.044136,14083199.577713013,0.025911432,-0.010541437,73.02109
24.586956589458925,35.03623181903528,81.050644,17279999.49531555,0.0060641738,-0.032401234,72.59845
24.55434784521419,35.039855304907746,78.730316,5875199.981975555,-0.023086084,-0.004596142,72.15744
24.623188347494935,34.98550731008629,86.27349,9244799.850654602,0.01793692,-0.0046092886,72.5301
24.608695560661264,35.210145036629335,80.071884,8639999.747657776,0.006786038,0.012703694,72.71044
24.336956356281394,35.12681217825459,78.56935,6047999.933052063,-0.02018206,-0.002277797,72.19313
24.85869584610084,35.31159408476158,76.05999,5356800.128746033,-0.022357589,0.016282445,74.07468
24.507246418659868,35.018115659512056,74.98295,7689599.742507935,-0.014784699,0.0147376275,73.13329
24.242753659958876,34.931159481553294,83.59315,6480000.084972382,-0.0032153595,0.011999363,71.28585
24.336956356281394,35.12681217825459,78.56935,17798399.897003174,-0.0070450567,0.004749814,71.98486
24.442029139218562,35.043478080275,76.86345,14169600.375938416,0.022877855,-0.015788926,73.2413
24.880434869565217,35.11594208344836,73.60822,6307200.133895874,-0.028470514,0.019230625,73.43083
24.51086948471318,35.141304337922854,75.965324,3887999.996137619,-0.027733808,0.0008185189,72.735374
24.373188349496587,35.09782609021359,73.044136,1728000.059223175,-0.01553276,0.0145437615,73.088776
24.525362323808892,35.01449270273921,80.76379,10281599.557113647,0.02147618,-0.005817376,72.145485
24.068840433535758,35.050724689208764,75.1399,10972800.458335876,0.016746357,-0.02283643,74.42159
24.134057993885538,35.130434787333385,80.741425,11318400.360488892,0.021658711,-0.009785224,70.606224
24.134057993885538,35.130434787333385,80.741425,10713600.257492065,0.021863714,-0.008056248,70.63362
24.409420342711783,35.02898555779556,73.23672,2764800.03991127,-0.018807052,-0.0035230033,73.0193
24.40217392316393,35.07246365433351,77.73675,12009600.164794922,0.020651184,-0.01635618,72.84516
24.423912946628306,35.16304383214723,83.815254,4924799.976825714,-0.013404952,-0.009516681,72.020096
24.3985509616347,35.079710263267266,82.39983,14169600.375938416,0.028790513,-0.021597026,71.41894
24.423912946628306,35.16304383214723,83.815254,9935999.654960632,0.026130456,-0.01992477,71.886
24.068840433535758,35.17753635462667,82.62194,7430400.090122223,0.0064485557,-0.02896077,70.034424
24.800724541980035,35.0326085145684,80.91604,17020800.39138794,0.013212746,-0.0064891465,73.04373
24.626811465810288,35.05797113185407,83.9315,13305600.072097778,0.030814193,-0.010702543,72.27534
24.340579735906957,35.22101461745307,78.71513,15983999.588012695,0.01030375,-0.024232084,71.71209
24.278985574781007,35.18478260074926,85.36457,864000.0296115875,-0.07473737,-0.03134063,71.74383
24.579710091518006,35.06884069756067,84.24473,17193599.794006348,-0.007627854,-0.009396384,72.14641
24.572463802625258,35.028985391507106,77.31845,12700799.969100952,0.018049432,-0.012543177,73.18144
24.880434869565217,35.11594208344836,73.60822,2764800.03991127,-0.036679745,-0.0038791113,73.6364
24.40217392316393,35.07246365433351,77.73675,1036799.9806880951,0.009641609,-0.0042312276,72.34233
24.141304256647267,35.05072417522627,80.839714,5961600.231742859,-0.04791084,-0.0075492356,70.19852
24.623188347494935,34.98550731008629,86.27349,7603200.0411987305,-0.008136097,0.009556617,72.53901
24.40217392316393,35.07246365433351,77.73675,6480000.084972382,-0.022885082,-0.0037109684,72.54069
24.728260869121893,35.15579704180788,79.23173,9849599.953651428,0.012056825,-0.0024471357,72.83107
24.659420157792983,35.13768139626715,82.9603,9331199.551963806,0.013196089,-0.0006159106,72.73963
24.003623304347823,35.192029209683014,80.788605,7948799.943351746,0.006989686,0.0099800965,70.24164
24.57246390714934,35.13405809180027,82.83649,12355200.066947937,0.022235885,-0.0214493,72.14428
24.423912946628306,35.13405791039468,84.735344,13824000.4737854,0.02539221,-0.025036475,71.68992
24.358695745580064,35.14492749121842,79.46463,4319999.873828888,-0.04381782,-0.0033479612,71.97603
24.40217392316393,35.07246365433351,77.73675,11059200.15964508,0.018576697,-0.018702725,72.857216
24.728260869121893,35.15579704180788,79.23173,10108800.15449524,0.013677839,-0.005695056,72.82132
24.365941903817713,35.11594190204278,77.940506,1900800.0102996826,-0.03012382,-0.011024304,72.555954
24.572463802625258,35.028985391507106,77.31845,18057600.097846985,-0.0027387328,-0.008092433,73.73976
24.481884276880134,35.21376834109622,79.042,7775999.992275238,-0.007023018,0.0054069553,72.87614
24.782608845879178,35.07246365433351,80.82854,4233599.898290634,-0.03157772,-0.009742884,72.47451
24.06159400092239,35.235507653915,77.223785,18230399.500465393,0.022833448,-0.04801926,71.01389
24.57246390714934,35.13405809180027,82.83649,3369599.8686790466,-0.023280783,-0.011300743,72.74018
24.55434784521419,35.039855304907746,78.730316,12355200.066947937,0.02465096,-0.012267815,72.95157
24.40579730278949,34.98550712868071,82.545616,4492800.099134445,-0.033153154,-0.0017077271,72.083115
24.626811465810288,35.05797113185407,83.9315,11664000.262641907,0.022630583,-0.014306046,72.45514
24.365941903817713,35.11594190204278,77.940506,10108800.15449524,0.006080064,-0.013142331,72.851555
24.442029139218562,35.043478080275,76.86345,16502399.989700317,0.015586156,-0.021945713,73.29212
24.52536253285706,35.05797113185407,79.99595,6220799.884128571,-0.010450622,-0.014218168,72.12886
24.514492864338745,35.152173737341,77.98083,5097599.927902222,-0.020150932,0.005546624,72.51241
24.278985653174068,35.159420527680346,80.15937,18143999.79915619,-0.0067479443,-0.013034688,71.52971
24.152173912100075,34.942029039701325,85.189964,1382400.019955635,-0.0028500445,-0.04406573,70.5222
24.85869584610084,35.31159408476158,76.05999,11318400.360488892,0.032309737,-0.016882176,72.664734
24.514492864338745,35.152173737341,77.98083,8121599.894428253,0.00031717122,0.008758934,72.79203
24.177536001617764,35.01449252133363,77.3516,12182399.56741333,0.01798909,-0.035886437,72.90538
24.822463669968496,35.11956556932083,79.471794,10713600.257492065,0.014688617,-0.015932094,72.68181
24.57246390714934,35.13405809180027,82.83649,10799999.95880127,0.022740675,-0.016175654,72.31184
24.15217408195171,35.09782609021359,90.079155,6134400.182819366,0.007446116,-0.034691438,72.72706
24.340579657513896,35.072464168316,77.031204,2764800.03991127,-0.026972054,-0.017538099,72.35935
24.15942034471344,35.02536261613985,84.04098,4492800.099134445,-0.024622666,-0.016885808,70.54553
24.40217392316393,35.07246365433351,77.73675,8812800.247192383,0.0014330111,0.0009817574,72.92896
24.282608510179216,35.10869565592019,73.044136,9504000.051498413,-0.014922218,0.0014644358,73.88627
24.340579735906957,35.22101461745307,78.71513,1123200.0247836113,-0.026710985,-0.029461725,72.615
24.608695560661264,35.210145036629335,80.071884,9417600.350189209,0.01112494,0.0048656845,72.74864
24.286231733018653,35.16304365074164,82.86601,1987199.9858379364,0.014342444,-0.024960408,71.58977
24.271739312019278,35.0833337340226,74.97577,16934399.593162537,0.0211278,-0.0207426,72.76389
24.068840433535758,35.17753635462667,82.62194,1900800.0102996826,-0.033342294,-0.030953517,71.35623
24.481884276880134,35.21376834109622,79.042,5702400.030899048,-0.019202488,-0.004933128,72.77529
24.822463669968496,35.11956556932083,79.471794,2505600.113296509,-0.015550865,0.015839871,72.83483
24.49275373635028,34.95652190987481,78.13308,17366400.293540955,-0.007023569,-0.022089725,73.58877
24.880434869565217,35.11594208344836,73.60822,15120000.381088257,0.046763174,-0.011444954,73.53802
24.800724541980035,35.0326085145684,80.91604,3801600.0205993652,-0.028715173,-0.017660743,72.30585
24.677536062942007,35.07971042955572,84.775665,4665599.775981903,-0.01539992,-0.013802275,72.7626
24.72463775080654,35.097825908808005,83.506035,1555199.9710321426,-0.009990245,0.003205184,72.49451
24.659420157792983,35.13768139626715,82.9603,10108800.15449524,0.016606128,-0.009075878,72.71431
24.46739112421217,35.10507235145331,77.031204,10108800.15449524,0.014849173,-0.006568335,72.83386
24.373188349496587,35.09782609021359,73.044136,11059200.15964508,0.017696403,-0.024777608,73.23307
24.641304357168043,34.938405387540406,81.3883,10540799.757957458,0.018017378,-0.02327867,71.987656
24.286231733018653,35.16304365074164,82.86601,13046399.871253967,0.026977073,-0.020773752,70.92946
24.271739312019278,35.0833337340226,74.97577,12009600.164794922,0.015039124,-0.012075638,74.02
24.55072462237475,35.07608730649443,88.70044,10195199.855804443,0.013156785,-0.023897192,72.29683
24.278985653174068,35.159420527680346,80.15937,4579200.074672699,-0.06652728,-0.026270436,71.42635
24.16304339770124,35.14130418675153,77.183464,16934399.593162537,0.027782518,-0.024070138,71.800224
24.373188349496587,35.09782609021359,73.044136,259199.99517202377,-0.019709384,-0.003157908,73.05002
24.068840433535758,35.17753635462667,82.62194,12527999.469566345,0.035163864,-0.015836587,70.01659
24.528985389862203,35.079710263267266,73.800804,3023999.9665260315,-0.04390815,-0.01762397,73.18306
24.275362351941567,35.02173896397893,79.32639,13996799.876403809,0.024283027,-0.02373561,71.67733
24.503623143558386,34.916666955294566,80.479385,13305600.072097778,0.022956567,0.003561847,72.17975
24.40579730278949,34.98550712868071,82.545616,13391999.773406982,0.02555605,-0.033572122,71.73936
24.33695651306752,35.26449269887389,75.24537,4147199.9227523804,-0.0442726,-0.038332656,73.39574
24.409420185925658,35.126811301460926,78.58091,259199.99517202377,-0.00056794845,-0.01218326,72.976395
24.507246418659868,35.018115659512056,74.98295,18316800.298690796,-0.007448172,-0.020304961,74.01652
24.623188347494935,34.98550731008629,86.27349,3974399.971675873,-0.020215554,-0.0033067241,72.37593
24.728260869121893,35.15579704180788,79.23173,12268800.365638733,0.028849337,-0.012360591,72.9377
24.264492787947336,35.06521739309379,75.914215,2073599.9613761902,-0.023092935,-0.016684178,73.094055
24.481884276880134,35.21376834109622,79.042,15983999.588012695,-0.0027250908,-0.027699078,72.063545
24.75362311542571,35.148550251468535,82.31272,18316800.298690796,-0.018505102,0.0093017435,72.188576
24.731884091961334,34.88405773852335,82.62194,7775999.992275238,-0.0106182415,0.016860398,71.246216
24.16304339770124,35.14130418675153,77.183464,13910400.175094604,0.026162013,-0.008414205,72.391754
24.43478277193275,35.06521686399416,78.38795,0.0,-0.01264544,-0.021495195,72.713524
24.423912946628306,35.13405791039468,84.735344,14428799.479866028,0.024055872,-0.025939686,71.63479
24.507246418659868,35.018115659512056,74.98295,13651199.974250793,0.02338699,-0.005689796,73.53341
24.40579730278949,34.98550712868071,82.545616,3628800.0695228577,-0.032140248,-0.0046420824,72.16674
24.068840433535758,35.17753635462667,82.62194,10540799.757957458,0.02653293,-0.024122002,70.02689
24.800724541980035,35.0326085145684,80.91604,4147199.9227523804,-0.02982792,-0.016712043,72.34435
24.43478251062254,35.050724689208764,81.254395,10540799.757957458,0.017565768,-0.017512126,71.8457
24.521739153231497,35.18115965909355,80.50853,2159999.936914444,-0.008921051,-0.0018018689,72.98015
24.202898613755877,35.17753635462667,82.22561,16847999.891853333,0.011568009,-0.023634532,70.33302
24.53985505838052,35.14492730981283,78.72631,1814400.0347614288,0.0062419195,0.010620705,72.68167
24.731883987437246,34.999999998854186,80.17734,4665599.775981903,-0.034687653,0.0052910373,71.89577
24.068840433535758,35.050724689208764,75.1399,1382400.019955635,-0.034015097,-0.023408337,72.29347
24.268116089179838,35.07971042955572,81.07262,15638399.68585968,0.01955904,-0.025042439,71.09746
24.822463669968496,35.11956556932083,79.471794,950400.0051498413,-0.010393364,0.013713397,72.75626
24.75362311542571,35.148550251468535,82.31272,1900800.0102996826,-0.031446673,0.019332292,72.51866
24.507246418659868,35.018115659512056,74.98295,12700799.969100952,0.018358398,-0.008709937,73.31799
24.51086948471318,35.141304337922854,75.965324,4579200.074672699,-0.02692649,0.007794466,72.63395
24.202898613755877,35.17753635462667,82.22561,7516799.791431427,-0.0022782832,0.00440115,70.74395
24.003623304347823,35.192029209683014,80.788605,9935999.654960632,0.02639589,-0.0060233567,70.517654
24.641304357168043,34.938405387540406,81.3883,2851200.015449524,-0.01392456,-0.017037427,71.63034
24.15217408195171,35.09782609021359,90.079155,11836799.665260315,0.032770343,-0.021748697,73.34473
24.46739112421217,35.10507235145331,77.031204,17193599.794006348,0.021347124,-0.02303444,72.93637
24.365941903817713,35.11594190204278,77.940506,12700799.969100952,0.020362522,-0.015562028,72.57823
24.47463793572534,35.15579704180788,74.131996,2592000.0888347626,-0.016394122,-0.0146613065,73.71891
24.85869584610084,35.31159408476158,76.05999,604799.9658823013,0.010975437,0.023846425,73.764175
24.43478277193275,35.06521686399416,78.38795,5529600.07982254,-0.027019339,-0.0087540895,72.16798
24.85869584610084,35.31159408476158,76.05999,13910400.175094604,0.043256566,-0.010021761,72.12018
24.655797039477626,35.09782643790763,82.953125,6134400.182819366,-0.015379811,-0.0024424791,72.79017
24.518115930392057,35.170290078269815,76.7112,3369599.8686790466,-0.031076876,0.0068805306,72.82825
24.3913043591697,35.05434799367564,86.750465,4319999.873828888,-0.03181071,-0.0077091306,71.94373
24.521739153231497,35.18115965909355,80.50853,4924799.976825714,-0.005915912,-0.010914506,72.57206
24.60144921950647,34.9456523441682,85.40489,14256000.07724762,0.03807598,-0.03166566,72.43066
24.576087129988778,34.96376817111452,80.53768,518399.99034404755,0.00014695711,0.002927877,72.083916
24.16304339770124,35.14130418675153,77.183464,345600.00498890877,-0.06371518,-0.063605875,72.86106
24.85869584610084,35.31159408476158,76.05999,11491199.7631073,0.03346175,-0.016358465,72.61781
24.282608510179216,35.10869565592019,73.044136,17452799.99485016,0.016589422,-0.027046898,72.85257
24.278985574781007,35.18478260074926,85.36457,14342399.778556824,0.021140425,-0.019997248,71.28684
24.365941903817713,35.11594190204278,77.940506,604799.9658823013,-0.028368393,0.0021512797,72.85868
24.572463802625258,35.028985391507106,77.31845,9590399.752807617,0.0068235137,-0.0048988983,72.56904
24.822463669968496,35.11956556932083,79.471794,9676799.454116821,0.012545663,-0.005817475,72.60966
24.358695745580064,35.14492749121842,79.46463,17193599.794006348,0.0022023674,-0.018513685,71.66661
24.442029139218562,35.043478080275,76.86345,4060799.9472141266,-0.027670486,-0.008040622,72.12828
24.75362311542571,35.148550251468535,82.31272,12355200.066947937,0.009344796,-0.023169799,72.70966
24.15217408195171,35.09782609021359,90.079155,11318400.360488892,0.032682225,-0.019514432,73.309074
24.275362351941567,35.02173896397893,79.32639,7775999.992275238,-0.02230669,-0.022121554,71.916214
24.268116089179838,35.07971042955572,81.07262,15983999.588012695,0.017635955,-0.026243309,71.17974
24.731884091961334,34.88405773852335,82.62194,5702400.030899048,-0.017281985,0.015133405,71.237976
24.409420185925658,35.126811301460926,78.58091,6307200.133895874,-0.0077988748,-0.012060758,72.4284
24.53985505838052,35.14492730981283,78.72631,4319999.873828888,-0.019496234,0.019307433,72.69139
24.623188347494935,34.98550731008629,86.27349,2159999.936914444,0.0016317628,-0.006506078,72.33237
24.365941903817713,35.11594190204278,77.940506,9590399.752807617,-0.00028691813,-0.008835059,72.87408
24.06159400092239,35.235507653915,77.223785,5875199.981975555,-0.017031452,-0.051889487,73.49949
24.503623143558386,34.916666955294566,80.479385,12960000.169944763,0.022180723,0.0007342985,72.14797
24.579710091518006,35.06884069756067,84.24473,15120000.381088257,0.014671827,-0.018886643,72.112305
24.507246627708035,35.15217355593542,72.15966,13478399.474716187,0.035855807,-0.010327822,71.98991
24.5036234048686,34.94565269942081,84.86278,15551999.984550476,0.025664942,-0.048736267,72.625885
24.5036234048686,34.94565269942081,84.86278,6134400.182819366,-0.009358697,-0.0073103327,72.13663
24.282608510179216,35.10869565592019,73.044136,2332799.8879909515,-0.048332043,-0.012227457,73.28633
24.43478277193275,35.06521686399416,78.38795,16416000.288391113,0.013538817,-0.016602084,72.66733
24.822463669968496,35.11956556932083,79.471794,18316800.298690796,0.019751582,-0.03463757,73.1416
24.800724541980035,35.0326085145684,80.91604,5356800.128746033,-0.026904939,-0.005511893,72.45165
24.134057993885538,35.130434787333385,80.741425,1296000.0444173813,-0.062491275,-0.053271733,71.645584
24.49275373635028,34.95652190987481,78.13308,1036799.9806880951,-0.020090366,0.0063501713,72.0256
24.003623304347823,35.192029209683014,80.788605,17279999.49531555,0.023903681,-0.024348525,70.747635
24.409420264318722,35.097825908808005,75.01247,16070400.386238098,0.01940254,-0.017972419,73.24358
24.152173912100075,34.942029039701325,85.189964,3542400.093984604,-0.032476097,-0.034067705,70.48647
24.576087129988778,34.96376817111452,80.53768,8726399.99742508,0.006071047,-0.015124831,71.87116
24.782608845879178,35.07246365433351,80.82854,6739199.737358093,-0.023001594,0.013820103,72.69746
24.655797039477626,35.09782643790763,82.953125,14256000.07724762,0.0230353,-0.026299862,72.521614
24.5036234048686,34.94565269942081,84.86278,6825599.987125397,-0.0052500255,-0.009033168,72.33796
24.2137679164399,35.101449394680465,78.1842,16156800.087547302,0.02064177,-0.029342497,71.828156
24.40217392316393,35.07246365433351,77.73675,2592000.0888347626,-0.0133139845,-0.01596222,72.126205
24.528985389862203,35.079710263267266,73.800804,8121599.894428253,-0.025009444,-0.012869943,72.708824
24.358695745580064,35.14492749121842,79.46463,17366400.293540955,0.0015496463,-0.017637191,71.68485
24.068840433535758,35.17753635462667,82.62194,17884799.598312378,0.028610826,-0.02159818,70.4581
24.271739312019278,35.0833337340226,74.97577,1209599.9317646027,-0.057602204,0.004493003,73.46852
24.53985505838052,35.14492730981283,78.72631,12182399.56741333,0.022660132,-0.02152841,72.557724
24.49275373635028,34.95652190987481,78.13308,2937599.9909877777,-0.03975393,-0.0023955554,72.21443
24.271739312019278,35.0833337340226,74.97577,4665599.775981903,-0.047378495,-0.006239187,73.67574
24.177536001617764,35.01449252133363,77.3516,6825599.987125397,-0.020903988,-0.038961098,73.31438
24.731883987437246,34.999999998854186,80.17734,17193599.794006348,0.013182763,-0.025405025,73.51948
24.576087129988778,34.96376817111452,80.53768,5011200.226593018,-0.03130003,0.0031380476,71.74224
24.731883987437246,34.999999998854186,80.17734,14601599.979400635,0.030359603,-0.0035658516,73.20009
24.47463793572534,35.15579704180788,74.131996,16934399.593162537,0.031033482,-0.027186384,73.104385
24.373188532413735,34.85507217391305,83.68782,14860800.180244446,0.03173312,-0.051571332,71.90625
24.5036234048686,34.94565269942081,84.86278,7775999.992275238,-0.0038238373,0.00405108,72.50323
24.880434869565217,35.11594208344836,73.60822,17452799.99485016,0.03140638,0.00013344176,73.46956
24.242753659958876,34.931159481553294,83.59315,3023999.9665260315,-0.03282751,-0.020281332,71.05076
24.358695745580064,35.14492749121842,79.46463,7430400.090122223,-0.004334407,0.013891193,72.055824
24.43478277193275,35.06521686399416,78.38795,2851200.015449524,-0.020989375,-0.013428897,72.11961
24.521739153231497,35.18115965909355,80.50853,1296000.0444173813,0.00509724,-0.0091760345,72.87553
24.619565229179578,35.18478278215484,82.255135,14515200.27809143,0.015778631,-0.03570766,72.12358
24.171296292717127,35.10648163098043,78.049835,1296000.0444173813,-0.04632716,-0.006494902,72.014565
24.880434869565217,35.11594208344836,73.60822,14169600.375938416,0.047205202,-0.0060773026,73.46683
24.503623143558386,34.916666955294566,80.479385,12182399.56741333,0.020896658,-0.007495979,72.146706
24.275362351941567,35.02173896397893,79.32639,13391999.773406982,0.024856944,-0.024383398,71.74381
24.57608686867857,35.22463755910878,78.28966,1296000.0444173813,-0.006435573,0.0084779225,73.18097
24.423912946628306,35.13405791039468,84.735344,9504000.051498413,0.017568259,-0.01567708,71.87906
24.40217392316393,35.07246365433351,77.73675,7775999.992275238,-0.01469831,0.006633998,72.8335
24.17028990870767,35.119565206509655,75.23819,1987199.9858379364,-0.03683149,-0.034009486,73.899155
24.35507260113369,35.04710138474188,76.478294,12268800.365638733,0.008986205,-0.018804057,73.458
24.235507135886934,35.09782643790763,86.62735,11923200.463485718,0.025051763,-0.02237215,72.41176
24.608695560661264,35.210145036629335,80.071884,6134400.182819366,-0.00998394,0.01305107,72.89953
24.62318819070881,35.09782625650204,81.14894,12527999.469566345,0.021881236,-0.020262836,72.5159
24.409420264318722,35.137681214861566,85.684586,3283199.893140793,-0.037768252,-0.010769071,72.04687
24.677536062942007,35.07971042955572,84.775665,11836799.665260315,0.014237035,-0.025713759,72.61989
24.659420157792983,35.13768139626715,82.9603,1468799.9954938889,-0.024659475,0.010459937,72.7955
24.278985574781007,35.18478260074926,85.36457,7775999.992275238,-0.0145308655,-0.00879905,71.455734
24.43478277193275,35.06521686399416,78.38795,6739199.737358093,-0.026483605,0.0028797993,72.28845
24.579710091518006,35.06884069756067,84.24473,3196799.917602539,-0.03514809,-0.00027421024,72.54855
24.623188347494935,34.98550731008629,86.27349,16934399.593162537,0.030888166,-0.03557507,73.10392
24.677536062942007,35.07971042955572,84.775665,4233599.898290634,-0.019733215,-0.012099059,72.78115
24.528985389862203,35.079710263267266,73.800804,2937599.9909877777,-0.043256126,-0.018557498,73.18959
24.286231733018653,35.16304365074164,82.86601,10540799.757957458,0.026819635,-0.020006465,71.14565
24.152173912100075,34.942029039701325,85.189964,7862400.2420425415,-0.0131803285,0.010214882,70.64174
24.62318819070881,35.09782625650204,81.14894,7689599.742507935,-0.018735742,0.015703429,72.432915
24.800724541980035,35.0326085145684,80.91604,11491199.7631073,0.03622016,0.0061231907,72.706314
24.264492787947336,35.06521739309379,75.914215,10368000.35533905,0.013956726,-0.007111499,74.21497
24.141304256647267,35.05072417522627,80.839714,864000.0296115875,-0.07739663,-0.019161781,71.83106
24.33695651306752,35.26449269887389,75.24537,12873600.46863556,0.016576016,-0.0221274,74.208626
24.528985389862203,35.079710263267266,73.800804,2073599.9613761902,-0.03416942,-0.029354198,73.15975
24.06159400092239,35.235507653915,77.223785,12355200.066947937,0.0459547,-0.03945785,71.865326
24.57608686867857,35.22463755910878,78.28966,13132799.572563171,0.032629944,-0.012507314,72.56107
24.423912946628306,35.16304383214723,83.815254,5356800.128746033,-0.008029729,-0.011823423,71.9954
24.369565205050215,35.10507235145331,81.59638,10368000.35533905,0.018384319,-0.01997379,71.492165
24.16304339770124,35.14130418675153,77.183464,432000.01480579376,-0.06287506,-0.06328053,72.85961
24.47463793572534,35.15579704180788,74.131996,7171199.889278412,-0.019536765,-0.013469558,73.336365
24.55434784521419,35.039855304907746,78.730316,12182399.56741333,0.023770995,-0.012720821,72.93919
24.85869584610084,35.31159408476158,76.05999,17884799.598312378,0.031674206,-0.02857838,71.46138
24.235507135886934,35.09782643790763,86.62735,2246400.0495672226,-0.010976868,0.023329208,71.313324
24.586956589458925,35.03623181903528,81.050644,12873600.46863556,0.03211312,-0.0077080205,72.58875
24.46739112421217,35.10507235145331,77.031204,11145599.860954285,0.019764975,-0.017392183,72.875496
24.782608584568965,35.06521774078783,85.492004,9676799.454116821,0.016387949,0.00019995775,73.26777
24.641304357168043,34.938405387540406,81.3883,8812800.247192383,0.006756534,-0.022836735,71.86867
24.423912946628306,35.13405791039468,84.735344,5443199.830055237,-0.032551967,-0.00678044,71.962746
24.152173912100075,34.942029039701325,85.189964,5529600.07982254,-0.037629083,-0.015306983,70.66831
24.55434784521419,35.039855304907746,78.730316,2419199.8635292053,-0.011967445,-0.008098073,72.07327
24.51086948471318,35.141304337922854,75.965324,6739199.737358093,-0.02398931,0.026676044,72.72604
24.655797039477626,35.09782643790763,82.953125,8121599.894428253,0.0045768004,-0.0120458305,72.77907
24.423912946628306,35.16304383214723,83.815254,10454400.056648254,0.02329976,-0.022589555,71.8968
24.293478074173446,35.130434424522214,78.52256,864000.0296115875,-0.041083775,-0.030418398,72.707275
24.202898613755877,35.17753635462667,82.22561,5356800.128746033,-0.042324126,-0.027280489,70.80473
24.55434784521419,35.039855304907746,78.730316,8208000.144195557,0.012074307,-0.0018233247,72.291306
24.340579657513896,35.072464168316,77.031204,6739199.737358093,-0.033369914,-0.016495619,73.10877
24.202898613755877,35.17753635462667,82.22561,17712000.19569397,0.0074561583,-0.025585586,70.32535
24.782608584568965,35.06521774078783,85.492004,9763200.252342224,0.017147752,-0.0016846173,73.26909
24.423912946628306,35.16304383214723,83.815254,13132799.572563171,0.024729205,-0.029512746,71.645905
24.53985505838052,35.14492730981283,78.72631,6998399.938201904,-0.017975682,0.017631892,72.61007
24.409420264318722,35.137681214861566,85.684586,6393599.835205078,-0.019264935,0.013566824,72.09521
24.202898613755877,35.17753635462667,82.22561,10972800.458335876,0.02105265,-0.021178925,70.82359
24.40579730278949,34.98550712868071,82.545616,172800.00249445438,-0.009854661,0.0135603575,71.7427
24.62318819070881,35.09782625650204,81.14894,4752000.025749207,-0.031074768,0.0077062557,72.40499
24.659420157792983,35.13768139626715,82.9603,11404800.061798096,0.018980261,-0.013942938,72.629
24.278985653174068,35.159420527680346,80.15937,10108800.15449524,0.021868318,-0.017920012,71.682945
24.46739112421217,35.10507235145331,77.031204,18143999.79915619,0.02364337,-0.016782884,72.88229
24.579710091518006,35.06884069756067,84.24473,8380800.095272064,0.0060866736,0.0059132585,72.45993
24.24275355543479,35.275361916886446,83.709785,1209599.9317646027,-0.05229578,-0.057842307,71.62287
24.423912946628306,35.16304383214723,83.815254,12268800.365638733,0.02207329,-0.029681632,71.75125
24.731883987437246,34.999999998854186,80.17734,15465600.283241272,0.020739455,-0.011655195,73.318535
24.51086948471318,35.141304337922854,75.965324,18143999.79915619,0.016594522,-0.023935763,73.26105
24.340579657513896,35.072464168316,77.031204,6566399.786281586,-0.033113077,-0.01785023,73.05782
24.49275373635028,35.04710138474188,79.64641,1987199.9858379364,-0.010664659,0.0008322168,72.332855
24.880434869565217,35.11594208344836,73.60822,5011200.226593018,-0.03753268,0.01212427,73.53919
24.782608584568965,35.06521774078783,85.492004,10799999.95880127,0.020342423,-0.018524023,73.27257
24.134057993885538,35.130434787333385,80.741425,3023999.9665260315,-0.07024607,-0.044028364,71.383194
24.278985574781007,35.18478260074926,85.36457,13391999.773406982,0.024732394,-0.021994194,71.48719
24.503623143558386,34.916666955294566,80.479385,3110399.9420642853,-0.031648465,-0.026307711,72.11186
24.409420264318722,35.097825908808005,75.01247,6307200.133895874,-0.040247068,0.003911647,73.21727
24.800724541980035,35.0326085145684,80.91604,10713600.257492065,0.036269657,0.0025637066,72.6371
24.503623143558386,34.916666955294566,80.479385,6047999.933052063,-0.027902802,-0.012722915,71.872894
24.5036234048686,34.94565269942081,84.86278,2073599.9613761902,-0.00993615,-0.007885326,71.9777
24.003623304347823,35.192029209683014,80.788605,7430400.090122223,-0.0069039,0.007425905,70.16866
24.728260869121893,35.15579704180788,79.23173,11318400.360488892,0.022487737,-0.0131555125,72.83727
24.271739312019278,35.0833337340226,74.97577,17971200.39653778,0.018099062,-0.020233141,72.78457
24.275362351941567,35.02173896397893,79.32639,1296000.0444173813,-0.038224287,-0.017422726,71.76613
24.503623143558386,34.916666955294566,80.479385,8467199.796581268,-0.01650996,0.013592933,72.06019
24.528985389862203,35.079710263267266,73.800804,3887999.996137619,-0.048490338,-0.0119899865,73.04163
24.85869584610084,35.31159408476158,76.05999,10799999.95880127,0.029287728,-0.017109537,72.81597
24.15942034471344,35.02536261613985,84.04098,4665599.775981903,-0.024098748,-0.016463533,70.51319
24.271739312019278,35.0833337340226,74.97577,4147199.9227523804,-0.051796585,-0.004478939,73.52603
24.55072462237475,35.07608730649443,88.70044,4665599.775981903,-0.021800647,-0.011781914,72.44453
24.72463775080654,35.097825908808005,83.506035,1641599.9465703964,-0.011824848,0.0034572454,72.493454
24.659420157792983,35.13768139626715,82.9603,10886399.660110474,0.017731437,-0.01274962,72.66951
24.15217408195171,35.09782609021359,90.079155,13824000.4737854,0.038634293,-0.015429063,72.574936
24.373188349496587,35.09782609021359,73.044136,17712000.19569397,0.015352521,-0.034258045,73.1022
24.35507260113369,35.04710138474188,76.478294,12182399.56741333,0.008646695,-0.019612135,73.46736
24.5036234048686,34.94565269942081,84.86278,18143999.79915619,0.014131375,-0.04890132,72.664375
24.202898613755877,35.17753635462667,82.22561,2851200.015449524,-0.05383487,-0.04775831,71.17769
24.507246627708035,35.15217355593542,72.15966,11404800.061798096,0.025143305,-0.01706984,72.14131
24.409420185925658,35.126811301460926,78.58091,9244799.850654602,0.015557373,-0.0074246023,72.68743
24.507246627708035,35.15217355593542,72.15966,15551999.984550476,0.019963335,-0.023035234,72.37672
24.514492864338745,35.152173737341,77.98083,7257600.139045715,-0.00988101,0.00990187,72.65788
24.481884276880134,35.21376834109622,79.042,1123200.0247836113,0.022276081,-0.029132662,72.83007
24.068840433535758,35.050724689208764,75.1399,10195199.855804443,0.009000358,-0.020437459,74.72249
24.503623143558386,34.916666955294566,80.479385,12527999.469566345,0.02129179,-0.0039808825,72.13801
24.33695651306752,35.26449269887389,75.24537,9935999.654960632,0.012907335,-0.031439856,74.99701
24.5036234048686,34.94565269942081,84.86278,13910400.175094604,0.03191007,-0.040575787,72.293594
24.57246390714934,35.13405809180027,82.83649,3196799.917602539,-0.023103764,-0.011862086,72.76802
24.822463669968496,35.11956556932083,79.471794,4924799.976825714,-0.012014149,0.01805434,72.997025
24.2137679164399,35.101449394680465,78.1842,16847999.891853333,0.019118862,-0.03117158,71.8717
24.268116089179838,35.07971042955572,81.07262,8380800.095272064,-0.01009688,-0.015412137,70.95303
24.3985509616347,35.079710263267266,82.39983,18143999.79915619,0.01675524,-0.0213517,71.61683
24.782608845879178,35.07246365433351,80.82854,7862400.2420425415,-0.007723145,0.017741788,72.685684
24.49275373635028,35.04710138474188,79.64641,17279999.49531555,-0.0010966957,-0.02019781,72.67728
24.268116089179838,35.07971042955572,81.07262,15206400.082397461,0.02210996,-0.023698902,71.02387
24.52536253285706,35.05797113185407,79.99595,2851200.015449524,-0.016524194,-0.006435875,72.31263
24.49275373635028,34.95652190987481,78.13308,3801600.0205993652,-0.042073816,-0.00053837337,72.246086
24.268116089179838,35.07971042955572,81.07262,1987199.9858379364,-0.03899081,-0.0022775605,71.69539
24.880434869565217,35.11594208344836,73.60822,3801600.0205993652,-0.034519598,0.0037928866,73.63652
24.40579722439643,35.07608730649443,81.130585,7430400.090122223,0.01192082,-0.012322629,71.58645
24.369565205050215,35.10507235145331,81.59638,5875199.981975555,-0.026633648,-0.013094608,71.39111
24.507246627708035,35.15217355593542,72.15966,2419199.8635292053,-0.030969111,-0.0198168,73.844315
24.35507260113369,35.04710138474188,76.478294,11404800.061798096,0.007190793,-0.023377897,73.53382
24.16304339770124,35.14130418675153,77.183464,2246400.0495672226,-0.04712583,-0.05231589,72.83696
24.409420185925658,35.126811301460926,78.58091,8812800.247192383,0.013735544,-0.009190004,72.6894
24.51086948471318,35.141304337922854,75.965324,15033599.582862854,0.030330136,-0.028203739,73.33928
24.507246627708035,35.15217355593542,72.15966,3542400.093984604,-0.03233988,-0.011447975,73.90286
24.822463669968496,35.11956556932083,79.471794,5875199.981975555,-0.0005693231,0.0221112,72.89773
24.2137679164399,35.101449394680465,78.1842,3283199.893140793,-0.012959098,-0.025177227,72.19544
24.608695560661264,35.210145036629335,80.071884,8553600.046348572,0.0063451,0.013317597,72.70787
24.409420185925658,35.126811301460926,78.58091,6566399.786281586,-0.004901549,-0.01188059,72.44883
24.15217408195171,35.09782609021359,90.079155,2764800.03991127,-0.012386331,-0.048164785,71.67108
24.626811465810288,35.05797113185407,83.9315,11750399.96395111,0.022905748,-0.014106574,72.44189
24.47463793572534,35.15579704180788,74.131996,6134400.182819366,-0.028373906,-0.01207765,73.298065
24.579710091518006,35.06884069756067,84.24473,13046399.871253967,0.024777988,-0.014255632,72.04618
24.659420157792983,35.13768139626715,82.9603,3369599.8686790466,-0.023851266,0.011622608,72.79301
24.351449221508126,35.36231895652174,77.53338,5702400.030899048,-0.01314318,-0.021237696,73.45147
24.481884276880134,35.21376834109622,79.042,3715200.0450611115,-0.017513601,-0.016038958,72.87269
24.521739153231497,35.18115965909355,80.50853,9590399.752807617,0.008297922,0.01049775,72.36259
24.134057993885538,35.130434787333385,80.741425,4233599.898290634,-0.068906866,-0.029617826,71.10971
24.72463775080654,35.097825908808005,83.506035,11923200.463485718,0.021001866,-0.024343552,72.83908
24.003623304347823,35.192029209683014,80.788605,11491199.7631073,0.029466826,-0.008333391,70.58907
24.800724541980035,35.0326085145684,80.91604,16243199.788856506,0.027780026,-0.0056052487,72.96426
24.152173912100075,34.942029039701325,85.189964,5961600.231742859,-0.036597803,-0.009730671,70.65699
24.33695651306752,35.26449269887389,75.24537,6220799.884128571,-0.020530848,-0.031908907,73.81884
24.3985509616347,35.079710263267266,82.39983,5443199.830055237,-0.017772188,0.006272475,71.55277
24.822463669968496,35.11956556932083,79.471794,7862400.2420425415,0.004646508,0.020972826,72.58198
24.235507135886934,35.09782643790763,86.62735,17452799.99485016,0.0057334574,-0.029106764,71.27655
24.85869584610084,35.31159408476158,76.05999,11145599.860954285,0.031224623,-0.017216766,72.71361
24.728260869121893,35.15579704180788,79.23173,14169600.375938416,0.03204665,-0.0149319265,73.14769
24.655797039477626,35.09782643790763,82.953125,12441599.768257141,0.017998906,-0.023001024,72.5495
24.068840433535758,35.050724689208764,75.1399,4924799.976825714,-0.05716937,-0.02473492,73.748085
24.586956589458925,35.03623181903528,81.050644,7948799.943351746,-0.011135483,0.02207943,72.278435
24.409420342711783,35.02898555779556,73.23672,16675200.489234924,0.0072240764,-0.023734221,73.24085
24.3913043591697,35.05434799367564,86.750465,13564800.27294159,0.03293924,-0.008704735,71.77938
24.579710091518006,35.06884069756067,84.24473,15033599.582862854,0.015667427,-0.018590221,72.10531
24.423912946628306,35.13405791039468,84.735344,3542400.093984604,-0.03461632,-0.00018258207,72.066376
24.47463793572534,35.15579704180788,74.131996,14428799.479866028,0.040498883,-0.026606033,72.885864
24.503623143558386,34.916666955294566,80.479385,3456000.11844635,-0.033843502,-0.026806654,72.08822
24.43478277193275,35.06521686399416,78.38795,7862400.2420425415,-0.015365193,0.008155709,72.489105
24.619565229179578,35.18478278215484,82.255135,12614400.267791748,0.018927395,-0.028110629,72.33321
24.521739153231497,35.18115965909355,80.50853,14687999.680709839,0.022225799,-0.02061549,71.88326
24.068840433535758,35.050724689208764,75.1399,14601599.979400635,0.012766014,-0.02815978,72.87979
24.728260869121893,35.15579704180788,79.23173,11923200.463485718,0.026731756,-0.0128997825,72.89395
24.57246390714934,35.13405809180027,82.83649,12527999.469566345,0.02219072,-0.021375934,72.13116
24.782608845879178,35.07246365433351,80.82854,5443199.830055237,-0.029399866,-0.0009961501,72.615746
24.43478251062254,35.050724689208764,81.254395,9331199.551963806,0.008944589,-0.0004487168,71.82707
24.782608584568965,35.06521774078783,85.492004,11664000.262641907,0.020244775,-0.021733562,73.198586
24.336956356281394,35.12681217825459,78.56935,4492800.099134445,-0.03206729,-0.004528122,72.239395
24.72463775080654,35.097825908808005,83.506035,5615999.781131744,-0.014675466,0.008245742,73.04761
24.152173912100075,34.942029039701325,85.189964,16847999.891853333,0.010798496,-0.030251654,72.35986
24.49275373635028,35.04710138474188,79.64641,10886399.660110474,0.016152259,-0.007570844,72.444466
24.268116089179838,35.07971042955572,81.07262,259199.99517202377,-0.03914904,0.00921616,72.074425
24.17028990870767,35.119565206509655,75.23819,15811200.185394287,0.017274054,-0.021622011,72.41485
24.40579722439643,35.07608730649443,81.130585,15897599.886703491,0.018876176,-0.022361295,71.55727
24.171296292717127,35.10648163098043,78.049835,18143999.79915619,0.011223954,-0.015395116,71.74769
24.3913043591697,35.05434799367564,86.750465,604799.9658823013,-0.03292402,-0.018337695,71.43196
24.518115930392057,35.170290078269815,76.7112,6047999.933052063,-0.022509804,0.0023386953,72.608376
24.503623143558386,34.916666955294566,80.479385,14342399.778556824,0.022027474,0.0014821962,72.38179
24.264492787947336,35.06521739309379,75.914215,6652800.036048889,-0.01968593,0.011070933,74.016136
24.351449221508126,35.36231895652174,77.53338,10195199.855804443,0.027980661,-0.0058274157,73.019684
24.286231733018653,35.16304365074164,82.86601,2073599.9613761902,0.012866732,-0.025552506,71.55728
24.278985574781007,35.18478260074926,85.36457,10627199.459266663,0.027174538,-0.018857693,71.78027
24.528985389862203,35.079710263267266,73.800804,4319999.873828888,-0.051840544,-0.012448074,72.9406
24.286231733018653,35.16304365074164,82.86601,4319999.873828888,-0.009319494,-0.029799351,71.093895
24.134057993885538,35.130434787333385,80.741425,17193599.794006348,0.010806736,-0.005574405,70.94784
24.49275373635028,35.04710138474188,79.64641,2678400.0643730164,-0.020160845,-0.0027151164,72.23113
24.351449221508126,35.36231895652174,77.53338,9590399.752807617,0.027190553,-0.0029663574,73.065834
24.503623143558386,34.916666955294566,80.479385,1641599.9465703964,-0.006478125,-0.020138586,72.11234
24.340579735906957,35.22101461745307,78.71513,10281599.557113647,0.018694792,-0.02528281,72.66725
24.659420157792983,35.13768139626715,82.9603,86400.00124722719,-0.022671746,0.014887561,72.66128
24.800724541980035,35.0326085145684,80.91604,5097599.927902222,-0.028373344,-0.008960528,72.43181
24.286231733018653,35.16304365074164,82.86601,2592000.0888347626,0.0035287607,-0.02796304,71.36478
24.340579657513896,35.072464168316,77.031204,3283199.893140793,-0.027739013,-0.017823292,72.38902
24.235507135886934,35.09782643790763,86.62735,7257600.139045715,-0.014244506,-0.02875906,71.91022
24.47463793572534,35.15579704180788,74.131996,17539199.696159363,0.028037671,-0.024784902,73.15337
24.514492864338745,35.152173737341,77.98083,16243199.788856506,0.015162883,-0.031204114,72.662186
24.33695651306752,35.26449269887389,75.24537,8985600.19826889,0.013938142,-0.026969152,74.7762
24.800724541980035,35.0326085145684,80.91604,5875199.981975555,-0.022744695,0.0025523296,72.48524
24.626811465810288,35.05797113185407,83.9315,604799.9658823013,0.000779707,0.016150167,72.63686
24.409420342711783,35.02898555779556,73.23672,0.0,0.006787192,0.016855802,72.93848
24.57608686867857,35.22463755910878,78.28966,15811200.185394287,0.01747989,-0.026280595,72.54741
24.507246627708035,35.15217355593542,72.15966,4579200.074672699,-0.030414457,-0.0033907127,73.65994
24.068840433535758,35.050724689208764,75.1399,12700799.969100952,0.018199809,-0.025954405,73.65247
24.55434784521419,35.039855304907746,78.730316,4060799.9472141266,-0.01981973,0.0006181281,72.005806
24.06159400092239,35.235507653915,77.223785,17020800.39138794,0.028070707,-0.046080828,71.07137
24.16304339770124,35.14130418675153,77.183464,7343999.840354919,0.018405905,-0.022041822,73.07816
24.134057993885538,35.130434787333385,80.741425,5615999.781131744,-0.05267024,-0.019519394,70.56545
24.171296292717127,35.10648163098043,78.049835,5443199.830055237,-0.022754954,-0.020952491,72.10722
24.521739153231497,35.18115965909355,80.50853,1814400.0347614288,-0.0042092223,-0.0045968667,72.957664
24.47463793572534,35.15579704180788,74.131996,15465600.283241272,0.039140824,-0.02560783,73.006805
24.40217392316393,35.07246365433351,77.73675,8726399.99742508,9.2172995e-05,0.0018550623,72.927414
24.242753659958876,34.931159481553294,83.59315,3196799.917602539,-0.03292332,-0.020845624,71.05396
24.800724541980035,35.0326085145684,80.91604,7775999.992275238,0.0024132729,0.019235164,72.50998
24.47463793572534,35.15579704180788,74.131996,12009600.164794922,0.026788654,-0.03198286,72.81502
24.40579730278949,34.98550712868071,82.545616,5097599.927902222,-0.033133,0.00024408288,71.977844
24.641304357168043,34.938405387540406,81.3883,432000.01480579376,0.012825343,-0.023907581,71.87057
24.52536253285706,35.05797113185407,79.99595,18316800.298690796,0.006803873,-0.02038779,72.68285
24.5036234048686,34.94565269942081,84.86278,7430400.090122223,-0.0045817867,-0.0018731467,72.46553
24.525362323808892,35.01449270273921,80.76379,7343999.840354919,-0.026800467,0.013895126,71.980896
24.514492864338745,35.152173737341,77.98083,7948799.943351746,-0.0019755121,0.009639334,72.76699
24.35507260113369,35.04710138474188,76.478294,3974399.971675873,-0.03341507,-0.020690696,72.58843
24.576087129988778,34.96376817111452,80.53768,5702400.030899048,-0.03138303,0.004565565,71.748375
24.15217408195171,35.09782609021359,90.079155,1468799.9954938889,0.009583918,-0.044345066,71.29364
24.409420264318722,35.137681214861566,85.684586,5529600.07982254,-0.026797367,0.007198776,72.099464
24.62318819070881,35.09782625650204,81.14894,4924799.976825714,-0.030835586,0.0071565905,72.396385
24.409420264318722,35.097825908808005,75.01247,5529600.07982254,-0.047080077,0.0008803159,73.076164
24.35507260113369,35.04710138474188,76.478294,7603200.0411987305,-0.02283256,-0.025703033,73.549034
24.141304256647267,35.05072417522627,80.839714,6998399.938201904,-0.03638964,-0.004912542,70.2013
24.51086948471318,35.141304337922854,75.965324,1555199.9710321426,-0.025482854,-0.0011586854,73.17381
24.528985389862203,35.079710263267266,73.800804,1555199.9710321426,-0.028103719,-0.035871558,73.06519
24.423912946628306,35.13405791039468,84.735344,16416000.288391113,0.0058197277,-0.0331461,71.524025
24.528985389862203,35.079710263267266,73.800804,18316800.298690796,0.0112503525,-0.034352005,73.737144
24.423912946628306,35.16304383214723,83.815254,16761600.190544128,0.0059367875,-0.031789936,71.29396
24.3913043591697,35.05434799367564,86.750465,8985600.19826889,0.016014649,0.021733025,72.215355
24.608695560661264,35.210145036629335,80.071884,6825599.987125397,-0.0037992895,0.0154822,72.79233
24.442029139218562,35.043478080275,76.86345,4752000.025749207,-0.02954756,-0.008356022,72.21689
24.49275373635028,35.04710138474188,79.64641,11491199.7631073,0.016251402,-0.011836315,72.47948
24.358695745580064,35.14492749121842,79.46463,3023999.9665260315,-0.04674378,-0.0016269246,72.052536
24.278985653174068,35.159420527680346,80.15937,86400.00124722719,-0.07907924,-0.041679613,72.25841
24.503623143558386,34.916666955294566,80.479385,2764800.03991127,-0.02778499,-0.025441354,72.12931
24.514492864338745,35.152173737341,77.98083,10627199.459266663,0.015216645,-0.024641173,72.69935
24.43478251062254,35.050724689208764,81.254395,11836799.665260315,0.019254813,-0.022133948,71.83765
24.731884091961334,34.88405773852335,82.62194,5097599.927902222,-0.020905973,0.008083882,71.35819
24.351449221508126,35.36231895652174,77.53338,8121599.894428253,0.02519963,0.0011979947,73.17792
24.340579657513896,35.072464168316,77.031204,11577599.464416504,0.012023795,-0.015469123,73.27623
24.278985653174068,35.159420527680346,80.15937,13824000.4737854,0.02048889,-0.01250142,71.22515
24.503623143558386,34.916666955294566,80.479385,12441599.768257141,0.021164125,-0.004930636,72.139206
24.655797039477626,35.09782643790763,82.953125,12960000.169944763,0.018729273,-0.024369067,72.54259
24.507246627708035,35.15217355593542,72.15966,3456000.11844635,-0.032439806,-0.012180071,73.91268
24.57246390714934,35.13405809180027,82.83649,16934399.593162537,0.0068735266,-0.030107623,71.89365
24.336956356281394,35.12681217825459,78.56935,10799999.95880127,0.015962955,-0.020974686,72.481865
24.336956356281394,35.12681217825459,78.56935,3628800.0695228577,-0.033091053,-0.004527863,72.275604
24.24275355543479,35.275361916886446,83.709785,12355200.066947937,0.029051369,-0.026180113,70.85265
24.340579657513896,35.072464168316,77.031204,12355200.066947937,0.015328557,-0.011706542,73.17244
24.481884276880134,35.21376834109622,79.042,9935999.654960632,0.015971594,-0.011487557,72.75901
24.782608845879178,35.07246365433351,80.82854,11318400.360488892,0.0294949,-0.00759908,72.879524
24.068840433535758,35.050724689208764,75.1399,259199.99517202377,-0.015743723,-0.042733222,72.0006
24.278985574781007,35.18478260074926,85.36457,13996799.876403809,0.022789253,-0.020480031,71.364456
24.134057993885538,35.130434787333385,80.741425,6220799.884128571,-0.041262507,-0.014318455,70.371315
24.57246390714934,35.13405809180027,82.83649,2419199.8635292053,-0.020766659,-0.013756074,72.923256
24.626811465810288,35.05797113185407,83.9315,18316800.298690796,0.019204397,-0.020799266,72.25757
24.57608686867857,35.22463755910878,78.28966,6998399.938201904,-0.00796671,0.009762956,73.093636
24.677536062942007,35.07971042955572,84.775665,13651199.974250793,0.023224186,-0.022877874,72.52964
24.068840433535758,35.050724689208764,75.1399,5011200.226593018,-0.05641482,-0.025468746,73.79928
24.409420185925658,35.126811301460926,78.58091,16934399.593162537,0.024944851,-0.030067356,72.13766
24.141304256647267,35.05072417522627,80.839714,11491199.7631073,0.01918123,-0.022728773,70.6188
24.57608686867857,35.22463755910878,78.28966,10454400.056648254,0.016202148,-0.016162373,72.70962
24.40579730278949,34.98550712868071,82.545616,11318400.360488892,0.01912825,-0.025551638,71.58048
24.202898613755877,35.17753635462667,82.22561,16156800.087547302,0.013058758,-0.020059684,70.387436
24.409420264318722,35.137681214861566,85.684586,9935999.654960632,0.018034345,-0.013727453,71.99729
24.32608705359737,35.05434782738719,80.59564,12527999.469566345,0.02358163,-0.022553032,71.44544
24.177536001617764,35.01449252133363,77.3516,11491199.7631073,0.017875914,-0.037129387,73.04082
24.278985574781007,35.18478260074926,85.36457,11923200.463485718,0.025417253,-0.02494367,71.738686
24.49275373635028,35.04710138474188,79.64641,12441599.768257141,0.01641822,-0.016039677,72.503136
24.235507135886934,35.09782643790763,86.62735,14428799.479866028,0.030211223,-0.025364188,72.065025
24.481884276880134,35.21376834109622,79.042,10022400.453186035,0.01618752,-0.012623128,72.74938
24.351449221508126,35.36231895652174,77.53338,3369599.8686790466,-0.04051157,-0.04835722,73.038925
24.171296292717127,35.10648163098043,78.049835,3974399.971675873,-0.036470853,-0.012842538,72.16469
24.75362311542571,35.148550251468535,82.31272,15292799.783706665,0.017646074,-0.022452397,72.5223
24.51086948471318,35.141304337922854,75.965324,3628800.0695228577,-0.027935619,-0.0018622521,72.78135
24.409420264318722,35.137681214861566,85.684586,10886399.660110474,0.020296944,-0.018615788,71.940125
24.409420264318722,35.097825908808005,75.01247,10627199.459266663,0.016566435,-0.0117836315,73.41811
24.47463793572534,35.15579704180788,74.131996,17452799.99485016,0.028420273,-0.024967516,73.14606
24.55072462237475,35.07608730649443,88.70044,14515200.27809143,0.030990673,-0.02412106,72.01307
24.55072462237475,35.07608730649443,88.70044,18057600.097846985,0.018859183,-0.03903033,72.045395
24.40579722439643,35.07608730649443,81.130585,8121599.894428253,0.014937099,-0.0070279203,71.610634
24.340579657513896,35.072464168316,77.031204,691200.0099778175,-0.019770904,-0.010347083,72.647385
24.731884091961334,34.88405773852335,82.62194,777599.9855160713,-0.0019461364,0.0012093484,72.169304
24.43478277193275,35.06521686399416,78.38795,6825599.987125397,-0.026116224,0.0037803072,72.30194
24.641304357168043,34.938405387540406,81.3883,12355200.066947937,0.022486633,-0.018184783,72.40378
24.507246418659868,35.018115659512056,74.98295,16156800.087547302,0.0087736705,-0.017645879,73.8748
24.55434784521419,35.039855304907746,78.730316,2937599.9909877777,-0.013356032,-0.0066401307,72.04647
24.75362311542571,35.148550251468535,82.31272,13737599.675559998,0.018920038,-0.024150522,72.58226
24.340579735906957,35.22101461745307,78.71513,14687999.680709839,0.018289909,-0.019652637,71.79356
24.880434869565217,35.11594208344836,73.60822,11491199.7631073,0.024534421,-0.017224098,73.640686
24.43478277193275,35.06521686399416,78.38795,3974399.971675873,-0.024878407,-0.01318603,72.11462
24.003623304347823,35.192029209683014,80.788605,8899199.948501587,0.022377022,0.0035931617,70.40984
24.586956589458925,35.03623181903528,81.050644,15811200.185394287,0.017911013,-0.024387022,72.55972
24.369565205050215,35.10507235145331,81.59638,13305600.072097778,0.02838419,-0.01909765,71.447624
24.528985389862203,35.079710263267266,73.800804,10972800.458335876,0.018904964,-0.0203205,73.08717
24.409420264318722,35.097825908808005,75.01247,11318400.360488892,0.016384704,-0.014543401,73.34351
24.068840433535758,35.050724689208764,75.1399,2678400.0643730164,-0.055268466,-0.009717092,72.72159
24.85869584610084,35.31159408476158,76.05999,3283199.893140793,-0.016353874,0.011933969,74.257416
24.278985574781007,35.18478260074926,85.36457,3715200.0450611115,-0.07772411,-0.02231715,71.12281
24.40217392316393,35.07246365433351,77.73675,5011200.226593018,-0.023167374,-0.016133025,72.301735
24.32608705359737,35.05434782738719,80.59564,2764800.03991127,-0.023850227,-0.027534084,71.95017
24.278985574781007,35.18478260074926,85.36457,6047999.933052063,-0.051212206,-0.020143254,71.530136
24.365941903817713,35.11594190204278,77.940506,18143999.79915619,0.005617328,-0.011166483,72.25014
24.286231733018653,35.16304365074164,82.86601,8380800.095272064,0.02553916,-0.019416912,70.98969
24.782608845879178,35.07246365433351,80.82854,7430400.090122223,-0.014926938,0.018500002,72.688705
24.528985389862203,35.079710263267266,73.800804,13132799.572563171,0.032938305,-0.019843733,72.9473
24.268116089179838,35.07971042955572,81.07262,6047999.933052063,-0.0330809,-0.026524765,71.13559
24.481884276880134,35.21376834109622,79.042,691200.0099778175,0.032117385,-0.029575435,72.80087
24.53985505838052,35.14492730981283,78.72631,9935999.654960632,0.013561783,-0.00842265,72.73376
24.43478251062254,35.050724689208764,81.254395,15033599.582862854,0.023108687,-0.022188755,71.7541
24.373188349496587,35.09782609021359,73.044136,3974399.971675873,-0.017558562,0.0003444869,72.93591
24.152173912100075,34.942029039701325,85.189964,9504000.051498413,0.018892525,-0.0062756464,71.016846
24.264492787947336,35.06521739309379,75.914215,2937599.9909877777,-0.024153577,-0.017687978,73.14069
24.271739312019278,35.0833337340226,74.97577,1814400.0347614288,-0.05648812,0.0015688371,73.38898
24.782608584568965,35.06521774078783,85.492004,17971200.39653778,0.0080257505,-0.030418308,72.65749
24.572463802625258,35.028985391507106,77.31845,6307200.133895874,-0.02937336,0.0052486975,72.26548
24.518115930392057,35.170290078269815,76.7112,11664000.262641907,0.02360972,-0.027282467,72.75
24.677536062942007,35.07971042955572,84.775665,7603200.0411987305,0.014378309,-0.0133946985,72.91862
24.171296292717127,35.10648163098043,78.049835,10195199.855804443,0.015593781,-0.021677757,72.35114
24.782608845879178,35.07246365433351,80.82854,3023999.9665260315,-0.028111173,-0.011027135,72.414345
24.782608845879178,35.07246365433351,80.82854,2937599.9909877777,-0.027463766,-0.010782091,72.41008
24.659420157792983,35.13768139626715,82.9603,18143999.79915619,0.0058363006,-0.03409084,71.901634
24.728260869121893,35.15579704180788,79.23173,11836799.665260315,0.026159015,-0.013015768,72.88405
24.731883987437246,34.999999998854186,80.17734,7430400.090122223,-0.013070488,-0.0031761695,72.09456
24.47463793572534,35.15579704180788,74.131996,2764800.03991127,-0.017477108,-0.014600022,73.70312
24.46739112421217,35.10507235145331,77.031204,6998399.938201904,-0.01291162,-0.0012858808,72.629974
24.409420264318722,35.137681214861566,85.684586,11145599.860954285,0.020298442,-0.018638374,71.93071
24.15217408195171,35.09782609021359,90.079155,6480000.084972382,0.013270175,-0.030342443,72.72197
24.52536253285706,35.05797113185407,79.99595,5356800.128746033,-0.017319692,-0.004821256,72.131134
24.623188347494935,34.98550731008629,86.27349,172800.00249445438,0.017159631,-0.0062839836,71.84012
24.423912946628306,35.13405791039468,84.735344,7084800.187969208,-0.017592242,0.0004518004,71.938614
24.202898613755877,35.17753635462667,82.22561,17798399.897003174,0.006768559,-0.02567715,70.33043
24.3913043591697,35.05434799367564,86.750465,6566399.786281586,-0.0139814075,0.018704923,72.29676
24.572463802625258,35.028985391507106,77.31845,5356800.128746033,-0.031519435,0.0016795695,72.05108
24.268116089179838,35.07971042955572,81.07262,7948799.943351746,-0.013812525,-0.018147131,70.95248
24.40217392316393,35.07246365433351,77.73675,4406400.123596191,-0.02241089,-0.01749066,72.23459
24.52536253285706,35.05797113185407,79.99595,9763200.252342224,0.015448861,-0.013710454,72.39479
24.641304357168043,34.938405387540406,81.3883,5097599.927902222,-0.013887586,-0.015964417,71.45136
24.242753659958876,34.931159481553294,83.59315,691200.0099778175,-0.027871495,0.0038191807,71.043144
24.800724541980035,35.0326085145684,80.91604,7257600.139045715,-0.005547881,0.019584795,72.51641
24.068840433535758,35.17753635462667,82.62194,15206400.082397461,0.03456398,-0.011091821,70.016624
24.47463793572534,35.15579704180788,74.131996,4492800.099134445,-0.029938241,-0.012930442,73.3975
24.264492787947336,35.06521739309379,75.914215,5529600.07982254,-0.024318447,0.003945335,73.770294
24.275362351941567,35.02173896397893,79.32639,10022400.453186035,0.014832202,-0.026718853,72.09971
24.442029139218562,35.043478080275,76.86345,10627199.459266663,0.0028970763,-0.028698051,73.11824
24.365941903817713,35.11594190204278,77.940506,18057600.097846985,0.0059755556,-0.010989068,72.24759
24.57246390714934,35.13405809180027,82.83649,6220799.884128571,-0.025960268,-0.00113298,72.556114
24.358695745580064,35.14492749121842,79.46463,17971200.39653778,-0.0013759565,-0.015122546,71.75733
24.514492864338745,35.152173737341,77.98083,14515200.27809143,0.028092192,-0.02555651,72.623375
24.471014503837736,35.137681214861566,84.09494,3974399.971675873,-0.026414374,-0.008863039,72.25449
24.35507260113369,35.04710138474188,76.478294,14083199.577713013,0.019151252,0.0036736652,73.14711
24.576087129988778,34.96376817111452,80.53768,8467199.796581268,0.0016166084,-0.013568817,71.84199
24.57608686867857,35.22463755910878,78.28966,12095999.866104126,0.025227904,-0.015406704,72.55622
24.60144921950647,34.9456523441682,85.40489,6998399.938201904,-0.012938267,0.011688175,72.190704
24.264492787947336,35.06521739309379,75.914215,1987199.9858379364,-0.023094093,-0.016030042,73.09629
24.576087129988778,34.96376817111452,80.53768,14947199.88155365,0.028974015,-0.005594412,72.78945
24.068840433535758,35.050724689208764,75.1399,17539199.696159363,0.004093457,-0.033773154,71.7544
24.369565205050215,35.10507235145331,81.59638,8812800.247192383,0.013486918,-0.015041729,71.4207
24.619565229179578,35.18478278215484,82.255135,1296000.0444173813,0.0035733394,0.0020576231,73.23356
24.202898613755877,35.17753635462667,82.22561,12095999.866104126,0.02377606,-0.017432394,70.667
24.507246418659868,35.018115659512056,74.98295,11059200.15964508,0.0062603187,-0.020084882,72.993774
24.15942034471344,35.02536261613985,84.04098,6307200.133895874,-0.0061851908,-0.028701091,70.57509
24.822463669968496,35.11956556932083,79.471794,15897599.886703491,0.02382929,-0.027953314,72.85926
24.235507135886934,35.09782643790763,86.62735,15379199.48501587,0.027224315,-0.02785672,71.82719
24.373188349496587,35.09782609021359,73.044136,9590399.752807617,0.011016398,-0.015963513,73.372795
24.40217392316393,35.07246365433351,77.73675,13219200.370788574,0.023884654,-0.00713611,72.74988
24.40579722439643,35.07608730649443,81.130585,12700799.969100952,0.024443319,-0.02413336,71.718925
24.340579657513896,35.072464168316,77.031204,15897599.886703491,0.011837536,-0.020738294,72.666985
24.282608510179216,35.10869565592019,73.044136,518399.99034404755,-0.0501218,0.00024896953,73.22606
24.626811465810288,35.05797113185407,83.9315,432000.01480579376,0.00025459751,0.016537994,72.63162
24.43478251062254,35.050724689208764,81.254395,10799999.95880127,0.017886981,-0.019249065,71.83848
24.528985389862203,35.079710263267266,73.800804,16243199.788856506,0.023661088,-0.030643964,73.40798
24.782608584568965,35.06521774078783,85.492004,12441599.768257141,0.022162883,-0.022691915,73.10985
24.62318819070881,35.09782625650204,81.14894,10886399.660110474,0.010139883,-0.021449069,72.457405
24.72463775080654,35.097825908808005,83.506035,777599.9855160713,0.006782191,0.00037681125,72.51408
24.24275355543479,35.275361916886446,83.709785,6480000.084972382,-0.01942944,-0.029731547,71.825035
24.3913043591697,35.05434799367564,86.750465,17279999.49531555,0.0076079797,-0.022455005,71.4907
24.3985509616347,35.079710263267266,82.39983,15724800.484085083,0.021957528,-0.02457192,71.352875
24.518115930392057,35.170290078269815,76.7112,14169600.375938416,0.03414799,-0.02619998,73.028984
24.293478074173446,35.130434424522214,78.52256,12960000.169944763,0.015744558,-0.019256236,72.06762
24.16304339770124,35.14130418675153,77.183464,10368000.35533905,0.023088185,-0.014317568,73.06211
24.351449221508126,35.36231895652174,77.53338,10368000.35533905,0.028309014,-0.0066584796,73.00208
24.521739153231497,35.18115965909355,80.50853,259199.99517202377,0.018190555,-0.016347399,72.78365
24.15942034471344,35.02536261613985,84.04098,6047999.933052063,-0.009461174,-0.025228033,70.53054
24.626811465810288,35.05797113185407,83.9315,13910400.175094604,0.034185156,-0.010009937,72.265236
24.782608584568965,35.06521774078783,85.492004,15897599.886703491,0.030911796,-0.027035797,72.836685
24.33695651306752,35.26449269887389,75.24537,14687999.680709839,0.020050269,-0.016130848,73.07041
24.278985653174068,35.159420527680346,80.15937,4406400.123596191,-0.06906714,-0.02607652,71.410446
24.202898613755877,35.17753635462667,82.22561,8294399.845504761,0.014414356,0.0044998806,70.79644
24.365941903817713,35.11594190204278,77.940506,9244799.850654602,-0.0047966912,-0.006610371,72.88137
24.72463775080654,35.097825908808005,83.506035,8553600.046348572,0.0013393387,-0.0012740083,73.15738
24.507246418659868,35.018115659512056,74.98295,15638399.68585968,0.013701323,-0.014889911,73.794754
24.177536001617764,35.01449252133363,77.3516,17452799.99485016,-0.0047746655,-0.03179747,72.27192
24.55072462237475,35.07608730649443,88.70044,12441599.768257141,0.027464477,-0.020935623,71.96044
24.177536001617764,35.01449252133363,77.3516,2937599.9909877777,-0.028157303,-0.015402243,72.58141
24.409420264318722,35.097825908808005,75.01247,15983999.588012695,0.019739348,-0.017531468,73.23995
24.782608584568965,35.06521774078783,85.492004,14342399.778556824,0.03225111,-0.024797564,72.9766
24.481884276880134,35.21376834109622,79.042,1382400.019955635,0.015323049,-0.028388387,72.85796
24.579710091518006,35.06884069756067,84.24473,3974399.971675873,-0.0359322,0.002368874,72.50403
24.471014503837736,35.137681214861566,84.09494,10886399.660110474,0.014638625,-0.025354194,72.026306
24.351449221508126,35.36231895652174,77.53338,15120000.381088257,0.025157357,-0.02341043,71.703514
24.75362311542571,35.148550251468535,82.31272,16675200.489234924,-0.0023157764,-0.013714911,72.391624
24.507246627708035,35.15217355593542,72.15966,4665599.775981903,-0.030188782,-0.002756996,73.632866
24.619565229179578,35.18478278215484,82.255135,6307200.133895874,0.002276808,-0.010747863,72.74701
24.53985505838052,35.14492730981283,78.72631,3715200.0450611115,-0.019172342,0.020243285,72.72055
24.409420342711783,35.02898555779556,73.23672,16588799.691009521,0.0074556787,-0.0237556,73.23013
24.2137679164399,35.101449394680465,78.1842,15724800.484085083,0.021833334,-0.027038628,71.80513
24.152173912100075,34.942029039701325,85.189964,1814400.0347614288,-0.008959653,-0.04144399,70.467926
24.35507260113369,35.04710138474188,76.478294,7084800.187969208,-0.027460141,-0.029172545,73.38973
24.373188532413735,34.85507217391305,83.68782,6566399.786281586,-0.027852973,-0.020970395,72.05929
24.275362351941567,35.02173896397893,79.32639,16156800.087547302,0.008993296,-0.030237647,71.881355
24.85869584610084,35.31159408476158,76.05999,3456000.11844635,-0.018524135,0.0113331,74.26392
24.268116089179838,35.07971042955572,81.07262,11491199.7631073,0.018407706,-0.025125524,71.13888
24.800724541980035,35.0326085145684,80.91604,15120000.381088257,0.038133003,0.004871821,72.967125
24.782608845879178,35.07246365433351,80.82854,8208000.144195557,-0.001131393,0.01493575,72.69384
24.003623304347823,35.192029209683014,80.788605,7171199.889278412,-0.014426043,0.004320679,70.14615
24.528985389862203,35.079710263267266,73.800804,8812800.247192383,-0.0045212694,-0.009616744,72.882614
24.3985509616347,35.079710263267266,82.39983,3628800.0695228577,-0.019199302,0.014632023,71.87112
24.373188532413735,34.85507217391305,83.68782,13391999.773406982,0.039298896,-0.039707884,72.033066
24.518115930392057,35.170290078269815,76.7112,13478399.474716187,0.03346204,-0.02487052,72.935844
24.586956589458925,35.03623181903528,81.050644,14515200.27809143,0.0314931,-0.012047211,72.649185
24.40217392316393,35.07246365433351,77.73675,2678400.0643730164,-0.014225872,-0.016214581,72.12499
24.409420264318722,35.137681214861566,85.684586,2246400.0495672226,-0.03872343,-0.01440417,72.043625
24.409420264318722,35.097825908808005,75.01247,7862400.2420425415,-0.0155499,0.014357427,73.5535
24.55072462237475,35.07608730649443,88.70044,13910400.175094604,0.033210427,-0.021029724,71.9459
24.677536062942007,35.07971042955572,84.775665,16675200.489234924,0.013989698,-0.03645631,72.38492
24.06159400092239,35.235507653915,77.223785,3023999.9665260315,-0.067852944,-0.061532862,72.75683
24.15217408195171,35.09782609021359,90.079155,3974399.971675873,-0.022607768,-0.04853995,72.15862
24.782608845879178,35.07246365433351,80.82854,5011200.226593018,-0.030464811,-0.004842,72.56148
24.423912946628306,35.16304383214723,83.815254,10799999.95880127,0.021944685,-0.024507975,71.88568
24.423912946628306,35.16304383214723,83.815254,11836799.665260315,0.021064414,-0.02885559,71.79748
24.202898613755877,35.17753635462667,82.22561,2592000.0888347626,-0.051891692,-0.049117632,71.239174
24.55434784521419,35.039855304907746,78.730316,14342399.778556824,0.02705638,-0.010112703,73.05929
24.32608705359737,35.05434782738719,80.59564,16588799.691009521,0.017070448,-0.026138468,71.73987
24.271739312019278,35.0833337340226,74.97577,16243199.788856506,0.022132084,-0.019978309,72.75267
24.53985505838052,35.14492730981283,78.72631,18316800.298690796,0.012361525,-0.02602105,72.31839
24.409420264318722,35.097825908808005,75.01247,1900800.0102996826,-0.05242756,-0.014137913,73.051125
24.351449221508126,35.36231895652174,77.53338,17539199.696159363,0.024733657,-0.029512437,71.943054
24.619565229179578,35.18478278215484,82.255135,16243199.788856506,0.008879625,-0.035926126,71.833084
24.409420342711783,35.02898555779556,73.23672,8380800.095272064,-0.021618055,0.016067827,73.141556
24.800724541980035,35.0326085145684,80.91604,7430400.090122223,-0.002960274,0.019969355,72.514694
24.55434784521419,35.039855304907746,78.730316,14515200.27809143,0.026144484,-0.010747375,73.073906
24.423912946628306,35.13405791039468,84.735344,4579200.074672699,-0.03536918,-0.004660504,71.995445
24.40579730278949,34.98550712868071,82.545616,5615999.781131744,-0.03236252,0.0015221834,71.882126
24.655797039477626,35.09782643790763,82.953125,4492800.099134445,-0.02513173,0.0013856236,72.76026
24.481884276880134,35.21376834109622,79.042,12355200.066947937,0.02053206,-0.021163637,72.48162
24.409420342711783,35.02898555779556,73.23672,4233599.898290634,-0.026761508,0.0053933775,72.93888
24.49275373635028,34.95652190987481,78.13308,12614400.267791748,0.013700349,-0.0044702664,72.99508
24.46739112421217,35.10507235145331,77.031204,3628800.0695228577,-0.02106365,-0.012841051,72.42859
24.507246627708035,35.15217355593542,72.15966,2159999.936914444,-0.03094468,-0.021483479,73.76906
24.525362323808892,35.01449270273921,80.76379,259199.99517202377,0.0058996417,0.0132936295,72.686485
24.677536062942007,35.07971042955572,84.775665,15379199.48501587,0.025502719,-0.02740561,72.45325
24.623188347494935,34.98550731008629,86.27349,9935999.654960632,0.024472019,-0.013501991,72.43184
24.731884091961334,34.88405773852335,82.62194,3542400.093984604,-0.020761298,-0.0077679753,71.59544
24.47463793572534,35.15579704180788,74.131996,6047999.933052063,-0.028645342,-0.012058286,73.2948
24.528985389862203,35.079710263267266,73.800804,6393599.835205078,-0.056693308,-0.021762861,72.60113
24.268116089179838,35.07971042955572,81.07262,172800.00249445438,-0.039106034,0.009478578,72.08288
24.40217392316393,35.07246365433351,77.73675,2851200.015449524,-0.01586158,-0.016619615,72.125145
24.33695651306752,35.26449269887389,75.24537,12787199.670410156,0.016291486,-0.022750726,74.26085
24.586956589458925,35.03623181903528,81.050644,8553600.046348572,-0.0063428488,0.019246217,72.34446
24.85869584610084,35.31159408476158,76.05999,11750399.96395111,0.035262924,-0.015335264,72.55146
24.32608705359737,35.05434782738719,80.59564,7948799.943351746,-0.0012571346,-0.030412583,71.35795
24.068840433535758,35.17753635462667,82.62194,17020800.39138794,0.03074108,-0.02061074,70.34837
24.518115930392057,35.170290078269815,76.7112,8380800.095272064,0.00024817884,-0.0062138587,72.8421
24.677536062942007,35.07971042955572,84.775665,2332799.8879909515,-0.023463612,0.0017347457,72.71801
24.32608705359737,35.05434782738719,80.59564,12268800.365638733,0.022177558,-0.023451077,71.46001
24.409420342711783,35.02898555779556,73.23672,14169600.375938416,0.017400566,-0.01254243,72.939545
24.409420264318722,35.137681214861566,85.684586,14687999.680709839,0.025826585,-0.009046311,71.77746
24.677536062942007,35.07971042955572,84.775665,6912000.2368927,0.0084567815,-0.015614925,72.815285
24.49275373635028,34.95652190987481,78.13308,10108800.15449524,-0.004588127,-0.012263391,72.6783
24.16304339770124,35.14130418675153,77.183464,604799.9658823013,-0.06120787,-0.06253263,72.857506
24.728260869121893,35.15579704180788,79.23173,4924799.976825714,-0.024688816,0.012993473,73.07458
24.47463793572534,35.15579704180788,74.131996,10972800.458335876,0.023984177,-0.029738909,72.97682
24.57608686867857,35.22463755910878,78.28966,15465600.283241272,0.020106377,-0.024886517,72.54483
24.47463793572534,35.15579704180788,74.131996,17193599.794006348,0.029665925,-0.025996557,73.12452
24.15942034471344,35.02536261613985,84.04098,5529600.07982254,-0.01632628,-0.019146642,70.46711
24.373188532413735,34.85507217391305,83.68782,10713600.257492065,0.013691045,-0.02716853,71.87764
24.35507260113369,35.04710138474188,76.478294,1900800.0102996826,-0.019049237,-0.011795392,72.449036
24.06159400092239,35.235507653915,77.223785,12009600.164794922,0.04524765,-0.040026896,71.98145
24.572463802625258,35.028985391507106,77.31845,11231999.562263489,0.010475626,-0.021668365,72.80128
24.242753659958876,34.931159481553294,83.59315,10108800.15449524,0.0211433,-0.0042333473,70.98208
24.068840433535758,35.17753635462667,82.62194,8467199.796581268,0.016876437,-0.025922814,70.02592
24.43478277193275,35.06521686399416,78.38795,2159999.936914444,-0.015250465,-0.013725398,72.16241
24.57246390714934,35.13405809180027,82.83649,11059200.15964508,0.022633635,-0.017749356,72.28363
24.351449221508126,35.36231895652174,77.53338,5788799.732208252,-0.011287758,-0.020131206,73.45125
24.471014503837736,35.137681214861566,84.09494,8726399.99742508,0.002283737,0.0020435005,72.03512
24.068840433535758,35.17753635462667,82.62194,16675200.489234924,0.031456865,-0.0189029,70.28092
24.40217392316393,35.07246365433351,77.73675,1814400.0347614288,-0.0026117917,-0.011667833,72.18253
24.62318819070881,35.09782625650204,81.14894,4060799.9472141266,-0.030946152,0.010435908,72.447815
24.52536253285706,35.05797113185407,79.99595,1987199.9858379364,-0.011088314,-0.00407123,72.4323
24.62318819070881,35.09782625650204,81.14894,14601599.979400635,0.029858463,-0.022611978,72.497215
24.351449221508126,35.36231895652174,77.53338,1728000.059223175,-0.06337927,-0.06546215,72.41623
24.442029139218562,35.043478080275,76.86345,12787199.670410156,0.018668028,-0.021061717,73.218864
24.373188349496587,35.09782609021359,73.044136,10108800.15449524,0.015679702,-0.016731327,73.31945
24.655797039477626,35.09782643790763,82.953125,9244799.850654602,0.015564586,-0.0064253025,72.74464
24.171296292717127,35.10648163098043,78.049835,86400.00124722719,-0.050558485,-0.003618855,72.035416
24.641304357168043,34.938405387540406,81.3883,13478399.474716187,0.027411062,-0.018651655,72.6392
24.33695651306752,35.26449269887389,75.24537,13391999.773406982,0.01810811,-0.018890856,73.87751
24.52536253285706,35.05797113185407,79.99595,13996799.876403809,0.023888934,-0.017883321,72.559326
24.3913043591697,35.05434799367564,86.750465,3196799.917602539,-0.030280488,-0.018148443,71.651985
24.731884091961334,34.88405773852335,82.62194,15638399.68585968,0.016863259,0.0015144255,72.81997
24.623188347494935,34.98550731008629,86.27349,9331199.551963806,0.019050268,-0.005854586,72.518875
24.43478277193275,35.06521686399416,78.38795,1987199.9858379364,-0.013557566,-0.013916124,72.18013
24.619565229179578,35.18478278215484,82.255135,17625600.494384766,0.001866132,-0.032408,71.62011
24.286231733018653,35.16304365074164,82.86601,16156800.087547302,0.0149015365,-0.029639209,70.651665
24.62318819070881,35.09782625650204,81.14894,13132799.572563171,0.027641552,-0.017902767,72.51872
24.46739112421217,35.10507235145331,77.031204,12009600.164794922,0.021328142,-0.018733775,72.96162
24.242753659958876,34.931159481553294,83.59315,18230399.500465393,0.004098611,-0.039183818,71.79039
24.282608510179216,35.10869565592019,73.044136,5097599.927902222,-0.045982912,-0.017465794,73.325226
24.33695651306752,35.26449269887389,75.24537,12700799.969100952,0.015998725,-0.023402618,74.31194
24.521739153231497,35.18115965909355,80.50853,86400.00124722719,0.018040627,-0.017389184,72.80778
24.75362311542571,35.148550251468535,82.31272,1123200.0247836113,-0.031807512,0.020595036,72.45813
24.442029139218562,35.043478080275,76.86345,3974399.971675873,-0.027467383,-0.008062294,72.11864
24.17028990870767,35.119565206509655,75.23819,3023999.9665260315,-0.033803336,-0.020713298,73.90957
24.55072462237475,35.07608730649443,88.70044,16502399.989700317,0.019346697,-0.038362443,72.17102
24.43478277193275,35.06521686399416,78.38795,3110399.9420642853,-0.022430064,-0.013435449,72.11277
24.2137679164399,35.101449394680465,78.1842,1900800.0102996826,0.000373533,-0.024268301,72.13017
24.202898613755877,35.17753635462667,82.22561,9244799.850654602,0.026529973,-0.007427383,70.86668
24.40579722439643,35.07608730649443,81.130585,10886399.660110474,0.020101065,-0.02406664,71.729515
24.3985509616347,35.079710263267266,82.39983,5702400.030899048,-0.014077114,0.002765512,71.5095
24.782608584568965,35.06521774078783,85.492004,9935999.654960632,0.018374737,-0.005386036,73.27266
24.16304339770124,35.14130418675153,77.183464,1123200.0247836113,-0.05641573,-0.059644103,72.85303
24.608695560661264,35.210145036629335,80.071884,16329599.49016571,0.007784413,-0.022264471,72.05118
24.731883987437246,34.999999998854186,80.17734,18403200.0,0.02105304,-0.021681136,73.60868
24.268116089179838,35.07971042955572,81.07262,13824000.4737854,0.02677535,-0.021605736,70.97651
24.278985653174068,35.159420527680346,80.15937,16761600.190544128,-0.0026424676,-0.021078186,71.25563
24.152173912100075,34.942029039701325,85.189964,11664000.262641907,0.031972535,-0.01372732,71.67594
24.373188349496587,35.09782609021359,73.044136,13564800.27294159,0.025253722,-0.027856817,72.953
24.235507135886934,35.09782643790763,86.62735,3369599.8686790466,-0.020231107,0.009321751,71.08243
24.507246627708035,35.15217355593542,72.15966,0.0,-0.030268027,-0.00790487,72.77304
24.655797039477626,35.09782643790763,82.953125,2332799.8879909515,-0.017578112,-0.0029645897,72.630745
24.507246418659868,35.018115659512056,74.98295,3456000.11844635,-0.02148013,-0.005288208,72.21576
24.32608705359737,35.05434782738719,80.59564,5270399.878978729,-0.018187081,-0.02548174,71.52519
24.242753659958876,34.931159481553294,83.59315,9071999.899578094,0.018252019,0.015926782,71.01883
24.293478074173446,35.130434424522214,78.52256,950400.0051498413,-0.0409815,-0.030481087,72.67729
24.286231733018653,35.16304365074164,82.86601,3801600.0205993652,-0.01066974,-0.029477334,71.09597
24.15217408195171,35.09782609021359,90.079155,345600.00498890877,0.009819953,-0.043631837,71.02855
24.423912946628306,35.13405791039468,84.735344,864000.0296115875,-0.027831273,0.01051231,72.4188
24.880434869565217,35.11594208344836,73.60822,2592000.0888347626,-0.035005093,-0.0046783537,73.630486
24.358695745580064,35.14492749121842,79.46463,12527999.469566345,0.020171605,-0.017622417,72.009224
24.677536062942007,35.07971042955572,84.775665,8899199.948501587,0.021376884,-0.010046868,73.009125
24.409420264318722,35.097825908808005,75.01247,11923200.463485718,0.017544966,-0.0127013195,73.318436
24.275362351941567,35.02173896397893,79.32639,3023999.9665260315,-0.03895118,-0.01561632,71.98413
24.528985389862203,35.079710263267266,73.800804,5529600.07982254,-0.057226405,-0.0184312,72.69603
24.32608705359737,35.05434782738719,80.59564,6652800.036048889,-0.0091768615,-0.03228724,71.382065
24.373188349496587,35.09782609021359,73.044136,7171199.889278412,-0.016474193,-0.022567594,73.107834
24.579710091518006,35.06884069756067,84.24473,11145599.860954285,0.021633027,-0.016517052,72.31501
24.235507135886934,35.09782643790763,86.62735,13478399.474716187,0.028711436,-0.0244203,72.28055
24.782608845879178,35.07246365433351,80.82854,15292799.783706665,0.026848353,-0.013162479,72.768295
24.521739153231497,35.18115965909355,80.50853,1555199.9710321426,0.0002486091,-0.006908046,72.92144
24.365941903817713,35.11594190204278,77.940506,6652800.036048889,-0.023006545,-0.008867089,72.601685
24.409420342711783,35.02898555779556,73.23672,11577599.464416504,0.013272189,-0.016858548,73.19787
24.409420264318722,35.097825908808005,75.01247,12182399.56741333,0.018534938,-0.011126542,73.31703
24.003623304347823,35.192029209683014,80.788605,14687999.680709839,0.032381766,-0.016961493,70.532166
24.409420342711783,35.02898555779556,73.23672,17366400.293540955,0.00344792,-0.02272754,73.290565
24.202898613755877,35.17753635462667,82.22561,5097599.927902222,-0.046363212,-0.03034409,70.829155
24.06159400092239,35.235507653915,77.223785,16761600.190544128,0.029263908,-0.045281455,71.09525
24.49275373635028,35.04710138474188,79.64641,5875199.981975555,-0.028407821,-0.005228065,72.046394
24.003623304347823,35.192029209683014,80.788605,4752000.025749207,-0.061845288,-0.044401407,70.312065
24.576087129988778,34.96376817111452,80.53768,18057600.097846985,0.013343208,-0.028703457,73.314186
24.068840433535758,35.050724689208764,75.1399,3196799.917602539,-0.059117764,-0.0102088675,72.89698
24.5036234048686,34.94565269942081,84.86278,9244799.850654602,0.013597196,0.00072697084,72.44943
24.518115930392057,35.170290078269815,76.7112,17020800.39138794,0.021960009,-0.030006895,73.09644
24.409420264318722,35.097825908808005,75.01247,15551999.984550476,0.021808978,-0.014461894,73.223915
24.373188532413735,34.85507217391305,83.68782,16070400.386238098,0.0201207,-0.058654338,71.86768
24.579710091518006,35.06884069756067,84.24473,6134400.182819366,-0.02538185,0.0028931098,72.381905
24.572463802625258,35.028985391507106,77.31845,12355200.066947937,0.015430959,-0.015645077,73.09459
24.85869584610084,35.31159408476158,76.05999,6825599.987125397,-0.024617167,0.016598858,73.803696
24.507246627708035,35.15217355593542,72.15966,6912000.2368927,-0.017875815,0.012353562,72.982086
24.15217408195171,35.09782609021359,90.079155,16675200.489234924,0.021252846,-0.0363587,71.3627
24.728260869121893,35.15579704180788,79.23173,15120000.381088257,0.029226892,-0.02041678,73.16898
24.60144921950647,34.9456523441682,85.40489,15465600.283241272,0.029489812,-0.037977517,72.748634
24.423912946628306,35.13405791039468,84.735344,9331199.551963806,0.01584041,-0.013740158,71.88387
24.35507260113369,35.04710138474188,76.478294,2937599.9909877777,-0.030433295,-0.01626735,72.43636
24.525362323808892,35.01449270273921,80.76379,7257600.139045715,-0.027496,0.013280739,71.97215
24.202898613755877,35.17753635462667,82.22561,1987199.9858379364,-0.047638245,-0.051451907,71.38957
24.271739312019278,35.0833337340226,74.97577,7343999.840354919,-0.014724987,-0.010454826,74.23261
24.731884091961334,34.88405773852335,82.62194,6652800.036048889,-0.010882666,0.023401674,71.11504
24.60144921950647,34.9456523441682,85.40489,518399.99034404755,0.013145354,0.004928097,71.914856
24.442029139218562,35.043478080275,76.86345,5184000.177669525,-0.030429231,-0.009820508,72.28231
24.141304256647267,35.05072417522627,80.839714,8639999.747657776,-0.013552716,-0.0171498,70.40267
24.579710091518006,35.06884069756067,84.24473,6393599.835205078,-0.023608541,0.0029070126,72.38212
24.782608845879178,35.07246365433351,80.82854,5356800.128746033,-0.02963476,-0.0018309876,72.60531
24.57246390714934,35.13405809180027,82.83649,13737599.675559998,0.022242319,-0.02157337,72.08109
24.141304256647267,35.05072417522627,80.839714,17712000.19569397,0.0047294497,-0.031190885,71.645164
24.340579657513896,35.072464168316,77.031204,6998399.938201904,-0.03332459,-0.013903929,73.183975
24.521739153231497,35.18115965909355,80.50853,8121599.894428253,0.011466127,-0.00066893734,72.31114
24.340579657513896,35.072464168316,77.031204,3369599.8686790466,-0.027934538,-0.017889412,72.398186
24.32608705359737,35.05434782738719,80.59564,2937599.9909877777,-0.0234858,-0.027407223,71.92277
24.880434869565217,35.11594208344836,73.60822,1987199.9858379364,-0.026314346,-0.007019533,73.610596
24.782608845879178,35.07246365433351,80.82854,14515200.27809143,0.028972756,-0.0109403655,72.84048
24.152173912100075,34.942029039701325,85.189964,4060799.9472141266,-0.03554722,-0.031177012,70.54963
24.068840433535758,35.17753635462667,82.62194,10454400.056648254,0.026206959,-0.024208793,70.024994
24.53985505838052,35.14492730981283,78.72631,2592000.0888347626,-0.008484483,0.015323222,72.71284
24.481884276880134,35.21376834109622,79.042,6134400.182819366,-0.018291013,-0.0021288637,72.79705
24.3985509616347,35.079710263267266,82.39983,3110399.9420642853,-0.017553737,0.01015483,71.94405
24.3913043591697,35.05434799367564,86.750465,17798399.897003174,-0.00079438277,-0.020790225,71.42646
24.336956356281394,35.12681217825459,78.56935,13391999.773406982,0.019328613,-0.014645362,72.08876
24.525362323808892,35.01449270273921,80.76379,13564800.27294159,0.02983428,-0.01232353,72.43922
24.525362323808892,35.01449270273921,80.76379,9763200.252342224,0.014558123,0.0015406208,72.14382
24.53985505838052,35.14492730981283,78.72631,5443199.830055237,-0.01818888,0.016013246,72.62056
24.40579722439643,35.07608730649443,81.130585,9504000.051498413,0.019857997,-0.013984943,71.734215
24.572463802625258,35.028985391507106,77.31845,10799999.95880127,0.0097969035,-0.020650236,72.707146
24.40579722439643,35.07608730649443,81.130585,4579200.074672699,-0.023988308,0.0030858116,71.761986
24.268116089179838,35.07971042955572,81.07262,345600.00498890877,-0.03920663,0.008939643,72.065025
24.15217408195171,35.09782609021359,90.079155,3196799.917602539,-0.01885661,-0.049040794,71.83023
24.626811465810288,35.05797113185407,83.9315,7775999.992275238,-0.0127964895,0.009495761,72.565186
24.619565229179578,35.18478278215484,82.255135,11664000.262641907,0.018800475,-0.024560908,72.40118
24.141304256647267,35.05072417522627,80.839714,13651199.974250793,0.028623259,-0.021464603,70.850845
24.2137679164399,35.101449394680465,78.1842,6480000.084972382,-0.005088281,-0.027072335,72.13797
24.85869584610084,35.31159408476158,76.05999,4492800.099134445,-0.024065824,0.012312091,74.20184
24.423912946628306,35.13405791039468,84.735344,1382400.019955635,-0.029624337,0.007448122,72.35223
24.068840433535758,35.17753635462667,82.62194,11404800.061798096,0.03002555,-0.021730138,70.03945
24.373188532413735,34.85507217391305,83.68782,14428799.479866028,0.03599998,-0.04789383,71.954315
24.782608584568965,35.06521774078783,85.492004,16675200.489234924,0.024158143,-0.030275093,72.743614
24.235507135886934,35.09782643790763,86.62735,172800.00249445438,-0.007864693,0.02696182,71.751335
24.40579722439643,35.07608730649443,81.130585,7343999.840354919,0.01129418,-0.012950217,71.585106
24.409420342711783,35.02898555779556,73.23672,5097599.927902222,-0.033118576,0.0071354546,72.96157
24.268116089179838,35.07971042955572,81.07262,7257600.139045715,-0.018052904,-0.025612505,70.974464
24.373188349496587,35.09782609021359,73.044136,17971200.39653778,0.014404849,-0.03311921,73.083755
24.373188532413735,34.85507217391305,83.68782,4406400.123596191,-0.035508476,-0.006324606,72.05337
24.202898613755877,35.17753635462667,82.22561,9331199.551963806,0.026869427,-0.008707158,70.87139
24.32608705359737,35.05434782738719,80.59564,3023999.9665260315,-0.02328507,-0.02733375,71.9092
24.365941903817713,35.11594190204278,77.940506,6480000.084972382,-0.023245627,-0.009639418,72.576485
24.293478074173446,35.130434424522214,78.52256,5702400.030899048,-0.025037443,-0.026848694,72.10938
24.85869584610084,35.31159408476158,76.05999,11577599.464416504,0.03405588,-0.016042396,72.595146
24.152173912100075,34.942029039701325,85.189964,13219200.370788574,0.033687614,-0.0112441555,72.12672
24.24275355543479,35.275361916886446,83.709785,17366400.293540955,0.007999302,-0.038853645,70.585846
24.141304256647267,35.05072417522627,80.839714,11750399.96395111,0.021484468,-0.022215689,70.63745
24.655797039477626,35.09782643790763,82.953125,11923200.463485718,0.017952384,-0.02130556,72.568375
24.43478251062254,35.050724689208764,81.254395,6566399.786281586,-0.017053125,-0.013868606,71.71077
24.514492864338745,35.152173737341,77.98083,13391999.773406982,0.027989095,-0.025696425,72.580444
24.40579722439643,35.07608730649443,81.130585,1209599.9317646027,0.003780095,-0.019570528,72.50261
24.608695560661264,35.210145036629335,80.071884,6307200.133895874,-0.008384934,0.013754666,72.87025
24.373188532413735,34.85507217391305,83.68782,172800.00249445438,0.010142459,0.01567658,71.32048
24.507246627708035,35.15217355593542,72.15966,345600.00498890877,-0.03063226,-0.011301717,72.899704
24.75362311542571,35.148550251468535,82.31272,5529600.07982254,-0.025868466,0.008470461,73.10587
24.43478251062254,35.050724689208764,81.254395,3023999.9665260315,-0.010758335,-0.016470522,72.0905
24.503623143558386,34.916666955294566,80.479385,18230399.500465393,-0.00981098,0.008460609,73.31315
24.623188347494935,34.98550731008629,86.27349,15638399.68585968,0.03952586,-0.03299977,72.95602
24.521739153231497,35.18115965909355,80.50853,864000.0296115875,0.012672236,-0.012534609,72.8026
24.3985509616347,35.079710263267266,82.39983,11577599.464416504,0.022380887,-0.025090681,71.52905
24.471014503837736,35.137681214861566,84.09494,6566399.786281586,-0.024842916,0.0032381741,72.07965
24.518115930392057,35.170290078269815,76.7112,6998399.938201904,-0.017635515,-0.0053037778,72.69851
24.16304339770124,35.14130418675153,77.183464,13824000.4737854,0.026356526,-0.008195154,72.42068
24.286231733018653,35.16304365074164,82.86601,12095999.866104126,0.026014809,-0.022806918,71.03267
24.731884091961334,34.88405773852335,82.62194,8380800.095272064,-0.0066890717,0.006563438,71.336205
24.409420264318722,35.137681214861566,85.684586,6134400.182819366,-0.021520851,0.012042599,72.09924
24.731883987437246,34.999999998854186,80.17734,18057600.097846985,0.01878702,-0.02362035,73.59875
24.358695745580064,35.14492749121842,79.46463,1296000.0444173813,-0.04207281,0.008546557,72.42941
24.75362311542571,35.148550251468535,82.31272,6825599.987125397,-0.018015271,0.011445897,73.19314
24.40217392316393,35.07246365433351,77.73675,16243199.788856506,0.0067826966,-0.010939235,72.679344
24.141304256647267,35.05072417522627,80.839714,13132799.572563171,0.028459344,-0.0202625,70.78406
24.46739112421217,35.10507235145331,77.031204,3369599.8686790466,-0.020303441,-0.012963835,72.44375
24.40579722439643,35.07608730649443,81.130585,5011200.226593018,-0.0217102,0.0018848339,71.694336
24.35507260113369,35.04710138474188,76.478294,6998399.938201904,-0.028015299,-0.029455816,73.36004
24.659420157792983,35.13768139626715,82.9603,13046399.871253967,0.024479559,-0.019841311,72.507
24.85869584610084,35.31159408476158,76.05999,18403200.0,0.029927779,-0.03008314,71.46487
24.351449221508126,35.36231895652174,77.53338,17279999.49531555,0.025173128,-0.029141558,71.92982
24.373188349496587,35.09782609021359,73.044136,7084800.187969208,-0.016417483,-0.022293253,73.08597
24.731884091961334,34.88405773852335,82.62194,10713600.257492065,0.026203316,-0.008824592,71.38289
24.003623304347823,35.192029209683014,80.788605,6912000.2368927,-0.02181865,0.00024853554,70.133934
24.134057993885538,35.130434787333385,80.741425,3456000.11844635,-0.071054034,-0.038602702,71.30999
24.503623143558386,34.916666955294566,80.479385,1468799.9954938889,-0.0028324537,-0.0192572,72.09508
24.43478277193275,35.06521686399416,78.38795,5961600.231742859,-0.027418585,-0.0054508243,72.197365
24.35507260113369,35.04710138474188,76.478294,15292799.783706665,0.013996747,-0.00031908415,72.97837
24.373188532413735,34.85507217391305,83.68782,16502399.989700317,0.018075341,-0.05952709,71.913574
24.202898613755877,35.17753635462667,82.22561,5788799.732208252,-0.035109,-0.021311028,70.768364
24.340579657513896,35.072464168316,77.031204,8208000.144195557,-0.021023141,-6.955583e-05,73.43244
24.514492864338745,35.152173737341,77.98083,15724800.484085083,0.01825675,-0.029354481,72.66417
24.626811465810288,35.05797113185407,83.9315,17020800.39138794,0.022797888,-0.021278622,72.289474
24.336956356281394,35.12681217825459,78.56935,2764800.03991127,-0.033633582,-0.0070240926,72.33394
24.24275355543479,35.275361916886446,83.709785,15983999.588012695,0.015578439,-0.038083598,70.707115
24.409420264318722,35.137681214861566,85.684586,11836799.665260315,0.020367911,-0.016617142,71.9263
24.5036234048686,34.94565269942081,84.86278,13219200.370788574,0.032604232,-0.03513954,72.14625
24.2137679164399,35.101449394680465,78.1842,1468799.9954938889,0.005956549,-0.022295674,72.12672
24.586956589458925,35.03623181903528,81.050644,11404800.061798096,0.024732027,-0.0120593235,72.43717
24.275362351941567,35.02173896397893,79.32639,11923200.463485718,0.021080768,-0.030027745,71.967125
24.3913043591697,35.05434799367564,86.750465,15379199.48501587,0.022971777,-0.020437324,71.60268
24.55434784521419,35.039855304907746,78.730316,12441599.768257141,0.025083162,-0.012036614,72.95694
24.373188349496587,35.09782609021359,73.044136,17107200.092697144,0.01798508,-0.035133816,73.12066
24.880434869565217,35.11594208344836,73.60822,9244799.850654602,0.006854336,0.0067925625,73.72358
24.5036234048686,34.94565269942081,84.86278,16934399.593162537,0.018672187,-0.051993757,72.735435
24.57608686867857,35.22463755910878,78.28966,15897599.886703491,0.016882682,-0.026542442,72.54859
24.152173912100075,34.942029039701325,85.189964,17193599.794006348,0.0082989205,-0.031088369,72.331505
24.46739112421217,35.10507235145331,77.031204,8380800.095272064,-0.006345231,0.015149942,72.86301
24.800724541980035,35.0326085145684,80.91604,8380800.095272064,0.01225673,0.014186572,72.50541
24.32608705359737,35.05434782738719,80.59564,3110399.9420642853,-0.023073705,-0.0272555,71.89563
24.471014503837736,35.137681214861566,84.09494,86400.00124722719,0.016703513,-0.004523365,72.71441
24.271739312019278,35.0833337340226,74.97577,16847999.891853333,0.021251824,-0.020573659,72.76086
24.340579735906957,35.22101461745307,78.71513,1209599.9317646027,-0.026018163,-0.02963241,72.60857
24.340579657513896,35.072464168316,77.031204,16156800.087547302,0.01098511,-0.021697251,72.67888
24.068840433535758,35.17753635462667,82.62194,12268800.365638733,0.034047198,-0.017236205,70.02576
24.40579730278949,34.98550712868071,82.545616,8812800.247192383,-0.0004139524,-0.012778353,71.65519
24.06159400092239,35.235507653915,77.223785,11577599.464416504,0.044260353,-0.040593266,72.124825
24.586956589458925,35.03623181903528,81.050644,17539199.696159363,0.0047555696,-0.032964855,72.63012
24.471014503837736,35.137681214861566,84.09494,777599.9855160713,0.0056915926,-0.008095728,72.7265
24.06159400092239,35.235507653915,77.223785,1987199.9858379364,-0.0806738,-0.058419876,72.59492
24.365941903817713,35.11594190204278,77.940506,1296000.0444173813,-0.028971152,-0.0067038015,72.67511
24.409420185925658,35.126811301460926,78.58091,1123200.0247836113,-0.0022230502,-0.014577741,72.71928
24.507246627708035,35.15217355593542,72.15966,15292799.783706665,0.022246456,-0.019540401,72.31427
24.409420342711783,35.02898555779556,73.23672,7257600.139045715,-0.030814318,0.01535367,73.08599
24.134057993885538,35.130434787333385,80.741425,14169600.375938416,0.028606543,0.003068978,70.732574
24.49275373635028,34.95652190987481,78.13308,14515200.27809143,0.015233487,0.0076567307,73.18558
24.068840433535758,35.17753635462667,82.62194,8208000.144195557,0.014895112,-0.0266297,70.0283
24.528985389862203,35.079710263267266,73.800804,15983999.588012695,0.025206706,-0.03009949,73.36006
24.782608584568965,35.06521774078783,85.492004,15811200.185394287,0.03143184,-0.026606807,72.8464
24.43478277193275,35.06521686399416,78.38795,864000.0296115875,-0.0062815584,-0.016902292,72.39798
24.17028990870767,35.119565206509655,75.23819,518399.99034404755,-0.051240735,-0.04494199,73.817474
24.5036234048686,34.94565269942081,84.86278,1296000.0444173813,0.0028493963,0.0037396,71.77066
24.293478074173446,35.130434424522214,78.52256,18403200.0,0.010785942,-0.011244753,72.06007
24.5036234048686,34.94565269942081,84.86278,6652800.036048889,-0.005814133,-0.00957666,72.2901
24.576087129988778,34.96376817111452,80.53768,17366400.293540955,0.014053808,-0.025359614,73.185745
24.340579735906957,35.22101461745307,78.71513,15206400.082397461,0.0147814555,-0.021077933,71.75095
24.641304357168043,34.938405387540406,81.3883,4406400.123596191,-0.020762874,-0.0110773295,71.52034
24.16304339770124,35.14130418675153,77.183464,3715200.0450611115,-0.03512487,-0.044654034,72.86096
24.62318819070881,35.09782625650204,81.14894,11145599.860954285,0.010603798,-0.023253879,72.45973
24.278985653174068,35.159420527680346,80.15937,10972800.458335876,0.018825922,-0.020765366,71.605995
24.641304357168043,34.938405387540406,81.3883,8639999.747657776,0.004761534,-0.022364115,71.857346
24.655797039477626,35.09782643790763,82.953125,5443199.830055237,-0.020637313,0.001266418,72.795815
24.003623304347823,35.192029209683014,80.788605,16675200.489234924,0.02686648,-0.025207842,70.61203
24.507246418659868,35.018115659512056,74.98295,10972800.458335876,0.005993235,-0.02006702,72.98988
24.409420185925658,35.126811301460926,78.58091,12095999.866104126,0.022037119,-0.018863974,72.56029
24.3985509616347,35.079710263267266,82.39983,12787199.670410156,0.0283184,-0.024192354,71.48855
24.43478277193275,35.06521686399416,78.38795,8985600.19826889,0.004242625,-0.0005078381,72.62723
24.626811465810288,35.05797113185407,83.9315,1728000.059223175,-0.004478112,0.009888152,72.634026
24.57608686867857,35.22463755910878,78.28966,11836799.665260315,0.023118805,-0.01667733,72.5639
24.5036234048686,34.94565269942081,84.86278,9849599.953651428,0.020571409,-0.014428506,72.3795
24.06159400092239,35.235507653915,77.223785,12873600.46863556,0.04696711,-0.038541786,71.6979
24.518115930392057,35.170290078269815,76.7112,11231999.562263489,0.022610284,-0.026539547,72.757866
24.16304339770124,35.14130418675153,77.183464,11318400.360488892,0.0218849,-0.015926342,73.03016
24.351449221508126,35.36231895652174,77.53338,15551999.984550476,0.024705883,-0.026142662,71.720795
24.068840433535758,35.17753635462667,82.62194,9158400.149345398,0.020846387,-0.02463085,70.016495
24.43478251062254,35.050724689208764,81.254395,345600.00498890877,0.00060463324,0.0033756811,72.57785
24.626811465810288,35.05797113185407,83.9315,2073599.9613761902,-0.0077591166,0.008257286,72.629974
24.822463669968496,35.11956556932083,79.471794,12700799.969100952,0.02823051,-0.012390982,72.720276
24.2137679164399,35.101449394680465,78.1842,2246400.0495672226,-0.0039133504,-0.025131868,72.143265
24.47463793572534,35.15579704180788,74.131996,7257600.139045715,-0.018268818,-0.013663374,73.33694
24.40579730278949,34.98550712868071,82.545616,9676799.454116821,0.011147905,-0.019527903,71.63516
24.409420342711783,35.02898555779556,73.23672,8985600.19826889,-0.007570654,0.010002535,73.21681
24.47463793572534,35.15579704180788,74.131996,5961600.231742859,-0.02888848,-0.012058845,73.29206
24.373188532413735,34.85507217391305,83.68782,2764800.03991127,-0.034145787,0.0031441897,71.7083
24.293478074173446,35.130434424522214,78.52256,14774400.478935242,0.013979971,-0.019223923,71.88782
24.626811465810288,35.05797113185407,83.9315,17107200.092697144,0.022640957,-0.021186987,72.284805
24.40579722439643,35.07608730649443,81.130585,2073599.9613761902,-0.005164318,-0.017656134,72.25602
24.55434784521419,35.039855304907746,78.730316,2159999.936914444,-0.011375247,-0.0073357243,72.08864
24.340579735906957,35.22101461745307,78.71513,3715200.0450611115,-0.030180553,-0.018981105,72.365105
24.641304357168043,34.938405387540406,81.3883,6998399.938201904,-0.001298625,-0.02062306,71.54129
24.55434784521419,35.039855304907746,78.730316,6652800.036048889,-0.013311597,-0.0036363918,72.23708
24.49275373635028,34.95652190987481,78.13308,1987199.9858379364,-0.032459773,-0.0018640235,72.165596
24.49275373635028,34.95652190987481,78.13308,7862400.2420425415,-0.01735918,0.012206967,72.39026
24.43478277193275,35.06521686399416,78.38795,8035200.193119049,-0.0125207845,0.007467921,72.51864
24.57246390714934,35.13405809180027,82.83649,1641599.9465703964,-0.015106147,-0.012744809,73.07866
24.822463669968496,35.11956556932083,79.471794,18143999.79915619,0.02035111,-0.033852957,73.13364
24.677536062942007,35.07971042955572,84.775665,691200.0099778175,0.002745811,0.009094274,72.64167
24.52536253285706,35.05797113185407,79.99595,15379199.48501587,0.02188227,-0.020579549,72.54208
24.677536062942007,35.07971042955572,84.775665,6393599.835205078,0.003897883,-0.015396953,72.75013
24.800724541980035,35.0326085145684,80.91604,6480000.084972382,-0.016129343,0.012131302,72.51028
24.507246418659868,35.018115659512056,74.98295,14428799.479866028,0.022581508,-0.0077490844,73.64418
24.33695651306752,35.26449269887389,75.24537,1728000.059223175,-0.06245803,-0.042185068,73.45378
24.340579735906957,35.22101461745307,78.71513,777599.9855160713,-0.02985566,-0.028541857,72.651886
24.40217392316393,35.07246365433351,77.73675,2505600.113296509,-0.012339829,-0.015671631,72.12832
24.608695560661264,35.210145036629335,80.071884,4319999.873828888,-0.024823183,0.006115065,73.11981
24.49275373635028,35.04710138474188,79.64641,15551999.984550476,0.01166652,-0.024408134,72.56783
24.677536062942007,35.07971042955572,84.775665,950400.0051498413,-0.0019125342,0.008293498,72.65872
24.268116089179838,35.07971042955572,81.07262,4579200.074672699,-0.041458912,-0.017449202,71.41765
24.340579735906957,35.22101461745307,78.71513,4492800.099134445,-0.030399127,-0.016334467,72.287994
24.55072462237475,35.07608730649443,88.70044,13391999.773406982,0.032501772,-0.019801607,71.91823
24.409420342711783,35.02898555779556,73.23672,12787199.670410156,0.020031331,-0.008953663,73.06329
24.06159400092239,35.235507653915,77.223785,7689599.742507935,0.021223374,-0.04093454,73.28667
24.528985389862203,35.079710263267266,73.800804,11577599.464416504,0.022668768,-0.022321792,73.03278
24.24275355543479,35.275361916886446,83.709785,14342399.778556824,0.023073671,-0.03221471,70.77118
24.134057993885538,35.130434787333385,80.741425,1728000.059223175,-0.06400843,-0.05380909,71.55916
24.409420342711783,35.02898555779556,73.23672,7948799.943351746,-0.026800727,0.01754818,73.10464
24.53985505838052,35.14492730981283,78.72631,4492800.099134445,-0.019259935,0.018750202,72.68057
24.442029139218562,35.043478080275,76.86345,2073599.9613761902,-0.0153773185,-0.0011219848,72.089005
24.423912946628306,35.16304383214723,83.815254,6047999.933052063,0.0030999836,-0.01600857,71.95928
24.293478074173446,35.130434424522214,78.52256,10281599.557113647,0.015323078,-0.013077188,72.467
24.373188349496587,35.09782609021359,73.044136,17193599.794006348,0.017662305,-0.034772366,73.12061
24.15217408195171,35.09782609021359,90.079155,14169600.375938416,0.037848234,-0.016183456,72.33355
24.293478074173446,35.130434424522214,78.52256,3801600.0205993652,-0.035507068,-0.02275187,72.19049
24.40217392316393,35.07246365433351,77.73675,13651199.974250793,0.024942422,-0.004471436,72.69539
24.75362311542571,35.148550251468535,82.31272,4060799.9472141266,-0.032472834,0.007498489,72.93654
24.579710091518006,35.06884069756067,84.24473,7775999.992275238,-0.007095499,0.007654438,72.43243
24.15217408195171,35.09782609021359,90.079155,2332799.8879909515,-0.004305305,-0.046880305,71.53084
24.15217408195171,35.09782609021359,90.079155,13305600.072097778,0.038041376,-0.016966617,72.91115
24.47463793572534,35.15579704180788,74.131996,10713600.257492065,0.023426758,-0.028002216,73.0264
24.373188532413735,34.85507217391305,83.68782,17971200.39653778,0.014295952,-0.05868589,72.24729
24.40217392316393,35.07246365433351,77.73675,17020800.39138794,0.0005801935,-0.0040736236,72.74537
24.15942034471344,35.02536261613985,84.04098,1555199.9710321426,-0.010903617,-0.0030189082,71.350914
24.3985509616347,35.079710263267266,82.39983,11836799.665260315,0.02385594,-0.025111524,71.51739
24.507246627708035,35.15217355593542,72.15966,3023999.9665260315,-0.031977437,-0.01550379,73.92823
24.75362311542571,35.148550251468535,82.31272,11923200.463485718,0.0070587527,-0.021136483,72.76524
24.340579657513896,35.072464168316,77.031204,259199.99517202377,-0.017980212,-0.008455835,72.76495
24.525362323808892,35.01449270273921,80.76379,2678400.0643730164,-0.01520065,-0.0009239996,72.28785
24.514492864338745,35.152173737341,77.98083,17193599.794006348,0.011481306,-0.029826792,72.61565
24.235507135886934,35.09782643790763,86.62735,4838399.727058411,-0.02955077,-0.007205447,71.37048
24.340579735906957,35.22101461745307,78.71513,8208000.144195557,0.018444695,-0.018045286,72.60313
24.576087129988778,34.96376817111452,80.53768,15465600.283241272,0.024619112,-0.009080106,72.87758
24.800724541980035,35.0326085145684,80.91604,11059200.15964508,0.03636975,0.0038002348,72.66579
24.641304357168043,34.938405387540406,81.3883,16243199.788856506,0.01836057,-0.03160438,73.107704
24.24275355543479,35.275361916886446,83.709785,13910400.175094604,0.025341263,-0.030470228,70.775665
24.677536062942007,35.07971042955572,84.775665,17625600.494384766,0.005066434,-0.037539825,72.38016
24.15217408195171,35.09782609021359,90.079155,7603200.0411987305,0.027886732,-0.01084557,72.67757
24.49275373635028,35.04710138474188,79.64641,6825599.987125397,-0.025516575,-0.0033310372,72.041824
24.731884091961334,34.88405773852335,82.62194,16243199.788856506,0.012232039,-0.009018619,73.07418
24.340579735906957,35.22101461745307,78.71513,7171199.889278412,0.009736697,-0.022741621,72.51394
24.623188347494935,34.98550731008629,86.27349,12527999.469566345,0.03850159,-0.017948782,72.38876
24.409420264318722,35.097825908808005,75.01247,13737599.675559998,0.025976136,-0.0031810906,73.30719
24.282608510179216,35.10869565592019,73.044136,6652800.036048889,-0.03862705,-0.006702345,73.42696
24.423912946628306,35.13405791039468,84.735344,5184000.177669525,-0.03378068,-0.0066455007,71.97042
24.365941903817713,35.11594190204278,77.940506,7689599.742507935,-0.020151598,-0.0061257426,72.76855
24.731884091961334,34.88405773852335,82.62194,4406400.123596191,-0.02184078,0.0001357533,71.47551
24.365941903817713,35.11594190204278,77.940506,4838399.727058411,-0.027645065,-0.012818925,72.45053
24.282608510179216,35.10869565592019,73.044136,11491199.7631073,0.012071013,-0.011450324,73.549416
24.880434869565217,35.11594208344836,73.60822,14601599.979400635,0.0470158,-0.007967383,73.500946
24.57608686867857,35.22463755910878,78.28966,518399.99034404755,-0.004126327,0.018871458,73.20884
24.57608686867857,35.22463755910878,78.28966,18403200.0,0.0037289895,-0.021955142,72.60922
24.55434784521419,35.039855304907746,78.730316,4579200.074672699,-0.023218336,0.00074773,72.016815
24.731883987437246,34.999999998854186,80.17734,11145599.860954285,0.015675796,-0.01913249,72.4577
24.358695745580064,35.14492749121842,79.46463,259199.99517202377,-0.04183305,0.018188268,72.79614
24.659420157792983,35.13768139626715,82.9603,16502399.989700317,0.020080844,-0.035784535,72.21721
24.659420157792983,35.13768139626715,82.9603,2159999.936914444,-0.027214205,0.008908218,72.76979
24.33695651306752,35.26449269887389,75.24537,17452799.99485016,0.014565312,-0.03183108,72.34234
24.572463802625258,35.028985391507106,77.31845,11750399.96395111,0.012023765,-0.020096553,72.93379
24.409420342711783,35.02898555779556,73.23672,11836799.665260315,0.014444814,-0.016285868,73.16941
24.55072462237475,35.07608730649443,88.70044,259199.99517202377,0.021384602,-0.008080585,71.69049
24.60144921950647,34.9456523441682,85.40489,2505600.113296509,-0.010567071,0.012924435,72.09139
24.423912946628306,35.16304383214723,83.815254,6307200.133895874,0.007832359,-0.017419042,71.94354
24.5036234048686,34.94565269942081,84.86278,11836799.665260315,0.026193533,-0.027104983,72.08388
24.728260869121893,35.15579704180788,79.23173,14687999.680709839,0.030642632,-0.017752593,73.167175
24.51086948471318,35.141304337922854,75.965324,15292799.783706665,0.029096268,-0.029155606,73.35984
24.286231733018653,35.16304365074164,82.86601,1900800.0102996826,0.01577074,-0.024305603,71.62189
24.728260869121893,35.15579704180788,79.23173,518399.99034404755,0.012881777,0.018365404,73.241554
24.202898613755877,35.17753635462667,82.22561,15638399.68585968,0.014931214,-0.016481513,70.43171
24.822463669968496,35.11956556932083,79.471794,12095999.866104126,0.023378288,-0.014841532,72.718445
24.55434784521419,35.039855304907746,78.730316,3887999.996137619,-0.018591994,-7.693097e-05,72.00805
24.152173912100075,34.942029039701325,85.189964,16156800.087547302,0.015719866,-0.028571391,72.41441
24.514492864338745,35.152173737341,77.98083,4233599.898290634,-0.02165634,0.005961568,72.556496
24.141304256647267,35.05072417522627,80.839714,10886399.660110474,0.01305546,-0.023324346,70.58224
24.171296292717127,35.10648163098043,78.049835,16329599.49016571,0.014189981,-0.01977515,71.74352
24.340579657513896,35.072464168316,77.031204,7948799.943351746,-0.025426643,-0.0023163985,73.39893
24.52536253285706,35.05797113185407,79.99595,6912000.2368927,-0.0042592864,-0.01851503,72.132034
24.40217392316393,35.07246365433351,77.73675,10540799.757957458,0.01695697,-0.016900389,72.8671
24.336956356281394,35.12681217825459,78.56935,15638399.68585968,0.0038616788,-0.011978902,71.916176
24.49275373635028,34.95652190987481,78.13308,13219200.370788574,0.016960388,0.0009376798,73.042694
24.351449221508126,35.36231895652174,77.53338,5356800.128746033,-0.019970821,-0.025365321,73.43729
24.471014503837736,35.137681214861566,84.09494,13391999.773406982,0.0199555,-0.024577858,71.78977
24.572463802625258,35.028985391507106,77.31845,3801600.0205993652,-0.027207213,0.0020669904,71.78551
24.40579730278949,34.98550712868071,82.545616,12268800.365638733,0.024195686,-0.027916806,71.66088
24.43478277193275,35.06521686399416,78.38795,9331199.551963806,0.00938055,-0.0037455354,72.641014
24.293478074173446,35.130434424522214,78.52256,12527999.469566345,0.014067709,-0.020544069,72.12994
24.336956356281394,35.12681217825459,78.56935,3974399.971675873,-0.032916687,-0.004333757,72.26172
24.521739153231497,35.18115965909355,80.50853,4752000.025749207,-0.0069854725,-0.010121664,72.59388
24.55072462237475,35.07608730649443,88.70044,16329599.49016571,0.019541888,-0.03753093,72.17389
24.55072462237475,35.07608730649443,88.70044,8294399.845504761,-0.00016876496,-0.022825962,72.35173
24.271739312019278,35.0833337340226,74.97577,16329599.49016571,0.02197534,-0.02011689,72.751625
24.068840433535758,35.17753635462667,82.62194,2332799.8879909515,-0.035526007,-0.03525214,71.174446
24.33695651306752,35.26449269887389,75.24537,864000.0296115875,-0.06886069,-0.03451331,73.31851
24.340579735906957,35.22101461745307,78.71513,10540799.757957458,0.018111274,-0.026322516,72.660904
24.358695745580064,35.14492749121842,79.46463,7775999.992275238,-0.0008152593,0.012684756,72.10085
24.40579730278949,34.98550712868071,82.545616,1900800.0102996826,-0.026278114,-0.0021447,72.00969
24.282608510179216,35.10869565592019,73.044136,2851200.015449524,-0.047319315,-0.015112242,73.26462
24.268116089179838,35.07971042955572,81.07262,2419199.8635292053,-0.038947098,-0.006399436,71.591324
24.641304357168043,34.938405387540406,81.3883,7257600.139045715,-0.0022496898,-0.020121792,71.60717
24.608695560661264,35.210145036629335,80.071884,6739199.737358093,-0.004526833,0.015240381,72.80393
24.423912946628306,35.16304383214723,83.815254,5529600.07982254,-0.005519297,-0.01286573,71.98643
24.57608686867857,35.22463755910878,78.28966,2764800.03991127,-0.018338343,-0.009453218,73.20049
24.782608584568965,35.06521774078783,85.492004,7603200.0411987305,-0.025226885,0.0058086934,73.4055
24.17028990870767,35.119565206509655,75.23819,14256000.07724762,0.01933384,-0.010183185,72.92824
24.72463775080654,35.097825908808005,83.506035,2592000.0888347626,-0.024047142,0.003931947,72.59131
24.442029139218562,35.043478080275,76.86345,16416000.288391113,0.01611426,-0.022118496,73.2936
24.518115930392057,35.170290078269815,76.7112,3023999.9665260315,-0.032597058,0.004716171,72.916275
24.336956356281394,35.12681217825459,78.56935,13737599.675559998,0.01905008,-0.013684932,72.04969
24.5036234048686,34.94565269942081,84.86278,1814400.0347614288,-0.0060026404,-0.0040506553,71.923386
24.340579657513896,35.072464168316,77.031204,4492800.099134445,-0.031359017,-0.01973726,72.58528
24.409420342711783,35.02898555779556,73.23672,4838399.727058411,-0.030808045,0.0070589567,72.94465
24.576087129988778,34.96376817111452,80.53768,3801600.0205993652,-0.029312333,-0.004244564,71.80336
24.235507135886934,35.09782643790763,86.62735,11491199.7631073,0.023771217,-0.021599645,72.391594
24.3913043591697,35.05434799367564,86.750465,8639999.747657776,0.011597959,0.025454396,72.19402
24.57246390714934,35.13405809180027,82.83649,14515200.27809143,0.021806365,-0.02533071,72.06853
24.503623143558386,34.916666955294566,80.479385,2937599.9909877777,-0.029926075,-0.025924237,72.121475
24.576087129988778,34.96376817111452,80.53768,7430400.090122223,-0.019192247,-0.0017435923,71.78137
24.677536062942007,35.07971042955572,84.775665,13824000.4737854,0.024721269,-0.022431301,72.527176
24.782608584568965,35.06521774078783,85.492004,10627199.459266663,0.020322187,-0.016826076,73.277985
24.171296292717127,35.10648163098043,78.049835,345600.00498890877,-0.04909219,-0.0034113955,72.01112
24.141304256647267,35.05072417522627,80.839714,8812800.247192383,-0.011114983,-0.01837054,70.421715
24.40579722439643,35.07608730649443,81.130585,10540799.757957458,0.020464769,-0.022741208,71.74059
24.52536253285706,35.05797113185407,79.99595,14428799.479866028,0.024140468,-0.017405236,72.55569
24.52536253285706,35.05797113185407,79.99595,15897599.886703491,0.019387212,-0.023065558,72.53796
24.655797039477626,35.09782643790763,82.953125,3196799.917602539,-0.02408575,0.00014214031,72.65544
24.141304256647267,35.05072417522627,80.839714,16070400.386238098,0.015250765,-0.0326325,71.18137
24.286231733018653,35.16304365074164,82.86601,1814400.0347614288,0.017144864,-0.023586096,71.65349
24.373188532413735,34.85507217391305,83.68782,1900800.0102996826,-0.023504836,0.009847028,71.61373
24.293478074173446,35.130434424522214,78.52256,9417600.350189209,0.010486031,-0.0019910857,72.48316
24.85869584610084,35.31159408476158,76.05999,9504000.051498413,0.020488778,-0.004021134,73.20296
24.423912946628306,35.13405791039468,84.735344,11577599.464416504,0.02100679,-0.02455785,71.84786
24.43478277193275,35.06521686399416,78.38795,13219200.370788574,0.020058453,0.0045416737,72.56498
24.57608686867857,35.22463755910878,78.28966,11750399.96395111,0.022469793,-0.01707378,72.56789
24.278985653174068,35.159420527680346,80.15937,4060799.9472141266,-0.07294538,-0.02591213,71.379005
24.60144921950647,34.9456523441682,85.40489,17452799.99485016,0.019248364,-0.039434597,73.07181
24.423912946628306,35.13405791039468,84.735344,2678400.0643730164,-0.032737277,0.0019627037,72.16293
24.528985389862203,35.079710263267266,73.800804,4579200.074672699,-0.05339606,-0.01327421,72.879425
24.43478251062254,35.050724689208764,81.254395,5011200.226593018,-0.023300728,-0.008287279,71.81614
24.521739153231497,35.18115965909355,80.50853,10022400.453186035,0.00997367,0.0043260753,72.35206
24.60144921950647,34.9456523441682,85.40489,3283199.893140793,-0.018209888,0.015818143,72.00221
24.278985653174068,35.159420527680346,80.15937,11923200.463485718,0.021530032,-0.019694788,71.49754
24.55072462237475,35.07608730649443,88.70044,15811200.185394287,0.021359859,-0.03409122,72.16008
24.278985574781007,35.18478260074926,85.36457,5529600.07982254,-0.05888474,-0.022424778,71.4437
24.49275373635028,35.04710138474188,79.64641,12095999.866104126,0.016222144,-0.014856989,72.49818
24.275362351941567,35.02173896397893,79.32639,11750399.96395111,0.020788485,-0.03043546,71.99061
24.15942034471344,35.02536261613985,84.04098,3023999.9665260315,-0.020124806,-0.018099679,70.93163
24.55072462237475,35.07608730649443,88.70044,14860800.180244446,0.028513087,-0.026517836,72.05942
24.003623304347823,35.192029209683014,80.788605,11577599.464416504,0.029796712,-0.008217217,70.59397
24.409420342711783,35.02898555779556,73.23672,15033599.582862854,0.010553458,-0.020663226,72.98395
24.49275373635028,35.04710138474188,79.64641,5270399.878978729,-0.029165542,-0.0037094895,72.03533
24.481884276880134,35.21376834109622,79.042,16675200.489234924,-0.0062161777,-0.025381459,72.035545
24.3985509616347,35.079710263267266,82.39983,9676799.454116821,0.016977454,-0.018318249,71.56502
24.40579730278949,34.98550712868071,82.545616,4233599.898290634,-0.032937117,-0.002583662,72.1194
24.572463802625258,35.028985391507106,77.31845,1382400.019955635,-0.0027600545,0.004208822,72.012054
24.62318819070881,35.09782625650204,81.14894,13824000.4737854,0.030954273,-0.018113343,72.503746
24.40579722439643,35.07608730649443,81.130585,4752000.025749207,-0.023394162,0.0029463433,71.73434
24.5036234048686,34.94565269942081,84.86278,9935999.654960632,0.021175256,-0.0164567,72.36821
24.340579735906957,35.22101461745307,78.71513,5356800.128746033,-0.02227571,-0.01736853,72.31599
24.57608686867857,35.22463755910878,78.28966,5615999.781131744,-0.0107179005,-0.004038671,73.1589
24.068840433535758,35.17753635462667,82.62194,16847999.891853333,0.0311056,-0.019821087,70.31568
24.35507260113369,35.04710138474188,76.478294,17539199.696159363,0.010303735,-0.008711468,73.02141
24.340579657513896,35.072464168316,77.031204,15206400.082397461,0.016067997,-0.015132969,72.66789
24.293478074173446,35.130434424522214,78.52256,10368000.35533905,0.0153430095,-0.014239689,72.45993
24.06159400092239,35.235507653915,77.223785,3456000.11844635,-0.06295963,-0.061002873,72.837105
24.35507260113369,35.04710138474188,76.478294,16156800.087547302,0.009866382,-0.011677239,72.97358
24.572463802625258,35.028985391507106,77.31845,15897599.886703491,0.011760381,-0.012616582,73.69593
24.369565205050215,35.10507235145331,81.59638,1814400.0347614288,-0.018148454,-0.018481815,72.23228
24.340579735906957,35.22101461745307,78.71513,10108800.15449524,0.019157642,-0.024344278,72.66866
24.471014503837736,35.137681214861566,84.09494,8985600.19826889,0.0049760323,-0.001880547,72.03364
24.16304339770124,35.14130418675153,77.183464,9504000.051498413,0.023962263,-0.010737704,73.09694
24.15942034471344,35.02536261613985,84.04098,15292799.783706665,0.024020938,-0.028975913,71.53315
24.46739112421217,35.10507235145331,77.031204,17798399.897003174,0.023047063,-0.019280294,72.902374
24.351449221508126,35.36231895652174,77.53338,12873600.46863556,0.030504026,-0.010855669,72.251884
24.43478277193275,35.06521686399416,78.38795,2332799.8879909515,-0.016889105,-0.013587717,72.147804
24.134057993885538,35.130434787333385,80.741425,1468799.9954938889,-0.062990986,-0.053712055,71.607666
24.782608584568965,35.06521774078783,85.492004,12009600.164794922,0.020789212,-0.022034185,73.15766
24.800724541980035,35.0326085145684,80.91604,17712000.19569397,0.00059215724,-0.0009587342,73.14949
24.43478251062254,35.050724689208764,81.254395,13305600.072097778,0.026674718,-0.022610089,71.87445
24.514492864338745,35.152173737341,77.98083,2764800.03991127,-0.020486856,-0.0003411183,72.62594
24.880434869565217,35.11594208344836,73.60822,172800.00249445438,0.016781835,0.003268972,73.77883
24.471014503837736,35.137681214861566,84.09494,5875199.981975555,-0.029067604,-0.0032577757,72.067696
24.572463802625258,35.028985391507106,77.31845,14601599.979400635,0.023348227,-0.003131725,73.536804
24.503623143558386,34.916666955294566,80.479385,10627199.459266663,0.014852541,-0.0005947072,72.14211
24.75362311542571,35.148550251468535,82.31272,6652800.036048889,-0.01852216,0.011291378,73.181145
24.409420264318722,35.097825908808005,75.01247,1036799.9806880951,-0.05119501,-0.012866756,73.08728
24.242753659958876,34.931159481553294,83.59315,2851200.015449524,-0.032652028,-0.019445783,71.04861
24.514492864338745,35.152173737341,77.98083,11923200.463485718,0.016093433,-0.02852515,72.58468
24.507246418659868,35.018115659512056,74.98295,0.0,0.027151853,0.0029592942,72.3367
24.278985574781007,35.18478260074926,85.36457,518399.99034404755,-0.074243754,-0.03165906,71.76431
24.57608686867857,35.22463755910878,78.28966,10627199.459266663,0.016931454,-0.017286735,72.68502
24.17028990870767,35.119565206509655,75.23819,5011200.226593018,-0.026436934,-0.00871584,74.13448
24.782608845879178,35.07246365433351,80.82854,16588799.691009521,0.014465947,-0.000519868,72.72025
24.264492787947336,35.06521739309379,75.914215,6393599.835205078,-0.020748923,0.010476574,73.96083
24.507246418659868,35.018115659512056,74.98295,518399.99034404755,0.025008675,0.0025684303,72.33177
24.507246627708035,35.15217355593542,72.15966,16847999.891853333,0.019863896,-0.026870226,72.71677
24.49275373635028,34.95652190987481,78.13308,18316800.298690796,-0.008476028,-0.02238647,73.50303
24.365941903817713,35.11594190204278,77.940506,4233599.898290634,-0.028901609,-0.010635089,72.43273
24.55434784521419,35.039855304907746,78.730316,10454400.056648254,0.016866747,-0.013974935,72.67234
24.619565229179578,35.18478278215484,82.255135,15292799.783706665,0.012802535,-0.03749548,71.99457
24.822463669968496,35.11956556932083,79.471794,2937599.9909877777,-0.018209146,0.014826258,72.88533
24.471014503837736,35.137681214861566,84.09494,8467199.796581268,-0.0006909948,0.005386553,72.04053
24.365941903817713,35.11594190204278,77.940506,518399.99034404755,-0.028504757,0.003302591,72.88436
24.271739312019278,35.0833337340226,74.97577,9849599.953651428,0.019771624,-0.010546859,74.49457
24.3913043591697,35.05434799367564,86.750465,12441599.768257141,0.032172196,-0.0065897554,71.98652
24.782608845879178,35.07246365433351,80.82854,12095999.866104126,0.03087802,-0.007074043,72.863686
24.572463802625258,35.028985391507106,77.31845,10108800.15449524,0.008743855,-0.013648426,72.60536
24.06159400092239,35.235507653915,77.223785,8553600.046348572,0.031359334,-0.038766943,73.052414
24.293478074173446,35.130434424522214,78.52256,8035200.193119049,-0.0075293407,-0.0065150466,72.35277
24.53985505838052,35.14492730981283,78.72631,2159999.936914444,-0.0006349869,0.012358201,72.693375
24.24275355543479,35.275361916886446,83.709785,1728000.059223175,-0.054309845,-0.056336306,71.67228
24.17028990870767,35.119565206509655,75.23819,16502399.989700317,0.018180847,-0.023125505,72.31166
24.409420264318722,35.097825908808005,75.01247,2851200.015449524,-0.052854925,-0.009960299,73.00718
24.15942034471344,35.02536261613985,84.04098,13824000.4737854,0.030740071,-0.024565259,71.34926
24.62318819070881,35.09782625650204,81.14894,1900800.0102996826,-0.013129761,0.010994961,72.66676
24.57608686867857,35.22463755910878,78.28966,12614400.267791748,0.029562544,-0.013202358,72.55507
24.336956356281394,35.12681217825459,78.56935,8726399.99742508,0.0055280346,-0.00703199,72.51878
24.46739112421217,35.10507235145331,77.031204,3456000.11844635,-0.020637294,-0.012934651,72.43837
24.271739312019278,35.0833337340226,74.97577,12355200.066947937,0.018333673,-0.009394726,73.90828
24.423912946628306,35.16304383214723,83.815254,8553600.046348572,0.03296461,-0.018705582,71.78896
24.282608510179216,35.10869565592019,73.044136,10022400.453186035,-0.0060198754,-0.0030595846,73.834595
24.576087129988778,34.96376817111452,80.53768,3456000.11844635,-0.027248817,-0.0074775536,71.83807
24.5036234048686,34.94565269942081,84.86278,13824000.4737854,0.03213049,-0.039991394,72.27339
24.278985653174068,35.159420527680346,80.15937,5443199.830055237,-0.048986584,-0.026815875,71.48401
24.731884091961334,34.88405773852335,82.62194,7257600.139045715,-0.010427078,0.022735475,71.15514
24.85869584610084,35.31159408476158,76.05999,7689599.742507935,-0.016305251,0.015135873,73.62624
24.586956589458925,35.03623181903528,81.050644,13046399.871253967,0.032837395,-0.007356761,72.60831
24.47463793572534,35.15579704180788,74.131996,13910400.175094604,0.038253285,-0.027839093,72.8205
24.619565229179578,35.18478278215484,82.255135,12009600.164794922,0.018657325,-0.025973963,72.37515
24.2137679164399,35.101449394680465,78.1842,172800.00249445438,0.013797184,-0.014460204,72.23284
24.003623304347823,35.192029209683014,80.788605,7084800.187969208,-0.016922267,0.0030575944,70.140945
24.271739312019278,35.0833337340226,74.97577,17452799.99485016,0.020034729,-0.02092733,72.78129
24.3985509616347,35.079710263267266,82.39983,5184000.177669525,-0.0202785,0.009691646,71.60258
24.43478277193275,35.06521686399416,78.38795,8380800.095272064,-0.006373506,0.0051435856,72.56999
24.55434784521419,35.039855304907746,78.730316,6912000.2368927,-0.0086743515,-0.002668919,72.25093
24.15217408195171,35.09782609021359,90.079155,16588799.691009521,0.02193871,-0.03606282,71.38018
24.655797039477626,35.09782643790763,82.953125,14601599.979400635,0.023802616,-0.026966551,72.51531
24.15217408195171,35.09782609021359,90.079155,10368000.35533905,0.034223095,-0.011464706,73.10731
24.659420157792983,35.13768139626715,82.9603,6047999.933052063,-0.015297236,0.012974832,72.84969
24.75362311542571,35.148550251468535,82.31272,518399.99034404755,-0.032329455,0.021006387,72.443016
24.32608705359737,35.05434782738719,80.59564,3196799.917602539,-0.022854337,-0.027173383,71.88202
24.507246418659868,35.018115659512056,74.98295,11750399.96395111,0.010132973,-0.017021649,73.083565
24.2137679164399,35.101449394680465,78.1842,3715200.0450611115,-0.014759282,-0.025166644,72.19959
24.268116089179838,35.07971042955572,81.07262,16588799.691009521,0.015254139,-0.028306244,71.36768
24.134057993885538,35.130434787333385,80.741425,12700799.969100952,0.027298566,-3.6825426e-05,70.56608
24.32608705359737,35.05434782738719,80.59564,345600.00498890877,-0.0297897,-0.023466254,72.19698
24.3913043591697,35.05434799367564,86.750465,13737599.675559998,0.03250426,-0.009595176,71.74865
24.521739153231497,35.18115965909355,80.50853,16502399.989700317,0.010686469,-0.025298135,71.76311
24.57246390714934,35.13405809180027,82.83649,3974399.971675873,-0.023798889,-0.009196611,72.66767
24.275362351941567,35.02173896397893,79.32639,17193599.794006348,0.0026446674,-0.031563714,72.26927
24.264492787947336,35.06521739309379,75.914215,7603200.0411987305,-0.013572076,0.0095070265,74.21193
24.369565205050215,35.10507235145331,81.59638,11664000.262641907,0.02362734,-0.022427423,71.50023
24.619565229179578,35.18478278215484,82.255135,10627199.459266663,0.021234116,-0.019058509,72.483696
24.586956589458925,35.03623181903528,81.050644,2678400.0643730164,3.5572797e-05,-0.01181465,72.30119
24.003623304347823,35.192029209683014,80.788605,6307200.133895874,-0.03700885,-0.011460584,70.14101
24.293478074173446,35.130434424522214,78.52256,9331199.551963806,0.009524418,-0.001250267,72.47954
24.32608705359737,35.05434782738719,80.59564,15983999.588012695,0.018854758,-0.025422296,71.559
24.286231733018653,35.16304365074164,82.86601,13219200.370788574,0.026942294,-0.020416373,70.915375
24.409420264318722,35.097825908808005,75.01247,15379199.48501587,0.022738878,-0.012901118,73.22122
24.586956589458925,35.03623181903528,81.050644,3023999.9665260315,-0.00076339766,-0.01216376,72.2602
24.369565205050215,35.10507235145331,81.59638,4147199.9227523804,-0.028155176,-0.010373445,71.62889
24.15217408195171,35.09782609021359,90.079155,2851200.015449524,-0.013862284,-0.048384577,71.70133
24.40217392316393,35.07246365433351,77.73675,86400.00124722719,0.017148457,0.0027895132,72.704094
24.242753659958876,34.931159481553294,83.59315,777599.9855160713,-0.027957382,0.0029023252,71.045135
24.15217408195171,35.09782609021359,90.079155,3542400.093984604,-0.021931874,-0.04920581,71.97114
24.271739312019278,35.0833337340226,74.97577,15638399.68585968,0.023894634,-0.017455557,72.79508
24.57246390714934,35.13405809180027,82.83649,3023999.9665260315,-0.02284309,-0.012389543,72.79882
24.514492864338745,35.152173737341,77.98083,11059200.15964508,0.014405716,-0.027520126,72.646225
24.60144921950647,34.9456523441682,85.40489,9590399.752807617,0.013753457,-0.0085104,72.12439
24.57608686867857,35.22463755910878,78.28966,8553600.046348572,-0.0016377661,0.0055579636,72.91808
24.3985509616347,35.079710263267266,82.39983,18403200.0,0.016059443,-0.020716375,71.66261
24.282608510179216,35.10869565592019,73.044136,16329599.49016571,0.020937255,-0.02883538,72.7199
24.822463669968496,35.11956556932083,79.471794,7430400.090122223,0.003941035,0.023977757,72.623474
24.51086948471318,35.141304337922854,75.965324,8380800.095272064,-0.011032058,0.024014667,72.992035
24.677536062942007,35.07971042955572,84.775665,16156800.087547302,0.01873265,-0.033578217,72.40149
24.731884091961334,34.88405773852335,82.62194,8035200.193119049,-0.009708881,0.012605452,71.29175
24.5036234048686,34.94565269942081,84.86278,12700799.969100952,0.031155504,-0.030652797,72.077095
24.336956356281394,35.12681217825459,78.56935,16934399.593162537,-0.005847065,-0.001190694,71.91638
24.141304256647267,35.05072417522627,80.839714,5788799.732208252,-0.04969512,-0.008890139,70.2201
24.85869584610084,35.31159408476158,76.05999,9158400.149345398,0.015586929,0.0015309397,73.29454
24.822463669968496,35.11956556932083,79.471794,1382400.019955635,-0.011287579,0.0148632,72.762985
24.525362323808892,35.01449270273921,80.76379,15897599.886703491,0.015854364,-0.02322655,72.54524
24.518115930392057,35.170290078269815,76.7112,4838399.727058411,-0.025898138,0.011125848,72.57458
24.49275373635028,35.04710138474188,79.64641,7430400.090122223,-0.021513352,0.0013410319,72.048355
24.068840433535758,35.17753635462667,82.62194,15638399.68585968,0.033548713,-0.012841459,70.07663
24.17028990870767,35.119565206509655,75.23819,6480000.084972382,-0.019162511,-0.0036126114,74.48154
24.409420342711783,35.02898555779556,73.23672,1296000.0444173813,-0.0055322032,0.003958403,72.90508
24.619565229179578,35.18478278215484,82.255135,13564800.27294159,0.018426534,-0.031650603,72.25118
24.53985505838052,35.14492730981283,78.72631,5270399.878978729,-0.018233875,0.016323412,72.63025
24.579710091518006,35.06884069756067,84.24473,15206400.082397461,0.013636097,-0.019162206,72.119194
24.268116089179838,35.07971042955572,81.07262,16847999.891853333,0.0147368945,-0.029033637,71.460686
24.3913043591697,35.05434799367564,86.750465,10540799.757957458,0.027601657,0.0003771577,72.216354
24.481884276880134,35.21376834109622,79.042,3196799.917602539,-0.01629073,-0.018242525,72.935905
24.35507260113369,35.04710138474188,76.478294,12095999.866104126,0.008346323,-0.020350417,73.47622
24.171296292717127,35.10648163098043,78.049835,12355200.066947937,0.02216612,-0.02024713,72.21034
24.32608705359737,35.05434782738719,80.59564,9244799.850654602,0.008161399,-0.02768845,71.50442
24.293478074173446,35.130434424522214,78.52256,4838399.727058411,-0.03261155,-0.025395779,72.14534
24.003623304347823,35.192029209683014,80.788605,1123200.0247836113,-0.074932985,-0.095302396,71.487366
24.619565229179578,35.18478278215484,82.255135,1382400.019955635,0.001654515,0.002456572,73.2344
24.471014503837736,35.137681214861566,84.09494,2073599.9613761902,-0.01786278,-0.013267849,72.5896
24.286231733018653,35.16304365074164,82.86601,17539199.696159363,0.0069956873,-0.03248564,70.64579
24.409420185925658,35.126811301460926,78.58091,12355200.066947937,0.022567388,-0.018467473,72.523285
24.507246418659868,35.018115659512056,74.98295,17020800.39138794,0.00165716,-0.020336038,73.98981
24.579710091518006,35.06884069756067,84.24473,11836799.665260315,0.022939745,-0.015379317,72.18055
24.32608705359737,35.05434782738719,80.59564,1209599.9317646027,-0.026231477,-0.025285551,72.19499
24.619565229179578,35.18478278215484,82.255135,16156800.087547302,0.009249222,-0.036198832,71.84734
24.24275355543479,35.275361916886446,83.709785,8985600.19826889,0.03080887,0.007516053,71.3518
24.40579722439643,35.07608730649443,81.130585,5443199.830055237,-0.016864227,-0.0019098371,71.63708
24.32608705359737,35.05434782738719,80.59564,12095999.866104126,0.0211597,-0.024188852,71.470245
24.40579722439643,35.07608730649443,81.130585,15206400.082397461,0.023151623,-0.02013773,71.54914
24.782608845879178,35.07246365433351,80.82854,6566399.786281586,-0.024368068,0.0119132055,72.69583
24.731883987437246,34.999999998854186,80.17734,16588799.691009521,0.012094274,-0.022935467,73.44501
24.57608686867857,35.22463755910878,78.28966,1814400.0347614288,-0.010968173,0.00018902775,73.192604
24.53985505838052,35.14492730981283,78.72631,9417600.350189209,0.008554265,-0.00077468064,72.75831
24.177536001617764,35.01449252133363,77.3516,17020800.39138794,-0.00068743154,-0.032496043,72.2218
24.40217392316393,35.07246365433351,77.73675,6047999.933052063,-0.023226833,-0.00872986,72.451454
24.503623143558386,34.916666955294566,80.479385,6480000.084972382,-0.026905471,-0.007339036,71.87465
24.17028990870767,35.119565206509655,75.23819,14947199.88155365,0.017808238,-0.016103445,72.64592
24.369565205050215,35.10507235145331,81.59638,10972800.458335876,0.01983933,-0.02097164,71.49931
24.677536062942007,35.07971042955572,84.775665,3542400.093984604,-0.024449533,-0.007338172,72.78544
24.271739312019278,35.0833337340226,74.97577,12268800.365638733,0.017454758,-0.010049205,73.937
24.659420157792983,35.13768139626715,82.9603,1814400.0347614288,-0.026385939,0.009358226,72.78343
24.731884091961334,34.88405773852335,82.62194,15551999.984550476,0.017952902,0.002936761,72.78341
24.003623304347823,35.192029209683014,80.788605,18316800.298690796,0.014858929,-0.021982359,71.00072
24.608695560661264,35.210145036629335,80.071884,11059200.15964508,0.01521319,-0.013389755,72.72922
24.608695560661264,35.210145036629335,80.071884,5443199.830055237,-0.016269783,0.009909162,73.0158
24.608695560661264,35.210145036629335,80.071884,8899199.948501587,0.00818471,0.010530162,72.72092
24.57608686867857,35.22463755910878,78.28966,2159999.936914444,-0.014195321,-0.0042965263,73.20027
24.264492787947336,35.06521739309379,75.914215,12527999.469566345,0.01869645,-0.0049445964,73.66001
24.40217392316393,35.07246365433351,77.73675,5097599.927902222,-0.023227973,-0.015791297,72.31192
24.2137679164399,35.101449394680465,78.1842,950400.0051498413,0.0115744835,-0.018969445,72.146126
24.57608686867857,35.22463755910878,78.28966,11923200.463485718,0.023798356,-0.016261894,72.56065
24.286231733018653,35.16304365074164,82.86601,15465600.283241272,0.018844515,-0.026351245,70.72987
24.33695651306752,35.26449269887389,75.24537,16588799.691009521,0.01689368,-0.02831308,72.47117
24.53985505838052,35.14492730981283,78.72631,5184000.177669525,-0.018288737,0.01652267,72.635445
24.340579657513896,35.072464168316,77.031204,1728000.059223175,-0.02505563,-0.015374465,72.43254
24.177536001617764,35.01449252133363,77.3516,4233599.898290634,-0.03169901,-0.025308182,72.83806
24.623188347494935,34.98550731008629,86.27349,15811200.185394287,0.03860633,-0.03354328,72.98891
24.340579657513896,35.072464168316,77.031204,7516799.791431427,-0.030709105,-0.0074421745,73.31735
24.47463793572534,35.15579704180788,74.131996,4665599.775981903,-0.03021075,-0.0128011145,73.368835
24.35507260113369,35.04710138474188,76.478294,15379199.48501587,0.013368934,-0.0014985083,72.97381
24.579710091518006,35.06884069756067,84.24473,172800.00249445438,-0.02332967,0.0076384274,72.584694
24.40579722439643,35.07608730649443,81.130585,17539199.696159363,0.011639924,-0.028361073,71.928925
24.340579735906957,35.22101461745307,78.71513,1987199.9858379364,-0.022611102,-0.029352432,72.57325
24.442029139218562,35.043478080275,76.86345,16847999.891853333,0.0136496425,-0.020810293,73.28229
24.481884276880134,35.21376834109622,79.042,2073599.9613761902,-0.0024432596,-0.025056431,72.93795
24.278985653174068,35.159420527680346,80.15937,10454400.056648254,0.020543903,-0.019356066,71.65421
24.60144921950647,34.9456523441682,85.40489,3110399.9420642853,-0.017084973,0.0155882705,72.03035
24.152173912100075,34.942029039701325,85.189964,6739199.737358093,-0.030648807,0.00046554394,70.61195
24.60144921950647,34.9456523441682,85.40489,4060799.9472141266,-0.019560741,0.015435385,71.87439
24.286231733018653,35.16304365074164,82.86601,5615999.781131744,0.0063457508,-0.03125836,71.180084
24.518115930392057,35.170290078269815,76.7112,4319999.873828888,-0.027645187,0.011278794,72.62777
24.442029139218562,35.043478080275,76.86345,17279999.49531555,0.011818639,-0.0188181,73.26667
24.242753659958876,34.931159481553294,83.59315,14947199.88155365,0.017338114,-0.024672518,71.886284
24.49275373635028,35.04710138474188,79.64641,16070400.386238098,0.008135893,-0.025119508,72.58985
24.53985505838052,35.14492730981283,78.72631,5097599.927902222,-0.018364785,0.016748466,72.64083
24.286231733018653,35.16304365074164,82.86601,1123200.0247836113,0.025681503,-0.015422907,71.8736
24.731883987437246,34.999999998854186,80.17734,12009600.164794922,0.015868006,-0.017911604,72.57182
24.2137679164399,35.101449394680465,78.1842,3369599.8686790466,-0.013412004,-0.025145257,72.19769
24.57246390714934,35.13405809180027,82.83649,13132799.572563171,0.022152469,-0.02093373,72.09815
24.518115930392057,35.170290078269815,76.7112,8294399.845504761,-0.0011700094,-0.006158093,72.83412
24.608695560661264,35.210145036629335,80.071884,12095999.866104126,0.019113868,-0.01320551,72.609
24.47463793572534,35.15579704180788,74.131996,17712000.19569397,0.027294261,-0.02464061,73.16789
24.3913043591697,35.05434799367564,86.750465,17193599.794006348,0.008788904,-0.022680392,71.50169
24.46739112421217,35.10507235145331,77.031204,16243199.788856506,0.01924701,-0.026531292,72.975235
24.003623304347823,35.192029209683014,80.788605,13737599.675559998,0.035694063,-0.01110282,70.62465
24.409420185925658,35.126811301460926,78.58091,17884799.598312378,0.025497317,-0.028059872,72.15002
24.409420185925658,35.126811301460926,78.58091,10540799.757957458,0.019507037,-0.011997847,72.6456
24.177536001617764,35.01449252133363,77.3516,9504000.051498413,0.0076977126,-0.03793618,73.39526
24.800724541980035,35.0326085145684,80.91604,14860800.180244446,0.038757082,0.0077507677,72.97769
24.579710091518006,35.06884069756067,84.24473,8467199.796581268,0.0079973275,0.005142864,72.464294
24.442029139218562,35.043478080275,76.86345,11404800.061798096,0.0102996025,-0.027481845,73.14451
24.177536001617764,35.01449252133363,77.3516,6566399.786281586,-0.022489855,-0.038517483,73.27091
24.409420264318722,35.097825908808005,75.01247,11145599.860954285,0.01635265,-0.014319802,73.35764
24.35507260113369,35.04710138474188,76.478294,17625600.494384766,0.009966402,-0.008143235,73.02315
24.800724541980035,35.0326085145684,80.91604,12527999.469566345,0.036889985,0.013838208,72.83749
24.369565205050215,35.10507235145331,81.59638,10713600.257492065,0.018943774,-0.020429706,71.49688
24.358695745580064,35.14492749121842,79.46463,14947199.88155365,0.0145567935,-0.017662501,71.64369
24.278985653174068,35.159420527680346,80.15937,15897599.886703491,0.0017402228,-0.019660005,71.12791
24.336956356281394,35.12681217825459,78.56935,1468799.9954938889,-0.03333009,-0.008317262,72.581665
24.271739312019278,35.0833337340226,74.97577,6825599.987125397,-0.023238806,-0.008917294,74.125854
24.880434869565217,35.11594208344836,73.60822,5097599.927902222,-0.037734292,0.012697335,73.53003
24.60144921950647,34.9456523441682,85.40489,17971200.39653778,0.016443722,-0.03820038,73.04965
24.268116089179838,35.07971042955572,81.07262,12268800.365638733,0.02250631,-0.023266012,71.08036
24.53985505838052,35.14492730981283,78.72631,8294399.845504761,-0.00658671,0.013647657,72.71393
24.51086948471318,35.141304337922854,75.965324,6566399.786281586,-0.024025226,0.025554698,72.69917
24.3985509616347,35.079710263267266,82.39983,12182399.56741333,0.025729503,-0.025005316,71.50525
24.06159400092239,35.235507653915,77.223785,4233599.898290634,-0.052439295,-0.0584829,73.04716
24.43478277193275,35.06521686399416,78.38795,15206400.082397461,0.018989764,-0.005387703,72.51979
24.576087129988778,34.96376817111452,80.53768,15811200.185394287,0.021506496,-0.012237482,72.93259
24.177536001617764,35.01449252133363,77.3516,15465600.283241272,0.016399791,-0.030503647,72.24559
24.369565205050215,35.10507235145331,81.59638,17193599.794006348,0.0040648878,-0.028491871,71.373825
24.423912946628306,35.16304383214723,83.815254,16243199.788856506,0.008059766,-0.032861955,71.29874
24.880434869565217,35.11594208344836,73.60822,15551999.984550476,0.048378028,-0.01619546,73.55253
24.340579657513896,35.072464168316,77.031204,2419199.8635292053,-0.026611226,-0.017201751,72.36492
24.655797039477626,35.09782643790763,82.953125,10281599.557113647,0.017849175,-0.011588186,72.68683
24.677536062942007,35.07971042955572,84.775665,9849599.953651428,0.020502685,-0.014709884,72.971466
24.340579735906957,35.22101461745307,78.71513,17366400.293540955,0.0024900455,-0.026075447,71.55976
24.242753659958876,34.931159481553294,83.59315,8899199.948501587,0.017899547,0.018258248,71.04797
24.528985389862203,35.079710263267266,73.800804,1987199.9858379364,-0.033155464,-0.030490847,73.14745
24.53985505838052,35.14492730981283,78.72631,7343999.840354919,-0.016325684,0.017824944,72.63101
24.586956589458925,35.03623181903528,81.050644,9849599.953651428,0.011858771,-0.0016067745,72.40988
24.2137679164399,35.101449394680465,78.1842,13132799.572563171,0.02350038,-0.022784354,72.05952
24.85869584610084,35.31159408476158,76.05999,8467199.796581268,0.0011828989,0.010625934,73.45914
24.336956356281394,35.12681217825459,78.56935,1296000.0444173813,-0.033050418,-0.007535856,72.63069
24.3985509616347,35.079710263267266,82.39983,6912000.2368927,0.011642148,-0.004757112,71.42471
24.507246418659868,35.018115659512056,74.98295,11923200.463485718,0.011582821,-0.015432347,73.1201
24.49275373635028,34.95652190987481,78.13308,6047999.933052063,-0.036027,0.0064523644,72.36896
24.572463802625258,35.028985391507106,77.31845,17107200.092697144,0.0047110114,-0.015139636,73.75016
24.152173912100075,34.942029039701325,85.189964,13737599.675559998,0.03258267,-0.013691014,72.24793
24.16304339770124,35.14130418675153,77.183464,7862400.2420425415,0.02045518,-0.017572774,73.13053
24.134057993885538,35.130434787333385,80.741425,12441599.768257141,0.026122352,-0.00242972,70.56174
24.72463775080654,35.097825908808005,83.506035,2419199.8635292053,-0.022957692,0.0042263614,72.558304
24.528985389862203,35.079710263267266,73.800804,10713600.257492065,0.017844768,-0.018826595,73.102715
24.43478251062254,35.050724689208764,81.254395,4924799.976825714,-0.023303209,-0.008064445,71.82516
24.521739153231497,35.18115965909355,80.50853,15551999.984550476,0.015593927,-0.024843326,71.82779
24.271739312019278,35.0833337340226,74.97577,10281599.557113647,0.017432576,-0.013731563,74.436806
24.40217392316393,35.07246365433351,77.73675,1987199.9858379364,-0.0053078625,-0.012963995,72.16219
24.202898613755877,35.17753635462667,82.22561,3110399.9420642853,-0.05557327,-0.04623904,71.11965
24.423912946628306,35.13405791039468,84.735344,16588799.691009521,0.00399564,-0.03339632,71.5117
24.06159400092239,35.235507653915,77.223785,4579200.074672699,-0.046431884,-0.057091087,73.16258
24.5036234048686,34.94565269942081,84.86278,1468799.9954938889,-0.000115150586,0.0012653312,71.82721
24.677536062942007,35.07971042955572,84.775665,5443199.830055237,-0.006245274,-0.0146657545,72.72528
24.141304256647267,35.05072417522627,80.839714,8035200.193119049,-0.022436405,-0.011968369,70.328354
24.576087129988778,34.96376817111452,80.53768,14860800.180244446,0.02959358,-0.005195331,72.7739
24.06159400092239,35.235507653915,77.223785,8726399.99742508,0.03280107,-0.038766727,73.00324
24.576087129988778,34.96376817111452,80.53768,4924799.976825714,-0.031312115,0.002851312,71.74338
24.33695651306752,35.26449269887389,75.24537,10713600.257492065,0.012226395,-0.030265318,75.01575
24.286231733018653,35.16304365074164,82.86601,13305600.072097778,0.026890444,-0.020267846,70.908905
24.134057993885538,35.130434787333385,80.741425,6652800.036048889,-0.032052137,-0.008982817,70.300934
24.55434784521419,35.039855304907746,78.730316,5356800.128746033,-0.02527004,-0.0027634054,72.08893
24.528985389862203,35.079710263267266,73.800804,4752000.025749207,-0.054165676,-0.013968952,72.840324
24.264492787947336,35.06521739309379,75.914215,6134400.182819366,-0.0217363,0.009206958,73.90509
24.068840433535758,35.050724689208764,75.1399,4492800.099134445,-0.05998014,-0.02068757,73.49801
24.62318819070881,35.09782625650204,81.14894,3542400.093984604,-0.029440353,0.01184555,72.483925
24.49275373635028,35.04710138474188,79.64641,1728000.059223175,-0.006195631,0.0026766136,72.37398
24.471014503837736,35.137681214861566,84.09494,9071999.899578094,0.0058071,-0.0032717176,72.03393
24.35507260113369,35.04710138474188,76.478294,17798399.897003174,0.009042186,-0.0071899183,73.02635
24.17028990870767,35.119565206509655,75.23819,10540799.757957458,0.01945242,-0.0035417192,74.35781
24.518115930392057,35.170290078269815,76.7112,9158400.149345398,0.012209144,-0.00929231,72.88594
24.242753659958876,34.931159481553294,83.59315,7430400.090122223,0.012978751,0.019778615,71.28576
24.293478074173446,35.130434424522214,78.52256,7516799.791431427,-0.011212787,-0.014287503,72.27692
24.409420264318722,35.097825908808005,75.01247,16588799.691009521,0.017905472,-0.018970849,73.25395
24.514492864338745,35.152173737341,77.98083,11664000.262641907,0.014962085,-0.028723108,72.59691
24.068840433535758,35.050724689208764,75.1399,12441599.768257141,0.018718949,-0.02592429,73.77009
24.409420342711783,35.02898555779556,73.23672,4752000.025749207,-0.030171195,0.0069538383,72.94078
24.336956356281394,35.12681217825459,78.56935,8899199.948501587,0.00724132,-0.007834075,72.53274
24.40217392316393,35.07246365433351,77.73675,12873600.46863556,0.022836834,-0.009898942,72.789024
24.24275355543479,35.275361916886446,83.709785,9676799.454116821,0.034235224,0.00081835594,71.20546
24.336956356281394,35.12681217825459,78.56935,5788799.732208252,-0.022895234,-0.0029092934,72.18869
24.40579722439643,35.07608730649443,81.130585,15638399.68585968,0.02045945,-0.02139339,71.54475
24.5036234048686,34.94565269942081,84.86278,10195199.855804443,0.022407642,-0.02175288,72.33227
24.53985505838052,35.14492730981283,78.72631,11923200.463485718,0.021585569,-0.021647358,72.575096
24.340579735906957,35.22101461745307,78.71513,14601599.979400635,0.018898008,-0.019519081,71.8032
24.579710091518006,35.06884069756067,84.24473,10540799.757957458,0.021911403,-0.016992649,72.42713
24.141304256647267,35.05072417522627,80.839714,17452799.99485016,0.006541854,-0.03182666,71.54485
24.782608845879178,35.07246365433351,80.82854,12268800.365638733,0.031141108,-0.00658427,72.86668
24.51086948471318,35.141304337922854,75.965324,3715200.0450611115,-0.027868452,-0.000977248,72.765755
24.46739112421217,35.10507235145331,77.031204,9590399.752807617,0.009716416,0.0020452011,72.848076
24.152173912100075,34.942029039701325,85.189964,7775999.992275238,-0.014825923,0.01004407,70.632225
24.16304339770124,35.14130418675153,77.183464,11491199.7631073,0.022165017,-0.0155895725,73.01607
24.641304357168043,34.938405387540406,81.3883,6480000.084972382,-0.00018117204,-0.021589829,71.43662
24.202898613755877,35.17753635462667,82.22561,17884799.598312378,0.0060267793,-0.025758347,70.33672
24.51086948471318,35.141304337922854,75.965324,14515200.27809143,0.03248704,-0.025619993,73.28981
24.275362351941567,35.02173896397893,79.32639,6134400.182819366,-0.027192863,-0.025684277,71.87857
24.782608845879178,35.07246365433351,80.82854,10022400.453186035,0.025856122,-0.0040279515,72.88592
24.358695745580064,35.14492749121842,79.46463,10886399.660110474,0.015194809,-0.019975817,72.21802
24.24275355543479,35.275361916886446,83.709785,3801600.0205993652,-0.057673834,-0.057864234,71.987625
24.75362311542571,35.148550251468535,82.31272,16847999.891853333,-0.005209096,-0.01122817,72.37233
24.340579735906957,35.22101461745307,78.71513,11664000.262641907,0.019632239,-0.026192492,72.528534
24.49275373635028,34.95652190987481,78.13308,864000.0296115875,-0.017965922,0.008319575,71.97837
24.336956356281394,35.12681217825459,78.56935,16156800.087547302,-0.0014051478,-0.008713419,71.90207
24.16304339770124,35.14130418675153,77.183464,12441599.768257141,0.025706328,-0.011239018,72.8555
24.235507135886934,35.09782643790763,86.62735,16329599.49016571,0.02017462,-0.029441828,71.58466
24.55434784521419,35.039855304907746,78.730316,16675200.489234924,0.011021082,-0.022284841,73.186226
24.782608845879178,35.07246365433351,80.82854,8812800.247192383,0.010603657,0.0071893665,72.740486
24.068840433535758,35.17753635462667,82.62194,8985600.19826889,0.019980615,-0.024851302,70.01879
24.576087129988778,34.96376817111452,80.53768,9849599.953651428,0.020474864,-0.014460146,72.0134
24.731883987437246,34.999999998854186,80.17734,17020800.39138794,0.0125078065,-0.025031308,73.498505
24.43478277193275,35.06521686399416,78.38795,6480000.084972382,-0.027197445,8.0103055e-06,72.2519
24.677536062942007,35.07971042955572,84.775665,5529600.07982254,-0.005223613,-0.014688507,72.72294
24.278985653174068,35.159420527680346,80.15937,13046399.871253967,0.024784017,-0.0141937435,71.34008
24.17028990870767,35.119565206509655,75.23819,0.0,-0.059284925,-0.051089063,73.83761
24.264492787947336,35.06521739309379,75.914215,5702400.030899048,-0.023605568,0.005694326,73.80986
24.152173912100075,34.942029039701325,85.189964,5443199.830055237,-0.037691146,-0.016414855,70.66798
24.608695560661264,35.210145036629335,80.071884,12960000.169944763,0.022194041,-0.00993206,72.488525
24.75362311542571,35.148550251468535,82.31272,6480000.084972382,-0.019170051,0.0111103505,73.16882
24.336956356281394,35.12681217825459,78.56935,11145599.860954285,0.016294012,-0.022256335,72.44397
24.351449221508126,35.36231895652174,77.53338,3974399.971675873,-0.035672806,-0.04056181,73.19395
24.481884276880134,35.21376834109622,79.042,5097599.927902222,-0.019350408,-0.009173304,72.763214
24.409420185925658,35.126811301460926,78.58091,2505600.113296509,-0.017612921,-0.011680169,72.483376
24.003623304347823,35.192029209683014,80.788605,18057600.097846985,0.01751601,-0.022296974,70.94004
24.507246418659868,35.018115659512056,74.98295,15033599.582862854,0.019059477,-0.010713387,73.71399
24.507246627708035,35.15217355593542,72.15966,16156800.087547302,0.017558988,-0.027762411,72.533356
24.268116089179838,35.07971042955572,81.07262,12182399.56741333,0.022067353,-0.023439357,71.08722
24.351449221508126,35.36231895652174,77.53338,4752000.025749207,-0.028872328,-0.03179437,73.35933
24.340579657513896,35.072464168316,77.031204,12787199.670410156,0.018099267,-0.009294132,73.09516
24.141304256647267,35.05072417522627,80.839714,6220799.884128571,-0.045162387,-0.0059352815,70.179016
24.49275373635028,35.04710138474188,79.64641,15033599.582862854,0.01453588,-0.022373108,72.5479
24.528985389862203,35.079710263267266,73.800804,1036799.9806880951,-0.021008397,-0.038900487,72.93655
24.3913043591697,35.05434799367564,86.750465,2419199.8635292053,-0.030317886,-0.020792393,71.54252
24.271739312019278,35.0833337340226,74.97577,2937599.9909877777,-0.056355953,-0.0012709182,73.309616
24.336956356281394,35.12681217825459,78.56935,18143999.79915619,-0.0076624528,0.004916479,72.02913
24.62318819070881,35.09782625650204,81.14894,15897599.886703491,0.021140706,-0.03276757,72.510925
24.782608584568965,35.06521774078783,85.492004,4924799.976825714,-0.024601998,0.0034939582,73.03113
24.336956356281394,35.12681217825459,78.56935,10195199.855804443,0.014801289,-0.016778853,72.530876
24.521739153231497,35.18115965909355,80.50853,7516799.791431427,0.013588443,-0.0094726235,72.330734
24.57608686867857,35.22463755910878,78.28966,13996799.876403809,0.031972613,-0.015576683,72.56097
24.55434784521419,35.039855304907746,78.730316,16502399.989700317,0.011727447,-0.021943526,73.186035
24.579710091518006,35.06884069756067,84.24473,17712000.19569397,-0.009257829,-0.0028717704,72.11595
24.85869584610084,35.31159408476158,76.05999,15206400.082397461,0.03944625,-0.01563421,71.82713
24.626811465810288,35.05797113185407,83.9315,10108800.15449524,0.019450495,-0.011560205,72.6126
24.782608845879178,35.07246365433351,80.82854,7343999.840354919,-0.016178975,0.018271772,72.690216
24.471014503837736,35.137681214861566,84.09494,18230399.500465393,-0.0212264,-0.020622814,71.48731
24.278985574781007,35.18478260074926,85.36457,5875199.981975555,-0.05387862,-0.021060048,71.50664
24.373188532413735,34.85507217391305,83.68782,5270399.878978729,-0.031092009,-0.015481237,72.14811
24.626811465810288,35.05797113185407,83.9315,6825599.987125397,-0.019871088,-7.7588484e-05,72.53584
24.608695560661264,35.210145036629335,80.071884,13564800.27294159,0.021063935,-0.010246605,72.39563
24.242753659958876,34.931159481553294,83.59315,3715200.0450611115,-0.03279677,-0.020739583,71.07145
24.51086948471318,35.141304337922854,75.965324,6134400.182819366,-0.02400093,0.022102516,72.64071
24.43478251062254,35.050724689208764,81.254395,18403200.0,-0.00023030676,-0.027331455,72.40707
24.202898613755877,35.17753635462667,82.22561,11836799.665260315,0.022319384,-0.018639458,70.70449
24.358695745580064,35.14492749121842,79.46463,3369599.8686790466,-0.046788648,-0.0021192208,72.01966
24.641304357168043,34.938405387540406,81.3883,10454400.056648254,0.017891135,-0.02340596,71.97476
24.373188532413735,34.85507217391305,83.68782,3628800.0695228577,-0.0371423,-0.00083934516,71.88177
24.623188347494935,34.98550731008629,86.27349,13132799.572563171,0.042533323,-0.019876277,72.44657
24.40217392316393,35.07246365433351,77.73675,4492800.099134445,-0.022552302,-0.017391643,72.24383
24.373188532413735,34.85507217391305,83.68782,9158400.149345398,-0.017704682,-0.009143848,71.890205
24.3913043591697,35.05434799367564,86.750465,432000.01480579376,-0.033154152,-0.018162122,71.41827
24.57246390714934,35.13405809180027,82.83649,11231999.562263489,0.02257415,-0.018684497,72.263504
24.340579735906957,35.22101461745307,78.71513,11836799.665260315,0.020460537,-0.025747588,72.48943
24.423912946628306,35.16304383214723,83.815254,17107200.092697144,0.00488998,-0.029939273,71.29042
24.57608686867857,35.22463755910878,78.28966,13910400.175094604,0.03237583,-0.01507817,72.56184
24.72463775080654,35.097825908808005,83.506035,7603200.0411987305,-0.013389157,-0.0015762011,73.110435
24.528985389862203,35.079710263267266,73.800804,8553600.046348572,-0.012068367,-0.01060202,72.814674
24.351449221508126,35.36231895652174,77.53338,17107200.092697144,0.025322866,-0.028982555,71.91557
24.51086948471318,35.141304337922854,75.965324,4233599.898290634,-0.027429802,0.0043836683,72.67953
24.275362351941567,35.02173896397893,79.32639,10281599.557113647,0.017225925,-0.027947398,72.10062
24.514492864338745,35.152173737341,77.98083,8726399.99742508,0.008245411,0.002807146,72.85378
24.47463793572534,35.15579704180788,74.131996,1814400.0347614288,-0.0135280285,-0.011006184,73.72694
24.641304357168043,34.938405387540406,81.3883,8467199.796581268,0.0028231405,-0.021834666,71.84231
24.365941903817713,35.11594190204278,77.940506,5875199.981975555,-0.02443475,-0.012381431,72.50712
24.423912946628306,35.16304383214723,83.815254,10022400.453186035,0.025607165,-0.020319698,71.89008
24.373188349496587,35.09782609021359,73.044136,15292799.783706665,0.023804838,-0.034426913,72.9229
24.15217408195171,35.09782609021359,90.079155,10886399.660110474,0.033300012,-0.016315838,73.231865
24.60144921950647,34.9456523441682,85.40489,3456000.11844635,-0.019013112,0.015865887,71.972015
24.336956356281394,35.12681217825459,78.56935,13305600.072097778,0.019308217,-0.014960997,72.09994
24.49275373635028,35.04710138474188,79.64641,2246400.0495672226,-0.014722003,-0.0008233227,72.2939
24.880434869565217,35.11594208344836,73.60822,15983999.588012695,0.046047267,-0.015586851,73.547104
24.40579722439643,35.07608730649443,81.130585,14687999.680709839,0.025951136,-0.019410478,71.58523
24.677536062942007,35.07971042955572,84.775665,345600.00498890877,0.007294574,0.009627147,72.60038
24.49275373635028,35.04710138474188,79.64641,9676799.454116821,0.00984645,0.004298864,72.32104
24.43478251062254,35.050724689208764,81.254395,12441599.768257141,0.022168841,-0.022938957,71.861855
24.409420264318722,35.137681214861566,85.684586,691200.0099778175,-0.04278633,-0.0048611388,72.070114
24.33695651306752,35.26449269887389,75.24537,16934399.593162537,0.015963338,-0.030034183,72.41911
24.731883987437246,34.999999998854186,80.17734,13651199.974250793,0.030835602,-0.00413326,72.984146
24.507246627708035,35.15217355593542,72.15966,9417600.350189209,0.01724055,-0.009474877,72.565765
24.57246390714934,35.13405809180027,82.83649,8553600.046348572,0.00864901,0.008504039,72.34519
24.134057993885538,35.130434787333385,80.741425,4752000.025749207,-0.06461213,-0.025157342,70.92131
24.822463669968496,35.11956556932083,79.471794,7084800.187969208,0.0037333742,0.02491894,72.67281
24.659420157792983,35.13768139626715,82.9603,13478399.474716187,0.025809072,-0.021664223,72.48855
24.49275373635028,35.04710138474188,79.64641,17452799.99485016,-0.0024828073,-0.01910249,72.6964
24.06159400092239,35.235507653915,77.223785,1382400.019955635,-0.0902424,-0.05373366,72.47608
24.003623304347823,35.192029209683014,80.788605,17971200.39653778,0.018352788,-0.022476116,70.919136
24.55434784521419,35.039855304907746,78.730316,7948799.943351746,0.009211722,-0.001061189,72.277626
24.57246390714934,35.13405809180027,82.83649,691200.0099778175,-0.009722995,-0.0031990744,73.17729
24.43478277193275,35.06521686399416,78.38795,10886399.660110474,0.020449845,-0.010534631,72.638916
24.202898613755877,35.17753635462667,82.22561,13651199.974250793,0.028678518,-0.010897588,70.519585
24.15217408195171,35.09782609021359,90.079155,14687999.680709839,0.035090007,-0.020086912,71.99793
24.728260869121893,35.15579704180788,79.23173,5011200.226593018,-0.02476781,0.013220603,73.06673
24.35507260113369,35.04710138474188,76.478294,8467199.796581268,-0.010880111,-0.0168193,73.69312
24.282608510179216,35.10869565592019,73.044136,13132799.572563171,0.022770377,-0.0077542607,73.22678
24.275362351941567,35.02173896397893,79.32639,0.0,-0.038792,-0.014568634,71.896194
24.409420264318722,35.097825908808005,75.01247,1209599.9317646027,-0.05145494,-0.013465749,73.07906
24.677536062942007,35.07971042955572,84.775665,2851200.015449524,-0.02567702,-0.0017645136,72.75348
24.336956356281394,35.12681217825459,78.56935,15983999.588012695,0.0001880955,-0.010029264,71.904816
24.608695560661264,35.210145036629335,80.071884,4492800.099134445,-0.023687622,0.006464288,73.114265
24.481884276880134,35.21376834109622,79.042,8121599.894428253,-0.002715867,0.005640493,72.87684
24.3985509616347,35.079710263267266,82.39983,13737599.675559998,0.02953545,-0.022058474,71.44741
24.40579722439643,35.07608730649443,81.130585,17366400.293540955,0.012353184,-0.028028639,71.87004
24.579710091518006,35.06884069756067,84.24473,13132799.572563171,0.024799513,-0.014244262,72.04211
24.17028990870767,35.119565206509655,75.23819,17625600.494384766,0.019295154,-0.023854395,72.22738
24.728260869121893,35.15579704180788,79.23173,17020800.39138794,0.021983273,-0.028686116,73.11478
24.731884091961334,34.88405773852335,82.62194,12614400.267791748,0.03111951,-0.011081232,71.72342
24.619565229179578,35.18478278215484,82.255135,17452799.99485016,0.002894828,-0.03261701,71.64552
24.358695745580064,35.14492749121842,79.46463,8380800.095272064,0.0061513353,0.008302347,72.18405
24.351449221508126,35.36231895652174,77.53338,5011200.226593018,-0.025559684,-0.02909884,73.400085
24.3913043591697,35.05434799367564,86.750465,15897599.886703491,0.019786319,-0.022610782,71.59671
24.572463802625258,35.028985391507106,77.31845,10886399.660110474,0.009909526,-0.021050548,72.72432
24.293478074173446,35.130434424522214,78.52256,2764800.03991127,-0.037302583,-0.025146032,72.2536
24.068840433535758,35.050724689208764,75.1399,8467199.796581268,-0.020088313,-0.02764435,75.0675
24.5036234048686,34.94565269942081,84.86278,2419199.8635292053,-0.014134334,-0.01213249,72.0239
24.43478251062254,35.050724689208764,81.254395,9158400.149345398,0.00683238,0.0021004872,71.81348
24.49275373635028,35.04710138474188,79.64641,7343999.840354919,-0.022243133,0.00055970903,72.04554
24.72463775080654,35.097825908808005,83.506035,14687999.680709839,0.027293582,-0.02940944,72.67599
24.514492864338745,35.152173737341,77.98083,5702400.030899048,-0.018531239,0.005495228,72.508095
24.06159400092239,35.235507653915,77.223785,10713600.257492065,0.04182546,-0.04103023,72.398796
24.171296292717127,35.10648163098043,78.049835,7689599.742507935,-0.002795048,-0.026544714,72.34876
24.35507260113369,35.04710138474188,76.478294,7948799.943351746,-0.018653968,-0.022309149,73.6273
24.33695651306752,35.26449269887389,75.24537,7775999.992275238,0.0057220096,-0.028390216,74.330505
24.336956356281394,35.12681217825459,78.56935,17625600.494384766,-0.0068786256,0.0041253204,71.966446
24.641304357168043,34.938405387540406,81.3883,8294399.845504761,0.0010421611,-0.021287242,71.82279
24.340579657513896,35.072464168316,77.031204,9935999.654960632,0.0070854053,-0.00820482,73.42389
24.659420157792983,35.13768139626715,82.9603,15120000.381088257,0.025582328,-0.029350428,72.41642
24.134057993885538,35.130434787333385,80.741425,14428799.479866028,0.027814794,0.0013744999,70.774826
24.40217392316393,35.07246365433351,77.73675,7516799.791431427,-0.017688079,0.005994688,72.78349
24.800724541980035,35.0326085145684,80.91604,2419199.8635292053,-0.01500125,-0.014568185,72.121346
24.47463793572534,35.15579704180788,74.131996,9071999.899578094,0.013403156,-0.015219424,73.26148
24.235507135886934,35.09782643790763,86.62735,12527999.469566345,0.026172018,-0.023673063,72.40372
24.60144921950647,34.9456523441682,85.40489,2592000.0888347626,-0.011731708,0.013483638,72.08729
24.481884276880134,35.21376834109622,79.042,2246400.0495672226,-0.005986655,-0.023993628,72.952095
24.171296292717127,35.10648163098043,78.049835,3110399.9420642853,-0.04208503,-0.011499507,72.1572
24.134057993885538,35.130434787333385,80.741425,5788799.732208252,-0.049633317,-0.018264899,70.50111
24.15942034471344,35.02536261613985,84.04098,18143999.79915619,0.012217664,-0.036870442,71.90175
24.271739312019278,35.0833337340226,74.97577,9071999.899578094,0.01699623,-0.0075491276,74.52438
24.514492864338745,35.152173737341,77.98083,15292799.783706665,0.021763626,-0.027558299,72.65492
24.271739312019278,35.0833337340226,74.97577,15465600.283241272,0.024626866,-0.016400062,72.820946
24.068840433535758,35.050724689208764,75.1399,6825599.987125397,-0.032372147,-0.029137438,74.745514
24.177536001617764,35.01449252133363,77.3516,9849599.953651428,0.01115024,-0.03776847,73.342224
24.43478251062254,35.050724689208764,81.254395,8380800.095272064,-0.002663551,0.00627038,71.74233
24.409420342711783,35.02898555779556,73.23672,18316800.298690796,-0.007976964,-0.023641495,73.25529
24.442029139218562,35.043478080275,76.86345,6480000.084972382,-0.026833447,-0.022766976,72.56781
24.75362311542571,35.148550251468535,82.31272,12095999.866104126,0.007805323,-0.022020562,72.74259
24.52536253285706,35.05797113185407,79.99595,2937599.9909877777,-0.016817229,-0.006171506,72.30182
24.503623143558386,34.916666955294566,80.479385,7343999.840354919,-0.023703465,0.0025862139,71.937416
24.33695651306752,35.26449269887389,75.24537,13478399.474716187,0.018331714,-0.018428834,73.820496
24.655797039477626,35.09782643790763,82.953125,17971200.39653778,0.0035175458,-0.031834796,72.1317
24.282608510179216,35.10869565592019,73.044136,10799999.95880127,0.0060251486,-0.0085541755,73.69289
24.619565229179578,35.18478278215484,82.255135,17712000.19569397,0.0013357699,-0.03232023,71.60751
24.55072462237475,35.07608730649443,88.70044,12873600.46863556,0.03001654,-0.019973023,71.92624
24.514492864338745,35.152173737341,77.98083,1036799.9806880951,-0.012175398,0.0018290514,72.85136
24.409420264318722,35.097825908808005,75.01247,5184000.177669525,-0.048235856,9.832531e-05,73.0369
24.141304256647267,35.05072417522627,80.839714,3542400.093984604,-0.0640371,-0.025565805,70.95847
24.677536062942007,35.07971042955572,84.775665,11318400.360488892,0.016404184,-0.024098745,72.705475
24.358695745580064,35.14492749121842,79.46463,14515200.27809143,0.016965142,-0.014766751,71.69169
24.369565205050215,35.10507235145331,81.59638,16675200.489234924,0.0054291207,-0.027421845,71.30627
24.46739112421217,35.10507235145331,77.031204,950400.0051498413,0.015358952,0.000431587,72.78514
24.43478277193275,35.06521686399416,78.38795,6912000.2368927,-0.025675027,0.004630844,72.31603
24.55434784521419,35.039855304907746,78.730316,9331199.551963806,0.016037706,-0.008565722,72.43762
24.365941903817713,35.11594190204278,77.940506,2851200.015449524,-0.030180385,-0.010355869,72.44879
24.409420264318722,35.137681214861566,85.684586,11664000.262641907,0.020267894,-0.017347796,71.924934
24.242753659958876,34.931159481553294,83.59315,2678400.0643730164,-0.032394484,-0.018359283,71.0473
24.53985505838052,35.14492730981283,78.72631,7171199.889278412,-0.017278513,0.017804906,72.61954
24.731884091961334,34.88405773852335,82.62194,13564800.27294159,0.035493873,-0.0034237523,71.99371
24.514492864338745,35.152173737341,77.98083,9676799.454116821,0.015661243,-0.01216585,72.82722
24.365941903817713,35.11594190204278,77.940506,5443199.830055237,-0.02573354,-0.013455626,72.476425
24.35507260113369,35.04710138474188,76.478294,8553600.046348572,-0.009497732,-0.01599868,73.69831
24.576087129988778,34.96376817111452,80.53768,4233599.898290634,-0.030806312,-0.0007520616,71.770226
24.608695560661264,35.210145036629335,80.071884,16502399.989700317,0.007516044,-0.02186538,72.04119
24.3913043591697,35.05434799367564,86.750465,10195199.855804443,0.02645689,0.0046676043,72.23708
24.72463775080654,35.097825908808005,83.506035,16761600.190544128,0.017014667,-0.041645415,72.44691
24.525362323808892,35.01449270273921,80.76379,13910400.175094604,0.029309107,-0.013701513,72.46218
24.365941903817713,35.11594190204278,77.940506,2592000.0888347626,-0.030360343,-0.011052718,72.46884
24.409420185925658,35.126811301460926,78.58091,8553600.046348572,0.012319941,-0.0104852505,72.679985
24.40579730278949,34.98550712868071,82.545616,5356800.128746033,-0.032842502,0.0009607356,71.929596
24.293478074173446,35.130434424522214,78.52256,777599.9855160713,-0.041198984,-0.030342383,72.73768
24.134057993885538,35.130434787333385,80.741425,13564800.27294159,0.029353939,0.004593256,70.6403
24.626811465810288,35.05797113185407,83.9315,6134400.182819366,-0.022746922,-0.0017721634,72.51662
24.659420157792983,35.13768139626715,82.9603,3628800.0695228577,-0.022794856,0.012495246,72.80892
24.40217392316393,35.07246365433351,77.73675,3456000.11844635,-0.01977461,-0.017387899,72.148994
24.134057993885538,35.130434787333385,80.741425,14083199.577713013,0.028814888,0.0035173902,70.7185
24.423912946628306,35.16304383214723,83.815254,5011200.226593018,-0.012431769,-0.009928506,72.01481
24.202898613755877,35.17753635462667,82.22561,8553600.046348572,0.019094791,0.0021207333,70.817024
24.49275373635028,34.95652190987481,78.13308,17107200.092697144,-0.0075083487,-0.020968704,73.58595
24.141304256647267,35.05072417522627,80.839714,3715200.0450611115,-0.06365418,-0.02515679,70.88903
24.507246418659868,35.018115659512056,74.98295,1468799.9954938889,0.012082168,-0.0040435772,72.36676
24.507246418659868,35.018115659512056,74.98295,4060799.9472141266,-0.027885986,-0.0031419042,72.20755
24.134057993885538,35.130434787333385,80.741425,10454400.056648254,0.02256539,-0.006085014,70.63922
24.800724541980035,35.0326085145684,80.91604,6393599.835205078,-0.01717426,0.010865954,72.5078
24.503623143558386,34.916666955294566,80.479385,14083199.577713013,0.022979993,0.003530968,72.321465
24.340579657513896,35.072464168316,77.031204,3628800.0695228577,-0.028649786,-0.018166313,72.43193
24.57246390714934,35.13405809180027,82.83649,17798399.897003174,-0.0048435368,-0.023881035,71.783005
24.271739312019278,35.0833337340226,74.97577,3369599.8686790466,-0.05562485,-0.0020938404,73.351494
24.52536253285706,35.05797113185407,79.99595,7603200.0411987305,0.0009856783,-0.01748441,72.1656
24.282608510179216,35.10869565592019,73.044136,5875199.981975555,-0.04247506,-0.011996768,73.374275
24.409420264318722,35.097825908808005,75.01247,8553600.046348572,-0.00090445764,0.013017371,73.61978
24.3913043591697,35.05434799367564,86.750465,13219200.370788574,0.03331556,-0.0073821675,71.84438
24.85869584610084,35.31159408476158,76.05999,15120000.381088257,0.03990199,-0.0150606,71.84909
24.264492787947336,35.06521739309379,75.914215,8380800.095272064,-0.0046953857,0.0075738467,74.33149
24.52536253285706,35.05797113185407,79.99595,4492800.099134445,-0.019820603,0.0007180553,72.15228
24.32608705359737,35.05434782738719,80.59564,2159999.936914444,-0.024730152,-0.02753116,72.05259
24.409420264318722,35.097825908808005,75.01247,14083199.577713013,0.026595999,-0.0035187956,73.28652
24.608695560661264,35.210145036629335,80.071884,2159999.936914444,-0.03356842,0.0006374214,72.93639
24.358695745580064,35.14492749121842,79.46463,12787199.670410156,0.020547487,-0.015647886,71.96218
24.442029139218562,35.043478080275,76.86345,13824000.4737854,0.022123417,-0.016288128,73.23867
24.340579735906957,35.22101461745307,78.71513,16761600.190544128,0.0059728017,-0.026194496,71.65317
24.46739112421217,35.10507235145331,77.031204,1036799.9806880951,0.014105069,-0.00033388846,72.766464
24.677536062942007,35.07971042955572,84.775665,5011200.226593018,-0.011426551,-0.014431104,72.74425
24.576087129988778,34.96376817111452,80.53768,9590399.752807617,0.017738659,-0.015213463,71.97988
24.60144921950647,34.9456523441682,85.40489,9244799.850654602,0.00786735,-0.004338367,72.16834
24.52536253285706,35.05797113185407,79.99595,16847999.891853333,0.01441914,-0.024515493,72.55752
24.619565229179578,35.18478278215484,82.255135,7171199.889278412,0.016219798,-0.015117038,72.616234
24.731883987437246,34.999999998854186,80.17734,172800.00249445438,0.011697036,-0.005679995,72.20931
24.481884276880134,35.21376834109622,79.042,2937599.9909877777,-0.01486616,-0.019637542,72.9566
24.275362351941567,35.02173896397893,79.32639,3801600.0205993652,-0.03764186,-0.016449211,72.11693
24.46739112421217,35.10507235145331,77.031204,18057600.097846985,0.023517812,-0.017431607,72.88713
24.528985389862203,35.079710263267266,73.800804,3974399.971675873,-0.049152315,-0.011945337,73.02212
24.72463775080654,35.097825908808005,83.506035,7862400.2420425415,-0.010909518,-0.0017381497,73.12275
24.528985389862203,35.079710263267266,73.800804,5788799.732208252,-0.058036216,-0.020021,72.66075
24.60144921950647,34.9456523441682,85.40489,16847999.891853333,0.021828754,-0.040527135,73.03879
24.409420185925658,35.126811301460926,78.58091,16156800.087547302,0.022575054,-0.029620642,72.12835
24.24275355543479,35.275361916886446,83.709785,12700799.969100952,0.028938843,-0.027039358,70.82519
24.423912946628306,35.16304383214723,83.815254,7689599.742507935,0.029425217,-0.020412607,71.820175
24.365941903817713,35.11594190204278,77.940506,11577599.464416504,0.016604453,-0.018503351,72.74653
24.340579735906957,35.22101461745307,78.71513,3628800.0695228577,-0.029818183,-0.019469423,72.37835
24.55072462237475,35.07608730649443,88.70044,15206400.082397461,0.025669528,-0.029216228,72.10396
24.528985389862203,35.079710263267266,73.800804,16934399.593162537,0.019916244,-0.028148038,73.53699
24.32608705359737,35.05434782738719,80.59564,17625600.494384766,0.013484003,-0.02726424,72.1689
24.068840433535758,35.050724689208764,75.1399,17366400.293540955,0.004431054,-0.03360012,71.82042
24.423912946628306,35.13405791039468,84.735344,7775999.992275238,-0.0075014383,0.0006731376,71.92629
24.57246390714934,35.13405809180027,82.83649,16156800.087547302,0.014382428,-0.033295974,71.98196
24.728260869121893,35.15579704180788,79.23173,14515200.27809143,0.031163592,-0.016748318,73.16284
24.423912946628306,35.13405791039468,84.735344,17020800.39138794,-0.0004498735,-0.03322316,71.47716
24.40579730278949,34.98550712868071,82.545616,8380800.095272064,-0.0078606345,-0.009233385,71.64432
24.373188349496587,35.09782609021359,73.044136,14860800.180244446,0.025843661,-0.036117896,72.88049
24.134057993885538,35.130434787333385,80.741425,12614400.267791748,0.026924184,-0.00081337616,70.56373
24.152173912100075,34.942029039701325,85.189964,10195199.855804443,0.026798567,-0.013956405,71.23186
24.2137679164399,35.101449394680465,78.1842,5702400.030899048,-0.008259196,-0.02921456,72.085976
24.264492787947336,35.06521739309379,75.914215,5356800.128746033,-0.024875255,0.002123299,73.7295
24.17028990870767,35.119565206509655,75.23819,15033599.582862854,0.017671509,-0.016784413,72.61678
24.5036234048686,34.94565269942081,84.86278,4579200.074672699,-0.02334941,-0.00214939,71.914604
24.373188532413735,34.85507217391305,83.68782,3542400.093984604,-0.037102677,-0.00042086747,71.86178
24.528985389862203,35.079710263267266,73.800804,17020800.39138794,0.01946577,-0.028591076,73.55248
24.55072462237475,35.07608730649443,88.70044,7343999.840354919,0.0068022218,-0.016510865,72.47757
24.782608845879178,35.07246365433351,80.82854,7084800.187969208,-0.019516198,0.016907278,72.69479
24.293478074173446,35.130434424522214,78.52256,8726399.99742508,0.0012725405,0.00015932601,72.43441
24.507246627708035,35.15217355593542,72.15966,11836799.665260315,0.027714266,-0.014992356,72.04408
24.514492864338745,35.152173737341,77.98083,8553600.046348572,0.006089424,0.004933824,72.84142
24.481884276880134,35.21376834109622,79.042,6825599.987125397,-0.015287461,0.0016767001,72.83961
24.641304357168043,34.938405387540406,81.3883,10195199.855804443,0.01733014,-0.023693198,71.942505
24.271739312019278,35.0833337340226,74.97577,10368000.35533905,0.016816698,-0.01414788,74.42254
24.49275373635028,35.04710138474188,79.64641,17107200.092697144,0.00026411377,-0.021271223,72.65987
24.202898613755877,35.17753635462667,82.22561,17971200.39653778,0.005232757,-0.025830971,70.34424
24.068840433535758,35.17753635462667,82.62194,7084800.187969208,0.0014584921,-0.029968234,70.043106
24.278985653174068,35.159420527680346,80.15937,6220799.884128571,-0.030336803,-0.026808666,71.50732
24.525362323808892,35.01449270273921,80.76379,3456000.11844635,-0.019160835,0.00036024395,72.118126
24.423912946628306,35.16304383214723,83.815254,14947199.88155365,0.017406225,-0.029398246,71.37846
24.003623304347823,35.192029209683014,80.788605,1900800.0102996826,-0.07133475,-0.092127636,71.15789
24.177536001617764,35.01449252133363,77.3516,14256000.07724762,0.02118699,-0.030137619,72.42362
24.608695560661264,35.210145036629335,80.071884,3801600.0205993652,-0.027832156,0.005438367,73.112114
24.626811465810288,35.05797113185407,83.9315,3801600.0205993652,-0.022357142,0.0061821733,72.56875
24.264492787947336,35.06521739309379,75.914215,4492800.099134445,-0.026005203,-0.006443573,73.50416
24.365941903817713,35.11594190204278,77.940506,17452799.99485016,0.007575443,-0.011309139,72.24451
24.40579722439643,35.07608730649443,81.130585,172800.00249445438,0.00022311695,-0.01486999,72.581924
24.268116089179838,35.07971042955572,81.07262,3715200.0450611115,-0.040922478,-0.015079852,71.46078
24.177536001617764,35.01449252133363,77.3516,12960000.169944763,0.018896978,-0.033925653,72.73138
24.15942034471344,35.02536261613985,84.04098,3715200.0450611115,-0.023385743,-0.019111468,70.740685
24.728260869121893,35.15579704180788,79.23173,6566399.786281586,-0.015604781,0.016751463,72.91871
24.409420264318722,35.137681214861566,85.684586,18057600.097846985,0.014686226,-0.011786843,71.409164
24.268116089179838,35.07971042955572,81.07262,5961600.231742859,-0.034088776,-0.025905294,71.15484
24.373188349496587,35.09782609021359,73.044136,14774400.478935242,0.026158284,-0.035844594,72.87579
24.782608584568965,35.06521774078783,85.492004,5184000.177669525,-0.02442375,0.0036345879,73.07918
24.525362323808892,35.01449270273921,80.76379,8726399.99742508,-0.0062314495,0.016458197,72.13794
24.16304339770124,35.14130418675153,77.183464,12009600.164794922,0.023911808,-0.013557931,72.94685
24.47463793572534,35.15579704180788,74.131996,13737599.675559998,0.037240285,-0.028345117,72.8027
24.655797039477626,35.09782643790763,82.953125,2851200.015449524,-0.022258965,-0.0010382151,72.63488
24.271739312019278,35.0833337340226,74.97577,7171199.889278412,-0.017781915,-0.010004468,74.19533
24.626811465810288,35.05797113185407,83.9315,8726399.99742508,0.0022379607,0.010704417,72.57737
24.60144921950647,34.9456523441682,85.40489,1468799.9954938889,0.0059513096,0.0050837398,72.02886
24.3913043591697,35.05434799367564,86.750465,14860800.180244446,0.026448129,-0.017245632,71.6181
24.62318819070881,35.09782625650204,81.14894,17020800.39138794,0.014735727,-0.034195013,72.43067
24.62318819070881,35.09782625650204,81.14894,4406400.123596191,-0.031258523,0.00904898,72.42521
24.268116089179838,35.07971042955572,81.07262,17712000.19569397,0.014243048,-0.02988669,71.78077
24.55072462237475,35.07608730649443,88.70044,2159999.936914444,-0.00831479,-0.017138502,71.89022
24.003623304347823,35.192029209683014,80.788605,16761600.190544128,0.026546076,-0.025180725,70.62941
24.822463669968496,35.11956556932083,79.471794,14860800.180244446,0.029285247,-0.019078253,72.78478
24.409420264318722,35.097825908808005,75.01247,11750399.96395111,0.017034527,-0.013592452,73.32205
24.5036234048686,34.94565269942081,84.86278,1987199.9858379364,-0.008691933,-0.0066493116,71.961426
24.340579735906957,35.22101461745307,78.71513,10627199.459266663,0.017970014,-0.02656511,72.65735
24.579710091518006,35.06884069756067,84.24473,3542400.093984604,-0.035830587,0.0008733524,72.5311
24.3913043591697,35.05434799367564,86.750465,15724800.484085083,0.020820966,-0.022019511,71.59909
24.171296292717127,35.10648163098043,78.049835,17366400.293540955,0.012559965,-0.017831294,71.76866
24.068840433535758,35.17753635462667,82.62194,11491199.7631073,0.030412927,-0.021341922,70.03942
24.62318819070881,35.09782625650204,81.14894,15033599.582862854,0.027492352,-0.026295492,72.503716
24.514492864338745,35.152173737341,77.98083,17798399.897003174,0.008287906,-0.026207766,72.56353
24.340579657513896,35.072464168316,77.031204,17020800.39138794,0.009837583,-0.019614158,72.72735
24.15217408195171,35.09782609021359,90.079155,17798399.897003174,0.010933971,-0.039296493,71.07326
24.202898613755877,35.17753635462667,82.22561,10454400.056648254,0.023314102,-0.020235905,70.870285
24.572463802625258,35.028985391507106,77.31845,5184000.177669525,-0.03135591,0.0017655753,72.0128
24.40579730278949,34.98550712868071,82.545616,6480000.084972382,-0.029230362,0.0015227664,71.74176
24.373188532413735,34.85507217391305,83.68782,3369599.8686790466,-0.036868766,0.0003546141,71.82291
24.52536253285706,35.05797113185407,79.99595,5615999.781131744,-0.015601689,-0.007658109,72.130325
24.514492864338745,35.152173737341,77.98083,13910400.175094604,0.029870033,-0.025269812,72.59709
24.55072462237475,35.07608730649443,88.70044,4406400.123596191,-0.022617089,-0.012888169,72.391
24.85869584610084,35.31159408476158,76.05999,1382400.019955635,0.008854447,0.021082502,73.902855
24.171296292717127,35.10648163098043,78.049835,11664000.262641907,0.018214306,-0.022692176,72.31329
24.47463793572534,35.15579704180788,74.131996,3887999.996137619,-0.0284724,-0.014212515,73.51545
24.471014503837736,35.137681214861566,84.09494,5529600.07982254,-0.029695952,-0.005561836,72.0736
24.134057993885538,35.130434787333385,80.741425,86400.00124722719,-0.063988134,-0.047746785,72.05778
24.471014503837736,35.137681214861566,84.09494,14342399.778556824,0.016228862,-0.023621121,71.71788
24.282608510179216,35.10869565592019,73.044136,12700799.969100952,0.020356666,-0.0084758885,73.31092
24.15942034471344,35.02536261613985,84.04098,3456000.11844635,-0.022238133,-0.01920768,70.81248
24.503623143558386,34.916666955294566,80.479385,7084800.187969208,-0.02486354,-0.00025854446,71.91138
24.822463669968496,35.11956556932083,79.471794,8121599.894428253,0.005459763,0.018171687,72.56794
24.53985505838052,35.14492730981283,78.72631,13046399.871253967,0.026361844,-0.021102035,72.50919
24.40579722439643,35.07608730649443,81.130585,15551999.984550476,0.021000836,-0.021102594,71.54325
24.782608845879178,35.07246365433351,80.82854,4665599.775981903,-0.031118175,-0.0073422324,72.51867
24.275362351941567,35.02173896397893,79.32639,14601599.979400635,0.021448093,-0.02484023,71.655365
24.60144921950647,34.9456523441682,85.40489,16934399.593162537,0.021472497,-0.04042974,73.04783
24.202898613755877,35.17753635462667,82.22561,14428799.479866028,0.023882383,-0.010439677,70.49326
24.141304256647267,35.05072417522627,80.839714,11059200.15964508,0.014880449,-0.023247326,70.59214
24.15217408195171,35.09782609021359,90.079155,9071999.899578094,0.034620017,-0.0002793353,72.800995
24.72463775080654,35.097825908808005,83.506035,5011200.226593018,-0.018783694,0.004902059,73.01507
24.782608845879178,35.07246365433351,80.82854,11145599.860954285,0.029217163,-0.0073076263,72.88758
24.141304256647267,35.05072417522627,80.839714,16156800.087547302,0.014646193,-0.032780893,71.19683
24.518115930392057,35.170290078269815,76.7112,18057600.097846985,0.016575277,-0.025143215,72.942276
24.728260869121893,35.15579704180788,79.23173,11231999.562263489,0.021849591,-0.013037916,72.83188
24.62318819070881,35.09782625650204,81.14894,5097599.927902222,-0.03052848,0.00673191,72.38908
24.47463793572534,35.15579704180788,74.131996,9244799.850654602,0.015398487,-0.015743947,73.24701
24.731883987437246,34.999999998854186,80.17734,15638399.68585968,0.018680913,-0.013664659,73.33747
24.782608845879178,35.07246365433351,80.82854,17366400.293540955,0.0010553394,0.0102893375,72.76201
24.275362351941567,35.02173896397893,79.32639,13478399.474716187,0.024911176,-0.02417924,71.732315
24.423912946628306,35.13405791039468,84.735344,4060799.9472141266,-0.03541383,-0.0022091288,72.02578
24.619565229179578,35.18478278215484,82.255135,4233599.898290634,-0.01965624,-0.0035908557,73.02358
24.51086948471318,35.141304337922854,75.965324,17366400.293540955,0.020738272,-0.02660718,73.366196
24.06159400092239,35.235507653915,77.223785,10108800.15449524,0.039856695,-0.0406451,72.586685
24.731883987437246,34.999999998854186,80.17734,13737599.675559998,0.03135443,-0.0036054607,73.007286
24.623188347494935,34.98550731008629,86.27349,8121599.894428253,-0.00057099015,0.008675115,72.58284
24.40579722439643,35.07608730649443,81.130585,0.0,-0.002597548,-0.013663331,72.5669
24.3913043591697,35.05434799367564,86.750465,12268800.365638733,0.03168945,-0.006663196,72.01457
24.626811465810288,35.05797113185407,83.9315,14515200.27809143,0.035455063,-0.010989422,72.284706
24.655797039477626,35.09782643790763,82.953125,13564800.27294159,0.020549176,-0.025482455,72.53506
24.623188347494935,34.98550731008629,86.27349,2592000.0888347626,-0.0059010275,-0.0069393814,72.39533
24.57246390714934,35.13405809180027,82.83649,3542400.093984604,-0.023415329,-0.010714512,72.71553
24.336956356281394,35.12681217825459,78.56935,9676799.454116821,0.012806127,-0.012624389,72.55239
24.782608584568965,35.06521774078783,85.492004,11404800.061798096,0.020137167,-0.02138351,73.227234
24.40579730278949,34.98550712868071,82.545616,13046399.871253967,0.026032982,-0.031582005,71.72406
24.52536253285706,35.05797113185407,79.99595,10454400.056648254,0.016293872,-0.018521456,72.44281
24.572463802625258,35.028985391507106,77.31845,2332799.8879909515,-0.019147536,0.00021753833,71.81372
24.608695560661264,35.210145036629335,80.071884,13478399.474716187,0.02141419,-0.010017149,72.40926
24.481884276880134,35.21376834109622,79.042,15897599.886703491,-0.002338091,-0.027813485,72.06668
24.242753659958876,34.931159481553294,83.59315,14515200.27809143,0.022180133,-0.019448722,71.884
24.5036234048686,34.94565269942081,84.86278,2332799.8879909515,-0.0132043455,-0.011196302,72.01518
24.608695560661264,35.210145036629335,80.071884,1987199.9858379364,-0.033806093,-0.00013459101,72.920364
24.880434869565217,35.11594208344836,73.60822,11750399.96395111,0.026824987,-0.016396904,73.60445
24.2137679164399,35.101449394680465,78.1842,16588799.691009521,0.019579455,-0.030848851,71.854454
24.507246418659868,35.018115659512056,74.98295,4319999.873828888,-0.030113885,-0.0027004257,72.22724
24.340579657513896,35.072464168316,77.031204,11836799.665260315,0.01282964,-0.014472818,73.24604
24.55434784521419,35.039855304907746,78.730316,259199.99517202377,-0.0053101704,0.01178079,72.477684
24.152173912100075,34.942029039701325,85.189964,14428799.479866028,0.029051248,-0.01861894,72.3634
24.06159400092239,35.235507653915,77.223785,10368000.35533905,0.040720437,-0.040867977,72.50617
24.15217408195171,35.09782609021359,90.079155,5097599.927902222,-0.010663161,-0.043050677,72.58841
24.641304357168043,34.938405387540406,81.3883,9849599.953651428,0.015970977,-0.0238827,71.913414
24.24275355543479,35.275361916886446,83.709785,3715200.0450611115,-0.058160946,-0.057804197,71.977684
24.47463793572534,35.15579704180788,74.131996,9331199.551963806,0.016293231,-0.016055288,73.238945
24.373188349496587,35.09782609021359,73.044136,3801600.0205993652,-0.01809203,0.003344112,72.964005
24.43478277193275,35.06521686399416,78.38795,5615999.781131744,-0.027117847,-0.008201638,72.17295
24.619565229179578,35.18478278215484,82.255135,2505600.113296509,-0.018452255,0.0038272012,73.21426
24.521739153231497,35.18115965909355,80.50853,777599.9855160713,0.013930596,-0.013130546,72.79194
24.57246390714934,35.13405809180027,82.83649,17625600.494384766,-0.0022490136,-0.024959153,71.80407
24.782608584568965,35.06521774078783,85.492004,7430400.090122223,-0.027768979,0.0036755428,73.40319
24.340579735906957,35.22101461745307,78.71513,2851200.015449524,-0.025323024,-0.024763146,72.49948
24.75362311542571,35.148550251468535,82.31272,7171199.889278412,-0.01713523,0.011784157,73.21394
24.15217408195171,35.09782609021359,90.079155,15292799.783706665,0.030734954,-0.02667102,71.704865
24.507246627708035,35.15217355593542,72.15966,12009600.164794922,0.02874054,-0.014118347,72.0137
24.171296292717127,35.10648163098043,78.049835,259199.99517202377,-0.04955467,-0.0034101922,72.017746
24.5036234048686,34.94565269942081,84.86278,16588799.691009521,0.020677103,-0.051959515,72.72515
24.235507135886934,35.09782643790763,86.62735,17798399.897003174,0.00091702305,-0.028514786,71.185905
24.134057993885538,35.130434787333385,80.741425,2159999.936914444,-0.06617304,-0.052304678,71.49495
24.134057993885538,35.130434787333385,80.741425,14687999.680709839,0.026818225,-0.0006784545,70.81532
24.177536001617764,35.01449252133363,77.3516,15551999.984550476,0.01565929,-0.030687654,72.23827
24.507246418659868,35.018115659512056,74.98295,7084800.187969208,-0.022315161,0.011965118,73.00456
24.782608584568965,35.06521774078783,85.492004,5702400.030899048,-0.02572657,0.0028749844,73.1606
24.16304339770124,35.14130418675153,77.183464,5615999.781131744,-0.0058068596,-0.033436738,72.91649
24.528985389862203,35.079710263267266,73.800804,17452799.99485016,0.01696461,-0.031831637,73.62469
24.46739112421217,35.10507235145331,77.031204,13478399.474716187,0.027249627,-0.017027872,73.05752
24.365941903817713,35.11594190204278,77.940506,8639999.747657776,-0.012171062,-0.005020773,72.868675
24.286231733018653,35.16304365074164,82.86601,4579200.074672699,-0.0070166886,-0.030024102,71.11002
24.409420185925658,35.126811301460926,78.58091,18230399.500465393,0.023657333,-0.027394807,72.16494
24.15217408195171,35.09782609021359,90.079155,3887999.996137619,-0.022756765,-0.048753843,72.12065
24.579710091518006,35.06884069756067,84.24473,14083199.577713013,0.023141917,-0.015339974,72.04132
24.586956589458925,35.03623181903528,81.050644,10454400.056648254,0.018669302,-0.008995932,72.40967
24.278985574781007,35.18478260074926,85.36457,2073599.9613761902,-0.0778743,-0.026582649,71.44578
24.152173912100075,34.942029039701325,85.189964,5097599.927902222,-0.037630603,-0.020770801,70.65683
24.507246418659868,35.018115659512056,74.98295,6220799.884128571,-0.03115085,0.00381755,72.7396
24.47463793572534,35.15579704180788,74.131996,8208000.144195557,-0.00030512922,-0.014219869,73.31242
24.52536253285706,35.05797113185407,79.99595,6393599.835205078,-0.008854812,-0.01573905,72.12844
24.579710091518006,35.06884069756067,84.24473,8208000.144195557,0.0021901634,0.0070515242,72.45157
24.521739153231497,35.18115965909355,80.50853,8726399.99742508,0.008226124,0.008866687,72.328384
24.579710091518006,35.06884069756067,84.24473,8985600.19826889,0.017705703,-0.0017251316,72.490616
24.655797039477626,35.09782643790763,82.953125,13478399.474716187,0.020239359,-0.02536033,72.53647
24.373188532413735,34.85507217391305,83.68782,7171199.889278412,-0.029055791,-0.016533079,71.99537
24.641304357168043,34.938405387540406,81.3883,2246400.0495672226,-0.0060841627,-0.024014378,71.67813
24.442029139218562,35.043478080275,76.86345,345600.00498890877,0.004894754,0.019198045,72.455315
24.782608584568965,35.06521774078783,85.492004,18143999.79915619,0.0059724664,-0.030465769,72.662285
24.15942034471344,35.02536261613985,84.04098,3196799.917602539,-0.02098463,-0.018742984,70.88414
24.35507260113369,35.04710138474188,76.478294,8380800.095272064,-0.012291538,-0.017721424,73.68638
24.358695745580064,35.14492749121842,79.46463,16416000.288391113,0.005419541,-0.021741478,71.6051
24.800724541980035,35.0326085145684,80.91604,15551999.984550476,0.035830073,0.000151705,72.95316
24.503623143558386,34.916666955294566,80.479385,8899199.948501587,-0.011927472,0.015839469,72.08492
24.409420342711783,35.02898555779556,73.23672,10627199.459266663,0.011073838,-0.011612328,73.288475
24.5036234048686,34.94565269942081,84.86278,16243199.788856506,0.022550069,-0.051306933,72.70287
24.572463802625258,35.028985391507106,77.31845,5529600.07982254,-0.03153391,0.0017619701,72.09029
24.481884276880134,35.21376834109622,79.042,2419199.8635292053,-0.009004666,-0.022885932,72.961586
24.365941903817713,35.11594190204278,77.940506,17798399.897003174,0.006835049,-0.010772577,72.243614
24.423912946628306,35.16304383214723,83.815254,5097599.927902222,-0.011408525,-0.010368841,72.00971
24.202898613755877,35.17753635462667,82.22561,7862400.2420425415,0.0053351466,0.0058780313,70.764565
24.268116089179838,35.07971042955572,81.07262,7084800.187969208,-0.01963715,-0.027068505,70.98475
24.521739153231497,35.18115965909355,80.50853,11923200.463485718,0.014736842,-0.022589387,72.13066
24.782608584568965,35.06521774078783,85.492004,10713600.257492065,0.020345246,-0.017734172,73.27572
24.46739112421217,35.10507235145331,77.031204,6825599.987125397,-0.012700358,-0.004186103,72.58774
24.286231733018653,35.16304365074164,82.86601,2505600.113296509,0.005091166,-0.027679486,71.39563
24.507246627708035,35.15217355593542,72.15966,8294399.845504761,0.005564986,0.0038140528,72.70086
24.52536253285706,35.05797113185407,79.99595,2764800.03991127,-0.016200954,-0.006616948,72.32359
24.677536062942007,35.07971042955572,84.775665,18143999.79915619,-0.0005640127,-0.03657522,72.37141
24.57246390714934,35.13405809180027,82.83649,5529600.07982254,-0.02696565,-0.004452329,72.59596
24.351449221508126,35.36231895652174,77.53338,7948799.943351746,0.024347166,0.0010607019,73.19708
24.576087129988778,34.96376817111452,80.53768,8899199.948501587,0.00876871,-0.015693357,71.89219
24.268116089179838,35.07971042955572,81.07262,6393599.835205078,-0.028530093,-0.028374506,71.06692
24.2137679164399,35.101449394680465,78.1842,2678400.0643730164,-0.008480256,-0.025435207,72.1668
24.373188532413735,34.85507217391305,83.68782,10281599.557113647,0.0051879343,-0.022327917,71.868515
24.521739153231497,35.18115965909355,80.50853,9244799.850654602,0.0074928086,0.012224101,72.35441
24.3985509616347,35.079710263267266,82.39983,5961600.231742859,-0.009294635,-0.00042499416,71.47534
24.134057993885538,35.130434787333385,80.741425,0.0,-0.064398065,-0.047668964,72.09585
24.177536001617764,35.01449252133363,77.3516,14342399.778556824,0.021167856,-0.029994221,72.406075
24.242753659958876,34.931159481553294,83.59315,1728000.059223175,-0.02994523,-0.008863645,71.04819
24.235507135886934,35.09782643790763,86.62735,15724800.484085083,0.025170093,-0.02863623,71.74049
24.677536062942007,35.07971042955572,84.775665,14342399.778556824,0.027857335,-0.022100704,72.51465
24.235507135886934,35.09782643790763,86.62735,15551999.984550476,0.026259808,-0.028272448,71.78393
24.579710091518006,35.06884069756067,84.24473,13564800.27294159,0.024560625,-0.014433738,72.03187
24.40217392316393,35.07246365433351,77.73675,10022400.453186035,0.014424295,-0.012835028,72.88776
24.06159400092239,35.235507653915,77.223785,1468799.9954938889,-0.088794746,-0.054510526,72.49442
24.782608584568965,35.06521774078783,85.492004,3715200.0450611115,-0.026309432,0.002640455,72.668816
24.351449221508126,35.36231895652174,77.53338,6307200.133895874,0.00032637827,-0.013053466,73.42097
24.822463669968496,35.11956556932083,79.471794,1987199.9858379364,-0.013164109,0.0161719,72.78701
24.235507135886934,35.09782643790763,86.62735,13046399.871253967,0.027389763,-0.02427697,72.35252
24.514492864338745,35.152173737341,77.98083,2937599.9909877777,-0.02100713,0.00070367754,72.61831
24.293478074173446,35.130434424522214,78.52256,13219200.370788574,0.016593473,-0.018691065,72.03494
24.52536253285706,35.05797113185407,79.99595,7257600.139045715,-0.0015235823,-0.01863568,72.14352
24.15942034471344,35.02536261613985,84.04098,15638399.68585968,0.021503216,-0.030417176,71.59919
24.373188349496587,35.09782609021359,73.044136,17366400.293540955,0.016944407,-0.034386158,73.1177
24.43478277193275,35.06521686399416,78.38795,6134400.182819366,-0.027470114,-0.003766168,72.21289
24.16304339770124,35.14130418675153,77.183464,17884799.598312378,0.028323418,-0.024311045,71.66989
24.507246627708035,35.15217355593542,72.15966,9331199.551963806,0.016729925,-0.009083135,72.575165
24.55072462237475,35.07608730649443,88.70044,10108800.15449524,0.01215226,-0.023940628,72.303795
24.35507260113369,35.04710138474188,76.478294,2505600.113296509,-0.027215982,-0.014425881,72.41994
24.47463793572534,35.15579704180788,74.131996,12960000.169944763,0.03188008,-0.0300482,72.76348
24.49275373635028,34.95652190987481,78.13308,14256000.07724762,0.017197879,0.007925844,73.149475
24.282608510179216,35.10869565592019,73.044136,9763200.252342224,-0.010585403,-0.0006869184,73.866905
24.800724541980035,35.0326085145684,80.91604,0.0,-0.011237474,0.005320738,72.06799
24.442029139218562,35.043478080275,76.86345,10886399.660110474,0.005565865,-0.028501803,73.123726
24.503623143558386,34.916666955294566,80.479385,8208000.144195557,-0.018615643,0.011441266,72.03683
24.286231733018653,35.16304365074164,82.86601,17279999.49531555,0.008493529,-0.032229118,70.62535
24.619565229179578,35.18478278215484,82.255135,3196799.917602539,-0.02135803,0.0005233912,73.14669
24.57608686867857,35.22463755910878,78.28966,604799.9658823013,-0.0039956346,0.018164134,73.20107
24.278985574781007,35.18478260074926,85.36457,12960000.169944763,0.025327092,-0.023360187,71.566666
24.282608510179216,35.10869565592019,73.044136,259199.99517202377,-0.05093869,0.0011257222,73.20551
24.521739153231497,35.18115965909355,80.50853,6739199.737358093,0.010118755,-0.013934221,72.39318
24.608695560661264,35.210145036629335,80.071884,4924799.976825714,-0.020550294,0.0077389968,73.08275
24.576087129988778,34.96376817111452,80.53768,8639999.747657776,0.0046416074,-0.0147019345,71.861046
24.514492864338745,35.152173737341,77.98083,13564800.27294159,0.028943587,-0.025494484,72.58515
24.731883987437246,34.999999998854186,80.17734,14256000.07724762,0.032150853,-0.0023858342,73.13268
24.525362323808892,35.01449270273921,80.76379,6652800.036048889,-0.0309238,0.009899917,71.93979
24.481884276880134,35.21376834109622,79.042,2505600.113296509,-0.010308491,-0.022325708,72.96434
24.2137679164399,35.101449394680465,78.1842,11491199.7631073,0.013342824,-0.023786137,72.35989
24.268116089179838,35.07971042955572,81.07262,4924799.976825714,-0.040887758,-0.018730054,71.37412
24.586956589458925,35.03623181903528,81.050644,2937599.9909877777,-0.00043093413,-0.012231676,72.26975
24.15942034471344,35.02536261613985,84.04098,11491199.7631073,0.02990754,-0.02966007,71.13543
24.409420264318722,35.097825908808005,75.01247,7430400.090122223,-0.024808066,0.012164267,73.47617
24.57246390714934,35.13405809180027,82.83649,17971200.39653778,-0.0075220894,-0.023043936,71.76357
24.880434869565217,35.11594208344836,73.60822,2678400.0643730164,-0.03576088,-0.0042476766,73.63354
24.15942034471344,35.02536261613985,84.04098,345600.00498890877,-0.003135262,0.01485058,71.721535
24.3913043591697,35.05434799367564,86.750465,12787199.670410156,0.032951202,-0.006627828,71.925865
24.409420185925658,35.126811301460926,78.58091,0.0,-0.0026280563,-0.011547565,73.05572
24.40217392316393,35.07246365433351,77.73675,18316800.298690796,-0.0075951032,0.0031486712,72.823235
24.275362351941567,35.02173896397893,79.32639,5875199.981975555,-0.027663404,-0.02571415,71.908424
24.068840433535758,35.17753635462667,82.62194,13132799.572563171,0.03705544,-0.012978168,69.99081
24.409420264318722,35.097825908808005,75.01247,13651199.974250793,0.025714286,-0.0032774229,73.31114
24.271739312019278,35.0833337340226,74.97577,11750399.96395111,0.01319741,-0.0139210895,74.09818
24.177536001617764,35.01449252133363,77.3516,12268800.365638733,0.018027857,-0.035697363,72.88736
24.57608686867857,35.22463755910878,78.28966,7171199.889278412,-0.007863367,0.010457564,73.07589
24.586956589458925,35.03623181903528,81.050644,3542400.093984604,-0.0046121236,-0.010266667,72.21293
24.3985509616347,35.079710263267266,82.39983,3196799.917602539,-0.017815059,0.011025621,71.93053
24.641304357168043,34.938405387540406,81.3883,10886399.660110474,0.018370703,-0.022589976,72.049545
24.507246627708035,35.15217355593542,72.15966,11664000.262641907,0.026729545,-0.01610952,72.07972
24.278985574781007,35.18478260074926,85.36457,12441599.768257141,0.025422363,-0.024705647,71.65695
24.423912946628306,35.16304383214723,83.815254,10195199.855804443,0.02461463,-0.02118154,71.89559
24.471014503837736,35.137681214861566,84.09494,18403200.0,-0.02347724,-0.02008435,71.491615
24.623188347494935,34.98550731008629,86.27349,11750399.96395111,0.03220564,-0.01822936,72.34502
24.286231733018653,35.16304365074164,82.86601,9504000.051498413,0.030385185,-0.017147206,71.0774
24.16304339770124,35.14130418675153,77.183464,13651199.974250793,0.026714569,-0.007907869,72.479355
24.369565205050215,35.10507235145331,81.59638,11059200.15964508,0.020222936,-0.021178903,71.499886
24.293478074173446,35.130434424522214,78.52256,11836799.665260315,0.01243146,-0.022539927,72.24478
24.278985653174068,35.159420527680346,80.15937,2937599.9909877777,-0.0763619,-0.030716104,71.34551
24.782608845879178,35.07246365433351,80.82854,2073599.9613761902,-0.01718158,-0.0064599253,72.33858
24.60144921950647,34.9456523441682,85.40489,5270399.878978729,-0.014135176,0.016298654,71.870705
24.275362351941567,35.02173896397893,79.32639,10368000.35533905,0.017832637,-0.028331978,72.099525
24.731883987437246,34.999999998854186,80.17734,11231999.562263489,0.015423644,-0.019166904,72.46609
24.235507135886934,35.09782643790763,86.62735,11231999.562263489,0.022590077,-0.021426538,72.37396
24.728260869121893,35.15579704180788,79.23173,13996799.876403809,0.03237513,-0.014148306,73.13688
24.409420185925658,35.126811301460926,78.58091,10627199.459266663,0.019715967,-0.0126784295,72.64391
24.55072462237475,35.07608730649443,88.70044,2073599.9613761902,-0.006981829,-0.016582308,71.87404
24.278985574781007,35.18478260074926,85.36457,8467199.796581268,0.0033831075,-0.007476736,71.4093
24.626811465810288,35.05797113185407,83.9315,5184000.177669525,-0.025396766,0.001402053,72.51856
24.275362351941567,35.02173896397893,79.32639,6912000.2368927,-0.026549285,-0.024255076,71.8537
24.152173912100075,34.942029039701325,85.189964,18403200.0,-0.0002971124,-0.033724055,72.33159
24.340579657513896,35.072464168316,77.031204,8553600.046348572,-0.014161328,0.0014663534,73.45947
24.134057993885538,35.130434787333385,80.741425,3196799.917602539,-0.0707134,-0.041884772,71.35642
24.177536001617764,35.01449252133363,77.3516,8467199.796581268,-0.004998727,-0.03929142,73.4743
24.518115930392057,35.170290078269815,76.7112,8467199.796581268,0.0016705785,-0.0063167084,72.84964
24.351449221508126,35.36231895652174,77.53338,12527999.469566345,0.030947153,-0.010961795,72.40039
24.659420157792983,35.13768139626715,82.9603,1987199.9858379364,-0.026927432,0.0090435725,72.77618
24.52536253285706,35.05797113185407,79.99595,14256000.07724762,0.024140706,-0.017430237,72.557526
24.619565229179578,35.18478278215484,82.255135,15465600.283241272,0.012106631,-0.037507914,71.96482
24.43478251062254,35.050724689208764,81.254395,7516799.791431427,-0.010639554,-0.0038676858,71.699715
24.33695651306752,35.26449269887389,75.24537,432000.01480579376,-0.07212214,-0.030102277,73.21505
24.242753659958876,34.931159481553294,83.59315,9676799.454116821,0.019825904,0.0046807807,70.96498
24.608695560661264,35.210145036629335,80.071884,10281599.557113647,0.01431446,-0.0062818415,72.77173
24.358695745580064,35.14492749121842,79.46463,2246400.0495672226,-0.045280673,0.0003064964,72.17794
24.608695560661264,35.210145036629335,80.071884,10454400.056648254,0.01455907,-0.0083007235,72.767746
24.06159400092239,35.235507653915,77.223785,5961600.231742859,-0.0148614105,-0.05143971,73.50766
24.409420264318722,35.097825908808005,75.01247,2246400.0495672226,-0.052753136,-0.013213273,73.0356
24.659420157792983,35.13768139626715,82.9603,14601599.979400635,0.026564589,-0.026452044,72.451065
24.16304339770124,35.14130418675153,77.183464,11577599.464416504,0.022371894,-0.015349254,73.00747
24.49275373635028,35.04710138474188,79.64641,604799.9658823013,0.008435712,0.0071659964,72.62133
24.659420157792983,35.13768139626715,82.9603,691200.0099778175,-0.020574661,0.013680646,72.765274
24.409420264318722,35.097825908808005,75.01247,2332799.8879909515,-0.052803576,-0.01285447,73.0315
24.358695745580064,35.14492749121842,79.46463,11491199.7631073,0.017014403,-0.022659967,72.16619
24.340579735906957,35.22101461745307,78.71513,10972800.458335876,0.017795892,-0.027039835,72.6337
24.358695745580064,35.14492749121842,79.46463,1555199.9710321426,-0.042900033,0.0056199776,72.351036
24.5036234048686,34.94565269942081,84.86278,12787199.670410156,0.031516626,-0.03135138,72.08511
24.423912946628306,35.16304383214723,83.815254,3456000.11844635,-0.024366943,-0.009098321,72.14827
24.242753659958876,34.931159481553294,83.59315,6912000.2368927,0.00569251,0.01599341,71.29881
24.521739153231497,35.18115965909355,80.50853,17798399.897003174,0.0075599076,-0.020200873,71.69314
24.481884276880134,35.21376834109622,79.042,4406400.123596191,-0.018438423,-0.0132687725,72.79314
24.358695745580064,35.14492749121842,79.46463,1468799.9954938889,-0.04260672,0.0065570273,72.37642
24.518115930392057,35.170290078269815,76.7112,4579200.074672699,-0.02673545,0.011489913,72.59509
24.579710091518006,35.06884069756067,84.24473,6566399.786281586,-0.022356959,0.0031231847,72.38488
24.731884091961334,34.88405773852335,82.62194,12787199.670410156,0.032003947,-0.01047926,71.765686
24.514492864338745,35.152173737341,77.98083,9417600.350189209,0.014537533,-0.007874083,72.84974
24.880434869565217,35.11594208344836,73.60822,13391999.773406982,0.04416738,-0.005470546,73.440956
24.626811465810288,35.05797113185407,83.9315,9331199.551963806,0.012275025,0.0012823017,72.59552
24.242753659958876,34.931159481553294,83.59315,4147199.9227523804,-0.03224455,-0.018436352,71.09621
24.3985509616347,35.079710263267266,82.39983,17971200.39653778,0.017000759,-0.021910658,71.5878
24.75362311542571,35.148550251468535,82.31272,15724800.484085083,0.012904544,-0.02162621,72.48954
24.278985653174068,35.159420527680346,80.15937,3283199.893140793,-0.07637511,-0.02823723,71.33838
24.340579657513896,35.072464168316,77.031204,13305600.072097778,0.021306816,-0.007113101,72.98598
24.40217392316393,35.07246365433351,77.73675,7603200.0411987305,-0.016771143,0.0063077845,72.80113
24.16304339770124,35.14130418675153,77.183464,10454400.056648254,0.022879403,-0.014663603,73.06036
24.85869584610084,35.31159408476158,76.05999,518399.99034404755,0.010943144,0.024209578,73.75345
24.264492787947336,35.06521739309379,75.914215,15379199.48501587,0.014103746,-0.014511552,72.80558
24.53985505838052,35.14492730981283,78.72631,10540799.757957458,0.01708223,-0.015730707,72.684105
24.880434869565217,35.11594208344836,73.60822,18230399.500465393,0.017167138,0.012792576,73.462036
24.731884091961334,34.88405773852335,82.62194,10368000.35533905,0.024196321,-0.008531975,71.34945
24.782608845879178,35.07246365433351,80.82854,2419199.8635292053,-0.02219682,-0.008545164,72.37266
24.235507135886934,35.09782643790763,86.62735,5961600.231742859,-0.024573619,-0.017877555,71.703316
24.409420342711783,35.02898555779556,73.23672,5961600.231742859,-0.039221115,0.0075200223,73.04373
24.46739112421217,35.10507235145331,77.031204,2937599.9909877777,-0.017298168,-0.012777388,72.47695
24.068840433535758,35.050724689208764,75.1399,12527999.469566345,0.018555887,-0.025941262,73.73079
24.369565205050215,35.10507235145331,81.59638,7948799.943351746,0.0018483773,-0.012885716,71.36343
24.57246390714934,35.13405809180027,82.83649,9504000.051498413,0.020877197,-0.0042283107,72.37177
24.171296292717127,35.10648163098043,78.049835,14687999.680709839,0.020576855,-0.015974408,71.66654
24.365941903817713,35.11594190204278,77.940506,7603200.0411987305,-0.020592099,-0.006272275,72.75546
24.528985389862203,35.079710263267266,73.800804,2246400.0495672226,-0.036193788,-0.0270831,73.17952
24.32608705359737,35.05434782738719,80.59564,1814400.0347614288,-0.025115611,-0.027013103,72.113174
24.373188532413735,34.85507217391305,83.68782,7689599.742507935,-0.02985149,-0.011235302,71.955444
24.242753659958876,34.931159481553294,83.59315,3456000.11844635,-0.0329315,-0.021143788,71.06111
24.423912946628306,35.16304383214723,83.815254,3369599.8686790466,-0.024827676,-0.009466523,72.15873
24.409420264318722,35.097825908808005,75.01247,5702400.030899048,-0.04609833,0.0013449928,73.10132
24.177536001617764,35.01449252133363,77.3516,17193599.794006348,-0.0024358593,-0.032282896,72.23793
24.579710091518006,35.06884069756067,84.24473,9244799.850654602,0.020801311,-0.0058551095,72.500496
24.271739312019278,35.0833337340226,74.97577,12614400.267791748,0.02103639,-0.0076746307,73.81902
24.43478251062254,35.050724689208764,81.254395,9763200.252342224,0.013503318,-0.0076227374,71.84932
24.152173912100075,34.942029039701325,85.189964,12614400.267791748,0.033509877,-0.01057389,71.95885
24.514492864338745,35.152173737341,77.98083,9244799.850654602,0.013395654,-0.005007107,72.85887
24.340579735906957,35.22101461745307,78.71513,3542400.093984604,-0.029408565,-0.01998878,72.39206
24.336956356281394,35.12681217825459,78.56935,1209599.9317646027,-0.03291017,-0.0070645157,72.65621
24.293478074173446,35.130434424522214,78.52256,2937599.9909877777,-0.036869407,-0.024370378,72.23724
24.423912946628306,35.16304383214723,83.815254,9071999.899578094,0.0313543,-0.018022439,71.81783
24.286231733018653,35.16304365074164,82.86601,17452799.99485016,0.0074977074,-0.032406785,70.63788
24.528985389862203,35.079710263267266,73.800804,2159999.936914444,-0.035186253,-0.028218811,73.170456
24.659420157792983,35.13768139626715,82.9603,17884799.598312378,0.008043395,-0.03460385,71.95036
24.003623304347823,35.192029209683014,80.788605,16934399.593162537,0.02580836,-0.025021533,70.666504
24.282608510179216,35.10869565592019,73.044136,2592000.0888347626,-0.04768777,-0.013691945,73.27599
24.60144921950647,34.9456523441682,85.40489,10108800.15449524,0.020686349,-0.014559692,72.0572
24.507246418659868,35.018115659512056,74.98295,13564800.27294159,0.023191571,-0.0057001933,73.51763
24.264492787947336,35.06521739309379,75.914215,18057600.097846985,0.010540045,-0.01704349,72.721855
24.340579657513896,35.072464168316,77.031204,7603200.0411987305,-0.02986881,-0.006331073,73.33613
24.17028990870767,35.119565206509655,75.23819,7430400.090122223,-0.011404628,0.009042451,74.62918
24.365941903817713,35.11594190204278,77.940506,4406400.123596191,-0.028630788,-0.011288568,72.437225
24.340579657513896,35.072464168316,77.031204,1987199.9858379364,-0.025845105,-0.016268753,72.399
24.728260869121893,35.15579704180788,79.23173,13219200.370788574,0.032449983,-0.011975067,73.063324
24.409420264318722,35.097825908808005,75.01247,13219200.370788574,0.023901084,-0.004722772,73.3226
24.068840433535758,35.17753635462667,82.62194,13478399.474716187,0.03751143,-0.0117129125,69.976585
24.49275373635028,34.95652190987481,78.13308,17452799.99485016,-0.006886184,-0.02234414,73.586876
24.471014503837736,35.137681214861566,84.09494,5097599.927902222,-0.029418068,-0.0072742403,72.09996
24.141304256647267,35.05072417522627,80.839714,12700799.969100952,0.0273093,-0.020280173,70.73096
24.43478251062254,35.050724689208764,81.254395,3887999.996137619,-0.019013962,-0.010882955,71.951035
24.423912946628306,35.13405791039468,84.735344,3283199.893140793,-0.034062177,0.00055899005,72.09135
24.409420342711783,35.02898555779556,73.23672,10368000.35533905,0.010294432,-0.00836953,73.301315
24.40579722439643,35.07608730649443,81.130585,345600.00498890877,0.0024222508,-0.01599902,72.5904
24.3913043591697,35.05434799367564,86.750465,14601599.979400635,0.028179979,-0.0154168345,71.6354
24.24275355543479,35.275361916886446,83.709785,6825599.987125397,-0.012191741,-0.021757456,71.76792
24.518115930392057,35.170290078269815,76.7112,2678400.0643730164,-0.033940405,0.002964829,73.00396
24.278985574781007,35.18478260074926,85.36457,13478399.474716187,0.02453602,-0.021736233,71.47061
24.503623143558386,34.916666955294566,80.479385,7689599.742507935,-0.02191682,0.006275797,71.9776
24.85869584610084,35.31159408476158,76.05999,12960000.169944763,0.041998588,-0.010568665,72.29858
24.134057993885538,35.130434787333385,80.741425,10281599.557113647,0.023123018,-0.0044938195,70.64034
24.2137679164399,35.101449394680465,78.1842,4147199.9227523804,-0.015369026,-0.02566762,72.184494
24.586956589458925,35.03623181903528,81.050644,16761600.190544128,0.008975762,-0.030670239,72.55927
24.880434869565217,35.11594208344836,73.60822,10713600.257492065,0.020224199,-0.014432704,73.73648
24.003623304347823,35.192029209683014,80.788605,17798399.897003174,0.01994085,-0.022907326,70.876595
24.641304357168043,34.938405387540406,81.3883,3110399.9420642853,-0.016768618,-0.014241293,71.611946
24.282608510179216,35.10869565592019,73.044136,11750399.96395111,0.0140295895,-0.011211803,73.49641
24.528985389862203,35.079710263267266,73.800804,14947199.88155365,0.030899428,-0.023474919,73.17916
24.409420264318722,35.137681214861566,85.684586,1814400.0347614288,-0.03959883,-0.013463341,72.04708
24.242753659958876,34.931159481553294,83.59315,17712000.19569397,0.009069143,-0.038981795,71.802986
24.503623143558386,34.916666955294566,80.479385,518399.99034404755,0.011904918,-0.017541079,71.905716
24.72463775080654,35.097825908808005,83.506035,950400.0051498413,0.0035537686,0.0010107271,72.51442
24.358695745580064,35.14492749121842,79.46463,7343999.840354919,-0.005191652,0.014039802,72.045395
24.442029139218562,35.043478080275,76.86345,13478399.474716187,0.021146644,-0.017489726,73.235725
24.242753659958876,34.931159481553294,83.59315,10713600.257492065,0.023183,-0.013321284,71.07643
24.481884276880134,35.21376834109622,79.042,13651199.974250793,0.017676445,-0.020889042,72.26854
24.525362323808892,35.01449270273921,80.76379,12873600.46863556,0.029627029,-0.010727657,72.3803
24.659420157792983,35.13768139626715,82.9603,1036799.9806880951,-0.022013685,0.012318789,72.79234
24.507246418659868,35.018115659512056,74.98295,345600.00498890877,0.026137415,0.0030242214,72.32896
24.55072462237475,35.07608730649443,88.70044,4838399.727058411,-0.020748297,-0.011184281,72.478355
24.177536001617764,35.01449252133363,77.3516,10886399.660110474,0.017093165,-0.037631534,73.15401
24.409420185925658,35.126811301460926,78.58091,4924799.976825714,-0.021745054,-0.01056242,72.420654
24.202898613755877,35.17753635462667,82.22561,4319999.873828888,-0.055448346,-0.03768857,70.91431
24.782608845879178,35.07246365433351,80.82854,6480000.084972382,-0.024968764,0.01090496,72.694046
24.514492864338745,35.152173737341,77.98083,4579200.074672699,-0.021177338,0.0059669223,72.536415
24.518115930392057,35.170290078269815,76.7112,14256000.07724762,0.034005865,-0.026469922,73.03885
24.202898613755877,35.17753635462667,82.22561,11145599.860954285,0.020757614,-0.020980598,70.80258
24.373188349496587,35.09782609021359,73.044136,5011200.226593018,-0.015309194,-0.0133304205,72.803764
24.3913043591697,35.05434799367564,86.750465,2851200.015449524,-0.030076804,-0.019832728,71.59378
24.525362323808892,35.01449270273921,80.76379,13132799.572563171,0.029854173,-0.011130197,72.404335
24.33695651306752,35.26449269887389,75.24537,3456000.11844635,-0.04943271,-0.041117452,73.38635
24.278985653174068,35.159420527680346,80.15937,2246400.0495672226,-0.07580226,-0.036764294,71.421135
24.15217408195171,35.09782609021359,90.079155,12182399.56741333,0.03354852,-0.02197205,73.32073
24.528985389862203,35.079710263267266,73.800804,10454400.056648254,0.016885214,-0.017181775,73.11023
24.235507135886934,35.09782643790763,86.62735,11059200.15964508,0.02159608,-0.021475429,72.361244
24.242753659958876,34.931159481553294,83.59315,4406400.123596191,-0.03162542,-0.016099337,71.11527
24.358695745580064,35.14492749121842,79.46463,2764800.03991127,-0.04645486,-0.0012360392,72.08605
24.40579722439643,35.07608730649443,81.130585,16588799.691009521,0.015316892,-0.025310716,71.65479
24.62318819070881,35.09782625650204,81.14894,7343999.840354919,-0.022648146,0.013790652,72.41058
24.3985509616347,35.079710263267266,82.39983,9071999.899578094,0.018309286,-0.009654311,71.50042
24.822463669968496,35.11956556932083,79.471794,8380800.095272064,0.0065626595,0.014720715,72.56135
24.40217392316393,35.07246365433351,77.73675,259199.99517202377,0.016858283,0.0020060241,72.626205
24.235507135886934,35.09782643790763,86.62735,3196799.917602539,-0.018643895,0.011777597,71.093994
24.731884091961334,34.88405773852335,82.62194,15724800.484085083,0.015857622,1.40676275e-05,72.8565
24.282608510179216,35.10869565592019,73.044136,3887999.996137619,-0.047130704,-0.019399991,73.24992
24.336956356281394,35.12681217825459,78.56935,16329599.49016571,-0.002788689,-0.0072050933,71.90145
24.659420157792983,35.13768139626715,82.9603,1209599.9317646027,-0.023052672,0.011555688,72.797104
24.521739153231497,35.18115965909355,80.50853,17107200.092697144,0.009586717,-0.023181004,71.727104
24.677536062942007,35.07971042955572,84.775665,16243199.788856506,0.017928734,-0.034161843,72.39752
24.282608510179216,35.10869565592019,73.044136,13305600.072097778,0.023597559,-0.007858302,73.19188
24.271739312019278,35.0833337340226,74.97577,17193599.794006348,0.020669922,-0.021033479,72.77334
24.003623304347823,35.192029209683014,80.788605,2937599.9909877777,-0.07198605,-0.08082531,70.757454
24.525362323808892,35.01449270273921,80.76379,16761600.190544128,0.009292903,-0.024511738,72.617966
24.782608584568965,35.06521774078783,85.492004,11750399.96395111,0.02033463,-0.021809863,73.18845
24.55434784521419,35.039855304907746,78.730316,15033599.582862854,0.022467207,-0.013653448,73.11897
24.365941903817713,35.11594190204278,77.940506,16243199.788856506,0.01032728,-0.016869672,72.25833
24.351449221508126,35.36231895652174,77.53338,8899199.948501587,0.026785323,-0.00020621438,73.11082
24.677536062942007,35.07971042955572,84.775665,11577599.464416504,0.015208693,-0.025076704,72.65876
24.293478074173446,35.130434424522214,78.52256,6912000.2368927,-0.014068821,-0.021777967,72.18656
24.52536253285706,35.05797113185407,79.99595,172800.00249445438,0.0055529624,0.007086374,72.92507
24.626811465810288,35.05797113185407,83.9315,14428799.479866028,0.035459246,-0.010716524,72.2806
24.278985574781007,35.18478260074926,85.36457,4752000.025749207,-0.068832606,-0.023237815,71.264885
24.242753659958876,34.931159481553294,83.59315,3887999.996137619,-0.0326304,-0.020063652,71.08023
24.409420264318722,35.097825908808005,75.01247,3023999.9665260315,-0.05274348,-0.0088403635,73.00004
24.369565205050215,35.10507235145331,81.59638,6480000.084972382,-0.01960286,-0.0149996225,71.34342
24.268116089179838,35.07971042955572,81.07262,18143999.79915619,0.013462292,-0.02922999,71.92438
24.340579735906957,35.22101461745307,78.71513,172800.00249445438,-0.035559803,-0.026489513,72.77033
24.481884276880134,35.21376834109622,79.042,18403200.0,-0.023122234,-0.0164287,71.873505
24.53985505838052,35.14492730981283,78.72631,13824000.4737854,0.027262647,-0.022570545,72.493744
24.15217408195171,35.09782609021359,90.079155,5356800.128746033,-0.006300563,-0.04134707,72.65011
24.623188347494935,34.98550731008629,86.27349,5356800.128746033,-0.020201186,-0.004760105,72.29975
24.608695560661264,35.210145036629335,80.071884,7948799.943351746,0.0034542996,0.01605691,72.70627
24.340579657513896,35.072464168316,77.031204,14342399.778556824,0.021970417,-0.008052282,72.76708
24.442029139218562,35.043478080275,76.86345,17107200.092697144,0.012475627,-0.019589318,73.272736
24.202898613755877,35.17753635462667,82.22561,18316800.298690796,0.0015919376,-0.026063612,70.38641
24.60144921950647,34.9456523441682,85.40489,8985600.19826889,0.0032076612,-0.001393144,72.19791
24.15942034471344,35.02536261613985,84.04098,777599.9855160713,-0.0049888883,0.0089161815,71.59092
24.003623304347823,35.192029209683014,80.788605,4665599.775981903,-0.06285198,-0.046301365,70.32688
24.409420264318722,35.137681214861566,85.684586,11231999.562263489,0.020281857,-0.018536856,71.92854
24.16304339770124,35.14130418675153,77.183464,3801600.0205993652,-0.034263097,-0.04420522,72.863884
24.278985574781007,35.18478260074926,85.36457,6825599.987125397,-0.037195988,-0.014753604,71.5558
24.880434869565217,35.11594208344836,73.60822,6825599.987125397,-0.022065734,0.020776242,73.42487
24.278985653174068,35.159420527680346,80.15937,1641599.9465703964,-0.07607632,-0.040600747,71.55983
24.171296292717127,35.10648163098043,78.049835,5615999.781131744,-0.020821149,-0.022184977,72.10909
24.619565229179578,35.18478278215484,82.255135,1468799.9954938889,-0.0003014598,0.002850188,73.23534
24.72463775080654,35.097825908808005,83.506035,8639999.747657776,0.0031421464,-0.0014067236,73.16048
24.35507260113369,35.04710138474188,76.478294,3023999.9665260315,-0.030855598,-0.01662467,72.44348
24.068840433535758,35.050724689208764,75.1399,12009600.164794922,0.019284595,-0.025633244,73.96661
24.47463793572534,35.15579704180788,74.131996,777599.9855160713,-0.011646172,0.0063603814,73.576996
24.731883987437246,34.999999998854186,80.17734,1555199.9710321426,-0.012299264,-0.0021128133,72.021034
24.49275373635028,35.04710138474188,79.64641,8380800.095272064,-0.009510817,0.008946878,72.132706
24.278985574781007,35.18478260074926,85.36457,10022400.453186035,0.026477112,-0.014389588,71.671776
24.235507135886934,35.09782643790763,86.62735,518399.99034404755,-0.007148819,0.026898818,71.74507
24.623188347494935,34.98550731008629,86.27349,4319999.873828888,-0.021147648,-0.0027776938,72.34508
24.423912946628306,35.16304383214723,83.815254,14083199.577713013,0.023560513,-0.028266875,71.50151
24.423912946628306,35.13405791039468,84.735344,11491199.7631073,0.021131134,-0.024596943,71.848915
24.782608845879178,35.07246365433351,80.82854,12182399.56741333,0.031015567,-0.0068386476,72.864914
24.525362323808892,35.01449270273921,80.76379,4752000.025749207,-0.02613159,0.009025915,71.950005
24.340579657513896,35.072464168316,77.031204,8035200.193119049,-0.024064085,-0.0014816327,73.41141
24.351449221508126,35.36231895652174,77.53338,950400.0051498413,-0.07732662,-0.07115137,71.95047
24.409420342711783,35.02898555779556,73.23672,4924799.976825714,-0.031498842,0.0071224314,72.94944
24.369565205050215,35.10507235145331,81.59638,10454400.056648254,0.018460235,-0.020060861,71.4935
24.5036234048686,34.94565269942081,84.86278,17625600.494384766,0.015201424,-0.050416835,72.71592
24.518115930392057,35.170290078269815,76.7112,17712000.19569397,0.018649159,-0.025936807,73.00164
24.507246418659868,35.018115659512056,74.98295,11577599.464416504,0.008864169,-0.01829614,73.05198
24.134057993885538,35.130434787333385,80.741425,2332799.8879909515,-0.067102045,-0.051134817,71.4728
24.52536253285706,35.05797113185407,79.99595,432000.01480579376,0.0055337306,0.0076929214,72.81703
24.471014503837736,35.137681214861566,84.09494,8639999.747657776,0.0013225526,0.0032345355,72.03648
24.46739112421217,35.10507235145331,77.031204,11836799.665260315,0.02098524,-0.018835464,72.94392
24.264492787947336,35.06521739309379,75.914215,9071999.899578094,0.0060246726,0.005346339,74.36211
24.278985653174068,35.159420527680346,80.15937,3542400.093984604,-0.075909905,-0.026941871,71.3446
24.507246418659868,35.018115659512056,74.98295,14774400.478935242,0.02083048,-0.009323921,73.68376
24.278985574781007,35.18478260074926,85.36457,17798399.897003174,-0.0112736765,-0.021103999,70.919304
24.572463802625258,35.028985391507106,77.31845,5702400.030899048,-0.031384237,0.002065464,72.12996
24.677536062942007,35.07971042955572,84.775665,11231999.562263489,0.01680966,-0.023696644,72.72245
24.623188347494935,34.98550731008629,86.27349,16588799.691009521,0.033576753,-0.03519948,73.08943
24.351449221508126,35.36231895652174,77.53338,15638399.68585968,0.02467436,-0.026564823,71.7281
24.619565229179578,35.18478278215484,82.255135,10540799.757957458,0.021444622,-0.018550294,72.48932
24.518115930392057,35.170290078269815,76.7112,11750399.96395111,0.023912262,-0.027281543,72.75126
24.202898613755877,35.17753635462667,82.22561,10540799.757957458,0.022834023,-0.020577578,70.864456
24.40217392316393,35.07246365433351,77.73675,14947199.88155365,0.020421315,-0.006880926,72.60158
24.3985509616347,35.079710263267266,82.39983,6480000.084972382,0.00227681,-0.0044808686,71.43622
24.3913043591697,35.05434799367564,86.750465,6393599.835205078,-0.016201144,0.016649099,72.306564
24.152173912100075,34.942029039701325,85.189964,9590399.752807617,0.020157827,-0.0074731484,71.04322
24.586956589458925,35.03623181903528,81.050644,6480000.084972382,-0.017783085,0.005460048,72.194885
24.655797039477626,35.09782643790763,82.953125,691200.0099778175,0.00511894,0.0055747405,72.73979
24.822463669968496,35.11956556932083,79.471794,12960000.169944763,0.029901585,-0.01169987,72.72197
24.47463793572534,35.15579704180788,74.131996,4233599.898290634,-0.029593078,-0.0133978855,73.445816
24.365941903817713,35.11594190204278,77.940506,2505600.113296509,-0.030397603,-0.011243878,72.477005
24.572463802625258,35.028985391507106,77.31845,3456000.11844635,-0.02607316,0.0012303693,71.761086
24.242753659958876,34.931159481553294,83.59315,5097599.927902222,-0.027704129,-0.0071007833,71.17639
24.358695745580064,35.14492749121842,79.46463,12268800.365638733,0.019580754,-0.019580556,72.05479
24.579710091518006,35.06884069756067,84.24473,1123200.0247836113,-0.025377134,0.0032801703,72.59512
24.373188532413735,34.85507217391305,83.68782,11318400.360488892,0.023510851,-0.032028176,71.910355
24.278985653174068,35.159420527680346,80.15937,13219200.370788574,0.02429274,-0.013542321,71.31434
24.72463775080654,35.097825908808005,83.506035,15551999.984550476,0.024520352,-0.03438597,72.634796
24.373188349496587,35.09782609021359,73.044136,10281599.557113647,0.016602134,-0.017508423,73.300934
24.782608845879178,35.07246365433351,80.82854,17712000.19569397,-0.004632823,0.012766739,72.78784
24.641304357168043,34.938405387540406,81.3883,5961600.231742859,-0.002784364,-0.021117782,71.39659
24.369565205050215,35.10507235145331,81.59638,604799.9658823013,-0.01352766,-0.004952928,72.63741
24.572463802625258,35.028985391507106,77.31845,11836799.665260315,0.012400322,-0.019591214,72.95688
24.171296292717127,35.10648163098043,78.049835,16675200.489234924,0.013396147,-0.019710882,71.7619
24.782608584568965,35.06521774078783,85.492004,9331199.551963806,0.012255548,0.007391417,73.26898
24.72463775080654,35.097825908808005,83.506035,5529600.07982254,-0.01519605,0.007971754,73.04387
24.286231733018653,35.16304365074164,82.86601,345600.00498890877,0.030006466,-0.0026955865,72.03169
24.655797039477626,35.09782643790763,82.953125,10799999.95880127,0.018180093,-0.015352938,72.65314
24.068840433535758,35.17753635462667,82.62194,4924799.976825714,-0.033662133,-0.035020806,70.30447
24.52536253285706,35.05797113185407,79.99595,3542400.093984604,-0.018408647,-0.0027655605,72.231094
24.177536001617764,35.01449252133363,77.3516,17366400.293540955,-0.0040342677,-0.031978577,72.25924
24.518115930392057,35.170290078269815,76.7112,864000.0296115875,-0.03855016,0.009625672,73.42278
24.423912946628306,35.16304383214723,83.815254,3887999.996137619,-0.021909406,-0.007816603,72.101814
24.340579657513896,35.072464168316,77.031204,5615999.781131744,-0.03170553,-0.020679144,72.80746
24.35507260113369,35.04710138474188,76.478294,7862400.2420425415,-0.0197543,-0.023181783,73.61025
24.46739112421217,35.10507235145331,77.031204,8035200.193119049,-0.009917196,0.013896888,72.83321
24.518115930392057,35.170290078269815,76.7112,5875199.981975555,-0.023037,0.0040775407,72.59482
24.503623143558386,34.916666955294566,80.479385,15033599.582862854,0.016748698,-0.0061493367,72.55166
24.677536062942007,35.07971042955572,84.775665,11923200.463485718,0.014006097,-0.02585393,72.60886
24.731884091961334,34.88405773852335,82.62194,16761600.190544128,0.013510324,-0.013683101,73.28518
24.85869584610084,35.31159408476158,76.05999,950400.0051498413,0.010678378,0.022527238,73.81663
24.586956589458925,35.03623181903528,81.050644,16675200.489234924,0.0095716715,-0.030278912,72.55563
24.369565205050215,35.10507235145331,81.59638,13824000.4737854,0.026558384,-0.018188683,71.40436
24.57608686867857,35.22463755910878,78.28966,12787199.670410156,0.030806351,-0.0127592385,72.55694
24.003623304347823,35.192029209683014,80.788605,1036799.9806880951,-0.075611,-0.095411316,71.52333
24.068840433535758,35.17753635462667,82.62194,6393599.835205078,-0.010008417,-0.031786814,70.08602
24.525362323808892,35.01449270273921,80.76379,14515200.27809143,0.026993677,-0.01678708,72.49206
24.85869584610084,35.31159408476158,76.05999,8639999.747657776,0.005247295,0.008778093,73.419945
24.068840433535758,35.17753635462667,82.62194,13651199.974250793,0.037554644,-0.011197247,69.97061
24.16304339770124,35.14130418675153,77.183464,11404800.061798096,0.02200192,-0.015782544,73.02361
24.423912946628306,35.16304383214723,83.815254,16416000.288391113,0.007254797,-0.032742105,71.29657
24.373188349496587,35.09782609021359,73.044136,0.0,-0.019921547,-0.0033507217,73.06371
24.85869584610084,35.31159408476158,76.05999,4147199.9227523804,-0.02376522,0.011122936,74.23841
24.800724541980035,35.0326085145684,80.91604,2678400.0643730164,-0.018604314,-0.016075686,72.157234
24.202898613755877,35.17753635462667,82.22561,12182399.56741333,0.02431236,-0.017017044,70.65495
24.728260869121893,35.15579704180788,79.23173,9158400.149345398,0.008656977,0.0074648196,72.86935
24.177536001617764,35.01449252133363,77.3516,10195199.855804443,0.013897823,-0.037723996,73.282135
24.822463669968496,35.11956556932083,79.471794,5097599.927902222,-0.009666402,0.018823953,72.98871
24.57246390714934,35.13405809180027,82.83649,2159999.936914444,-0.019187758,-0.013918614,72.978935
24.409420342711783,35.02898555779556,73.23672,10454400.056648254,0.010648337,-0.009394923,73.29794
24.268116089179838,35.07971042955572,81.07262,13391999.773406982,0.02649213,-0.021732112,70.99844
24.43478277193275,35.06521686399416,78.38795,1728000.059223175,-0.011065105,-0.014313854,72.21336
24.202898613755877,35.17753635462667,82.22561,950400.0051498413,-0.043922573,-0.05238588,71.65048
24.731883987437246,34.999999998854186,80.17734,3456000.11844635,-0.029606128,0.005769193,71.82845
24.731884091961334,34.88405773852335,82.62194,14515200.27809143,0.03200995,0.008068439,72.349396
24.5036234048686,34.94565269942081,84.86278,4665599.775981903,-0.023097618,-0.0014462937,71.912766
24.576087129988778,34.96376817111452,80.53768,15983999.588012695,0.020038184,-0.01394676,72.95963
24.46739112421217,35.10507235145331,77.031204,13305600.072097778,0.026464554,-0.016955853,73.05195
24.782608584568965,35.06521774078783,85.492004,16502399.989700317,0.025951803,-0.029773207,72.76429
24.373188532413735,34.85507217391305,83.68782,15379199.48501587,0.026022585,-0.05536846,71.86398
24.16304339770124,35.14130418675153,77.183464,14601599.979400635,0.024821216,-0.011662345,72.18153
24.49275373635028,34.95652190987481,78.13308,10972800.458335876,0.003191663,-0.011670716,72.81546
24.2137679164399,35.101449394680465,78.1842,1123200.0247836113,0.0099495975,-0.02014331,72.13658
24.49275373635028,34.95652190987481,78.13308,16070400.386238098,-0.004939776,-0.010660812,73.46506
24.782608845879178,35.07246365433351,80.82854,2159999.936914444,-0.018561458,-0.0070182234,72.347404
24.336956356281394,35.12681217825459,78.56935,17193599.794006348,-0.006420562,0.0012158677,71.93091
24.06159400092239,35.235507653915,77.223785,9590399.752807617,0.0378829,-0.039925933,72.74679
24.068840433535758,35.050724689208764,75.1399,11318400.360488892,0.018460985,-0.024081925,74.27439
24.373188349496587,35.09782609021359,73.044136,2851200.015449524,-0.01636819,0.016815335,73.080864
24.16304339770124,35.14130418675153,77.183464,10195199.855804443,0.023479223,-0.013563605,73.06616
24.358695745580064,35.14492749121842,79.46463,17107200.092697144,0.0025222823,-0.018952182,71.65798
24.514492864338745,35.152173737341,77.98083,6739199.737358093,-0.013945764,0.008151388,72.58525
24.141304256647267,35.05072417522627,80.839714,13996799.876403809,0.02799731,-0.02293626,70.89558
24.40579730278949,34.98550712868071,82.545616,0.0,-0.009205839,0.014001617,71.72638
24.3913043591697,35.05434799367564,86.750465,11491199.7631073,0.029526142,-0.0061904844,72.12161
24.365941903817713,35.11594190204278,77.940506,0.0,-0.030850885,0.009011409,73.04284
24.33695651306752,35.26449269887389,75.24537,6480000.084972382,-0.016158296,-0.031585097,73.893005
24.641304357168043,34.938405387540406,81.3883,6825599.987125397,-0.0006761495,-0.021009052,71.50088
24.60144921950647,34.9456523441682,85.40489,4147199.9227523804,-0.01938958,0.015390979,71.86396
24.068840433535758,35.17753635462667,82.62194,10022400.453186035,0.024557624,-0.024368348,70.016785
24.369565205050215,35.10507235145331,81.59638,4233599.898290634,-0.0285306,-0.01010504,71.61891
24.52536253285706,35.05797113185407,79.99595,17020800.39138794,0.013638357,-0.024225743,72.566765
24.423912946628306,35.13405791039468,84.735344,6566399.786281586,-0.02365929,-0.0021457411,71.94459
24.171296292717127,35.10648163098043,78.049835,14342399.778556824,0.021987684,-0.015600093,71.699295
24.677536062942007,35.07971042955572,84.775665,13305600.072097778,0.019980391,-0.0239849,72.53408
24.518115930392057,35.170290078269815,76.7112,11404800.061798096,0.022917004,-0.026997985,72.75199
24.528985389862203,35.079710263267266,73.800804,604799.9658823013,-0.017578749,-0.041050367,72.82871
24.15942034471344,35.02536261613985,84.04098,1900800.0102996826,-0.013550362,-0.007852744,71.2472
24.518115930392057,35.170290078269815,76.7112,5011200.226593018,-0.025384726,0.010548351,72.567535
24.068840433535758,35.17753635462667,82.62194,4752000.025749207,-0.03571117,-0.035441525,70.34272
24.579710091518006,35.06884069756067,84.24473,7948799.943351746,-0.0035448708,0.0077641476,72.43988
24.32608705359737,35.05434782738719,80.59564,6307200.133895874,-0.011995962,-0.030459614,71.407524
24.152173912100075,34.942029039701325,85.189964,9935999.654960632,0.02442432,-0.0116539,71.150665
24.15217408195171,35.09782609021359,90.079155,3801600.0205993652,-0.022765765,-0.04892762,72.082794
24.15217408195171,35.09782609021359,90.079155,7948799.943351746,0.030620096,-0.0054614525,72.6816
24.46739112421217,35.10507235145331,77.031204,2505600.113296509,-0.012009462,-0.011719072,72.52255
24.373188349496587,35.09782609021359,73.044136,4233599.898290634,-0.016995115,-0.0040134992,72.89399
24.264492787947336,35.06521739309379,75.914215,15292799.783706665,0.014586914,-0.013803026,72.81599
24.293478074173446,35.130434424522214,78.52256,4579200.074672699,-0.033872053,-0.024578223,72.158554
24.85869584610084,35.31159408476158,76.05999,7862400.2420425415,-0.012946373,0.014588978,73.58997
24.49275373635028,34.95652190987481,78.13308,2764800.03991127,-0.038891487,-0.002682604,72.20754
24.171296292717127,35.10648163098043,78.049835,10972800.458335876,0.015803542,-0.02333068,72.34525
24.880434869565217,35.11594208344836,73.60822,6047999.933052063,-0.03255859,0.018215723,73.44381
24.373188349496587,35.09782609021359,73.044136,12787199.670410156,0.021537608,-0.027638497,73.07466
24.33695651306752,35.26449269887389,75.24537,4924799.976825714,-0.037326396,-0.035201147,73.50302
24.278985574781007,35.18478260074926,85.36457,13564800.27294159,0.024312166,-0.021489432,71.45374
24.728260869121893,35.15579704180788,79.23173,4752000.025749207,-0.024471367,0.0124480175,73.08775
24.409420342711783,35.02898555779556,73.23672,14687999.680709839,0.013037346,-0.017816627,72.95132
24.55072462237475,35.07608730649443,88.70044,14947199.88155365,0.027816175,-0.02717009,72.07097
24.409420264318722,35.097825908808005,75.01247,1728000.059223175,-0.05220078,-0.014270829,73.05825
24.15217408195171,35.09782609021359,90.079155,18403200.0,0.008682964,-0.041789368,70.87338
24.800724541980035,35.0326085145684,80.91604,10195199.855804443,0.034819234,0.0018101623,72.5959
24.62318819070881,35.09782625650204,81.14894,2937599.9909877777,-0.025888069,0.011778653,72.534164
24.2137679164399,35.101449394680465,78.1842,4752000.025749207,-0.014070587,-0.027184797,72.13862
24.53985505838052,35.14492730981283,78.72631,13910400.175094604,0.02710376,-0.022869563,72.49427
24.268116089179838,35.07971042955572,81.07262,5529600.07982254,-0.038071655,-0.022522887,71.25499
24.358695745580064,35.14492749121842,79.46463,14601599.979400635,0.016524382,-0.015320756,71.681244
24.43478277193275,35.06521686399416,78.38795,16329599.49016571,0.013929887,-0.016338475,72.656
24.15942034471344,35.02536261613985,84.04098,7257600.139045715,0.0036887378,-0.035196364,70.704796
24.32608705359737,35.05434782738719,80.59564,17279999.49531555,0.014932629,-0.026991537,72.015816
24.47463793572534,35.15579704180788,74.131996,16588799.691009521,0.032744102,-0.027238244,73.08055
24.822463669968496,35.11956556932083,79.471794,7257600.139045715,0.0038212892,0.02459862,72.64646
24.47463793572534,35.15579704180788,74.131996,11231999.562263489,0.024523882,-0.030919066,72.9291
24.336956356281394,35.12681217825459,78.56935,8639999.747657776,0.004620213,-0.0066546556,72.510605
24.278985653174068,35.159420527680346,80.15937,7430400.090122223,-0.009102328,-0.025110604,71.61459
24.15217408195171,35.09782609021359,90.079155,3369599.8686790466,-0.020663628,-0.04919462,71.899315
24.51086948471318,35.141304337922854,75.965324,7343999.840354919,-0.022468245,0.028823052,72.826645
24.782608845879178,35.07246365433351,80.82854,8294399.845504761,0.000573026,0.013984647,72.6979
24.268116089179838,35.07971042955572,81.07262,15033599.582862854,0.023073269,-0.023236034,71.00346
24.518115930392057,35.170290078269815,76.7112,14428799.479866028,0.033600695,-0.027070535,73.05719
24.782608584568965,35.06521774078783,85.492004,13996799.876403809,0.03060424,-0.025274018,72.99959
24.677536062942007,35.07971042955572,84.775665,1555199.9710321426,-0.013538035,0.0057465686,72.67948
24.235507135886934,35.09782643790763,86.62735,1900800.0102996826,-0.009054661,0.025688961,71.42738
24.46739112421217,35.10507235145331,77.031204,16156800.087547302,0.019324068,-0.026644526,72.97898
24.677536062942007,35.07971042955572,84.775665,8035200.193119049,0.017818078,-0.011118637,72.96665
24.152173912100075,34.942029039701325,85.189964,9331199.551963806,0.016136212,-0.00376717,70.96509
24.171296292717127,35.10648163098043,78.049835,13046399.871253967,0.024527011,-0.017498473,72.026215
24.33695651306752,35.26449269887389,75.24537,13824000.4737854,0.01911441,-0.016866768,73.592186
24.471014503837736,35.137681214861566,84.09494,4406400.123596191,-0.027661117,-0.008309534,72.18431
24.268116089179838,35.07971042955572,81.07262,518399.99034404755,-0.039341062,0.008323539,72.043045
24.507246418659868,35.018115659512056,74.98295,5702400.030899048,-0.03414034,-0.00018978585,72.56235
24.152173912100075,34.942029039701325,85.189964,18230399.500465393,0.00070553273,-0.033511944,72.31719
24.340579657513896,35.072464168316,77.031204,5011200.226593018,-0.031920515,-0.020480013,72.6844
24.2137679164399,35.101449394680465,78.1842,5615999.781131744,-0.008828113,-0.029168995,72.08644
24.06159400092239,35.235507653915,77.223785,15638399.68585968,0.03776119,-0.040896058,71.2171
24.423912946628306,35.13405791039468,84.735344,11145599.860954285,0.021744644,-0.024625687,71.85181
24.503623143558386,34.916666955294566,80.479385,7775999.992275238,-0.021426225,0.0071790004,71.988
24.24275355543479,35.275361916886446,83.709785,11491199.7631073,0.029336032,-0.022248635,70.938
24.369565205050215,35.10507235145331,81.59638,691200.0099778175,-0.013672778,-0.0061439425,72.62233
24.235507135886934,35.09782643790763,86.62735,17625600.494384766,0.003279781,-0.0288395,71.23035
24.728260869121893,35.15579704180788,79.23173,7948799.943351746,0.0020270515,0.019034289,72.921295
24.286231733018653,35.16304365074164,82.86601,13564800.27294159,0.026590742,-0.019982344,70.891335
24.53985505838052,35.14492730981283,78.72631,4579200.074672699,-0.019121716,0.018452315,72.67495
24.278985574781007,35.18478260074926,85.36457,17625600.494384766,-0.008426705,-0.021636626,70.89427
24.576087129988778,34.96376817111452,80.53768,17193599.794006348,0.014270409,-0.0243365,73.15572
24.358695745580064,35.14492749121842,79.46463,16070400.386238098,0.0073038293,-0.022160443,71.59355
24.409420264318722,35.137681214861566,85.684586,0.0,-0.044363678,-7.878803e-05,72.0964
24.507246627708035,35.15217355593542,72.15966,13564800.27294159,0.035830423,-0.010219678,71.99947
24.264492787947336,35.06521739309379,75.914215,3887999.996137619,-0.02572138,-0.011520235,73.33817
24.822463669968496,35.11956556932083,79.471794,15724800.484085083,0.024624888,-0.026641117,72.84321
24.369565205050215,35.10507235145331,81.59638,11923200.463485718,0.02515526,-0.022555565,71.4982
24.782608584568965,35.06521774078783,85.492004,13478399.474716187,0.027619213,-0.025169967,73.030914
24.518115930392057,35.170290078269815,76.7112,13910400.175094604,0.034289747,-0.025518397,72.9967
24.293478074173446,35.130434424522214,78.52256,12441599.768257141,0.013751043,-0.020831076,72.14347
24.782608845879178,35.07246365433351,80.82854,6134400.182819366,-0.026914844,0.0067251245,72.679535
24.286231733018653,35.16304365074164,82.86601,10108800.15449524,0.028559899,-0.018561425,71.13005
24.409420342711783,35.02898555779556,73.23672,8899199.948501587,-0.009711705,0.01102657,73.20556
24.51086948471318,35.141304337922854,75.965324,5875199.981975555,-0.024145419,0.019773427,72.614555
24.53985505838052,35.14492730981283,78.72631,15638399.68585968,0.01832911,-0.031324424,72.53361
24.880434869565217,35.11594208344836,73.60822,4752000.025749207,-0.036216922,0.010405677,73.56605
24.43478277193275,35.06521686399416,78.38795,12182399.56741333,0.020173516,-0.003998233,72.64138
24.43478251062254,35.050724689208764,81.254395,7171199.889278412,-0.01314581,-0.008842237,71.6984
24.49275373635028,35.04710138474188,79.64641,12614400.267791748,0.016576525,-0.016484346,72.504585
24.2137679164399,35.101449394680465,78.1842,518399.99034404755,0.013977675,-0.016148679,72.18473
24.373188349496587,35.09782609021359,73.044136,3369599.8686790466,-0.019390406,0.010648361,73.02789
24.47463793572534,35.15579704180788,74.131996,5615999.781131744,-0.029737191,-0.012243671,73.288605
24.423912946628306,35.13405791039468,84.735344,5356800.128746033,-0.032997623,-0.006793916,71.96511
24.373188349496587,35.09782609021359,73.044136,9504000.051498413,0.009984788,-0.01600341,73.380066
24.235507135886934,35.09782643790763,86.62735,1123200.0247836113,-0.006912887,0.027245037,71.65425
24.503623143558386,34.916666955294566,80.479385,7603200.0411987305,-0.022388952,0.005363805,71.96724
24.471014503837736,35.137681214861566,84.09494,16156800.087547302,0.0019102953,-0.03135051,71.598625
24.525362323808892,35.01449270273921,80.76379,13305600.072097778,0.029917222,-0.011531746,72.41909
24.53985505838052,35.14492730981283,78.72631,10799999.95880127,0.018035857,-0.017999252,72.66132
24.528985389862203,35.079710263267266,73.800804,1641599.9465703964,-0.029174289,-0.03492804,73.08408
24.3985509616347,35.079710263267266,82.39983,9244799.850654602,0.017804679,-0.012286216,71.52114
24.576087129988778,34.96376817111452,80.53768,6998399.938201904,-0.02612068,0.0023016566,71.77762
24.626811465810288,35.05797113185407,83.9315,8380800.095272064,-0.003910864,0.012667947,72.57221
24.33695651306752,35.26449269887389,75.24537,15465600.283241272,0.019452842,-0.019971928,72.73259
24.373188532413735,34.85507217391305,83.68782,14947199.88155365,0.030780653,-0.052263938,71.89746
24.2137679164399,35.101449394680465,78.1842,10454400.056648254,0.015578743,-0.016405987,72.44981
24.47463793572534,35.15579704180788,74.131996,6220799.884128571,-0.028062368,-0.012116266,73.30172
24.134057993885538,35.130434787333385,80.741425,5961600.231742859,-0.046408623,-0.016844133,70.44309
24.235507135886934,35.09782643790763,86.62735,8639999.747657776,-0.0038472638,-0.030003706,72.13536
24.235507135886934,35.09782643790763,86.62735,9504000.051498413,0.0061101383,-0.026810898,72.24347
24.35507260113369,35.04710138474188,76.478294,1209599.9317646027,-0.004888518,-0.008774389,72.53918
24.40579730278949,34.98550712868071,82.545616,9158400.149345398,0.0050200336,-0.015622649,71.655716
24.43478277193275,35.06521686399416,78.38795,8639999.747657776,-0.0016783718,0.0028430764,72.599945
24.409420264318722,35.137681214861566,85.684586,172800.00249445438,-0.04402697,-0.0008974131,72.08962
24.17028990870767,35.119565206509655,75.23819,2851200.015449524,-0.034090772,-0.02298479,73.90809
24.003623304347823,35.192029209683014,80.788605,11231999.562263489,0.028591095,-0.00863429,70.57526
24.51086948471318,35.141304337922854,75.965324,10540799.757957458,0.017385824,-0.011387218,73.0588
24.619565229179578,35.18478278215484,82.255135,14169600.375938416,0.016930543,-0.0342945,72.1751
24.282608510179216,35.10869565592019,73.044136,1123200.0247836113,-0.047229998,-0.0029412173,73.27293
24.5036234048686,34.94565269942081,84.86278,11577599.464416504,0.024860602,-0.027447546,72.11331
24.264492787947336,35.06521739309379,75.914215,3715200.0450611115,-0.025507769,-0.012870541,73.29393
24.351449221508126,35.36231895652174,77.53338,16243199.788856506,0.024914531,-0.028343821,71.802864
24.202898613755877,35.17753635462667,82.22561,14860800.180244446,0.020238094,-0.011761999,70.47821
24.72463775080654,35.097825908808005,83.506035,5184000.177669525,-0.01756203,0.006118801,73.02611
24.365941903817713,35.11594190204278,77.940506,12873600.46863556,0.020837678,-0.015216727,72.545845
24.579710091518006,35.06884069756067,84.24473,1468799.9954938889,-0.026971648,0.0013189903,72.59105
24.40217392316393,35.07246365433351,77.73675,7689599.742507935,-0.015773604,0.0065211216,72.817825
24.264492787947336,35.06521739309379,75.914215,7862400.2420425415,-0.010908602,0.008843905,74.25884
24.409420264318722,35.097825908808005,75.01247,9849599.953651428,0.015284896,-0.002930982,73.53467
24.423912946628306,35.16304383214723,83.815254,7775999.992275238,0.030194646,-0.020315034,71.81308
24.47463793572534,35.15579704180788,74.131996,6393599.835205078,-0.027270203,-0.012245633,73.30975
24.85869584610084,35.31159408476158,76.05999,5875199.981975555,-0.02272758,0.017430916,73.98531
24.40579730278949,34.98550712868071,82.545616,6220799.884128571,-0.030444326,0.0018805452,71.78009
24.2137679164399,35.101449394680465,78.1842,3887999.996137619,-0.0151506085,-0.025298038,72.19587
24.608695560661264,35.210145036629335,80.071884,8467199.796581268,0.0059163226,0.013874699,72.70584
24.677536062942007,35.07971042955572,84.775665,13391999.773406982,0.020796863,-0.023697643,72.53291
24.003623304347823,35.192029209683014,80.788605,14256000.07724762,0.03413359,-0.01413499,70.57651
24.43478277193275,35.06521686399416,78.38795,14083199.577713013,0.021116817,0.0058755456,72.49219
24.880434869565217,35.11594208344836,73.60822,17625600.494384766,0.0285445,0.0030323267,73.466064
24.57608686867857,35.22463755910878,78.28966,18057600.097846985,0.0051122904,-0.022731269,72.59959
24.782608584568965,35.06521774078783,85.492004,950400.0051498413,0.0076519856,0.0018258812,71.97978
24.278985574781007,35.18478260074926,85.36457,2332799.8879909515,-0.078591794,-0.02541176,71.36334
24.822463669968496,35.11956556932083,79.471794,8899199.948501587,0.009257523,0.00654392,72.56716
24.282608510179216,35.10869565592019,73.044136,16070400.386238098,0.021774607,-0.02755977,72.7119
24.51086948471318,35.141304337922854,75.965324,691200.0099778175,-0.022666654,0.010643389,73.32743
24.579710091518006,35.06884069756067,84.24473,12268800.365638733,0.023867514,-0.014824972,72.11526
24.202898613755877,35.17753635462667,82.22561,1123200.0247836113,-0.044247128,-0.052431174,71.60668
24.278985653174068,35.159420527680346,80.15937,15206400.082397461,0.007205042,-0.01663888,71.09848
24.782608584568965,35.06521774078783,85.492004,17712000.19569397,0.011309803,-0.030503543,72.659256
24.278985653174068,35.159420527680346,80.15937,5529600.07982254,-0.04693658,-0.02680215,71.487175
24.16304339770124,35.14130418675153,77.183464,1555199.9710321426,-0.05268713,-0.056791335,72.84722
24.15217408195171,35.09782609021359,90.079155,16329599.49016571,0.023820383,-0.03497243,71.43143
24.659420157792983,35.13768139626715,82.9603,16934399.593162537,0.016982257,-0.036055923,72.135254
24.525362323808892,35.01449270273921,80.76379,18403200.0,0.0012174118,-0.02635328,72.83814
24.586956589458925,35.03623181903528,81.050644,3110399.9420642853,-0.0011876151,-0.012006743,72.25112
24.43478277193275,35.06521686399416,78.38795,14860800.180244446,0.020220092,-0.0008694809,72.49462
24.340579735906957,35.22101461745307,78.71513,6220799.884128571,-0.006752081,-0.021130854,72.409615
24.782608584568965,35.06521774078783,85.492004,259199.99517202377,0.0065989355,0.0070829047,71.855675
24.369565205050215,35.10507235145331,81.59638,3283199.893140793,-0.024120422,-0.015104001,71.749756
24.15942034471344,35.02536261613985,84.04098,4060799.9472141266,-0.024508918,-0.018302513,70.6475
24.423912946628306,35.13405791039468,84.735344,12614400.267791748,0.022018408,-0.02433752,71.8072
24.46739112421217,35.10507235145331,77.031204,1123200.0247836113,0.012758949,-0.0011320068,72.74834
24.365941903817713,35.11594190204278,77.940506,864000.0296115875,-0.028309466,-0.0013770703,72.7847
24.72463775080654,35.097825908808005,83.506035,15811200.185394287,0.023218455,-0.036380954,72.60573
24.521739153231497,35.18115965909355,80.50853,15811200.185394287,0.0137824435,-0.02553107,71.8101
24.068840433535758,35.17753635462667,82.62194,11145599.860954285,0.028909504,-0.022747075,70.037834
24.40217392316393,35.07246365433351,77.73675,16416000.288391113,0.005222643,-0.009906922,72.69555
24.423912946628306,35.16304383214723,83.815254,2073599.9613761902,-0.03211224,-0.015320374,72.37389
24.373188349496587,35.09782609021359,73.044136,691200.0099778175,-0.020326162,-0.00034396816,73.04618
24.336956356281394,35.12681217825459,78.56935,11664000.262641907,0.016769426,-0.022238621,72.37259
24.068840433535758,35.050724689208764,75.1399,2764800.03991127,-0.056074016,-0.0095718745,72.74954
24.17028990870767,35.119565206509655,75.23819,3715200.0450611115,-0.032323234,-0.013122983,73.93672
24.358695745580064,35.14492749121842,79.46463,7948799.943351746,0.0010761619,0.011718122,72.12474
24.52536253285706,35.05797113185407,79.99595,14169600.375938416,0.024090279,-0.017526997,72.55827
24.068840433535758,35.17753635462667,82.62194,14342399.778556824,0.036700916,-0.010026477,69.96304
24.52536253285706,35.05797113185407,79.99595,3110399.9420642853,-0.017333617,-0.0054239053,72.28069
24.2137679164399,35.101449394680465,78.1842,12268800.365638733,0.017879814,-0.024226787,72.24335
24.507246627708035,35.15217355593542,72.15966,4492800.099134445,-0.030663064,-0.0040377993,73.68641
24.57246390714934,35.13405809180027,82.83649,15551999.984550476,0.01836594,-0.03202404,72.03009
24.336956356281394,35.12681217825459,78.56935,14169600.375938416,0.0176563,-0.013188161,72.01116
24.782608584568965,35.06521774078783,85.492004,6047999.933052063,-0.027701167,0.0015770188,73.21473
24.423912946628306,35.13405791039468,84.735344,15292799.783706665,0.017662391,-0.028882293,71.58364
24.17028990870767,35.119565206509655,75.23819,15897599.886703491,0.017328655,-0.021982664,72.398544
24.423912946628306,35.13405791039468,84.735344,5788799.732208252,-0.030419605,-0.006130485,71.95499
24.503623143558386,34.916666955294566,80.479385,11923200.463485718,0.02074408,-0.009309109,72.15663
24.152173912100075,34.942029039701325,85.189964,86400.00124722719,0.0057032695,-0.05098988,70.730576
24.134057993885538,35.130434787333385,80.741425,11231999.562263489,0.021542676,-0.009821372,70.61098
24.503623143558386,34.916666955294566,80.479385,6566399.786281586,-0.026669534,-0.0062839035,71.8775
24.15942034471344,35.02536261613985,84.04098,12527999.469566345,0.030685615,-0.027678924,71.264275
24.152173912100075,34.942029039701325,85.189964,3887999.996137619,-0.034752667,-0.032299817,70.527534
24.503623143558386,34.916666955294566,80.479385,13910400.175094604,0.023311017,0.0043817814,72.28371
24.268116089179838,35.07971042955572,81.07262,7343999.840354919,-0.01738227,-0.024758788,70.97032
24.235507135886934,35.09782643790763,86.62735,12182399.56741333,0.025559044,-0.022961585,72.4146
24.373188532413735,34.85507217391305,83.68782,1728000.059223175,-0.020341394,0.011496,71.59964
24.278985653174068,35.159420527680346,80.15937,7862400.2420425415,-0.0041885357,-0.021538997,71.66956
24.268116089179838,35.07971042955572,81.07262,15120000.381088257,0.022599403,-0.023461359,71.01304
24.85869584610084,35.31159408476158,76.05999,1209599.9317646027,0.009804081,0.021657243,73.86591
24.358695745580064,35.14492749121842,79.46463,9763200.252342224,0.01467796,-0.0074446294,72.26396
24.275362351941567,35.02173896397893,79.32639,1123200.0247836113,-0.038070776,-0.017149413,71.77163
24.880434869565217,35.11594208344836,73.60822,3974399.971675873,-0.034053244,0.0050851144,73.62842
24.351449221508126,35.36231895652174,77.53338,2332799.8879909515,-0.053280927,-0.060388014,72.69751
24.57246390714934,35.13405809180027,82.83649,172800.00249445438,-0.011264158,0.003913113,73.18062
24.655797039477626,35.09782643790763,82.953125,15120000.381088257,0.023650099,-0.02881501,72.503944
24.282608510179216,35.10869565592019,73.044136,3628800.0695228577,-0.046903268,-0.018569501,73.24589
24.43478251062254,35.050724689208764,81.254395,9071999.899578094,0.0057469727,0.0032174848,71.805954
24.619565229179578,35.18478278215484,82.255135,12787199.670410156,0.018987406,-0.028701121,72.32081
24.16304339770124,35.14130418675153,77.183464,14687999.680709839,0.02473043,-0.012209207,72.15884
24.731884091961334,34.88405773852335,82.62194,259199.99517202377,-0.005810907,-0.0003148336,72.29348
24.528985389862203,35.079710263267266,73.800804,15120000.381088257,0.030168815,-0.02506349,73.20858
24.525362323808892,35.01449270273921,80.76379,432000.01480579376,0.005942529,0.014748207,72.65032
24.507246627708035,35.15217355593542,72.15966,17884799.598312378,0.022623064,-0.027589435,72.95258
24.286231733018653,35.16304365074164,82.86601,7171199.889278412,0.017114025,-0.028412262,71.073456
24.202898613755877,35.17753635462667,82.22561,7084800.187969208,-0.011406003,-0.000275827,70.728004
24.423912946628306,35.13405791039468,84.735344,11318400.360488892,0.021426385,-0.024645256,71.85055
24.2137679164399,35.101449394680465,78.1842,2592000.0888347626,-0.0076531805,-0.025428245,72.16184
24.800724541980035,35.0326085145684,80.91604,4319999.873828888,-0.03004521,-0.015892109,72.36214
24.586956589458925,35.03623181903528,81.050644,2332799.8879909515,-0.00039089657,-0.009622466,72.34882
24.340579657513896,35.072464168316,77.031204,15811200.185394287,0.012215759,-0.020246746,72.6641
24.471014503837736,35.137681214861566,84.09494,1987199.9858379364,-0.016865047,-0.013242349,72.603485
24.286231733018653,35.16304365074164,82.86601,14601599.979400635,0.023309734,-0.021938173,70.82208
24.177536001617764,35.01449252133363,77.3516,10540799.757957458,0.015868735,-0.037709355,73.21858
24.623188347494935,34.98550731008629,86.27349,3887999.996137619,-0.019843569,-0.0035539642,72.383514
24.264492787947336,35.06521739309379,75.914215,17712000.19569397,0.011241441,-0.017740274,72.72438
24.728260869121893,35.15579704180788,79.23173,9676799.454116821,0.011082461,-6.28531e-05,72.83928
24.293478074173446,35.130434424522214,78.52256,4924799.976825714,-0.03208033,-0.025648924,72.14078
24.659420157792983,35.13768139626715,82.9603,14515200.27809143,0.026659807,-0.026021896,72.45501
24.46739112421217,35.10507235145331,77.031204,9158400.149345398,0.0041654557,0.008937079,72.86536
24.608695560661264,35.210145036629335,80.071884,11923200.463485718,0.018227495,-0.013853472,72.63141
24.409420264318722,35.097825908808005,75.01247,4060799.9472141266,-0.050649635,-0.003149446,72.98397
24.3913043591697,35.05434799367564,86.750465,13910400.175094604,0.03190685,-0.010614123,71.719955
24.3985509616347,35.079710263267266,82.39983,13305600.072097778,0.029470306,-0.022987867,71.47007
24.442029139218562,35.043478080275,76.86345,12873600.46863556,0.01902026,-0.020579433,73.222046
24.271739312019278,35.0833337340226,74.97577,4406400.123596191,-0.049742527,-0.0054081157,73.600395
24.264492787947336,35.06521739309379,75.914215,16761600.190544128,0.0108192805,-0.019176612,72.73708
24.171296292717127,35.10648163098043,78.049835,7516799.791431427,-0.004044678,-0.027356198,72.32828
24.782608845879178,35.07246365433351,80.82854,16156800.087547302,0.020343585,-0.0067804325,72.71913
24.3913043591697,35.05434799367564,86.750465,11145599.860954285,0.028805083,-0.004762603,72.16072
24.141304256647267,35.05072417522627,80.839714,10108800.15449524,0.0045949984,-0.022895822,70.53467
24.40579730278949,34.98550712868071,82.545616,7343999.840354919,-0.022685306,-0.0019178465,71.6515
24.57608686867857,35.22463755910878,78.28966,11318400.360488892,0.019779423,-0.018490644,72.59962
24.134057993885538,35.130434787333385,80.741425,2073599.9613761902,-0.06571297,-0.052772596,71.50657
24.528985389862203,35.079710263267266,73.800804,16675200.489234924,0.02122528,-0.028459365,73.48919
24.503623143558386,34.916666955294566,80.479385,10195199.855804443,0.008868015,0.006415083,72.11897
24.06159400092239,35.235507653915,77.223785,9849599.953651428,0.038928248,-0.040329576,72.66702
24.659420157792983,35.13768139626715,82.9603,7171199.889278412,-0.010671003,0.011937546,72.811745
24.15942034471344,35.02536261613985,84.04098,16588799.691009521,0.015029195,-0.033728577,71.76906
24.880434869565217,35.11594208344836,73.60822,12441599.768257141,0.034928802,-0.011673657,73.51113
24.242753659958876,34.931159481553294,83.59315,8985600.19826889,0.018069293,0.017154153,71.03284
24.608695560661264,35.210145036629335,80.071884,8208000.144195557,0.0046809316,0.015208936,72.703224
24.264492787947336,35.06521739309379,75.914215,7689599.742507935,-0.01273117,0.009278802,74.22813
24.141304256647267,35.05072417522627,80.839714,18143999.79915619,0.0011713598,-0.03010963,71.83348
24.16304339770124,35.14130418675153,77.183464,4665599.775981903,-0.023193056,-0.039289035,72.88969
24.202898613755877,35.17753635462667,82.22561,7171199.889278412,-0.009637533,0.0008664802,70.73014
24.40579722439643,35.07608730649443,81.130585,9935999.654960632,0.020657677,-0.01852659,71.74923
24.3985509616347,35.079710263267266,82.39983,2678400.0643730164,-0.016047666,0.0053385543,72.02822
24.275362351941567,35.02173896397893,79.32639,3887999.996137619,-0.037344433,-0.01678446,72.124176
24.46739112421217,35.10507235145331,77.031204,13132799.572563171,0.025618844,-0.017021924,73.04503
24.528985389862203,35.079710263267266,73.800804,1468799.9954938889,-0.026960818,-0.03667465,73.04532
24.47463793572534,35.15579704180788,74.131996,13305600.072097778,0.034323327,-0.029441768,72.77195
24.340579657513896,35.072464168316,77.031204,9244799.850654602,-0.0011771247,-0.0011054995,73.46315
24.409420342711783,35.02898555779556,73.23672,12009600.164794922,0.015401151,-0.015553489,73.15046
24.351449221508126,35.36231895652174,77.53338,4665599.775981903,-0.029823592,-0.032699198,73.34373
24.46739112421217,35.10507235145331,77.031204,9504000.051498413,0.008683336,0.0035051685,72.8516
24.358695745580064,35.14492749121842,79.46463,12873600.46863556,0.02062053,-0.015032068,71.94647
24.3913043591697,35.05434799367564,86.750465,345600.00498890877,-0.03327789,-0.018085128,71.41075
24.521739153231497,35.18115965909355,80.50853,10972800.458335876,0.012425355,-0.014213057,72.2565
24.171296292717127,35.10648163098043,78.049835,7257600.139045715,-0.005816737,-0.028183917,72.29224
24.373188349496587,35.09782609021359,73.044136,14428799.479866028,0.027024394,-0.034719005,72.8716
24.57608686867857,35.22463755910878,78.28966,4406400.123596191,-0.01620836,-0.012802567,73.15656
24.351449221508126,35.36231895652174,77.53338,16934399.593162537,0.025366796,-0.028870897,71.89752
24.32608705359737,35.05434782738719,80.59564,15033599.582862854,0.022380639,-0.02418373,71.406906
24.358695745580064,35.14492749121842,79.46463,13219200.370788574,0.020640131,-0.0130023025,71.884926
24.623188347494935,34.98550731008629,86.27349,13046399.871253967,0.04206866,-0.01948669,72.43651
24.278985653174068,35.159420527680346,80.15937,13391999.773406982,0.023509216,-0.013037583,71.28852
24.626811465810288,35.05797113185407,83.9315,3887999.996137619,-0.022812529,0.0060260836,72.56417
24.481884276880134,35.21376834109622,79.042,7603200.0411987305,-0.008934673,0.004972223,72.87311
24.068840433535758,35.17753635462667,82.62194,16070400.386238098,0.032646835,-0.015241127,70.15561
24.264492787947336,35.06521739309379,75.914215,17884799.598312378,0.011007315,-0.017378224,72.72295
24.75362311542571,35.148550251468535,82.31272,4233599.898290634,-0.032532997,0.00664277,72.96613
24.579710091518006,35.06884069756067,84.24473,6912000.2368927,-0.019459879,0.0041111214,72.39548
24.340579735906957,35.22101461745307,78.71513,6047999.933052063,-0.010141106,-0.020342404,72.38939
24.57608686867857,35.22463755910878,78.28966,10972800.458335876,0.0182474,-0.018530862,72.638336
24.409420342711783,35.02898555779556,73.23672,8812800.247192383,-0.0119309,0.012019191,73.19426
24.503623143558386,34.916666955294566,80.479385,2592000.0888347626,-0.02524473,-0.02485284,72.13506
24.47463793572534,35.15579704180788,74.131996,2332799.8879909515,-0.016489083,-0.015421569,73.73356
24.3913043591697,35.05434799367564,86.750465,3023999.9665260315,-0.03013395,-0.019095873,71.62082
24.62318819070881,35.09782625650204,81.14894,777599.9855160713,0.0034910794,0.019560765,72.810394
24.43478277193275,35.06521686399416,78.38795,18316800.298690796,-0.002119938,-0.00986225,72.88611
24.49275373635028,34.95652190987481,78.13308,11577599.464416504,0.0075082406,-0.009909447,72.896645
24.51086948471318,35.141304337922854,75.965324,13564800.27294159,0.0331484,-0.020208692,73.16681
24.659420157792983,35.13768139626715,82.9603,11231999.562263489,0.018517377,-0.013562271,72.64319
24.43478277193275,35.06521686399416,78.38795,5097599.927902222,-0.026467664,-0.01082301,72.14776
24.242753659958876,34.931159481553294,83.59315,15811200.185394287,0.010075089,-0.033618294,71.879814
24.800724541980035,35.0326085145684,80.91604,7603200.0411987305,-0.00030408055,0.019844664,72.51243
24.202898613755877,35.17753635462667,82.22561,15206400.082397461,0.017542655,-0.01358955,70.46116
24.171296292717127,35.10648163098043,78.049835,5097599.927902222,-0.026502961,-0.018526314,72.11331
24.822463669968496,35.11956556932083,79.471794,8467199.796581268,0.006981993,0.013451762,72.56066
24.3913043591697,35.05434799367564,86.750465,7343999.840354919,-0.0043793283,0.0266085,72.219345
24.409420264318722,35.137681214861566,85.684586,9676799.454116821,0.016428035,-0.011122834,72.01261
24.57246390714934,35.13405809180027,82.83649,4838399.727058411,-0.025576109,-0.0064258147,72.61804
24.53985505838052,35.14492730981283,78.72631,14169600.375938416,0.026307516,-0.023899468,72.4983
24.521739153231497,35.18115965909355,80.50853,11059200.15964508,0.012543457,-0.015578633,72.245155
24.141304256647267,35.05072417522627,80.839714,2678400.0643730164,-0.06573368,-0.025516653,71.27902
24.2137679164399,35.101449394680465,78.1842,12614400.267791748,0.02052241,-0.02375398,72.175896
24.60144921950647,34.9456523441682,85.40489,6912000.2368927,-0.01276139,0.012080098,72.177925
24.17028990870767,35.119565206509655,75.23819,10972800.458335876,0.018539742,-0.0046513528,74.27078
24.242753659958876,34.931159481553294,83.59315,5270399.878978729,-0.02591466,-0.0044705663,71.192635
24.373188349496587,35.09782609021359,73.044136,16156800.087547302,0.020706456,-0.034702368,73.050644
24.06159400092239,35.235507653915,77.223785,18403200.0,0.021616623,-0.048155256,71.0191
24.365941903817713,35.11594190204278,77.940506,12009600.164794922,0.018185526,-0.017470436,72.693535
24.800724541980035,35.0326085145684,80.91604,2764800.03991127,-0.019718843,-0.016445398,72.169365
24.503623143558386,34.916666955294566,80.479385,16416000.288391113,-0.00063693523,-0.00795671,72.910866
24.068840433535758,35.17753635462667,82.62194,13996799.876403809,0.037304893,-0.010421529,69.9628
24.32608705359737,35.05434782738719,80.59564,604799.9658823013,-0.028444564,-0.023747308,72.20987
24.626811465810288,35.05797113185407,83.9315,14256000.07724762,0.035270933,-0.010307752,72.273506
24.40579730278949,34.98550712868071,82.545616,15120000.381088257,0.01603276,-0.04153119,71.75742
24.641304357168043,34.938405387540406,81.3883,14256000.07724762,0.027969051,-0.021030942,72.77782
24.16304339770124,35.14130418675153,77.183464,3110399.9420642853,-0.040410988,-0.04766888,72.84285
24.282608510179216,35.10869565592019,73.044136,15120000.381088257,0.024758209,-0.018114166,72.79572
24.60144921950647,34.9456523441682,85.40489,15551999.984550476,0.028851856,-0.038353868,72.7715
24.880434869565217,35.11594208344836,73.60822,15206400.082397461,0.0468959,-0.012216661,73.54241
24.409420185925658,35.126811301460926,78.58091,6047999.933052063,-0.010795655,-0.012253981,72.41499
24.49275373635028,34.95652190987481,78.13308,8553600.046348572,-0.014022725,0.0037174756,72.44554
24.32608705359737,35.05434782738719,80.59564,13737599.675559998,0.026229076,-0.021928472,71.388855
24.471014503837736,35.137681214861566,84.09494,17625600.494384766,-0.0133754965,-0.02515564,71.49904
24.275362351941567,35.02173896397893,79.32639,2419199.8635292053,-0.038909316,-0.016785227,71.85789
24.576087129988778,34.96376817111452,80.53768,14601599.979400635,0.031202596,-0.0043099113,72.72599
24.40579722439643,35.07608730649443,81.130585,3456000.11844635,-0.01972655,-0.004702756,71.93907
24.373188532413735,34.85507217391305,83.68782,864000.0296115875,-0.001965033,0.01740475,71.49166
24.242753659958876,34.931159481553294,83.59315,5443199.830055237,-0.023711907,-0.0018056836,71.20868
24.55072462237475,35.07608730649443,88.70044,7257600.139045715,0.0071728732,-0.015864199,72.492355
24.003623304347823,35.192029209683014,80.788605,8380800.095272064,0.01584913,0.008392749,70.31951
24.528985389862203,35.079710263267266,73.800804,15033599.582862854,0.030550165,-0.024274463,73.19386
24.55072462237475,35.07608730649443,88.70044,6566399.786281586,0.0048521813,-0.011622345,72.59289
24.576087129988778,34.96376817111452,80.53768,11577599.464416504,0.030868124,-0.008991405,72.2597
24.46739112421217,35.10507235145331,77.031204,14342399.778556824,0.028465826,-0.019765643,73.06585
24.677536062942007,35.07971042955572,84.775665,7516799.791431427,0.013640864,-0.0138298385,72.90685
24.409420264318722,35.097825908808005,75.01247,17020800.39138794,0.016819416,-0.01778374,73.23519
24.43478251062254,35.050724689208764,81.254395,10195199.855804443,0.016446996,-0.013970697,71.85276
24.46739112421217,35.10507235145331,77.031204,14256000.07724762,0.02862444,-0.019328298,73.06668
24.373188349496587,35.09782609021359,73.044136,16070400.386238098,0.020939521,-0.03439706,73.038574
24.43478251062254,35.050724689208764,81.254395,3974399.971675873,-0.019656187,-0.010333095,71.93929
24.373188349496587,35.09782609021359,73.044136,1209599.9317646027,-0.018143812,0.0073552188,73.063965
24.880434869565217,35.11594208344836,73.60822,7171199.889278412,-0.019080898,0.021380296,73.43688
24.55434784521419,35.039855304907746,78.730316,16847999.891853333,0.0104302885,-0.02249488,73.185486
24.75362311542571,35.148550251468535,82.31272,7257600.139045715,-0.016878938,0.011882108,73.21808
24.51086948471318,35.141304337922854,75.965324,13910400.175094604,0.033591934,-0.02193146,73.21518
24.003623304347823,35.192029209683014,80.788605,6480000.084972382,-0.03304477,-0.007929413,70.13452
24.85869584610084,35.31159408476158,76.05999,2073599.9613761902,0.0021909997,0.018263597,74.065834
24.514492864338745,35.152173737341,77.98083,4406400.123596191,-0.021439934,0.006018242,72.54636
24.57246390714934,35.13405809180027,82.83649,6998399.938201904,-0.019603861,0.005599064,72.465096
24.55072462237475,35.07608730649443,88.70044,17539199.696159363,0.019531427,-0.039615437,72.09659
24.171296292717127,35.10648163098043,78.049835,4406400.123596191,-0.033036895,-0.014465375,72.146614
24.46739112421217,35.10507235145331,77.031204,12441599.768257141,0.022541847,-0.01809418,73.0015
24.369565205050215,35.10507235145331,81.59638,6134400.182819366,-0.023999115,-0.014077377,71.36459
24.003623304347823,35.192029209683014,80.788605,3715200.0450611115,-0.0707663,-0.066918105,70.528915
24.53985505838052,35.14492730981283,78.72631,259199.99517202377,0.020653404,0.01527234,72.87475
24.608695560661264,35.210145036629335,80.071884,8121599.894428253,0.0042761005,0.0155437235,72.70358
24.202898613755877,35.17753635462667,82.22561,11577599.464416504,0.02125529,-0.019725775,70.74265
24.293478074173446,35.130434424522214,78.52256,17798399.897003174,0.010093163,-0.01213784,71.93658
24.572463802625258,35.028985391507106,77.31845,14774400.478935242,0.022129864,-0.0038300417,73.56128
24.655797039477626,35.09782643790763,82.953125,12700799.969100952,0.018263154,-0.02372261,72.54527
24.49275373635028,35.04710138474188,79.64641,8467199.796581268,-0.008125231,0.009287084,72.14451
24.264492787947336,35.06521739309379,75.914215,5788799.732208252,-0.0232142,0.0065141115,73.82927
24.16304339770124,35.14130418675153,77.183464,5270399.878978729,-0.012523411,-0.035531916,72.90471
24.572463802625258,35.028985391507106,77.31845,13219200.370788574,0.022096755,-0.0079008695,73.298775
24.47463793572534,35.15579704180788,74.131996,10799999.95880127,0.023619495,-0.028634535,73.0098
24.141304256647267,35.05072417522627,80.839714,10799999.95880127,0.012129725,-0.023336364,70.5773
24.242753659958876,34.931159481553294,83.59315,14342399.778556824,0.024007283,-0.017412854,71.87999
24.068840433535758,35.17753635462667,82.62194,7862400.2420425415,0.01163663,-0.0276551,70.030334
24.275362351941567,35.02173896397893,79.32639,11059200.15964508,0.020128356,-0.03052538,72.065315
24.235507135886934,35.09782643790763,86.62735,777599.9855160713,-0.0068719387,0.027045809,71.717995
24.52536253285706,35.05797113185407,79.99595,864000.0296115875,0.0024135932,0.006211571,72.67093
24.423912946628306,35.13405791039468,84.735344,14083199.577713013,0.0251715,-0.025329785,71.66441
24.264492787947336,35.06521739309379,75.914215,2592000.0888347626,-0.02355927,-0.018405987,73.10563
24.171296292717127,35.10648163098043,78.049835,11923200.463485718,0.019680677,-0.021923611,72.28491
24.235507135886934,35.09782643790763,86.62735,2937599.9909877777,-0.016312914,0.015409948,71.130585
24.731883987437246,34.999999998854186,80.17734,10281599.557113647,0.018377513,-0.01888906,72.38778
24.586956589458925,35.03623181903528,81.050644,5443199.830055237,-0.021477478,-0.0037754904,72.16983
24.171296292717127,35.10648163098043,78.049835,2246400.0495672226,-0.045349106,-0.010264553,72.09257
24.51086948471318,35.141304337922854,75.965324,13651199.974250793,0.033338226,-0.02057849,73.17903
24.409420185925658,35.126811301460926,78.58091,5011200.226593018,-0.021162698,-0.01086075,72.41824
24.47463793572534,35.15579704180788,74.131996,11836799.665260315,0.026158452,-0.032052502,72.835464
24.72463775080654,35.097825908808005,83.506035,1123200.0247836113,-0.00016366318,0.0016749566,72.509796
24.655797039477626,35.09782643790763,82.953125,7603200.0411987305,-0.0021880157,-0.014060739,72.773
24.409420264318722,35.137681214861566,85.684586,3110399.9420642853,-0.03789971,-0.011788132,72.04494
24.409420264318722,35.137681214861566,85.684586,12960000.169944763,0.023481851,-0.010549603,71.93349
24.800724541980035,35.0326085145684,80.91604,11577599.464416504,0.036203604,0.0066861273,72.71536
24.068840433535758,35.050724689208764,75.1399,2592000.0888347626,-0.054393314,-0.009962244,72.69384
24.06159400092239,35.235507653915,77.223785,1900800.0102996826,-0.08194544,-0.05786833,72.579475
24.800724541980035,35.0326085145684,80.91604,4060799.9472141266,-0.029635528,-0.017031439,72.33511
24.626811465810288,35.05797113185407,83.9315,9763200.252342224,0.017208707,-0.00667426,72.60957
24.293478074173446,35.130434424522214,78.52256,8899199.948501587,0.0037939828,0.0004914105,72.45036
24.278985574781007,35.18478260074926,85.36457,17539199.696159363,-0.007047834,-0.021855762,70.88332
24.57246390714934,35.13405809180027,82.83649,10108800.15449524,0.022806052,-0.01094508,72.363594
24.278985574781007,35.18478260074926,85.36457,11318400.360488892,0.026018118,-0.023162099,71.80047
24.068840433535758,35.17753635462667,82.62194,5011200.226593018,-0.032544747,-0.03481801,70.286476
24.16304339770124,35.14130418675153,77.183464,13737599.675559998,0.026542472,-0.008025855,72.449905
24.409420185925658,35.126811301460926,78.58091,4665599.775981903,-0.02315675,-0.009609172,72.42778
24.47463793572534,35.15579704180788,74.131996,8812800.247192383,0.009982111,-0.014478302,73.27976
24.655797039477626,35.09782643790763,82.953125,14687999.680709839,0.023896044,-0.027198574,72.51376
24.068840433535758,35.050724689208764,75.1399,9071999.899578094,-0.01113476,-0.025237026,75.01722
24.003623304347823,35.192029209683014,80.788605,18403200.0,0.013930749,-0.021973075,71.020134
24.525362323808892,35.01449270273921,80.76379,7084800.187969208,-0.028724303,0.012116842,71.957695
24.35507260113369,35.04710138474188,76.478294,1814400.0347614288,-0.017525947,-0.011424301,72.45754
24.068840433535758,35.17753635462667,82.62194,2073599.9613761902,-0.034114644,-0.032915674,71.283264
24.278985653174068,35.159420527680346,80.15937,2332799.8879909515,-0.07584286,-0.036034435,71.40695
24.202898613755877,35.17753635462667,82.22561,15033599.582862854,0.018839233,-0.012602238,70.47038
24.271739312019278,35.0833337340226,74.97577,5961600.231742859,-0.035370663,-0.007993087,73.97425
24.24275355543479,35.275361916886446,83.709785,1987199.9858379364,-0.055605926,-0.05584438,71.706535
24.264492787947336,35.06521739309379,75.914215,7257600.139045715,-0.01640979,0.0104259625,74.14326
24.62318819070881,35.09782625650204,81.14894,5356800.128746033,-0.029996874,0.0063744625,72.38084
24.55434784521419,35.039855304907746,78.730316,3369599.8686790466,-0.015277004,-0.0035538804,72.02583
24.3985509616347,35.079710263267266,82.39983,10454400.056648254,0.017397692,-0.024058567,71.58474
24.586956589458925,35.03623181903528,81.050644,6652800.036048889,-0.016827049,0.007942956,72.19932
24.286231733018653,35.16304365074164,82.86601,3369599.8686790466,-0.008006375,-0.029226711,71.148964
24.33695651306752,35.26449269887389,75.24537,2246400.0495672226,-0.05840046,-0.04386089,73.463905
24.409420264318722,35.097825908808005,75.01247,10454400.056648254,0.016571539,-0.010351831,73.44298
24.507246627708035,35.15217355593542,72.15966,13824000.4737854,0.035345346,-0.010268854,72.032974
24.528985389862203,35.079710263267266,73.800804,9158400.149345398,0.0036013406,-0.009539351,72.96778
24.481884276880134,35.21376834109622,79.042,8208000.144195557,-0.0015600771,0.005532152,72.875916
24.55072462237475,35.07608730649443,88.70044,1123200.0247836113,0.01028288,-0.009354053,71.74582
24.32608705359737,35.05434782738719,80.59564,8726399.99742508,0.0038197692,-0.027330978,71.43243
24.15942034471344,35.02536261613985,84.04098,15033599.582862854,0.025730006,-0.027859053,71.48757
24.62318819070881,35.09782625650204,81.14894,17366400.293540955,0.013430662,-0.03363628,72.38598
24.340579735906957,35.22101461745307,78.71513,11145599.860954285,0.017983142,-0.027014626,72.61515
24.423912946628306,35.13405791039468,84.735344,9849599.953651428,0.020202165,-0.019121116,71.87009
24.423912946628306,35.16304383214723,83.815254,2332799.8879909515,-0.030524997,-0.014502449,72.32262
24.423912946628306,35.13405791039468,84.735344,9590399.752807617,0.018330498,-0.01659965,71.87672
24.278985574781007,35.18478260074926,85.36457,3456000.11844635,-0.07879246,-0.022378104,71.129486
24.365941903817713,35.11594190204278,77.940506,2246400.0495672226,-0.030406768,-0.011552755,72.50609
24.40579730278949,34.98550712868071,82.545616,17107200.092697144,0.0032863151,-0.04336962,71.93445
24.46739112421217,35.10507235145331,77.031204,17452799.99485016,0.022172043,-0.021531383,72.92264
24.507246418659868,35.018115659512056,74.98295,6393599.835205078,-0.029571963,0.005509548,72.79752
24.47463793572534,35.15579704180788,74.131996,15120000.381088257,0.040536605,-0.025688818,72.97324
24.40217392316393,35.07246365433351,77.73675,2937599.9909877777,-0.01658644,-0.016780695,72.126434
24.423912946628306,35.16304383214723,83.815254,13391999.773406982,0.025059264,-0.029128188,71.60902
24.141304256647267,35.05072417522627,80.839714,6912000.2368927,-0.037417687,-0.004714085,70.193985
24.3985509616347,35.079710263267266,82.39983,86400.00124722719,0.0066074897,-0.019067062,72.79896
24.521739153231497,35.18115965909355,80.50853,4492800.099134445,-0.008461209,-0.00864882,72.629776
24.268116089179838,35.07971042955572,81.07262,18403200.0,0.012406445,-0.028568083,72.00158
24.423912946628306,35.13405791039468,84.735344,15983999.588012695,0.010467341,-0.03187363,71.55037
24.282608510179216,35.10869565592019,73.044136,10540799.757957458,0.003120521,-0.0065186024,73.74468
24.576087129988778,34.96376817111452,80.53768,11059200.15964508,0.028984535,-0.010712925,72.18483
24.068840433535758,35.17753635462667,82.62194,16156800.087547302,0.032475553,-0.015767777,70.173004
24.528985389862203,35.079710263267266,73.800804,14860800.180244446,0.031223418,-0.022705713,73.1645
24.85869584610084,35.31159408476158,76.05999,3715200.0450611115,-0.021186939,0.0108173285,74.263374
24.235507135886934,35.09782643790763,86.62735,10713600.257492065,0.019094242,-0.021995055,72.33552
24.677536062942007,35.07971042955572,84.775665,14083199.577713013,0.026598182,-0.022038138,72.52218
24.40579722439643,35.07608730649443,81.130585,18316800.298690796,0.0064540524,-0.028119842,72.20773
24.51086948471318,35.141304337922854,75.965324,7084800.187969208,-0.023484355,0.028283421,72.78287
24.351449221508126,35.36231895652174,77.53338,432000.01480579376,-0.08581444,-0.07529683,71.60756
24.46739112421217,35.10507235145331,77.031204,6912000.2368927,-0.01281091,-0.002760332,72.60881
24.576087129988778,34.96376817111452,80.53768,6912000.2368927,-0.02715961,0.0028691543,71.77694
24.572463802625258,35.028985391507106,77.31845,17971200.39653778,-0.0017304868,-0.008910358,73.74037
24.40579722439643,35.07608730649443,81.130585,13996799.876403809,0.027843583,-0.019986624,71.653534
24.32608705359737,35.05434782738719,80.59564,3715200.0450611115,-0.021495724,-0.026608171,71.796455
24.409420342711783,35.02898555779556,73.23672,6566399.786281586,-0.033800207,0.010815374,73.079544
24.33695651306752,35.26449269887389,75.24537,9244799.850654602,0.014204476,-0.026997263,74.85398
24.47463793572534,35.15579704180788,74.131996,13478399.474716187,0.03554105,-0.029060008,72.781685
24.57246390714934,35.13405809180027,82.83649,4233599.898290634,-0.024182374,-0.008298822,72.64747
24.351449221508126,35.36231895652174,77.53338,3542400.093984604,-0.03899847,-0.04609482,73.08531
24.003623304347823,35.192029209683014,80.788605,86400.00124722719,-0.08465296,-0.09478105,71.9113
24.800724541980035,35.0326085145684,80.91604,15638399.68585968,0.035135385,-0.00072903465,72.9518
24.24275355543479,35.275361916886446,83.709785,6652800.036048889,-0.01588563,-0.02580166,71.79659
24.365941903817713,35.11594190204278,77.940506,8208000.144195557,-0.01647537,-0.0053035673,72.83473
24.40579722439643,35.07608730649443,81.130585,5788799.732208252,-0.011515522,-0.0060846712,71.60471
24.521739153231497,35.18115965909355,80.50853,10886399.660110474,0.012302677,-0.012743799,72.267654
24.275362351941567,35.02173896397893,79.32639,2937599.9909877777,-0.038978614,-0.015733292,71.9652
24.336956356281394,35.12681217825459,78.56935,12614400.267791748,0.018371325,-0.018217033,72.208435
24.40579722439643,35.07608730649443,81.130585,16070400.386238098,0.017880756,-0.023069067,71.57271
24.409420342711783,35.02898555779556,73.23672,17884799.598312378,-0.003196001,-0.024208026,73.28383
24.518115930392057,35.170290078269815,76.7112,12095999.866104126,0.025489036,-0.026903482,72.766014
24.141304256647267,35.05072417522627,80.839714,2419199.8635292053,-0.06655469,-0.025108317,71.3639
24.282608510179216,35.10869565592019,73.044136,10886399.660110474,0.006745912,-0.009388667,73.67514
24.134057993885538,35.130434787333385,80.741425,9331199.551963806,0.023130806,0.0050632115,70.60459
24.282608510179216,35.10869565592019,73.044136,16761600.190544128,0.019507905,-0.02836538,72.75781
24.369565205050215,35.10507235145331,81.59638,4665599.775981903,-0.030008161,-0.0095298495,71.565765
24.35507260113369,35.04710138474188,76.478294,864000.0296115875,0.0027877074,-0.007248856,72.5971
24.409420264318722,35.137681214861566,85.684586,5615999.781131744,-0.026050558,0.007958556,72.10025
24.572463802625258,35.028985391507106,77.31845,15120000.381088257,0.019107154,-0.0060297493,73.60778
24.24275355543479,35.275361916886446,83.709785,2851200.015449524,-0.05924371,-0.056190185,71.84626
24.409420342711783,35.02898555779556,73.23672,4579200.074672699,-0.02898253,0.00661417,72.93606
24.40217392316393,35.07246365433351,77.73675,8467199.796581268,-0.004098825,0.004122437,72.916306
24.177536001617764,35.01449252133363,77.3516,9935999.654960632,0.011907479,-0.037748903,73.32771
24.60144921950647,34.9456523441682,85.40489,13478399.474716187,0.038745075,-0.028214434,72.24829
24.369565205050215,35.10507235145331,81.59638,8639999.747657776,0.011473945,-0.014157169,71.406876
24.576087129988778,34.96376817111452,80.53768,10799999.95880127,0.027722426,-0.011527063,72.14645
24.171296292717127,35.10648163098043,78.049835,15724800.484085083,0.016225208,-0.01863061,71.6969
24.33695651306752,35.26449269887389,75.24537,11836799.665260315,0.012925762,-0.030542133,74.74193
24.43478277193275,35.06521686399416,78.38795,2937599.9909877777,-0.02151662,-0.013428038,72.11686
24.641304357168043,34.938405387540406,81.3883,12527999.469566345,0.02335541,-0.0179405,72.44394
24.278985574781007,35.18478260074926,85.36457,1123200.0247836113,-0.07524201,-0.030667426,71.705414
24.33695651306752,35.26449269887389,75.24537,10799999.95880127,0.01218714,-0.030255435,75.00742
24.659420157792983,35.13768139626715,82.9603,10368000.35533905,0.016958177,-0.010758361,72.70171
24.202898613755877,35.17753635462667,82.22561,11318400.360488892,0.020745723,-0.02058904,70.779594
24.3985509616347,35.079710263267266,82.39983,17452799.99485016,0.017297836,-0.023821013,71.507484
24.3985509616347,35.079710263267266,82.39983,7862400.2420425415,0.021553865,-0.0005271975,71.41649
24.51086948471318,35.141304337922854,75.965324,9590399.752807617,0.008550382,0.0048302095,73.08955
24.525362323808892,35.01449270273921,80.76379,1900800.0102996826,-0.008420957,0.0055168355,72.43465
24.5036234048686,34.94565269942081,84.86278,8467199.796581268,0.0018979292,0.0107044075,72.50937
24.373188532413735,34.85507217391305,83.68782,5011200.226593018,-0.03249997,-0.012675254,72.13506
24.507246627708035,35.15217355593542,72.15966,10281599.557113647,0.019958563,-0.013332289,72.430176
24.16304339770124,35.14130418675153,77.183464,9849599.953651428,0.023989433,-0.011992244,73.0783
24.822463669968496,35.11956556932083,79.471794,13478399.474716187,0.032035597,-0.011491489,72.73008
24.608695560661264,35.210145036629335,80.071884,9676799.454116821,0.012429323,0.0015658028,72.76133
24.5036234048686,34.94565269942081,84.86278,2159999.936914444,-0.011104861,-0.0090626795,71.99209
24.3913043591697,35.05434799367564,86.750465,13996799.876403809,0.0315499,-0.011163969,71.70656
24.608695560661264,35.210145036629335,80.071884,16070400.386238098,0.008080272,-0.022506358,72.06873
24.503623143558386,34.916666955294566,80.479385,18403200.0,-0.009121228,0.007657434,73.33351
24.731883987437246,34.999999998854186,80.17734,13132799.572563171,0.026119072,-0.008613661,72.83968
24.423912946628306,35.16304383214723,83.815254,6566399.786281586,0.01263602,-0.018619744,71.92504
24.57246390714934,35.13405809180027,82.83649,6480000.084972382,-0.024543064,0.0008026166,72.53099
24.572463802625258,35.028985391507106,77.31845,14947199.88155365,0.0206956,-0.0048107523,73.58495
24.800724541980035,35.0326085145684,80.91604,12182399.56741333,0.036471136,0.011227453,72.7891
24.15217408195171,35.09782609021359,90.079155,15379199.48501587,0.030112548,-0.027591867,71.67291
24.57608686867857,35.22463755910878,78.28966,2073599.9613761902,-0.0134169925,-0.0032808539,73.19872
24.32608705359737,35.05434782738719,80.59564,11059200.15964508,0.015657041,-0.029254446,71.53919
24.271739312019278,35.0833337340226,74.97577,2764800.03991127,-0.056457683,-0.0009830836,73.3058
24.340579657513896,35.072464168316,77.031204,8639999.747657776,-0.012411879,0.0015430236,73.4633
24.423912946628306,35.13405791039468,84.735344,17279999.49531555,-0.003061369,-0.032565437,71.45515
24.731884091961334,34.88405773852335,82.62194,7430400.090122223,-0.010623889,0.021284193,71.182594
24.608695560661264,35.210145036629335,80.071884,2332799.8879909515,-0.033268183,0.0014265673,72.955345
24.782608845879178,35.07246365433351,80.82854,1728000.059223175,-0.010808153,-0.0040341206,72.30453
24.068840433535758,35.17753635462667,82.62194,4579200.074672699,-0.03748604,-0.035880268,70.38415
24.75362311542571,35.148550251468535,82.31272,11231999.562263489,0.0072172927,-0.01701078,72.86393
24.49275373635028,34.95652190987481,78.13308,15206400.082397461,0.006373288,0.00187736,73.302086
24.49275373635028,35.04710138474188,79.64641,13737599.675559998,0.017525192,-0.018040186,72.512566
24.62318819070881,35.09782625650204,81.14894,10022400.453186035,0.00982059,-0.007773321,72.48791
24.57608686867857,35.22463755910878,78.28966,15638399.68585968,0.018746056,-0.025650466,72.54568
24.677536062942007,35.07971042955572,84.775665,16329599.49016571,0.01712928,-0.034707546,72.394035
24.507246418659868,35.018115659512056,74.98295,9504000.051498413,0.0047778804,-0.003939215,73.11454
24.507246418659868,35.018115659512056,74.98295,13391999.773406982,0.022627665,-0.005890202,73.48357
24.15217408195171,35.09782609021359,90.079155,17107200.092697144,0.017359694,-0.03751068,71.26708
24.880434869565217,35.11594208344836,73.60822,9071999.899578094,0.0041891094,0.009174927,73.69864
24.373188349496587,35.09782609021359,73.044136,14515200.27809143,0.026876858,-0.035012133,72.87043
24.655797039477626,35.09782643790763,82.953125,11318400.360488892,0.018197568,-0.018570805,72.61105
24.340579657513896,35.072464168316,77.031204,13824000.4737854,0.022940174,-0.00649352,72.870476
24.177536001617764,35.01449252133363,77.3516,16156800.087547302,0.009325802,-0.032026075,72.20477
24.336956356281394,35.12681217825459,78.56935,6480000.084972382,-0.01581511,-0.001529498,72.219826
24.507246418659868,35.018115659512056,74.98295,8467199.796581268,-0.0035272185,0.01112917,73.19772
24.507246627708035,35.15217355593542,72.15966,6134400.182819366,-0.024795054,0.008375924,73.17464
24.619565229179578,35.18478278215484,82.255135,9763200.252342224,0.021829842,-0.014679283,72.51742
24.268116089179838,35.07971042955572,81.07262,6480000.084972382,-0.027318424,-0.028618185,71.05244
24.55434784521419,35.039855304907746,78.730316,10195199.855804443,0.016417202,-0.013187684,72.616646
24.619565229179578,35.18478278215484,82.255135,3542400.093984604,-0.02113091,-0.0012302129,73.10515
24.177536001617764,35.01449252133363,77.3516,15120000.381088257,0.018837247,-0.02991833,72.28157
24.373188532413735,34.85507217391305,83.68782,18316800.298690796,0.012288411,-0.058095865,72.34048
24.576087129988778,34.96376817111452,80.53768,8035200.193119049,-0.0068279617,-0.009237008,71.804436
24.728260869121893,35.15579704180788,79.23173,5270399.878978729,-0.024788713,0.013765078,73.039375
24.141304256647267,35.05072417522627,80.839714,15120000.381088257,0.022244379,-0.029128218,71.04078
24.47463793572534,35.15579704180788,74.131996,12873600.46863556,0.03130075,-0.030204987,72.76369
24.271739312019278,35.0833337340226,74.97577,5702400.030899048,-0.0384558,-0.008071102,73.92689
24.278985574781007,35.18478260074926,85.36457,13824000.4737854,0.023477009,-0.020833889,71.401215
24.62318819070881,35.09782625650204,81.14894,6998399.938201904,-0.0253424,0.011688316,72.39423
24.068840433535758,35.17753635462667,82.62194,604799.9658823013,-0.03398359,-0.008110248,71.89014
24.57246390714934,35.13405809180027,82.83649,2246400.0495672226,-0.019759277,-0.013906252,72.96055
24.655797039477626,35.09782643790763,82.953125,6652800.036048889,-0.011327947,-0.0077592656,72.77787
24.141304256647267,35.05072417522627,80.839714,16847999.891853333,0.010244327,-0.032906815,71.351585
24.62318819070881,35.09782625650204,81.14894,12355200.066947937,0.020000683,-0.021141516,72.51077
24.72463775080654,35.097825908808005,83.506035,10713600.257492065,0.018426392,-0.02138765,72.9947
24.623188347494935,34.98550731008629,86.27349,13996799.876403809,0.044642843,-0.024848176,72.58633
24.731884091961334,34.88405773852335,82.62194,4665599.775981903,-0.021834062,0.0030482924,71.434814
24.16304339770124,35.14130418675153,77.183464,2937599.9909877777,-0.041778266,-0.048531458,72.839386
24.32608705359737,35.05434782738719,80.59564,5961600.231742859,-0.014606932,-0.028349789,71.43948
24.659420157792983,35.13768139626715,82.9603,3023999.9665260315,-0.025353653,0.010464245,72.77449
24.409420342711783,35.02898555779556,73.23672,13824000.4737854,0.019676404,-0.009417046,72.95554
24.3913043591697,35.05434799367564,86.750465,7257600.139045715,-0.0054075457,0.025935676,72.22814
24.46739112421217,35.10507235145331,77.031204,16329599.49016571,0.019233318,-0.026372219,72.97169
24.423912946628306,35.13405791039468,84.735344,0.0,-0.026966972,0.012415717,72.48589
24.60144921950647,34.9456523441682,85.40489,2332799.8879909515,-0.008044081,0.011664772,72.094475
24.576087129988778,34.96376817111452,80.53768,4752000.025749207,-0.0313157,0.002179116,71.747086
24.782608845879178,35.07246365433351,80.82854,15811200.185394287,0.023737721,-0.010545583,72.73155
24.2137679164399,35.101449394680465,78.1842,13305600.072097778,0.0240994,-0.022447241,72.019135
24.351449221508126,35.36231895652174,77.53338,12009600.164794922,0.031098174,-0.011179503,72.6119
24.409420342711783,35.02898555779556,73.23672,10022400.453186035,0.00798695,-0.0041787922,73.30437
24.15942034471344,35.02536261613985,84.04098,5443199.830055237,-0.017407516,-0.018418511,70.462265
24.3985509616347,35.079710263267266,82.39983,15811200.185394287,0.021544477,-0.024792546,71.3545
24.481884276880134,35.21376834109622,79.042,13391999.773406982,0.019561354,-0.020328661,72.30998
24.49275373635028,35.04710138474188,79.64641,11145599.860954285,0.016286869,-0.009561468,72.4616
24.626811465810288,35.05797113185407,83.9315,17798399.897003174,0.021531349,-0.020332059,72.25759
24.576087129988778,34.96376817111452,80.53768,5184000.177669525,-0.031277686,0.0036256565,71.741356
24.351449221508126,35.36231895652174,77.53338,6134400.182819366,-0.0035614893,-0.015462518,73.436134
24.2137679164399,35.101449394680465,78.1842,7084800.187969208,-0.0056894403,-0.02124183,72.233116
24.275362351941567,35.02173896397893,79.32639,5184000.177669525,-0.030407874,-0.024032572,72.02213
24.782608845879178,35.07246365433351,80.82854,8553600.046348572,0.0056841485,0.010729642,72.715355
24.85869584610084,35.31159408476158,76.05999,10540799.757957458,0.027988952,-0.016165227,72.89523
24.579710091518006,35.06884069756067,84.24473,15638399.68585968,0.008044051,-0.020013342,72.14957
24.525362323808892,35.01449270273921,80.76379,11059200.15964508,0.02646533,-0.011128092,72.18772
24.62318819070881,35.09782625650204,81.14894,16934399.593162537,0.015093416,-0.034319133,72.440926
24.619565229179578,35.18478278215484,82.255135,14342399.778556824,0.016374484,-0.035026833,72.14996
24.271739312019278,35.0833337340226,74.97577,13564800.27294159,0.028867373,-0.0062326454,73.45509
24.373188532413735,34.85507217391305,83.68782,14256000.07724762,0.037322152,-0.046381585,71.97327
24.782608845879178,35.07246365433351,80.82854,11750399.96395111,0.030258778,-0.0077057034,72.86491
24.40217392316393,35.07246365433351,77.73675,5529600.07982254,-0.023354245,-0.013374645,72.36747
24.202898613755877,35.17753635462667,82.22561,864000.0296115875,-0.043784633,-0.05235523,71.67256
24.32608705359737,35.05434782738719,80.59564,5529600.07982254,-0.01713497,-0.026218584,71.489494
24.576087129988778,34.96376817111452,80.53768,14687999.680709839,0.030709703,-0.0045546573,72.74214
24.49275373635028,34.95652190987481,78.13308,11491199.7631073,0.006948321,-0.0101964325,72.8862
24.068840433535758,35.17753635462667,82.62194,14947199.88155365,0.035221953,-0.010432595,69.9914
24.24275355543479,35.275361916886446,83.709785,16502399.989700317,0.013297956,-0.038622335,70.66215
24.5036234048686,34.94565269942081,84.86278,8121599.894428253,-0.0017716046,0.008868429,72.51621
24.373188349496587,35.09782609021359,73.044136,13132799.572563171,0.023272023,-0.026768321,73.02095
24.503623143558386,34.916666955294566,80.479385,4406400.123596191,-0.033225894,-0.026210168,72.00165
24.53985505838052,35.14492730981283,78.72631,18230399.500465393,0.013016502,-0.026572363,72.3273
24.626811465810288,35.05797113185407,83.9315,11404800.061798096,0.021931928,-0.01488621,72.49489
24.35507260113369,35.04710138474188,76.478294,17366400.293540955,0.010742188,-0.009944232,73.01754
24.242753659958876,34.931159481553294,83.59315,3542400.093984604,-0.032901682,-0.021089116,71.064186
24.503623143558386,34.916666955294566,80.479385,10022400.453186035,0.0060227383,0.0090075135,72.11151
24.3913043591697,35.05434799367564,86.750465,12873600.46863556,0.03308769,-0.00670477,71.90991
24.47463793572534,35.15579704180788,74.131996,13564800.27294159,0.03612849,-0.028837135,72.78786
24.528985389862203,35.079710263267266,73.800804,3628800.0695228577,-0.046876244,-0.0127108395,73.095955
24.293478074173446,35.130434424522214,78.52256,8121599.894428253,-0.0066555906,-0.0053228606,72.36434
24.75362311542571,35.148550251468535,82.31272,2937599.9909877777,-0.03078475,0.015817504,72.70238
24.271739312019278,35.0833337340226,74.97577,10627199.459266663,0.014938901,-0.01521319,74.375
24.728260869121893,35.15579704180788,79.23173,5702400.030899048,-0.023659052,0.014481643,72.98841
24.340579657513896,35.072464168316,77.031204,6047999.933052063,-0.03203152,-0.020157186,72.91199
24.423912946628306,35.16304383214723,83.815254,12700799.969100952,0.023505867,-0.029873868,71.70153
24.134057993885538,35.130434787333385,80.741425,9676799.454116821,0.024266735,0.0017534392,70.62628
24.731884091961334,34.88405773852335,82.62194,11231999.562263489,0.027563646,-0.0094683245,71.45609
24.24275355543479,35.275361916886446,83.709785,8639999.747657776,0.026564727,0.007984963,71.42737
24.53985505838052,35.14492730981283,78.72631,8639999.747657776,-0.0017742459,0.010062583,72.74035
24.55434784521419,35.039855304907746,78.730316,15897599.886703491,0.015337593,-0.019477038,73.17374
24.731884091961334,34.88405773852335,82.62194,16416000.288391113,0.012110784,-0.011328198,73.14568
24.518115930392057,35.170290078269815,76.7112,4147199.9227523804,-0.02827,0.010847049,72.65593
24.60144921950647,34.9456523441682,85.40489,2678400.0643730164,-0.012823844,0.013987536,72.08151
24.528985389862203,35.079710263267266,73.800804,12960000.169944763,0.03234226,-0.020252587,72.94382
24.068840433535758,35.050724689208764,75.1399,1814400.0347614288,-0.042963795,-0.016736396,72.44018
24.49275373635028,34.95652190987481,78.13308,6307200.133895874,-0.03339713,0.00828683,72.37996
24.43478251062254,35.050724689208764,81.254395,5443199.830055237,-0.022554098,-0.010256883,71.77555
24.40217392316393,35.07246365433351,77.73675,9071999.899578094,0.005184967,-0.0018926188,72.92812
24.06159400092239,35.235507653915,77.223785,18316800.298690796,0.02224977,-0.048087917,71.01584
24.471014503837736,35.137681214861566,84.09494,14515200.27809143,0.015087659,-0.02397828,71.70671
24.3913043591697,35.05434799367564,86.750465,10108800.15449524,0.02606569,0.0058508087,72.24053
24.514492864338745,35.152173737341,77.98083,5529600.07982254,-0.019044114,0.0054043895,72.50589
24.235507135886934,35.09782643790763,86.62735,4665599.775981903,-0.029248038,-0.005667215,71.312614
24.134057993885538,35.130434787333385,80.741425,15206400.082397461,0.024423461,-0.004925212,70.88339
24.423912946628306,35.13405791039468,84.735344,7171199.889278412,-0.016451566,0.0007285159,71.93741
24.471014503837736,35.137681214861566,84.09494,12960000.169944763,0.019871876,-0.025892569,71.83098
24.521739153231497,35.18115965909355,80.50853,13564800.27294159,0.024405519,-0.01782748,71.959274
24.46739112421217,35.10507235145331,77.031204,432000.01480579376,0.020359967,0.00375788,72.909775
24.3985509616347,35.079710263267266,82.39983,10886399.660110474,0.018827753,-0.02483696,71.56709
24.52536253285706,35.05797113185407,79.99595,15724800.484085083,0.020282479,-0.022299947,72.53864
24.728260869121893,35.15579704180788,79.23173,6998399.938201904,-0.009570248,0.018314391,72.91283
24.003623304347823,35.192029209683014,80.788605,8121599.894428253,0.010898063,0.009708799,70.27189
24.3985509616347,35.079710263267266,82.39983,10368000.35533905,0.017213237,-0.023752918,71.58641
24.3913043591697,35.05434799367564,86.750465,13132799.572563171,0.033311166,-0.0071536433,71.8609
24.24275355543479,35.275361916886446,83.709785,5356800.128746033,-0.039269663,-0.049598962,71.98751
24.15217408195171,35.09782609021359,90.079155,17625600.494384766,0.012351511,-0.03876601,71.12644
24.514492864338745,35.152173737341,77.98083,3110399.9420642853,-0.021406343,0.0017724419,72.61122
24.521739153231497,35.18115965909355,80.50853,2332799.8879909515,-0.010623338,-0.00068298355,72.978455
24.358695745580064,35.14492749121842,79.46463,9071999.899578094,0.0128213,0.00079055503,72.252075
24.16304339770124,35.14130418675153,77.183464,8467199.796581268,0.021818196,-0.012731746,73.15036
24.525362323808892,35.01449270273921,80.76379,2764800.03991127,-0.015738187,-0.0011873888,72.26925
24.351449221508126,35.36231895652174,77.53338,15897599.886703491,0.02469098,-0.027567213,71.75606
24.373188532413735,34.85507217391305,83.68782,14083199.577713013,0.038349055,-0.04488869,71.99074
24.003623304347823,35.192029209683014,80.788605,13046399.871253967,0.03566087,-0.008346014,70.6536
24.51086948471318,35.141304337922854,75.965324,5184000.177669525,-0.02548845,0.013414992,72.59189
24.51086948471318,35.141304337922854,75.965324,6998399.938201904,-0.023686184,0.027970413,72.76841
24.75362311542571,35.148550251468535,82.31272,11750399.96395111,0.006601561,-0.020182205,72.78853
24.62318819070881,35.09782625650204,81.14894,17625600.494384766,0.012502847,-0.033331573,72.35136
24.525362323808892,35.01449270273921,80.76379,15551999.984550476,0.019026179,-0.022100193,72.52843
24.2137679164399,35.101449394680465,78.1842,5875199.981975555,-0.0072038732,-0.029165497,72.08873
24.423912946628306,35.13405791039468,84.735344,11404800.061798096,0.021272874,-0.024627412,71.8498
24.731883987437246,34.999999998854186,80.17734,17366400.293540955,0.01407981,-0.025514508,73.53949
24.32608705359737,35.05434782738719,80.59564,14428799.479866028,0.024675291,-0.023120945,71.37947
24.141304256647267,35.05072417522627,80.839714,11145599.860954285,0.015775386,-0.023181075,70.597176
24.442029139218562,35.043478080275,76.86345,17539199.696159363,0.010977057,-0.017959034,73.25999
24.518115930392057,35.170290078269815,76.7112,13824000.4737854,0.034233138,-0.025336774,72.98512
24.293478074173446,35.130434424522214,78.52256,13737599.675559998,0.017295174,-0.01816869,71.97927
24.068840433535758,35.17753635462667,82.62194,12009600.164794922,0.032841537,-0.018667998,70.032875
24.264492787947336,35.06521739309379,75.914215,14947199.88155365,0.016685909,-0.010678597,72.86992
24.24275355543479,35.275361916886446,83.709785,5097599.927902222,-0.04323204,-0.052468196,72.01143
24.62318819070881,35.09782625650204,81.14894,1209599.9317646027,-0.0016162843,0.015068707,72.76312
24.16304339770124,35.14130418675153,77.183464,15551999.984550476,0.025090145,-0.018157056,71.98058
24.134057993885538,35.130434787333385,80.741425,9849599.953651428,0.024217336,-4.358869e-05,70.63328
24.503623143558386,34.916666955294566,80.479385,10108800.15449524,0.007467855,0.0077424864,72.11505
24.51086948471318,35.141304337922854,75.965324,3542400.093984604,-0.027998267,-0.0027285125,72.79716
24.60144921950647,34.9456523441682,85.40489,4924799.976825714,-0.016020792,0.015900576,71.83897
24.49275373635028,35.04710138474188,79.64641,3023999.9665260315,-0.023291579,-0.0032705609,72.1822
24.586956589458925,35.03623181903528,81.050644,13910400.175094604,0.03404814,-0.008272732,72.66459
24.782608845879178,35.07246365433351,80.82854,16329599.49016571,0.01820182,-0.004421223,72.71732
24.373188349496587,35.09782609021359,73.044136,6739199.737358093,-0.016278202,-0.02142104,73.000465
24.409420264318722,35.137681214861566,85.684586,9590399.752807617,0.015782256,-0.010157222,72.01721
24.655797039477626,35.09782643790763,82.953125,5356800.128746033,-0.021221975,0.0014246274,72.7948
24.33695651306752,35.26449269887389,75.24537,11231999.562263489,0.012050106,-0.031147497,74.93358
24.528985389862203,35.079710263267266,73.800804,16156800.087547302,0.024176782,-0.03060698,73.39189
24.782608845879178,35.07246365433351,80.82854,7689599.742507935,-0.010777907,0.018431354,72.685616
24.16304339770124,35.14130418675153,77.183464,7689599.742507935,0.0199395,-0.019112391,73.11585
24.17028990870767,35.119565206509655,75.23819,2505600.113296509,-0.034823887,-0.027629564,73.90687
24.75362311542571,35.148550251468535,82.31272,10540799.757957458,0.01102217,-0.011806548,72.98158
24.235507135886934,35.09782643790763,86.62735,3283199.893140793,-0.01943654,0.010547789,71.08687
24.32608705359737,35.05434782738719,80.59564,7603200.0411987305,-0.002946861,-0.03215439,71.34934
24.409420342711783,35.02898555779556,73.23672,9331199.551963806,-0.00054918975,0.005561049,73.25863
24.60144921950647,34.9456523441682,85.40489,13391999.773406982,0.0384707,-0.027908394,72.2298
24.60144921950647,34.9456523441682,85.40489,9417600.350189209,0.0108943945,-0.006407205,72.14682
24.17028990870767,35.119565206509655,75.23819,10108800.15449524,0.02034695,-0.00033801142,74.44082
24.55434784521419,35.039855304907746,78.730316,10022400.453186035,0.016223693,-0.012490468,72.57926
24.655797039477626,35.09782643790763,82.953125,1900800.0102996826,-0.011631167,-0.003452545,72.65628
24.373188532413735,34.85507217391305,83.68782,6998399.938201904,-0.028642217,-0.01814081,72.01208
24.278985653174068,35.159420527680346,80.15937,8639999.747657776,0.0076564588,-0.014697028,71.73272
24.3985509616347,35.079710263267266,82.39983,1555199.9710321426,-0.0059952773,-0.0080767125,72.41486
24.51086948471318,35.141304337922854,75.965324,7775999.992275238,-0.019106535,0.028243162,72.898994
24.358695745580064,35.14492749121842,79.46463,12355200.066947937,0.019799478,-0.018946873,72.03988
24.481884276880134,35.21376834109622,79.042,13824000.4737854,0.016101696,-0.021432957,72.242455
24.2137679164399,35.101449394680465,78.1842,9504000.051498413,0.014324723,-0.0041332357,72.46363
24.55072462237475,35.07608730649443,88.70044,12268800.365638733,0.026478028,-0.021425223,71.98051
24.49275373635028,35.04710138474188,79.64641,15724800.484085083,0.010546866,-0.024837697,72.574814
24.423912946628306,35.16304383214723,83.815254,4752000.025749207,-0.015206682,-0.008792829,72.031296
24.409420185925658,35.126811301460926,78.58091,10454400.056648254,0.019286621,-0.011325654,72.647385
24.782608845879178,35.07246365433351,80.82854,10281599.557113647,0.027196186,-0.004988054,72.90104
24.409420342711783,35.02898555779556,73.23672,15292799.783706665,0.0091195665,-0.02263785,73.019135
24.152173912100075,34.942029039701325,85.189964,16243199.788856506,0.015089264,-0.028812481,72.40893
24.481884276880134,35.21376834109622,79.042,14342399.778556824,0.010461469,-0.023625826,72.17404
24.171296292717127,35.10648163098043,78.049835,950400.0051498413,-0.046857923,-0.004936194,71.999886
24.32608705359737,35.05434782738719,80.59564,13391999.773406982,0.026235662,-0.021594396,71.40234
24.677536062942007,35.07971042955572,84.775665,17107200.092697144,0.010102993,-0.03758528,72.38178
24.47463793572534,35.15579704180788,74.131996,1036799.9806880951,-0.011511469,0.0019910596,73.627525
24.619565229179578,35.18478278215484,82.255135,7257600.139045715,0.01715184,-0.015385974,72.60487
24.373188532413735,34.85507217391305,83.68782,17539199.696159363,0.015837394,-0.059200175,72.132935
24.655797039477626,35.09782643790763,82.953125,17539199.696159363,0.008506731,-0.033036865,72.1882
24.731884091961334,34.88405773852335,82.62194,7084800.187969208,-0.010289317,0.023614641,71.13364
24.40217392316393,35.07246365433351,77.73675,604799.9658823013,0.014711267,-0.00028442126,72.48509
24.62318819070881,35.09782625650204,81.14894,1382400.019955635,-0.0043403786,0.013593422,72.741035
24.264492787947336,35.06521739309379,75.914215,16243199.788856506,0.011058245,-0.018754525,72.74924
24.800724541980035,35.0326085145684,80.91604,5529600.07982254,-0.025692044,-0.0029594693,72.463844
24.800724541980035,35.0326085145684,80.91604,8208000.144195557,0.009411873,0.015969023,72.50553
24.52536253285706,35.05797113185407,79.99595,7343999.840354919,-0.0008802619,-0.018454874,72.14799
24.49275373635028,34.95652190987481,78.13308,259199.99517202377,-0.013258504,0.013472869,71.74578
24.17028990870767,35.119565206509655,75.23819,14687999.680709839,0.018306468,-0.013946148,72.74173
24.16304339770124,35.14130418675153,77.183464,11923200.463485718,0.023555448,-0.013980577,72.96142
24.72463775080654,35.097825908808005,83.506035,11059200.15964508,0.018225398,-0.022878563,72.94544
24.06159400092239,35.235507653915,77.223785,4924799.976825714,-0.039535858,-0.0557594,73.27863
24.731883987437246,34.999999998854186,80.17734,17279999.49531555,0.013606715,-0.025492335,73.52964
24.85869584610084,35.31159408476158,76.05999,16847999.891853333,0.031534832,-0.02555626,71.4747
24.503623143558386,34.916666955294566,80.479385,13132799.572563171,0.022585815,0.0023154002,72.161064
24.507246418659868,35.018115659512056,74.98295,8121599.894428253,-0.008547125,0.013786761,73.1843
24.409420185925658,35.126811301460926,78.58091,17539199.696159363,0.02612634,-0.028781494,72.142914
24.286231733018653,35.16304365074164,82.86601,12614400.267791748,0.026718449,-0.021831324,70.97181
24.800724541980035,35.0326085145684,80.91604,15379199.48501587,0.036972262,0.0019938732,72.957596
24.572463802625258,35.028985391507106,77.31845,2592000.0888347626,-0.02167978,-0.00010619126,71.78188
24.655797039477626,35.09782643790763,82.953125,3628800.0695228577,-0.025319608,0.0009730859,72.69123
24.24275355543479,35.275361916886446,83.709785,13824000.4737854,0.025762318,-0.030152684,70.77699
24.471014503837736,35.137681214861566,84.09494,6480000.084972382,-0.02559732,0.0023698602,72.07764
24.608695560661264,35.210145036629335,80.071884,17452799.99485016,0.0015583616,-0.016585523,72.00377
24.264492787947336,35.06521739309379,75.914215,10454400.056648254,0.013917712,-0.007991962,74.19892
24.880434869565217,35.11594208344836,73.60822,7516799.791431427,-0.01708339,0.021513524,73.462135
24.40579722439643,35.07608730649443,81.130585,950400.0051498413,0.004927907,-0.018973956,72.55236
24.373188349496587,35.09782609021359,73.044136,5356800.128746033,-0.016595861,-0.017029746,72.79689
24.373188532413735,34.85507217391305,83.68782,11836799.665260315,0.029713575,-0.034391508,71.95248
24.068840433535758,35.050724689208764,75.1399,17971200.39653778,0.0030112565,-0.034073293,71.6096
24.282608510179216,35.10869565592019,73.044136,14601599.979400635,0.02587663,-0.013901541,72.901054
24.409420264318722,35.137681214861566,85.684586,12527999.469566345,0.021821907,-0.012928411,71.935936
24.134057993885538,35.130434787333385,80.741425,14515200.27809143,0.027502388,0.0007188106,70.78863
24.731884091961334,34.88405773852335,82.62194,7948799.943351746,-0.010128228,0.014080608,71.277374
24.731884091961334,34.88405773852335,82.62194,345600.00498890877,-0.004501451,0.00014955178,72.27368
24.275362351941567,35.02173896397893,79.32639,16761600.190544128,0.0049088877,-0.03128937,72.08716
24.619565229179578,35.18478278215484,82.255135,9071999.899578094,0.020677287,-0.013784828,72.51372
24.068840433535758,35.17753635462667,82.62194,6825599.987125397,-0.0026695635,-0.030684954,70.05479
24.52536253285706,35.05797113185407,79.99595,8208000.144195557,0.005310528,-0.013858229,72.227745
24.16304339770124,35.14130418675153,77.183464,11145599.860954285,0.021791799,-0.016060192,73.04056
24.51086948471318,35.141304337922854,75.965324,172800.00249445438,-0.020035239,0.015038292,73.42057
24.17028990870767,35.119565206509655,75.23819,17279999.49531555,0.019327879,-0.023604939,72.247795
24.286231733018653,35.16304365074164,82.86601,12009600.164794922,0.025889236,-0.022886543,71.04312
24.068840433535758,35.050724689208764,75.1399,5443199.830055237,-0.05203609,-0.02867105,74.05453
24.358695745580064,35.14492749121842,79.46463,13824000.4737854,0.019636445,-0.011939604,71.786644
24.340579657513896,35.072464168316,77.031204,16243199.788856506,0.010786446,-0.021835322,72.68359
24.423912946628306,35.13405791039468,84.735344,950400.0051498413,-0.028128462,0.010032254,72.40875
24.275362351941567,35.02173896397893,79.32639,15983999.588012695,0.010352257,-0.02977066,71.83448
24.409420264318722,35.137681214861566,85.684586,6652800.036048889,-0.016996166,0.014586883,72.08941
24.141304256647267,35.05072417522627,80.839714,3887999.996137619,-0.063182384,-0.02455782,70.81893
24.268116089179838,35.07971042955572,81.07262,8121599.894428253,-0.012589434,-0.016687132,70.95074
24.822463669968496,35.11956556932083,79.471794,10108800.15449524,0.013471693,-0.011216117,72.64144
24.47463793572534,35.15579704180788,74.131996,5184000.177669525,-0.030518701,-0.012628457,73.30745
24.43478251062254,35.050724689208764,81.254395,14687999.680709839,0.025160467,-0.021445418,71.77671
24.880434869565217,35.11594208344836,73.60822,9849599.953651428,0.013857458,-0.0037897527,73.7739
24.40217392316393,35.07246365433351,77.73675,8035200.193119049,-0.011052566,0.0063774697,72.87376
24.619565229179578,35.18478278215484,82.255135,5961600.231742859,-0.004013695,-0.008753421,72.801254
24.782608845879178,35.07246365433351,80.82854,7603200.0411987305,-0.01222316,0.018582886,72.68632
24.177536001617764,35.01449252133363,77.3516,5356800.128746033,-0.02834324,-0.034851603,73.05402
24.525362323808892,35.01449270273921,80.76379,8553600.046348572,-0.0097523965,0.01765288,72.126816
24.608695560661264,35.210145036629335,80.071884,3369599.8686790466,-0.029918844,0.0048720175,73.080345
24.365941903817713,35.11594190204278,77.940506,9417600.350189209,-0.002542641,-0.007617317,72.87876
24.177536001617764,35.01449252133363,77.3516,17107200.092697144,-0.0015793964,-0.03240159,72.22923
24.068840433535758,35.17753635462667,82.62194,12095999.866104126,0.033249,-0.018191243,70.03076
24.72463775080654,35.097825908808005,83.506035,7689599.742507935,-0.012719413,-0.0016962234,73.114334
24.49275373635028,35.04710138474188,79.64641,16675200.489234924,0.0036055818,-0.023591364,72.624214
24.15942034471344,35.02536261613985,84.04098,16243199.788856506,0.017066367,-0.03264121,71.71385
24.880434869565217,35.11594208344836,73.60822,777599.9855160713,0.00930438,-0.0008823592,73.669975
24.55434784521419,35.039855304907746,78.730316,1900800.0102996826,-0.010658471,-0.005509276,72.107315
24.49275373635028,35.04710138474188,79.64641,8985600.19826889,0.0003781803,0.009255027,72.221344
24.17028990870767,35.119565206509655,75.23819,17020800.39138794,0.019058798,-0.023480674,72.265274
24.623188347494935,34.98550731008629,86.27349,12182399.56741333,0.035671312,-0.01775744,72.366035
24.171296292717127,35.10648163098043,78.049835,3542400.093984604,-0.039491437,-0.0119405445,72.169464
24.677536062942007,35.07971042955572,84.775665,6566399.786281586,0.0054633915,-0.015576325,72.768456
24.365941903817713,35.11594190204278,77.940506,15206400.082397461,0.017433554,-0.017290935,72.28415
24.507246627708035,35.15217355593542,72.15966,172800.00249445438,-0.03057553,-0.0095237065,72.83149
24.507246627708035,35.15217355593542,72.15966,12873600.46863556,0.034192853,-0.011864062,71.95188
24.2137679164399,35.101449394680465,78.1842,10627199.459266663,0.014853577,-0.018312918,72.44027
24.655797039477626,35.09782643790763,82.953125,17884799.598312378,0.0045748334,-0.032048687,72.14113
24.55434784521419,35.039855304907746,78.730316,9158400.149345398,0.015982233,-0.0074061826,72.406555
24.641304357168043,34.938405387540406,81.3883,5443199.830055237,-0.009074165,-0.018533329,71.41831
24.2137679164399,35.101449394680465,78.1842,1382400.019955635,0.0070229406,-0.02179488,72.12807
24.623188347494935,34.98550731008629,86.27349,10195199.855804443,0.02566491,-0.015850384,72.39731
24.655797039477626,35.09782643790763,82.953125,15379199.48501587,0.022935472,-0.030092595,72.493805
24.15217408195171,35.09782609021359,90.079155,2505600.113296509,-0.0076197926,-0.04742001,71.58484
24.481884276880134,35.21376834109622,79.042,9331199.551963806,0.012477018,-0.0032423288,72.820656
24.528985389862203,35.079710263267266,73.800804,6998399.938201904,-0.050221518,-0.020109339,72.57955
24.336956356281394,35.12681217825459,78.56935,172800.00249445438,-0.033353917,-0.00046145078,72.98056
24.177536001617764,35.01449252133363,77.3516,2505600.113296509,-0.024052223,-0.015381461,72.50617
24.15217408195171,35.09782609021359,90.079155,15206400.082397461,0.031365894,-0.025726525,71.7392
24.242753659958876,34.931159481553294,83.59315,86400.00124722719,-0.027861493,0.008279156,71.009636
24.06159400092239,35.235507653915,77.223785,2505600.113296509,-0.07380104,-0.060798854,72.677956
24.528985389862203,35.079710263267266,73.800804,13478399.474716187,0.0336733,-0.019328078,72.967384
24.06159400092239,35.235507653915,77.223785,5615999.781131744,-0.023516791,-0.053118475,73.461494
24.481884276880134,35.21376834109622,79.042,9244799.850654602,0.011672452,-0.002142271,72.82796
24.373188532413735,34.85507217391305,83.68782,11059200.15964508,0.01964001,-0.03024313,71.89364
24.659420157792983,35.13768139626715,82.9603,14947199.88155365,0.025979217,-0.028332273,72.430336
24.626811465810288,35.05797113185407,83.9315,10627199.459266663,0.020785896,-0.015139794,72.59007
24.40579730278949,34.98550712868071,82.545616,10195199.855804443,0.01462369,-0.022509666,71.59913
24.659420157792983,35.13768139626715,82.9603,4147199.9227523804,-0.02122734,0.014005141,72.83611
24.52536253285706,35.05797113185407,79.99595,14947199.88155365,0.023355013,-0.018593146,72.548325
24.880434869565217,35.11594208344836,73.60822,6739199.737358093,-0.022788266,0.020538956,73.423904
24.340579735906957,35.22101461745307,78.71513,6998399.938201904,0.0072717993,-0.022952454,72.49641
24.3985509616347,35.079710263267266,82.39983,2246400.0495672226,-0.013544938,0.000118522905,72.149216
24.471014503837736,35.137681214861566,84.09494,8812800.247192383,0.003213562,0.00078732707,72.0342
24.068840433535758,35.050724689208764,75.1399,7084800.187969208,-0.029520066,-0.028425118,74.83832
24.409420264318722,35.137681214861566,85.684586,15983999.588012695,0.019204004,-0.016111355,71.59409
24.141304256647267,35.05072417522627,80.839714,8899199.948501587,-0.009927155,-0.018920647,70.43086
24.503623143558386,34.916666955294566,80.479385,13046399.871253967,0.022384603,0.0015607914,72.15382
24.60144921950647,34.9456523441682,85.40489,14169600.375938416,0.03842888,-0.031228608,72.40921
24.340579735906957,35.22101461745307,78.71513,7689599.742507935,0.015269274,-0.020766305,72.56211
24.525362323808892,35.01449270273921,80.76379,8639999.747657776,-0.008013669,0.017123189,72.13289
24.641304357168043,34.938405387540406,81.3883,13391999.773406982,0.027162366,-0.018467424,72.62295
24.3985509616347,35.079710263267266,82.39983,18057600.097846985,0.016894827,-0.021620778,71.60217
24.641304357168043,34.938405387540406,81.3883,5356800.128746033,-0.010289682,-0.017932331,71.42579
24.782608584568965,35.06521774078783,85.492004,3283199.893140793,-0.02435791,0.00293253,72.49968
24.351449221508126,35.36231895652174,77.53338,14169600.375938416,0.027387004,-0.015672307,71.80688
24.271739312019278,35.0833337340226,74.97577,172800.00249445438,-0.05963359,0.009920515,73.48762
24.373188532413735,34.85507217391305,83.68782,7343999.840354919,-0.029438926,-0.014779953,71.98035
24.579710091518006,35.06884069756067,84.24473,4060799.9472141266,-0.035843797,0.0026407074,72.49809
24.880434869565217,35.11594208344836,73.60822,11059200.15964508,0.0218191,-0.016322605,73.6976
24.409420185925658,35.126811301460926,78.58091,9849599.953651428,0.017532699,-0.007664213,72.66568
24.782608584568965,35.06521774078783,85.492004,5961600.231742859,-0.027156262,0.0019390294,73.20081
24.15217408195171,35.09782609021359,90.079155,6912000.2368927,0.019830322,-0.023428632,72.70173
24.782608584568965,35.06521774078783,85.492004,8639999.747657776,-0.0013890415,0.015181304,73.31648
24.06159400092239,35.235507653915,77.223785,7603200.0411987305,0.019911213,-0.041357458,73.30849
24.340579657513896,35.072464168316,77.031204,2246400.0495672226,-0.026371723,-0.016909549,72.3751
24.51086948471318,35.141304337922854,75.965324,12873600.46863556,0.030064825,-0.019159982,73.07594
24.351449221508126,35.36231895652174,77.53338,10972800.458335876,0.029615153,-0.009252518,72.91192
24.52536253285706,35.05797113185407,79.99595,18143999.79915619,0.008144499,-0.020815382,72.664696
24.880434869565217,35.11594208344836,73.60822,10540799.757957458,0.019430658,-0.012182739,73.7522
24.731884091961334,34.88405773852335,82.62194,13132799.572563171,0.03382417,-0.008198101,71.859146
24.15217408195171,35.09782609021359,90.079155,11059200.15964508,0.033008277,-0.017711854,73.26671
24.608695560661264,35.210145036629335,80.071884,9331199.551963806,0.010648389,0.005911365,72.74392
24.409420185925658,35.126811301460926,78.58091,8726399.99742508,0.013294155,-0.009625427,72.68725
24.572463802625258,35.028985391507106,77.31845,9417600.350189209,0.0057915337,-0.001669595,72.56253
24.655797039477626,35.09782643790763,82.953125,6739199.737358093,-0.010639792,-0.008693885,72.77604
24.003623304347823,35.192029209683014,80.788605,4579200.074672699,-0.06382115,-0.04820825,70.342255
24.40579730278949,34.98550712868071,82.545616,7171199.889278412,-0.024377735,-0.0009819791,71.66371
24.507246418659868,35.018115659512056,74.98295,13305600.072097778,0.022260776,-0.0060675666,73.46528
24.242753659958876,34.931159481553294,83.59315,11750399.96395111,0.027491573,-0.013813814,71.359276
24.336956356281394,35.12681217825459,78.56935,10368000.35533905,0.015240923,-0.018143924,72.51917
24.47463793572534,35.15579704180788,74.131996,7603200.0411987305,-0.012551943,-0.014434716,73.33373
24.409420264318722,35.097825908808005,75.01247,9417600.350189209,0.012219134,0.0034041833,73.588974
24.43478277193275,35.06521686399416,78.38795,3456000.11844635,-0.023749566,-0.0134346895,72.10962
24.782608584568965,35.06521774078783,85.492004,2678400.0643730164,-0.017815048,0.002936027,72.280235
24.619565229179578,35.18478278215484,82.255135,5615999.781131744,-0.009519063,-0.007039599,72.85281
24.623188347494935,34.98550731008629,86.27349,17020800.39138794,0.030183684,-0.035640173,73.104385
24.358695745580064,35.14492749121842,79.46463,7603200.0411987305,-0.002606919,0.013409728,72.07775
24.503623143558386,34.916666955294566,80.479385,9417600.350189209,-0.004382629,0.015165446,72.09681
24.33695651306752,35.26449269887389,75.24537,1814400.0347614288,-0.06180445,-0.04265202,73.459175
24.278985574781007,35.18478260074926,85.36457,8812800.247192383,0.01130037,-0.007984156,71.42665
24.351449221508126,35.36231895652174,77.53338,10627199.459266663,0.028855603,-0.007852886,72.96965
24.481884276880134,35.21376834109622,79.042,5184000.177669525,-0.019402673,-0.008575609,72.76313
24.514492864338745,35.152173737341,77.98083,14428799.479866028,0.028587556,-0.025454791,72.61942
24.17028990870767,35.119565206509655,75.23819,13219200.370788574,0.021304462,-0.0031616073,73.46292
24.728260869121893,35.15579704180788,79.23173,7171199.889278412,-0.007118704,0.018861033,72.914314
24.677536062942007,35.07971042955572,84.775665,1728000.059223175,-0.016422158,0.0049326746,72.685585
24.340579735906957,35.22101461745307,78.71513,10022400.453186035,0.019392481,-0.023811897,72.66871
24.481884276880134,35.21376834109622,79.042,8294399.845504761,-0.00038331747,0.005346765,72.87455
24.55072462237475,35.07608730649443,88.70044,6739199.737358093,0.0063869264,-0.012468634,72.57309
24.800724541980035,35.0326085145684,80.91604,10281599.557113647,0.03521321,0.001833369,72.60272
24.40579730278949,34.98550712868071,82.545616,8294399.845504761,-0.009338595,-0.008544859,71.64192
24.880434869565217,35.11594208344836,73.60822,7689599.742507935,-0.017766876,0.021613484,73.479774
24.53985505838052,35.14492730981283,78.72631,1728000.059223175,0.007941053,0.010338973,72.68034
24.731884091961334,34.88405773852335,82.62194,8899199.948501587,0.0015192982,-0.001192716,71.356186
24.423912946628306,35.13405791039468,84.735344,2505600.113296509,-0.03237997,0.0024090968,72.18654
24.282608510179216,35.10869565592019,73.044136,16934399.593162537,0.01891297,-0.027268225,72.77931
24.800724541980035,35.0326085145684,80.91604,11404800.061798096,0.036246326,0.0055913143,72.69761
24.271739312019278,35.0833337340226,74.97577,518399.99034404755,-0.05845598,0.008254058,73.50046
24.235507135886934,35.09782643790763,86.62735,16847999.891853333,0.014182037,-0.029577283,71.443954
24.43478251062254,35.050724689208764,81.254395,16502399.989700317,0.012947143,-0.028279973,71.857155
24.286231733018653,35.16304365074164,82.86601,4752000.025749207,-0.005046388,-0.03020182,71.1239
24.351449221508126,35.36231895652174,77.53338,16329599.49016571,0.024990011,-0.028459253,71.8154
24.35507260113369,35.04710138474188,76.478294,14515200.27809143,0.018761357,0.005366166,73.0679
24.423912946628306,35.16304383214723,83.815254,6912000.2368927,0.018805727,-0.01979954,71.89542
24.655797039477626,35.09782643790763,82.953125,7171199.889278412,-0.0068805404,-0.012614705,72.77074
24.264492787947336,35.06521739309379,75.914215,16070400.386238098,0.011388936,-0.018286949,72.75548
24.40579722439643,35.07608730649443,81.130585,1641599.9465703964,-0.00010067597,-0.019384475,72.38749
24.409420342711783,35.02898555779556,73.23672,15465600.283241272,0.008307616,-0.024076791,73.04632
24.641304357168043,34.938405387540406,81.3883,10713600.257492065,0.018212574,-0.022971535,72.01661
24.659420157792983,35.13768139626715,82.9603,4319999.873828888,-0.020860722,0.014391582,72.842285
24.782608584568965,35.06521774078783,85.492004,345600.00498890877,0.0071461136,0.0061531845,71.87651
24.286231733018653,35.16304365074164,82.86601,6739199.737358093,0.015196954,-0.030523965,71.12369
24.340579657513896,35.072464168316,77.031204,11664000.262641907,0.012260584,-0.015182173,73.26656
24.32608705359737,35.05434782738719,80.59564,11664000.262641907,0.018578244,-0.026348958,71.49791
24.134057993885538,35.130434787333385,80.741425,10540799.757957458,0.022305083,-0.006805621,70.63786
24.525362323808892,35.01449270273921,80.76379,3801600.0205993652,-0.02073321,0.002880334,72.05137
24.507246418659868,35.018115659512056,74.98295,9676799.454116821,0.00519895,-0.0068104044,73.09055
24.46739112421217,35.10507235145331,77.031204,12095999.866104126,0.02152562,-0.018641708,72.97019
24.822463669968496,35.11956556932083,79.471794,9244799.850654602,0.010970047,0.00081678666,72.58224
24.33695651306752,35.26449269887389,75.24537,2678400.0643730164,-0.054170422,-0.042901024,73.44041
24.06159400092239,35.235507653915,77.223785,11750399.96395111,0.044673037,-0.040389225,72.06798
24.528985389862203,35.079710263267266,73.800804,12009600.164794922,0.026286028,-0.023026401,72.99082
24.525362323808892,35.01449270273921,80.76379,5961600.231742859,-0.031776637,0.008936916,71.94282
24.731883987437246,34.999999998854186,80.17734,12614400.267791748,0.020472907,-0.013745455,72.70152
24.619565229179578,35.18478278215484,82.255135,8812800.247192383,0.020508872,-0.014148381,72.5117
24.358695745580064,35.14492749121842,79.46463,15551999.984550476,0.010611171,-0.02108655,71.6004
24.06159400092239,35.235507653915,77.223785,11491199.7631073,0.044044226,-0.040683113,72.15295
24.55072462237475,35.07608730649443,88.70044,2332799.8879909515,-0.010771485,-0.018089725,71.92445
24.655797039477626,35.09782643790763,82.953125,13737599.675559998,0.021194166,-0.02569654,72.53194
24.33695651306752,35.26449269887389,75.24537,6739199.737358093,-0.011679815,-0.031429432,73.971115
24.275362351941567,35.02173896397893,79.32639,8208000.144195557,-0.016945573,-0.021554558,71.96272
24.235507135886934,35.09782643790763,86.62735,5529600.07982254,-0.027726175,-0.013526147,71.59409
24.481884276880134,35.21376834109622,79.042,4319999.873828888,-0.018307472,-0.013670454,72.80081
24.880434869565217,35.11594208344836,73.60822,16156800.087547302,0.04598525,-0.016001156,73.5399
24.293478074173446,35.130434424522214,78.52256,12095999.866104126,0.012757384,-0.021933606,72.20032
24.53985505838052,35.14492730981283,78.72631,17020800.39138794,0.016998917,-0.033300154,72.45485
24.586956589458925,35.03623181903528,81.050644,4233599.898290634,-0.012819355,-0.006818924,72.17534
24.43478277193275,35.06521686399416,78.38795,10368000.35533905,0.018710215,-0.010042734,72.63907
24.278985653174068,35.159420527680346,80.15937,3110399.9420642853,-0.07643401,-0.029383017,71.339584
24.731884091961334,34.88405773852335,82.62194,3887999.996137619,-0.021266548,-0.005085692,71.54868
24.626811465810288,35.05797113185407,83.9315,864000.0296115875,0.000764763,0.015102435,72.64061
24.24275355543479,35.275361916886446,83.709785,8467199.796581268,0.023820564,0.007342387,71.46443
24.271739312019278,35.0833337340226,74.97577,15033599.582862854,0.026812185,-0.014011724,72.91534
24.46739112421217,35.10507235145331,77.031204,12787199.670410156,0.023946809,-0.017461622,73.0266
24.619565229179578,35.18478278215484,82.255135,9331199.551963806,0.021074584,-0.013771027,72.51659
24.202898613755877,35.17753635462667,82.22561,12700799.969100952,0.027438898,-0.014534062,70.590744
24.528985389862203,35.079710263267266,73.800804,9071999.899578094,0.0018288828,-0.009376874,72.9476
24.731883987437246,34.999999998854186,80.17734,2592000.0888347626,-0.025993025,0.0029076673,71.87596
24.141304256647267,35.05072417522627,80.839714,5443199.830055237,-0.05310476,-0.01201185,70.28387
24.134057993885538,35.130434787333385,80.741425,12527999.469566345,0.026530692,-0.0016144989,70.562294
24.40217392316393,35.07246365433351,77.73675,14256000.07724762,0.024695724,-0.003556475,72.63041
24.782608845879178,35.07246365433351,80.82854,12614400.267791748,0.03147765,-0.005535921,72.877365
24.677536062942007,35.07971042955572,84.775665,10195199.855804443,0.01997973,-0.016998358,72.92652
24.423912946628306,35.13405791039468,84.735344,8294399.845504761,0.0010118093,-0.0024111178,71.9134
24.75362311542571,35.148550251468535,82.31272,16502399.989700317,0.0006454494,-0.015909754,72.41073
24.152173912100075,34.942029039701325,85.189964,2332799.8879909515,-0.017104683,-0.038719393,70.43272
24.242753659958876,34.931159481553294,83.59315,7862400.2420425415,0.0158496,0.021948148,71.24175
24.141304256647267,35.05072417522627,80.839714,13391999.773406982,0.028706195,-0.020695867,70.81728
24.24275355543479,35.275361916886446,83.709785,12614400.267791748,0.02899254,-0.026837254,70.83157
24.608695560661264,35.210145036629335,80.071884,86400.00124722719,-0.038217485,-0.0039199963,73.01179
24.62318819070881,35.09782625650204,81.14894,8985600.19826889,0.0016531236,0.012105771,72.51701
24.271739312019278,35.0833337340226,74.97577,14601599.979400635,0.02885949,-0.011275325,73.048775
24.3985509616347,35.079710263267266,82.39983,6307200.133895874,-0.001724802,-0.0035608597,71.4453
24.369565205050215,35.10507235145331,81.59638,2332799.8879909515,-0.020280475,-0.019529527,72.02023
24.068840433535758,35.050724689208764,75.1399,3023999.9665260315,-0.058090687,-0.009698743,72.836006
24.507246627708035,35.15217355593542,72.15966,10022400.453186035,0.019169683,-0.014037749,72.48108
24.235507135886934,35.09782643790763,86.62735,11577599.464416504,0.02408888,-0.021714384,72.396774
24.43478277193275,35.06521686399416,78.38795,86400.00124722719,-0.011421086,-0.021021111,72.67699
24.5036234048686,34.94565269942081,84.86278,16847999.891853333,0.019175809,-0.05204571,72.734055
24.35507260113369,35.04710138474188,76.478294,9071999.899578094,-0.0021440536,-0.013135279,73.701454
24.003623304347823,35.192029209683014,80.788605,15379199.48501587,0.029981837,-0.021291716,70.48936
24.40217392316393,35.07246365433351,77.73675,12182399.56741333,0.02102502,-0.015285522,72.83896
24.641304357168043,34.938405387540406,81.3883,4752000.025749207,-0.01801812,-0.013279572,71.48743
24.62318819070881,35.09782625650204,81.14894,14774400.478935242,0.02903039,-0.024040153,72.49919
24.264492787947336,35.06521739309379,75.914215,17625600.494384766,0.011286466,-0.017934395,72.72522
24.282608510179216,35.10869565592019,73.044136,12441599.768257141,0.018706959,-0.009437611,73.36058
24.40579730278949,34.98550712868071,82.545616,9504000.051498413,0.009418729,-0.01830403,71.64471
24.278985574781007,35.18478260074926,85.36457,15120000.381088257,0.016536957,-0.02002349,71.10122
24.731884091961334,34.88405773852335,82.62194,12700799.969100952,0.03155387,-0.010822598,71.7442
24.677536062942007,35.07971042955572,84.775665,4752000.025749207,-0.014438113,-0.014013693,72.75809
24.373188532413735,34.85507217391305,83.68782,7516799.791431427,-0.029726414,-0.012979735,71.967064
24.242753659958876,34.931159481553294,83.59315,6393599.835205078,-0.0051520932,0.01108166,71.28145
24.57246390714934,35.13405809180027,82.83649,13651199.974250793,0.022234473,-0.0213637,72.08285
24.286231733018653,35.16304365074164,82.86601,17193599.794006348,0.00898812,-0.032127596,70.62079
24.15217408195171,35.09782609021359,90.079155,8294399.845504761,0.03254111,-0.0016686376,72.700386
24.57246390714934,35.13405809180027,82.83649,14687999.680709839,0.021504847,-0.02650602,72.06501
24.06159400092239,35.235507653915,77.223785,8208000.144195557,0.027924996,-0.039173573,73.14869
24.3913043591697,35.05434799367564,86.750465,15292799.783706665,0.023534266,-0.019965766,71.60397
24.35507260113369,35.04710138474188,76.478294,4406400.123596191,-0.033945844,-0.022380589,72.675735
24.55434784521419,35.039855304907746,78.730316,1296000.0444173813,-0.008107085,0.0018225517,72.1775
24.518115930392057,35.170290078269815,76.7112,16847999.891853333,0.02273094,-0.031106746,73.11295
24.503623143558386,34.916666955294566,80.479385,2505600.113296509,-0.023835244,-0.024518302,72.13705
24.85869584610084,35.31159408476158,76.05999,9849599.953651428,0.023879495,-0.00928675,73.1048
24.49275373635028,34.95652190987481,78.13308,15551999.984550476,0.0012368932,-0.0029642917,73.367874
24.800724541980035,35.0326085145684,80.91604,17539199.696159363,0.003337467,-0.002848776,73.12239
24.141304256647267,35.05072417522627,80.839714,2764800.03991127,-0.06551211,-0.025627052,71.24954
24.641304357168043,34.938405387540406,81.3883,11491199.7631073,0.019220676,-0.020740097,72.18845
24.782608845879178,35.07246365433351,80.82854,345600.00498890877,0.010771813,0.0036144955,72.236404
24.242753659958876,34.931159481553294,83.59315,13910400.175094604,0.027837403,-0.012853021,71.8568
24.442029139218562,35.043478080275,76.86345,777599.9855160713,0.0032750294,0.0152833,72.334946
24.731883987437246,34.999999998854186,80.17734,9504000.051498413,0.01648208,-0.018925847,72.31695
24.3913043591697,35.05434799367564,86.750465,18316800.298690796,-0.010264294,-0.018986521,71.38542
24.442029139218562,35.043478080275,76.86345,16243199.788856506,0.017197574,-0.022297675,73.29505
24.47463793572534,35.15579704180788,74.131996,8985600.19826889,0.012314462,-0.014969844,73.26798
24.731883987437246,34.999999998854186,80.17734,13391999.773406982,0.028757023,-0.006148368,72.9125
24.659420157792983,35.13768139626715,82.9603,8812800.247192383,0.007345807,0.006107201,72.74832
24.626811465810288,35.05797113185407,83.9315,6047999.933052063,-0.023076432,-0.0016551008,72.515434
24.2137679164399,35.101449394680465,78.1842,1641599.9465703964,0.0037464816,-0.02319839,72.12612
24.55434784521419,35.039855304907746,78.730316,13564800.27294159,0.028699873,-0.009480383,73.007286
24.271739312019278,35.0833337340226,74.97577,15120000.381088257,0.026355447,-0.014499985,72.893105
24.264492787947336,35.06521739309379,75.914215,1900800.0102996826,-0.023122387,-0.015271181,73.09947
24.068840433535758,35.050724689208764,75.1399,10022400.453186035,0.006556564,-0.020366048,74.78103
24.33695651306752,35.26449269887389,75.24537,5443199.830055237,-0.031785168,-0.03365071,73.616394
24.677536062942007,35.07971042955572,84.775665,8812800.247192383,0.021277187,-0.009852422,73.00773
24.365941903817713,35.11594190204278,77.940506,11404800.061798096,0.015877306,-0.018703396,72.76365
24.373188349496587,35.09782609021359,73.044136,6307200.133895874,-0.01601736,-0.020269485,72.90537
24.481884276880134,35.21376834109622,79.042,12182399.56741333,0.019934079,-0.02157882,72.50752
24.17028990870767,35.119565206509655,75.23819,8294399.845504761,0.0032245833,0.0162509,74.65975
24.40579722439643,35.07608730649443,81.130585,13132799.572563171,0.026350344,-0.022676172,71.7114
24.619565229179578,35.18478278215484,82.255135,2764800.03991127,-0.020285571,0.0027747322,73.19301
24.576087129988778,34.96376817111452,80.53768,2159999.936914444,-0.013828704,-0.014962643,71.992485
24.782608584568965,35.06521774078783,85.492004,5875199.981975555,-0.026638443,0.0022818465,73.18719
24.52536253285706,35.05797113185407,79.99595,3283199.893140793,-0.017788118,-0.004449237,72.26023
24.264492787947336,35.06521739309379,75.914215,10195199.855804443,0.013861577,-0.0053248946,74.245445
24.528985389862203,35.079710263267266,73.800804,4665599.775981903,-0.05380241,-0.013607949,72.85964
24.677536062942007,35.07971042955572,84.775665,9935999.654960632,0.020373737,-0.01526246,72.96193
24.278985574781007,35.18478260074926,85.36457,7516799.791431427,-0.021222351,-0.010060931,71.487854
24.782608845879178,35.07246365433351,80.82854,5875199.981975555,-0.028007528,0.003645869,72.66059
24.43478277193275,35.06521686399416,78.38795,9244799.850654602,0.008186132,-0.0029674657,72.63869
24.409420342711783,35.02898555779556,73.23672,12960000.169944763,0.020609295,-0.008638304,73.04323
24.17028990870767,35.119565206509655,75.23819,5788799.732208252,-0.02238628,-0.008022137,74.32102
24.521739153231497,35.18115965909355,80.50853,9763200.252342224,0.008934387,0.008483728,72.3614
24.35507260113369,35.04710138474188,76.478294,13651199.974250793,0.017596502,-0.00076814555,73.23408
24.365941903817713,35.11594190204278,77.940506,11231999.562263489,0.015062204,-0.018716646,72.778854
24.608695560661264,35.210145036629335,80.071884,518399.99034404755,-0.036389,-0.0032826196,72.951805
24.141304256647267,35.05072417522627,80.839714,14601599.979400635,0.025522484,-0.026244508,70.97338
24.442029139218562,35.043478080275,76.86345,1814400.0347614288,-0.01152716,0.0017788606,72.12169
24.728260869121893,35.15579704180788,79.23173,8467199.796581268,0.005640085,0.015818145,72.90806
24.471014503837736,35.137681214861566,84.09494,16416000.288391113,-0.00039216504,-0.0316651,71.579735
24.32608705359737,35.05434782738719,80.59564,5097599.927902222,-0.018716333,-0.025235308,71.55134
24.068840433535758,35.050724689208764,75.1399,8639999.747657776,-0.017603455,-0.026749289,75.06228
24.177536001617764,35.01449252133363,77.3516,18316800.298690796,-0.010456549,-0.02977086,72.47305
24.336956356281394,35.12681217825459,78.56935,8208000.144195557,-0.00016317144,-0.0049226023,72.45952
24.572463802625258,35.028985391507106,77.31845,2246400.0495672226,-0.018117247,0.0004183976,71.826904
24.60144921950647,34.9456523441682,85.40489,5097599.927902222,-0.015061339,0.01612428,71.85172
24.409420264318722,35.097825908808005,75.01247,14601599.979400635,0.02609728,-0.0060494784,73.24886
24.373188349496587,35.09782609021359,73.044136,604799.9658823013,-0.020185826,-0.0011859862,73.04526
24.068840433535758,35.050724689208764,75.1399,345600.00498890877,-0.016369173,-0.041539058,72.01422
24.32608705359737,35.05434782738719,80.59564,8899199.948501587,0.005264122,-0.027224166,71.45646
24.43478277193275,35.06521686399416,78.38795,12700799.969100952,0.019800011,0.00053322315,72.61306
24.514492864338745,35.152173737341,77.98083,6998399.938201904,-0.012114497,0.009108789,72.61953
24.471014503837736,35.137681214861566,84.09494,13046399.871253967,0.019974224,-0.025628371,71.8223
24.49275373635028,35.04710138474188,79.64641,8639999.747657776,-0.0052913167,0.009680197,72.16928
24.15942034471344,35.02536261613985,84.04098,9590399.752807617,0.029190136,-0.026564775,70.82303
24.351449221508126,35.36231895652174,77.53338,17020800.39138794,0.025357274,-0.028922295,71.90699
24.822463669968496,35.11956556932083,79.471794,11577599.464416504,0.019159209,-0.016705288,72.71323
24.731884091961334,34.88405773852335,82.62194,2332799.8879909515,-0.016386217,-0.008328812,71.793686
24.17028990870767,35.119565206509655,75.23819,11059200.15964508,0.018452168,-0.0046152975,74.25255
24.141304256647267,35.05072417522627,80.839714,14515200.27809143,0.025976505,-0.025746433,70.96227
24.202898613755877,35.17753635462667,82.22561,16243199.788856506,0.01284971,-0.020604203,70.37977
24.409420264318722,35.097825908808005,75.01247,7689599.742507935,-0.01964341,0.013709605,73.52541
24.141304256647267,35.05072417522627,80.839714,4665599.775981903,-0.05947019,-0.019474624,70.5151
24.528985389862203,35.079710263267266,73.800804,2678400.0643730164,-0.040897816,-0.02156316,73.19897
24.202898613755877,35.17753635462667,82.22561,7343999.840354919,-0.0060100947,0.0028607817,70.73605
24.49275373635028,34.95652190987481,78.13308,5184000.177669525,-0.04160943,0.0021761665,72.31431
24.068840433535758,35.050724689208764,75.1399,3801600.0205993652,-0.060939327,-0.014057789,73.14351
24.57608686867857,35.22463755910878,78.28966,7948799.943351746,-0.0060381703,0.009800278,72.98455
24.586956589458925,35.03623181903528,81.050644,18316800.298690796,-0.00070779584,-0.034183644,72.77735
24.369565205050215,35.10507235145331,81.59638,17452799.99485016,0.0037588943,-0.02859067,71.41724
24.57246390714934,35.13405809180027,82.83649,1728000.059223175,-0.015829293,-0.013118003,73.06379
24.608695560661264,35.210145036629335,80.071884,13910400.175094604,0.019154254,-0.011716694,72.34059
24.514492864338745,35.152173737341,77.98083,3283199.893140793,-0.021690683,0.0028007058,72.60422
24.822463669968496,35.11956556932083,79.471794,13132799.572563171,0.030806735,-0.0114408415,72.72388
24.409420264318722,35.137681214861566,85.684586,6220799.884128571,-0.020768141,0.012599932,72.09813
24.731883987437246,34.999999998854186,80.17734,7516799.791431427,-0.0116111245,-0.0040560104,72.10179
24.171296292717127,35.10648163098043,78.049835,8553600.046348572,0.005255591,-0.021402115,72.39219
24.53985505838052,35.14492730981283,78.72631,9590399.752807617,0.010436762,-0.0033833068,72.75298
24.358695745580064,35.14492749121842,79.46463,2159999.936914444,-0.045015655,0.00074002054,72.19651
24.442029139218562,35.043478080275,76.86345,13910400.175094604,0.022336416,-0.016090097,73.239235
24.171296292717127,35.10648163098043,78.049835,7084800.187969208,-0.0069981366,-0.02843068,72.26602
24.800724541980035,35.0326085145684,80.91604,15033599.582862854,0.038393304,0.0058388803,72.970665
24.641304357168043,34.938405387540406,81.3883,14601599.979400635,0.02718354,-0.022480728,72.836395
24.3985509616347,35.079710263267266,82.39983,6393599.835205078,0.00027394667,-0.004079461,71.44033
24.572463802625258,35.028985391507106,77.31845,7603200.0411987305,-0.01640314,0.016291583,72.47936
24.57608686867857,35.22463755910878,78.28966,14601599.979400635,0.027685003,-0.01959511,72.5521
24.75362311542571,35.148550251468535,82.31272,14256000.07724762,0.020803388,-0.023224248,72.56313
24.373188532413735,34.85507217391305,83.68782,7430400.090122223,-0.029598793,-0.013879303,71.97348
24.641304357168043,34.938405387540406,81.3883,17798399.897003174,0.01808947,-0.035941727,73.37458
24.340579657513896,35.072464168316,77.031204,8294399.845504761,-0.01936824,0.00048958417,73.44104
24.409420342711783,35.02898555779556,73.23672,11318400.360488892,0.012254748,-0.017286012,73.22596
24.409420264318722,35.137681214861566,85.684586,7343999.840354919,-0.010434909,0.01425028,72.070724
24.409420342711783,35.02898555779556,73.23672,1814400.0347614288,-0.009908438,-0.00082818326,72.962845
24.068840433535758,35.17753635462667,82.62194,10799999.95880127,0.027522782,-0.02370664,70.032394
24.619565229179578,35.18478278215484,82.255135,13219200.370788574,0.018872153,-0.030261075,72.28564
24.481884276880134,35.21376834109622,79.042,1900800.0102996826,0.0015670434,-0.026045626,72.920166
24.503623143558386,34.916666955294566,80.479385,2678400.0643730164,-0.026562935,-0.025160411,72.13248
24.507246418659868,35.018115659512056,74.98295,7948799.943351746,-0.011152456,0.014495755,73.168396
24.57608686867857,35.22463755910878,78.28966,18230399.500465393,0.0043526143,-0.022254338,72.604
24.40217392316393,35.07246365433351,77.73675,15033599.582862854,0.019609213,-0.0074903984,72.60203
24.586956589458925,35.03623181903528,81.050644,16588799.691009521,0.0102106985,-0.029853186,72.55277
24.264492787947336,35.06521739309379,75.914215,8294399.845504761,-0.0060243197,0.0077515994,74.32189
24.282608510179216,35.10869565592019,73.044136,691200.0099778175,-0.04937888,-0.0005462887,73.24055
24.351449221508126,35.36231895652174,77.53338,9331199.551963806,0.027016385,-0.0018368326,73.08234
24.15942034471344,35.02536261613985,84.04098,17366400.293540955,0.012938988,-0.035647273,71.84859
24.626811465810288,35.05797113185407,83.9315,13478399.474716187,0.03188251,-0.010398606,72.26903
24.15942034471344,35.02536261613985,84.04098,604799.9658823013,-0.004039027,0.011433233,71.643745
24.235507135886934,35.09782643790763,86.62735,16070400.386238098,0.02256394,-0.029186377,71.65242
24.33695651306752,35.26449269887389,75.24537,10368000.35533905,0.012339779,-0.031262413,75.02783
24.43478277193275,35.06521686399416,78.38795,5356800.128746033,-0.026807493,-0.009709427,72.15908
24.728260869121893,35.15579704180788,79.23173,11577599.464416504,0.024364648,-0.013236532,72.85771
24.55434784521419,35.039855304907746,78.730316,15465600.283241272,0.018819325,-0.01668391,73.1514
24.528985389862203,35.079710263267266,73.800804,172800.00249445438,-0.017138591,-0.044019878,72.74791
24.40579730278949,34.98550712868071,82.545616,15465600.283241272,0.013770804,-0.042234905,71.76955
24.43478277193275,35.06521686399416,78.38795,10108800.15449524,0.017195074,-0.009090925,72.64146
24.514492864338745,35.152173737341,77.98083,6652800.036048889,-0.014476718,0.007828113,72.574936
24.731884091961334,34.88405773852335,82.62194,12441599.768257141,0.030318309,-0.011367969,71.6838
24.51086948471318,35.141304337922854,75.965324,1468799.9954938889,-0.0252946,-3.3062883e-05,73.189644
24.351449221508126,35.36231895652174,77.53338,14860800.180244446,0.025639886,-0.021375483,71.7112
24.47463793572534,35.15579704180788,74.131996,2246400.0495672226,-0.016091047,-0.015115298,73.73588
24.16304339770124,35.14130418675153,77.183464,3023999.9665260315,-0.041098773,-0.048097953,72.84099
24.177536001617764,35.01449252133363,77.3516,15206400.082397461,0.018309599,-0.030036965,72.27152
24.481884276880134,35.21376834109622,79.042,10886399.660110474,0.016577624,-0.020891549,72.65751
24.507246627708035,35.15217355593542,72.15966,8208000.144195557,0.0041342247,0.0048934277,72.71502
24.49275373635028,34.95652190987481,78.13308,5270399.878978729,-0.0412902,0.0024664383,72.31999
24.528985389862203,35.079710263267266,73.800804,864000.0296115875,-0.019196702,-0.03958796,72.8919
24.5036234048686,34.94565269942081,84.86278,11664000.262641907,0.025268648,-0.027281636,72.10243
24.35507260113369,35.04710138474188,76.478294,17971200.39653778,0.007766801,-0.0065995175,73.029495
24.373188532413735,34.85507217391305,83.68782,9244799.850654602,-0.016169177,-0.0099087395,71.88712
24.518115930392057,35.170290078269815,76.7112,2332799.8879909515,-0.035080336,0.002064176,73.08875
24.72463775080654,35.097825908808005,83.506035,11577599.464416504,0.019390836,-0.023765614,72.878075
24.47463793572534,35.15579704180788,74.131996,14774400.478935242,0.041014686,-0.026038436,72.9319
24.15942034471344,35.02536261613985,84.04098,8639999.747657776,0.019896416,-0.02708252,70.74479
24.72463775080654,35.097825908808005,83.506035,12441599.768257141,0.023740616,-0.02597222,72.788956
24.822463669968496,35.11956556932083,79.471794,6480000.084972382,0.0028728563,0.024241239,72.78404
24.53985505838052,35.14492730981283,78.72631,18403200.0,0.01165309,-0.025486337,72.30956
24.17028990870767,35.119565206509655,75.23819,13651199.974250793,0.020733353,-0.0054867305,73.23306
24.579710091518006,35.06884069756067,84.24473,13219200.370788574,0.024800802,-0.014247555,72.03871
24.507246418659868,35.018115659512056,74.98295,9590399.752807617,0.005016865,-0.005382983,73.10262
24.16304339770124,35.14130418675153,77.183464,8726399.99742508,0.022425357,-0.011312619,73.14367
24.068840433535758,35.050724689208764,75.1399,12182399.56741333,0.01912041,-0.025800394,73.88812
24.340579735906957,35.22101461745307,78.71513,12268800.365638733,0.022721749,-0.02442859,72.37366
24.141304256647267,35.05072417522627,80.839714,7689599.742507935,-0.027411899,-0.008935012,70.282486
24.177536001617764,35.01449252133363,77.3516,5788799.732208252,-0.026515799,-0.036752865,73.133125
24.278985653174068,35.159420527680346,80.15937,6652800.036048889,-0.021033147,-0.027017621,71.5306
24.626811465810288,35.05797113185407,83.9315,10195199.855804443,0.019805692,-0.01246907,72.61136
24.608695560661264,35.210145036629335,80.071884,1814400.0347614288,-0.033998586,-0.00085414294,72.907974
24.40217392316393,35.07246365433351,77.73675,9504000.051498413,0.010281188,-0.007081464,72.91352
24.278985574781007,35.18478260074926,85.36457,3542400.093984604,-0.07849141,-0.022332111,71.12505
24.626811465810288,35.05797113185407,83.9315,6220799.884128571,-0.022409832,-0.00183006,72.5181
24.481884276880134,35.21376834109622,79.042,14083199.577713013,0.013393141,-0.022451462,72.20623
24.202898613755877,35.17753635462667,82.22561,15897599.886703491,0.013840688,-0.018313209,70.4103
24.53985505838052,35.14492730981283,78.72631,3456000.11844635,-0.01807482,0.019886028,72.72671
24.481884276880134,35.21376834109622,79.042,7430400.090122223,-0.010663731,0.0043882076,72.86832
24.481884276880134,35.21376834109622,79.042,6739199.737358093,-0.015781244,0.0012392411,72.83442
24.336956356281394,35.12681217825459,78.56935,2332799.8879909515,-0.033909433,-0.00854684,72.39121
24.728260869121893,35.15579704180788,79.23173,1382400.019955635,-0.0013136454,0.01169971,73.06418
24.336956356281394,35.12681217825459,78.56935,13564800.27294159,0.019267986,-0.014102092,72.06813
24.3913043591697,35.05434799367564,86.750465,1209599.9317646027,-0.032170095,-0.01928701,71.46882
24.626811465810288,35.05797113185407,83.9315,15638399.68585968,0.030186726,-0.0174227,72.3337
24.40217392316393,35.07246365433351,77.73675,18230399.500465393,-0.00713351,0.003207989,72.8162
24.275362351941567,35.02173896397893,79.32639,3974399.971675873,-0.037014358,-0.017164595,72.12947
24.15217408195171,35.09782609021359,90.079155,9331199.551963806,0.034843877,-0.0017178115,72.85177
24.286231733018653,35.16304365074164,82.86601,0.0,0.030593958,0.002606607,72.07524
24.576087129988778,34.96376817111452,80.53768,6134400.182819366,-0.031364776,0.0048527904,71.76087
24.57608686867857,35.22463755910878,78.28966,11059200.15964508,0.018593084,-0.01863409,72.627716
24.52536253285706,35.05797113185407,79.99595,1382400.019955635,-0.0039757155,0.001683916,72.54161
24.24275355543479,35.275361916886446,83.709785,8208000.144195557,0.01902822,0.005266848,71.51834
24.619565229179578,35.18478278215484,82.255135,3801600.0205993652,-0.020673541,-0.0023170281,73.0739
24.822463669968496,35.11956556932083,79.471794,18057600.097846985,0.020578787,-0.033535622,73.12838
24.572463802625258,35.028985391507106,77.31845,604799.9658823013,0.0131194005,0.0061546713,72.20718
24.55072462237475,35.07608730649443,88.70044,4060799.9472141266,-0.022569822,-0.014678603,72.31617
24.528985389862203,35.079710263267266,73.800804,2419199.8635292053,-0.0381525,-0.0248248,73.19256
24.782608584568965,35.06521774078783,85.492004,18316800.298690796,0.004093742,-0.030615436,72.672325
24.278985574781007,35.18478260074926,85.36457,14601599.979400635,0.019711686,-0.019838275,71.22572
24.340579657513896,35.072464168316,77.031204,864000.0296115875,-0.020733854,-0.011215407,72.60391
24.3913043591697,35.05434799367564,86.750465,16070400.386238098,0.018746046,-0.023060499,71.59279
24.2137679164399,35.101449394680465,78.1842,10368000.35533905,0.015900975,-0.0153650865,72.4537
24.134057993885538,35.130434787333385,80.741425,14774400.478935242,0.026450321,-0.0014024368,70.82806
24.409420264318722,35.097825908808005,75.01247,6739199.737358093,-0.034767926,0.0068104467,73.31817
24.626811465810288,35.05797113185407,83.9315,12355200.066947937,0.025355563,-0.0127529055,72.356834
24.068840433535758,35.17753635462667,82.62194,15724800.484085083,0.033360317,-0.013278743,70.09112
24.514492864338745,35.152173737341,77.98083,16329599.49016571,0.014766747,-0.031377368,72.660255
24.202898613755877,35.17753635462667,82.22561,14774400.478935242,0.020962803,-0.01140493,70.48167
24.202898613755877,35.17753635462667,82.22561,86400.00124722719,-0.04259041,-0.052805215,71.88007
24.2137679164399,35.101449394680465,78.1842,1036799.9806880951,0.010800946,-0.019559784,72.14096
24.626811465810288,35.05797113185407,83.9315,691200.0099778175,0.0008784719,0.015857926,72.638626
24.471014503837736,35.137681214861566,84.09494,432000.01480579376,0.012431053,-0.0058463905,72.727806
24.373188349496587,35.09782609021359,73.044136,7257600.139045715,-0.016520845,-0.02285674,73.12969
24.35507260113369,35.04710138474188,76.478294,12527999.469566345,0.010236202,-0.016000273,73.4267
24.40217392316393,35.07246365433351,77.73675,15983999.588012695,0.0093461275,-0.011681313,72.65541
24.507246418659868,35.018115659512056,74.98295,14342399.778556824,0.022894545,-0.0073894802,73.633896
24.268116089179838,35.07971042955572,81.07262,4406400.123596191,-0.04154323,-0.016976804,71.43229
24.623188347494935,34.98550731008629,86.27349,6825599.987125397,-0.015066655,0.0037885103,72.43038
24.423912946628306,35.16304383214723,83.815254,2505600.113296509,-0.029503057,-0.013782997,72.29029
24.152173912100075,34.942029039701325,85.189964,8121599.894428253,-0.008022716,0.009926023,70.67775
