x,y,z,t,Z0,theta,eta,P,g1,g2,h1,h2,time_phase_C2,time_phase_C3,Z0_x,Z0_y,Z0_grad_norm
24.271739312019278,35.0833337340226,74.97577,9244799.850654602,72.95832,-0.1519436,-0.12557633,-0.21803826,1.1785927,1.1725019,-0.13984579,-0.10209798,-0.044473264,-0.22262222,0.17456281,0.15683463,0.23466843
24.340579657513896,35.072464168316,77.031204,18316800.298690796,72.75787,0.019543402,0.012871553,0.033920325,0.20032674,-0.19788517,-0.12614122,-0.17699262,0.29215404,0.17657539,0.07868722,-0.040353395,0.08843119
24.365941903817713,35.11594190204278,77.940506,9676799.454116821,73.02764,0.01026089,-0.0060880464,-0.40494177,-0.17942601,0.1742622,0.028468575,-0.041151583,-0.1705731,-0.29816714,-0.11912755,0.04042992,0.12580124
24.340579735906957,35.22101461745307,78.71513,7084800.187969208,72.65523,0.0034709622,0.002983277,0.047036212,-1.6377183,-0.6107431,0.07477989,-0.42523724,-0.11690142,-0.6611904,-0.22283162,-0.03332537,0.22530982
24.278985653174068,35.159420527680346,80.15937,10886399.660110474,72.945114,-0.0012586178,-0.0012607825,-0.11890773,-0.6447557,0.17985152,0.2671312,-0.43223712,-0.3256606,0.003916446,-0.14893778,0.033931315,0.15275404
24.619565229179578,35.18478278215484,82.255135,8208000.144195557,71.54726,-9.239489e-06,4.746591e-05,0.14276606,-0.5408578,-0.40997696,0.31354925,-0.120395266,-0.30150706,-0.027513977,-0.11357719,-0.13226233,0.17433618
24.409420264318722,35.137681214861566,85.684586,8899199.948501587,72.62967,2.7530562e-06,1.5802285e-06,0.2250945,-0.03615252,0.46610838,0.00984063,0.041143805,-0.07073818,0.0672746,0.015561461,0.22677323,0.22730653
24.275362351941567,35.02173896397893,79.32639,4060799.9472141266,72.348625,0.0012497278,-0.0014590634,0.29506776,-0.08508964,0.14404897,-0.37339392,0.07704632,-0.04245745,-0.05275911,-0.054188788,0.028491246,0.061222345
24.35507260113369,35.04710138474188,76.478294,9590399.752807617,73.08784,0.0027370683,-0.04405929,0.0289732,0.45154688,0.76269335,-0.069035165,0.21506849,-0.038070723,-0.26849237,0.052984837,0.070792675,0.088425085
24.52536253285706,35.05797113185407,79.99595,13564800.27294159,72.038635,0.00064364064,0.00045743072,0.015571289,-1.0704609,0.1347168,0.21931484,0.34893513,-0.2451561,-0.048173606,-0.1524871,0.00986594,0.15280592
24.242753659958876,34.931159481553294,83.59315,13046399.871253967,72.72057,-4.051237e-05,-1.4529252e-05,-0.47540897,-0.7987379,-0.30715021,0.31137246,0.011945199,-0.023901679,0.19601443,-0.07178731,-0.06645486,0.09782467
24.358695745580064,35.14492749121842,79.46463,10540799.757957458,72.81824,-0.0016260811,0.0006693621,-0.23406667,-0.82000995,-0.21921937,0.19963166,-0.11341556,-0.2852108,0.093367964,-0.19421485,-0.047764838,0.20000222
24.53985505838052,35.14492730981283,78.72631,13391999.773406982,72.04517,0.0020999403,0.0008798374,0.12984177,-0.9146104,-0.3474785,0.122247145,0.17353192,-0.38524285,0.07237983,-0.17770079,-0.08734779,0.19800809
24.62318819070881,35.09782625650204,81.14894,12873600.46863556,71.67725,-0.0001011395,-0.0001455091,-0.11260011,-1.2233559,-0.33040798,0.16462922,0.30194184,-0.20212218,-0.0101115145,-0.12094824,-0.049574703,0.13071391
24.51086948471318,35.141304337922854,75.965324,13219200.370788574,72.85628,-0.05642739,-0.052035198,0.23678362,-0.51117206,-0.19931321,0.17917584,0.05445962,-0.52433664,-0.3749872,-0.20952833,-0.071903154,0.22152242
24.782608845879178,35.07246365433351,80.82854,17452799.99485016,70.48432,-5.378541e-05,4.9599857e-05,0.19606876,-0.7797518,0.1397314,0.050529934,0.2770325,-0.23737845,-0.19119155,-0.21446396,0.041660424,0.21847284
24.003623304347823,35.192029209683014,80.788605,2505600.113296509,72.840675,-0.00055198144,0.0005628017,0.2959751,0.7575717,1.3308947,0.09413637,0.04234933,-0.3013294,0.18674308,0.11594541,0.1528781,0.19187249
24.623188347494935,34.98550731008629,86.27349,8639999.747657776,71.76237,-1.7317639e-10,1.5664729e-06,0.069283575,0.44729713,0.65330493,-0.2628962,-0.23843792,0.22649065,-0.3101831,0.06352196,0.12281741,0.13827203
24.62318819070881,35.09782625650204,81.14894,7084800.187969208,71.7882,0.0001730887,-0.00016831259,0.31909198,0.1736643,-0.18239951,0.09685965,-0.17800057,-0.14047566,0.6313183,0.09977883,-0.108537965,0.14743237
24.242753659958876,34.931159481553294,83.59315,15465600.283241272,72.52999,3.2988755e-05,1.273417e-06,-0.33464485,-0.7857481,0.12987371,0.38924935,-0.13525876,-0.044752594,0.2642958,-0.111056045,-0.0058168666,0.111208275
24.242753659958876,34.931159481553294,83.59315,13737599.675559998,72.722176,-3.813615e-05,-3.213185e-05,-0.44967696,-0.76316965,-0.16715288,0.3287778,-0.041582234,-0.0075431913,0.21534115,-0.09016031,-0.049284145,0.102751195
24.358695745580064,35.14492749121842,79.46463,13046399.871253967,72.61175,-0.0013932128,-0.00082260807,0.019710422,-0.91519153,-0.09339091,0.2797832,0.08610687,-0.20023206,0.31142452,-0.1186744,-0.02193284,0.12068414
24.15217408195171,35.09782609021359,90.079155,1296000.0444173813,72.260826,-7.160199e-08,6.521579e-08,0.040472183,-0.6409265,-0.36035162,0.60426795,-0.23380798,-0.27849072,-0.1476053,-0.13692881,-0.036124006,0.1416137
24.134057993885538,35.130434787333385,80.741425,432000.01480579376,73.06122,0.0008414801,0.00027468108,0.00864999,0.2908427,0.7691175,-0.23540106,-0.17277792,-0.03203582,0.23776776,0.073287696,0.20461804,0.21734679
24.409420185925658,35.126811301460926,78.58091,9590399.752807617,72.75386,-0.0045120167,-0.0041759266,-0.2831093,-0.75470877,-0.22015803,0.204364,0.053313248,-0.21117678,-0.085325316,-0.1653144,-0.04079652,0.17027391
24.068840433535758,35.050724689208764,75.1399,1123200.0247836113,72.53949,-0.08598085,0.059446722,0.18340611,-0.1740143,-0.63849485,-0.15853,0.2977637,-0.41987342,-0.44892886,-0.062047794,-0.08633914,0.106322035
24.268116089179838,35.07971042955572,81.07262,5615999.781131744,72.28707,0.00030358767,0.00028312215,0.14609668,-0.975556,0.1618724,-0.39959347,-0.18462709,-0.15516904,0.08910698,-0.12978008,0.012776665,0.1304075
24.264492787947336,35.06521739309379,75.914215,2678400.0643730164,72.28455,0.013085792,-0.011045061,0.28700432,0.7534399,0.68243307,-0.061923273,-0.0059399866,-0.13259876,0.048250332,0.111480966,0.086035535,0.14081946
24.51086948471318,35.141304337922854,75.965324,5529600.07982254,72.34256,0.026150921,0.020948147,0.021229448,-1.5333128,-0.5247203,0.38460574,0.0054954328,-0.3939595,-0.28967375,-0.10205674,-0.041039735,0.10999926
24.641304357168043,34.938405387540406,81.3883,2159999.936914444,72.274864,0.00011736474,-0.00021082848,0.06535463,0.25475967,-0.15998241,0.18876617,0.33283848,-0.065891474,-0.22312814,0.082307085,-0.039651662,0.09136033
24.442029139218562,35.043478080275,76.86345,5356800.128746033,72.5679,-0.015836235,-0.018695356,0.2745991,-0.38501513,0.135748,0.19296941,-0.16384989,-0.13333331,0.09765011,-0.115742445,-0.054446455,0.12790906
24.579710091518006,35.06884069756067,84.24473,4406400.123596191,71.46038,-3.0007877e-06,-7.391499e-06,0.2607616,0.15381661,0.49625906,-0.020157404,-0.25679368,0.04199987,0.44238415,0.106467396,0.21537542,0.24025378
24.521739153231497,35.18115965909355,80.50853,6307200.133895874,71.77173,3.4145937e-06,-0.00018727206,-0.09793339,-1.1219529,-0.44489682,0.24408025,-0.23419288,-0.2004898,0.13999239,-0.18102758,-0.045306645,0.18661103
24.782608845879178,35.07246365433351,80.82854,14601599.979400635,70.96756,7.924093e-05,2.474205e-05,-0.22399929,-1.655303,0.07374403,0.11345317,-0.12369654,-0.12375782,-0.06621739,-0.1763664,0.02300211,0.17786007
24.271739312019278,35.0833337340226,74.97577,4060799.9472141266,72.26638,-0.06470346,-0.070349164,0.20408347,1.1626698,0.93901473,0.028289787,0.040744003,0.16096663,0.16434431,0.17741802,0.1520717,0.23367275
24.40579730278949,34.98550712868071,82.545616,10540799.757957458,72.105034,-2.1679258e-05,5.4447675e-05,-0.23585716,-0.6744857,0.036913797,0.4040265,0.11414407,0.005436916,-0.3487575,-0.2330077,0.005634919,0.23307583
24.409420342711783,35.02898555779556,73.23672,2851200.015449524,73.14241,0.8383363,0.8307102,-0.087723486,0.54109013,-0.09844771,-0.077269174,0.2003482,-0.10937774,0.17603856,0.21028164,-0.06583594,0.22034687
24.85869584610084,35.31159408476158,76.05999,12787199.670410156,73.09093,-0.0021702633,-0.0069476445,-0.13454616,-0.39847144,-0.26372153,0.049765624,0.45173505,0.14953057,0.0690933,-0.14417744,-0.11673426,0.18551016
24.264492787947336,35.06521739309379,75.914215,10972800.458335876,73.045616,-0.03891305,-0.00084378145,-0.25080234,0.38557535,0.86303276,-0.29298666,0.0076684766,-0.18598704,-0.25013924,0.1254593,0.1685943,0.21015249
24.134057993885538,35.130434787333385,80.741425,10627199.459266663,73.0465,-0.00023162406,0.0006358679,-0.11749836,0.40155187,0.34360388,-0.09532537,-0.50116843,-0.01136829,0.09234232,0.17051587,0.12804464,0.2132395
24.55072462237475,35.07608730649443,88.70044,9935999.654960632,72.69569,-2.2898976e-07,-2.847689e-07,-0.13511753,0.6429832,0.8156044,0.009643868,-0.13759193,0.24711064,-0.4607594,0.08366126,0.087976426,0.12140452
24.268116089179838,35.07971042955572,81.07262,15724800.484085083,72.65477,-0.0001919095,0.00036011174,0.03193501,-0.64895165,0.46195552,0.39347646,-0.24175757,0.09849158,-0.118770994,-0.08906911,0.10131459,0.1348998
24.351449221508126,35.36231895652174,77.53338,15206400.082397461,73.18238,0.012443648,0.014765146,0.32813102,0.1911397,0.23725985,0.6131352,0.2958045,-0.18488279,0.5775176,0.11658171,0.16683282,0.20353006
24.369565205050215,35.10507235145331,81.59638,777599.9855160713,72.51238,-0.0001281615,4.218238e-05,-0.2047345,-0.9143958,0.46956983,0.26973993,-0.22072145,-0.13054651,0.27525783,-0.14887321,0.14699554,0.20921502
24.171296292717127,35.10648163098043,78.049835,17884799.598312378,72.45514,-0.005318563,-0.0028113613,0.30165306,0.014142171,0.59354746,0.13578752,-0.28078142,0.09326516,0.015532723,0.017402634,0.089631245,0.09130505
24.528985389862203,35.079710263267266,73.800804,10799999.95880127,73.17302,-0.21583904,0.23491994,0.09129518,-0.9120542,-0.7728186,-0.181505,0.037759513,-0.2936357,-0.35075635,-0.12856989,-0.117985114,0.1745013
24.728260869121893,35.15579704180788,79.23173,13910400.175094604,71.46042,0.00065979204,-0.0005285344,0.114016116,-1.1035169,-0.31569582,0.09239011,-0.08153736,-0.16100286,-0.31269014,-0.11700805,-0.035599787,0.122303836
24.40217392316393,35.07246365433351,77.73675,6134400.182819366,72.57304,-0.007150717,-0.0062712305,0.15736613,-0.4092832,0.51012886,0.34439957,-0.00874614,-0.21999489,-0.09858688,-0.13584773,0.024393048,0.13802038
24.171296292717127,35.10648163098043,78.049835,4319999.873828888,72.48429,0.005904763,0.0056642275,0.3558486,0.92880785,0.9976162,-0.3915574,0.08390184,0.2972678,0.011023108,0.09907435,0.18926217,0.2136256
24.586956589458925,35.03623181903528,81.050644,16243199.788856506,71.59474,-7.122385e-05,0.00011528223,-0.08889685,-1.8359784,0.2547421,0.2825308,-0.010748893,-0.1945069,-0.15140894,-0.14169042,0.015743509,0.14256239
24.409420185925658,35.126811301460926,78.58091,13391999.773406982,72.65195,-0.0006847164,-0.0026202016,0.059377436,-0.5548719,-0.062479664,0.044534676,0.18965414,-0.22073665,0.15913159,-0.16112077,-0.043413997,0.16686724
24.17028990870767,35.119565206509655,75.23819,2937599.9909877777,72.273735,0.064676985,-0.05921186,0.18987685,0.6616391,0.9243007,-0.20214501,0.04771134,0.12515955,-0.18599948,0.12392382,0.1443812,0.19027098
24.57608686867857,35.22463755910878,78.28966,6566399.786281586,71.497734,-0.00147399,-0.0007631918,0.0013328604,-1.1226404,-1.0317202,0.103817806,0.29405668,-0.10947984,-0.17642686,-0.12342601,-0.07584189,0.14486536
24.728260869121893,35.15579704180788,79.23173,5875199.981975555,71.86434,0.00052857766,-0.00049639476,0.35745648,0.600458,-0.105409816,0.12800561,0.050112538,0.27725786,0.113176174,0.23774454,-0.09224415,0.25501263
24.55072462237475,35.07608730649443,88.70044,7171199.889278412,72.29302,-2.4672588e-07,-1.934368e-07,-0.10523734,-0.03095302,0.6325297,0.22967449,0.15584722,0.077506825,-0.104321815,0.017760053,0.16351646,0.16447812
24.171296292717127,35.10648163098043,78.049835,6134400.182819366,72.48753,0.0059010843,0.0004768644,0.20046726,1.2609376,1.0350534,-0.22907722,-0.13269982,0.30007207,0.25199315,0.10923699,0.14879811,0.18459035
24.514492864338745,35.152173737341,77.98083,14774400.478935242,72.21059,-0.00322731,-0.0046921773,0.21429077,-0.9609549,-0.14795208,0.12168829,-0.010852151,-0.52573705,-0.25342962,-0.17195702,-0.045474783,0.17786841
24.655797039477626,35.09782643790763,82.953125,11231999.562263489,72.136986,2.2599446e-05,4.0275572e-05,0.04687561,-0.58212864,-0.19409837,0.097225025,0.15912735,-0.1101434,0.20039654,-0.11512604,-0.046815917,0.12428087
24.286231733018653,35.16304365074164,82.86601,9590399.752807617,72.797035,-9.392794e-05,4.7294807e-06,0.011193655,-0.18656775,0.3777429,0.17554915,-0.2395963,-0.17313859,0.081098385,-0.08517185,0.13224421,0.15729836
24.32608705359737,35.05434782738719,80.59564,5011200.226593018,72.176186,0.00040903495,0.00038874298,0.06277433,-0.91138935,0.2034719,-0.32847103,-0.28339013,-0.22829713,0.0073059388,-0.15204461,-0.00018405169,0.15204471
24.369565205050215,35.10507235145331,81.59638,8553600.046348572,72.23734,0.00018084573,7.525121e-05,-0.11268964,-1.3896172,0.000439696,0.104520835,-0.47552434,-0.4444349,-0.013577506,-0.16669229,0.0039557368,0.16673921
24.586956589458925,35.03623181903528,81.050644,1209599.9317646027,71.95103,-0.0001860223,-0.00016097439,-0.1134659,-0.04965742,-0.5546116,0.16356352,0.3374839,-0.115999795,-0.03002267,0.0029630363,-0.14087492,0.14090608
24.655797039477626,35.09782643790763,82.953125,10195199.855804443,72.1212,2.9391655e-05,3.4980156e-05,0.13862883,-0.3338712,-0.17986493,-0.053185157,0.002438303,-0.027258277,0.2899863,-0.06874422,-0.058553174,0.09030084
24.55072462237475,35.07608730649443,88.70044,6825599.987125397,72.20701,-2.3783302e-07,-1.6777248e-07,-0.10626779,-0.12759331,0.57271755,0.2710053,0.16696426,0.038999118,-0.021189615,-0.0017212778,0.1447247,0.14473493
24.17028990870767,35.119565206509655,75.23819,14169600.375938416,72.55798,-0.08171453,0.07875761,0.1509594,0.15359074,0.64501184,-0.41008195,-0.42131105,0.17909108,0.1126205,0.042437144,0.26942497,0.27274662
24.52536253285706,35.05797113185407,79.99595,7430400.090122223,71.786766,0.00023486256,-6.971584e-05,0.42574197,-0.5314373,0.22010626,0.3071523,-0.26886395,-0.32187188,0.18260255,-0.07762599,-0.0032825395,0.07769536
24.46739112421217,35.10507235145331,77.031204,5356800.128746033,72.35542,0.012335513,0.000484711,0.124076836,-1.3271995,-0.07648717,0.45994,-0.2687471,-0.3247721,0.053050965,-0.21356428,-0.04128361,0.2175179
24.525362323808892,35.01449270273921,80.76379,14774400.478935242,71.79015,-3.6650516e-05,-0.0002452105,-0.05427491,-1.5120766,0.392899,0.22786424,0.06507918,-0.19852024,-0.20269704,-0.13151257,0.03988047,0.13742638
24.471014503837736,35.137681214861566,84.09494,6998399.938201904,72.01252,-3.301864e-06,-1.3482428e-05,0.2819461,-0.7573856,0.3588614,0.022358201,-0.28126448,-0.3773271,0.37864438,-0.083918676,0.061135795,0.10382644
24.641304357168043,34.938405387540406,81.3883,13651199.974250793,71.32163,2.0384418e-06,1.3794816e-05,0.17233384,-0.45515636,0.78648823,0.21767092,-0.19100735,0.061963856,-0.019023005,-0.053587705,0.058834936,0.07958136
24.235507135886934,35.09782643790763,86.62735,12441599.768257141,72.11249,1.5676663e-06,1.2719896e-06,0.17640889,0.22907934,-0.23980875,0.019922722,0.6417374,0.17612089,0.3594476,0.12250996,-0.09106369,0.15264758
24.62318819070881,35.09782625650204,81.14894,5702400.030899048,71.894745,7.774087e-05,-0.00015861995,0.3000808,0.4243749,-0.008868437,0.31113914,-0.23165774,-0.13271603,0.5289377,0.15180431,-0.013955891,0.15244447
24.677536062942007,35.07971042955572,84.775665,12614400.267791748,72.38819,9.1344546e-08,7.876853e-06,-0.07802879,-0.44199035,0.3455145,-0.03548064,0.044495024,-0.1271779,-0.2119976,-0.19826564,0.0933156,0.21912797
24.373188349496587,35.09782609021359,73.044136,1814400.0347614288,72.96633,-0.8686209,-0.84667176,0.23054695,-0.100357994,0.59068507,0.10680765,0.43306464,-0.10184523,0.12535203,-0.034670845,0.11587896,0.12095454
24.51086948471318,35.141304337922854,75.965324,3974399.971675873,72.20998,0.031460986,0.030966712,0.12680992,-1.0195827,-0.21710552,0.37264696,0.066350386,-0.3857922,0.07176758,-0.09102485,-0.0044950247,0.09113578
24.282608510179216,35.10869565592019,73.044136,7430400.090122223,72.86705,-0.38085195,-0.78067064,-0.032849923,1.4678099,1.0306168,0.040557656,-0.019688182,0.19851638,0.2222678,0.19399384,0.12682019,0.23176922
24.75362311542571,35.148550251468535,82.31272,10886399.660110474,71.63025,3.1774583e-05,5.0510458e-05,0.08781518,-0.21742812,-0.4972514,0.224258,-0.10512755,-0.13942116,0.02898516,-0.025495324,-0.15660633,0.15866807
24.369565205050215,35.10507235145331,81.59638,18403200.0,72.45813,-0.00022123837,-1.636879e-05,-0.2935107,-0.74000335,0.50151163,0.5760443,-0.2050452,0.2960166,-0.051831,-0.20257905,0.193071,0.2798476
24.521739153231497,35.18115965909355,80.50853,1036799.9806880951,72.09877,-0.0002634576,0.0002733646,-0.077128455,-0.39439347,0.59404963,-0.046019606,-0.31457874,-0.21697748,0.11634814,-0.12192084,0.19394891,0.22908704
24.340579735906957,35.22101461745307,78.71513,11059200.15964508,72.80599,-0.001065637,0.0020076856,-0.09694702,-1.3082213,-0.56798327,0.31882906,-0.24104807,-0.4667901,-0.40211505,-0.14212586,-0.0843491,0.16527109
24.242753659958876,34.931159481553294,83.59315,15292799.783706665,72.56632,2.9020115e-05,2.735709e-05,-0.34970385,-0.78173554,0.10706286,0.384435,-0.1315504,-0.040222526,0.25841615,-0.11146722,-0.010508737,0.111961484
24.275362351941567,35.02173896397893,79.32639,7689599.742507935,72.43194,-0.001630929,-0.0017410904,0.034451786,0.18851161,0.37007138,0.12716575,0.49062893,-0.19724196,-0.2653474,0.07657429,0.092950836,0.120430395
24.75362311542571,35.148550251468535,82.31272,8726399.99742508,71.99562,5.0244675e-05,3.563243e-05,0.052849136,0.99893093,-0.32511637,0.0594419,-0.052008674,0.010482069,0.07798922,0.20225734,-0.09518034,0.22353372
24.068840433535758,35.17753635462667,82.62194,12700799.969100952,72.419754,7.088345e-05,7.1477974e-05,-0.25220358,0.7090616,0.27647832,0.1010121,-0.009503253,-0.011042455,-0.01668943,0.13185957,0.060278356,0.14498423
24.152173912100075,34.942029039701325,85.189964,7948799.943351746,72.84778,-2.9751648e-06,-9.930149e-06,-0.31690526,-1.5697124,-0.22535922,0.4580012,-0.3052749,-0.50501907,0.08028665,-0.19818419,-0.03190936,0.2007366
24.822463669968496,35.11956556932083,79.471794,15551999.984550476,70.73787,0.000105152794,0.0002837706,0.053579,-0.89587843,0.24135862,0.2814956,-0.11917656,-0.20883673,-0.120003246,-0.20861383,0.05929171,0.21687609
24.782608584568965,35.06521774078783,85.492004,11491199.7631073,72.02019,3.049308e-06,-3.784437e-06,-0.0025790893,-0.38296384,0.30205363,-0.08870124,-0.06700211,-0.104201965,-0.054468833,-0.25959274,0.14684096,0.29824597
24.40217392316393,35.07246365433351,77.73675,12095999.866104126,72.91392,-0.011698527,0.0021639753,0.012343325,-0.19078507,0.2758303,-0.038522616,0.28026655,-0.109509684,0.17259097,-0.046904333,0.0632979,0.07878223
24.40217392316393,35.07246365433351,77.73675,18143999.79915619,72.54987,0.0029510194,0.004157035,-0.026615292,-0.24486645,-0.08631103,-0.04350937,-0.1127299,0.029288251,0.13571063,-0.045823306,-0.024034794,0.05174405
24.336956356281394,35.12681217825459,78.56935,4060799.9472141266,72.46954,-0.00095740554,-0.0011310605,-0.019548208,-1.0057436,0.40321085,-0.2160002,-0.52762717,-0.016786497,0.05300828,-0.20046353,0.11051625,0.2289093
24.85869584610084,35.31159408476158,76.05999,6998399.938201904,71.82672,0.020161226,0.014439228,0.25175333,0.05887665,-0.3617956,0.32990456,0.71739936,-0.16283831,0.42296505,0.059776463,-0.10182546,0.11807477
24.278985653174068,35.159420527680346,80.15937,12873600.46863556,72.85772,0.00035543248,7.013851e-05,-0.0005541332,-0.6486994,0.18972552,0.3641529,-0.21072882,-0.12977768,0.299793,-0.22285242,0.12864994,0.25732082
24.32608705359737,35.05434782738719,80.59564,8639999.747657776,72.44103,-7.4084026e-05,-0.0005350057,-0.17644745,-0.65616167,0.24754615,0.202211,0.05527602,-0.3121501,-0.29708096,-0.19714299,0.04823809,0.20295879
24.731883987437246,34.999999998854186,80.17734,12095999.866104126,71.61598,0.00037625557,0.00018043084,-0.3127331,-0.44574213,0.4218121,-0.027333744,-0.32678518,0.07246913,0.1057039,-0.102824815,0.09902321,0.14275342
24.171296292717127,35.10648163098043,78.049835,15292799.783706665,73.00903,-0.00609256,0.006374788,0.36059374,-0.5014216,0.54911715,-0.130559,-0.31355,0.078866065,0.08205512,-0.12058595,0.13249074,0.17915012
24.60144921950647,34.9456523441682,85.40489,7775999.992275238,71.50362,-2.0442785e-06,5.2779836e-07,0.2391195,0.76242423,0.35863855,0.08097027,0.08981313,0.12957516,-0.07767987,0.11485645,0.06588632,0.13241228
24.068840433535758,35.050724689208764,75.1399,16416000.288391113,71.81182,-0.046524663,0.033816252,-0.21929395,0.77918315,0.26546392,-0.18304363,-0.076439,0.086690776,0.1460803,0.107807234,0.045151576,0.11688056
24.641304357168043,34.938405387540406,81.3883,16847999.891853333,71.088234,6.248601e-05,6.6822095e-06,0.08831214,-0.5803056,0.1033148,0.17312348,0.4806685,0.044277936,0.1151413,-0.08089599,0.029020984,0.08594404
24.659420157792983,35.13768139626715,82.9603,4924799.976825714,71.848434,-3.2672182e-05,3.153294e-05,-0.13847488,0.26822284,0.14480285,-0.0565333,-0.49285582,0.03787563,0.35883442,0.1291773,0.024241611,0.13143222
24.62318819070881,35.09782625650204,81.14894,7257600.139045715,71.78213,0.00016545286,-0.00017906338,0.31697327,0.12386228,-0.2059765,0.0742499,-0.1691665,-0.13443807,0.63482195,0.08881056,-0.122031674,0.15092729
24.782608584568965,35.06521774078783,85.492004,4838399.727058411,72.2759,9.599821e-07,1.1096499e-06,-0.13643786,1.0676644,0.5379142,-0.012930542,-0.0065629557,0.48967788,-0.023508955,0.078842945,0.0644575,0.10183801
24.24275355543479,35.275361916886446,83.709785,14083199.577713013,72.23158,1.5673785e-06,-2.5059608e-05,-0.5397733,0.96531534,0.26591954,0.052862953,-0.12791812,0.28851008,0.57235044,0.16618522,0.029138133,0.16872035
24.62318819070881,35.09782625650204,81.14894,3023999.9665260315,71.688705,-0.0001622556,-0.00016383111,0.073865235,0.24257335,-0.11978638,0.28079095,-0.10798258,-0.024283681,0.31980497,0.17150116,-0.039970875,0.17609747
24.40217392316393,35.07246365433351,77.73675,5875199.981975555,72.543755,-0.0037049488,0.0032389243,0.15966555,-0.3959455,0.5043193,0.32637113,-0.035382107,-0.19864847,-0.02782115,-0.13636982,0.022128386,0.13815352
24.15942034471344,35.02536261613985,84.04098,2764800.03991127,72.79123,2.403435e-05,3.0299023e-05,0.022305062,-0.3669602,0.04472438,-0.12882489,-0.27583468,-0.35511208,-0.1327739,-0.14383206,0.012430526,0.1443682
24.731883987437246,34.999999998854186,80.17734,11491199.7631073,71.76717,0.00040338395,0.00042767482,-0.3070819,-0.26254973,0.37179923,-0.13033575,-0.28402874,0.11719392,0.12964147,-0.056007728,0.09140211,0.10719707
24.659420157792983,35.13768139626715,82.9603,3887999.996137619,71.92762,-2.1262784e-05,-2.8811286e-05,-0.20809361,0.053521097,0.20081386,-0.05190193,-0.4688169,0.10154183,0.25036818,0.08975051,0.10397478,0.13735323
24.268116089179838,35.07971042955572,81.07262,17020800.39138794,72.52991,-0.000101072226,0.00032890413,-0.055443622,-0.51332515,0.57356715,0.47969857,-0.29827622,0.12946916,-0.17011917,-0.0675417,0.108726546,0.12799743
24.141304256647267,35.05072417522627,80.839714,1209599.9317646027,72.5668,0.00038716802,0.00038708578,0.37100726,0.38437355,0.70330983,-0.23839426,0.09776501,-0.21850803,0.18988496,0.09223619,0.18829915,0.20967615
24.278985574781007,35.18478260074926,85.36457,16156800.087547302,71.88032,4.0179893e-06,3.4499847e-06,-0.4198732,0.4523258,-0.41269752,-0.08352166,0.114308596,0.3994843,0.33754957,0.11619404,-0.086221285,0.14468989
24.60144921950647,34.9456523441682,85.40489,13824000.4737854,71.97934,-2.4902488e-07,-3.4029122e-06,-0.21059728,-0.2787771,0.15290123,-0.3213482,-0.016306885,0.021700062,0.3357963,-0.15443704,0.1019307,0.18504234
24.06159400092239,35.235507653915,77.223785,4752000.025749207,72.81617,0.017247984,0.011778688,0.3209674,1.9491605,1.2713866,-0.015917309,-0.19749886,0.16021459,-0.48516586,0.13955285,0.10269885,0.17326872
24.52536253285706,35.05797113185407,79.99595,5270399.878978729,71.71201,-0.00043523576,0.0002576573,0.38328177,-0.6641216,0.100513294,0.26307374,-0.7191241,-0.40393153,0.13869336,-0.11971372,0.016708173,0.12087406
24.373188532413735,34.85507217391305,83.68782,13651199.974250793,72.52024,-2.9635157e-06,-3.325708e-05,-0.30150002,-0.7069323,-0.06858654,0.2625596,0.13151647,0.03528767,0.5991788,-0.16217071,-0.013370728,0.16272098
24.32608705359737,35.05434782738719,80.59564,11145599.860954285,72.608734,0.00061272515,0.0006103616,-0.13118774,-0.47046468,0.2933261,0.40734458,0.34789455,-0.1528092,0.090489104,-0.11341691,0.072380066,0.13454467
24.3913043591697,35.05434799367564,86.750465,5184000.177669525,71.80142,6.781054e-07,-2.0062885e-08,-0.019575432,-1.9664167,-0.58990324,-0.14313331,-0.47755703,-0.45388976,-0.10260896,-0.084694706,-0.05438903,0.100654654
24.49275373635028,35.04710138474188,79.64641,16329599.49016571,71.860085,-0.00030152145,0.0003746604,0.042449392,-1.5504972,0.19391821,0.12442746,-0.11060584,-0.40834928,-0.28381205,-0.13135439,0.052338064,0.14139749
24.57246390714934,35.13405809180027,82.83649,11577599.464416504,72.20465,-3.765693e-05,-5.4881755e-05,0.14925458,-1.1290462,-0.49131703,0.21304491,0.2584395,-0.27938986,0.30223933,-0.092537135,-0.09701726,0.13407263
24.655797039477626,35.09782643790763,82.953125,864000.0296115875,71.70621,-1.8876686e-05,-3.1810378e-05,-0.15806675,0.17431936,0.023240179,0.11529234,0.37106237,-0.009099005,-0.12028285,0.11027526,0.029507682,0.114154875
24.3913043591697,35.05434799367564,86.750465,9849599.953651428,72.257866,-1.2807483e-06,4.5192996e-07,-0.18776166,-0.28095627,0.33366275,-0.36050025,-0.1354438,0.06426921,-0.101859815,-0.05876656,0.0891617,0.10678631
24.271739312019278,35.0833337340226,74.97577,10022400.453186035,73.12318,0.109292574,0.09492343,-0.2602435,0.83424056,1.0615641,-0.18897057,-0.04976351,-0.15147063,-0.2210842,0.15242177,0.16438222,0.22417384
24.49275373635028,35.04710138474188,79.64641,345600.00498890877,72.28314,0.0006222406,-0.0011356551,-0.3201209,0.040654987,-0.41827893,-0.15492675,0.4134559,-0.1012127,0.12701376,0.041120872,-0.20649199,0.2105466
24.619565229179578,35.18478278215484,82.255135,16847999.891853333,71.62254,-3.310622e-05,1.7104645e-05,0.09862608,-1.6064581,0.38287014,0.43463218,-0.27107552,-0.33576027,-0.37739304,-0.24126714,0.07189466,0.2517512
24.655797039477626,35.09782643790763,82.953125,15983999.588012695,71.48849,-9.3232275e-06,8.219028e-06,-0.13337815,-1.7377237,0.3341004,0.25711697,0.011199076,-0.20622468,-0.18540505,-0.20705463,0.01535967,0.20762356
24.340579657513896,35.072464168316,77.031204,10627199.459266663,73.05559,0.025276957,0.014272973,-0.24081686,0.3073745,0.5966129,-0.16455787,0.15446828,-0.0938833,-0.18859306,0.04429526,0.107148275,0.115943186
24.43478277193275,35.06521686399416,78.38795,11059200.15964508,72.73114,-0.0050938227,0.0039819414,0.08893134,-0.29332352,0.2610754,0.30581617,0.5565377,-0.06297859,0.28138617,-0.09983958,0.060281128,0.116626576
24.32608705359737,35.05434782738719,80.59564,10022400.453186035,72.55174,0.0005602749,-0.00046306517,-0.17540112,-0.44685975,0.27522084,0.32743588,0.2612647,-0.20448549,-0.050426938,-0.14983189,0.07429731,0.1672414
24.264492787947336,35.06521739309379,75.914215,7516799.791431427,72.64992,-0.029642958,-0.04795146,-0.039840445,1.9589998,1.2520845,0.0066428483,0.05054808,0.20577714,-0.07639582,0.09962067,0.03823504,0.10670612
24.521739153231497,35.18115965909355,80.50853,4838399.727058411,71.88315,0.00030200355,-6.299169e-05,-0.22245905,-0.8271382,-0.017686512,0.16299596,-0.36310214,-0.1150846,0.20613238,-0.1391893,0.0039695613,0.1392459
24.340579657513896,35.072464168316,77.031204,5702400.030899048,72.73599,0.016186923,0.008719136,0.13970938,0.5447409,0.83601993,0.08331044,0.08875677,0.0849633,0.009509033,0.07976568,0.12644139,0.14949912
24.57608686867857,35.22463755910878,78.28966,12960000.169944763,71.78004,0.0024138775,-3.7877053e-05,0.5034235,-0.8451096,-0.30025613,0.20731121,0.16334529,-0.2828837,-0.12016272,-0.17592582,-0.06696432,0.18823951
24.822463669968496,35.11956556932083,79.471794,864000.0296115875,72.06617,-0.0007279261,-0.0010697745,-0.15445513,0.830631,0.07113805,0.44009572,0.494759,0.30553028,0.09722369,0.24832676,0.044766784,0.25232965
24.514492864338745,35.152173737341,77.98083,7343999.840354919,72.057236,-0.004070479,-0.0030029144,-0.0735268,-1.565857,-0.8313465,0.17458251,-0.14504862,-0.27652332,-0.294756,-0.21500458,-0.1252705,0.24883662
24.17028990870767,35.119565206509655,75.23819,12527999.469566345,72.91154,-0.09287892,-0.10987734,-0.091918685,0.3042019,0.8990807,-0.38974765,-0.46173897,0.0063487776,0.17052478,0.08075972,0.24482334,0.25779954
24.800724541980035,35.0326085145684,80.91604,17279999.49531555,70.46808,-1.5348574e-05,-5.425011e-05,0.029769469,-0.7299477,-0.28569695,-0.009802975,0.51663256,-0.124806,-0.3557289,-0.14072296,-0.08314538,0.16345063
24.358695745580064,35.14492749121842,79.46463,3715200.0450611115,72.341324,-0.00140528,0.0011389913,-0.07244151,-1.1517392,0.31177256,-0.09032156,-0.51644486,-0.082917765,0.071421005,-0.16369158,0.07762987,0.18116659
24.5036234048686,34.94565269942081,84.86278,1728000.059223175,71.1963,2.7044507e-06,-2.3185003e-06,0.0025244392,-0.5787234,-0.22980227,0.1817914,-0.12143793,-0.23092894,-0.36277205,-0.11940005,-0.054872617,0.13140538
24.409420342711783,35.02898555779556,73.23672,15551999.984550476,73.35769,0.8944999,0.87786853,0.3321551,1.5074087,-0.35082355,-0.19802627,0.24444419,-0.46772122,0.25730944,0.28145695,-0.030758828,0.2831327
24.579710091518006,35.06884069756067,84.24473,6998399.938201904,71.507324,-3.7618588e-06,6.8378824e-08,0.33791238,0.3142979,0.50859255,-0.26895553,-0.32386616,0.12528692,0.6025065,0.14605525,0.14037468,0.20257637
24.409420342711783,35.02898555779556,73.23672,17971200.39653778,73.19549,0.9191906,0.9604274,0.3203684,1.1332093,-0.5132456,-0.17062107,0.30999961,-0.30079716,0.3828172,0.12776385,-0.06629747,0.1439408
24.52536253285706,35.05797113185407,79.99595,15033599.582862854,71.852,-6.3390915e-05,0.00014501806,-0.006903056,-1.4544522,0.14458075,0.12591907,0.09839834,-0.34642953,-0.25953507,-0.16307285,0.017811,0.16404264
24.271739312019278,35.0833337340226,74.97577,3456000.11844635,72.29794,-0.07646034,-0.06698408,0.21415868,0.95403624,0.89870906,0.028120536,0.020041727,0.057751805,0.08612054,0.147718,0.15621255,0.21499528
24.43478277193275,35.06521686399416,78.38795,9071999.899578094,72.59994,0.0047912695,-0.002730865,0.11305925,-0.18995492,0.33878845,0.45396185,0.48877063,-0.12568499,0.09879882,-0.058877066,0.08370177,0.10233521
24.60144921950647,34.9456523441682,85.40489,17366400.293540955,71.76599,-1.4108278e-06,1.0296928e-07,-0.051256657,-0.3475463,0.21225397,-0.11990682,0.23595878,0.17901976,0.47355896,-0.14536041,0.12577765,0.19222295
24.40217392316393,35.07246365433351,77.73675,3110399.9420642853,72.26883,-0.0021696168,0.0028118975,0.07241397,-0.48147365,0.051878497,0.07099926,-0.2659525,-0.06491104,0.336494,-0.18705173,0.050001517,0.19361946
24.373188532413735,34.85507217391305,83.68782,4838399.727058411,71.99708,1.171355e-05,-6.194564e-06,0.30729952,-0.9785625,-0.017645512,0.28645736,-0.06857887,-0.023291271,-0.4896616,-0.15551636,0.030698732,0.15851735
24.278985574781007,35.18478260074926,85.36457,8985600.19826889,72.761215,8.947886e-06,-1.0680016e-06,0.21209818,0.9095547,0.7095093,0.09472673,0.065430984,0.19556479,0.13660017,0.14375696,0.1425523,0.20245302
24.782608584568965,35.06521774078783,85.492004,15120000.381088257,71.78865,-2.2807874e-06,-3.3134022e-06,-0.15962625,-1.2634867,0.46103594,0.09832109,-0.07540388,-0.32725248,0.20262209,-0.20278914,0.059141107,0.21123709
24.626811465810288,35.05797113185407,83.9315,3283199.893140793,71.70132,-3.724659e-06,1.2764434e-05,0.22226578,0.49957964,0.325928,0.08641998,-0.07788592,0.05741187,0.15720323,0.1916398,0.07628463,0.20626476
24.43478277193275,35.06521686399416,78.38795,16243199.788856506,72.21572,-0.0012631131,-0.0026630287,0.110176444,-0.7082523,0.15505141,0.06746812,-0.10949347,-0.3422789,-0.20560473,-0.07497519,0.04664035,0.088298365
24.278985574781007,35.18478260074926,85.36457,9158400.149345398,72.760414,9.048885e-06,-2.795941e-06,0.21009806,0.90155435,0.6969342,0.085874595,0.068606466,0.20529145,0.13424577,0.16212627,0.14991263,0.22081378
24.55072462237475,35.07608730649443,88.70044,10368000.35533905,72.68716,-1.6938117e-07,-1.3653626e-07,-0.15183157,0.73131526,0.78654253,0.022633262,-0.16111729,0.25287545,-0.3957589,0.082449436,0.07717035,0.11292995
24.503623143558386,34.916666955294566,80.479385,15897599.886703491,71.48634,-0.000160707,-0.000104046485,0.017734125,-0.75031507,0.6764694,0.3079349,0.1382333,-0.13162853,0.060287848,-0.14003943,0.11190864,0.17926122
24.880434869565217,35.11594208344836,73.60822,12527999.469566345,73.638916,0.3093437,0.34302586,-0.28974682,-0.14329621,0.39515632,0.102924064,0.15884373,-0.08844051,0.26257145,-0.041072033,0.1777506,0.18243407
24.358695745580064,35.14492749121842,79.46463,5529600.07982254,72.24133,0.0011267815,-0.0012771812,-0.15387711,-1.3631977,0.06583042,-0.09490415,-0.5892116,-0.15789896,-0.04152251,-0.20337635,0.08367306,0.21991616
24.365941903817713,35.11594190204278,77.940506,18403200.0,72.60086,0.004333076,-0.007206728,-0.09932553,-0.1855044,0.124173835,0.123233736,-0.042792253,0.21881437,0.06013663,-0.03742764,0.09701735,0.10398651
24.423912946628306,35.13405791039468,84.735344,518399.99034404755,71.993195,1.1129312e-06,-7.393341e-06,-0.015614338,-1.0518345,0.58782256,-0.094829775,-0.5401156,-0.11944666,0.28274423,-0.10443967,0.06571345,0.12339328
24.43478251062254,35.050724689208764,81.254395,3110399.9420642853,71.84398,-0.00014124697,-0.0001157015,0.11115819,-0.5587815,0.40791976,-0.18306565,-0.6323989,-0.25876886,0.11555195,-0.15780264,0.119179465,0.1977509
24.409420185925658,35.126811301460926,78.58091,2764800.03991127,72.253204,-0.0029437619,0.0028778394,0.09907144,-0.9787762,0.2842613,0.09786288,-0.50269866,-0.19617367,0.32694325,-0.23880368,0.095331505,0.25712895
24.409420342711783,35.02898555779556,73.23672,12527999.469566345,73.03133,0.29052156,-0.21141793,0.01811647,1.1708475,0.079655364,-0.13284543,0.047312666,-0.49921107,-0.08437278,0.2835884,-0.02385189,0.2845897
24.525362323808892,35.01449270273921,80.76379,8294399.845504761,71.75292,-9.274155e-05,-0.00011628318,0.53613746,0.28355867,0.5192485,0.16380817,0.0013833717,0.014271446,-0.07330937,0.072804235,0.09125671,0.11674007
24.15942034471344,35.02536261613985,84.04098,4406400.123596191,72.91396,6.0157276e-06,-2.603479e-05,-0.013973154,-0.89552486,-0.16956563,-0.13227436,-0.14201367,-0.3873324,-0.17456064,-0.19791622,-0.04547494,0.20307338
24.85869584610084,35.31159408476158,76.05999,0.0,70.8846,-0.0037743587,-0.0030565718,0.067697205,0.9034736,1.3740361,0.31240043,-0.20288673,-0.5699496,0.54655457,0.105009966,0.111858234,0.15342541
24.33695651306752,35.26449269887389,75.24537,15206400.082397461,73.059395,-0.13356729,-0.11325295,0.17034668,-1.0435654,-0.21768777,0.31510118,-0.34384495,-0.37313017,-0.018439643,-0.13711774,-0.031682562,0.14073046
24.271739312019278,35.0833337340226,74.97577,5875199.981975555,72.40202,0.09094413,0.09046284,0.094475806,1.6449181,1.0913364,0.032224864,0.076245435,0.35474172,0.23971844,0.2019932,0.10210566,0.22633342
24.655797039477626,35.09782643790763,82.953125,6480000.084972382,71.850006,2.4075947e-05,-1.0781131e-05,0.2039128,0.8960891,0.106107965,-0.116154514,-0.18314505,0.08433534,0.64093244,0.20406608,-0.021902263,0.2052381
24.293478074173446,35.130434424522214,78.52256,432000.01480579376,73.16893,0.0032721816,-0.00059760053,0.17807996,-1.1817313,0.5955401,-0.122538514,-0.048589975,0.12220983,0.044134747,-0.19001643,0.10473126,0.21696746
24.409420342711783,35.02898555779556,73.23672,16416000.288391113,73.23288,0.930893,-0.81055427,0.37830353,1.4907663,-0.4164542,-0.1707012,0.3198987,-0.41334188,0.34038305,0.22918966,-0.057191968,0.23621774
24.442029139218562,35.043478080275,76.86345,2332799.8879909515,72.47288,0.011388408,0.016913014,-0.113535576,-0.11868168,-0.6253367,-0.1163198,-0.047410406,-0.023629267,0.17307854,-0.101374745,-0.21581388,0.23843755
24.134057993885538,35.130434787333385,80.741425,691200.0099778175,73.023674,0.00081184873,6.169511e-05,0.010621663,0.34741822,0.79057604,-0.25202376,-0.15706754,-0.02370597,0.22894028,0.081526175,0.18788445,0.20480987
24.33695651306752,35.26449269887389,75.24537,4492800.099134445,72.82111,0.10290135,-0.10727249,-0.28596115,-1.5119199,-1.0438813,-0.030790448,0.12609085,-0.18549468,-0.35262185,-0.21706517,-0.13177747,0.25393423
24.655797039477626,35.09782643790763,82.953125,7257600.139045715,71.91318,3.252116e-05,-6.600735e-06,0.2182096,0.7131047,-0.012527879,-0.21053585,-0.21410426,0.05681189,0.6026043,0.18796057,-0.062581986,0.19810523
24.60144921950647,34.9456523441682,85.40489,11145599.860954285,71.79995,3.4308614e-06,-3.6071358e-06,-0.08656678,0.15591285,0.34541774,-0.5819769,-0.2761729,0.45095673,-0.010968782,0.064512245,0.17748596,0.18884675
24.3985509616347,35.079710263267266,82.39983,13564800.27294159,72.54661,-0.00010742859,2.5693016e-05,-0.1314241,-0.57811284,0.08831304,0.21779096,0.269987,0.12356725,0.081010744,-0.1747183,0.03745982,0.1786889
24.35507260113369,35.04710138474188,76.478294,8639999.747657776,73.01335,-0.027737768,-0.0004967461,0.18408164,0.41387227,0.85657936,0.045936342,0.14000645,-0.057844672,-0.39570153,0.062879585,0.13125253,0.14553717
24.171296292717127,35.10648163098043,78.049835,14515200.27809143,73.14864,-0.010888705,-0.01096338,0.282919,-0.50338686,0.5521709,-0.18774891,-0.33488145,0.038035154,0.0841119,-0.13334177,0.122448,0.18103464
24.286231733018653,35.16304365074164,82.86601,14687999.680709839,72.726036,-5.3771633e-05,8.6313354e-05,-0.09133837,0.24486363,-0.05477358,0.0032225177,0.12604198,0.4611153,0.17966631,0.11740046,-0.018518776,0.118852064
24.800724541980035,35.0326085145684,80.91604,12873600.46863556,71.3089,-0.00011958491,0.00012212232,-0.38377416,-0.6419349,0.25655478,-0.042918377,-0.2618332,0.061193645,0.17324772,-0.14123328,0.06918844,0.15727009
24.572463802625258,35.028985391507106,77.31845,8985600.19826889,72.424706,-0.010708775,-0.009666263,0.20735219,-0.88305914,-0.19164316,0.17058456,0.15875575,-0.07484275,0.36498865,-0.16374098,-0.11077122,0.19769008
24.53985505838052,35.14492730981283,78.72631,15206400.082397461,71.98721,-0.0015051492,-0.0019756549,0.15698811,-1.2906482,-0.13509078,0.13248026,-0.007840034,-0.5327356,-0.3031894,-0.16068923,-0.007323399,0.16085604
24.619565229179578,35.18478278215484,82.255135,10281599.557113647,71.68243,-4.0186565e-05,-5.9178732e-05,0.33766043,-1.2648345,-0.6959828,0.35699433,0.11825415,-0.30132326,-0.06790901,-0.15763324,-0.19723864,0.25249022
24.3913043591697,35.05434799367564,86.750465,11664000.262641907,72.34056,-3.096795e-07,7.3993e-07,-0.07592153,0.19091338,0.34918317,-0.17105752,0.180428,0.14146054,0.17737466,0.09234512,0.16471794,0.18883756
24.40579722439643,35.07608730649443,81.130585,8380800.095272064,72.08016,-0.00023712382,1.3561552e-06,0.014184602,-0.89936125,0.2207635,0.2445631,-0.25145805,-0.36995482,-0.08680637,-0.21208686,0.043893665,0.21658136
24.275362351941567,35.02173896397893,79.32639,1036799.9806880951,72.6825,-0.0018796093,-0.0022030482,0.18065315,-0.22496797,-0.06299637,-0.22325683,0.035537288,-0.08984803,0.15090632,-0.10255869,-0.002267614,0.10258375
24.286231733018653,35.16304365074164,82.86601,11059200.15964508,72.75887,8.7051914e-05,7.49825e-05,0.04779623,0.13127331,0.30081844,0.10849224,-0.08979932,0.050967455,0.19984567,0.044173792,0.12120606,0.12900478
24.271739312019278,35.0833337340226,74.97577,12182399.56741333,73.00408,-0.07352158,0.0072450642,-0.10717907,0.2955843,0.77088976,-0.3111748,-0.030415341,-0.2077616,-0.115377165,0.08252455,0.12926582,0.15336217
24.271739312019278,35.0833337340226,74.97577,8639999.747657776,72.81645,-0.13685063,-0.1260331,-0.16744977,1.4197332,1.2373827,-0.0998174,-0.124863975,0.051603258,-0.18448049,0.17036292,0.13933438,0.22008543
24.286231733018653,35.16304365074164,82.86601,5788799.732208252,72.63493,-8.0744954e-05,2.7281862e-05,0.09237757,-0.12094851,0.35573068,-0.08496473,-0.20959234,-0.291002,0.1885784,-0.12905863,0.18429872,0.22499366
24.623188347494935,34.98550731008629,86.27349,11318400.360488892,72.1188,-9.3176067e-07,-2.6206928e-07,-0.070174165,0.100742295,0.43764773,-0.54480886,-0.13305476,0.34849286,-0.080025196,0.017280605,0.12447254,0.12566637
24.134057993885538,35.130434787333385,80.741425,5702400.030899048,72.700356,0.00060880807,0.0005741733,0.33323374,1.0030069,1.131344,-0.23888579,-0.041607216,0.27428743,0.2544185,0.03533404,0.05494029,0.06532174
24.655797039477626,35.09782643790763,82.953125,1814400.0347614288,71.76008,3.0226563e-05,-2.7853623e-05,-0.047858275,0.22926638,0.06430158,0.14703128,0.15810376,0.042967573,-0.02001518,0.116818376,0.034277752,0.12174357
24.782608845879178,35.07246365433351,80.82854,5702400.030899048,72.591324,0.00028363842,-0.00049536215,0.2079848,1.298692,-0.04979646,-0.053338893,0.014468584,0.20992915,0.41312072,0.2857215,-0.109600365,0.30602127
24.528985389862203,35.079710263267266,73.800804,14083199.577713013,73.47898,-0.7306549,-0.7418734,0.31324294,-0.2354671,-0.72419167,-0.3493233,0.090854034,-0.61511624,-0.32717445,-0.007374714,-0.264689,0.26479173
24.5036234048686,34.94565269942081,84.86278,18403200.0,71.895515,-1.0990886e-06,3.169862e-06,-0.012423631,-0.4230961,0.67313725,0.1149599,0.21110943,0.47897694,0.57354397,-0.040788144,0.11352662,0.12063153
24.40217392316393,35.07246365433351,77.73675,16761600.190544128,72.43166,-0.0025011664,-0.0032584635,0.13748524,-0.25442505,0.074223734,-0.009430885,-0.18770185,-0.13429096,-0.1295219,-0.032265306,0.010839567,0.034037422
24.579710091518006,35.06884069756067,84.24473,11491199.7631073,72.50173,4.6861965e-06,1.3200367e-05,0.0770392,-0.094934724,0.4315373,0.033230916,0.19041109,0.0088952,-0.04836484,-0.038056746,0.13509753,0.14035547
24.442029139218562,35.043478080275,76.86345,14774400.478935242,72.86974,-0.015914911,-0.0034195508,0.29693696,0.21282965,0.17538626,0.098646104,0.10944766,-0.33802375,0.026719756,0.090688184,0.036280133,0.09767597
24.49275373635028,34.95652190987481,78.13308,12182399.56741333,72.34088,0.0047841617,-0.0042690556,0.60010445,-0.8483974,0.32808232,0.21262297,0.3322265,0.04577732,-0.2684059,-0.24461094,0.10490805,0.26615825
24.282608510179216,35.10869565592019,73.044136,17625600.494384766,72.73751,-0.5812197,-0.5131887,0.08477245,0.9477341,-0.7324399,-0.2005218,0.36091948,0.03847494,0.28607494,0.14739361,-0.101782545,0.17912164
24.619565229179578,35.18478278215484,82.255135,10886399.660110474,71.72774,4.912356e-05,-1.7640146e-05,0.35180286,-1.4331093,-0.76249796,0.32248023,0.14100525,-0.33115247,-0.06749896,-0.17061374,-0.1510661,0.22788157
24.365941903817713,35.11594190204278,77.940506,5788799.732208252,72.61426,-0.0033725977,0.0044070124,-0.18909118,-0.84703994,0.28764057,0.06433024,-0.26898772,-0.14378068,-0.16783172,-0.15404074,0.031822544,0.15729342
24.336956356281394,35.12681217825459,78.56935,2505600.113296509,72.628746,0.003923601,-0.00018564363,0.09693266,-1.0117452,0.4702109,-0.15749133,-0.40478182,-0.013820032,0.17928374,-0.21456334,0.10197433,0.23756303
24.003623304347823,35.192029209683014,80.788605,17193599.794006348,73.06945,0.00025657236,0.0005390135,0.076042965,-0.17976823,0.41884643,-0.15310562,-0.5249892,-0.029517706,-0.06651961,-0.05648393,0.11165206,0.1251264
24.782608845879178,35.07246365433351,80.82854,16416000.288391113,70.60373,-5.4710414e-05,-4.1365005e-05,0.024905207,-1.3569376,0.12309882,0.11532628,0.12459245,-0.2586227,-0.18003958,-0.20273688,0.019593507,0.2036815
24.579710091518006,35.06884069756067,84.24473,14515200.27809143,72.345314,1.6797547e-05,4.4925523e-07,-0.25675488,-0.5153124,0.29623452,0.15389913,0.3121171,0.102984786,0.0874864,-0.17691886,0.08218282,0.19507511
24.40217392316393,35.07246365433351,77.73675,1555199.9710321426,72.33744,-0.002344341,-0.0053881407,0.0679679,-0.50028384,-0.22581972,-0.031863593,-0.13186136,-0.029335773,0.27239695,-0.1770889,-0.026711695,0.17909214
24.278985574781007,35.18478260074926,85.36457,12787199.670410156,72.19697,-9.821875e-07,-5.2032397e-06,-0.017892465,0.7933171,0.11368703,-0.002873011,0.2788683,0.34145087,0.34177595,0.25696188,0.04537256,0.26093692
24.2137679164399,35.101449394680465,78.1842,4838399.727058411,72.547035,0.0043097613,0.005263923,0.23649082,0.48255792,0.90116256,-0.36345983,-0.09621262,0.25319293,0.009352891,0.049458,0.20924516,0.21501076
24.282608510179216,35.10869565592019,73.044136,3974399.971675873,72.99842,-0.9572386,0.954765,0.106020406,0.56890476,0.7442663,-0.019721217,0.19072047,0.21926716,0.16569954,0.08730287,0.16842286,0.18970516
24.731884091961334,34.88405773852335,82.62194,3283199.893140793,72.26176,5.603443e-05,-3.2720263e-06,-0.066763446,0.43669245,0.18714969,-0.043345563,-0.024553917,0.11801961,-0.29968348,0.113434434,0.06529366,0.13088404
24.572463802625258,35.028985391507106,77.31845,345600.00498890877,72.552956,-0.011913974,0.001524912,-0.039174065,0.15284353,-0.68541116,-0.20843476,0.5561324,-0.23195483,-0.033463135,0.0038831234,-0.18940121,0.18944101
24.72463775080654,35.097825908808005,83.506035,4924799.976825714,72.121185,-1.4858644e-05,1.3874673e-05,-0.054053433,1.1429728,0.2098743,-0.15014938,-0.11359096,0.2653726,0.3131303,0.13781393,-0.02546005,0.14014596
24.518115930392057,35.170290078269815,76.7112,11491199.7631073,72.63701,-0.0027524284,0.021157775,0.11309453,-1.0033962,-0.5533057,0.08846271,0.15562633,-0.33636355,-0.43484178,-0.13390033,-0.10890564,0.17259704
24.60144921950647,34.9456523441682,85.40489,1641599.9465703964,71.17814,-1.4361884e-06,-1.8056812e-06,0.10294323,0.28372282,-0.10437693,0.34572244,0.08405467,-0.12506473,-0.3728223,0.12395424,-0.035081267,0.12882294
24.351449221508126,35.36231895652174,77.53338,7862400.2420425415,72.64406,0.003187212,-0.010402633,0.15761462,-1.3629919,-1.3372313,0.06480614,0.19534868,-0.20491767,-0.26664603,-0.10858336,-0.08077425,0.13533227
24.068840433535758,35.17753635462667,82.62194,9417600.350189209,72.42679,3.2003718e-05,8.3080435e-05,-0.008218553,1.5064458,0.853323,0.1253836,0.1082619,0.020856984,0.12189068,0.17399038,0.10681495,0.20416191
24.33695651306752,35.26449269887389,75.24537,4233599.898290634,72.86611,0.10053118,-0.107437536,-0.30071425,-1.4185191,-0.9773656,-0.037528753,0.14807922,-0.17141137,-0.3148511,-0.22308072,-0.13003726,0.25821444
24.358695745580064,35.14492749121842,79.46463,9676799.454116821,72.77732,-0.002097673,-0.001617863,-0.28145865,-0.92326,-0.20936517,0.17310962,-0.2469339,-0.31818458,-0.08117186,-0.20762086,-0.032738313,0.21018615
24.340579657513896,35.072464168316,77.031204,5875199.981975555,72.75756,0.018087924,0.016670002,0.13319604,0.5420761,0.8441178,0.0929113,0.10028081,0.074855454,-0.030438028,0.087713204,0.12746237,0.1547264
24.16304339770124,35.14130418675153,77.183464,1900800.0102996826,72.922516,0.006019088,0.018676475,0.2071737,0.4826559,0.981347,-0.49719292,0.3191646,0.31110886,-0.24660692,0.11764753,0.20196581,0.23373303
24.40579722439643,35.07608730649443,81.130585,13478399.474716187,72.42227,-5.952803e-06,-3.2109823e-05,-0.063611485,-0.6679169,0.23199661,0.39118096,0.3386656,-0.13308752,0.04595347,-0.13727756,0.030741155,0.14067745
24.409420342711783,35.02898555779556,73.23672,17798399.897003174,73.18265,0.8991285,0.9408136,0.33618733,1.1935034,-0.50239843,-0.1685664,0.3212187,-0.3129686,0.38618422,0.13623884,-0.07329111,0.15470168
24.442029139218562,35.043478080275,76.86345,9504000.051498413,73.05294,0.017047076,0.021851495,0.2388989,-0.37790275,0.32867193,0.20337278,0.36809492,-0.059475094,0.18100229,-0.02838359,0.012853771,0.031158427
24.822463669968496,35.11956556932083,79.471794,3542400.093984604,72.56989,0.0016363455,0.0016697047,0.15519017,0.4317746,-0.12995131,0.27656376,0.24807382,0.47066644,0.20460117,0.23106855,-0.054488726,0.2374062
24.43478277193275,35.06521686399416,78.38795,11836799.665260315,72.686264,0.00036096975,0.0047297482,0.10125241,-0.3528899,0.24910223,0.22708496,0.4870529,-0.107966006,0.2790278,-0.11666968,0.05973579,0.13107318
24.608695560661264,35.210145036629335,80.071884,1641599.9465703964,72.03636,-0.00024942931,-0.00059439417,-0.12520462,-0.27242243,0.33987266,-0.10722143,-0.20318553,-0.25340992,0.32874468,-0.11743609,0.19394904,0.22673213
24.423912946628306,35.16304383214723,83.815254,3801600.0205993652,72.360054,-1.6974709e-05,-2.3916658e-05,0.064567216,-0.31865254,0.55335736,-0.030008473,-0.013030186,-0.05492928,0.58929336,-0.20058674,0.21159162,0.29155797
24.275362351941567,35.02173896397893,79.32639,4752000.025749207,72.32685,0.0014435657,-0.00035977078,0.27728522,0.012249798,0.21448852,-0.28894272,0.19585806,-0.03560925,-0.06488042,-0.027366579,0.06600909,0.071457185
24.85869584610084,35.31159408476158,76.05999,13564800.27294159,73.13425,-0.06688488,-0.031130895,-0.11558703,-0.29179502,-0.14004739,0.094674185,0.37062663,0.08354596,0.024705684,-0.16075888,-0.07405456,0.17699575
24.068840433535758,35.17753635462667,82.62194,2592000.0888347626,72.433395,-4.9892846e-05,2.705147e-05,0.3353618,0.5790354,1.0254155,0.101689704,-0.12704447,-0.15576641,0.26258373,0.09770934,0.12196122,0.15627429
24.47463793572534,35.15579704180788,74.131996,13651199.974250793,73.03907,-0.35922801,0.36541858,0.18433276,-0.6986377,-0.29078424,0.065956414,-0.034496643,-0.72611034,-0.51319665,-0.08177082,-0.05818158,0.10035718
24.481884276880134,35.21376834109622,79.042,7171199.889278412,71.849174,0.0009253347,-0.0011252344,-0.16427562,-1.7836632,-1.1820666,0.030283242,-0.08965508,-0.24294718,-0.29462615,-0.260786,-0.09669107,0.27813396
24.15942034471344,35.02536261613985,84.04098,10195199.855804443,72.82205,2.1340562e-05,-1.7562759e-06,-0.30792576,-1.065286,-0.406653,0.12052019,0.044628978,-0.45213318,0.050182745,-0.21733308,-0.08025175,0.23167652
24.503623143558386,34.916666955294566,80.479385,17625600.494384766,71.42671,0.00022876367,-4.7566587e-05,-0.1599336,-0.4990619,0.57468814,0.22075933,0.1610612,-0.12864748,0.40184596,-0.11484559,0.15479955,0.1927496
24.340579735906957,35.22101461745307,78.71513,15379199.48501587,72.55666,0.0003343859,-0.000442487,0.08684961,-0.9394219,0.004046686,0.6133219,-0.11759225,-0.17681012,0.28862867,-0.23799215,-0.0061146747,0.2380707
24.275362351941567,35.02173896397893,79.32639,3456000.11844635,72.390335,0.0002034358,4.9917704e-05,0.29481056,-0.15116543,0.08451577,-0.41567898,0.008931108,-0.050505634,-0.03558951,-0.07450205,-0.0010078801,0.07450887
24.49275373635028,35.04710138474188,79.64641,10368000.35533905,72.27361,-0.001120662,-0.0010332796,0.28558156,-0.41126934,0.36319757,0.50814575,0.47656217,-0.034715753,0.24434471,-0.0894567,0.05283875,0.10389627
24.3985509616347,35.079710263267266,82.39983,259199.99517202377,72.21027,-7.071326e-05,-1.2316445e-06,-0.26240763,-0.83692837,0.32495072,0.12559003,-0.26125023,-0.13803239,0.20763934,-0.16067103,0.16967955,0.23367997
24.423912946628306,35.13405791039468,84.735344,9935999.654960632,72.618454,-4.4995495e-06,-1.4234444e-05,0.1350396,-0.12189324,0.3545472,-0.01012025,-0.019424073,-0.0496738,0.17695767,-0.022699103,0.15751618,0.15914331
24.358695745580064,35.14492749121842,79.46463,11664000.262641907,72.73765,-0.0012212553,0.0013186374,-0.1292234,-0.8113998,-0.19746803,0.23240942,0.020659897,-0.23806298,0.27352613,-0.15336649,-0.045615584,0.16000645
24.655797039477626,35.09782643790763,82.953125,11404800.061798096,72.130424,-1.7294739e-06,3.96927e-05,0.028584909,-0.62368953,-0.19532894,0.11725259,0.17409626,-0.1261611,0.18063745,-0.122069895,-0.04311557,0.12946047
24.800724541980035,35.0326085145684,80.91604,1382400.019955635,72.19335,-0.000254122,-0.00012761382,0.16623122,0.5102259,-0.22255002,0.3488288,0.28449884,0.11524451,0.09333357,0.1134886,-0.06667025,0.13162288
24.373188349496587,35.09782609021359,73.044136,2246400.0495672226,72.940414,-0.88975537,-0.8009601,0.20147857,0.020984486,0.57469875,0.09204276,0.45824245,-0.06833789,0.18716729,-0.011068281,0.12140601,0.1219095
24.15942034471344,35.02536261613985,84.04098,14860800.180244446,72.71787,2.9443545e-05,-2.8123353e-05,0.15502824,-0.259899,0.15988694,0.2958537,0.22880077,0.2506136,0.29771414,-0.07866967,0.048588727,0.09246502
24.271739312019278,35.0833337340226,74.97577,4233599.898290634,72.26604,-0.066193126,-0.0688024,0.19875354,1.2189037,0.9506395,0.02930509,0.04847422,0.1891585,0.18414626,0.1843947,0.14842498,0.23670949
24.423912946628306,35.13405791039468,84.735344,16329599.49016571,72.63366,-9.954349e-06,4.353458e-06,-0.15926966,0.044630438,-0.09793468,0.15361199,0.12146126,0.42960617,0.16217911,0.07009354,-0.09877673,0.12111955
24.49275373635028,34.95652190987481,78.13308,17884799.598312378,72.03475,0.0008630008,0.000925322,-0.05269195,-0.40717176,0.15922569,0.010070674,0.09239794,-0.38705707,0.38782227,-0.16886343,0.111003004,0.20208049
24.586956589458925,35.03623181903528,81.050644,14947199.88155365,71.645546,-5.4046413e-05,-0.00012691446,-0.14872432,-1.6115336,0.24978359,0.23292476,0.07411122,-0.17548658,-0.18550208,-0.11933928,0.029987738,0.1230493
24.32608705359737,35.05434782738719,80.59564,15292799.783706665,72.4221,-0.00030638487,0.00052513037,-0.023787387,-0.81196773,0.47588688,0.3332153,-0.15023643,-0.12954411,-0.26735362,-0.14033258,0.0941536,0.16899152
24.134057993885538,35.130434787333385,80.741425,5875199.981975555,72.706505,0.00061119377,0.00044180933,0.32353264,1.0245472,1.1118764,-0.23865065,-0.04840987,0.27438894,0.25415388,0.036625337,0.056622945,0.0674357
24.2137679164399,35.101449394680465,78.1842,12182399.56741333,73.27713,-0.0047425553,-0.010543784,-0.066119276,-0.68477917,0.47881353,-0.15498346,-0.22138283,-0.23733155,-0.10797166,-0.15702747,0.08243461,0.1773502
24.068840433535758,35.17753635462667,82.62194,15033599.582862854,72.27011,7.07145e-05,5.9255103e-06,-0.20304525,0.4670469,0.15277636,-0.10225972,-0.10637648,0.16543481,0.023550916,0.07476984,0.038515024,0.08410669
24.528985389862203,35.079710263267266,73.800804,11664000.262641907,73.156876,0.46975222,0.55268353,0.17405728,-0.70888853,-0.7346599,-0.2751993,0.059997153,-0.39650926,-0.39590043,-0.13678455,-0.11739418,0.18025373
24.43478251062254,35.050724689208764,81.254395,13737599.675559998,72.26305,0.00017435061,-0.00021144994,-0.1121803,-0.7311417,0.31651825,0.34950015,0.35853496,-0.11593166,-0.13284919,-0.2095513,0.058841556,0.21765587
24.423912946628306,35.16304383214723,83.815254,2419199.8635292053,72.371414,-1.9145102e-05,-1.156439e-05,-0.080248825,-0.3481701,0.6512511,-0.05196763,-0.16474709,0.018802106,0.43775132,-0.15418157,0.25329167,0.2965276
24.655797039477626,35.09782643790763,82.953125,7862400.2420425415,71.96205,2.829729e-05,3.3034376e-05,0.21600783,0.48976782,-0.09002122,-0.2584057,-0.23866525,0.033675894,0.54145175,0.14706425,-0.093844384,0.17445533
24.351449221508126,35.36231895652174,77.53338,6652800.036048889,72.44358,-0.0027081682,-0.0051496597,0.13853328,-1.6082468,-1.5892367,0.078717776,0.2022526,-0.21630032,-0.41452873,-0.14392275,-0.12436281,0.19021006
24.46739112421217,35.10507235145331,77.031204,10195199.855804443,72.96946,0.023751747,0.02374443,-0.059294194,-0.89503646,-0.24086685,0.08713892,0.16005158,-0.14037174,0.030750541,-0.18611597,-0.08138165,0.20313081
24.17028990870767,35.119565206509655,75.23819,15120000.381088257,72.41039,0.033610143,0.059656717,0.2901235,0.06936221,0.42209935,-0.3293853,-0.3894419,0.22708455,0.07679963,0.036990598,0.21678393,0.2199172
24.731884091961334,34.88405773852335,82.62194,10454400.056648254,71.576836,2.8510618e-05,1.9805902e-05,0.21311766,1.8492688,0.7122005,-0.061626427,0.045874033,0.0026786178,0.45678568,0.15186353,0.11203951,0.18872038
24.528985389862203,35.079710263267266,73.800804,14515200.27809143,73.54425,-0.74388355,-0.77111536,0.3245299,-0.115785375,-0.7157644,-0.331969,0.09706581,-0.6440587,-0.27982464,0.027682949,-0.30760226,0.30884543
24.268116089179838,35.07971042955572,81.07262,7775999.992275238,72.47825,0.00017293554,0.00010730849,-0.14776391,-1.2184813,0.070218995,-0.17430905,-0.34231532,-0.3157648,-0.11325974,-0.094910875,-0.03776835,0.10214951
24.423912946628306,35.13405791039468,84.735344,10713600.257492065,72.715004,-8.942917e-06,-3.3934114e-06,0.08253849,-0.00053201616,0.30347118,-0.04680363,0.04727801,0.03680385,0.19935343,0.025933564,0.1732555,0.17518567
24.40579722439643,35.07608730649443,81.130585,9071999.899578094,72.13234,-0.00014878073,-0.00010019826,0.01942215,-0.7413374,0.2560437,0.33906895,-0.052303165,-0.30332395,0.036815837,-0.20634446,0.053840168,0.2132529
24.40217392316393,35.07246365433351,77.73675,15724800.484085083,72.4871,0.0057416437,-0.007879997,0.1981417,-0.1879085,0.20389757,0.0037162602,-0.12298714,-0.20249847,-0.12678781,-0.01394603,0.055979595,0.057690613
24.507246418659868,35.018115659512056,74.98295,16934399.593162537,73.85943,0.35533705,0.20620242,0.35195154,0.683898,-0.3680421,-0.19238982,0.17230403,-0.54289365,0.18469161,0.18475886,-0.1084024,0.21421231
24.507246418659868,35.018115659512056,74.98295,8899199.948501587,73.07084,-0.15800679,-0.17194684,0.14378573,-0.34007293,-0.12508571,0.1316753,0.3164256,0.0845912,0.007095469,-0.09107208,-0.037531994,0.098502666
24.659420157792983,35.13768139626715,82.9603,6652800.036048889,71.83534,-2.1949616e-05,-2.844553e-05,-0.032188885,0.6079794,-0.017661791,-0.06173443,-0.36021668,-0.108247004,0.38318092,0.17049085,-0.06584506,0.18276405
24.152173912100075,34.942029039701325,85.189964,11059200.15964508,72.60474,9.014932e-06,8.9722796e-08,-0.27978888,-0.8696798,-0.42784837,0.212957,0.098167464,-0.38430756,0.3984497,-0.079856075,-0.052310944,0.095464274
24.365941903817713,35.11594190204278,77.940506,5356800.128746033,72.56799,-0.005109283,0.0056978543,-0.14653835,-0.86787605,0.31259215,0.03542019,-0.31494215,-0.11781509,-0.07234889,-0.16028938,0.034350928,0.16392885
24.264492787947336,35.06521739309379,75.914215,4752000.025749207,72.26027,-0.03348425,-0.030964414,0.2189765,1.4992399,0.93975496,-0.013145924,0.07833615,0.16228276,0.22344324,0.17344348,0.06866286,0.18654016
24.264492787947336,35.06521739309379,75.914215,16847999.891853333,72.447716,-0.027342435,0.01240019,0.36062318,0.40212622,-0.052930962,-0.08090372,-0.21810138,0.2452701,-0.008543007,0.15116446,-0.04405598,0.15745355
24.49275373635028,34.95652190987481,78.13308,14601599.979400635,72.13805,-0.0037158376,-0.0015957892,0.4261139,-0.7449411,0.34558636,0.2932482,0.16795719,-0.26447088,-0.25952426,-0.13539839,0.10869584,0.17363039
24.068840433535758,35.050724689208764,75.1399,777599.9855160713,72.69499,-0.10182625,0.104746655,0.15526274,-0.30334622,-0.6791312,-0.1365385,0.31802204,-0.44755274,-0.4663846,-0.07411905,-0.097168356,0.12221015
24.264492787947336,35.06521739309379,75.914215,11145599.860954285,73.047676,0.015533075,0.03685283,-0.23948774,0.31792971,0.8349811,-0.3083216,0.0010286868,-0.1893137,-0.23367786,0.110103436,0.17113845,0.20349726
24.503623143558386,34.916666955294566,80.479385,5875199.981975555,71.7254,-0.000136944,-0.00019801145,0.4330748,-0.472507,-0.01567499,0.15170401,-0.06871532,-0.2523488,-0.3888987,-0.23769826,0.023805916,0.23888738
24.55434784521419,35.039855304907746,78.730316,18403200.0,71.82976,-0.00076040835,-0.0015851818,0.24929166,-1.502514,0.011768281,0.14025101,0.1081506,-0.48246124,0.04385701,-0.12988538,-0.014855966,0.13073221
24.336956356281394,35.12681217825459,78.56935,2419199.8635292053,72.641685,0.003990997,0.00031369948,0.103193805,-1.0163937,0.47281438,-0.15030006,-0.39230496,-0.014436441,0.18273523,-0.21678114,0.10259704,0.23983373
24.518115930392057,35.170290078269815,76.7112,4060799.9472141266,72.02047,0.013302632,0.013266321,0.048557647,-1.2016789,-0.4101069,0.12978186,-0.109650485,-0.40655747,0.0080551095,-0.14412536,-0.0035372227,0.14416875
24.586956589458925,35.03623181903528,81.050644,15724800.484085083,71.61682,-4.7421378e-05,5.0770643e-05,-0.12198243,-1.7732842,0.24280827,0.2569659,0.0111583285,-0.19520164,-0.1782138,-0.12887582,0.02035749,0.13047378
24.60144921950647,34.9456523441682,85.40489,5615999.781131744,71.303,8.6597154e-08,-7.5246885e-07,0.20684263,1.1545953,0.45993537,0.27452686,0.36405575,0.08559653,0.20221752,0.20610972,0.07855573,0.22057247
24.731884091961334,34.88405773852335,82.62194,6566399.786281586,71.8613,3.5465815e-05,-3.6877125e-05,-0.04542256,1.1975911,0.2713964,-0.007495992,-0.05372058,-0.161293,-0.21671307,0.2208943,0.10239883,0.24347447
24.623188347494935,34.98550731008629,86.27349,604799.9658823013,70.89617,7.465735e-08,4.6691247e-07,0.2107726,0.6665571,0.41906837,0.38918054,-0.029829457,0.113235414,-0.08163281,0.14306343,0.066502154,0.15776463
24.5036234048686,34.94565269942081,84.86278,3369599.8686790466,71.1538,2.5049967e-06,-3.1753846e-06,0.10604534,-0.46828508,0.015106656,0.29961598,-0.009988308,-0.251243,-0.26665583,-0.08544564,-0.014101967,0.08660152
24.57608686867857,35.22463755910878,78.28966,17279999.49531555,71.981514,-0.0029293227,-0.0027384858,0.3337899,-1.5224373,0.8758927,0.62545335,-0.3273041,-0.4367723,-0.12126059,-0.24064529,0.12737352,0.2722759
24.586956589458925,35.03623181903528,81.050644,3801600.0205993652,71.58849,8.870847e-05,9.416881e-05,0.33442175,0.43765095,-0.18106999,0.073048845,-0.28825092,-0.15799023,0.061954733,0.15471792,-0.0704374,0.16999725
24.336956356281394,35.12681217825459,78.56935,16070400.386238098,72.61602,0.004105313,0.003417483,0.21161959,-0.7440903,0.3019346,0.1876939,-0.10479934,-0.08972647,-0.16252294,-0.1599862,0.060983494,0.17121498
24.351449221508126,35.36231895652174,77.53338,13996799.876403809,73.17341,-0.01805063,-0.013264866,0.3281554,-0.15600273,0.093274966,0.5939347,0.40736303,-0.24003978,0.4474865,-0.07877324,0.059645362,0.09880684
24.60144921950647,34.9456523441682,85.40489,1036799.9806880951,71.16956,-1.926173e-06,-8.017514e-07,0.1164054,0.26861873,-0.20495038,0.36996895,0.048062056,-0.09779944,-0.41037413,0.13008577,-0.0827122,0.15415452
24.177536001617764,35.01449252133363,77.3516,9417600.350189209,72.37209,-0.00053145195,0.00016091252,-0.13850698,1.6285785,0.61362547,0.06483694,0.25657028,-0.079481095,0.18463942,0.14202093,0.058090277,0.15344192
24.06159400092239,35.235507653915,77.223785,10799999.95880127,73.69166,0.035398234,0.03818896,0.03425728,1.5550194,0.84539866,0.15140976,-0.45513627,-0.08367795,0.51634437,0.18177086,0.13697943,0.22760496
24.579710091518006,35.06884069756067,84.24473,17539199.696159363,71.90468,-1.1538238e-05,1.0528091e-05,-0.10715877,-1.0723653,0.506836,0.2494297,0.12374583,0.3933486,0.006862942,-0.2322022,0.092004865,0.24976541
24.423912946628306,35.13405791039468,84.735344,17884799.598312378,72.6457,1.1557041e-05,-1.4639439e-05,-0.27118942,-0.11081369,-0.13879478,0.27204844,-0.0069177337,0.52643573,0.07159555,-0.053664297,-0.09379521,0.108062014
24.481884276880134,35.21376834109622,79.042,13996799.876403809,71.96391,-0.00013850711,0.0014173117,0.3362906,-1.2389342,-0.21333723,0.44691718,0.023139037,-0.38587338,0.15502416,-0.1934082,-0.06587965,0.20432049
24.572463802625258,35.028985391507106,77.31845,12268800.365638733,72.548615,-0.001955118,-0.005024055,0.24687648,-0.61445117,-0.016377348,0.15513435,0.43918324,-0.040803775,0.1553676,-0.11019917,-0.005546447,0.110338666
24.16304339770124,35.14130418675153,77.183464,7775999.992275238,72.57321,0.014337649,0.003509134,0.021360857,1.590766,1.2503486,-0.11459448,-0.49872348,0.25532907,0.25545084,0.11143178,0.12633112,0.16845353
24.52536253285706,35.05797113185407,79.99595,4406400.123596191,71.67341,-7.70468e-05,0.00044278393,0.29957947,-0.56264174,-0.0055818968,0.22219315,-0.6917515,-0.33872145,0.18428472,-0.14871754,0.013710663,0.14934821
24.5036234048686,34.94565269942081,84.86278,691200.0099778175,71.15126,1.5784481e-06,-2.0127106e-06,-0.048069686,-0.39382723,-0.36597598,0.21562618,-0.0882603,-0.17857715,-0.2621849,-0.11523524,-0.11964077,0.16611163
24.55072462237475,35.07608730649443,88.70044,17279999.49531555,73.165184,-5.8470157e-08,-3.7142823e-07,-0.16784564,1.3412861,0.007857211,-0.15074903,-0.107970394,0.59443295,0.4123449,0.13615212,0.020783037,0.1377292
24.728260869121893,35.15579704180788,79.23173,3369599.8686790466,72.06878,0.00022419656,-0.00018482737,-0.030558549,0.426398,0.046331927,0.26116845,0.10223411,0.28936723,0.20490184,0.31276882,0.046795934,0.3162502
24.373188349496587,35.09782609021359,73.044136,17020800.39138794,72.912346,0.77089894,0.87259907,0.1823299,1.0048089,-0.6855243,-0.19669512,0.2994393,-0.1788891,0.21870539,0.15669774,-0.08392257,0.17775595
24.49275373635028,35.04710138474188,79.64641,18143999.79915619,71.81227,-0.0003846862,0.0006903744,0.034637496,-1.7078798,0.19193335,0.18547067,-0.11625392,-0.3097501,-0.028979853,-0.14027943,0.028988048,0.14324324
24.880434869565217,35.11594208344836,73.60822,15897599.886703491,73.69134,0.8601668,-0.7976123,-0.17852557,0.20043454,0.27878186,0.36210728,0.092743754,-0.24687839,0.34609455,0.054915734,0.12970626,0.14085259
24.40579730278949,34.98550712868071,82.545616,9331199.551963806,71.99713,-3.5591367e-07,2.9687535e-05,-0.10906208,-0.7169684,0.06842161,0.33218172,-0.099332236,-0.055582553,-0.50311166,-0.23746318,0.011706211,0.23775154
24.626811465810288,35.05797113185407,83.9315,15465600.283241272,71.876854,2.099977e-06,1.36524095e-05,-0.29345837,-1.1024036,0.26856282,0.14542624,0.27316323,0.05352792,0.059199534,-0.19247974,0.054149702,0.1999516
24.800724541980035,35.0326085145684,80.91604,11231999.562263489,71.75107,0.00020721302,-0.0002090524,-0.34292436,-0.09816463,0.16286646,-0.19440061,-0.18202099,0.08945076,0.24259302,-0.033619285,0.046113625,0.057067703
24.068840433535758,35.050724689208764,75.1399,8899199.948501587,72.16679,0.06415895,0.06470569,-0.22842017,1.7679206,0.7545736,0.23343298,-0.020645149,0.10026185,0.7800961,0.17948014,0.07230878,0.19349852
24.677536062942007,35.07971042955572,84.775665,10368000.35533905,72.32205,3.5746356e-07,-4.9248447e-06,0.110518895,-0.32196963,0.25601864,-0.24423122,-0.24568576,-0.11154034,-0.32292575,-0.078993574,0.07479182,0.108783275
24.46739112421217,35.10507235145331,77.031204,8208000.144195557,72.82009,0.0050295135,0.014091812,-0.04440563,-1.2562635,-0.28380334,0.2889039,-0.036895365,-0.2340005,-0.17561904,-0.23927034,-0.06803416,0.24875478
24.275362351941567,35.02173896397893,79.32639,10195199.855804443,72.694534,-0.0019847543,0.0012859753,-0.11334842,-0.1255057,0.2741256,0.33718097,0.45977563,-0.23629326,-0.21173263,-0.08064057,0.07549737,0.11046608
24.43478277193275,35.06521686399416,78.38795,5788799.732208252,72.241066,-0.002012856,-0.0007320201,0.20658106,-0.66415834,0.3625639,0.42421836,-0.1797502,-0.34120756,0.027542854,-0.117601246,0.017876394,0.11895217
24.572463802625258,35.028985391507106,77.31845,17884799.598312378,72.41062,-0.009566034,-0.010593408,0.3611185,-0.6982349,-0.31546757,0.07210256,0.28477776,-0.63573337,0.15086836,-0.14185342,-0.0380112,0.14685792
24.60144921950647,34.9456523441682,85.40489,3542400.093984604,71.193115,-1.8528933e-06,2.071019e-06,0.12964433,0.7153157,0.25665212,0.3306855,0.28921,-0.07071741,0.0027409252,0.1393817,0.051373675,0.14854802
24.659420157792983,35.13768139626715,82.9603,11318400.360488892,71.991455,8.349572e-06,3.798264e-05,0.1300007,-0.9680003,-0.5323583,0.20966962,0.09004237,-0.34130567,0.10627716,-0.1444291,-0.12368413,0.19015133
24.271739312019278,35.0833337340226,74.97577,3887999.996137619,72.27051,-0.07153474,-0.070476145,0.20825264,1.1048421,0.92745847,0.027603298,0.03357712,0.13191628,0.14317872,0.16969779,0.15468258,0.22961716
24.152173912100075,34.942029039701325,85.189964,518399.99034404755,72.50797,1.968982e-06,7.207658e-06,0.043846264,-0.12515384,-0.19311936,0.2060763,-0.11551561,-0.14088826,0.17771217,-0.12999357,-0.19400641,0.23353119
24.409420264318722,35.137681214861566,85.684586,4492800.099134445,71.96541,-2.3659438e-06,-1.8006283e-06,0.35442093,-0.7275572,0.13095993,-0.1397956,-0.18761697,-0.18085861,0.54636824,-0.21708286,0.056335364,0.22427358
24.369565205050215,35.10507235145331,81.59638,5615999.781131744,72.01178,-9.079568e-05,-4.569752e-05,-0.029827021,-1.2519712,0.17525148,-0.22320834,-0.5550363,-0.4025552,0.15883353,-0.14862755,0.039079227,0.15367933
24.46739112421217,35.10507235145331,77.031204,17279999.49531555,72.53003,0.013143166,0.0156104565,0.17203818,-0.3902315,-0.20901166,-0.05405537,-0.0463672,-0.2888749,-0.16152847,-0.1288756,-0.077050805,0.15015242
24.53985505838052,35.14492730981283,78.72631,8380800.095272064,72.05,0.0017479666,-0.0018974583,0.08785404,-1.1264662,-0.7352898,0.2459867,0.002913501,-0.21144551,0.05288518,-0.20322949,-0.08591157,0.2206423
24.423912946628306,35.16304383214723,83.815254,18316800.298690796,72.78863,3.8779614e-05,-1.1826448e-05,-0.37378016,-0.48098627,-0.13646922,0.17979439,-0.15200818,0.43811586,-0.045498155,-0.13456528,-0.03187579,0.13828912
24.202898613755877,35.17753635462667,82.22561,9676799.454116821,72.89292,4.9489718e-05,9.233668e-05,-0.087756656,0.912029,0.7475286,0.0062551573,-0.282593,0.03996928,0.021258749,0.13210467,0.122179955,0.17994328
24.271739312019278,35.0833337340226,74.97577,17366400.293540955,72.636116,0.111168854,0.10363135,0.3506261,0.60825765,-0.3758708,-0.1510084,0.006168343,0.2987207,0.17699695,0.1911019,-0.06077961,0.20053452
24.068840433535758,35.050724689208764,75.1399,1641599.9465703964,72.30946,-0.06979605,-0.020509634,0.23037821,0.034021795,-0.5597335,-0.19851732,0.2562409,-0.36229345,-0.40443856,-0.02434428,-0.07114425,0.075194076
24.423912946628306,35.16304383214723,83.815254,18403200.0,72.80039,3.915548e-05,-1.6788994e-05,-0.37838426,-0.47749615,-0.12597252,0.18731824,-0.15672359,0.44271412,-0.048094347,-0.13850158,-0.032949984,0.14236711
24.521739153231497,35.18115965909355,80.50853,11231999.562263489,72.00577,0.0003661727,0.00039603678,0.3175231,-1.4087715,-0.64423794,0.4124587,0.14303881,-0.27854723,0.3462048,-0.20789756,-0.091833614,0.22727694
24.369565205050215,35.10507235145331,81.59638,14687999.680709839,72.538475,-0.0002124071,-2.5951082e-05,-0.094828285,-0.7921823,0.0997629,0.26439285,0.059493903,0.09098551,0.024335347,-0.16827574,0.038874492,0.1727077
24.373188532413735,34.85507217391305,83.68782,2678400.0643730164,72.242455,3.930422e-07,1.7363423e-05,0.28697187,-0.5688935,0.26658684,0.17545663,-0.0062736683,-0.10927131,-0.32481545,-0.08146915,0.07353045,0.10974493
24.40579722439643,35.07608730649443,81.130585,12527999.469566345,72.43345,2.5579651e-05,0.00023512555,-0.023448616,-0.6113006,0.24350896,0.47845462,0.39222708,-0.14807606,0.19750139,-0.111406736,0.01939714,0.11308276
24.5036234048686,34.94565269942081,84.86278,15120000.381088257,72.13408,-5.6126514e-06,3.6627011e-06,-0.34094006,-0.401416,0.25436035,0.010947019,0.03214442,0.19156957,0.6225393,-0.12558115,0.115017,0.1702925
24.293478074173446,35.130434424522214,78.52256,14428799.479866028,72.86591,-0.0054317866,0.0017390668,0.23626235,-1.0651256,0.20361735,0.03236409,-0.0119816065,-0.11935227,-0.01531719,-0.09520414,0.015871122,0.09651798
24.40579730278949,34.98550712868071,82.545616,15206400.082397461,72.099724,-5.7065045e-05,5.207993e-05,-0.29744115,-0.9910433,0.41948357,0.31405166,0.02865035,0.089086026,0.06850751,-0.13320065,0.106200844,0.1703556
24.152173912100075,34.942029039701325,85.189964,11404800.061798096,72.62248,9.336539e-06,3.7557054e-06,-0.24212226,-0.79438686,-0.4199136,0.19681531,0.13365746,-0.33739442,0.42478257,-0.09463374,-0.057977468,0.11098168
24.171296292717127,35.10648163098043,78.049835,10627199.459266663,73.23194,-0.00014037636,-0.0029489773,-0.1885708,-0.04303445,0.6731067,-0.08458,-0.57233346,-0.23318392,-0.067723565,-0.036101956,0.07939391,0.087216645
24.003623304347823,35.192029209683014,80.788605,9676799.454116821,72.737686,0.0005598573,0.00024308261,-0.093683414,1.4512615,0.97886217,0.13807528,-0.06671179,0.093651354,0.12154329,0.153191,0.09744321,0.18155622
24.62318819070881,35.09782625650204,81.14894,8553600.046348572,71.84818,8.702059e-05,-0.000111554145,0.2807142,-0.31903085,-0.35066992,0.0012501553,-0.0693314,-0.058572322,0.57098925,-0.010971196,-0.13675855,0.13719793
24.782608584568965,35.06521774078783,85.492004,5011200.226593018,72.285965,1.5294868e-06,8.3626094e-07,-0.13297537,1.0702275,0.5249336,-0.028000891,-0.019472934,0.4885567,-0.019907385,0.08286946,0.06425179,0.1048601
24.75362311542571,35.148550251468535,82.31272,6566399.786281586,72.18343,5.724202e-05,8.5021704e-05,-0.12406696,1.1871179,-0.145604,-0.117434226,-0.17987236,0.1372684,0.13021359,0.26888463,-0.084271535,0.2817812
24.141304256647267,35.05072417522627,80.839714,12873600.46863556,72.84531,-0.00050893845,-0.00051058223,0.026457977,-0.7850152,-0.08478226,0.09730228,-0.24734664,-0.17310008,0.01347114,-0.111144975,-0.039230883,0.11786546
24.202898613755877,35.17753635462667,82.22561,345600.00498890877,73.27097,0.00023330637,4.580211e-05,0.07421933,-0.22444193,0.34158024,-0.24664101,-0.30541158,-0.23473105,0.014863294,-0.08895703,0.13493161,0.16161649
24.06159400092239,35.235507653915,77.223785,13737599.675559998,73.84804,0.044425867,-0.03278537,0.07344237,0.69959295,0.35391277,0.2875383,-0.64924365,-0.22814842,0.5332674,0.10895213,0.06898403,0.12895489
24.619565229179578,35.18478278215484,82.255135,11059200.15964508,71.73825,4.137322e-05,-6.2310205e-06,0.3503574,-1.4713442,-0.776517,0.31292284,0.14288843,-0.34183225,-0.069379784,-0.17305902,-0.13797429,0.22132856
24.442029139218562,35.043478080275,76.86345,17798399.897003174,72.94948,0.026598005,0.026936593,0.080087036,0.027938709,-0.27109542,-0.15916839,-0.07231239,-0.19449185,0.24896681,0.034796163,-0.1092549,0.11466213
24.528985389862203,35.079710263267266,73.800804,13305600.072097778,73.34046,-0.6321558,-0.637708,0.28455457,-0.40259552,-0.7270343,-0.3628388,0.07897116,-0.5502275,-0.386541,-0.06305798,-0.18542129,0.19585036
24.471014503837736,35.137681214861566,84.09494,12700799.969100952,72.75841,1.3321186e-05,-1.3172384e-05,0.05510822,-0.19073372,-0.009503592,-0.048432805,0.1604721,0.07696025,0.28246245,-0.11864575,-0.048237313,0.12807675
24.55072462237475,35.07608730649443,88.70044,5011200.226593018,71.93598,-1.6624261e-07,-1.5196865e-07,-0.07265575,-0.43981037,0.3424368,0.37773758,0.09197628,-0.12571418,0.27083704,-0.04663323,0.07408351,0.0875387
24.278985653174068,35.159420527680346,80.15937,2851200.015449524,72.71952,-0.00084223464,-0.0009838811,0.027059335,-0.73760426,0.49542806,-0.3026577,-0.2427417,0.15440208,-0.12043486,-0.15559986,0.07897309,0.17449374
24.16304339770124,35.14130418675153,77.183464,10972800.458335876,73.37868,0.029832399,0.028376086,-0.122572966,0.06668511,0.8304658,-0.13767484,-0.78953147,-0.1592927,-0.002973657,-0.008495807,0.08036859,0.080816396
24.409420185925658,35.126811301460926,78.58091,2159999.936914444,72.30968,-0.0029390105,0.0023019183,0.14763923,-0.88571644,0.32381782,0.11090352,-0.40777624,-0.18404625,0.33087552,-0.26022255,0.12317437,0.28790224
24.152173912100075,34.942029039701325,85.189964,8380800.095272064,72.755226,-1.7345218e-06,3.0499596e-06,-0.34365153,-1.5018007,-0.25501317,0.43647158,-0.25819746,-0.51212174,0.13126248,-0.19109447,-0.03074959,0.19355267
24.579710091518006,35.06884069756067,84.24473,12355200.066947937,72.55842,1.362465e-06,1.929784e-05,-0.026234284,-0.19393373,0.388593,0.12014369,0.2628553,-0.030882664,-0.051866077,-0.07701394,0.11594114,0.13918869
24.40579722439643,35.07608730649443,81.130585,6134400.182819366,71.91263,-0.00017094705,0.00012807305,0.06820076,-1.3536487,0.22211812,-0.119142644,-0.7161107,-0.45307747,-0.111161,-0.16429374,-0.002135083,0.16430761
24.3913043591697,35.05434799367564,86.750465,15551999.984550476,72.14207,-5.6976e-07,-3.545641e-08,0.12680551,0.85443497,-0.006391097,0.14120805,0.63464206,0.51555264,0.5620316,0.17434226,0.029653609,0.17684615
24.340579735906957,35.22101461745307,78.71513,18403200.0,72.82141,0.0007079321,0.0030146248,-0.26611227,-0.50321233,0.36846057,0.68926144,-0.083298765,0.03960643,0.5724172,-0.15501416,0.1300781,0.20236033
24.358695745580064,35.14492749121842,79.46463,8467199.796581268,72.57425,-0.00073441747,-0.0014827468,-0.29773778,-1.1429495,-0.1776846,0.11389583,-0.41416916,-0.3190095,-0.2133857,-0.19900149,-0.031270638,0.2014434
24.619565229179578,35.18478278215484,82.255135,8985600.19826889,71.58178,-3.4737215e-05,-5.0380782e-05,0.23307943,-0.79982734,-0.51668566,0.37127677,-0.0088883005,-0.28989878,-0.064523235,-0.1369058,-0.17767018,0.22429867
24.423912946628306,35.16304383214723,83.815254,2764800.03991127,72.3895,-9.389753e-06,3.1822544e-06,-0.044179656,-0.3171265,0.63207346,-0.05210548,-0.11678267,0.009967685,0.49051064,-0.16210143,0.2538305,0.30117568
24.293478074173446,35.130434424522214,78.52256,17539199.696159363,72.651985,0.003462144,0.0019076945,0.058766507,-0.3873564,0.4102952,0.31183854,-0.1715891,0.12164852,-0.037954345,-0.06654613,0.14166492,0.15651625
24.423912946628306,35.16304383214723,83.815254,3283199.893140793,72.39401,-4.952063e-06,-1.4228897e-06,0.010952793,-0.30125105,0.5959893,-0.045232914,-0.056106634,-0.015711129,0.5530124,-0.17976743,0.23781288,0.2981129
24.659420157792983,35.13768139626715,82.9603,8899199.948501587,71.8598,1.6878615e-05,-5.247671e-06,0.10373422,-0.04677508,-0.32171026,-0.037999526,-0.22838226,-0.22369197,0.22693065,0.010481454,-0.13722576,0.13762547
24.62318819070881,35.09782625650204,81.14894,11664000.262641907,71.83007,1.3505451e-05,-0.0001747526,-0.019945651,-1.0346905,-0.414917,0.1383099,0.30329138,-0.12978025,0.15843576,-0.069254875,-0.06127014,0.09246766
24.60144921950647,34.9456523441682,85.40489,7862400.2420425415,71.5099,-2.0832656e-06,1.9398651e-07,0.23628646,0.7399565,0.35373962,0.06417458,0.07197918,0.13630138,-0.092697434,0.11027224,0.060408406,0.12573442
24.358695745580064,35.14492749121842,79.46463,11059200.15964508,72.79376,-0.0021462997,0.002142121,-0.19061449,-0.79850924,-0.21530347,0.21392411,-0.043307394,-0.2621978,0.19101068,-0.17697917,-0.050709337,0.18410069
24.351449221508126,35.36231895652174,77.53338,18143999.79915619,73.02359,0.015235801,0.0155174425,0.22139752,0.4732931,0.23174354,0.49431816,-0.1066586,-0.24631539,0.6570646,0.12628263,0.049602762,0.13567512
24.576087129988778,34.96376817111452,80.53768,7603200.0411987305,71.634834,0.00011228733,0.00016519123,0.5501789,0.5000231,0.3491505,-0.10822935,-0.071809635,0.032812305,-0.23067605,0.103702486,0.058642644,0.119135074
24.409420185925658,35.126811301460926,78.58091,5443199.830055237,72.23431,0.0023684234,0.00057771045,-0.14927351,-1.5241574,-0.03440688,0.1443769,-0.49941382,-0.29261565,0.010077622,-0.15736173,-0.042609982,0.1630286
24.177536001617764,35.01449252133363,77.3516,12441599.768257141,72.90303,-0.0069875265,-0.016506284,-0.1611735,0.47429785,0.4851921,-0.041860975,-0.0593054,-0.19885524,0.0450652,0.0920873,0.071178466,0.11638919
24.880434869565217,35.11594208344836,73.60822,15811200.185394287,73.69301,0.9248907,-0.16343683,-0.1864756,0.19376773,0.28338337,0.35617515,0.0948508,-0.24488229,0.34737867,0.05093909,0.13153706,0.14105599
24.586956589458925,35.03623181903528,81.050644,17798399.897003174,71.4429,-9.126902e-05,0.0001407032,0.06508156,-1.8176707,0.36644027,0.37228107,0.011849131,-0.1740099,-0.06461448,-0.20273653,0.035125792,0.20575695
24.242753659958876,34.931159481553294,83.59315,7689599.742507935,72.40244,-3.3343847e-05,5.374049e-06,-0.25528353,-1.9212352,-0.48904526,0.38170946,-0.2346318,-0.41942528,-0.39249444,-0.32226694,-0.0688186,0.32953295
24.40579722439643,35.07608730649443,81.130585,6912000.2368927,71.97974,-0.00012849383,-2.1253958e-05,0.038458772,-1.2744374,0.1933943,0.002759777,-0.6148868,-0.4595565,-0.18451563,-0.17914514,-0.009142265,0.17937827
24.3913043591697,35.05434799367564,86.750465,2246400.0495672226,71.81202,-1.0296097e-06,-9.911097e-07,-0.060868576,-1.863586,-0.37062702,0.17875764,-0.5677745,-0.355876,0.13456707,-0.107005745,-0.038114585,0.11359116
24.409420264318722,35.137681214861566,85.684586,7689599.742507935,72.38035,-4.6044793e-06,-2.370444e-07,0.322777,-0.35809964,0.34757388,0.013599277,-0.058836438,-0.17867656,0.13485213,-0.11594936,0.15465336,0.1932923
24.471014503837736,35.137681214861566,84.09494,12787199.670410156,72.76243,1.2933354e-05,-1.6951122e-05,0.051742245,-0.18622577,-0.013426568,-0.047745608,0.16135526,0.08294315,0.28040317,-0.12358173,-0.050536025,0.1335153
24.57246390714934,35.13405809180027,82.83649,7257600.139045715,71.82235,1.4700016e-05,3.1517393e-05,0.18447268,-0.33669883,0.13304168,0.13322964,-0.38346818,-0.3818194,0.5350741,-0.0489889,0.0077042803,0.049591012
24.409420264318722,35.137681214861566,85.684586,3801600.0205993652,71.89645,-1.2874011e-06,-1.2146221e-07,0.31952834,-0.6635438,0.17713028,-0.15777719,-0.2272563,-0.12112245,0.6142006,-0.20612088,0.0933765,0.2262852
24.152173912100075,34.942029039701325,85.189964,12441599.768257141,72.66314,3.6018048e-06,7.574816e-06,-0.12755492,-0.6217977,-0.32597196,0.16609073,0.20240822,-0.18689556,0.48530927,-0.16249007,-0.060639262,0.17343628
24.40579730278949,34.98550712868071,82.545616,18057600.097846985,71.72544,2.4236286e-05,-2.5474037e-05,-0.090671666,-1.103231,0.527699,0.43962562,-0.042336628,0.2092819,0.35125262,-0.1208455,0.061725438,0.13569696
24.409420342711783,35.02898555779556,73.23672,432000.01480579376,72.579666,-0.5460885,-0.52710617,0.14338398,0.23256803,-0.011728536,0.022660848,0.35510904,-0.39822924,-0.121850096,0.06637778,0.036679637,0.07583802
24.5036234048686,34.94565269942081,84.86278,4752000.025749207,71.165375,-2.0688656e-06,-2.9428682e-06,0.13274178,-0.1511755,0.16777179,0.39935297,0.056193747,-0.15995929,-0.14402583,-0.03859867,0.041362386,0.05657477
24.43478277193275,35.06521686399416,78.38795,1296000.0444173813,72.231766,-0.0032108764,-0.0034112446,-0.098084904,-0.3482346,-0.39717522,-0.124718376,-0.03242875,-0.014130788,0.21437445,-0.11209459,-0.10774429,0.15548
24.24275355543479,35.275361916886446,83.709785,16934399.593162537,72.1587,2.2727098e-05,7.525811e-06,-0.83041674,0.33995327,0.12449692,-0.09613622,-0.26153323,0.14506951,0.24229488,0.12632896,0.016042642,0.12734352
24.152173912100075,34.942029039701325,85.189964,18143999.79915619,72.148254,-4.1166813e-06,5.406776e-06,0.15502462,-0.42768848,0.2255851,0.19652477,-0.12892547,0.16792433,0.57107043,-0.30622038,0.19891441,0.36515456
24.32608705359737,35.05434782738719,80.59564,4579200.074672699,72.173904,0.0003931696,0.00022421287,0.08071621,-0.8403994,0.20695536,-0.35979515,-0.3054935,-0.20433553,0.05738781,-0.14373457,0.004111342,0.14379336
24.576087129988778,34.96376817111452,80.53768,4665599.775981903,71.71882,-0.00024093472,8.662389e-05,0.32651812,0.33356705,-0.27102727,-0.16381592,-0.11081395,-0.2976437,-0.24521223,0.10921067,-0.0456288,0.11835945
24.731883987437246,34.999999998854186,80.17734,4233599.898290634,72.37768,-0.00022143357,0.0004110522,0.2608712,0.8060378,-0.20125534,0.2893859,0.22856736,-0.27380458,0.3541685,0.19804475,-0.039994642,0.2020428
24.264492787947336,35.06521739309379,75.914215,3196799.917602539,72.21586,0.025485223,0.03226064,0.28036246,0.93994737,0.7469769,-0.06612704,-0.013185218,-0.067852065,0.097887866,0.13469754,0.096315235,0.16559002
24.53985505838052,35.14492730981283,78.72631,16502399.989700317,71.98593,0.000638085,-0.0009557357,0.18578681,-1.5478576,0.10434887,0.22225967,-0.092885934,-0.5396178,-0.42214823,-0.2187556,0.03214647,0.22110498
24.731883987437246,34.999999998854186,80.17734,13996799.876403809,71.152245,0.00024428652,-0.000236476,-0.26444414,-0.94889593,0.23390125,0.07787297,-0.25130415,0.013049867,-0.10621113,-0.17116529,0.061528042,0.18188803
24.278985574781007,35.18478260074926,85.36457,9676799.454116821,72.73703,7.93133e-06,-6.1708165e-06,0.20107493,0.8819691,0.6440318,0.0571002,0.08685693,0.23119512,0.13945456,0.21985762,0.17030227,0.27810112
24.72463775080654,35.097825908808005,83.506035,5270399.878978729,72.12126,-7.432936e-07,2.7707489e-05,-0.03283654,1.1808305,0.18981603,-0.16469026,-0.117833786,0.26098272,0.3290796,0.14742073,-0.024271727,0.14940545
24.507246627708035,35.15217355593542,72.15966,14342399.778556824,72.94171,-0.46231696,-0.40889716,0.22797444,0.14060643,-0.55251664,-0.32698116,0.14574832,-0.44564608,-0.40610406,0.05224497,-0.077062346,0.09310286
24.57608686867857,35.22463755910878,78.28966,18316800.298690796,72.073586,0.00035470576,0.0022785102,0.28484714,-1.582072,1.1325351,0.7469181,-0.37582114,-0.3775111,-0.13168481,-0.22964114,0.1301358,0.26395148
24.481884276880134,35.21376834109622,79.042,11404800.061798096,72.12313,0.0007400916,0.00055452966,0.20682985,-1.3472769,-0.7870707,0.27691343,0.16762108,-0.22847302,-0.04385577,-0.18588802,-0.11257327,0.21731797
24.782608584568965,35.06521774078783,85.492004,6912000.2368927,72.43098,5.9453855e-06,4.0208823e-07,-0.07589085,0.8001503,0.29392156,-0.20411769,-0.23967785,0.3747904,-0.12926352,0.10691051,0.030730635,0.111239515
24.731884091961334,34.88405773852335,82.62194,17798399.897003174,71.38177,2.2015125e-05,1.3452371e-05,0.24918413,0.11524105,-0.52084774,0.21675044,0.45984918,-0.015746761,0.13257863,0.100893795,-0.23328292,0.25416625
24.365941903817713,35.11594190204278,77.940506,7516799.791431427,72.80868,-0.00832713,-0.008272017,-0.32745138,-0.58641946,0.21407047,0.1314319,-0.1728222,-0.23536919,-0.48707303,-0.11980727,0.053231146,0.13110049
24.518115930392057,35.170290078269815,76.7112,2159999.936914444,71.99733,0.01225551,-0.006203943,0.21139535,-0.83681524,-0.1405515,0.057278678,0.06759123,-0.36422437,0.21729392,-0.17872772,-0.058500215,0.18805817
24.068840433535758,35.17753635462667,82.62194,13305600.072097778,72.36796,7.5910386e-05,1.6818623e-05,-0.2679791,0.6861738,0.21122584,0.047750518,-0.024152696,0.04147525,0.009294687,0.102880105,0.061613314,0.11991879
24.623188347494935,34.98550731008629,86.27349,14860800.180244446,72.09972,1.0718958e-06,-5.1401906e-07,-0.34049106,-0.29788387,0.1662106,-0.21664321,0.20963907,0.10754174,0.26574144,-0.15309814,0.13313836,0.20289125
24.24275355543479,35.275361916886446,83.709785,7775999.992275238,72.79133,-2.4370443e-05,3.8265753e-05,0.27386332,1.8661176,1.6183897,0.0071065724,-0.14217141,0.47264472,0.33729878,0.21427915,0.19338141,0.28863806
24.40217392316393,35.07246365433351,77.73675,3542400.093984604,72.27159,-0.0045376355,0.0016585301,0.08725956,-0.44129974,0.15173739,0.10705297,-0.26275474,-0.075282216,0.334451,-0.17519836,0.061338976,0.18562579
24.369565205050215,35.10507235145331,81.59638,3715200.0450611115,72.24164,-0.00016736565,-0.00018091673,-0.0390203,-0.7131504,0.50546217,-0.10780766,-0.30482683,-0.24075322,0.34167627,-0.12291476,0.085835725,0.14991935
24.177536001617764,35.01449252133363,77.3516,11750399.96395111,72.88279,-0.016331261,0.0040792944,-0.1819703,0.6705973,0.50439125,-0.014759257,0.036919404,-0.18375675,0.061494365,0.11285246,0.075490385,0.13577361
24.85869584610084,35.31159408476158,76.05999,259199.99517202377,70.85771,-0.0028474221,-0.0044382242,0.09710584,0.9187827,1.32425,0.29164782,-0.20649263,-0.57094765,0.52796656,0.10539816,0.11377579,0.15509257
24.40217392316393,35.07246365433351,77.73675,5788799.732208252,72.53274,-0.0021157286,0.0058673583,0.15967286,-0.39076155,0.5010109,0.31964478,-0.04460635,-0.19146346,-0.004199777,-0.13652661,0.022452837,0.13836056
24.369565205050215,35.10507235145331,81.59638,6998399.938201904,72.035065,0.00015020119,5.608089e-05,-0.08764557,-1.5272125,-0.0013855211,-0.12181046,-0.6619919,-0.4799141,-0.020859033,-0.13566788,-0.027425028,0.13841209
24.471014503837736,35.137681214861566,84.09494,6652800.036048889,71.96925,1.8982572e-06,-8.274945e-06,0.2777392,-0.754104,0.35699236,0.0060741156,-0.2637003,-0.36285093,0.40671265,-0.084767275,0.07085381,0.110479645
24.409420264318722,35.137681214861566,85.684586,8380800.095272064,72.52641,-4.119244e-06,4.135619e-06,0.26840833,-0.17006484,0.4238527,0.01836364,-0.0019323565,-0.11816666,0.086014554,-0.042681232,0.19947286,0.20398802
24.782608584568965,35.06521774078783,85.492004,2246400.0495672226,72.14818,-8.98431e-07,-3.5823566e-06,-0.0034913532,0.5703906,0.51184237,0.2012699,0.05987743,0.45010534,-0.42044815,0.108521335,0.095909,0.14482892
24.728260869121893,35.15579704180788,79.23173,8035200.193119049,71.75453,-0.0005994161,0.001010632,0.41437006,0.5848589,-0.45862412,-0.056503855,0.24946606,0.2697805,0.024346808,0.18784612,-0.16036533,0.24698827
24.514492864338745,35.152173737341,77.98083,14601599.979400635,72.219604,-0.002344819,-0.0049337153,0.21180388,-0.92727387,-0.1660891,0.120167136,0.0032480173,-0.5170766,-0.22252527,-0.179158,-0.054717183,0.18732741
24.286231733018653,35.16304365074164,82.86601,11923200.463485718,72.69331,6.833282e-05,-6.441958e-05,0.049114104,0.26585728,0.21666737,0.05708114,0.0006683804,0.18447286,0.24928924,0.11401257,0.0778822,0.13807426
24.608695560661264,35.210145036629335,80.071884,8726399.99742508,71.48667,-9.648333e-05,-0.00019238338,0.3990467,-0.4646792,-0.6351101,0.29523283,0.331621,0.041040935,-0.0500881,-0.12824634,-0.1567829,0.2025537
24.17028990870767,35.119565206509655,75.23819,7343999.840354919,72.43666,0.039299265,0.05755125,-0.257426,2.0176287,1.2556019,-0.025663465,-0.25052014,0.26465738,0.51123226,0.24396086,0.120685674,0.27217996
24.141304256647267,35.05072417522627,80.839714,691200.0099778175,72.62995,0.00010122437,0.00048128315,0.34020936,0.41162232,0.7330158,-0.19897136,0.015741222,-0.2403686,0.23338199,0.10165305,0.1554842,0.18576512
24.518115930392057,35.170290078269815,76.7112,1123200.0247836113,72.00973,0.008121733,0.0035349014,0.20570478,-0.8002913,-0.124192834,0.0052401945,0.24708086,-0.2726786,0.16439405,-0.19592679,-0.046925873,0.20146798
24.16304339770124,35.14130418675153,77.183464,14860800.180244446,73.1191,-0.0019507923,-0.00026190124,0.31094357,-0.36157984,0.47275123,-0.20780483,-0.42602888,0.16845457,0.17321798,-0.11888686,0.10722608,0.16009846
24.782608584568965,35.06521774078783,85.492004,6566399.786281586,72.418686,5.8967034e-06,1.3325628e-06,-0.08586211,0.8881519,0.3424755,-0.1720644,-0.1904687,0.41470397,-0.09250401,0.10595748,0.033792436,0.11121563
24.15217408195171,35.09782609021359,90.079155,18057600.097846985,71.79538,-3.9305226e-09,2.3285901e-08,-0.011936203,1.1934583,0.095592454,-0.00887166,0.022837857,1.0200664,0.79776806,0.21001711,-0.008710772,0.21019767
24.264492787947336,35.06521739309379,75.914215,5443199.830055237,72.35617,-0.037756376,-0.0364298,0.16596377,1.7177025,1.0184916,0.01309938,0.13219067,0.24236876,0.24178651,0.15301873,0.042640135,0.15884872
24.068840433535758,35.17753635462667,82.62194,4233599.898290634,72.18636,-2.7324997e-05,6.715594e-05,0.30375645,1.0702143,1.1839068,0.05617046,0.10376548,-0.07113805,0.19709346,0.11028086,0.09829837,0.14773096
24.800724541980035,35.0326085145684,80.91604,16502399.989700317,70.53945,6.393647e-05,-3.645454e-06,-0.078822516,-1.0188929,-0.23569117,-0.02293726,0.36375594,-0.12590253,-0.31476873,-0.15768245,-0.048780352,0.16505538
24.423912946628306,35.13405791039468,84.735344,10281599.557113647,72.66693,-1.4887932e-05,-1.49291445e-05,0.109442666,-0.060634032,0.33523676,-0.027063385,0.011872221,-0.009486273,0.18563265,0.0003900528,0.16859852,0.16859896
24.068840433535758,35.17753635462667,82.62194,9590399.752807617,72.436905,4.6145276e-05,7.9339254e-05,-0.02356729,1.4319339,0.82244265,0.13800822,0.09752004,0.008595064,0.10208217,0.1754817,0.10681518,0.20543444
24.677536062942007,35.07971042955572,84.775665,13478399.474716187,72.28424,2.3742186e-07,7.972196e-06,-0.16965654,-0.5418124,0.3427115,-0.020418413,0.080428354,-0.10429809,-0.14108971,-0.23459338,0.0874403,0.25035945
24.880434869565217,35.11594208344836,73.60822,13737599.675559998,73.69144,-0.83261985,-0.64335585,-0.29716137,-0.0020317584,0.3938169,0.21413353,0.14579104,-0.17369395,0.30546942,0.002897039,0.20990263,0.20992261
24.619565229179578,35.18478278215484,82.255135,6652800.036048889,71.556175,-4.7994818e-05,-2.8528282e-06,-0.07039069,-0.2984589,-0.17804597,0.12439561,-0.3480704,-0.24329726,0.1304163,-0.0853165,-0.07977131,0.11680055
24.340579657513896,35.072464168316,77.031204,6652800.036048889,72.8417,0.013389208,0.018375637,0.08941204,0.49672005,0.8569901,0.1265422,0.11570125,0.0036668964,-0.24688742,0.10608247,0.13311689,0.17021632
24.60144921950647,34.9456523441682,85.40489,10540799.757957458,71.65486,2.9995128e-06,-2.9928085e-06,-0.03565514,0.26494554,0.3609872,-0.5581509,-0.28507435,0.48505214,-0.10026855,0.066427544,0.1686036,0.18121754
24.268116089179838,35.07971042955572,81.07262,2332799.8879909515,72.61363,-0.00039863543,-0.00022399644,0.06551248,-0.57152617,0.29285043,-0.24104333,-0.0844514,-0.0910994,0.24783623,-0.13298199,0.076462254,0.15339714
24.507246418659868,35.018115659512056,74.98295,3369599.8686790466,72.8814,0.13922615,0.14440356,0.01924174,-0.43879354,-0.6044456,0.23192531,-0.05143228,-0.26708388,0.34797445,-0.12803333,-0.16274266,0.20706932
24.782608845879178,35.07246365433351,80.82854,17193599.794006348,70.502625,-5.0694503e-05,2.1315702e-05,0.15277416,-0.9383631,0.12947021,0.06475453,0.24330944,-0.24789473,-0.19075906,-0.2095739,0.033771552,0.21227749
24.369565205050215,35.10507235145331,81.59638,17971200.39653778,72.44424,-0.00021884768,0.000109855006,-0.27086025,-0.7352357,0.4685475,0.5096616,-0.21047515,0.27619055,-0.10119385,-0.21574703,0.15765531,0.26721147
24.235507135886934,35.09782643790763,86.62735,12355200.066947937,72.124664,1.579584e-06,1.2448759e-06,0.17113873,0.21513048,-0.23623465,0.0112340525,0.63092226,0.16786107,0.3409013,0.1181452,-0.09019321,0.14863749
24.409420342711783,35.02898555779556,73.23672,2332799.8879909515,73.08726,0.82121366,0.8632075,-0.09007578,0.51790774,-0.12537868,-0.054146774,0.27327204,-0.19506587,0.11665349,0.21589851,-0.07625586,0.22896971
24.659420157792983,35.13768139626715,82.9603,7862400.2420425415,71.8549,3.6146266e-05,3.5917874e-05,0.033253334,0.42346892,-0.18274355,-0.06375872,-0.2872004,-0.19105008,0.2977761,0.14464113,-0.092539616,0.17171091
24.60144921950647,34.9456523441682,85.40489,3715200.0450611115,71.20418,-2.0639277e-06,2.0963732e-06,0.13470197,0.7701255,0.28506863,0.32598042,0.30360126,-0.05600901,0.03509739,0.14364699,0.054625854,0.15368292
24.33695651306752,35.26449269887389,75.24537,16329599.49016571,73.259575,0.15840286,0.146568,0.1462523,-0.94348955,-0.1522695,0.40489885,-0.2820107,-0.270697,0.08107731,-0.110129,0.0028244562,0.11016521
24.264492787947336,35.06521739309379,75.914215,15897599.886703491,72.38476,0.03525376,0.037358526,0.3594874,0.32714644,0.11346177,-0.14453629,-0.23408529,0.19889781,-0.08266764,0.09581344,-0.0008549094,0.09581725
24.49275373635028,35.04710138474188,79.64641,172800.00249445438,72.32383,0.0008699111,-0.0011699429,-0.32345784,0.04937212,-0.41497213,-0.14990842,0.44966608,-0.10730549,0.1260623,0.04833761,-0.21043299,0.21591334
24.85869584610084,35.31159408476158,76.05999,14601599.979400635,73.11635,-0.065621965,-0.060225837,-0.07601352,-0.20978338,0.04851732,0.11170746,0.23684764,0.009585407,-0.050353475,-0.16905347,0.035907768,0.17282489
24.409420264318722,35.097825908808005,75.01247,16934399.593162537,73.04064,-0.099466145,-0.12700148,0.22925276,0.51893294,-0.5220536,-0.16580641,-0.004457388,-0.045876548,0.04004683,0.13355437,-0.10278712,0.16852883
24.880434869565217,35.11594208344836,73.60822,7775999.992275238,72.6204,0.3436293,0.3239941,0.0017453693,-0.5780678,-0.41077664,-0.12163863,0.26887873,0.5096625,-0.002735775,-0.18685395,-0.1490977,0.2390492
24.003623304347823,35.192029209683014,80.788605,13219200.370788574,72.75059,0.000590961,-0.0005292237,-0.3725793,0.45171574,0.32671416,-0.036261052,-0.5271177,-0.025991784,-0.1359443,0.11630837,0.09488439,0.15010224
24.278985653174068,35.159420527680346,80.15937,3196799.917602539,72.68874,-0.0006231575,-0.00087149144,0.06384869,-0.67581797,0.50091314,-0.30633304,-0.25519332,0.16733304,-0.106001206,-0.1424439,0.085086145,0.1659214
24.655797039477626,35.09782643790763,82.953125,7775999.992275238,71.95583,2.9765468e-05,2.7265516e-05,0.21699277,0.5242243,-0.08064102,-0.25401857,-0.23614076,0.036608532,0.5514883,0.15472616,-0.09030098,0.17914924
24.340579735906957,35.22101461745307,78.71513,3369599.8686790466,72.517876,0.0007974867,0.0032504254,-0.15635094,-1.2440487,-0.10781333,-0.30883414,-0.28438503,-0.009093551,-0.7415698,-0.24771665,-0.049874395,0.25268754
24.55434784521419,35.039855304907746,78.730316,9763200.252342224,72.19997,0.00047476258,-0.0023380264,0.32491392,-0.7792554,0.064378016,0.23343745,0.23544848,-0.014604004,0.35698697,-0.17649205,-0.0154866725,0.1771702
24.53985505838052,35.14492730981283,78.72631,9158400.149345398,72.21344,0.0006001625,-0.0024843428,0.091780245,-1.045653,-0.69043654,0.23352018,0.11749484,-0.15169759,0.116831556,-0.18826346,-0.07527257,0.20275377
24.275362351941567,35.02173896397893,79.32639,4233599.898290634,72.340294,0.0013715116,-0.0016076581,0.29245034,-0.062076494,0.1618559,-0.35516146,0.10344594,-0.040366154,-0.056414932,-0.047588155,0.038064793,0.06093899
24.33695651306752,35.26449269887389,75.24537,3196799.917602539,73.06931,0.1332477,-0.020878121,-0.34592432,-1.048398,-0.701145,-0.06456805,0.22819215,-0.09357579,-0.18827724,-0.20842746,-0.09534619,0.22920057
24.32608705359737,35.05434782738719,80.59564,12009600.164794922,72.592026,0.00063030445,0.0005035871,-0.086646,-0.5650766,0.31667525,0.4381174,0.3394408,-0.14773169,0.101336084,-0.09645612,0.053920597,0.11050436
24.822463669968496,35.11956556932083,79.471794,14601599.979400635,70.96245,0.00017162006,0.00011454469,-0.086805426,-0.919237,0.08448146,0.17943223,-0.17801982,-0.06688793,-0.13798955,-0.19146779,0.032430142,0.19419482
24.507246418659868,35.018115659512056,74.98295,7171199.889278412,72.83758,-0.0921487,-0.096380495,0.18101394,-0.97175646,-0.1769049,0.22232276,-0.09552532,-0.049512617,0.037550464,-0.06632914,-0.039408963,0.07715323
24.423912946628306,35.16304383214723,83.815254,9417600.350189209,72.3608,-5.819459e-07,2.539661e-05,0.23684973,-0.470988,0.21165082,0.3752947,-0.011706039,-0.21664871,0.22102764,-0.15996574,0.030634932,0.16287276
24.60144921950647,34.9456523441682,85.40489,12441599.768257141,71.99229,-3.3142212e-06,-1.8748815e-06,-0.15522176,-0.08684427,0.26533917,-0.4785605,-0.18041027,0.23065269,0.1779103,-0.01997663,0.1554817,0.15675977
24.2137679164399,35.101449394680465,78.1842,6998399.938201904,72.589455,0.0019144887,-0.0045936704,-0.048049413,0.9865372,0.9490722,-0.1642344,-0.21708512,0.1983298,0.08946203,0.15984713,0.123320825,0.2018889
24.409420185925658,35.126811301460926,78.58091,12182399.56741333,72.73152,0.0039634113,0.0022004035,-0.079379134,-0.554539,-0.1625568,0.05626997,0.22010946,-0.18992539,0.19792992,-0.13777539,-0.053907424,0.14794618
24.514492864338745,35.152173737341,77.98083,950400.0051498413,71.92268,0.002931833,-0.0021798213,0.13587056,-0.4597453,-0.08891931,-0.16418678,0.14541954,-0.23817028,0.10661081,-0.15703219,-0.05342555,0.16587164
24.235507135886934,35.09782643790763,86.62735,16934399.593162537,71.91546,-8.3486174e-07,2.8220282e-07,0.114429615,0.638613,-0.35234377,0.23403233,0.36098027,0.450487,0.6479158,0.15145168,-0.05614127,0.1615223
24.06159400092239,35.235507653915,77.223785,5270399.878978729,72.886314,0.018250601,0.017542254,0.3460286,2.1977882,1.3594881,0.026999936,-0.22515273,0.17540309,-0.35513255,0.13724478,0.098236114,0.16877933
24.72463775080654,35.097825908808005,83.506035,1382400.019955635,71.95929,2.0544097e-05,1.4299411e-05,-0.20933306,0.55558836,0.13588259,0.13641135,0.25754765,0.23645148,-0.3542569,0.15729943,0.031159312,0.1603559
24.171296292717127,35.10648163098043,78.049835,5702400.030899048,72.49014,0.0059761,0.004655958,0.25784153,1.167497,1.0267198,-0.2583654,-0.07086812,0.29924405,0.19244981,0.09918931,0.1618553,0.1898306
24.528985389862203,35.079710263267266,73.800804,16070400.386238098,73.73232,-0.915834,0.8937187,0.3247352,0.478641,-0.64036214,-0.24589086,0.1078761,-0.6699283,-0.06639786,0.18343204,-0.3225428,0.3710541
24.15217408195171,35.09782609021359,90.079155,172800.00249445438,72.56261,-9.855675e-08,9.820935e-08,0.075281106,-0.6883564,-0.31134322,0.54851305,-0.38428918,-0.3959743,-0.13974258,-0.18631044,-0.01710926,0.18709438
24.423912946628306,35.16304383214723,83.815254,8985600.19826889,72.28454,-9.709215e-06,3.1302882e-06,0.2516945,-0.57067406,0.2231155,0.38070738,-0.05606176,-0.2544685,0.20504618,-0.16278693,0.029334191,0.16540882
24.278985653174068,35.159420527680346,80.15937,9417600.350189209,72.921295,-0.0011750855,-0.0011778725,-0.101690225,-0.7397474,0.23125555,0.17571135,-0.5698608,-0.3320704,-0.17692849,-0.14029454,0.02639021,0.14275503
24.619565229179578,35.18478278215484,82.255135,12960000.169944763,71.75944,-2.578294e-05,5.8992795e-05,0.22629592,-1.6224353,-0.70957637,0.2959749,0.076957606,-0.46712396,-0.17495176,-0.11554118,-0.08675036,0.14448318
24.49275373635028,35.04710138474188,79.64641,13910400.175094604,72.102715,0.00085925957,0.00077442545,0.07571815,-1.0652653,0.24237768,0.21347892,0.28849617,-0.29537177,-0.06156242,-0.13813852,0.037521526,0.14314368
24.782608845879178,35.07246365433351,80.82854,3628800.0695228577,72.41721,0.00033698152,-0.00028641376,0.06279431,1.1447294,-0.034962293,0.23522395,0.108412124,0.30719072,0.2982159,0.3316101,-0.09710944,0.34553656
24.503623143558386,34.916666955294566,80.479385,12873600.46863556,71.729,-0.00016271695,7.915382e-05,0.31754446,-1.3668336,0.38866007,0.39866665,-0.021194011,-0.0104202535,-0.3520556,-0.19445154,0.07765688,0.2093848
24.35507260113369,35.04710138474188,76.478294,11664000.262641907,72.97036,0.028403379,0.039528873,-0.04331155,0.44225606,0.58634007,-0.2424855,0.15026225,-0.087171316,0.018215168,0.07997809,0.12818554,0.15108947
24.85869584610084,35.31159408476158,76.05999,14428799.479866028,73.12344,-0.06512372,-0.06637233,-0.082671486,-0.21581161,0.01625634,0.11300703,0.26143256,0.020009223,-0.035306074,-0.1691337,0.016534489,0.16993998
24.171296292717127,35.10648163098043,78.049835,13478399.474716187,73.305984,-0.012535937,-0.0019457092,0.12141143,-0.4189052,0.5803228,-0.22105765,-0.38519064,-0.043908656,0.076434106,-0.09887267,0.108444035,0.1467512
24.525362323808892,35.01449270273921,80.76379,1468799.9954938889,72.10164,8.8803405e-05,-0.00026876535,-0.15187377,-0.102813646,-0.5360355,-0.07722505,0.15532121,-0.15037979,-0.11235822,-0.037106037,-0.147886,0.15247008
24.15217408195171,35.09782609021359,90.079155,10799999.95880127,71.84779,-2.2544908e-08,-1.3497142e-09,0.44823727,-0.11762641,-0.48174834,-0.19971818,0.29257298,0.044615917,0.42181832,-0.032681335,-0.09863591,0.10390916
24.275362351941567,35.02173896397893,79.32639,14342399.778556824,72.57584,0.00036686173,0.0013619068,0.08039391,-0.809093,0.42444518,0.30303678,-0.12303611,-0.2837684,-0.148806,-0.16348854,0.10837151,0.19614507
24.17028990870767,35.119565206509655,75.23819,1468799.9954938889,72.7473,0.10077648,0.08506933,0.16668874,0.15972164,0.83709055,-0.21592557,0.20068195,0.058225125,-0.40926033,0.03311315,0.15032327,0.15392715
24.068840433535758,35.050724689208764,75.1399,9417600.350189209,72.25486,0.038721025,0.06564266,-0.27483144,1.637121,0.76351196,0.22150883,-0.022370346,0.030893773,0.71902776,0.18834655,0.08494258,0.20661478
24.60144921950647,34.9456523441682,85.40489,18143999.79915619,71.724724,-3.1631916e-06,3.1855313e-06,0.055262163,-0.45587522,0.2276488,-0.055766366,0.2481986,0.21918747,0.3820679,-0.19722214,0.18493967,0.27036875
24.268116089179838,35.07971042955572,81.07262,9071999.899578094,72.616585,-0.00040571566,7.344242e-05,-0.27877048,-1.0645419,0.06547753,-0.011276022,-0.31867626,-0.36692035,-0.13308442,-0.10586161,-0.0066672713,0.10607136
24.608695560661264,35.210145036629335,80.071884,3542400.093984604,71.78978,-3.7410853e-05,0.00044288673,-0.26682338,-0.30350113,0.15225658,0.059831083,-0.22832942,-0.07195175,0.3214907,-0.09981044,0.08918156,0.1338487
24.49275373635028,35.04710138474188,79.64641,5443199.830055237,71.823784,-0.00030810572,0.0005739463,0.35634956,-0.65573466,0.23668449,0.26534182,-0.62661046,-0.4236404,-0.008935269,-0.091542274,0.020432085,0.09379476
24.409420264318722,35.097825908808005,75.01247,3196799.917602539,72.54,0.10123472,0.055254836,0.21947622,-0.11937474,0.4344536,0.25841364,0.1466172,-0.01472519,0.36613932,-0.028320825,0.10120938,0.10509713
24.586956589458925,35.03623181903528,81.050644,1814400.0347614288,71.81007,-9.5690346e-05,-0.00020111322,0.0019065738,0.07457669,-0.52083665,0.12791911,0.16561347,-0.11999376,-0.03532295,0.038330555,-0.113576636,0.119870275
24.35507260113369,35.04710138474188,76.478294,1468799.9954938889,72.56209,0.011849057,0.024107747,0.072018184,0.07866296,-0.18193303,-0.071016125,-0.051738128,-0.052924026,0.09115084,0.047835875,-0.04243054,0.06394233
24.677536062942007,35.07971042955572,84.775665,1900800.0102996826,71.94813,-7.3985854e-07,6.0358366e-06,0.104228586,0.25952032,0.4212342,0.30012894,0.15235138,0.14589365,-0.1699363,0.114110425,0.11394748,0.16126134
24.619565229179578,35.18478278215484,82.255135,11145599.860954285,71.74306,4.3333537e-05,-2.8202198e-06,0.34870958,-1.4887121,-0.78248376,0.30843976,0.14309557,-0.3474399,-0.07078748,-0.17382905,-0.1319647,0.21824577
24.576087129988778,34.96376817111452,80.53768,16675200.489234924,71.441696,0.0002292905,0.00022934779,-0.004629746,-1.1143688,0.45370078,0.18617286,0.15891713,-0.07048409,0.04951988,-0.16221674,0.07922338,0.1805287
24.55072462237475,35.07608730649443,88.70044,8553600.046348572,72.65922,-3.8451336e-07,-2.4831638e-07,-0.10478582,0.34885833,0.80876005,0.054232366,0.020583857,0.20309824,-0.4117363,0.08824977,0.14169425,0.16692898
24.293478074173446,35.130434424522214,78.52256,16243199.788856506,72.74415,-0.0048006303,0.0038091487,0.24215075,-0.731791,0.37457117,0.2171725,-0.13983208,-0.010936383,-0.07852723,-0.12678277,0.08006236,0.14994617
24.340579657513896,35.072464168316,77.031204,5270399.878978729,72.67739,0.004648771,-0.013991086,0.15266657,0.53243005,0.8061716,0.05787961,0.048098926,0.09950727,0.090336934,0.058221072,0.12356581,0.13659503
24.47463793572534,35.15579704180788,74.131996,10627199.459266663,73.19753,-0.42290172,0.3482792,0.058302853,-1.3851985,-0.5048669,0.17876768,0.0538711,-0.63617253,-0.71757096,-0.15351322,-0.06961375,0.16855973
24.409420264318722,35.137681214861566,85.684586,5875199.981975555,72.08221,-4.0624977e-07,-2.0970958e-06,0.3975088,-0.70936453,0.15416592,-0.086287566,-0.13930202,-0.2506631,0.36448067,-0.19435602,0.031763732,0.1969345
24.49275373635028,35.04710138474188,79.64641,6739199.737358093,71.86711,0.00070927624,0.0007620159,0.41397053,-0.54010296,0.35356596,0.38542983,-0.3397801,-0.42425114,-0.07521399,-0.09592411,0.012869023,0.096783504
24.43478251062254,35.050724689208764,81.254395,8899199.948501587,71.92963,-2.1730068e-05,-0.000121241326,0.1944704,-0.5369683,0.3978624,0.35415286,-0.03260622,-0.2493514,-0.06946047,-0.17803256,0.09082947,0.19986393
24.177536001617764,35.01449252133363,77.3516,9071999.899578094,72.31991,-0.009147073,-0.0009111273,-0.12641805,1.8106279,0.621661,0.051915668,0.30454752,-0.04230854,0.22562277,0.15876678,0.05701551,0.16869397
24.336956356281394,35.12681217825459,78.56935,17020800.39138794,72.55864,-0.0029351108,-0.0013594542,0.094013825,-0.55110943,0.34046212,0.24598527,-0.1617229,0.01861842,-0.17434591,-0.1385183,0.099275514,0.17041992
24.43478251062254,35.050724689208764,81.254395,16329599.49016571,71.990616,-4.5585864e-05,-0.00018427715,-0.11023509,-1.1990749,0.41555226,0.22740394,-0.107637964,-0.0757598,-0.2867099,-0.18726057,0.08441824,0.20540924
24.40217392316393,35.07246365433351,77.73675,15638399.68585968,72.49905,0.0062635676,-0.007429911,0.19985226,-0.17777655,0.21344393,0.0021952242,-0.112269185,-0.2034559,-0.11660544,-0.012934923,0.05904685,0.060447022
24.40579730278949,34.98550712868071,82.545616,1728000.059223175,71.79216,-5.0109513e-05,-3.8499584e-05,-0.07420459,-0.5209861,0.0401934,-0.3137005,-0.3537636,-0.15834378,-0.2145147,-0.15177576,-0.013045087,0.15233535
24.373188349496587,35.09782609021359,73.044136,16588799.691009521,72.86336,0.6858783,0.7288956,0.19860291,1.0073727,-0.614586,-0.20040476,0.26585975,-0.21798208,0.21385768,0.18158871,-0.10197493,0.20826268
24.75362311542571,35.148550251468535,82.31272,12960000.169944763,71.35921,2.9212028e-05,3.6473106e-05,-0.032161184,-1.1755515,-0.5204165,0.32686493,-0.10165755,-0.41676065,-0.21272224,-0.19732739,-0.07772126,0.2120818
24.57246390714934,35.13405809180027,82.83649,8208000.144195557,71.89886,3.7383772e-05,1.1285078e-05,0.2247912,-0.6087029,-0.009383414,0.14319852,-0.31290558,-0.39192972,0.48033997,-0.071983,-0.03678888,0.08083919
24.423912946628306,35.16304383214723,83.815254,5702400.030899048,72.1041,-2.0307167e-05,8.665049e-06,0.20837077,-0.62048733,0.37589917,0.08333921,-0.057630263,-0.2569011,0.4719677,-0.1700408,0.15694645,0.23140022
24.507246627708035,35.15217355593542,72.15966,8639999.747657776,72.83324,-0.53238916,0.3971983,0.01795187,-1.2336036,-0.8616983,0.028482009,0.042000227,-0.15855075,-0.15769655,-0.09579374,-0.057493336,0.11172253
24.43478251062254,35.050724689208764,81.254395,10281599.557113647,72.11661,0.000121883684,-0.00020786547,0.13915327,-0.5533892,0.41474974,0.49042836,0.27421978,-0.1551257,0.10336227,-0.13573939,0.060485326,0.1486057
24.351449221508126,35.36231895652174,77.53338,1209599.9317646027,72.27323,-0.0076309573,0.007855458,-0.4294226,-0.26486224,-0.67841923,0.023979954,0.35473576,0.11602844,-0.95357215,-0.09167142,-0.16756904,0.19100532
24.822463669968496,35.11956556932083,79.471794,5529600.07982254,72.52585,-0.00033481518,-0.0012394876,0.35464215,0.40957454,-0.23820622,-0.03602928,0.1304944,0.3838086,0.27884492,0.2637338,-0.13232358,0.29506788
24.518115930392057,35.170290078269815,76.7112,777599.9855160713,72.022766,0.0063087186,-0.0063454206,0.19437224,-0.8187684,-0.1252958,-0.0143325105,0.2988647,-0.23799294,0.1283392,-0.18542427,-0.028987825,0.18767646
24.409420264318722,35.097825908808005,75.01247,3628800.0695228577,72.51612,-0.04019859,0.014127,0.22003847,-0.13048898,0.44030896,0.25442955,0.1154137,-0.0046518333,0.3601169,-0.023962393,0.091757625,0.0948349
24.55072462237475,35.07608730649443,88.70044,16588799.691009521,73.05132,-5.043917e-07,-5.5248563e-07,-0.1571331,1.2933143,0.05689557,-0.12475679,-0.045147233,0.5533638,0.46404427,0.16540805,0.016234383,0.16620281
24.579710091518006,35.06884069756067,84.24473,12960000.169944763,72.54218,-1.9792584e-05,1.9262749e-05,-0.10112149,-0.2704756,0.356062,0.15482807,0.29453716,-0.025660474,-0.02584257,-0.106005505,0.10332647,0.14803217
24.3913043591697,35.05434799367564,86.750465,10627199.459266663,72.33065,2.911247e-07,1.0687642e-06,-0.15036416,-0.06497234,0.39962453,-0.29574367,-0.020345613,0.09169831,-0.0061436556,0.005737081,0.14484906,0.14496264
24.3913043591697,35.05434799367564,86.750465,18403200.0,72.38448,-1.3299716e-06,6.321435e-07,-0.06584919,0.49665007,-0.269503,0.16605192,0.26378614,0.5714077,0.35076797,0.19910087,-0.057081718,0.2071219
24.340579657513896,35.072464168316,77.031204,12182399.56741333,73.01547,-0.024101771,-0.016252456,-0.06299634,-0.029599212,0.4652405,-0.30581427,0.054434426,-0.115372665,-0.05225213,0.0024165586,0.11414191,0.11416749
24.623188347494935,34.98550731008629,86.27349,4665599.775981903,71.29003,-3.2716594e-07,4.970447e-07,-0.0039322227,0.67641187,0.74636084,0.38117412,0.27622265,0.085132934,0.2792753,0.17423828,0.11579926,0.2092091
24.49275373635028,34.95652190987481,78.13308,8467199.796581268,72.49878,-0.0035380153,0.0025283785,0.58952224,-0.7634839,0.17525952,0.18482637,0.19072437,-0.09915107,-0.47403136,-0.19201705,0.050281882,0.19849135
24.358695745580064,35.14492749121842,79.46463,17452799.99485016,72.53604,0.0014993018,-0.0012731509,-0.14194983,-0.6318753,0.406302,0.44788778,-0.16008133,0.09259738,-0.047508776,-0.16472393,0.0693679,0.17873411
24.880434869565217,35.11594208344836,73.60822,7084800.187969208,72.40064,-0.28089857,-0.29292282,0.05282159,-0.59604686,-0.50468165,-0.0704475,0.27933496,0.5181129,-0.07693271,-0.14613765,-0.15033492,0.20965877
24.800724541980035,35.0326085145684,80.91604,12009600.164794922,71.53143,9.305271e-06,3.7421334e-05,-0.37660304,-0.3616696,0.23395145,-0.10821051,-0.2429077,0.075837344,0.22767904,-0.10450658,0.07420852,0.12817383
24.822463669968496,35.11956556932083,79.471794,14687999.680709839,70.94039,0.00016876572,0.00014028799,-0.07685379,-0.9245894,0.098852724,0.18924011,-0.17428803,-0.07988675,-0.13874996,-0.19489338,0.036526088,0.19828662
24.33695651306752,35.26449269887389,75.24537,345600.00498890877,73.31517,-0.1690233,-0.16903342,-0.13265172,-0.35566574,-0.12379594,-0.09505091,0.49679786,0.18018967,-0.22874904,-0.14243671,-0.051456887,0.15144646
24.351449221508126,35.36231895652174,77.53338,1814400.0347614288,72.05139,-0.0060329414,0.0063916077,-0.41153553,-0.449558,-0.84306306,0.03350853,0.34213027,0.045244515,-0.95466036,-0.105713695,-0.15849224,0.19051293
24.286231733018653,35.16304365074164,82.86601,7862400.2420425415,72.717834,-8.4832944e-05,3.47458e-06,0.023315715,-0.36161894,0.33947366,0.103927925,-0.32605502,-0.33021304,0.049146663,-0.116208166,0.08430135,0.1435655
24.481884276880134,35.21376834109622,79.042,11923200.463485718,72.073326,0.0016194844,-0.00028875814,0.24828666,-1.2768931,-0.68354374,0.30915695,0.15390997,-0.25737476,0.018805139,-0.18281862,-0.099585205,0.20818229
24.677536062942007,35.07971042955572,84.775665,12095999.866104126,72.42414,2.7183119e-06,8.996428e-06,-0.021916956,-0.41668898,0.3405395,-0.061062686,0.005285561,-0.1388898,-0.2542931,-0.162585,0.10173006,0.19178866
24.2137679164399,35.101449394680465,78.1842,6047999.933052063,72.57431,0.004910271,-0.0034458558,0.10330397,0.7307519,0.91907126,-0.24205995,-0.13769898,0.24245998,0.084174305,0.09994703,0.15817414,0.18710549
24.481884276880134,35.21376834109622,79.042,9590399.752807617,72.10665,0.0005402002,-0.00091512874,0.03537363,-1.582017,-1.0979452,0.18236744,0.13289306,-0.17995504,-0.21224767,-0.22587554,-0.17751566,0.2872831
24.471014503837736,35.137681214861566,84.09494,13305600.072097778,72.78374,6.0129455e-06,-2.7517366e-05,0.02773915,-0.16770914,-0.033526126,-0.038614117,0.15866026,0.11791447,0.2602523,-0.15182923,-0.061630126,0.16386087
24.521739153231497,35.18115965909355,80.50853,17193599.794006348,71.8702,0.00016025869,9.8284465e-05,0.01445841,-1.674345,0.49567407,0.5465771,-0.25889677,-0.27465332,-0.26231274,-0.24029459,0.045858547,0.24463135
24.24275355543479,35.275361916886446,83.709785,18057600.097846985,72.373795,-2.892006e-05,-3.3275492e-06,-0.84341335,0.3181907,0.27803728,-0.10933968,-0.286064,0.2162116,0.12694189,0.16408792,0.09054838,0.18741359
24.514492864338745,35.152173737341,77.98083,3628800.0695228577,71.86958,0.0003818294,0.0033394436,0.097356245,-0.88125765,-0.12536667,0.122373715,-0.39090043,-0.33862466,0.19748622,-0.17049605,0.012916476,0.17098461
24.5036234048686,34.94565269942081,84.86278,10108800.15449524,71.67952,4.7982853e-06,5.2417595e-06,-0.29398823,-0.31850517,0.08848418,-0.063957356,-0.33990294,0.18918687,-0.15743983,-0.16895965,0.050937936,0.17647107
24.409420264318722,35.097825908808005,75.01247,2592000.0888347626,72.59865,0.107571065,0.10712263,0.24258828,-0.13238037,0.42809623,0.2492615,0.16625144,-0.02613695,0.3467161,-0.051744018,0.11145845,0.122883804
24.152173912100075,34.942029039701325,85.189964,6047999.933052063,73.1961,-1.3540508e-05,8.134346e-06,-0.20378345,-1.543324,-0.22560062,0.41310233,-0.3912213,-0.41346166,-0.107594945,-0.20877297,-0.044302985,0.2134219
24.57246390714934,35.13405809180027,82.83649,5270399.878978729,71.85592,3.8256272e-05,3.9530438e-05,0.068817094,-0.22183004,0.36495304,0.14399263,-0.41967294,-0.1554093,0.5450213,-0.059643388,0.08107501,0.10065034
24.576087129988778,34.96376817111452,80.53768,3542400.093984604,71.89813,-0.0002867711,1.1561014e-05,0.198639,0.32028592,-0.4059712,-0.07871806,0.0470053,-0.3202818,-0.25372982,0.1254766,-0.11336743,0.16910514
24.442029139218562,35.043478080275,76.86345,17625600.494384766,72.9201,0.023958588,0.026446654,0.103460334,0.03757976,-0.24556716,-0.13729534,-0.07372738,-0.20870219,0.2296496,0.037650198,-0.10145204,0.108213
24.35507260113369,35.04710138474188,76.478294,5788799.732208252,72.65239,0.018567322,-0.00468424,0.34991547,0.7350093,0.7674275,0.055112228,0.079792485,0.15161344,0.061520636,0.12715383,0.11874035,0.1739752
24.75362311542571,35.148550251468535,82.31272,11836799.665260315,71.4951,3.3878005e-05,4.6943827e-05,0.028655905,-0.7121844,-0.55538327,0.27732214,-0.13797385,-0.28231516,-0.068442285,-0.11286649,-0.1303519,0.17242524
24.62318819070881,35.09782625650204,81.14894,1555199.9710321426,71.61687,4.319824e-05,-6.755611e-05,-0.15783429,0.07594961,-0.28764668,0.1424051,0.19882768,-0.080803126,0.15283443,0.07397939,-0.11649874,0.13800327
24.340579657513896,35.072464168316,77.031204,17884799.598312378,72.695786,-0.008370435,0.018407812,0.1013217,0.18197316,-0.13582093,-0.11086271,-0.22999218,0.2512579,0.10320842,0.08704649,-0.03690255,0.0945457
24.62318819070881,35.09782625650204,81.14894,8726399.99742508,71.86703,1.1097069e-05,-0.00012516782,0.27268907,-0.38123408,-0.36450493,0.0035006627,-0.049292564,-0.048738915,0.5529788,-0.020038627,-0.12730448,0.12887195
24.409420264318722,35.137681214861566,85.684586,12441599.768257141,72.78971,-5.8966903e-06,-6.2486174e-06,0.054907024,0.3894017,0.29371774,0.027066384,0.21038169,0.155492,0.23819965,0.1762593,0.122796044,0.21481667
24.264492787947336,35.06521739309379,75.914215,3023999.9665260315,72.2347,0.033768337,0.02997467,0.283033,0.8776909,0.72506243,-0.06639365,-0.013051003,-0.09080619,0.0816624,0.12701967,0.09291451,0.15737568
24.17028990870767,35.119565206509655,75.23819,14428799.479866028,72.51265,-0.08067143,0.07566732,0.1907981,0.124142185,0.58757913,-0.3924814,-0.4117482,0.19569542,0.101668134,0.038709074,0.26311454,0.26594672
24.278985574781007,35.18478260074926,85.36457,16588799.691009521,71.82187,3.6582185e-06,1.1782437e-06,-0.4637913,0.44364432,-0.44680762,-0.11328039,0.075204834,0.42393562,0.31546926,0.1016937,-0.07886739,0.12869217
24.365941903817713,35.11594190204278,77.940506,9763200.252342224,73.03241,0.008441464,-0.007870141,-0.40275398,-0.17721593,0.17138924,0.021273166,-0.034184277,-0.16756532,-0.28148475,-0.11914576,0.037231088,0.12482734
24.800724541980035,35.0326085145684,80.91604,4838399.727058411,72.77768,0.0005516441,0.00044080248,0.22609872,1.3243093,0.07216801,0.06294757,0.1175332,0.10390517,0.36005455,0.2941891,0.051357508,0.29863828
24.43478277193275,35.06521686399416,78.38795,15897599.886703491,72.24723,6.7302295e-05,0.0008229663,0.12593819,-0.67512643,0.1869514,0.0735471,-0.07836319,-0.3520622,-0.1827277,-0.07373954,0.05282098,0.09070599
24.49275373635028,35.04710138474188,79.64641,17193599.794006348,71.82869,0.0003603217,0.000521808,0.037972994,-1.6249913,0.19093443,0.1476096,-0.13600382,-0.37200886,-0.18350118,-0.13662846,0.037310764,0.14163132
24.608695560661264,35.210145036629335,80.071884,1036799.9806880951,72.08579,-1.4502734e-05,-0.0004894998,-0.08443827,-0.3264987,0.35615587,-0.1340287,-0.17641333,-0.30780283,0.31983384,-0.15620063,0.21801603,0.268197
24.75362311542571,35.148550251468535,82.31272,9244799.850654602,71.885544,-6.5557883e-06,6.0344995e-05,0.08512364,0.75016606,-0.35754982,0.10751911,-0.051418886,-0.0057933927,0.07489274,0.14639089,-0.10026993,0.1774383
24.55072462237475,35.07608730649443,88.70044,2246400.0495672226,71.6699,7.979357e-08,1.2126199e-07,0.24183252,-0.13984975,0.5659445,0.4950383,-0.10056143,-0.09200406,0.46871394,-0.0054394156,0.1401583,0.14026381
24.55434784521419,35.039855304907746,78.730316,3628800.0695228577,71.86675,0.0012964406,0.0017927489,0.0786531,-0.31858522,-0.7426881,0.14116806,-0.14207157,-0.25701112,0.15166786,-0.04630454,-0.21782486,0.22269212
24.373188349496587,35.09782609021359,73.044136,12095999.866104126,72.867455,-0.84711736,0.6801755,-0.10791617,0.77128136,0.4627551,0.0010561496,-0.08379216,-0.62643147,-0.017166078,0.16586623,0.085680276,0.18668881
24.15217408195171,35.09782609021359,90.079155,3456000.11844635,71.55899,-1.03895355e-08,1.724564e-08,0.13608253,-0.22520295,-0.15893596,0.61467445,0.1400596,-0.12219468,-0.035770997,-0.20062256,-0.07163715,0.21302885
24.2137679164399,35.101449394680465,78.1842,13996799.876403809,73.08484,-0.0090959435,-0.003451734,0.21910718,-0.7670151,0.46514198,-0.18078148,-0.20073643,-0.070641354,-0.0486307,-0.15877156,0.088495016,0.18176846
24.340579657513896,35.072464168316,77.031204,14428799.479866028,72.69995,0.003903579,-0.01564614,0.22824803,0.06451014,0.3333215,-0.24180895,-0.076746665,-0.010306204,-0.065061636,0.07000209,0.12265608,0.14122608
24.521739153231497,35.18115965909355,80.50853,1209599.9317646027,72.08399,-0.00038747184,0.00030653152,-0.08589143,-0.3694348,0.59514505,-0.031502135,-0.32686064,-0.20762265,0.12892973,-0.12637852,0.19885749,0.23561798
24.177536001617764,35.01449252133363,77.3516,2332799.8879909515,72.18783,0.00031674455,-0.0051249196,0.59260505,0.47210625,-0.17175508,-0.37492338,0.45619136,-0.327891,0.012266824,0.14907485,-0.072831705,0.16591495
24.626811465810288,35.05797113185407,83.9315,4060799.9472141266,71.6348,-1.6790474e-06,-1.0968821e-05,0.2370151,0.7708615,0.42905045,-0.0127862245,-0.09950305,0.1448816,0.35907453,0.27756557,0.09353337,0.29290125
24.49275373635028,35.04710138474188,79.64641,2764800.03991127,71.87837,-0.0007801683,0.0005865938,-0.038665004,-0.3779777,-0.25636932,-0.08610427,-0.33507282,-0.16549143,0.17442438,-0.07593998,-0.08922679,0.11716784
24.75362311542571,35.148550251468535,82.31272,12787199.670410156,71.37608,3.8793016e-05,3.9290724e-05,-0.025266849,-1.114374,-0.53469974,0.32079935,-0.11248938,-0.40156475,-0.19149229,-0.18817453,-0.08317459,0.20573689
24.152173912100075,34.942029039701325,85.189964,15811200.185394287,72.47374,1.3421892e-06,-1.6940917e-06,0.03323661,-0.50853014,0.09529793,0.113342576,0.012749534,0.0040721707,0.5296,-0.04944225,0.014141157,0.051424786
24.06159400092239,35.235507653915,77.223785,15897599.886703491,73.434265,0.027487794,0.015916418,0.16244096,0.5702704,0.14382821,0.25810978,-0.5819955,-0.13959336,0.6041249,0.17155583,0.062905386,0.18272518
24.822463669968496,35.11956556932083,79.471794,17366400.293540955,70.5962,1.4929362e-05,4.5847326e-05,0.42859617,-0.30389166,0.40172347,0.34264836,0.1156306,-0.34841403,-0.023967016,-0.07234034,0.1663519,0.18140033
24.822463669968496,35.11956556932083,79.471794,9590399.752807617,72.04209,0.0010580582,0.00031047835,0.04633941,0.2979597,-0.25524056,-0.1650058,-0.18167502,0.27850068,0.10949529,0.11979733,-0.1763532,0.2131944
24.521739153231497,35.18115965909355,80.50853,5615999.781131744,71.82462,-0.0001993021,-8.677431e-05,-0.16770142,-1.0021033,-0.2515892,0.19882143,-0.2991271,-0.15788808,0.16565189,-0.1649541,-0.026856659,0.1671261
24.235507135886934,35.09782643790763,86.62735,13996799.876403809,71.95527,1.2787075e-06,-1.056208e-06,0.2312521,0.42915705,-0.3197338,0.15343028,0.71665746,0.2936827,0.61346436,0.12763241,-0.09936754,0.16175272
24.43478277193275,35.06521686399416,78.38795,12095999.866104126,72.66609,0.0044046743,0.0038653882,0.10594442,-0.36265105,0.24933413,0.20030838,0.45882124,-0.12626526,0.2756527,-0.12318583,0.06382613,0.13873905
24.293478074173446,35.130434424522214,78.52256,6652800.036048889,72.770546,0.0028330109,0.000885601,-0.11901825,-0.36946726,0.49805528,-0.18018505,-0.3989231,0.05595707,-0.29025397,-0.090242915,0.08304597,0.12263937
24.33695651306752,35.26449269887389,75.24537,12355200.066947937,72.67234,-0.09063029,0.041095458,-0.023883283,-1.3884599,-0.57216614,0.2304174,-0.31282875,-0.4526269,-0.38604364,-0.19181694,-0.06428148,0.20230137
24.235507135886934,35.09782643790763,86.62735,12614400.267791748,72.08863,1.5349706e-06,1.2117209e-06,0.18647128,0.25627327,-0.24750383,0.037258,0.66171604,0.19224715,0.39567345,0.1296097,-0.09307639,0.15956782
24.278985653174068,35.159420527680346,80.15937,6912000.2368927,72.575165,0.00092603924,-0.00016506472,0.12912364,-0.621699,0.404249,-0.08705708,-0.53158295,-0.009126166,-0.13230139,-0.22353919,0.11348019,0.2506941
24.40217392316393,35.07246365433351,77.73675,13046399.871253967,72.864494,-0.01111352,1.4409501e-05,0.0788537,-0.12632023,0.29088315,-0.08363425,0.20304489,-0.13840812,0.17608565,-0.049345244,0.08860284,0.10141704
24.503623143558386,34.916666955294566,80.479385,15206400.082397461,71.55918,-0.0002415704,-0.00027010636,0.11029669,-0.94162977,0.6718878,0.35593343,0.08563519,-0.12108472,-0.0884785,-0.17851685,0.13248326,0.22230627
24.471014503837736,35.137681214861566,84.09494,16070400.386238098,72.61493,2.0268471e-05,3.7394896e-06,-0.15456924,-0.39506063,-0.051287625,0.098213665,-0.0054433197,0.33449498,0.042007796,-0.17953768,-0.04726076,0.18565387
24.782608584568965,35.06521774078783,85.492004,864000.0296115875,71.850105,-2.3708599e-06,3.4412271e-06,0.17931747,0.19918182,0.48059154,0.30196136,0.04226692,0.3924816,-0.7041844,0.1014875,0.14671847,0.17839849
24.409420185925658,35.126811301460926,78.58091,1987199.9858379364,72.32858,-0.0030149252,0.0018047319,0.15979947,-0.86767817,0.3313107,0.1146667,-0.37510547,-0.1805897,0.32663888,-0.2641098,0.12730905,0.29319206
24.47463793572534,35.15579704180788,74.131996,1900800.0102996826,72.9444,0.23958679,0.32399896,0.43196788,-0.98722935,0.3860529,0.18200023,0.44886452,-0.044741414,0.36898243,-0.17265035,0.07590122,0.18859783
24.60144921950647,34.9456523441682,85.40489,4319999.873828888,71.24291,-2.079316e-06,1.990203e-06,0.154744,0.9509175,0.37086254,0.30860928,0.34420612,-0.0006846264,0.12909055,0.16364104,0.06165625,0.17487104
24.55072462237475,35.07608730649443,88.70044,17884799.598312378,73.1973,3.791066e-07,3.5122412e-07,-0.19393224,1.3292062,-0.037527066,-0.14694151,-0.16903552,0.59454465,0.34776008,0.11582373,0.011537492,0.11639695
24.576087129988778,34.96376817111452,80.53768,17452799.99485016,71.39227,0.00021733608,3.7173077e-06,-0.01413146,-1.0674592,0.37407777,0.16778594,0.2516378,-0.09171614,0.12993464,-0.18690428,0.0555014,0.1949708
24.32608705359737,35.05434782738719,80.59564,86400.00124722719,72.4575,-0.00049625884,0.00028122353,-0.06432801,-0.8960744,0.03425367,0.08907093,-0.21049991,-0.053673472,0.30723527,-0.0816491,0.024003632,0.08510435
24.55072462237475,35.07608730649443,88.70044,13824000.4737854,72.605675,1.2436631e-07,-3.6644488e-07,-0.21696764,1.136055,0.3863674,0.061967805,0.03929668,0.30879757,0.41548058,0.19632423,0.0796857,0.21187972
24.623188347494935,34.98550731008629,86.27349,12268800.365638733,72.226845,-2.4153628e-06,-4.4082176e-07,-0.14831516,-0.038016714,0.33792764,-0.42161465,0.022440344,0.2433075,0.10866876,-0.032339014,0.10564032,0.11047936
24.24275355543479,35.275361916886446,83.709785,6134400.182819366,72.88649,3.1106792e-05,-1.8061657e-05,0.34249526,1.6623659,1.3639011,3.8936734e-05,0.090956464,0.34434912,0.13177457,0.14049552,0.17123634,0.2214969
24.286231733018653,35.16304365074164,82.86601,1209599.9317646027,72.8533,-4.9804577e-05,7.366675e-05,-0.20731664,-0.34258008,0.477955,-0.08540956,-0.33459854,-0.05486087,0.012932591,-0.10210661,0.14902261,0.18064745
24.52536253285706,35.05797113185407,79.99595,13046399.871253967,72.107315,0.0004285792,0.00068146264,0.04090028,-0.9519607,0.14090787,0.27276486,0.40685236,-0.19905072,0.020661205,-0.14243184,0.011246547,0.14287516
24.507246627708035,35.15217355593542,72.15966,15120000.381088257,73.2696,-0.1998142,-0.2295391,0.18444198,0.4960753,-0.5122236,-0.26019904,0.1918748,-0.45175114,-0.35143933,0.14521015,-0.06560689,0.15934318
24.49275373635028,34.95652190987481,78.13308,8985600.19826889,72.53259,-0.00221058,0.0044216616,0.6055637,-0.76743126,0.20484017,0.17811516,0.26650923,-0.03273563,-0.46483594,-0.21021503,0.05152251,0.2164369
24.423912946628306,35.13405791039468,84.735344,16847999.891853333,72.60275,-4.0949662e-06,-7.201949e-06,-0.20226195,-0.016754732,-0.12065509,0.19850297,0.08147991,0.4613449,0.13739395,0.03374788,-0.11457458,0.11944143
24.55072462237475,35.07608730649443,88.70044,6912000.2368927,72.22704,-2.3813485e-07,-1.685746e-07,-0.10607123,-0.104000986,0.5877491,0.26133248,0.16512127,0.048562028,-0.04154025,0.0028290004,0.14986293,0.14988963
24.442029139218562,35.043478080275,76.86345,10540799.757957458,73.08426,-0.025985627,-0.02164924,0.22001302,-0.31121093,0.27273065,0.1033356,0.45238054,-0.046935398,0.23912203,-0.037354805,0.016942047,0.041017246
24.49275373635028,34.95652190987481,78.13308,6566399.786281586,72.44282,-0.0042064735,-0.0008324327,0.43049064,-0.6201154,-0.01080187,0.14078347,-0.1046269,-0.27955166,-0.3373493,-0.21331123,-0.03051022,0.21548213
24.880434869565217,35.11594208344836,73.60822,8035200.193119049,72.71045,0.43625125,0.36981156,-0.017650515,-0.5700519,-0.36429673,-0.1373676,0.26059178,0.49784645,0.025060773,-0.20049863,-0.13851058,0.24369013
24.731884091961334,34.88405773852335,82.62194,7689599.742507935,71.903595,3.930315e-05,5.100674e-05,0.05689132,1.5149575,0.31151915,-0.029730119,0.021164298,-0.105890356,-0.02008479,0.24345675,0.06823005,0.25283697
24.731884091961334,34.88405773852335,82.62194,10886399.660110474,71.53827,-2.9088318e-05,1.1953194e-06,0.19948888,1.7867526,0.74689513,-0.046598084,0.0077054575,0.028035086,0.4786504,0.13270487,0.101900294,0.16731483
24.177536001617764,35.01449252133363,77.3516,4319999.873828888,71.80432,-0.0034598727,-0.0005195249,0.47426668,1.1570587,-0.015489098,-0.3085689,0.6437218,-0.18609682,0.14044261,0.14715657,-0.007916823,0.14736937
24.293478074173446,35.130434424522214,78.52256,13564800.27294159,72.9346,-0.0010978777,-0.0010350402,0.13805327,-1.0997823,0.14309032,-0.016983382,-0.01160875,-0.17960961,-0.016653687,-0.09929159,0.0062380433,0.09948736
24.782608845879178,35.07246365433351,80.82854,259199.99517202377,71.818275,0.00024551846,2.8754575e-05,-0.21096748,0.43101904,-0.33599406,0.21604908,0.33178714,0.066311665,-0.19736266,0.090846255,-0.067844555,0.11338398
24.55434784521419,35.039855304907746,78.730316,11923200.463485718,72.234276,0.0012197893,-0.0017941899,0.18656921,-1.0195582,0.10157442,0.17400762,0.31631768,-0.027690409,0.18349001,-0.102848575,0.0098848175,0.1033225
24.40217392316393,35.07246365433351,77.73675,16934399.593162537,72.438835,-0.005996917,-0.007114595,0.12088487,-0.25443423,0.052147694,-0.015584342,-0.18613717,-0.11382282,-0.106871866,-0.034957856,0.0033881292,0.03512166
24.271739312019278,35.0833337340226,74.97577,11923200.463485718,73.047005,0.07600197,0.10277108,-0.1456443,0.31015792,0.80522215,-0.30013275,-0.020794153,-0.22389959,-0.12780565,0.084278435,0.13477911,0.15895994
24.481884276880134,35.21376834109622,79.042,18316800.298690796,72.274605,0.0018756019,0.001962233,-0.07176121,-1.2683269,0.91898364,0.73651433,-0.23811296,-0.13317657,0.102485985,-0.22014485,0.101779856,0.24253432
24.242753659958876,34.931159481553294,83.59315,5529600.07982254,72.73092,1.6927901e-05,-4.0168867e-05,0.05873148,-1.5155349,-0.55782413,0.13449042,-0.08805812,-0.3267796,-0.5038011,-0.23956656,-0.08554797,0.25438276
24.242753659958876,34.931159481553294,83.59315,7343999.840354919,72.456795,-3.268289e-05,-3.520753e-05,-0.20281264,-1.9419596,-0.48717344,0.35817647,-0.23604655,-0.41836375,-0.42694557,-0.3214119,-0.05799526,0.3266023
24.442029139218562,35.043478080275,76.86345,6134400.182819366,72.61847,-0.019796364,-0.018720185,0.35503405,-0.5844407,0.2703678,0.27795708,-0.15984127,-0.20852283,-0.03953229,-0.15870398,-0.01361075,0.15928656
24.271739312019278,35.0833337340226,74.97577,345600.00498890877,72.87615,-0.14354068,-0.14234923,0.22745818,-0.30586714,0.70913523,0.15986803,0.1505005,-0.21888229,-0.33264017,-0.02474825,0.18418247,0.18583772
24.60144921950647,34.9456523441682,85.40489,1209599.9317646027,71.17513,-2.040286e-06,-1.5922305e-06,0.11129793,0.26645014,-0.17930599,0.35925075,0.053534143,-0.1076182,-0.4077059,0.1275837,-0.06912589,0.14510682
24.503623143558386,34.916666955294566,80.479385,3542400.093984604,72.24862,0.00024368826,0.00036270707,0.15956962,-0.100613214,-0.27660835,-0.1697383,0.1434362,-0.28142032,-0.25468603,-0.16905273,-0.16252556,0.23450668
24.275362351941567,35.02173896397893,79.32639,9676799.454116821,72.619095,-0.0015745328,0.0011444425,-0.10515576,-0.024731055,0.30016872,0.31990293,0.45669007,-0.25608516,-0.27775824,-0.04702557,0.09008592,0.10162124
24.49275373635028,34.95652190987481,78.13308,15379199.48501587,72.03138,-0.0019599586,-0.001881858,0.33994946,-0.66520345,0.30996287,0.2530147,0.13293454,-0.35402825,-0.18278757,-0.10808899,0.09244657,0.1422308
24.503623143558386,34.916666955294566,80.479385,16934399.593162537,71.44617,0.00024234243,0.00024329501,-0.102022775,-0.55038977,0.62506783,0.24380669,0.17552286,-0.12963104,0.2884732,-0.101451345,0.10901952,0.14892156
24.373188532413735,34.85507217391305,83.68782,1468799.9954938889,72.41198,1.7520342e-05,-3.0404106e-05,0.21581805,-0.35257748,0.25580314,0.1650736,-0.029459134,-0.1752075,-0.29406533,-0.11801493,0.11590688,0.16541442
24.24275355543479,35.275361916886446,83.709785,8553600.046348572,72.77528,4.1749732e-05,4.202746e-05,0.2140249,1.8517529,1.6231124,-0.0011322647,-0.2700901,0.510157,0.41007382,0.2514014,0.17690696,0.30740649
24.72463775080654,35.097825908808005,83.506035,5702400.030899048,72.129776,1.56176e-05,2.017475e-05,-0.008188743,1.2036384,0.15497357,-0.18163523,-0.12624833,0.2502017,0.33063278,0.16388875,-0.02698864,0.16609609
24.242753659958876,34.931159481553294,83.59315,15983999.588012695,72.402565,3.3215623e-05,-3.100015e-05,-0.2854318,-0.79363036,0.18716413,0.3991626,-0.13808665,-0.054641865,0.2824071,-0.11087034,0.011869859,0.11150393
24.15217408195171,35.09782609021359,90.079155,7171199.889278412,72.358215,-7.861787e-08,-8.022541e-08,0.50127184,-0.35426754,-0.17254329,0.15636057,0.24672118,-0.023969643,0.20312208,-0.1624804,-0.04708775,0.169166
24.659420157792983,35.13768139626715,82.9603,6912000.2368927,71.845535,-1.0292877e-05,-2.1556816e-05,-0.019068107,0.6080953,-0.051770736,-0.06262276,-0.33958626,-0.12918428,0.36885288,0.17350212,-0.07091239,0.18743412
24.655797039477626,35.09782643790763,82.953125,15206400.082397461,71.645134,1.0091016e-05,2.5921952e-05,-0.18135947,-1.6133013,0.16022278,0.24181202,0.08928513,-0.23335545,-0.2045584,-0.18999064,0.009776235,0.190242
24.2137679164399,35.101449394680465,78.1842,345600.00498890877,73.319336,-0.011109083,-0.01089689,0.20537305,-0.31072065,0.6823063,-0.24581578,0.25080335,0.23892769,0.01941967,-0.08827196,0.15314431,0.1767629
24.235507135886934,35.09782643790763,86.62735,9935999.654960632,72.45521,-2.1428775e-06,-2.1392536e-06,0.028598214,-0.22205123,-0.21148138,-0.12473621,0.2612924,-0.06151347,-0.10907737,-0.097730875,-0.08036053,0.12652722
24.518115930392057,35.170290078269815,76.7112,6566399.786281586,72.16447,0.01116442,-0.015141098,-0.15609509,-1.8465142,-0.97442317,0.096003205,-0.019235276,-0.33902878,-0.57941467,-0.17821938,-0.114560485,0.21186376
24.507246627708035,35.15217355593542,72.15966,11145599.860954285,72.285805,0.21010877,0.34535065,0.18491492,-0.8104223,-0.6868455,-0.19364884,0.00076033175,-0.39860955,-0.4846047,-0.13938105,-0.18474628,0.2314266
24.55072462237475,35.07608730649443,88.70044,11231999.562263489,72.67804,-2.73352e-07,2.6056696e-07,-0.18645993,0.9071286,0.6995206,0.055899736,-0.15076742,0.2608402,-0.17909265,0.08431417,0.05382437,0.10002971
24.782608584568965,35.06521774078783,85.492004,9590399.752807617,72.05382,2.2526041e-07,1.0949858e-06,0.009858601,-0.077064425,0.14514598,-0.27473286,-0.38657108,-0.07578131,-0.3190774,-0.014137082,0.053235933,0.055081047
24.358695745580064,35.14492749121842,79.46463,16243199.788856506,72.54968,0.0016385885,-0.0015835537,0.033769507,-0.8340082,0.30910847,0.3850822,-0.13563785,-0.055705346,-0.048485227,-0.17144717,0.032777905,0.17455235
24.268116089179838,35.07971042955572,81.07262,5184000.177669525,72.29238,0.00025249968,0.00029004697,0.17148805,-0.8808119,0.19414052,-0.41411772,-0.15754062,-0.13481197,0.11878954,-0.12860827,0.03244496,0.13263771
24.340579735906957,35.22101461745307,78.71513,2419199.8635292053,72.55792,0.0034193487,0.0034025167,-0.22859031,-1.1653683,0.025043592,-0.32174763,-0.1781371,-0.044088002,-0.7860261,-0.2131732,-0.002739489,0.21319081
24.141304256647267,35.05072417522627,80.839714,15292799.783706665,72.7067,0.0003914479,6.120578e-05,0.28317192,-0.6894845,0.41186666,0.40179962,-0.32674265,-0.034732677,-0.13416499,-0.10398635,0.08466175,0.1340924
24.43478277193275,35.06521686399416,78.38795,14774400.478935242,72.397736,-0.002192416,-0.0011294568,0.14611928,-0.5021437,0.26323864,0.07393689,0.08959025,-0.3180902,0.021874674,-0.099724405,0.0633298,0.11813391
24.134057993885538,35.130434787333385,80.741425,15033599.582862854,73.10243,0.0005750817,0.00087378913,0.20661125,0.15921012,0.5392984,0.24886984,-0.3548142,0.2255719,0.3833853,0.019833349,0.12101747,0.12263193
24.423912946628306,35.16304383214723,83.815254,3542400.093984604,72.382256,-9.719707e-06,-1.3592511e-05,0.03813701,-0.3059948,0.5752986,-0.038611427,-0.032071248,-0.033784065,0.57473886,-0.19026119,0.22515032,0.29477447
24.60144921950647,34.9456523441682,85.40489,17798399.897003174,71.744125,-2.225315e-06,2.202999e-06,0.007861394,-0.3992356,0.22333926,-0.086862646,0.24386343,0.20422177,0.43125436,-0.17117605,0.15588415,0.23151913
24.365941903817713,35.11594190204278,77.940506,10540799.757957458,73.04142,-0.0049947696,0.0023087019,-0.3542103,-0.22081077,0.13709939,-0.045482107,0.01925598,-0.15527242,-0.14565122,-0.11882771,0.015693441,0.11985954
24.659420157792983,35.13768139626715,82.9603,13737599.675559998,71.82705,3.4684832e-05,-2.6409563e-05,-0.04087968,-1.3654846,-0.3028857,0.3424442,0.0971619,-0.47585952,-0.21301019,-0.12410924,-0.06460641,0.13991816
24.731883987437246,34.999999998854186,80.17734,4838399.727058411,72.4093,0.0002563909,0.000453346,0.24802244,0.9345635,-0.17675346,0.1434676,0.19662291,-0.292973,0.35118195,0.20557444,-0.011017799,0.20586948
24.423912946628306,35.16304383214723,83.815254,4406400.123596191,72.27357,-2.4148694e-05,-1.3882099e-05,0.121464565,-0.3777519,0.49914604,-0.00311362,0.008820705,-0.11390917,0.5937136,-0.21581738,0.18461111,0.28400424
24.264492787947336,35.06521739309379,75.914215,2332799.8879909515,72.347115,-0.014032567,-0.037427496,0.28969124,0.6283486,0.6421264,-0.05070997,0.0092822015,-0.1680437,0.013501722,0.09553482,0.082771316,0.12640408
24.619565229179578,35.18478278215484,82.255135,11318400.360488892,71.75174,5.60151e-05,-3.743827e-07,0.34362647,-1.5199469,-0.79215,0.3002647,0.14211419,-0.35909492,-0.0746382,-0.17427877,-0.121295266,0.21233377
24.423912946628306,35.16304383214723,83.815254,11491199.7631073,72.67944,-3.5180565e-05,3.1453284e-05,0.1262663,-0.15586345,0.031079635,0.13600706,0.15379573,0.01624326,0.3314329,-0.120411396,0.0042222887,0.1204854
24.278985574781007,35.18478260074926,85.36457,1036799.9806880951,72.31363,6.0231723e-06,6.033588e-06,0.078442976,-0.013015509,0.21206886,-0.21504062,-0.31708416,0.004312549,0.15733239,-0.045474164,0.118708655,0.12712058
24.33695651306752,35.26449269887389,75.24537,17971200.39653778,73.28985,0.13669184,0.014302035,0.05145041,-0.7262144,-0.0600538,0.5608078,-0.110607915,-0.08446081,0.1746271,-0.16371936,-0.015408233,0.16444282
24.369565205050215,35.10507235145331,81.59638,15379199.48501587,72.51887,-0.00021284966,-5.0778184e-05,-0.13106796,-0.7740184,0.17067368,0.2676873,-0.02935715,0.13354015,-0.07986161,-0.20825663,0.053804934,0.21509485
24.782608845879178,35.07246365433351,80.82854,3456000.11844635,72.38885,0.0003171576,-0.00022983973,0.05083595,1.1358098,-0.036900062,0.25185785,0.12604892,0.31539017,0.28308082,0.32420024,-0.088306755,0.33601174
24.471014503837736,35.137681214861566,84.09494,1296000.0444173813,72.0006,-1.4452011e-05,-6.581023e-06,-0.06735836,-0.6098915,0.71877104,-0.023094684,-0.2531053,-0.07677505,0.34732443,-0.07552722,0.07097396,0.103642
24.471014503837736,35.137681214861566,84.09494,17712000.19569397,72.505745,-1.167189e-05,-3.7141267e-06,-0.20792285,-0.5691583,0.04554513,0.21627659,-0.11513709,0.4574981,-0.11091835,-0.32091904,0.00069382787,0.32091978
24.782608845879178,35.07246365433351,80.82854,8380800.095272064,72.43029,0.0003845554,7.4237505e-05,0.13249764,0.9757911,-0.1416212,-0.26939562,0.04439653,0.16596337,0.43748268,0.22192328,-0.07550475,0.2344161
24.369565205050215,35.10507235145331,81.59638,13391999.773406982,72.560425,-5.088428e-05,0.00021694774,-0.03180822,-0.8294579,0.04082597,0.30456945,0.16016227,-0.009635584,0.23046362,-0.09448328,0.010941312,0.09511468
24.728260869121893,35.15579704180788,79.23173,3887999.996137619,72.0617,-0.00038391197,0.0003428129,0.059675604,0.4581878,0.040197127,0.25412259,0.05237097,0.30887097,0.18816537,0.31237793,0.01948855,0.31298527
24.271739312019278,35.0833337340226,74.97577,14774400.478935242,72.545715,-0.099662185,-0.049356274,0.30192783,0.40340915,0.26083824,-0.20857841,-0.12368759,0.060857147,-0.035151817,0.08395623,0.039838597,0.0929288
24.72463775080654,35.097825908808005,83.506035,16502399.989700317,71.30739,-2.8885854e-06,-1.3205457e-05,-0.035347827,-1.6672963,0.57861346,0.18808894,0.00060120225,-0.32986516,-0.06326494,-0.15427059,0.061406314,0.16604261
24.619565229179578,35.18478278215484,82.255135,15983999.588012695,71.63063,-1.0134815e-05,1.8582814e-05,0.10158353,-1.5857869,0.084271416,0.3952547,-0.14901146,-0.41195005,-0.3547674,-0.18294792,0.026177779,0.1848113
24.134057993885538,35.130434787333385,80.741425,12009600.164794922,73.0434,0.00061841117,0.00029412765,-0.1129129,0.24199173,0.25694543,-0.015282229,-0.4528077,-0.014060557,0.17831239,0.11120609,0.124492735,0.16692883
24.340579735906957,35.22101461745307,78.71513,11231999.562263489,72.78917,0.00028506614,0.0030262268,-0.092858516,-1.2742162,-0.54925793,0.33295357,-0.22996223,-0.46314234,-0.3677316,-0.15230618,-0.084128365,0.17399642
24.53985505838052,35.14492730981283,78.72631,8035200.193119049,71.979744,0.0020007337,-0.00051777717,0.0851111,-1.1714084,-0.7342988,0.2562145,-0.049999833,-0.23712929,0.022270355,-0.19709745,-0.08749396,0.21564461
24.003623304347823,35.192029209683014,80.788605,3456000.11844635,72.658585,-6.302473e-06,0.00055705453,0.33937037,0.90789855,1.5398008,-0.015326232,0.011044074,-0.21495019,0.17340147,0.097453,0.15412128,0.18234707
24.72463775080654,35.097825908808005,83.506035,16156800.087547302,71.35137,2.2128468e-07,-9.279388e-06,-0.06697029,-1.7005042,0.5065082,0.19388628,0.021765186,-0.3520667,-0.090973675,-0.15003902,0.044297278,0.15644154
24.2137679164399,35.101449394680465,78.1842,10108800.15449524,73.068794,0.0020835197,-0.0043326025,-0.27529368,-0.052790537,0.64223695,-0.04577122,-0.40572268,-0.29048213,-0.2872811,-0.0013512969,0.10001193,0.10002106
24.43478277193275,35.06521686399416,78.38795,13910400.175094604,72.499504,-0.0007909001,-0.0025845915,0.13816616,-0.39862713,0.27619258,0.076996535,0.22668031,-0.26012224,0.17339763,-0.12930876,0.07721296,0.15060742
24.503623143558386,34.916666955294566,80.479385,6393599.835205078,71.64958,3.7417652e-05,-0.00027986127,0.4708755,-0.520805,0.0072747134,0.22866604,-0.05873262,-0.23448896,-0.45936012,-0.21346325,0.03392662,0.21614248
24.800724541980035,35.0326085145684,80.91604,12700799.969100952,71.352066,-0.0001120891,0.00014795382,-0.3847648,-0.5858671,0.25857723,-0.053017102,-0.26325879,0.06480317,0.18822601,-0.13784277,0.07424022,0.15656386
24.40217392316393,35.07246365433351,77.73675,17625600.494384766,72.497856,-0.007683384,-0.008017048,0.04090512,-0.24209385,-0.031149466,-0.038378753,-0.15337417,-0.024923204,0.026131371,-0.041493207,-0.018865231,0.045580514
24.518115930392057,35.170290078269815,76.7112,9071999.899578094,72.46226,-0.017611971,-0.019990496,-0.1068353,-1.4033145,-0.9983041,-0.0064891726,0.15858015,-0.19931352,-0.63144,-0.21008065,-0.10181331,0.23345198
24.62318819070881,35.09782625650204,81.14894,2592000.0888347626,71.65874,-0.00012678074,-0.00015393832,0.015224576,0.18755564,-0.17953743,0.23245874,-0.030331373,-0.025846977,0.28287202,0.14337495,-0.05619809,0.15399545
24.282608510179216,35.10869565592019,73.044136,6566399.786281586,72.86948,-0.556566,0.014955809,0.025985751,1.281158,0.9422344,0.03386317,0.021834865,0.27370945,0.24103805,0.19662504,0.1113268,0.22595367
24.60144921950647,34.9456523441682,85.40489,11491199.7631073,71.87419,2.2858735e-06,-3.8849025e-06,-0.1089265,0.09092139,0.32936764,-0.57054794,-0.25962594,0.40598744,0.04108163,0.055202827,0.17595509,0.18441135
24.655797039477626,35.09782643790763,82.953125,13996799.876403809,71.866684,-1.0193331e-05,-3.370037e-06,-0.18304205,-1.3290466,-0.049201984,0.2369296,0.1636615,-0.25262442,-0.16016966,-0.14210163,-0.017471254,0.14317164
24.358695745580064,35.14492749121842,79.46463,8639999.747657776,72.608345,-0.0005120113,-0.0016211463,-0.29874375,-1.1108967,-0.18325436,0.12438582,-0.39377072,-0.32317293,-0.20652795,-0.20023909,-0.029963285,0.2024685
24.202898613755877,35.17753635462667,82.22561,5184000.177669525,72.68665,-0.000121805235,0.00014661337,0.31568718,0.7896936,0.77165085,-0.104974665,-0.025157705,-0.054169595,0.03599822,0.08466199,0.08699669,0.12139224
24.177536001617764,35.01449252133363,77.3516,1641599.9465703964,72.38278,0.010220437,0.009971325,0.5824513,0.3284402,-0.18379569,-0.33366543,0.4110744,-0.35804942,-0.020637356,0.15737788,-0.09057486,0.18158084
24.731884091961334,34.88405773852335,82.62194,12527999.469566345,71.47638,2.5466947e-05,-1.1468834e-05,0.11391736,1.2519208,0.6679001,0.010005586,-0.18437341,0.06611383,0.37847278,0.090620205,0.04392401,0.10070422
24.579710091518006,35.06884069756067,84.24473,7257600.139045715,71.55596,1.1453284e-06,-1.206953e-06,0.3405918,0.2850412,0.49940866,-0.28988302,-0.32558376,0.12563056,0.5803518,0.13050067,0.13899879,0.19065963
24.60144921950647,34.9456523441682,85.40489,1728000.059223175,71.17706,-1.1699417e-06,-1.5471359e-06,0.10212383,0.29128206,-0.088112384,0.34477368,0.09238881,-0.12734032,-0.36155793,0.12363588,-0.0286977,0.12692277
24.586956589458925,35.03623181903528,81.050644,6220799.884128571,71.754524,0.000107151194,-0.00018283344,0.49718368,0.4550446,0.04791449,-0.21017411,-0.44695783,0.001444187,0.27605015,0.14860834,-0.044379458,0.15509345
24.471014503837736,35.137681214861566,84.09494,16847999.891853333,72.539536,1.8348223e-05,-2.2746597e-05,-0.18859288,-0.49677896,-0.018250812,0.15206055,-0.058454335,0.398132,-0.025989313,-0.22779635,-0.022381961,0.22889327
24.358695745580064,35.14492749121842,79.46463,12009600.164794922,72.70137,-0.0005595893,-0.00020930276,-0.09128883,-0.83255255,-0.17988124,0.24404764,0.04752787,-0.22647117,0.30194557,-0.14063874,-0.040128022,0.14625154
24.471014503837736,35.137681214861566,84.09494,3887999.996137619,71.97943,-1.42651e-05,8.083093e-06,0.15071183,-0.4882062,0.5055319,-0.012386017,-0.05432506,-0.09066941,0.6138574,-0.13074003,0.13834766,0.19034976
24.409420264318722,35.137681214861566,85.684586,15120000.381088257,72.481834,4.1555963e-06,2.9942037e-06,-0.043839395,0.50326264,-0.051274065,0.12816454,0.29869,0.29356256,0.3651889,0.28172126,0.018825978,0.2823496
24.409420185925658,35.126811301460926,78.58091,5875199.981975555,72.27653,0.00042757238,-0.0023878173,-0.18415394,-1.5330048,-0.086234644,0.1688523,-0.45585153,-0.31086063,-0.06389407,-0.16072862,-0.048923254,0.16800945
24.507246418659868,35.018115659512056,74.98295,18143999.79915619,73.94945,0.38155076,0.32447663,0.19477755,0.7134112,-0.34875387,-0.29386035,0.008331478,-0.46455476,0.27147365,0.21088932,-0.009006649,0.21108156
24.202898613755877,35.17753635462667,82.22561,7430400.090122223,72.77875,0.00015940647,-9.010467e-05,0.2062797,0.95073855,0.86573637,-0.0121693015,-0.13849324,-0.049089536,0.0030299574,0.061870374,0.08592071,0.105878755
24.677536062942007,35.07971042955572,84.775665,16588799.691009521,71.875244,-6.847565e-06,-4.3631603e-06,-0.163654,-1.295719,0.58099157,0.09100816,0.08619149,-0.09923086,0.066164695,-0.22240916,0.09204601,0.24070376
24.141304256647267,35.05072417522627,80.839714,11836799.665260315,72.97423,-0.00034954216,-0.0006051727,-0.15639305,-0.77677155,-0.22464977,-0.035838947,-0.2753538,-0.26609,0.011266336,-0.118053675,-0.06477308,0.13465594
24.33695651306752,35.26449269887389,75.24537,3801600.0205993652,72.95092,0.10577371,-0.08556578,-0.32342958,-1.2622575,-0.8623538,-0.04906755,0.18253264,-0.14335817,-0.25614843,-0.22457804,-0.11996372,0.25461066
24.17028990870767,35.119565206509655,75.23819,4579200.074672699,72.14088,0.053549334,-0.05155733,0.07196432,1.2170833,0.9981296,-0.08927656,-0.03776273,0.26484466,0.13369519,0.15704143,0.12465113,0.20049916
24.365941903817713,35.11594190204278,77.940506,4924799.976825714,72.531204,-0.0050093755,0.006748051,-0.101090245,-0.87644494,0.33546293,0.006934963,-0.36243272,-0.09625101,0.016889889,-0.16774584,0.04148724,0.17280005
24.880434869565217,35.11594208344836,73.60822,11231999.562263489,73.44137,0.7741305,0.70281076,-0.23587132,-0.30244923,0.2966854,-0.040957235,0.16178146,0.069446504,0.23143506,-0.12682123,0.10618142,0.1654029
24.171296292717127,35.10648163098043,78.049835,1814400.0347614288,72.87244,-0.00203525,-0.0016519197,0.22685018,0.4123027,0.8380249,-0.5271878,0.29246023,0.27371037,-0.120990954,0.13692053,0.27069107,0.30334944
24.06159400092239,35.235507653915,77.223785,4147199.9227523804,72.75807,0.016076311,0.016248504,0.2746969,1.6303173,1.1496979,-0.071103014,-0.17198068,0.123265445,-0.6158276,0.15638542,0.11719689,0.1954265
24.282608510179216,35.10869565592019,73.044136,16675200.489234924,72.57011,0.034004334,0.34023118,0.11890553,1.0058327,-0.45218313,-0.13563275,0.24777073,-0.0031260382,0.3038212,0.1239684,-0.060191162,0.13780835
24.282608510179216,35.10869565592019,73.044136,8380800.095272064,72.91739,0.5357276,-0.08790136,-0.11084852,1.6175774,1.1052935,0.05882369,-0.0068928264,0.08610411,0.22479507,0.17310008,0.15024588,0.22921053
24.85869584610084,35.31159408476158,76.05999,10627199.459266663,72.784294,0.048126522,0.03107632,-0.046355963,-0.53739154,-0.41258007,0.041385908,0.6265302,0.23869896,0.23717552,-0.08789909,-0.086703256,0.1234654
24.16304339770124,35.14130418675153,77.183464,6998399.938201904,72.43682,-0.011622348,-0.010527739,0.08645494,1.7300849,1.2575643,-0.11527672,-0.34152138,0.33533025,0.24918687,0.1045799,0.09348603,0.14027329
24.514492864338745,35.152173737341,77.98083,345600.00498890877,71.91336,-0.003522584,-0.0018901883,0.117985666,-0.4982865,-0.1155491,-0.19797996,0.28410164,-0.2010887,0.033734582,-0.13547479,-0.04139737,0.1416586
24.068840433535758,35.17753635462667,82.62194,950400.0051498413,73.13368,4.693249e-05,5.1234438e-05,0.3054875,-0.009901583,0.7229815,0.08755025,-0.35777223,-0.23508966,0.24306872,0.017332032,0.21252392,0.21322949
24.608695560661264,35.210145036629335,80.071884,11664000.262641907,71.44143,-0.00032145105,0.00016009541,0.47932833,-0.91064334,-0.54496074,0.13893433,0.16092876,-0.0637158,-0.18661267,-0.22682083,-0.10116304,0.2483579
24.152173912100075,34.942029039701325,85.189964,15724800.484085083,72.479996,6.314517e-07,1.2206333e-06,0.030417912,-0.50927645,0.089020684,0.1115968,0.01945195,0.00084942207,0.52879757,-0.046656013,0.013282046,0.048509754
24.782608584568965,35.06521774078783,85.492004,6307200.133895874,72.400764,5.740841e-06,1.5098065e-06,-0.09369134,0.9434594,0.3783356,-0.14754173,-0.15547493,0.43801707,-0.06898754,0.10457064,0.038911834,0.11157576
24.47463793572534,35.15579704180788,74.131996,864000.0296115875,73.01139,-0.3393986,-0.25805593,0.5258795,-1.0381986,0.48890972,0.17213434,0.38004014,0.06466961,0.2937303,-0.22727428,0.07109243,0.23813385
24.521739153231497,35.18115965909355,80.50853,9071999.899578094,72.06777,0.0003136953,0.00037512503,0.21281779,-1.3966994,-0.7265059,0.46693236,0.011456825,-0.24319097,0.21475852,-0.2111175,-0.2568987,0.332517
24.57608686867857,35.22463755910878,78.28966,9331199.551963806,71.820465,0.0022209038,0.0025476227,0.280334,-0.82264173,-0.92331076,0.057890162,0.46444783,0.06279205,-0.2857977,-0.13012165,-0.10958819,0.17012118
24.659420157792983,35.13768139626715,82.9603,17193599.794006348,71.395874,-1.0954464e-05,9.12398e-06,0.0861325,-1.5419399,0.6794288,0.33600274,-0.2830185,-0.22538261,-0.2569132,-0.11879928,0.056330636,0.13147779
24.579710091518006,35.06884069756067,84.24473,18230399.500465393,71.85524,-9.859597e-06,-1.5482264e-06,0.011706535,-1.1178343,0.6041219,0.31819996,0.046880897,0.3994696,-0.10778693,-0.2201289,0.093544275,0.23918039
24.5036234048686,34.94565269942081,84.86278,4406400.123596191,71.16179,-1.4367931e-06,-2.655181e-06,0.13234714,-0.22687201,0.13864522,0.3799006,0.051443968,-0.18636093,-0.16752747,-0.04812935,0.025498003,0.054466344
24.731883987437246,34.999999998854186,80.17734,5529600.07982254,72.41745,0.0007808807,8.4535226e-05,0.22147617,1.0466112,-0.12212427,-0.031174816,0.1765612,-0.30092257,0.34754565,0.21544848,0.0069725215,0.21556127
24.655797039477626,35.09782643790763,82.953125,12873600.46863556,72.00068,-6.1842165e-06,3.4475575e-05,-0.117703564,-1.0162365,-0.15999265,0.21815115,0.19776821,-0.2320225,-0.02887379,-0.14423357,-0.026744336,0.14669214
24.409420264318722,35.097825908808005,75.01247,5356800.128746033,72.70395,0.11438654,0.1166628,0.24817795,-0.37930703,0.4145231,0.20217727,-0.11148036,-0.0010590218,0.106053546,-0.09933396,0.06356861,0.11793304
24.282608510179216,35.10869565592019,73.044136,15033599.582862854,72.53149,-0.48098832,-0.04869466,0.113487124,1.0514652,0.17411564,-0.0072712973,0.08588599,-0.15743783,0.34553382,0.13870502,0.048173152,0.14683233
24.409420264318722,35.097825908808005,75.01247,7948799.943351746,73.17328,-0.08242336,0.09084959,0.057686742,-0.6931797,0.31537023,0.09626876,-0.21396339,-0.13036007,-0.41180012,-0.13735944,0.07179786,0.15499209
24.579710091518006,35.06884069756067,84.24473,86400.00124722719,71.50778,-8.03106e-06,-5.9693634e-06,-0.020262867,0.06449582,0.39951453,0.15717244,0.22112948,-0.024717102,0.1891022,0.07507421,0.16854814,0.18451183
24.72463775080654,35.097825908808005,83.506035,3801600.0205993652,72.133255,-2.7142949e-05,-1.2701311e-05,-0.12183208,0.9509008,0.22293712,-0.0867906,-0.08792194,0.26948667,0.1658276,0.13193819,-0.03284788,0.13596569
24.16304339770124,35.14130418675153,77.183464,4060799.9472141266,72.42575,0.010558799,0.012513035,0.30111724,1.085389,1.0878806,-0.33463934,0.16697022,0.32693037,-0.09703042,0.12696001,0.15001304,0.19652674
24.49275373635028,34.95652190987481,78.13308,6998399.938201904,72.42316,-0.0044543752,-0.004365732,0.48413658,-0.6846776,0.04573641,0.16624981,-0.049825087,-0.25720647,-0.39337355,-0.20309229,-0.0008340343,0.203094
24.518115930392057,35.170290078269815,76.7112,8639999.747657776,72.40275,-0.010820314,-0.0059745535,-0.13337272,-1.5032194,-1.0401342,5.2422285e-05,0.13286814,-0.2113953,-0.6548502,-0.2348433,-0.11032903,0.25946844
24.351449221508126,35.36231895652174,77.53338,2851200.015449524,71.87162,-0.0049465755,-0.0013033262,-0.32924506,-0.8216752,-1.1529928,0.0690104,0.32748544,-0.06545705,-0.910205,-0.113469884,-0.14777213,0.18631162
24.15942034471344,35.02536261613985,84.04098,7430400.090122223,72.918205,2.5759638e-05,-6.2883896e-06,-0.110736705,-1.5276538,-0.30789796,0.08122469,-0.02541431,-0.5485214,-0.04991544,-0.19061911,-0.051124156,0.19735584
24.2137679164399,35.101449394680465,78.1842,3801600.0205993652,72.56586,0.005172626,0.005408916,0.2705225,0.3963268,0.89589953,-0.45330727,-0.051020227,0.24963284,-0.033287592,0.046372496,0.22573036,0.23044437
24.286231733018653,35.16304365074164,82.86601,2851200.015449524,72.65985,-6.8992966e-05,-4.0185656e-05,-0.1384944,-0.11202171,0.5314176,-0.11873265,-0.18868712,-0.05237773,0.07766712,-0.044927303,0.19890085,0.20391177
24.641304357168043,34.938405387540406,81.3883,4492800.099134445,71.96914,-8.4540385e-05,-6.19906e-05,0.14526287,0.8228352,-0.1304329,-0.22320372,0.03918512,-0.06645679,-0.23983127,0.3201552,-0.08783569,0.33198562
24.43478251062254,35.050724689208764,81.254395,3715200.0450611115,71.81741,-0.00014722203,-0.00013960966,0.18884492,-0.76267684,0.3991143,-0.21711168,-0.7534091,-0.29847068,0.07120942,-0.16279215,0.08103171,0.18184449
24.579710091518006,35.06884069756067,84.24473,10627199.459266663,72.37101,-1.1545868e-05,-8.927797e-06,0.16521156,-0.011767067,0.46578512,-0.084553815,0.08069672,0.07696271,0.014979601,0.0047364235,0.14741011,0.14748618
24.40217392316393,35.07246365433351,77.73675,13910400.175094604,72.781784,-0.0017033727,-0.005331579,0.13971272,-0.05680185,0.30443487,-0.07430481,0.12573813,-0.15970077,0.13403516,-0.030195039,0.09271722,0.09751012
24.728260869121893,35.15579704180788,79.23173,2419199.8635292053,71.99124,0.0010439503,-0.001088439,-0.1783163,0.39703956,0.054599747,0.22885159,0.2140784,0.22225744,0.20953098,0.28590876,0.09503952,0.3012911
24.623188347494935,34.98550731008629,86.27349,13651199.974250793,72.224045,-1.933387e-06,1.120907e-06,-0.26532593,-0.23495832,0.20820884,-0.2640883,0.16780885,0.098802015,0.2403163,-0.10673356,0.099219084,0.14572741
24.15942034471344,35.02536261613985,84.04098,18230399.500465393,72.3896,1.4760604e-05,2.0270767e-05,0.16721624,-0.06415793,0.50291127,0.51443297,0.13620415,0.44745865,0.3125464,-0.03255795,0.19015755,0.19292463
24.177536001617764,35.01449252133363,77.3516,7257600.139045715,72.19556,0.0058114748,-0.0061614215,0.020333655,2.2873523,0.49323186,-0.111632265,0.6188643,0.08029183,0.3629439,0.20988858,0.032330766,0.21236406
24.528985389862203,35.079710263267266,73.800804,6307200.133895874,72.8018,0.39412516,0.35500455,0.29339272,-1.540287,-0.47440886,0.46017018,-0.074314795,-0.23501067,0.0018780604,-0.118879974,-0.08751385,0.14761816
24.40217392316393,35.07246365433351,77.73675,13132799.572563171,72.85836,-0.011197819,0.0008271872,0.08501664,-0.11770546,0.29283345,-0.08484415,0.19619477,-0.14048004,0.17450911,-0.048297364,0.0900833,0.10221368
24.278985653174068,35.159420527680346,80.15937,7516799.791431427,72.64925,0.0007811492,0.0009856609,0.0714333,-0.6802269,0.359116,-0.021890968,-0.56092304,-0.09173026,-0.15550992,-0.22053304,0.098389216,0.24148554
24.409420185925658,35.126811301460926,78.58091,3887999.996137619,72.1921,-0.0022732154,0.0006729755,-0.004843656,-1.2370166,0.16795738,0.09049754,-0.5806536,-0.2249141,0.24376893,-0.18122602,0.02097968,0.18243633
24.507246627708035,35.15217355593542,72.15966,9590399.752807617,72.68954,0.30194676,0.35821888,0.024816466,-1.0831153,-0.8352185,-0.009274244,0.038233608,-0.26310045,-0.30019546,-0.124727055,-0.10270188,0.16156891
24.626811465810288,35.05797113185407,83.9315,9158400.149345398,72.05998,-1.0236206e-05,1.3488519e-05,0.2814028,0.26733187,0.33812052,-0.34808138,-0.14657283,0.25641334,0.18120965,0.10665891,0.11260952,0.15510328
24.626811465810288,35.05797113185407,83.9315,18403200.0,71.476364,-9.118414e-06,9.629497e-06,0.11299786,-1.3484185,0.67397577,0.37308404,0.07820633,0.16109921,-0.05988338,-0.20373361,0.09472838,0.22467944
24.409420185925658,35.126811301460926,78.58091,18403200.0,72.44798,0.0023801406,-0.002191974,-0.10781673,-0.59297264,0.2769912,0.29284358,-0.034780256,0.057376377,-0.023540862,-0.12378414,0.11956504,0.17209971
24.365941903817713,35.11594190204278,77.940506,1382400.019955635,72.69245,0.007039934,-0.004197322,0.2921324,-0.89628696,0.37411645,0.005033441,-0.1925014,-0.08827658,0.31235453,-0.30854303,0.1785472,0.35647988
24.503623143558386,34.916666955294566,80.479385,1814400.0347614288,72.71019,0.0005809095,-0.00021211995,0.03779356,0.13295674,-0.38617018,-0.20734128,0.40060273,-0.23983657,-0.20589033,0.03477843,-0.15032806,0.15429862
24.85869584610084,35.31159408476158,76.05999,12355200.066947937,73.045074,0.04283067,-0.008124089,-0.13519368,-0.45711687,-0.31899086,0.02259583,0.4912293,0.1841471,0.09579892,-0.13062428,-0.12009561,0.17744198
24.282608510179216,35.10869565592019,73.044136,10195199.855804443,72.92597,-0.012633526,-0.043834373,-0.21744952,1.6034976,1.151127,0.1180285,0.09158969,-0.1892065,0.272228,0.14011082,0.116189495,0.18201934
24.32608705359737,35.05434782738719,80.59564,9849599.953651428,72.53672,0.0005207042,-0.0005582724,-0.17930615,-0.45862627,0.27243418,0.3130165,0.23895663,-0.2170809,-0.082384355,-0.15649125,0.07240914,0.17243142
24.3985509616347,35.079710263267266,82.39983,14601599.979400635,72.50123,-0.00010527879,-0.000107245454,-0.15244925,-0.647815,0.17102061,0.24298513,0.1615634,0.17701268,-0.030672684,-0.18585558,0.042271614,0.19060215
24.659420157792983,35.13768139626715,82.9603,16761600.190544128,71.40964,-8.476248e-06,1.670203e-05,0.036973514,-1.577558,0.5543287,0.32148838,-0.21064067,-0.26460987,-0.2752583,-0.15097846,0.040847704,0.15640663
24.49275373635028,35.04710138474188,79.64641,14687999.680709839,72.00779,0.0008805293,2.0098763e-05,0.05449946,-1.2670366,0.22234762,0.15110548,0.13596195,-0.36000565,-0.17604691,-0.14970307,0.042630106,0.15565453
24.43478251062254,35.050724689208764,81.254395,17452799.99485016,71.907646,-0.00017635817,-0.00017220547,-0.10228001,-1.3572814,0.45316702,0.311191,-0.1880998,-0.022511527,-0.19212374,-0.17313401,0.08596225,0.19330002
24.06159400092239,35.235507653915,77.223785,14774400.478935242,73.74604,0.026649067,-0.040672004,0.100360066,0.6664109,0.23571037,0.2929546,-0.6505935,-0.19308014,0.591204,0.12848866,0.059823282,0.14173271
24.52536253285706,35.05797113185407,79.99595,7948799.943351746,71.82526,0.0005094362,9.856889e-06,0.4206187,-0.47363353,0.22656767,0.33059376,-0.10708626,-0.25326088,0.23261169,-0.07098651,0.0045697317,0.07113345
24.286231733018653,35.16304365074164,82.86601,13391999.773406982,72.64483,7.953306e-05,7.6587385e-05,0.002879236,0.33080888,0.052957725,0.0034095868,0.11254577,0.36340538,0.24542099,0.15353285,0.018623292,0.15465821
24.40579730278949,34.98550712868071,82.545616,1036799.9806880951,71.887375,-3.9270293e-05,-5.1179926e-05,-0.1444782,-0.44377384,-0.03719865,-0.26065314,-0.2679805,-0.13053131,-0.13279906,-0.07788085,-0.02842775,0.08290696
24.409420342711783,35.02898555779556,73.23672,2159999.936914444,73.059135,0.73437214,0.81051373,-0.08463552,0.5063317,-0.1296712,-0.046267517,0.29348695,-0.22153762,0.09406601,0.21372095,-0.07504508,0.2265136
24.3913043591697,35.05434799367564,86.750465,16329599.49016571,72.27384,-1.2644754e-06,7.006632e-07,0.093297124,0.81074905,-0.06684117,0.14294487,0.56292266,0.554731,0.53430724,0.18902993,0.009997445,0.18929411
24.24275355543479,35.275361916886446,83.709785,4752000.025749207,72.96859,2.6670243e-05,4.314313e-05,0.3221895,1.1984756,1.0739828,-0.0963671,0.101358876,0.24928796,-0.044953316,0.17047906,0.0877426,0.19173385
24.586956589458925,35.03623181903528,81.050644,8035200.193119049,71.92212,0.00022279509,-0.00014025823,0.4563366,0.49377236,0.20256054,-0.2051185,-0.19223717,0.18221271,0.32009965,0.16500078,0.003752932,0.16504346
24.507246418659868,35.018115659512056,74.98295,6652800.036048889,72.77047,-0.09141463,-0.098482914,0.19347781,-1.0692141,-0.20526446,0.25909728,-0.17878333,-0.117269814,0.07123193,-0.08448961,-0.04088087,0.09386021
24.507246418659868,35.018115659512056,74.98295,8985600.19826889,73.08319,-0.1579796,-0.16758661,0.14584698,-0.30645102,-0.12256202,0.12871397,0.33760792,0.083421804,0.0057711266,-0.086818315,-0.03908679,0.09521133
24.282608510179216,35.10869565592019,73.044136,3801600.0205993652,73.01156,-0.96513563,0.95252824,0.1071793,0.5066569,0.74288595,-0.02096837,0.19294152,0.19787101,0.14385979,0.07441418,0.1720199,0.1874255
24.3913043591697,35.05434799367564,86.750465,15120000.381088257,72.0839,-6.0975026e-07,4.4268387e-07,0.13072474,0.8536129,0.018033225,0.13241401,0.652491,0.4868072,0.56617886,0.16970146,0.03182244,0.17265935
24.49275373635028,35.04710138474188,79.64641,2073599.9613761902,71.95779,0.00082830334,-0.00042785855,-0.15517426,-0.22760731,-0.3537971,-0.13514856,-0.105112575,-0.115362346,0.16387373,-0.032387853,-0.13860162,0.14233544
24.293478074173446,35.130434424522214,78.52256,8553600.046348572,72.99904,0.0026768222,-0.00062997267,-0.33881631,-0.08678283,0.45399135,-0.05437555,-0.48885128,-0.16241236,-0.48240146,-0.037856013,0.07054577,0.08006112
24.586956589458925,35.03623181903528,81.050644,7430400.090122223,71.86806,3.7259288e-05,-0.00016615026,0.48077366,0.5059345,0.15570882,-0.2434541,-0.30882698,0.12633628,0.3211775,0.18848374,-0.02047304,0.18959238
24.442029139218562,35.043478080275,76.86345,1900800.0102996826,72.49998,0.016267156,0.017927438,-0.11890971,-0.097026646,-0.6757901,-0.15770799,-0.01978454,-0.026744485,0.1399278,-0.09803429,-0.22634688,0.24666503
24.068840433535758,35.050724689208764,75.1399,15120000.381088257,71.802345,-0.046072315,0.04037272,-0.26575533,0.7182925,0.44215065,-0.26966313,-0.09665608,0.07419859,0.16609403,0.11688818,0.0787931,0.14096524
24.282608510179216,35.10869565592019,73.044136,15811200.185394287,72.520935,0.4143737,0.5592763,0.12968497,1.023327,-0.14197375,-0.063513644,0.15421665,-0.07308294,0.3259068,0.119133234,-0.0018078797,0.11914695
24.003623304347823,35.192029209683014,80.788605,14515200.27809143,72.88468,1.5890084e-05,-0.00018947295,-0.3566112,0.42738745,0.2698452,-0.18790868,-0.561092,0.10805659,-0.07832585,0.11002481,0.0966751,0.14646342
24.576087129988778,34.96376817111452,80.53768,5270399.878978729,71.691734,-0.00028799876,-0.00017014075,0.3984262,0.34168193,-0.15693183,-0.19116062,-0.16170806,-0.25688082,-0.23006827,0.105599836,-0.01046855,0.106117465
24.518115930392057,35.170290078269815,76.7112,1814400.0347614288,71.99748,0.011919664,0.008297478,0.21675241,-0.8113537,-0.12837632,0.041791376,0.12734163,-0.33732632,0.21047318,-0.19038373,-0.06214852,0.20027082
24.141304256647267,35.05072417522627,80.839714,9849599.953651428,72.976524,-0.0002403293,0.00019470323,-0.27476838,-0.49921227,-0.22872053,-0.26829335,-0.28626132,-0.22308141,0.1046205,-0.05783289,-0.030992135,0.06561369
24.731883987437246,34.999999998854186,80.17734,2937599.9909877777,72.28298,0.00049856165,-0.00069693406,0.24674541,0.46346518,-0.2183588,0.47432745,0.3046552,-0.22964789,0.33499187,0.13010827,-0.08275555,0.15419675
24.43478277193275,35.06521686399416,78.38795,11491199.7631073,72.7099,-0.00440545,0.0047847247,0.09528677,-0.3317756,0.2520533,0.26289663,0.52136654,-0.08560285,0.28188643,-0.108614676,0.057265952,0.12278655
24.586956589458925,35.03623181903528,81.050644,10627199.459266663,71.97999,6.1716026e-05,0.00011581615,0.19868356,-0.17423524,0.28054097,0.1303352,0.250819,0.22318995,0.17422748,-0.021326117,0.035616286,0.041512925
24.365941903817713,35.11594190204278,77.940506,3110399.9420642853,72.5458,0.0069337985,0.0046685184,0.110281184,-0.85624266,0.3777555,-0.057231314,-0.4264058,-0.07389252,0.27891615,-0.23492545,0.098033056,0.2545593
24.623188347494935,34.98550731008629,86.27349,13737599.675559998,72.21749,-2.2203762e-06,1.1443124e-06,-0.27220094,-0.24366136,0.20221412,-0.2579226,0.17314379,0.0948091,0.24351305,-0.11025721,0.09966327,0.1486251
24.423912946628306,35.13405791039468,84.735344,11923200.463485718,72.79291,-1.3026012e-05,8.456677e-06,0.05108708,0.10075024,0.19495766,-0.07856298,0.13230875,0.14329591,0.2462649,0.07448885,0.122631036,0.14348157
24.782608584568965,35.06521774078783,85.492004,14774400.478935242,71.814835,-1.3910003e-06,-2.2454842e-06,-0.142393,-1.148772,0.44615534,0.083551265,-0.07238709,-0.2864661,0.18304539,-0.19462058,0.06988635,0.20678799
24.235507135886934,35.09782643790763,86.62735,4147199.9227523804,71.94776,9.20924e-07,9.194681e-07,-0.08288851,-0.77812994,-0.27749622,0.004296012,-0.50984555,-0.3381913,-0.015030246,-0.1775861,-0.06275539,0.18834825
24.60144921950647,34.9456523441682,85.40489,691200.0099778175,71.15252,-1.3979682e-06,1.1391081e-06,0.12847935,0.286431,-0.24581657,0.40211526,0.05111085,-0.07301694,-0.39492026,0.13673466,-0.10672656,0.17345583
24.373188532413735,34.85507217391305,83.68782,14774400.478935242,72.11166,-7.666514e-06,-2.0339455e-06,-0.26479062,-0.63510406,0.059596468,0.16858515,0.12541986,0.020025112,0.73859173,-0.17927863,0.016551312,0.18004103
24.503623143558386,34.916666955294566,80.479385,17107200.092697144,71.4435,0.000243584,0.0002138508,-0.11810627,-0.5313417,0.6131007,0.23638478,0.17490925,-0.12889363,0.32081115,-0.10179696,0.11720109,0.15523762
24.171296292717127,35.10648163098043,78.049835,10368000.35533905,73.165245,-0.011117796,-0.0029903892,-0.18816712,0.039536446,0.6929324,-0.073754124,-0.58761424,-0.22422045,-0.07444843,-0.023996972,0.0800287,0.08354907
24.242753659958876,34.931159481553294,83.59315,1123200.0247836113,72.45749,2.293806e-05,2.7437609e-05,0.15273428,-0.030515857,-0.26643816,-0.042814285,0.08990524,-0.13941205,-0.14508975,0.004251525,-0.13507652,0.13514341
24.619565229179578,35.18478278215484,82.255135,9158400.149345398,71.59223,-5.988693e-06,-5.3930045e-05,0.25095466,-0.8634149,-0.54081583,0.37723213,0.01316959,-0.28773606,-0.06802905,-0.14024974,-0.1894282,0.23569691
24.40579730278949,34.98550712868071,82.545616,14860800.180244446,72.1501,-5.8624904e-05,6.926365e-05,-0.3166882,-0.98217523,0.38387924,0.31818146,0.035375766,0.0680709,0.028166307,-0.13418865,0.102769226,0.16902103
24.33695651306752,35.26449269887389,75.24537,5184000.177669525,72.74232,0.05812869,-0.09783508,-0.24772632,-1.7534845,-1.2019897,-0.0148061365,0.061510224,-0.21577942,-0.45630017,-0.1887537,-0.120211124,0.22378264
24.423912946628306,35.13405791039468,84.735344,8812800.247192383,72.42604,-8.168269e-06,1.1247721e-05,0.22200897,-0.39595222,0.3615255,0.029151082,-0.1376358,-0.18811157,0.16582546,-0.09577769,0.10188895,0.1398382
24.53985505838052,35.14492730981283,78.72631,2246400.0495672226,71.770775,0.0012010635,0.0014860169,-0.001631517,-0.26858154,0.019710358,0.0027588233,-0.20134938,-0.25366336,0.22949547,-0.112375736,0.043977827,0.12067459
24.134057993885538,35.130434787333385,80.741425,3628800.0695228577,72.68094,-2.1097172e-05,-0.00058676634,0.3358531,0.79093003,1.1825134,-0.27333653,0.00023153424,0.26672608,0.26695558,0.029685616,0.074019626,0.07975049
24.409420264318722,35.097825908808005,75.01247,4233599.898290634,72.533714,-0.006103645,0.022210496,0.23420733,-0.1787259,0.4426433,0.23959625,0.05001281,0.006496258,0.31576642,-0.035112113,0.0745224,0.0823799
24.53985505838052,35.14492730981283,78.72631,7430400.090122223,71.882385,0.0018307677,0.0018152379,0.078117035,-1.245809,-0.6960039,0.27792615,-0.14065638,-0.27344462,-0.022914082,-0.16881494,-0.083268754,0.18823434
24.55072462237475,35.07608730649443,88.70044,6480000.084972382,72.136345,-2.373758e-07,-1.8361732e-07,-0.10630708,-0.21643642,0.51377374,0.30452618,0.16845705,0.0018695705,0.05590222,-0.01722008,0.12367746,0.12487052
24.3985509616347,35.079710263267266,82.39983,10627199.459266663,72.38291,-1.8356483e-05,7.862945e-05,-0.009337697,-0.7121868,0.22694692,0.22289252,0.053070653,-0.14291379,0.19170901,-0.12552372,-0.00430879,0.12559764
24.518115930392057,35.170290078269815,76.7112,7775999.992275238,72.28755,0.016925031,0.010820114,-0.16522637,-1.7144986,-1.0697838,0.031546474,0.06962775,-0.2596469,-0.67199284,-0.24756633,-0.1297921,0.2795265
24.57608686867857,35.22463755910878,78.28966,14687999.680709839,71.765465,0.001363286,-0.0014769618,0.46694887,-1.1300784,0.06223042,0.33976883,-0.024067387,-0.46217594,-0.07374239,-0.17348446,-0.025415093,0.1753362
24.579710091518006,35.06884069756067,84.24473,8294399.845504761,71.800804,1.03876855e-05,1.01908145e-05,0.32172784,0.17198607,0.47767717,-0.32647592,-0.27486327,0.13207167,0.4279644,0.09047746,0.161023,0.18470132
24.409420264318722,35.097825908808005,75.01247,8899199.948501587,73.29782,-0.19670017,-0.16691059,-0.056721523,-0.45014253,0.30989054,0.079024546,-0.0974023,-0.18905221,-0.4051558,-0.07909733,0.01974827,0.08152534
24.068840433535758,35.050724689208764,75.1399,14860800.180244446,71.82146,-0.047059335,0.030411402,-0.2794495,0.7307764,0.48401013,-0.28163186,-0.099301584,0.06415657,0.16997448,0.114683196,0.080022804,0.13984236
24.202898613755877,35.17753635462667,82.22561,259199.99517202377,73.284744,0.00024592015,9.090941e-05,0.07572266,-0.24347758,0.34070766,-0.24547702,-0.31366262,-0.23816958,0.017250132,-0.09697712,0.13724987,0.16805384
24.16304339770124,35.14130418675153,77.183464,8121599.894428253,72.66076,0.015464982,0.015109013,-0.002429936,1.4545941,1.2275858,-0.11421224,-0.5674549,0.2018548,0.22998026,0.10927096,0.13910474,0.17689057
24.880434869565217,35.11594208344836,73.60822,10627199.459266663,73.332664,0.74593246,-0.58201164,-0.19900808,-0.3743784,0.2067993,-0.10132491,0.16604373,0.16429529,0.21365651,-0.16742447,0.082154185,0.18649468
24.06159400092239,35.235507653915,77.223785,7171199.889278412,73.05805,0.02022042,-0.02052833,0.32331774,2.7338398,1.485659,0.08364742,-0.36189488,0.13391125,0.118927486,0.20673314,0.06927465,0.21803112
24.068840433535758,35.050724689208764,75.1399,9504000.051498413,72.2659,0.022135556,0.06180211,-0.28241876,1.61847,0.765229,0.216467,-0.024030901,0.020488285,0.7077185,0.18966365,0.08748473,0.20886809
24.278985653174068,35.159420527680346,80.15937,4147199.9227523804,72.60999,-0.00036079535,-1.0416601e-05,0.15138353,-0.55016875,0.51175374,-0.29152778,-0.31885296,0.17920507,-0.079403535,-0.12254256,0.10043712,0.15844335
24.242753659958876,34.931159481553294,83.59315,15724800.484085083,72.46927,3.451515e-05,-3.0934338e-05,-0.3107468,-0.7906449,0.16057828,0.39513656,-0.13814712,-0.050510056,0.27333662,-0.110586114,0.0023320839,0.1106107
24.579710091518006,35.06884069756067,84.24473,18143999.79915619,71.860855,-1.031443e-05,3.898986e-07,-0.003872417,-1.1148155,0.5922105,0.30988318,0.056930766,0.40027207,-0.09193178,-0.2228196,0.09311144,0.24149185
24.641304357168043,34.938405387540406,81.3883,15983999.588012695,71.16448,3.1504747e-05,4.6428962e-05,0.09376104,-0.6020373,0.26542062,0.16531831,0.2895151,0.060175978,0.048130736,-0.0662297,0.05524109,0.086243555
24.358695745580064,35.14492749121842,79.46463,9244799.850654602,72.71824,-0.0014725223,-0.001312511,-0.2935496,-0.9975871,-0.19983439,0.15563536,-0.31243548,-0.32630852,-0.15014729,-0.20618443,-0.028198123,0.2081037
24.340579657513896,35.072464168316,77.031204,16329599.49016571,72.49791,0.015108212,0.015131807,0.2746827,0.08813743,0.10736203,-0.066874065,-0.290158,0.058011822,-0.13503987,0.08553908,0.030234966,0.09072534
24.17028990870767,35.119565206509655,75.23819,1036799.9806880951,72.90053,0.10725242,0.09653342,0.14907588,-0.0057618096,0.7886225,-0.2096026,0.26224658,0.048618674,-0.45638937,0.011685878,0.1564986,0.15693429
24.264492787947336,35.06521739309379,75.914215,9763200.252342224,72.92699,0.023191316,0.028078845,-0.24933735,1.0319438,1.0803491,-0.1788548,-0.0004826039,-0.09824266,-0.34508944,0.21260947,0.1153312,0.24187616
24.15217408195171,35.09782609021359,90.079155,10454400.056648254,71.89647,-2.3469422e-09,7.059497e-09,0.46169832,-0.16293631,-0.469788,-0.17934719,0.289792,0.026433732,0.39621127,-0.042088296,-0.093023755,0.10210212
24.572463802625258,35.028985391507106,77.31845,4147199.9227523804,72.101326,0.00503628,0.0058743907,0.10620635,-0.57999766,-0.84143317,0.34382322,-0.013428457,-0.37788603,0.21230423,-0.17861553,-0.16472088,0.24297422
24.46739112421217,35.10507235145331,77.031204,9763200.252342224,72.959724,0.00974254,0.005910305,-0.073056355,-0.95097363,-0.2622921,0.12768537,0.13503395,-0.14107342,0.0050635636,-0.19964552,-0.08821793,0.21826757
24.659420157792983,35.13768139626715,82.9603,10454400.056648254,71.987175,-1.6083844e-06,-3.4608045e-05,0.15901133,-0.7494968,-0.49287283,0.10916569,-0.011198059,-0.27532676,0.16318604,-0.12681137,-0.12339917,0.17694202
24.268116089179838,35.07971042955572,81.07262,2851200.015449524,72.53687,-0.00034868272,8.279319e-05,0.10023844,-0.55551803,0.29896456,-0.29807878,-0.07651744,-0.09494388,0.22289184,-0.1291857,0.066945136,0.1455012
24.46739112421217,35.10507235145331,77.031204,2073599.9613761902,72.19532,0.011647279,0.008952397,0.19925955,-0.5336066,-0.14048006,-0.015116997,-0.10716102,-0.1717837,0.29085767,-0.15600112,0.020471878,0.15733863
24.282608510179216,35.10869565592019,73.044136,14083199.577713013,72.55391,-0.63513553,-0.6254892,0.053953983,1.106805,0.54509556,0.046103783,0.038081184,-0.26947272,0.3517668,0.16107091,0.07541395,0.17785135
24.586956589458925,35.03623181903528,81.050644,17279999.49531555,71.50803,-0.00013217244,0.00015076096,0.0064858794,-1.8538547,0.31945017,0.34501192,-0.004909303,-0.17878778,-0.08427048,-0.1828983,0.023983851,0.18446413
24.55434784521419,35.039855304907746,78.730316,5875199.981975555,71.855576,-0.0011354286,0.00091346813,0.3640066,-0.72901833,-0.23075639,0.29177743,-0.35544276,-0.4872172,0.07561542,-0.12228802,-0.08886737,0.15116802
24.623188347494935,34.98550731008629,86.27349,9244799.850654602,71.79701,-8.601797e-08,1.622706e-06,0.0598898,0.35002244,0.61982566,-0.4243546,-0.3321223,0.28164285,-0.3920992,0.033119403,0.14317492,0.14695561
24.608695560661264,35.210145036629335,80.071884,8639999.747657776,71.47833,-0.000106862986,-0.00016214416,0.39009076,-0.45587754,-0.6406434,0.29397058,0.3314964,0.03820602,-0.046032503,-0.12541021,-0.15490022,0.19930328
24.336956356281394,35.12681217825459,78.56935,6047999.933052063,72.557556,-0.00049839873,0.0036229233,-0.19483069,-0.9006057,0.2841777,-0.096966214,-0.4093802,-0.09242356,-0.20426643,-0.17692322,0.053306602,0.18477938
24.85869584610084,35.31159408476158,76.05999,5356800.128746033,71.592804,-0.008304984,-0.014218788,0.30442303,0.41760173,-0.13984272,0.20464574,0.4614289,-0.391621,0.4463815,0.18034601,-0.038489945,0.18440759
24.507246418659868,35.018115659512056,74.98295,7689599.742507935,72.91066,-0.061852638,-0.075745456,0.16178712,-0.8141563,-0.15811808,0.18793797,0.014243554,0.015390132,0.020985298,-0.07522646,-0.0365102,0.083618276
24.242753659958876,34.931159481553294,83.59315,6480000.084972382,72.63405,1.5675304e-06,-5.271656e-06,-0.07132803,-1.8447499,-0.5161112,0.2704921,-0.19026354,-0.39467236,-0.47957996,-0.29294032,-0.050911993,0.29733157
24.336956356281394,35.12681217825459,78.56935,17798399.897003174,72.55812,0.00200947,-0.003591832,-0.04834848,-0.36192262,0.340211,0.2769803,-0.122400336,0.1467682,-0.06386274,-0.09148232,0.12972988,0.15874149
24.442029139218562,35.043478080275,76.86345,14169600.375938416,72.92958,0.026342897,0.008722015,0.2896001,0.23280245,0.23665088,0.08526614,0.21920663,-0.2863813,0.08490047,0.06540109,0.052494265,0.083862685
24.880434869565217,35.11594208344836,73.60822,6307200.133895874,72.242065,-0.11591607,-0.11300535,0.10582323,-0.6089386,-0.5537794,-0.005466379,0.27230158,0.49430332,-0.14753789,-0.10554921,-0.12564656,0.1640966
24.51086948471318,35.141304337922854,75.965324,3887999.996137619,72.20744,0.031393785,0.029630905,0.13376306,-0.9974266,-0.20266975,0.36485943,0.06967107,-0.38363928,0.08757166,-0.0916886,-0.002989322,0.09173732
24.373188349496587,35.09782609021359,73.044136,1728000.059223175,72.97251,-0.90356827,-0.89498734,0.2383697,-0.12533715,0.59447473,0.10933502,0.42598927,-0.107785575,0.11219877,-0.03928953,0.114805415,0.12134229
24.525362323808892,35.01449270273921,80.76379,10281599.557113647,71.94021,-0.00010190146,7.7548226e-05,0.35655212,-0.2017093,0.5161322,0.3580185,0.31931978,0.09866075,-0.04935935,-0.024176948,0.1428463,0.14487784
24.068840433535758,35.050724689208764,75.1399,10972800.458335876,72.312515,-0.073985405,-0.019568196,-0.40273616,1.3963672,0.7972962,0.041699987,-0.08514961,-0.09101156,0.5059891,0.19692911,0.1092187,0.22518837
24.134057993885538,35.130434787333385,80.741425,11318400.360488892,73.067406,0.00038948754,0.0006253339,-0.13770175,0.2911825,0.28137836,-0.05967293,-0.4882969,-0.03782094,0.12010043,0.14201702,0.13043773,0.19282852
24.134057993885538,35.130434787333385,80.741425,10713600.257492065,73.05281,-0.00013923462,0.0007388763,-0.12235112,0.38401675,0.3339195,-0.09122362,-0.50143474,-0.017422814,0.09379708,0.16786662,0.12885734,0.21162091
24.409420342711783,35.02898555779556,73.23672,2764800.03991127,73.13556,0.83906347,0.84414315,-0.0897555,0.5382726,-0.10419631,-0.07356741,0.21360874,-0.12405051,0.16728905,0.21231055,-0.068903714,0.22321177
24.40217392316393,35.07246365433351,77.73675,12009600.164794922,72.91758,-0.01178024,0.007236744,0.0064719617,-0.19157436,0.27575737,-0.031820543,0.28792098,-0.10614554,0.17103207,-0.04591264,0.061119333,0.076443076
24.423912946628306,35.16304383214723,83.815254,4924799.976825714,72.18508,-1.9138275e-05,2.7886415e-06,0.16277857,-0.45965877,0.4506096,0.026637543,-0.00043068826,-0.17141235,0.56444293,-0.2092556,0.17175284,0.27071562
24.3985509616347,35.079710263267266,82.39983,14169600.375938416,72.52357,-0.000108037246,-9.7231896e-05,-0.1472776,-0.6140479,0.12917127,0.23071408,0.21537915,0.15511225,0.0139130335,-0.17880408,0.035676762,0.18232863
24.423912946628306,35.16304383214723,83.815254,9935999.654960632,72.462616,-1.4744205e-05,8.067883e-06,0.21090874,-0.36114553,0.18758091,0.34367225,0.038070794,-0.16496865,0.24796331,-0.1533112,0.029900946,0.15619983
24.068840433535758,35.17753635462667,82.62194,7430400.090122223,72.226585,4.109984e-05,6.631615e-05,0.14330661,2.1316507,1.120549,-0.03623394,0.22804311,0.12549312,0.30907592,0.22664112,0.07675256,0.23928466
24.800724541980035,35.0326085145684,80.91604,17020800.39138794,70.48682,9.3142025e-06,-3.771501e-05,-0.0064022355,-0.835238,-0.2763631,-0.015986957,0.47186366,-0.12751767,-0.3436418,-0.14615075,-0.07323589,0.16347335
24.626811465810288,35.05797113185407,83.9315,13305600.072097778,72.2518,-1.4621393e-05,7.169977e-06,-0.17749971,-0.58056635,0.26518404,0.1248179,0.2500809,-0.038019665,-0.114195235,-0.168553,0.111010976,0.20182554
24.340579735906957,35.22101461745307,78.71513,15983999.588012695,72.574135,0.0019790356,0.0021748077,0.054043822,-0.90075564,0.09945791,0.643207,-0.13856515,-0.14333922,0.33670923,-0.20339367,0.029300038,0.20549326
24.278985574781007,35.18478260074926,85.36457,864000.0296115875,72.33106,5.8399437e-06,6.074969e-06,0.06450625,-0.040968463,0.21948661,-0.20563796,-0.34939247,-0.0049135517,0.14122936,-0.051950917,0.11719946,0.12819755
24.579710091518006,35.06884069756067,84.24473,17193599.794006348,71.93692,-1.1808804e-05,1.1768637e-05,-0.1587365,-1.031611,0.4597842,0.21618912,0.15791203,0.37915823,0.05218988,-0.23124155,0.09120014,0.2485762
24.572463802625258,35.028985391507106,77.31845,12700799.969100952,72.52202,-0.009617641,-0.010634421,0.2596879,-0.6081706,-0.018016975,0.17178318,0.43662736,-0.09991307,0.10354104,-0.13145152,-0.0058410186,0.13158123
24.880434869565217,35.11594208344836,73.60822,2764800.03991127,72.8621,0.45160612,0.424238,0.22377792,-0.32783228,-0.20423181,0.2722338,0.3335576,0.19997816,-0.12029209,-0.14240941,-0.06921774,0.15833995
24.40217392316393,35.07246365433351,77.73675,1036799.9806880951,72.391624,-0.004168064,-0.0072326744,0.083169885,-0.47790864,-0.27267113,-0.057481788,-0.052844085,-0.017957434,0.23494354,-0.1484331,-0.040007215,0.15373015
24.141304256647267,35.05072417522627,80.839714,5961600.231742859,72.62442,0.00023909508,0.00018932768,0.37160388,-0.1294596,0.18431418,-0.45854938,0.24257153,0.17703344,0.25457114,-0.13496496,0.051245198,0.14436623
24.623188347494935,34.98550731008629,86.27349,7603200.0411987305,71.67209,-2.0705986e-07,-8.003783e-08,0.05612906,0.6375356,0.70390767,0.022045013,0.032656662,0.16734411,-0.027775213,0.10729871,0.1262365,0.1656764
24.40217392316393,35.07246365433351,77.73675,6480000.084972382,72.604004,-0.00881988,-0.0075403787,0.1487264,-0.41681677,0.5096182,0.36254528,0.025387494,-0.2455285,-0.18679857,-0.13366984,0.034738485,0.13811006
24.728260869121893,35.15579704180788,79.23173,9849599.953651428,71.66996,-0.0009412492,0.00091029645,0.27340668,-0.016951948,-0.6143563,-0.17555338,0.17379786,0.2348893,-0.12146372,-0.011600688,-0.1444942,0.14495914
24.659420157792983,35.13768139626715,82.9603,9331199.551963806,71.894844,-3.0594514e-05,1.9523908e-05,0.13031569,-0.27087176,-0.3769884,-0.009343959,-0.18121079,-0.23161715,0.2060197,-0.048809193,-0.1436091,0.15167701
24.003623304347823,35.192029209683014,80.788605,7948799.943351746,72.627106,0.0005335677,-0.00050064805,0.092053965,2.15571,1.3955168,-0.0052058846,0.054108344,0.22476244,0.33736655,0.1466597,0.12089889,0.19006738
24.57246390714934,35.13405809180027,82.83649,12355200.066947937,72.1794,-5.0744762e-05,-5.3920303e-05,0.0844576,-1.1386858,-0.46046227,0.24548581,0.27254593,-0.28628817,0.21358672,-0.11323228,-0.09132555,0.14547132
24.423912946628306,35.13405791039468,84.735344,13824000.4737854,72.88632,-1.1391318e-05,-1.378988e-05,0.032565437,0.1876218,0.03846337,-0.036319792,0.21403912,0.27367297,0.26338416,0.1224843,0.012312479,0.123101585
24.358695745580064,35.14492749121842,79.46463,4319999.873828888,72.29091,-0.00046998978,0.0006384935,-0.094280966,-1.2295179,0.23314446,-0.11222976,-0.56004554,-0.10299412,0.040032674,-0.17865176,0.09322603,0.20151316
24.40217392316393,35.07246365433351,77.73675,11059200.15964508,72.95318,0.0050590746,-0.0082773585,-0.05216302,-0.13278289,0.2973227,0.061128166,0.37505823,-0.06572256,0.14014295,-0.034290504,0.056157976,0.06579937
24.728260869121893,35.15579704180788,79.23173,10108800.15449524,71.67076,-0.0009232297,0.0008483996,0.25093308,-0.13812456,-0.6183564,-0.18061015,0.14368622,0.21896127,-0.14565402,-0.040849656,-0.14715171,0.15271647
24.365941903817713,35.11594190204278,77.940506,1900800.0102996826,72.645706,0.0076261354,-0.004578215,0.24586406,-0.8677572,0.37801987,-0.024431244,-0.28321198,-0.08727968,0.32531363,-0.29304302,0.16353683,0.33558682
24.572463802625258,35.028985391507106,77.31845,18057600.097846985,72.45314,-0.009706402,-0.010644957,0.35953182,-0.69962645,-0.31934723,0.055953994,0.28109795,-0.6325511,0.15631518,-0.13701625,-0.040728725,0.14294153
24.481884276880134,35.21376834109622,79.042,7775999.992275238,71.887184,-0.0004368064,-0.0012375604,-0.122174986,-1.7416981,-1.226932,0.06610274,-0.020911478,-0.21897824,-0.27769896,-0.26287925,-0.120983794,0.28938308
24.782608845879178,35.07246365433351,80.82854,4233599.898290634,72.50738,0.0003639053,-0.00042651585,0.106767744,1.1799566,-0.03333484,0.16333033,0.055057,0.27642798,0.34345788,0.33995658,-0.12692833,0.36287916
24.06159400092239,35.235507653915,77.223785,18230399.500465393,72.686356,0.013128762,0.008612274,0.2923874,0.07376154,0.018280696,0.07225903,-0.30554038,-0.114369504,0.33399627,0.04551682,0.07099667,0.0843345
24.57246390714934,35.13405809180027,82.83649,3369599.8686790466,72.00019,2.1724043e-05,2.6169635e-05,-0.04627783,-0.29426637,0.48316038,0.1546961,-0.31010306,0.011925399,0.44636014,-0.070109665,0.16433729,0.17866759
24.55434784521419,35.039855304907746,78.730316,12355200.066947937,72.189766,-0.0010600245,-0.0021794515,0.16760123,-1.0783356,0.100822985,0.1581876,0.30625445,-0.074948594,0.13757756,-0.09495342,0.011618277,0.095661566
24.40579730278949,34.98550712868071,82.545616,4492800.099134445,71.67742,-4.1011957e-05,-4.484192e-05,0.22512421,-1.1809765,0.032358296,-0.31874207,-0.6261366,-0.2584248,-0.5330242,-0.24559896,0.012777414,0.2459311
24.626811465810288,35.05797113185407,83.9315,11664000.262641907,72.34038,-2.0139525e-05,-9.526421e-06,0.032633685,-0.21828434,0.359446,0.023403306,0.16343981,0.041616738,-0.1278942,-0.095134154,0.1159181,0.14995837
24.365941903817713,35.11594190204278,77.940506,10108800.15449524,73.04376,-0.007604515,-0.00926445,-0.387555,-0.18342513,0.15782174,-0.008251041,-0.008093476,-0.15882969,-0.21672934,-0.11941305,0.025641337,0.12213498
24.442029139218562,35.043478080275,76.86345,16502399.989700317,72.789894,0.01866528,0.008843618,0.22980428,0.07458553,-0.07744375,0.0058032945,-0.07613712,-0.32412982,0.06630498,0.07193227,-0.052205175,0.088879876
24.52536253285706,35.05797113185407,79.99595,6220799.884128571,71.7523,-0.00033171417,-2.8639373e-05,0.41928563,-0.66959834,0.17668432,0.27834043,-0.5983004,-0.4189655,0.11559878,-0.09321563,0.00016757101,0.09321578
24.514492864338745,35.152173737341,77.98083,5097599.927902222,71.90853,0.0033979097,-0.0030105896,0.002998203,-1.3905271,-0.4138615,0.202122,-0.3793893,-0.33269075,-0.046887062,-0.15226333,-0.043025147,0.15822542
24.278985653174068,35.159420527680346,80.15937,18143999.79915619,72.92887,0.001058489,-0.0009064477,-0.2928307,-0.32897088,0.47743243,0.59559125,-0.15800563,0.19935457,0.32517338,-0.108571224,0.19491032,0.22310928
24.152173912100075,34.942029039701325,85.189964,1382400.019955635,72.76296,-9.507385e-06,9.497093e-06,0.044817943,-0.24711145,-0.27753305,0.19598332,-0.15137377,-0.11550582,0.07442643,-0.13016641,-0.17613275,0.21901152
24.85869584610084,35.31159408476158,76.05999,11318400.360488892,72.902084,0.05448137,-0.002081197,-0.09805191,-0.5437313,-0.39752477,-0.0021387339,0.57531345,0.23881426,0.17483431,-0.096648864,-0.09589341,0.13614899
24.514492864338745,35.152173737341,77.98083,8121599.894428253,72.17945,-0.0033471517,0.00022608248,-0.07083031,-1.4031177,-0.8598297,0.14283973,-0.040145867,-0.22520678,-0.26734984,-0.22961532,-0.12344721,0.260696
24.177536001617764,35.01449252133363,77.3516,12182399.56741333,72.90787,-0.014305502,-0.009201658,-0.17126516,0.54515517,0.49089482,-0.03409478,-0.020923063,-0.19286205,0.05205421,0.10159038,0.071003325,0.12394385
24.822463669968496,35.11956556932083,79.471794,10713600.257492065,71.68407,0.0007603155,0.00056956976,-0.09512811,0.0009431541,-0.21074136,-0.113483734,-0.2583054,0.24130383,0.06347567,-0.009632871,-0.14420174,0.14452313
24.57246390714934,35.13405809180027,82.83649,10799999.95880127,72.18294,-4.800987e-05,-4.647653e-05,0.20280638,-1.1215053,-0.45362705,0.19210199,0.17179325,-0.27941078,0.3521072,-0.06439917,-0.08779014,0.10887774
24.15217408195171,35.09782609021359,90.079155,6134400.182819366,72.21481,2.5473046e-08,-4.5332307e-08,0.4458286,-0.22254558,-0.09186204,0.31846425,0.26664644,-0.0564539,0.15497993,-0.18464352,-0.0172197,0.18544473
24.340579657513896,35.072464168316,77.031204,2764800.03991127,72.50253,0.014093263,-0.014755043,0.19483334,0.014058903,0.3950219,-0.036548123,-0.15935653,0.003537573,0.2197133,-0.0040586125,0.15144525,0.15149963
24.15942034471344,35.02536261613985,84.04098,4492800.099134445,72.91895,1.8501469e-06,-2.9611218e-05,-0.01292887,-0.92680454,-0.17817545,-0.12675908,-0.13479742,-0.39048192,-0.1726133,-0.19624324,-0.048328675,0.20210658
24.40217392316393,35.07246365433351,77.73675,8812800.247192383,72.81426,-0.010669029,-0.010750077,-0.027771756,-0.054922953,0.42503995,0.2988871,0.34253475,-0.1422604,-0.17393374,-0.026438544,0.09114955,0.09490647
24.282608510179216,35.10869565592019,73.044136,9504000.051498413,72.96462,0.26601198,-0.09149536,-0.19078544,1.6600969,1.150605,0.09726819,0.057570204,-0.080531955,0.25411853,0.14883654,0.14316674,0.20651641
24.340579735906957,35.22101461745307,78.71513,1123200.0247836113,72.71677,-0.0036709483,0.0023318094,-0.2519735,-1.0846099,0.14285772,-0.23186275,-0.039677158,-0.09116928,-0.8068025,-0.21632694,0.04196842,0.22036037
24.608695560661264,35.210145036629335,80.071884,9417600.350189209,71.534454,-0.0003101394,-0.00027493402,0.45791933,-0.5587966,-0.5799356,0.2954668,0.31776944,0.057188787,-0.085544005,-0.16066113,-0.17105299,0.23467237
24.286231733018653,35.16304365074164,82.86601,1987199.9858379364,72.75469,-6.303956e-05,2.3618657e-06,-0.1916101,-0.2097164,0.50807375,-0.10238495,-0.24655774,-0.04204554,0.032753516,-0.08091077,0.16881633,0.18720445
24.271739312019278,35.0833337340226,74.97577,16934399.593162537,72.534546,0.097562805,-0.024721643,0.37755802,0.551057,-0.28299507,-0.124713175,-0.04269786,0.25851196,0.12821129,0.17511003,-0.055967685,0.18383662
24.068840433535758,35.17753635462667,82.62194,1900800.0102996826,72.682304,1.566472e-05,0.000105071485,0.330366,0.34908882,0.90525067,0.10078783,-0.23268119,-0.18852948,0.27106616,0.08167898,0.16299304,0.18231343
24.481884276880134,35.21376834109622,79.042,5702400.030899048,71.869896,-0.0010761482,-0.0011021477,-0.2289528,-1.7550799,-0.90736085,-0.04550781,-0.25358883,-0.27850732,-0.29028744,-0.20748231,-0.066294044,0.217816
24.822463669968496,35.11956556932083,79.471794,2505600.113296509,72.47474,0.00017188049,0.0015282041,0.026960868,0.5943265,-0.057806257,0.420155,0.3715663,0.45349622,0.15544996,0.24003252,0.006731823,0.24012691
24.49275373635028,34.95652190987481,78.13308,17366400.293540955,72.0339,0.0022036817,-0.0029290763,0.032716844,-0.4286969,0.19146991,0.050217863,0.11942028,-0.39617118,0.2868805,-0.17207019,0.0719766,0.18651752
24.880434869565217,35.11594208344836,73.60822,15120000.381088257,73.694595,0.20579834,-0.8572141,-0.24135461,0.1355404,0.32299998,0.31030348,0.11299103,-0.22726093,0.34693414,0.026346251,0.15597709,0.15818653
24.800724541980035,35.0326085145684,80.91604,3801600.0205993652,72.67279,0.00047946835,-0.000176308,0.2267504,1.1768564,0.069754586,0.24509943,0.17411943,0.12990978,0.34821472,0.32625052,0.040226087,0.32872108
24.677536062942007,35.07971042955572,84.775665,4665599.775981903,72.01035,-7.2368402e-06,-3.4488562e-06,0.028594738,0.84692657,0.53305733,-0.03739909,0.025417708,0.22825024,0.4358395,0.22593045,0.11666267,0.25427297
24.72463775080654,35.097825908808005,83.506035,1555199.9710321426,71.97625,1.89783e-05,2.878925e-06,-0.20246354,0.5765523,0.13710637,0.12406445,0.22166532,0.24653003,-0.33045828,0.15567544,0.026670888,0.15794359
24.659420157792983,35.13768139626715,82.9603,10108800.15449524,71.96861,-3.401104e-05,-2.1397429e-05,0.15793166,-0.62647784,-0.46349514,0.06841999,-0.06495332,-0.25645742,0.17695457,-0.11335178,-0.12908193,0.171787
24.46739112421217,35.10507235145331,77.031204,10108800.15449524,72.968414,0.023551498,0.023012912,-0.06267589,-0.906278,-0.24570386,0.0949667,0.15593071,-0.13966952,0.026667455,-0.18890296,-0.08300975,0.20633698
24.373188349496587,35.09782609021359,73.044136,11059200.15964508,72.91578,-0.82582974,0.8859074,-0.18830743,0.9166293,0.62180465,0.13895458,-0.010541171,-0.49870217,0.0009440873,0.1319257,0.072071426,0.15032858
24.641304357168043,34.938405387540406,81.3883,10540799.757957458,71.52766,-1.169882e-05,7.363054e-05,0.31620374,0.6360893,0.72788215,-0.07118959,-0.14749953,0.31867883,-0.067501985,0.05796538,0.11073541,0.12498926
24.286231733018653,35.16304365074164,82.86601,13046399.871253967,72.64176,6.63298e-05,7.449443e-05,0.019325372,0.3342697,0.09066503,0.010887936,0.09397273,0.32788765,0.25603956,0.15317471,0.030740038,0.15622881
24.271739312019278,35.0833337340226,74.97577,12009600.164794922,73.03281,0.023258733,0.07029401,-0.1332353,0.30395907,0.7939719,-0.3040833,-0.023810774,-0.21912041,-0.12355978,0.08342625,0.13307115,0.15706009
24.55072462237475,35.07608730649443,88.70044,10195199.855804443,72.68956,-1.8043262e-07,-2.1465264e-07,-0.1449014,0.69581366,0.79962635,0.01665029,-0.1538504,0.2507949,-0.4261229,0.08256504,0.0817791,0.116210185
24.278985653174068,35.159420527680346,80.15937,4579200.074672699,72.579094,-0.0005725732,0.00017173363,0.17779818,-0.5206678,0.5098564,-0.273191,-0.35552073,0.17108618,-0.07628277,-0.12568241,0.10570998,0.1642275
24.16304339770124,35.14130418675153,77.183464,16934399.593162537,72.63953,0.008433939,-0.014832755,0.3650332,-0.111181945,0.37747815,-0.06929106,-0.37649706,0.1879271,0.13529684,-0.03710173,0.14733928,0.15193881
24.373188349496587,35.09782609021359,73.044136,259199.99517202377,73.113365,0.85352093,-0.25375137,0.42794922,-0.5220671,0.6676605,0.13809177,0.26207837,-0.16146697,-0.1320455,-0.059497386,0.1244215,0.13791537
24.068840433535758,35.17753635462667,82.62194,12527999.469566345,72.431404,5.5490866e-05,8.219806e-05,-0.24474335,0.7185415,0.29931954,0.11467057,-0.0055926964,-0.02339822,-0.02289214,0.14033289,0.059353895,0.15236865
24.528985389862203,35.079710263267266,73.800804,3023999.9665260315,72.7338,0.36356452,0.20840092,0.32840142,-0.5022892,-0.16842823,0.5183997,0.5455591,-0.30744535,0.2078278,-0.20169677,-0.0639025,0.21157768
24.275362351941567,35.02173896397893,79.32639,13996799.876403809,72.62461,-0.00028448162,-0.000617181,0.07176158,-0.8076744,0.39346504,0.28952968,-0.04920654,-0.27484778,-0.124555044,-0.17264509,0.090178184,0.1947779
24.503623143558386,34.916666955294566,80.479385,13305600.072097778,71.71476,-0.00029743445,0.00027414656,0.29663572,-1.3453873,0.45811254,0.40085334,-0.024416365,-0.031646177,-0.32093954,-0.19977082,0.08879682,0.2186167
24.40579730278949,34.98550712868071,82.545616,13391999.773406982,72.30303,-6.139122e-05,-4.4463402e-05,-0.3669339,-0.896405,0.2133974,0.3833826,0.12237026,0.014226805,-0.11056783,-0.1485331,0.06639783,0.16269836
24.33695651306752,35.26449269887389,75.24537,4147199.9227523804,72.882355,0.10040382,-0.10548396,-0.3055108,-1.3872532,-0.95466316,-0.039821327,0.15516877,-0.16628288,-0.30261305,-0.22427824,-0.12870844,0.25858575
24.409420185925658,35.126811301460926,78.58091,259199.99517202377,72.53927,-0.0028375862,0.0038379712,0.21499544,-0.9109068,0.2888262,0.12608904,0.006258521,-0.1588918,0.17197824,-0.2871854,0.07756163,0.2974748
24.507246418659868,35.018115659512056,74.98295,18316800.298690796,73.96608,0.39116976,0.38013336,0.17237332,0.69607866,-0.34833035,-0.30939174,-0.017806023,-0.45350668,0.27562344,0.21086413,0.008060098,0.21101812
24.623188347494935,34.98550731008629,86.27349,3974399.971675873,71.22809,-6.463285e-09,9.0021194e-07,-0.0017633662,0.53732836,0.6976787,0.4092571,0.20579901,0.048335172,0.1889719,0.16100869,0.11012633,0.19506821
24.728260869121893,35.15579704180788,79.23173,12268800.365638733,71.683205,-0.000954807,0.00073069223,0.108261414,-0.84213316,-0.55161494,-0.08859197,-0.031154685,0.03971263,-0.2886092,-0.07786651,-0.09554598,0.12325675
24.264492787947336,35.06521739309379,75.914215,2073599.9613761902,72.39975,-0.016615257,-0.031039366,0.29112294,0.5329796,0.6137497,-0.038067795,0.025074936,-0.18994842,-0.013282444,0.08318643,0.08483292,0.11881333
24.481884276880134,35.21376834109622,79.042,15983999.588012695,72.17317,0.0004161098,0.0011059836,0.21561062,-1.398869,0.3103887,0.5312662,-0.15844285,-0.37363416,0.083398774,-0.18900803,0.015880309,0.18967398
24.75362311542571,35.148550251468535,82.31272,18316800.298690796,71.177925,-2.6415006e-05,3.469136e-05,0.3994873,-0.6500617,0.8101768,0.18766055,-0.32971266,-0.23245077,0.012135955,-0.13163483,0.14880031,0.19866873
24.731884091961334,34.88405773852335,82.62194,7775999.992275238,71.90515,3.833402e-05,4.8493086e-05,0.065694004,1.5382296,0.31981146,-0.03404969,0.026664268,-0.10231358,-0.0029252768,0.24386153,0.06708416,0.25292042
24.16304339770124,35.14130418675153,77.183464,13910400.175094604,73.290245,-0.027027303,-0.027720414,0.19062716,-0.3122032,0.57820934,-0.23819706,-0.51352453,0.089415066,0.16600278,-0.09493244,0.12783837,0.15923196
24.43478277193275,35.06521686399416,78.38795,0.0,72.46734,-0.0037750849,-0.0042114574,-0.095048554,-0.22787605,-0.4541061,-0.18970725,0.2341097,0.029220678,0.0913825,-0.08010058,-0.17507774,0.19253133
24.423912946628306,35.13405791039468,84.735344,14428799.479866028,72.867874,1.6012802e-05,-7.4877753e-06,-0.0005234368,0.19080609,0.0007926971,-0.0015883222,0.21316439,0.31201297,0.24434662,0.12840077,-0.0048712194,0.12849315
24.507246418659868,35.018115659512056,74.98295,13651199.974250793,73.567444,-0.24657792,-0.22975175,0.47582182,0.5027387,-0.22315781,-0.03194335,0.43476343,-0.39539474,-0.14442545,0.14007425,-0.0653606,0.15457298
24.40579730278949,34.98550712868071,82.545616,3628800.0695228577,71.60756,-1.4000225e-05,-3.158317e-05,0.16779245,-0.93781686,0.06977168,-0.35359645,-0.54000306,-0.24074033,-0.42276764,-0.2898342,0.014454342,0.29019442
24.068840433535758,35.17753635462667,82.62194,10540799.757957458,72.468056,4.634475e-06,-3.6631427e-05,-0.1056151,1.0778568,0.64546186,0.1813569,0.051035583,-0.043869995,0.012962844,0.18562923,0.088353895,0.20558362
24.800724541980035,35.0326085145684,80.91604,4147199.9227523804,72.725464,0.00052493165,0.00013677673,0.2275658,1.234623,0.073960915,0.18972859,0.15236458,0.12383719,0.3563942,0.32555228,0.044203624,0.32853958
24.43478251062254,35.050724689208764,81.254395,10540799.757957458,72.15288,0.000103875886,-0.00014164018,0.12291279,-0.56577814,0.40909705,0.50753665,0.31427357,-0.14333004,0.11738223,-0.1302536,0.05851488,0.14279352
24.521739153231497,35.18115965909355,80.50853,2159999.936914444,71.9669,0.00029522995,0.0003817596,-0.14887267,-0.31337476,0.55011654,0.044071425,-0.38550133,-0.15811081,0.19468504,-0.14263695,0.19240637,0.23951098
24.202898613755877,35.17753635462667,82.22561,16847999.891853333,72.945305,-9.3582865e-05,-0.00019450385,-0.28187874,0.22085491,0.19998047,0.10218686,-0.08269354,0.31832156,0.21041754,0.08270895,0.058501422,0.101307385
24.53985505838052,35.14492730981283,78.72631,1814400.0347614288,71.79236,0.0013682587,0.001636707,-0.016234152,-0.22771192,-0.009133372,-0.06310002,-0.09406591,-0.2420017,0.18009737,-0.117202505,0.030020513,0.12098619
24.731883987437246,34.999999998854186,80.17734,4665599.775981903,72.40311,5.9663333e-05,0.0004746469,0.25290695,0.90061843,-0.18614198,0.18690789,0.20475823,-0.28808057,0.35224485,0.20396838,-0.018521726,0.20480761
24.068840433535758,35.050724689208764,75.1399,1382400.019955635,72.42286,-0.073772505,0.013758771,0.20638183,-0.07210983,-0.60175025,-0.17776704,0.27852687,-0.39353874,-0.429469,-0.045367777,-0.07865661,0.09080251
24.268116089179838,35.07971042955572,81.07262,15638399.68585968,72.65993,-0.00020905418,0.00030736142,0.03657805,-0.65791893,0.45330957,0.38860333,-0.23424318,0.09587741,-0.10993295,-0.090121545,0.099373594,0.13415292
24.822463669968496,35.11956556932083,79.471794,950400.0051498413,72.09195,-0.0007480797,-0.0010639525,-0.14576036,0.82816577,0.06559452,0.44586265,0.4936811,0.31701508,0.10129577,0.25227267,0.045792,0.256395
24.75362311542571,35.148550251468535,82.31272,1900800.0102996826,72.152954,4.3389922e-05,-8.595079e-05,-0.48730582,0.49851486,0.30233723,-0.0029046908,0.13632567,0.28944102,-0.010460772,0.13351147,0.09788236,0.16554838
24.507246418659868,35.018115659512056,74.98295,12700799.969100952,73.40167,-0.22064085,-0.19743097,0.43804842,0.4762062,-0.15399502,-0.013085313,0.5442776,-0.28874904,-0.13030878,0.12340304,-0.058718443,0.13666077
24.51086948471318,35.141304337922854,75.965324,4579200.074672699,72.24556,0.032444876,0.01621015,0.08326393,-1.2024605,-0.32952228,0.40528986,0.041687008,-0.39611402,-0.05801037,-0.087987825,-0.018321283,0.08987506
24.202898613755877,35.17753635462667,82.22561,7516799.791431427,72.78569,0.00015054432,-0.00011608487,0.19474044,0.95057476,0.86644614,-0.009400003,-0.14616099,-0.04650636,0.0025010873,0.062982805,0.08780947,0.10806173
24.003623304347823,35.192029209683014,80.788605,9935999.654960632,72.74132,0.00058521697,0.00010844054,-0.119990565,1.3398061,0.9164069,0.14738956,-0.09646606,0.07026621,0.09466772,0.14540723,0.097272985,0.1749437
24.641304357168043,34.938405387540406,81.3883,2851200.015449524,72.168976,0.00018969708,-0.00019178106,0.067257494,0.43971428,-0.16419236,0.06104076,0.23154333,-0.060745567,-0.23785931,0.17216808,-0.036297604,0.17595273
24.15217408195171,35.09782609021359,90.079155,11836799.665260315,71.6173,-2.3331914e-08,-3.9770903e-08,0.37235057,-0.0014705658,-0.50491476,-0.25359744,0.27218893,0.11342861,0.48721728,-0.0011456031,-0.09449637,0.09450331
24.46739112421217,35.10507235145331,77.031204,17193599.794006348,72.52286,0.008780973,0.015293161,0.17804667,-0.39027187,-0.20535661,-0.051750563,-0.049278818,-0.2980221,-0.17560855,-0.1268216,-0.07732608,0.14853634
24.365941903817713,35.11594190204278,77.940506,12700799.969100952,72.97696,0.009974484,-0.010316346,-0.046245947,-0.504485,0.0584012,-0.17510793,0.09144754,-0.16499814,-0.016680066,-0.099665426,0.0030618608,0.09971245
24.47463793572534,35.15579704180788,74.131996,2592000.0888347626,72.90976,0.15945454,-0.07370282,0.32145637,-0.9650984,0.2654029,0.2308749,0.5214275,-0.11681287,0.3488838,-0.13332792,0.065359525,0.14848636
24.85869584610084,35.31159408476158,76.05999,604799.9658823013,70.83225,-0.0022478453,-0.0054652356,0.13567612,0.92807555,1.2391577,0.2649506,-0.20566916,-0.57294035,0.50753593,0.10295946,0.11133887,0.1516476
24.43478277193275,35.06521686399416,78.38795,5529600.07982254,72.215195,0.00095290766,0.0016414911,0.19560766,-0.65437806,0.34276894,0.3925672,-0.21805164,-0.32073045,0.08781786,-0.11405678,0.020873338,0.11595105
24.85869584610084,35.31159408476158,76.05999,13910400.175094604,73.13607,-0.06667956,-0.05218422,-0.10293145,-0.25340885,-0.07890965,0.10696019,0.3295994,0.05610829,0.0032161903,-0.16543981,-0.041099615,0.17046851
24.655797039477626,35.09782643790763,82.953125,6134400.182819366,71.833115,1.4945611e-05,2.2605084e-06,0.19201311,0.9270781,0.15338959,-0.074764766,-0.1769838,0.09071085,0.6410667,0.20505592,-0.010477215,0.20532341
24.518115930392057,35.170290078269815,76.7112,3369599.8686790466,71.999855,0.011215879,0.006559516,0.1247252,-1.0210339,-0.2707016,0.10479382,-0.08059598,-0.41062587,0.1353206,-0.1510052,-0.014613435,0.15171064
24.3913043591697,35.05434799367564,86.750465,4319999.873828888,71.721085,6.446366e-07,6.286465e-07,-0.027524143,-2.014772,-0.5974587,-0.051685683,-0.5536788,-0.4839973,-0.07720728,-0.08836509,-0.048173737,0.100643426
24.521739153231497,35.18115965909355,80.50853,4924799.976825714,71.87807,0.00023670263,-5.341958e-05,-0.21795025,-0.8484378,-0.04359847,0.16631302,-0.3568377,-0.11894861,0.2016252,-0.14195772,-0.00050029904,0.1419586
24.60144921950647,34.9456523441682,85.40489,14256000.07724762,71.946106,4.0006594e-06,-4.1338576e-06,-0.22463483,-0.3083654,0.12930171,-0.28630123,0.033496924,-0.0025779698,0.37440702,-0.17090175,0.08902368,0.19269827
24.576087129988778,34.96376817111452,80.53768,518399.99034404755,72.604744,-0.0006635851,-0.00055674475,-0.0797899,-0.24328987,-0.47351712,0.24580088,0.49124148,-0.1610125,-0.1429584,-0.07561383,-0.23797274,0.24969678
24.16304339770124,35.14130418675153,77.183464,345600.00498890877,73.388504,0.02978887,0.019871566,0.13011904,0.016513675,0.8293031,-0.41585574,0.4118064,0.3607304,-0.27093956,0.028808475,0.18972522,0.19189994
24.85869584610084,35.31159408476158,76.05999,11491199.7631073,72.927895,0.05591838,-0.006506739,-0.10802115,-0.53684235,-0.3897804,-0.004579775,0.56202525,0.23369196,0.1601918,-0.10118496,-0.10058172,0.14267123
24.282608510179216,35.10869565592019,73.044136,17452799.99485016,72.69971,-0.7079595,-0.6976021,0.09174576,0.9654174,-0.6852241,-0.19194484,0.3399838,0.033829004,0.28940415,0.14321086,-0.09486677,0.17178199
24.278985574781007,35.18478260074926,85.36457,14342399.778556824,72.03142,-3.1826094e-06,-4.09401e-06,-0.20489225,0.6089101,-0.16471784,-0.0009417385,0.25624123,0.36002657,0.38748893,0.17824987,-0.059542246,0.18793163
24.365941903817713,35.11594190204278,77.940506,604799.9658823013,72.756485,-0.0047925957,-0.0060547115,0.33816436,-0.9728869,0.35993466,0.059819013,-0.05185654,-0.08664551,0.26235622,-0.30887747,0.15652733,0.34627458
24.572463802625258,35.028985391507106,77.31845,9590399.752807617,72.492775,-0.0030971307,0.0011740358,0.20786488,-0.82103574,-0.14306992,0.14894697,0.23995915,-0.011292107,0.3610902,-0.1261436,-0.09709594,0.15918489
24.822463669968496,35.11956556932083,79.471794,9676799.454116821,72.01548,0.0010058518,0.00046378694,0.033297725,0.2770399,-0.25079787,-0.16108775,-0.19016838,0.27610183,0.1053238,0.11397175,-0.17673513,0.2102971
24.358695745580064,35.14492749121842,79.46463,17193599.794006348,72.53582,0.00033646298,-0.00076074083,-0.10039192,-0.6800053,0.3891493,0.43293604,-0.16766629,0.05716069,-0.06840208,-0.16697581,0.060808364,0.17770362
24.442029139218562,35.043478080275,76.86345,4060799.9472141266,72.43807,-0.016977215,0.0012175593,0.07062446,-0.16510779,-0.20824958,0.04320547,-0.12055228,-0.033252165,0.23113301,-0.06684401,-0.1256785,0.14234889
24.75362311542571,35.148550251468535,82.31272,12355200.066947937,71.42498,4.0851293e-05,4.3439388e-05,-0.0037681684,-0.9442061,-0.55590814,0.30287588,-0.13227859,-0.35401928,-0.13551077,-0.15863606,-0.10192063,0.18855561
24.15217408195171,35.09782609021359,90.079155,11318400.360488892,71.74727,-4.5620116e-08,-1.9362606e-08,0.41743934,-0.056635447,-0.49541128,-0.22802216,0.28759158,0.07619262,0.4568497,-0.01768189,-0.09969226,0.1012482
24.275362351941567,35.02173896397893,79.32639,7775999.992275238,72.43299,-0.001630405,-0.0017043867,0.025872393,0.18410313,0.36958754,0.13900864,0.48681042,-0.20548952,-0.27640083,0.07603279,0.09404833,0.1209383
24.268116089179838,35.07971042955572,81.07262,15983999.588012695,72.63646,-0.00014353545,0.00041769005,0.016656654,-0.6219908,0.48706827,0.40882742,-0.26202592,0.10546203,-0.14237097,-0.08561936,0.10573776,0.1360557
24.731884091961334,34.88405773852335,82.62194,5702400.030899048,71.92052,5.073388e-05,2.319104e-05,-0.09044879,0.96663725,0.296962,-0.046102397,-0.10685118,-0.18174896,-0.3130334,0.18348384,0.1267348,0.22299781
24.409420185925658,35.126811301460926,78.58091,6307200.133895874,72.32894,0.0017033158,-0.001071103,-0.21457216,-1.5011367,-0.13091531,0.19336739,-0.40913475,-0.32487935,-0.13439354,-0.16039667,-0.050938774,0.16829096
24.53985505838052,35.14492730981283,78.72631,4319999.873828888,71.71974,-0.001080332,-0.001477839,0.03788741,-0.7319205,-0.0818883,0.25439462,-0.43731633,-0.26146233,0.2123465,-0.16852008,0.030440127,0.17124724
24.623188347494935,34.98550731008629,86.27349,2159999.936914444,71.02325,3.3639824e-07,-6.3239054e-07,0.08636825,0.33067986,0.4921299,0.4232131,-0.044350885,-0.017850839,-0.1585185,0.10754455,0.14860995,0.1834414
24.365941903817713,35.11594190204278,77.940506,9590399.752807617,73.022156,0.010794266,-0.0035947561,-0.40650487,-0.1831911,0.17691858,0.03555121,-0.048239425,-0.17387915,-0.3148668,-0.11915137,0.04366742,0.1269011
24.06159400092239,35.235507653915,77.223785,5875199.981975555,72.95921,0.019293386,0.0014887073,0.35909894,2.4437833,1.4393401,0.06369455,-0.2656869,0.17531751,-0.19470239,0.15354806,0.09401566,0.1800443
24.503623143558386,34.916666955294566,80.479385,12960000.169944763,71.72621,-0.00019712823,0.0001206122,0.313807,-1.3649668,0.40257707,0.3990505,-0.022818893,-0.0143650845,-0.34588277,-0.19550931,0.079512306,0.21105947
24.579710091518006,35.06884069756067,84.24473,15120000.381088257,72.24537,1.5127439e-05,-1.26433715e-05,-0.28306723,-0.63549364,0.29785243,0.1402246,0.29506004,0.17649463,0.12222598,-0.19325805,0.079475544,0.2089618
24.507246627708035,35.15217355593542,72.15966,13478399.474716187,72.60681,-0.5764188,-0.55722183,0.25950077,-0.20286423,-0.58234125,-0.36421883,0.07960464,-0.43065852,-0.46328482,-0.024856731,-0.085969225,0.089490585
24.5036234048686,34.94565269942081,84.86278,15551999.984550476,72.043335,-1.7572659e-06,1.7397754e-06,-0.32711548,-0.36198938,0.2964236,0.015942782,0.08002973,0.23876539,0.6550937,-0.10494995,0.124675184,0.16296746
24.5036234048686,34.94565269942081,84.86278,6134400.182819366,71.22205,5.6929576e-07,-9.448065e-08,0.10455589,-0.03444808,0.1873816,0.41717747,-0.034192644,-0.09702583,-0.14134264,-0.040381417,0.09443128,0.102703094
24.282608510179216,35.10869565592019,73.044136,2332799.8879909515,73.16552,-0.89033914,0.8380353,0.091561824,-0.11355712,0.76020586,0.013114125,0.18074045,-0.029742138,-0.1016201,-0.04300744,0.15948212,0.16517925
24.43478277193275,35.06521686399416,78.38795,16416000.288391113,72.20524,-0.0018999054,-0.0032696119,0.100673884,-0.719334,0.13886589,0.06362557,-0.11973397,-0.3330667,-0.20609716,-0.07717337,0.042292625,0.08800224
24.822463669968496,35.11956556932083,79.471794,18316800.298690796,70.605225,-0.0002713325,-0.00027874825,0.5813324,0.1566036,0.44324765,0.32351756,0.23756775,-0.33683747,0.0002892241,-0.061924398,0.30877554,0.31492373
24.800724541980035,35.0326085145684,80.91604,5356800.128746033,72.76522,0.0005492407,0.00041209458,0.22372136,1.3687686,0.06718325,-0.037938923,0.10483843,0.083255626,0.35762793,0.25937146,0.052310944,0.26459402
24.134057993885538,35.130434787333385,80.741425,1296000.0444173813,72.93627,0.00063172664,-0.0003320205,0.037678313,0.47279057,0.8606034,-0.28347415,-0.11386035,0.018861186,0.22352275,0.10060171,0.14512217,0.17658184
24.49275373635028,34.95652190987481,78.13308,1036799.9806880951,73.14836,0.0015977889,0.00091767724,-0.21129045,0.42244712,-0.7953304,-0.45958602,0.3104291,-0.1888454,0.19939065,0.11331837,-0.26200306,0.28545868
24.003623304347823,35.192029209683014,80.788605,17279999.49531555,73.05288,0.0001887564,0.00048767086,0.09031956,-0.17842156,0.42460352,-0.14486212,-0.51684135,-0.03473455,-0.05930029,-0.053455874,0.11141987,0.1235796
24.409420264318722,35.097825908808005,75.01247,16070400.386238098,72.93124,0.14563447,0.14614949,0.26682982,0.43363515,-0.36948884,-0.08949975,-0.04469852,-0.19672407,-0.06624565,0.1767425,-0.11502065,0.21087356
24.152173912100075,34.942029039701325,85.189964,3542400.093984604,73.1241,-1.381631e-05,1.4122317e-05,-0.1136316,-0.8314699,-0.3292825,0.1684984,-0.36205426,-0.19514263,-0.14962363,-0.2402419,-0.11148223,0.264848
24.576087129988778,34.96376817111452,80.53768,8726399.99742508,71.61357,0.00026992089,0.00021216925,0.5295133,0.43603048,0.4972352,-0.003846705,0.044925276,0.18703996,-0.25881633,0.07517447,0.08763036,0.11545684
24.782608845879178,35.07246365433351,80.82854,6739199.737358093,72.54105,0.00048114115,-0.00024441333,0.2401861,1.3268905,-0.08197537,-0.1807118,0.050285395,0.18013185,0.44861296,0.2515226,-0.066511646,0.26016805
24.655797039477626,35.09782643790763,82.953125,14256000.07724762,71.82724,5.4644925e-06,1.9313062e-05,-0.18963975,-1.396243,-0.01199789,0.23782942,0.15203835,-0.25121757,-0.17885783,-0.14845169,-0.011766404,0.14891726
24.5036234048686,34.94565269942081,84.86278,6825599.987125397,71.30749,-5.9702916e-07,3.7707832e-06,0.0729707,-0.111441895,0.1390899,0.3889626,-0.1259901,-0.09631722,-0.18883792,-0.05921395,0.09711249,0.1137415
24.2137679164399,35.101449394680465,78.1842,16156800.087547302,72.75488,0.0067445794,0.0062521277,0.3695112,-0.50564826,0.5169122,0.027349908,-0.24973556,0.06673113,-0.050829545,-0.069792755,0.1333099,0.15047444
24.40217392316393,35.07246365433351,77.73675,2592000.0888347626,72.27937,-0.005041499,0.0065376107,0.061358027,-0.5119756,-0.05996943,0.0323949,-0.24457714,-0.053334128,0.3249417,-0.19705886,0.025895445,0.19875303
24.528985389862203,35.079710263267266,73.800804,8121599.894428253,72.94983,0.4560446,-0.45556682,0.10374421,-1.5715266,-0.7162579,0.12380742,-0.13265064,-0.054116413,-0.13810131,-0.1378408,-0.091696694,0.16555475
24.358695745580064,35.14492749121842,79.46463,17366400.293540955,72.53565,0.0012566089,-0.0010692232,-0.12802207,-0.6480007,0.40080026,0.44280374,-0.1633414,0.080702245,-0.055693857,-0.1655782,0.06655101,0.17845218
24.068840433535758,35.17753635462667,82.62194,17884799.598312378,72.61719,-3.601537e-05,-7.991015e-05,0.003746044,-0.04598353,0.30260196,-0.046865933,-0.3772682,0.12836811,0.078993425,-0.03329605,0.1901592,0.19305219
24.271739312019278,35.0833337340226,74.97577,1209599.9317646027,72.70755,-0.051341046,-0.121795595,0.21520516,0.04903826,0.7703093,0.10840043,0.08887367,-0.21401742,-0.23470598,0.0031185672,0.1562041,0.15623523
24.53985505838052,35.14492730981283,78.72631,12182399.56741333,72.179245,-0.0024064628,-0.002352081,0.119420186,-0.8590647,-0.4339803,0.1594283,0.2493982,-0.25569445,0.20393941,-0.18177482,-0.0925195,0.20396554
24.49275373635028,34.95652190987481,78.13308,2937599.9909877777,73.02718,0.00842457,0.004818866,-0.15587178,0.22864383,-0.67731375,-0.32638437,0.08531112,-0.16054015,0.106689915,0.005474016,-0.22721058,0.22727652
24.271739312019278,35.0833337340226,74.97577,4665599.775981903,72.28034,-0.08334236,-0.052670486,0.18015629,1.3516073,0.98065865,0.032435425,0.06782838,0.2536689,0.22548822,0.19808099,0.1360518,0.24030434
24.177536001617764,35.01449252133363,77.3516,6825599.987125397,72.160706,0.0040863566,-0.0069184117,0.08445813,2.2135572,0.41867015,-0.14486986,0.672922,0.06405932,0.34679672,0.21932957,0.01814419,0.22007878
24.731883987437246,34.999999998854186,80.17734,17193599.794006348,70.840775,4.3243428e-05,-0.00017335692,0.03597367,-0.6758038,-0.38431108,0.070576705,0.47232765,0.020329673,-0.34040406,-0.13475797,-0.15580696,0.20599884
24.576087129988778,34.96376817111452,80.53768,5011200.226593018,71.70072,-0.0002672211,-4.2530897e-05,0.36811602,0.33542103,-0.20954894,-0.18151096,-0.14367738,-0.27674025,-0.23700434,0.10459466,-0.026018612,0.10778224
24.731883987437246,34.999999998854186,80.17734,14601599.979400635,71.04136,0.00022220358,-0.00022166435,-0.2249288,-1.0376259,0.08864709,0.0661307,-0.14335123,0.016629685,-0.19238436,-0.17676528,0.036832817,0.18056196
24.47463793572534,35.15579704180788,74.131996,16934399.593162537,73.03902,0.36538857,0.36157414,0.04881052,0.3094103,-0.39434317,0.12766954,0.12770799,-0.39930698,-0.1502128,0.1258533,-0.14583428,0.19263098
24.373188532413735,34.85507217391305,83.68782,14860800.180244446,72.07314,-6.787689e-06,5.322727e-06,-0.26271975,-0.6294762,0.06721626,0.16228989,0.123126194,0.018813156,0.7466891,-0.18105419,0.018453341,0.18199216
24.5036234048686,34.94565269942081,84.86278,7775999.992275238,71.445946,-3.855898e-06,4.1182895e-07,-0.0006679855,-0.27691102,0.055643857,0.3115189,-0.24726912,-0.083638266,-0.2565382,-0.09039681,0.056625456,0.106667824
24.880434869565217,35.11594208344836,73.60822,17452799.99485016,73.491455,-0.83867735,-0.44980648,-0.009043012,0.27258438,0.20702055,0.4747619,0.066762045,-0.2902455,0.26885155,0.13485327,0.14137003,0.19537371
24.242753659958876,34.931159481553294,83.59315,3023999.9665260315,72.56663,-3.5950114e-05,2.026977e-05,0.22650015,-0.37207466,-0.4631005,-0.12408782,0.10636091,-0.14905311,-0.38083902,-0.096792944,-0.1412149,0.17120317
24.358695745580064,35.14492749121842,79.46463,7430400.090122223,72.38388,-0.00092197006,0.0014411927,-0.2680257,-1.3055451,-0.12885495,0.038164433,-0.50998455,-0.27032763,-0.18713135,-0.20431894,-0.021718957,0.20547006
24.43478277193275,35.06521686399416,78.38795,2851200.015449524,72.054886,0.0007172554,-0.0029336752,-0.026444837,-0.55478287,-0.14956078,0.021785568,-0.30677226,-0.11066564,0.33503613,-0.14105731,-0.037658438,0.14599769
24.521739153231497,35.18115965909355,80.50853,1296000.0444173813,72.07505,-0.00041675035,0.0003234834,-0.09062763,-0.3584234,0.5945809,-0.02427546,-0.33285344,-0.20305344,0.13519655,-0.12855679,0.20054294,0.23821066
24.619565229179578,35.18478278215484,82.255135,14515200.27809143,71.673416,-3.0568222e-05,-1.2358308e-05,0.13821316,-1.5754086,-0.3752256,0.35223565,-0.007533215,-0.4855355,-0.28248873,-0.09632403,-0.052144587,0.109532535
24.171296292717127,35.10648163098043,78.049835,1296000.0444173813,73.04131,-0.009799482,-0.0038812943,0.19215426,0.26618916,0.78766656,-0.49575812,0.3298395,0.27194443,-0.11717082,0.12307667,0.26076233,0.2883485
24.880434869565217,35.11594208344836,73.60822,14169600.375938416,73.69221,-0.9192942,-0.5284553,-0.2876836,0.043931082,0.37638932,0.24648151,0.13712817,-0.1940074,0.32186666,0.009554565,0.19910982,0.19933893
24.503623143558386,34.916666955294566,80.479385,12182399.56741333,71.751884,1.4324041e-05,-0.000149022,0.34293738,-1.3394265,0.28124556,0.39891884,0.0064326487,0.01367715,-0.40401617,-0.18734479,0.06550826,0.19846763
24.275362351941567,35.02173896397893,79.32639,13391999.773406982,72.67863,-0.0021827896,0.00031471267,0.04601343,-0.77675533,0.33815277,0.2770898,0.07731028,-0.25646836,-0.0959247,-0.18415907,0.059426554,0.19350989
24.57608686867857,35.22463755910878,78.28966,1296000.0444173813,71.79237,0.0017719009,0.0011817327,-0.013157852,-0.43161836,-0.01029731,0.034843646,0.07264425,-0.3952985,0.30210003,-0.1370129,0.041281268,0.14309675
24.423912946628306,35.13405791039468,84.735344,9504000.051498413,72.54759,7.0849637e-06,-7.0561987e-06,0.16927052,-0.2154876,0.36825782,0.009798519,-0.06257053,-0.102640204,0.16930237,-0.052617535,0.1376169,0.14733301
24.40217392316393,35.07246365433351,77.73675,7775999.992275238,72.6954,-0.008160127,-0.007538825,0.06539562,-0.26875225,0.46538416,0.36331454,0.18141228,-0.24938269,-0.32031515,-0.08822517,0.086753115,0.12373271
24.17028990870767,35.119565206509655,75.23819,1987199.9858379364,72.5588,0.08479509,0.08116676,0.18338603,0.35057914,0.879646,-0.21924824,0.13507317,0.07600327,-0.33975226,0.06369215,0.14491642,0.15829547
24.35507260113369,35.04710138474188,76.478294,12268800.365638733,72.91837,0.033445682,0.03488066,0.0051064715,0.49323246,0.56517565,-0.25390375,0.10532397,-0.09385967,0.061156962,0.10283134,0.13215637,0.16745026
24.235507135886934,35.09782643790763,86.62735,11923200.463485718,72.18633,1.5794948e-06,1.8026726e-07,0.14317422,0.1425573,-0.2214774,-0.031255446,0.5702264,0.12520525,0.24568596,0.08862093,-0.087711364,0.12468742
24.608695560661264,35.210145036629335,80.071884,6134400.182819366,71.34887,0.0001504434,-0.00031477935,0.01650559,-0.40576258,-0.44067633,0.22347793,0.11013712,-0.02199364,0.075340405,-0.10028714,-0.09505345,0.13817622
24.62318819070881,35.09782625650204,81.14894,12527999.469566345,71.72198,-0.00010291459,-0.00011299342,-0.09156471,-1.1628929,-0.3625975,0.15805766,0.31284124,-0.18523295,0.03807193,-0.11192994,-0.054396182,0.1244478
24.409420264318722,35.137681214861566,85.684586,3283199.893140793,71.82675,1.2162154e-06,-2.3046416e-06,0.29308602,-0.6014832,0.23313609,-0.17298731,-0.26536676,-0.076269686,0.646683,-0.18718809,0.10998334,0.21710761
24.677536062942007,35.07971042955572,84.775665,11836799.665260315,72.43157,3.7756402e-06,1.1581461e-05,0.0046831705,-0.40923244,0.33438087,-0.07964998,-0.021467678,-0.14225727,-0.2744037,-0.1432803,0.10545561,0.17790483
24.659420157792983,35.13768139626715,82.9603,1468799.9954938889,71.94732,2.1589547e-05,-2.5090505e-05,-0.33988166,0.1062163,0.3378108,-0.035665244,0.030808443,0.057594076,0.018976916,0.098731495,0.2243961,0.24515611
24.278985574781007,35.18478260074926,85.36457,7775999.992275238,72.68026,8.348821e-06,-8.21728e-06,0.22225857,0.9667975,0.72292304,0.124688074,0.07132264,0.11073245,0.2136513,0.0662013,0.109282404,0.12777032
24.43478277193275,35.06521686399416,78.38795,6739199.737358093,72.30881,-0.001994867,-0.0035964155,0.21686241,-0.6269038,0.38905162,0.49916092,-0.016378976,-0.3768114,-0.14606479,-0.11461875,0.025044873,0.11732307
24.579710091518006,35.06884069756067,84.24473,3196799.917602539,71.69051,8.27218e-06,-2.6948271e-06,0.2450844,-0.21136665,0.404208,0.109743506,-0.22039667,-0.05336041,0.18866661,-0.036465302,0.1431548,0.14772615
24.623188347494935,34.98550731008629,86.27349,16934399.593162537,72.01072,1.8535576e-07,-1.7372727e-06,-0.24962556,-0.22895628,0.24513863,-0.21274665,0.17374747,0.312724,0.32127413,-0.24174318,0.20473658,0.31679147
24.677536062942007,35.07971042955572,84.775665,4233599.898290634,72.0097,-7.774781e-06,-6.1540068e-06,0.021288933,0.762087,0.52348536,0.0013110042,0.033734202,0.20938452,0.3899186,0.22457774,0.09769748,0.24490806
24.528985389862203,35.079710263267266,73.800804,2937599.9909877777,72.73153,0.35491475,0.29834276,0.33371907,-0.4804142,-0.15916362,0.509352,0.56070656,-0.3054813,0.20530793,-0.20261674,-0.054893702,0.20992108
24.286231733018653,35.16304365074164,82.86601,10540799.757957458,72.78658,2.98495e-05,9.146091e-05,0.037876956,0.024547234,0.33977133,0.13909265,-0.14539361,-0.032387074,0.1580416,-0.0065013766,0.14020081,0.14035146
24.152173912100075,34.942029039701325,85.189964,7862400.2420425415,72.86706,-3.0681015e-06,-1.1341238e-05,-0.31100547,-1.5805582,-0.22043999,0.4608925,-0.31335354,-0.50309837,0.07013182,-0.19840792,-0.0322759,0.20101601
24.62318819070881,35.09782625650204,81.14894,7689599.742507935,71.782745,0.00016634916,-0.00015473315,0.30865085,-0.013039105,-0.261385,0.030500423,-0.14378104,-0.1131224,0.6305722,0.056036472,-0.1462397,0.15660822
24.800724541980035,35.0326085145684,80.91604,11491199.7631073,71.6752,0.00016301734,-0.00014541355,-0.35734773,-0.18861869,0.18941197,-0.16343907,-0.20579326,0.084311455,0.23996824,-0.06004338,0.057248563,0.08296147
24.264492787947336,35.06521739309379,75.914215,10368000.35533905,73.00416,-0.056322843,-0.03961129,-0.26751742,0.68111646,0.96961886,-0.23764148,0.0152637325,-0.15433735,-0.306218,0.17877819,0.15037912,0.23361404
24.141304256647267,35.05072417522627,80.839714,864000.0296115875,72.60728,0.00024105585,0.0004554628,0.34902197,0.40355352,0.7227466,-0.21212983,0.043599784,-0.23508634,0.21771091,0.097856686,0.16768,0.19414559
24.33695651306752,35.26449269887389,75.24537,12873600.46863556,72.716385,-0.09654046,-0.0692528,0.010672674,-1.2915154,-0.4888925,0.2503614,-0.32153502,-0.4630153,-0.31863445,-0.20296869,-0.056195952,0.21060453
24.528985389862203,35.079710263267266,73.800804,2073599.9613761902,72.75831,-0.18231681,-0.02402728,0.4412188,-0.3180158,-0.048576947,0.3927396,0.6760752,-0.2742005,0.16091147,-0.182452,0.045500517,0.18803996
24.06159400092239,35.235507653915,77.223785,12355200.066947937,73.81787,0.042112645,0.016161656,0.052746657,0.9249532,0.56056684,0.24713054,-0.5581222,-0.19571017,0.51334786,0.14844239,0.12120552,0.1916401
24.57608686867857,35.22463755910878,78.28966,13132799.572563171,71.76771,0.0024381704,-0.00056568644,0.50302416,-0.8638427,-0.27132162,0.21873248,0.14509445,-0.30685443,-0.10926118,-0.17576502,-0.059543148,0.18557675
24.423912946628306,35.16304383214723,83.815254,5356800.128746033,72.127945,-2.0006162e-05,8.1145e-06,0.19065458,-0.54571223,0.40911686,0.05615816,-0.027082525,-0.22023247,0.5189809,-0.18963769,0.16496909,0.25135088
24.369565205050215,35.10507235145331,81.59638,10368000.35533905,72.39164,0.00019585513,0.00017707965,-0.030556895,-0.9799371,0.10453506,0.3001138,-0.06270283,-0.28395686,0.2402747,-0.14972103,0.03201899,0.15310651
24.16304339770124,35.14130418675153,77.183464,432000.01480579376,73.36484,0.02909662,0.014740297,0.13387747,0.040281788,0.8394585,-0.42378414,0.40853685,0.3581027,-0.27311823,0.03625439,0.192215,0.19560416
24.47463793572534,35.15579704180788,74.131996,7171199.889278412,72.85,0.30147743,0.29927748,-0.09019769,-1.6665967,-0.70400053,0.23806182,0.15960911,-0.26379216,-0.4918097,-0.21231544,-0.02697598,0.21402231
24.55434784521419,35.039855304907746,78.730316,12182399.56741333,72.20904,-4.7935766e-05,-0.0020140205,0.17470357,-1.0544276,0.10149634,0.16432533,0.31146893,-0.054683775,0.15619005,-0.09739826,0.01104031,0.098021984
24.85869584610084,35.31159408476158,76.05999,17884799.598312378,72.84249,-0.05124984,-0.038038373,0.11822516,-0.68509233,0.70667344,0.080068275,-0.28022134,-0.14966772,-0.40008438,-0.10231039,0.11344257,0.15276332
24.235507135886934,35.09782643790763,86.62735,2246400.0495672226,71.8624,1.0799464e-06,9.438826e-07,-0.1695131,-0.5109633,-0.22865917,0.058627985,-0.53201103,-0.31425995,-0.023949396,-0.16021301,-0.032932848,0.16356277
24.586956589458925,35.03623181903528,81.050644,12873600.46863556,71.81669,0.00013352759,4.7001467e-06,-0.071534224,-0.94902277,0.2943709,0.23210034,0.26852027,-0.0022743028,-0.037473805,-0.08007738,0.027728215,0.0847422
24.46739112421217,35.10507235145331,77.031204,11145599.860954285,72.96188,0.023483288,0.023587408,-0.008089054,-0.7424997,-0.17116654,0.015876353,0.18142441,-0.16850531,0.049251094,-0.16252206,-0.05822946,0.17263861
24.782608584568965,35.06521774078783,85.492004,9676799.454116821,72.04796,1.3905023e-07,1.82699e-06,0.011403248,-0.09974031,0.14937955,-0.2690207,-0.37622157,-0.0843132,-0.3134573,-0.024665527,0.055901438,0.061101217
24.641304357168043,34.938405387540406,81.3883,8812800.247192383,71.64631,5.9554946e-05,7.62044e-05,0.3875034,0.98835075,0.47701976,-0.2448399,-0.13550106,0.20310183,-0.16408247,0.13749096,0.062553786,0.15105212
24.423912946628306,35.13405791039468,84.735344,5443199.830055237,72.01434,-2.2101249e-06,-7.108035e-06,0.3138477,-0.79951465,0.19655092,-0.13698423,-0.1730153,-0.31145605,0.45051566,-0.19454318,0.0455062,0.19979456
24.152173912100075,34.942029039701325,85.189964,5529600.07982254,73.22076,-1.2201865e-05,1.1000536e-05,-0.18872282,-1.4407827,-0.2531657,0.36738014,-0.39906457,-0.3699168,-0.13945174,-0.23530364,-0.058694966,0.24251372
24.55434784521419,35.039855304907746,78.730316,2419199.8635292053,72.00038,0.00088088476,0.0015421733,-0.09961531,-0.1512753,-0.87288654,0.029540293,0.15561132,-0.14292945,0.1780268,-0.0210675,-0.23781972,0.23875104
24.51086948471318,35.141304337922854,75.965324,6739199.737358093,72.46591,-0.038261596,-0.039872248,-0.0599482,-1.7812862,-0.7330827,0.290371,0.0018821917,-0.33942693,-0.49841288,-0.17400748,-0.058339857,0.18352693
24.655797039477626,35.09782643790763,82.953125,8121599.894428253,71.97915,2.143595e-05,4.069208e-05,0.2119495,0.38402936,-0.11428407,-0.26569906,-0.24270967,0.025999427,0.5095572,0.120958,-0.10137211,0.15781997
24.423912946628306,35.16304383214723,83.815254,10454400.056648254,72.5579,-2.9492941e-05,2.6535372e-05,0.18036592,-0.27057225,0.14916222,0.287796,0.08238462,-0.107384145,0.27897882,-0.14483586,0.02750279,0.14742398
24.293478074173446,35.130434424522214,78.52256,864000.0296115875,73.11414,0.0046243565,-0.0011649539,0.16020879,-1.1135466,0.59991044,-0.18420166,-0.09036083,0.12474175,0.043782104,-0.18177733,0.101995744,0.20843735
24.202898613755877,35.17753635462667,82.22561,5356800.128746033,72.686646,-0.00013828323,0.0001486496,0.32026398,0.8108108,0.7822088,-0.09721317,-0.02622246,-0.058016136,0.03305033,0.08179377,0.08326375,0.11671792
24.55434784521419,35.039855304907746,78.730316,8208000.144195557,71.985725,-0.0019868438,-0.0019346479,0.40770844,-0.75048816,0.018324658,0.25935698,0.024199242,-0.24054588,0.29825112,-0.1949793,-0.06514597,0.20557462
24.340579657513896,35.072464168316,77.031204,6739199.737358093,72.85025,0.012325753,0.019780887,0.08274771,0.49044302,0.8562843,0.12875912,0.11436866,-0.005885778,-0.2720478,0.10594312,0.13397706,0.17080338
24.202898613755877,35.17753635462667,82.22561,17712000.19569397,72.87018,-0.00017326644,-0.00018051901,-0.3531383,0.24217579,0.2245694,0.1174746,-0.13277534,0.2920419,0.24547625,0.122389436,0.07004738,0.14101705
24.782608584568965,35.06521774078783,85.492004,9763200.252342224,72.043625,6.852459e-08,2.514177e-06,0.012726042,-0.12162608,0.15395865,-0.26285103,-0.36490995,-0.09204936,-0.30690953,-0.035936438,0.059105918,0.06917324
24.423912946628306,35.16304383214723,83.815254,13132799.572563171,72.739075,-3.7219103e-05,-1.3711326e-06,0.067421615,-0.126771,-0.19317485,-0.04648479,0.1975871,0.17835355,0.3048201,-0.075917505,-0.119219296,0.14133899
24.53985505838052,35.14492730981283,78.72631,6998399.938201904,71.836136,0.0017244496,0.0002274893,0.07179116,-1.2775996,-0.64077866,0.2925453,-0.20251426,-0.2907231,-0.040192723,-0.14398311,-0.07482889,0.16226675
24.409420264318722,35.137681214861566,85.684586,6393599.835205078,72.15096,-1.4326376e-06,-1.2242845e-06,0.39230663,-0.644281,0.1974513,-0.05384665,-0.12531367,-0.24925727,0.29047322,-0.18297468,0.058358982,0.192056
24.202898613755877,35.17753635462667,82.22561,10972800.458335876,72.76609,0.0001585349,0.00012908109,-0.15983525,0.95648515,0.5750503,-0.015564121,-0.24043101,0.1182681,0.06384508,0.1435147,0.0740425,0.16148919
24.40579730278949,34.98550712868071,82.545616,172800.00249445438,71.9206,-2.131135e-05,-5.3003336e-05,-0.19314218,-0.3443635,-0.16274364,-0.15753776,-0.13455403,-0.11619524,-0.0024686083,-0.027903046,-0.030927956,0.041654754
24.62318819070881,35.09782625650204,81.14894,4752000.025749207,71.89786,-8.288882e-05,8.382822e-05,0.24556077,0.42829284,0.030208249,0.3852252,-0.24199706,-0.090257235,0.44179136,0.18722376,-0.002787605,0.1872445
24.659420157792983,35.13768139626715,82.9603,11404800.061798096,71.9896,-1.3871214e-07,3.9647573e-05,0.124861926,-0.9849626,-0.5332477,0.21890062,0.09649055,-0.34883595,0.098040685,-0.14557542,-0.12341424,0.19084883
24.278985653174068,35.159420527680346,80.15937,10108800.15449524,72.955795,-0.0013154992,-0.0013102398,-0.12470371,-0.6979556,0.20077233,0.22470975,-0.5195671,-0.3542285,-0.11547891,-0.13269037,0.019994438,0.13418835
24.46739112421217,35.10507235145331,77.031204,18143999.79915619,72.62465,-0.017013684,-0.015298436,0.1017696,-0.40659675,-0.23150422,-0.055714674,-0.010720104,-0.21297885,-0.031095326,-0.1461055,-0.068758406,0.16147612
24.579710091518006,35.06884069756067,84.24473,8380800.095272064,71.8238,1.0578495e-05,1.0785976e-05,0.31806526,0.16380322,0.47735402,-0.32500798,-0.26594684,0.13301477,0.41165888,0.08847581,0.16302665,0.18548761
24.24275355543479,35.275361916886446,83.709785,1209599.9317646027,72.97169,-1.4214998e-05,3.6727872e-06,0.25464338,0.25846127,0.7372113,-0.20591849,-0.06225314,0.11664651,-0.056325503,0.096892804,0.20822355,0.22966337
24.423912946628306,35.16304383214723,83.815254,12268800.365638733,72.71327,-3.58997e-05,-1.2379681e-05,0.098896995,-0.12192028,-0.07768737,0.029413689,0.18819991,0.102400616,0.34076607,-0.093660824,-0.04796052,0.10522624
24.731883987437246,34.999999998854186,80.17734,15465600.283241272,70.93644,0.00018662548,-0.00018717725,-0.14444128,-1.0409577,-0.124463305,0.052581232,0.06325454,0.02470404,-0.28424492,-0.1804247,-0.026011601,0.18229009
24.51086948471318,35.141304337922854,75.965324,18143999.79915619,72.797935,0.05063217,0.05282891,0.15938872,-0.37092933,-0.10460302,0.10412788,-0.038990624,-0.47389987,-0.13826296,-0.116951026,-0.045074083,0.12533641
24.340579657513896,35.072464168316,77.031204,6566399.786281586,72.83308,0.0146845905,0.017387133,0.09568474,0.503067,0.8573009,0.123943016,0.11657577,0.01306605,-0.22151905,0.105771236,0.13228877,0.16937494
24.49275373635028,35.04710138474188,79.64641,1987199.9858379364,71.96994,0.000834666,-0.0005056266,-0.16828078,-0.20895717,-0.36292773,-0.1394648,-0.07539076,-0.11077168,0.16177776,-0.02753739,-0.14458159,0.14718065
24.880434869565217,35.11594208344836,73.60822,5011200.226593018,72.249435,0.27645412,0.25028405,0.17675045,-0.57171696,-0.5140665,0.0913319,0.2493416,0.41291624,-0.19523934,-0.08283133,-0.09546739,0.12639245
24.782608584568965,35.06521774078783,85.492004,10799999.95880127,72.04686,9.662372e-07,2.5189507e-07,0.011295218,-0.31538945,0.2328898,-0.16280413,-0.18269238,-0.12522009,-0.17017731,-0.20019345,0.12310098,0.23501334
24.134057993885538,35.130434787333385,80.741425,3023999.9665260315,72.731094,-0.00014961936,-0.0006018186,0.26900423,0.7379862,1.1222234,-0.2927382,-0.007409733,0.2258865,0.26145136,0.05557871,0.077146,0.09508154
24.278985574781007,35.18478260074926,85.36457,13391999.773406982,72.10302,-4.482082e-06,-4.025359e-06,-0.0874053,0.73138094,0.0035847276,0.0035702586,0.28417787,0.35210845,0.3703886,0.21800998,-0.0017993897,0.21801741
24.503623143558386,34.916666955294566,80.479385,3110399.9420642853,72.36085,0.00031851663,0.0003127915,0.111926936,-0.023985833,-0.32341108,-0.198793,0.21725333,-0.2752146,-0.24930948,-0.12210066,-0.18650317,0.22291704
24.409420264318722,35.097825908808005,75.01247,6307200.133895874,72.88349,0.13103758,-0.015018566,0.21018079,-0.60424864,0.3689519,0.1663715,-0.22718424,-0.041486755,-0.14556661,-0.16127697,0.0992786,0.18938452
24.800724541980035,35.0326085145684,80.91604,10713600.257492065,71.912544,0.00024103557,-0.00016038498,-0.30276427,0.09396151,0.10938014,-0.26020676,-0.12645444,0.10147551,0.24511614,0.020995557,0.024357334,0.032157317
24.503623143558386,34.916666955294566,80.479385,6047999.933052063,71.69755,-8.509403e-05,-0.0002652479,0.44711787,-0.48993123,-0.006319348,0.17826673,-0.0671552,-0.24679014,-0.41140148,-0.23068148,0.027093556,0.2322671
24.5036234048686,34.94565269942081,84.86278,2073599.9613761902,71.18825,3.0462197e-06,-3.0709898e-06,0.026183361,-0.5976193,-0.17695144,0.19708979,-0.10748335,-0.24579148,-0.3622643,-0.11458192,-0.04250267,0.12221086
24.003623304347823,35.192029209683014,80.788605,7430400.090122223,72.56915,0.00045146002,-0.00014841602,0.14739487,2.2358196,1.4997082,-0.05562062,0.061754838,0.2281962,0.38141686,0.1723137,0.13903321,0.2214097
24.728260869121893,35.15579704180788,79.23173,11318400.360488892,71.72723,-0.0008431871,0.0008915587,0.15478706,-0.6118115,-0.6028644,-0.1578227,0.018608361,0.12996227,-0.2451812,-0.09226939,-0.13013025,0.15952279
24.271739312019278,35.0833337340226,74.97577,17971200.39653778,72.79483,0.05225824,0.1329177,0.2956248,0.68004346,-0.48927587,-0.19512102,0.09156074,0.34519765,0.23732072,0.19573155,-0.06509101,0.20627089
24.275362351941567,35.02173896397893,79.32639,1296000.0444173813,72.646835,-0.00206025,-0.0020346579,0.19762084,-0.2171123,-0.05433986,-0.2639437,0.025877219,-0.08489177,0.120807745,-0.09868939,-0.006333582,0.09889242
24.503623143558386,34.916666955294566,80.479385,8467199.796581268,71.58312,-1.6008514e-06,1.3576721e-05,0.49343425,-0.6849991,0.020571612,0.41086197,0.05643619,-0.120662116,-0.6711438,-0.16602612,0.026891917,0.16818991
24.528985389862203,35.079710263267266,73.800804,3887999.996137619,72.78117,0.39101124,-0.37740263,0.31465444,-0.77028775,-0.24901341,0.5785123,0.36596948,-0.31861487,0.20516503,-0.17389807,-0.10150121,0.20135301
24.85869584610084,35.31159408476158,76.05999,10799999.95880127,72.81688,0.049607344,0.021528248,-0.060756706,-0.5438883,-0.41070536,0.02543921,0.61402327,0.24198106,0.22122464,-0.088620886,-0.08717398,0.12430996
24.15942034471344,35.02536261613985,84.04098,4665599.775981903,72.92976,-5.896389e-06,-3.46357e-05,-0.010436043,-0.9891552,-0.19445892,-0.11459906,-0.1205061,-0.397378,-0.16771594,-0.19198638,-0.053829953,0.19939016
24.271739312019278,35.0833337340226,74.97577,4147199.9227523804,72.26575,-0.06434748,-0.06979165,0.20156711,1.1909947,0.94481474,0.028764255,0.044560015,0.1751913,0.17443559,0.18100454,0.15036815,0.23531516
24.55072462237475,35.07608730649443,88.70044,4665599.775981903,71.90746,2.4068711e-08,-1.8848804e-07,-0.0521892,-0.4498592,0.3277478,0.39360794,0.059616677,-0.1485248,0.29337272,-0.052207068,0.068038635,0.085760325
24.72463775080654,35.097825908808005,83.506035,1641599.9465703964,71.985146,1.7407532e-05,-3.357984e-06,-0.19941151,0.58727396,0.13832738,0.11708682,0.203554,0.25081596,-0.3169968,0.15480062,0.02406983,0.15666075
24.659420157792983,35.13768139626715,82.9603,10886399.660110474,71.99528,2.615647e-05,-2.081522e-06,0.14994404,-0.87207913,-0.5192199,0.160714,0.047227994,-0.30559888,0.14001752,-0.13728002,-0.122559965,0.1840292
24.15217408195171,35.09782609021359,90.079155,13824000.4737854,71.18852,2.2424054e-08,2.7750199e-08,0.094000876,0.27931565,-0.48423684,-0.31099504,0.16973358,0.3429158,0.5863351,0.08725021,-0.10165038,0.13396043
24.373188349496587,35.09782609021359,73.044136,17712000.19569397,73.04915,0.99540174,0.94227195,0.1328206,0.928733,-0.8031085,-0.18602824,0.3292355,-0.12940031,0.20967942,0.12156098,-0.07014527,0.14034754
24.35507260113369,35.04710138474188,76.478294,12182399.56741333,72.92597,0.030916626,0.03549268,-0.0025996678,0.48405388,0.5683691,-0.25368434,0.11163841,-0.09390034,0.056325667,0.09944066,0.13276269,0.16587457
24.5036234048686,34.94565269942081,84.86278,18143999.79915619,71.88494,3.202249e-06,3.1452225e-06,-0.047540843,-0.36922556,0.65186673,0.09227487,0.21124372,0.4799684,0.6151161,-0.05502236,0.117661916,0.12989144
24.202898613755877,35.17753635462667,82.22561,2851200.015449524,72.88476,-0.00017549848,-0.00018335156,0.14522281,0.40025046,0.55776334,-0.20023286,-0.11047601,-0.065679185,0.035422623,0.086725,0.11215949,0.14177792
24.507246627708035,35.15217355593542,72.15966,11404800.061798096,72.24652,0.91832894,0.91047734,0.21121791,-0.75975,-0.66470146,-0.23214158,-0.005830258,-0.4056264,-0.49918464,-0.1307936,-0.17508423,0.21854395
24.409420185925658,35.126811301460926,78.58091,9244799.850654602,72.72144,-0.0045018513,-0.0040023564,-0.28945848,-0.8136964,-0.22250457,0.21968797,0.0014316514,-0.2326716,-0.14245674,-0.15653323,-0.031374753,0.15964657
24.507246627708035,35.15217355593542,72.15966,15551999.984550476,73.44152,0.26694143,0.15306456,0.15163669,0.6880894,-0.49050504,-0.21307701,0.21201211,-0.4521041,-0.3230949,0.19581856,-0.06590266,0.2066109
24.514492864338745,35.152173737341,77.98083,7257600.139045715,72.04596,-0.0041682767,-0.0026958296,-0.07306128,-1.5811635,-0.8237143,0.17795634,-0.15621567,-0.2816341,-0.29486623,-0.21112432,-0.12412213,0.2449077
24.481884276880134,35.21376834109622,79.042,1123200.0247836113,72.252716,0.0009911545,-0.0005888257,0.053169273,-0.7301822,0.20665371,-0.041392542,-0.15841135,-0.29017752,-0.11829033,-0.18577696,0.045515858,0.19127147
24.068840433535758,35.050724689208764,75.1399,10195199.855804443,72.317696,-0.0741623,-0.0622959,-0.34218776,1.4985144,0.7810531,0.1506231,-0.047673218,-0.04783431,0.6123118,0.19785048,0.10631561,0.22460592
24.503623143558386,34.916666955294566,80.479385,12527999.469566345,71.740364,-3.66227e-05,-5.7138423e-05,0.3309493,-1.3623598,0.33374432,0.3979298,-0.010286875,0.0034317784,-0.3772269,-0.1905329,0.07144153,0.20348631
24.33695651306752,35.26449269887389,75.24537,9935999.654960632,72.79398,-0.10022773,0.08154141,-0.11177101,-2.07759,-1.0216085,0.09455174,-0.3192978,-0.34986272,-0.68836254,-0.18040398,-0.09014568,0.20167261
24.5036234048686,34.94565269942081,84.86278,13910400.175094604,72.30739,-6.7703527e-06,-1.8332476e-06,-0.3443799,-0.45249534,0.19374172,-0.037722565,-0.1087695,0.12451553,0.49272126,-0.16493002,0.079482704,0.18308307
24.57246390714934,35.13405809180027,82.83649,3196799.917602539,72.00127,4.0055667e-05,3.2461267e-05,-0.05732747,-0.28906196,0.4894498,0.15394643,-0.29067197,0.014609966,0.42873883,-0.0696695,0.16662315,0.18060207
24.822463669968496,35.11956556932083,79.471794,4924799.976825714,72.54566,-0.0005543053,-0.00030332746,0.30650574,0.38228625,-0.20228927,0.047798283,0.14588073,0.41918716,0.26698622,0.25975987,-0.12302415,0.28741977
24.2137679164399,35.101449394680465,78.1842,16847999.891853333,72.629845,0.0060010087,0.005989513,0.33525428,-0.34127063,0.5296648,0.11702442,-0.28432786,0.08583162,-0.07106349,-0.035390362,0.12874025,0.13351603
24.268116089179838,35.07971042955572,81.07262,8380800.095272064,72.55695,-0.00025827225,4.572458e-05,-0.22571415,-1.1674658,0.06599104,-0.09319904,-0.35152814,-0.35114148,-0.14355782,-0.096245594,-0.022191346,0.0987708
24.3985509616347,35.079710263267266,82.39983,18143999.79915619,72.32846,-9.1573e-05,8.496086e-05,-0.13543254,-0.920436,0.49584398,0.5493075,-0.15549845,0.38404638,-0.10331898,-0.22852334,0.21269804,0.31219125
24.782608845879178,35.07246365433351,80.82854,7862400.2420425415,72.47339,0.00044091282,0.00017373062,0.18984175,1.1557865,-0.12409127,-0.2575655,0.06783974,0.16962534,0.45530662,0.23725902,-0.07193792,0.2479252
24.49275373635028,35.04710138474188,79.64641,17279999.49531555,71.82736,0.00032712886,0.0005278876,0.037487037,-1.631861,0.19104332,0.15079358,-0.13539153,-0.36654902,-0.1695047,-0.13811094,0.035833552,0.14268382
24.268116089179838,35.07971042955572,81.07262,15206400.082397461,72.67845,-0.00028623804,-0.00025669305,0.05539783,-0.70224106,0.40835693,0.36610466,-0.19248584,0.07999453,-0.060867958,-0.094571136,0.08670668,0.12830335
24.52536253285706,35.05797113185407,79.99595,2851200.015449524,71.73356,0.00015175404,-0.00022978926,0.026662676,-0.29351902,-0.25155914,0.069812335,-0.32604536,-0.17635195,0.20640427,-0.11015998,-0.08142769,0.13698792
24.49275373635028,34.95652190987481,78.13308,3801600.0205993652,72.87936,-0.005344872,-0.004770801,-0.044194803,0.066334635,-0.53327346,-0.2197313,-0.04182698,-0.1926449,0.04668963,-0.04002534,-0.17963962,0.18404461
24.268116089179838,35.07971042955572,81.07262,1987199.9858379364,72.656334,-0.0004309877,-0.0003963887,0.04517315,-0.6007545,0.28719866,-0.19990787,-0.09981661,-0.08721677,0.26557425,-0.13538122,0.08310886,0.15885578
24.880434869565217,35.11594208344836,73.60822,3801600.0205993652,72.511406,0.29485604,-0.36279252,0.21727064,-0.4446204,-0.37459043,0.16921246,0.26634964,0.31609568,-0.16230157,-0.11428216,-0.09615313,0.14935139
24.40579722439643,35.07608730649443,81.130585,7430400.090122223,72.0238,-0.00015675284,-0.00022480133,0.023633631,-1.157717,0.19236216,0.092067644,-0.5069085,-0.44103032,-0.18537813,-0.19550516,0.0063212216,0.19560732
24.369565205050215,35.10507235145331,81.59638,5875199.981975555,71.99852,-2.3155766e-05,-8.669393e-05,-0.037904754,-1.3244704,0.12959869,-0.21707588,-0.58846045,-0.42377776,0.12068161,-0.14569898,0.026623987,0.14811154
24.507246627708035,35.15217355593542,72.15966,2419199.8635292053,72.98311,0.45428753,0.45594242,0.43206492,-0.9305171,0.17827588,0.31305313,1.1792771,-0.1423859,0.36184546,-0.27362517,0.08244835,0.28577694
24.35507260113369,35.04710138474188,76.478294,11404800.061798096,72.9913,0.03912846,0.03495627,-0.058214575,0.43161336,0.5969508,-0.23101088,0.16958296,-0.079801336,-0.0064171962,0.071877286,0.120844744,0.1406051
24.16304339770124,35.14130418675153,77.183464,2246400.0495672226,72.81921,0.01577515,0.015388298,0.22747058,0.58707285,1.0044166,-0.49293596,0.2954366,0.305485,-0.22905305,0.12748289,0.19614702,0.23393491
24.409420185925658,35.126811301460926,78.58091,8812800.247192383,72.67211,-0.0035691452,-0.004274589,-0.29124543,-0.9029665,-0.22435968,0.23367903,-0.06800871,-0.26246616,-0.20483246,-0.14495976,-0.02168949,0.14657341
24.51086948471318,35.141304337922854,75.965324,15033599.582862854,72.676636,0.043637495,0.014018815,0.24185419,-0.4316592,-0.17500676,0.20509586,0.034721803,-0.619848,-0.39304888,-0.12754853,-0.07640914,0.14868417
24.507246627708035,35.15217355593542,72.15966,3542400.093984604,72.8899,0.4974561,0.45265394,0.26693255,-1.0236912,-0.045615304,0.36771056,1.0736291,-0.20906253,0.27895012,-0.28042275,0.0353027,0.28263617
24.822463669968496,35.11956556932083,79.471794,5875199.981975555,72.512726,-0.00033474452,-0.0014813193,0.3744584,0.43242177,-0.26018587,-0.07685477,0.12521875,0.3635048,0.279951,0.25780982,-0.13109373,0.28922564
24.2137679164399,35.101449394680465,78.1842,3283199.893140793,72.61119,0.004064098,0.005186709,0.26590943,0.3476746,0.8845974,-0.4768495,-0.0119089335,0.24372008,-0.04194642,0.048568875,0.22941568,0.23450051
24.608695560661264,35.210145036629335,80.071884,8553600.046348572,71.46957,-0.00012416362,-0.00012654932,0.3807912,-0.4477969,-0.6456272,0.29251736,0.3308999,0.035277195,-0.042082205,-0.12282792,-0.15303731,0.1962323
24.409420185925658,35.126811301460926,78.58091,6566399.786281586,72.36392,0.0032344668,0.0026246638,-0.2302678,-1.463607,-0.15347724,0.20689607,-0.38005212,-0.33051535,-0.17277926,-0.15751882,-0.05011665,0.1652993
24.15217408195171,35.09782609021359,90.079155,2764800.03991127,71.684235,9.360829e-09,4.380125e-08,0.07895103,-0.34541732,-0.23274757,0.6403055,0.04621722,-0.15243083,-0.08520102,-0.18819566,-0.05526814,0.19614324
24.626811465810288,35.05797113185407,83.9315,11750399.96395111,72.342735,-1.9705465e-05,-2.5238664e-06,0.021371344,-0.2375963,0.355748,0.033007525,0.16967918,0.032840163,-0.13133737,-0.100499175,0.11479511,0.1525713
24.47463793572534,35.15579704180788,74.131996,6134400.182819366,72.75578,0.22817753,-0.11291688,-0.028094381,-1.5289614,-0.5975638,0.2634886,0.2441445,-0.24969615,-0.3171059,-0.13767987,-0.010979876,0.138117
24.579710091518006,35.06884069756067,84.24473,13046399.871253967,72.536194,-2.0693653e-05,1.8187047e-05,-0.11163659,-0.28198737,0.35146123,0.15791121,0.2979139,-0.022517873,-0.020694826,-0.11035235,0.101725996,0.15008605
24.659420157792983,35.13768139626715,82.9603,3369599.8686790466,71.95931,-1.309388e-05,-3.762918e-05,-0.235975,0.002300471,0.22791474,-0.047935523,-0.40449575,0.11866918,0.18534967,0.06898266,0.14048412,0.15650685
24.351449221508126,35.36231895652174,77.53338,5702400.030899048,72.162506,0.0022605362,0.0027439725,0.06773542,-1.6201862,-1.665195,0.12300898,0.24174997,-0.19463222,-0.5399819,-0.13358681,-0.105200455,0.17003697
24.481884276880134,35.21376834109622,79.042,3715200.0450611115,72.05501,0.0007335217,-0.001171473,-0.17470488,-1.2537861,-0.33306053,-0.10006877,-0.35679314,-0.2506652,-0.14855844,-0.1636225,-0.017573155,0.16456348
24.521739153231497,35.18115965909355,80.50853,9590399.752807617,72.122086,0.00033070237,0.00033064553,0.25688472,-1.4134277,-0.70221263,0.47823992,0.05193923,-0.23932922,0.2512949,-0.21467862,-0.24093613,0.32270283
24.134057993885538,35.130434787333385,80.741425,4233599.898290634,72.65882,0.00026719182,-0.00053733226,0.36799815,0.8398138,1.2083216,-0.2550551,-0.0047275536,0.28132454,0.26485524,0.019790046,0.06697423,0.06983691
24.72463775080654,35.097825908808005,83.506035,11923200.463485718,72.02241,3.8064861e-06,1.5891452e-05,-0.053012423,-0.76171434,-0.083337024,0.068768136,-0.0549374,-0.21202257,-0.08454837,-0.13664551,-0.023186684,0.13859877
24.003623304347823,35.192029209683014,80.788605,11491199.7631073,72.71257,0.00055223476,-0.000151063,-0.26136193,0.7421349,0.5697209,0.12809812,-0.32345495,-0.053422194,-0.051770203,0.082576424,0.10707618,0.135219
24.800724541980035,35.0326085145684,80.91604,16243199.788856506,70.57536,7.142337e-05,7.689684e-06,-0.11432392,-1.0915147,-0.2055776,-0.023952007,0.30309787,-0.12032302,-0.29568067,-0.16005951,-0.03870912,0.16467375
24.152173912100075,34.942029039701325,85.189964,5961600.231742859,73.20295,-1.284452e-05,8.2839415e-06,-0.20086518,-1.5287584,-0.23000751,0.4063019,-0.39261264,-0.40661836,-0.113536246,-0.2127317,-0.04612036,0.21767376
24.33695651306752,35.26449269887389,75.24537,6220799.884128571,72.76304,-0.1009153,-0.032450806,-0.20491913,-2.0707269,-1.3535092,-0.00039234757,-0.0500962,-0.25271475,-0.59824544,-0.14354622,-0.07461727,0.1617815
24.3985509616347,35.079710263267266,82.39983,5443199.830055237,71.91869,-1.6832588e-05,-4.3464912e-05,0.1177548,-1.3966624,0.13396436,-0.39312044,-0.75061715,-0.4692812,0.016533509,-0.20374134,-0.0014864206,0.20374677
24.822463669968496,35.11956556932083,79.471794,7862400.2420425415,72.36766,-0.0010710675,-0.0014071399,0.3111139,0.5343635,-0.33273017,-0.20325947,0.021509701,0.2969273,0.2112441,0.16295858,-0.12030093,0.20255324
24.235507135886934,35.09782643790763,86.62735,17452799.99485016,71.90966,1.0855676e-06,-2.60342e-07,0.06764774,0.6736256,-0.32593223,0.24512434,0.2896672,0.49365446,0.63130134,0.15079212,-0.052802764,0.15976982
24.85869584610084,35.31159408476158,76.05999,11145599.860954285,72.875244,0.052893613,0.0042049955,-0.086759634,-0.54718566,-0.4034364,0.0036176294,0.5884028,0.2419728,0.18994683,-0.09299135,-0.09190638,0.1307447
24.728260869121893,35.15579704180788,79.23173,14169600.375938416,71.42612,0.0005961812,-0.00015928085,0.1231937,-1.1401856,-0.2592135,0.12149073,-0.09255179,-0.19408461,-0.31335115,-0.12445283,-0.027792104,0.12751827
24.655797039477626,35.09782643790763,82.953125,12441599.768257141,72.04656,-3.6067948e-07,3.9268903e-05,-0.0794108,-0.89447975,-0.18149817,0.20003796,0.20385039,-0.20963585,0.03532309,-0.1456988,-0.027504921,0.14827225
24.068840433535758,35.050724689208764,75.1399,4924799.976825714,71.66935,0.039876573,0.0408766,0.23667535,1.7000128,0.22182667,-0.28052932,-0.0982803,0.24641278,0.32276887,0.08120044,0.021716058,0.08405414
24.586956589458925,35.03623181903528,81.050644,7948799.943351746,71.91497,0.00021888991,-0.00014034647,0.4604467,0.49891493,0.19663374,-0.21253994,-0.21011975,0.17490895,0.32113326,0.17052388,7.071346e-05,0.1705239
24.409420342711783,35.02898555779556,73.23672,16675200.489234924,73.20122,0.9295706,-0.96684796,0.38213435,1.4622204,-0.43191382,-0.1661042,0.33253497,-0.3952675,0.3582833,0.21092805,-0.067074,0.22133586
24.3913043591697,35.05434799367564,86.750465,13564800.27294159,72.105644,1.3016215e-06,-1.3928774e-06,0.07034916,0.6725147,0.109463945,0.04242308,0.55637884,0.3412309,0.48604643,0.18937561,0.03692263,0.19294144
24.579710091518006,35.06884069756067,84.24473,15033599.582862854,72.25984,1.5608375e-05,-1.1068156e-05,-0.2808988,-0.6176505,0.29644737,0.14180641,0.29823676,0.1658356,0.118307225,-0.1912884,0.079596676,0.20718804
24.423912946628306,35.13405791039468,84.735344,3542400.093984604,71.99907,-5.204731e-06,-1.4529528e-06,0.18712625,-0.6096444,0.3510249,-0.13013428,-0.15040451,-0.14389306,0.616627,-0.16770671,0.14407927,0.22109811
24.47463793572534,35.15579704180788,74.131996,14428799.479866028,72.93348,-0.33084673,-0.09209186,0.13740712,-0.41592428,-0.31175542,0.08810922,0.02891651,-0.6675464,-0.41563335,-0.06000155,-0.079991795,0.09999436
24.503623143558386,34.916666955294566,80.479385,3456000.11844635,72.27059,0.000259605,0.00035857642,0.14942086,-0.08477698,-0.2867332,-0.17661929,0.15806377,-0.28047127,-0.253715,-0.16046527,-0.16943751,0.23336275
24.43478277193275,35.06521686399416,78.38795,7862400.2420425415,72.40766,-0.00010218628,0.002747891,0.1777522,-0.4091119,0.37140122,0.5064769,0.23028454,-0.29389468,-0.1251635,-0.07538979,0.05746182,0.09479177
24.619565229179578,35.18478278215484,82.255135,12614400.267791748,71.77013,-2.3969427e-05,2.039805e-05,0.25440773,-1.6235753,-0.75345176,0.28660247,0.09440948,-0.44875717,-0.1476273,-0.13212311,-0.08996853,0.15984635
24.521739153231497,35.18115965909355,80.50853,14687999.680709839,71.78372,0.00032348713,-0.00032422703,0.13006802,-1.5738087,-0.2775676,0.34515938,0.018723771,-0.37413785,-0.05374389,-0.16754359,-0.0702652,0.18168119
24.068840433535758,35.050724689208764,75.1399,14601599.979400635,71.846054,-0.048178144,0.016095184,-0.29547867,0.75372183,0.5272842,-0.28981584,-0.1030006,0.05220791,0.17597875,0.11233094,0.07882273,0.13722706
24.728260869121893,35.15579704180788,79.23173,11923200.463485718,71.71314,-0.0009272456,0.00097332435,0.12096155,-0.76983523,-0.5757802,-0.11855625,-0.017549857,0.0753078,-0.27656323,-0.08160427,-0.10884854,0.1360414
24.57246390714934,35.13405809180027,82.83649,12527999.469566345,72.16732,-4.08782e-05,-3.677476e-05,0.069437064,-1.1440716,-0.4458046,0.25326583,0.26691768,-0.28725263,0.18924907,-0.11695191,-0.08893307,0.14692461
24.782608845879178,35.07246365433351,80.82854,5443199.830055237,72.59331,0.00027861036,-0.00050623325,0.19276175,1.2782844,-0.0445831,-0.015467592,0.011623155,0.22005022,0.4031552,0.29748163,-0.12280543,0.321833
24.43478251062254,35.050724689208764,81.254395,9331199.551963806,71.98073,9.839175e-05,-0.00013185792,0.18224424,-0.5249357,0.40957773,0.40317965,0.07919881,-0.21524341,-0.0021080784,-0.16513479,0.079077445,0.18309216
24.782608584568965,35.06521774078783,85.492004,11664000.262641907,72.00836,3.4435373e-06,-3.9903925e-06,-0.0068383217,-0.39709446,0.31899345,-0.071821354,-0.044891633,-0.09776589,-0.02774366,-0.26173675,0.14654908,0.29997128
24.336956356281394,35.12681217825459,78.56935,4492800.099134445,72.45823,-0.0034522912,0.001834935,-0.054708958,-1.0082189,0.37839946,-0.20492893,-0.52072537,-0.02547105,0.002679076,-0.19773214,0.10646376,0.22457188
24.72463775080654,35.097825908808005,83.506035,5615999.781131744,72.12718,1.2877609e-05,2.306775e-05,-0.012888446,1.2016124,0.16274881,-0.17828232,-0.12412574,0.25293708,0.33187652,0.16029346,-0.02603136,0.16239344
24.152173912100075,34.942029039701325,85.189964,16847999.891853333,72.372475,4.362949e-06,-1.103635e-06,0.07541585,-0.49272725,0.1540377,0.1463049,-0.0548713,0.06118971,0.5412491,-0.12567651,0.05190427,0.13597293
24.49275373635028,35.04710138474188,79.64641,10886399.660110474,72.31064,0.00059691333,-0.00086609216,0.24589214,-0.478854,0.3516088,0.50377107,0.50454307,-0.035324685,0.22614136,-0.09653203,0.042380925,0.105425686
24.268116089179838,35.07971042955572,81.07262,259199.99517202377,72.628136,-0.00030036835,0.00012467688,-0.00542064,-0.84012115,0.33769578,0.028613739,-0.30297947,-0.052710384,0.35877424,-0.19148281,0.09355254,0.2131144
24.17028990870767,35.119565206509655,75.23819,15811200.185394287,72.30993,0.06171043,0.06422282,0.36830923,0.091295764,0.265251,-0.2613032,-0.37250903,0.2469829,0.06478602,0.0519419,0.13293499,0.14272237
24.40579722439643,35.07608730649443,81.130585,15897599.886703491,72.24076,-8.949502e-05,0.00022957471,-0.11825516,-0.9115722,0.37361887,0.25358388,-0.07270123,-0.051869594,-0.30287552,-0.21799183,0.08509959,0.23401363
24.171296292717127,35.10648163098043,78.049835,18143999.79915619,72.40629,-0.0040224185,0.0026878954,0.2825427,0.061302513,0.5777716,0.15414679,-0.24562755,0.09345031,0.026365856,0.039298758,0.09255705,0.100554466
24.3913043591697,35.05434799367564,86.750465,604799.9658823013,71.750656,-8.222022e-07,4.3998273e-07,-0.016611144,-1.4216309,0.036435634,0.32207268,-0.49745086,-0.17574587,0.16984618,-0.25253758,-0.03818013,0.25540742
24.518115930392057,35.170290078269815,76.7112,6047999.933052063,72.131645,-0.010013694,-0.014638518,-0.13103148,-1.7914299,-0.88626957,0.120947495,-0.05230005,-0.3628589,-0.48793992,-0.14366087,-0.089410186,0.16921179
24.503623143558386,34.916666955294566,80.479385,14342399.778556824,71.65566,-0.00021163357,-7.993223e-05,0.21463937,-1.1751354,0.60487175,0.39446118,0.017270975,-0.08774108,-0.22502056,-0.20354964,0.12702423,0.2399325
24.264492787947336,35.06521739309379,75.914215,6652800.036048889,72.525505,-0.038340647,-0.026729403,0.05154282,1.9676119,1.1671845,0.027019516,0.13116787,0.27859947,0.12295141,0.10598773,0.03382677,0.11125488
24.351449221508126,35.36231895652174,77.53338,10195199.855804443,72.490166,-0.009554821,-0.0030686914,0.20736462,-0.6120795,-0.63875777,0.25055212,0.34810176,-0.1266483,0.09302208,-0.08134786,-0.06551264,0.104447976
24.286231733018653,35.16304365074164,82.86601,2073599.9613761902,72.743675,-6.408439e-05,-1.0983427e-05,-0.18804383,-0.1977449,0.511297,-0.10416759,-0.23911887,-0.041787572,0.036151174,-0.077823654,0.17192003,0.18871412
24.278985574781007,35.18478260074926,85.36457,10627199.459266663,72.626236,-3.9358124e-06,-6.895599e-06,0.16525489,0.8638464,0.5021912,0.010321125,0.14800525,0.27045467,0.18606356,0.30457872,0.18157656,0.3545959
24.528985389862203,35.079710263267266,73.800804,4319999.873828888,72.79893,0.3949985,-0.35922956,0.32223248,-0.92639613,-0.28458622,0.5884124,0.267091,-0.3189776,0.184023,-0.15186784,-0.093377665,0.17827852
24.286231733018653,35.16304365074164,82.86601,4319999.873828888,72.613594,-7.67481e-05,5.200071e-05,0.0032769106,-0.04932747,0.4830787,-0.12809905,-0.15562135,-0.14700747,0.17593697,-0.036028825,0.21444625,0.21745177
24.134057993885538,35.130434787333385,80.741425,17193599.794006348,72.86752,-0.0001891357,0.00070740643,0.22325987,-0.026478253,0.75361145,0.43960577,-0.34867188,0.10178812,0.25988203,0.005618047,0.14723167,0.14733882
24.49275373635028,35.04710138474188,79.64641,2678400.0643730164,71.886505,-0.0007297832,0.0004685664,-0.05412826,-0.3596777,-0.27071723,-0.0936723,-0.3078232,-0.15808049,0.1739378,-0.070369884,-0.09521015,0.11839296
24.351449221508126,35.36231895652174,77.53338,9590399.752807617,72.51049,-0.009794267,-0.0086334525,0.18328288,-0.7719579,-0.8193159,0.19220686,0.3018932,-0.13077241,-0.004898425,-0.074275,-0.05611767,0.09309118
24.503623143558386,34.916666955294566,80.479385,1641599.9465703964,72.75225,0.0006063188,-0.00031116602,0.03659591,0.14380261,-0.3840761,-0.20089614,0.41611126,-0.23363519,-0.19604486,0.050345458,-0.14836062,0.15667017
24.340579735906957,35.22101461745307,78.71513,10281599.557113647,72.86369,-0.00089182804,0.00034423708,-0.095851414,-1.4596492,-0.64033383,0.2564025,-0.28551218,-0.45439962,-0.53382146,-0.10284647,-0.07367815,0.12651429
24.659420157792983,35.13768139626715,82.9603,86400.00124722719,71.776146,-6.1858536e-06,-2.944332e-05,-0.4647439,0.11672631,0.39546055,-0.07196627,0.20847309,-0.13053885,-0.02394528,0.14364111,0.16405886,0.21805523
24.800724541980035,35.0326085145684,80.91604,5097599.927902222,72.776306,0.00055361126,0.00044747954,0.22499898,1.3489922,0.069843315,0.012646668,0.10948642,0.09393327,0.3590085,0.27704516,0.052823916,0.28203616
24.286231733018653,35.16304365074164,82.86601,2592000.0888347626,72.683876,-6.7800094e-05,-4.4066663e-05,-0.15833881,-0.13634531,0.5270757,-0.11425611,-0.20251021,-0.04605605,0.06179183,-0.056274872,0.19062462,0.19875766
24.340579657513896,35.072464168316,77.031204,3283199.893140793,72.487404,0.00039367308,-0.011122511,0.18574989,0.1457659,0.4970346,-0.035585083,-0.1544798,0.032416597,0.21309376,0.011641275,0.14907904,0.14953287
24.235507135886934,35.09782643790763,86.62735,7257600.139045715,72.528946,8.410895e-08,1.9754393e-06,-0.030300304,-0.75140274,-0.30183235,-0.01782085,-0.12709704,-0.2439694,-0.16555977,-0.12932783,-0.032557383,0.13336293
24.47463793572534,35.15579704180788,74.131996,17539199.696159363,73.16731,0.39490086,0.26991624,0.022087982,0.3155109,-0.43202817,0.107351325,0.09016651,-0.35152566,-0.13249901,0.14505818,-0.15986449,0.21586692
24.514492864338745,35.152173737341,77.98083,16243199.788856506,72.186935,0.0014354701,0.0025637755,0.2157422,-1.2278867,0.03908497,0.16120535,-0.09226937,-0.5280633,-0.40009823,-0.15706778,0.03158441,0.16021192
24.33695651306752,35.26449269887389,75.24537,8985600.19826889,72.92782,-0.11830133,-0.1039011,-0.13490623,-2.29184,-1.1919868,0.04580444,-0.29984412,-0.3260007,-0.7486637,-0.16945288,-0.061300375,0.18019994
24.800724541980035,35.0326085145684,80.91604,5875199.981975555,72.72575,0.00039966893,0.00023476893,0.21995747,1.3928602,0.06130991,-0.13747299,0.10596135,0.06262796,0.35545957,0.22594845,0.04185471,0.22979234
24.626811465810288,35.05797113185407,83.9315,604799.9658823013,71.57572,-8.252977e-06,1.0242056e-06,0.071731694,0.11602071,0.06766985,0.27243868,0.31746656,0.016646776,-0.15602374,0.10133705,0.072850496,0.12480542
24.409420342711783,35.02898555779556,73.23672,0.0,72.52982,-0.5209788,-0.49282256,0.21928215,0.12328735,0.047021344,0.039965246,0.3335608,-0.4249413,-0.16170439,0.0098793395,0.06424747,0.065002605
24.57608686867857,35.22463755910878,78.28966,15811200.185394287,71.86006,0.0026353332,0.0011905509,0.4150768,-1.3442549,0.39561364,0.45155764,-0.16157979,-0.48860592,-0.09456799,-0.21686387,0.02881252,0.21876952
24.507246627708035,35.15217355593542,72.15966,4579200.074672699,72.86835,0.44606477,0.4836844,0.22238955,-1.1758066,-0.28672114,0.3178753,0.80393815,-0.25789303,0.22644278,-0.21410036,-0.02947323,0.21611948
24.068840433535758,35.050724689208764,75.1399,12700799.969100952,72.134735,-0.06270751,-0.057994056,-0.43190095,1.1078149,0.7706369,-0.20276862,-0.1355462,-0.06557508,0.30449224,0.1469527,0.06971437,0.16265051
24.55434784521419,35.039855304907746,78.730316,4060799.9472141266,71.85638,-0.0015527478,0.0009961396,0.14828694,-0.3917816,-0.6496896,0.18267414,-0.23223233,-0.31299528,0.13062811,-0.060329452,-0.20440532,0.21312246
24.06159400092239,35.235507653915,77.223785,17020800.39138794,73.01703,0.020743597,0.017298408,0.23990169,0.32128945,0.07588785,0.17772226,-0.46608463,-0.11939093,0.49314782,0.16299367,0.03898701,0.16759154
24.16304339770124,35.14130418675153,77.183464,7343999.840354919,72.48601,0.0018670739,-0.013093642,0.055379387,1.6971993,1.2609034,-0.11453629,-0.41178358,0.30696854,0.26247212,0.10932875,0.10747892,0.15331174
24.134057993885538,35.130434787333385,80.741425,5615999.781131744,72.69702,0.0006057807,0.00060288043,0.33786675,0.9920906,1.1404281,-0.23902208,-0.038478725,0.27444968,0.254623,0.034485422,0.054349013,0.0643666
24.171296292717127,35.10648163098043,78.049835,5443199.830055237,72.48924,0.0059711733,0.0058422633,0.2874279,1.1136945,1.0217081,-0.27911437,-0.03644321,0.29833886,0.15506773,0.0949287,0.16828547,0.19321351
24.521739153231497,35.18115965909355,80.50853,1814400.0347614288,72.00972,-7.604564e-05,0.00038485526,-0.12367327,-0.31626433,0.5762338,0.01795327,-0.36634618,-0.17610718,0.17195311,-0.13945444,0.20089622,0.24455436
24.47463793572534,35.15579704180788,74.131996,15465600.283241272,72.84623,-0.29446992,-0.29618388,0.08912743,-0.030593507,-0.34120387,0.12040365,0.107074946,-0.5564914,-0.28212404,0.019895006,-0.09864093,0.10062726
24.40217392316393,35.07246365433351,77.73675,8726399.99742508,72.802505,-0.010439371,-0.010631529,-0.02069468,-0.06903352,0.42858136,0.3059624,0.33030224,-0.15226553,-0.19089448,-0.030160928,0.091182396,0.096041195
24.242753659958876,34.931159481553294,83.59315,3196799.917602539,72.57284,-3.4984638e-05,1.0085578e-05,0.2240991,-0.43126073,-0.47802877,-0.12243388,0.10155971,-0.15476729,-0.40006644,-0.1060547,-0.14238587,0.1775425
24.800724541980035,35.0326085145684,80.91604,7775999.992275238,72.622025,-0.00045578263,0.00038791177,0.12129427,1.221208,0.0324388,-0.4162553,0.1521905,0.06446727,0.33668324,0.15525961,-0.040920928,0.16056173
24.47463793572534,35.15579704180788,74.131996,12009600.164794922,73.15255,-0.38848096,0.40402412,0.20934275,-1.1500033,-0.3312053,0.07632272,-0.060583197,-0.7371837,-0.66133577,-0.104813755,-0.027375378,0.10832975
24.40579730278949,34.98550712868071,82.545616,5097599.927902222,71.744484,-4.627313e-05,-2.1242191e-05,0.22945645,-1.2984465,0.0142419,-0.26388225,-0.67304194,-0.265549,-0.6088087,-0.20110936,0.0021927878,0.20112133
24.641304357168043,34.938405387540406,81.3883,432000.01480579376,72.47532,0.00027272708,-0.00021046933,0.030681465,-0.18276836,-0.31334513,0.38997862,0.544866,-0.022607617,-0.28747708,-0.06517774,-0.13974465,0.15419698
24.52536253285706,35.05797113185407,79.99595,18316800.298690796,71.685974,-0.0003563123,0.00033957115,0.11886976,-1.9269658,0.28799725,0.2747419,-0.103199966,-0.29501945,-0.10700869,-0.13751358,0.035972536,0.1421408
24.5036234048686,34.94565269942081,84.86278,7430400.090122223,71.4004,-3.9005854e-06,2.081764e-06,0.030474622,-0.21842894,0.08390004,0.34564513,-0.20681846,-0.09394183,-0.23523787,-0.07806855,0.07620032,0.10909256
24.525362323808892,35.01449270273921,80.76379,7343999.840354919,71.68865,0.00022397701,-2.059162e-05,0.5555545,0.271695,0.46180478,0.080788806,-0.22897169,-0.08581744,-0.110242136,0.05393736,0.06541934,0.08478755
24.514492864338745,35.152173737341,77.98083,7948799.943351746,72.149605,-0.0036096717,-0.0026882046,-0.07241105,-1.4403977,-0.8595987,0.1497306,-0.06397125,-0.23714529,-0.27679116,-0.23006813,-0.12552613,0.26208425
24.35507260113369,35.04710138474188,76.478294,3974399.971675873,72.45102,0.024119727,0.02168789,0.21666458,0.6457268,0.37888113,-0.077780105,-0.03134749,0.13163629,0.16073239,0.124773666,0.05339087,0.13571681
24.576087129988778,34.96376817111452,80.53768,5702400.030899048,71.67902,-0.00022558671,-0.00028672355,0.44507933,0.36351275,-0.059944253,-0.19913465,-0.17796236,-0.21660198,-0.2190963,0.11372273,0.0152251795,0.11473737
24.15217408195171,35.09782609021359,90.079155,1468799.9954938889,72.190384,-6.311829e-08,5.81234e-08,0.03959643,-0.6129106,-0.35347155,0.6138499,-0.20032999,-0.26073337,-0.14435738,-0.14045191,-0.03664741,0.1451543
24.409420264318722,35.137681214861566,85.684586,5529600.07982254,72.04581,-4.385015e-07,-2.8337856e-06,0.39311358,-0.73477197,0.13472569,-0.104419895,-0.14848256,-0.2422957,0.41350296,-0.20191818,0.024453348,0.2033935
24.62318819070881,35.09782625650204,81.14894,4924799.976825714,71.90681,-5.575364e-05,7.446538e-06,0.2577976,0.43617448,0.030146252,0.37964556,-0.24290374,-0.098933086,0.456314,0.18093416,-0.002406776,0.18095016
24.409420264318722,35.097825908808005,75.01247,5529600.07982254,72.73705,0.119883314,0.12195446,0.24499887,-0.42024982,0.4068831,0.1960907,-0.1364302,-0.0064223334,0.06183154,-0.11196081,0.067733906,0.13085529
24.35507260113369,35.04710138474188,76.478294,7603200.0411987305,72.84759,0.034733947,0.03169109,0.3203174,0.42878732,0.8969988,0.12634993,0.06978428,-0.03173987,-0.3682901,0.078164205,0.18248893,0.19852419
24.141304256647267,35.05072417522627,80.839714,6998399.938201904,72.70838,0.00046654948,0.00021241687,0.20328242,-0.1200645,0.059877343,-0.44257432,0.11251785,0.1777551,0.31840444,-0.14074822,-0.009013005,0.1410365
24.51086948471318,35.141304337922854,75.965324,1555199.9710321426,72.27997,0.024350869,0.033144627,0.30820283,-0.7728932,-0.0037221648,0.020721823,0.20889091,-0.19863968,0.17240316,-0.18054228,-0.020495348,0.18170187
24.528985389862203,35.079710263267266,73.800804,1555199.9710321426,72.79177,-0.25560632,0.14101067,0.5455367,-0.26532954,0.033690892,0.31191146,0.7157059,-0.24270265,0.12234045,-0.14610013,0.06725076,0.16083504
24.423912946628306,35.13405791039468,84.735344,16416000.288391113,72.62617,-9.340855e-06,2.6469713e-06,-0.16669127,0.03428118,-0.1020492,0.16128169,0.11506699,0.4348643,0.15823132,0.0645479,-0.10241306,0.12105728
24.528985389862203,35.079710263267266,73.800804,18316800.298690796,73.93998,0.8782533,0.87969875,0.12889965,0.8390771,-0.54700613,-0.19503799,-0.007290095,-0.5035752,0.076570034,0.3204519,-0.2164123,0.38668293
24.423912946628306,35.16304383214723,83.815254,16761600.190544128,72.64722,9.366749e-06,2.3616125e-05,-0.26165593,-0.45176783,-0.2831146,0.054707065,-0.058767132,0.35688674,-0.0042352155,-0.08878656,-0.057526886,0.10579412
24.3913043591697,35.05434799367564,86.750465,8985600.19826889,72.193115,-1.4124383e-06,-1.100136e-06,-0.19842419,-0.59559786,0.17612812,-0.3855188,-0.23676449,0.005229868,-0.15648729,-0.12437777,0.0206061,0.12607317
24.608695560661264,35.210145036629335,80.071884,6825599.987125397,71.32937,-4.205024e-05,-9.133727e-05,0.13480955,-0.4021448,-0.571139,0.24610117,0.21032771,-0.0156024285,0.02914526,-0.094322935,-0.116137356,0.14961518
24.442029139218562,35.043478080275,76.86345,4752000.025749207,72.50053,-0.017909994,-0.013922779,0.18408594,-0.24983269,-0.011719737,0.12002618,-0.14632428,-0.07671583,0.18454939,-0.07946753,-0.08674807,0.11764487
24.49275373635028,35.04710138474188,79.64641,11491199.7631073,72.320335,-0.0005547836,-0.0003802134,0.20248953,-0.5635953,0.33373082,0.47718287,0.515244,-0.06062966,0.18760782,-0.10163975,0.03279417,0.10679933
24.358695745580064,35.14492749121842,79.46463,3023999.9665260315,72.41541,-0.0013322798,0.0011167751,-0.051273726,-1.0939764,0.3887432,-0.040952407,-0.44758305,-0.06952848,0.09342131,-0.14986722,0.057817005,0.16063309
24.278985653174068,35.159420527680346,80.15937,86400.00124722719,72.937744,-0.0011646656,8.272689e-06,-0.078962244,-1.2059066,0.5508556,-0.1313068,-0.39142385,0.04918272,-0.14295343,-0.29359645,0.11684243,0.31599212
24.503623143558386,34.916666955294566,80.479385,2764800.03991127,72.454666,0.00037949058,0.00021822314,0.08085436,0.030583978,-0.35269028,-0.21226329,0.2748623,-0.26786572,-0.2427595,-0.078967996,-0.1863988,0.20243631
24.514492864338745,35.152173737341,77.98083,10627199.459266663,72.498215,0.0044010854,0.0062803635,0.014726803,-1.0696621,-0.61584955,0.10377462,0.20960003,-0.15943614,-0.08280507,-0.13566999,-0.09542196,0.16586651
24.43478251062254,35.050724689208764,81.254395,11836799.665260315,72.28609,-0.00025868026,0.00025576385,0.020478383,-0.6097949,0.3464625,0.52549136,0.43739748,-0.11391171,0.086456925,-0.14049442,0.06716658,0.15572421
24.731884091961334,34.88405773852335,82.62194,5097599.927902222,72.02397,4.086138e-05,-2.0735826e-05,-0.10098421,0.822086,0.3084171,-0.08060131,-0.12886968,-0.15607144,-0.3447698,0.14832912,0.12421009,0.1934675
24.351449221508126,35.36231895652174,77.53338,8121599.894428253,72.647545,-0.00096845516,-0.010949359,0.15844177,-1.2832999,-1.2675356,0.07462801,0.20366338,-0.1949031,-0.2324444,-0.09758928,-0.069613084,0.11987347
24.340579657513896,35.072464168316,77.031204,11577599.464416504,73.042915,-0.024330333,0.023226675,-0.14560139,0.061766103,0.50731456,-0.26125774,0.091940396,-0.11722362,-0.08658557,0.012511082,0.102591395,0.10335145
24.278985653174068,35.159420527680346,80.15937,13824000.4737854,72.85081,0.0009610007,-0.0011127694,0.046165697,-0.6930679,0.22602943,0.41445982,-0.17059341,-0.039627314,0.3618115,-0.22468148,0.14834672,0.26923692
24.503623143558386,34.916666955294566,80.479385,12441599.768257141,71.74327,-1.4819182e-05,-8.305086e-05,0.3340268,-1.3583138,0.32033482,0.3980014,-0.006578427,0.0063544847,-0.3837356,-0.18965922,0.070023775,0.20217307
24.655797039477626,35.09782643790763,82.953125,12960000.169944763,71.99133,-1.18468315e-05,2.555396e-05,-0.124602936,-1.0408242,-0.15434106,0.22087729,0.19594291,-0.23546356,-0.04120174,-0.14344549,-0.02669765,0.14590879
24.507246627708035,35.15217355593542,72.15966,3456000.11844635,72.89411,0.49172768,0.4631542,0.2741681,-1.0130479,-0.026564237,0.3684862,1.090181,-0.20420362,0.28437296,-0.2847395,0.042090923,0.28783366
24.57246390714934,35.13405809180027,82.83649,16934399.593162537,71.71453,-2.2425931e-05,1.8512623e-05,-0.040048458,-1.5779035,0.37188053,0.28576726,-0.23056749,-0.0322622,-0.31245983,-0.1858437,0.07881567,0.20186578
24.336956356281394,35.12681217825459,78.56935,10799999.95880127,73.03664,-0.00109205,-0.0011288946,-0.33923852,-0.35125685,0.097479254,0.007933855,-0.06336816,-0.21214128,-0.06974752,-0.1497246,0.003244251,0.14975974
24.336956356281394,35.12681217825459,78.56935,3628800.0695228577,72.49724,0.0014773747,-0.002866006,0.013921745,-0.99904215,0.42548618,-0.2150788,-0.51641184,-0.012195166,0.09837366,-0.20178124,0.10863,0.22916402
24.24275355543479,35.275361916886446,83.709785,12355200.066947937,72.519,1.788844e-05,-3.091976e-05,-0.25912273,1.4561402,0.7507219,0.08084527,-0.26817542,0.4655231,0.64429045,0.13053814,0.07059315,0.1484035
24.340579657513896,35.072464168316,77.031204,12355200.066947937,73.004135,-0.024377331,-0.021269161,-0.038595438,-0.042042173,0.4550313,-0.31479907,0.04562344,-0.11123354,-0.04572781,0.0019151792,0.11883083,0.11884626
24.481884276880134,35.21376834109622,79.042,9935999.654960632,72.13775,-0.0012662854,-0.00047381615,0.068830594,-1.5456611,-1.0447304,0.2016125,0.14956906,-0.18189499,-0.19135123,-0.21748921,-0.17096353,0.2766407
24.782608845879178,35.07246365433351,80.82854,11318400.360488892,71.75021,-0.00022638317,0.00017141597,-0.27122116,-0.52901447,-0.18106462,-0.17947492,-0.23336235,0.077511765,0.23597574,-0.103581354,-0.06079811,0.12010623
24.068840433535758,35.050724689208764,75.1399,259199.99517202377,72.914116,0.038601477,0.0998957,0.11851916,-0.48207963,-0.7218547,-0.11449165,0.3357363,-0.47502926,-0.47553483,-0.06576809,-0.116011545,0.13335712
24.278985574781007,35.18478260074926,85.36457,13996799.876403809,72.049255,-4.437033e-06,-4.687446e-06,-0.16150352,0.6544373,-0.10482705,0.0035408437,0.27132335,0.3578696,0.38534573,0.18985826,-0.041304894,0.19429938
24.134057993885538,35.130434787333385,80.741425,6220799.884128571,72.71612,0.00060232525,2.4776193e-05,0.3028987,1.0647053,1.0683883,-0.23785731,-0.06458747,0.2762328,0.25385243,0.037515916,0.061452366,0.07199887
24.57246390714934,35.13405809180027,82.83649,2419199.8635292053,71.9735,2.0095113e-05,-1.1497117e-05,-0.11293807,-0.24830574,0.51330745,0.13697727,-0.19351435,-0.0012409613,0.3325027,-0.07352662,0.16988182,0.18511078
24.626811465810288,35.05797113185407,83.9315,18316800.298690796,71.48211,-9.618584e-06,1.03245575e-05,0.09640807,-1.3588926,0.6622102,0.36829954,0.08677065,0.15922509,-0.04564938,-0.20220001,0.09160222,0.22198156
24.57608686867857,35.22463755910878,78.28966,6998399.938201904,71.48722,-0.001654896,-0.0018900306,0.039245408,-1.0984337,-1.0837839,0.090360984,0.3460522,-0.077631004,-0.20586073,-0.11852881,-0.07792666,0.14185078
24.677536062942007,35.07971042955572,84.775665,13651199.974250793,72.26092,1.2773147e-06,5.747987e-06,-0.18597588,-0.5724998,0.3427697,-0.019816011,0.08518195,-0.1007956,-0.12703782,-0.236812,0.087681845,0.25252333
24.068840433535758,35.050724689208764,75.1399,5011200.226593018,71.67195,0.039236095,0.038738187,0.2264728,1.7429861,0.24369082,-0.2729193,-0.10519732,0.25984064,0.34805658,0.082202554,0.022999212,0.08535938
24.409420185925658,35.126811301460926,78.58091,16934399.593162537,72.35095,-0.0028243936,-0.0015780893,0.06671648,-0.75407183,0.19974466,0.16593881,-0.12408995,-0.13757512,-0.29157975,-0.12738551,0.07420415,0.14742225
24.141304256647267,35.05072417522627,80.839714,11491199.7631073,73.003365,0.0004431794,-0.00017864224,-0.20696,-0.7561686,-0.25177193,-0.07950669,-0.2874391,-0.2872805,0.010953775,-0.114198536,-0.06239128,0.13013062
24.57608686867857,35.22463755910878,78.28966,10454400.056648254,71.95199,0.0020036185,0.0017686076,0.39074212,-0.7826493,-0.6981971,0.08826926,0.41018233,0.036583364,-0.2932714,-0.14414205,-0.13288735,0.19605096
24.40579730278949,34.98550712868071,82.545616,11318400.360488892,72.188705,-4.8286576e-05,-1.8799758e-05,-0.3024253,-0.71586025,0.04334878,0.43098912,0.1853261,0.01706243,-0.27142918,-0.21624073,-0.0039314106,0.21627647
24.202898613755877,35.17753635462667,82.22561,16156800.087547302,72.94342,6.3922795e-05,-0.00019240838,-0.23157775,0.28440446,0.17623734,0.0873131,-0.039995678,0.33768323,0.2044577,0.075221926,0.052210122,0.09156547
24.409420264318722,35.137681214861566,85.684586,9935999.654960632,72.76626,2.802123e-06,-1.0589652e-06,0.13815829,0.17424381,0.4937989,-0.009829715,0.105938405,0.0153597,0.06901741,0.089044094,0.26180372,0.27653214
24.32608705359737,35.05434782738719,80.59564,12527999.469566345,72.56795,0.00039310727,0.00025762428,-0.060532585,-0.63244545,0.33731484,0.43813005,0.30441812,-0.15212193,0.07346962,-0.09323388,0.038454935,0.100853056
24.177536001617764,35.01449252133363,77.3516,11491199.7631073,72.84897,-0.015826307,-0.0029781605,-0.1845651,0.75067616,0.5147836,-0.0005811602,0.06717548,-0.17877693,0.06684828,0.1163245,0.079419084,0.1408502
24.278985574781007,35.18478260074926,85.36457,11923200.463485718,72.37781,3.5954001e-06,-5.093079e-06,0.06968276,0.8436247,0.2710737,-0.011394441,0.24203044,0.3172485,0.28324255,0.31070054,0.116552964,0.33184245
24.49275373635028,35.04710138474188,79.64641,12441599.768257141,72.27325,-0.0010100426,-0.0009783219,0.14386171,-0.7205895,0.2976144,0.38886273,0.48178166,-0.14101225,0.10687215,-0.108188435,0.03135267,0.11263981
24.235507135886934,35.09782643790763,86.62735,14428799.479866028,71.93871,7.220295e-07,-7.7189554e-07,0.23001084,0.4665399,-0.33939,0.17617038,0.69226,0.31512576,0.6488778,0.12127952,-0.09125464,0.15177658
24.481884276880134,35.21376834109622,79.042,10022400.453186035,72.14371,-0.0015217045,-0.0003360103,0.07725794,-1.5359348,-1.0308409,0.20616692,0.1530242,-0.1829184,-0.18528205,-0.2153552,-0.16845322,0.2734124
24.351449221508126,35.36231895652174,77.53338,3369599.8686790466,71.84937,-0.0053244913,-0.0036923531,-0.26663536,-1.0194571,-1.3064101,0.09382039,0.32169732,-0.10666535,-0.8629293,-0.11344924,-0.13497484,0.17632055
24.171296292717127,35.10648163098043,78.049835,3974399.971675873,72.49277,0.005892831,0.0027493427,0.35593104,0.87980855,0.9871688,-0.42837077,0.11352202,0.296539,-0.022963025,0.105811894,0.19837165,0.22482763
24.75362311542571,35.148550251468535,82.31272,15292799.783706665,71.10818,-2.0965395e-05,2.45278e-05,-0.015844852,-1.4819735,0.024993666,0.35230482,-0.02818682,-0.44385335,-0.2701615,-0.2098594,0.020600624,0.21086809
24.51086948471318,35.141304337922854,75.965324,3628800.0695228577,72.20371,0.031206094,0.024266353,0.15582453,-0.9376925,-0.16235532,0.3371674,0.079433724,-0.37587652,0.12993604,-0.093865305,0.00071170926,0.093868
24.409420264318722,35.137681214861566,85.684586,10886399.660110474,72.81354,2.225209e-06,-7.1257587e-06,0.076493576,0.28894567,0.4545967,-0.008980401,0.14187929,0.07556858,0.10963906,0.10889748,0.24834082,0.27116752
24.409420264318722,35.097825908808005,75.01247,10627199.459266663,73.37023,0.2202681,0.18524455,-0.13016307,0.14761743,0.34072843,0.028669044,0.06218226,-0.33536947,-0.27731696,0.017978221,0.04047516,0.044288315
24.47463793572534,35.15579704180788,74.131996,17452799.99485016,73.14953,0.39586362,0.29582566,0.0267796,0.3197031,-0.42599732,0.110916525,0.096953236,-0.35753477,-0.13348833,0.14259285,-0.15841588,0.21313919
24.55072462237475,35.07608730649443,88.70044,14515200.27809143,72.64771,-3.7464454e-07,-3.4624819e-09,-0.2055155,1.1308435,0.28689265,0.026625082,0.044134524,0.34618795,0.47150818,0.22267179,0.07046159,0.2335542
24.55072462237475,35.07608730649443,88.70044,18057600.097846985,73.19527,4.3943817e-07,4.8677674e-07,-0.20334607,1.3151045,-0.051810462,-0.14122477,-0.18606952,0.58829117,0.32620198,0.11163355,0.0042595193,0.11171478
24.40579722439643,35.07608730649443,81.130585,8121599.894428253,72.06569,-0.00023445603,-3.463393e-05,0.014480479,-0.969036,0.20978746,0.20531449,-0.32588637,-0.39291,-0.12469175,-0.2107465,0.035533484,0.21372111
24.340579657513896,35.072464168316,77.031204,691200.0099778175,72.67578,-0.0059668473,0.00848812,0.2631784,-0.4336345,0.13105069,0.076136276,0.0038647912,-0.06252646,0.21285781,-0.14294983,0.09043279,0.16915302
24.731884091961334,34.88405773852335,82.62194,777599.9855160713,72.1049,3.5414574e-05,1.0639145e-05,0.11682172,0.21916038,-0.16538915,0.2695442,0.39918685,0.30176017,-0.18277395,0.09543373,-0.060482956,0.11298577
24.43478277193275,35.06521686399416,78.38795,6825599.987125397,72.31426,-0.0017108332,-0.0035689506,0.21558392,-0.6160568,0.3887914,0.5025593,0.00049611926,-0.37553832,-0.15438336,-0.112696454,0.02724003,0.11594184
24.641304357168043,34.938405387540406,81.3883,12355200.066947937,71.37269,-6.337692e-06,9.640114e-05,0.22715586,-0.012971796,0.91170025,0.17395198,-0.22747666,0.17977233,0.0046651997,6.06142e-05,0.09533042,0.09533044
24.507246418659868,35.018115659512056,74.98295,16156800.087547302,73.81919,0.34216753,0.17070507,0.4335548,0.5879644,-0.37269548,-0.14101353,0.2404705,-0.57096446,0.08544926,0.15679312,-0.12292349,0.1992342
24.55434784521419,35.039855304907746,78.730316,2937599.9909877777,71.92304,0.0007146076,0.001860114,-0.02873043,-0.21865952,-0.8461658,0.07541574,0.025229476,-0.18205531,0.17437038,-0.028047964,-0.23362392,0.23530157
24.75362311542571,35.148550251468535,82.31272,13737599.675559998,71.29263,-2.547076e-05,3.459829e-06,-0.051031046,-1.3912132,-0.41304237,0.34540063,-0.04699222,-0.45735216,-0.28902385,-0.2226156,-0.059645563,0.23046756
24.340579735906957,35.22101461745307,78.71513,14687999.680709839,72.56165,0.002227836,-0.0034540854,0.09552175,-0.96226764,-0.10235804,0.5752343,-0.095830925,-0.21561503,0.22747341,-0.25823888,-0.038281094,0.26106083
24.880434869565217,35.11594208344836,73.60822,11491199.7631073,73.48838,0.81381035,0.6851989,-0.24983466,-0.27080435,0.3260174,-0.012317136,0.16115502,0.03214132,0.23753041,-0.108778775,0.11767337,0.16024932
24.43478277193275,35.06521686399416,78.38795,3974399.971675873,72.06073,0.0017465175,-0.0003583077,0.07480017,-0.5953938,0.09617974,0.16490296,-0.35891438,-0.18836145,0.33415124,-0.11671985,0.013025913,0.11744445
24.003623304347823,35.192029209683014,80.788605,8899199.948501587,72.7067,0.0005238424,-9.033532e-05,-0.011560768,1.7976782,1.1698263,0.087943316,0.0044739135,0.16277727,0.21496275,0.15327561,0.10163006,0.1839078
24.586956589458925,35.03623181903528,81.050644,15811200.185394287,71.61365,-4.7484096e-05,6.4900916e-05,-0.11725839,-1.7863314,0.24377277,0.26073897,0.0062602386,-0.19573493,-0.1747385,-0.13056943,0.019293785,0.13198721
24.369565205050215,35.10507235145331,81.59638,13305600.072097778,72.559296,2.492791e-06,0.00021879845,-0.02817171,-0.83122385,0.04138465,0.30783933,0.16268295,-0.017081773,0.24199286,-0.091557935,0.008818179,0.0919816
24.528985389862203,35.079710263267266,73.800804,10972800.458335876,73.16859,0.34137753,0.23799504,0.10761312,-0.8680204,-0.76388305,-0.20048305,0.044104416,-0.31668165,-0.36183673,-0.13361755,-0.11821658,0.1784063
24.409420264318722,35.097825908808005,75.01247,11318400.360488892,73.34408,0.21520208,0.21162142,-0.07867394,0.28256652,0.3431302,-0.023458488,0.051976994,-0.39042878,-0.23943323,0.04440838,0.03924793,0.05926638
24.068840433535758,35.050724689208764,75.1399,2678400.0643730164,71.92892,-0.051445533,-0.051337518,0.31598654,0.50322986,-0.3455933,-0.28014764,0.14620358,-0.19385013,-0.25014463,0.05884397,-0.03959401,0.070924595
24.85869584610084,35.31159408476158,76.05999,3283199.893140793,71.25358,0.0068577216,0.011706511,0.31005004,0.7573036,0.38688004,0.14673215,0.06892817,-0.5348753,0.5073085,0.15605786,0.07253242,0.17209011
24.278985574781007,35.18478260074926,85.36457,3715200.0450611115,72.250725,4.523383e-07,-5.129314e-07,0.20251194,0.30071586,0.25144765,-0.19339189,-0.090223305,-0.0035756603,0.4596622,0.18412718,0.20423187,0.27497905
24.40217392316393,35.07246365433351,77.73675,5011200.226593018,72.41449,0.0068943575,0.0043571107,0.14567322,-0.35394192,0.43554416,0.24857944,-0.13492852,-0.13391781,0.1843825,-0.14263113,0.04125437,0.14847748
24.32608705359737,35.05434782738719,80.59564,2764800.03991127,72.309296,-0.00047294132,-0.00048428844,0.05798181,-0.5414406,0.21065871,-0.27146056,-0.27328637,-0.1326333,0.19080904,-0.17517275,0.043580055,0.18051235
24.278985574781007,35.18478260074926,85.36457,6047999.933052063,72.50226,-6.7702426e-06,5.3200274e-06,0.22174352,0.84610355,0.5592336,0.02396072,0.033474933,-0.011141822,0.42096415,0.13195276,0.16176042,0.20875336
24.365941903817713,35.11594190204278,77.940506,18143999.79915619,72.57879,-0.002328817,-0.0067213387,-0.05324515,-0.21796474,0.13579984,0.106305026,-0.07516635,0.18611835,-0.0019359253,-0.048427626,0.09362652,0.10540949
24.286231733018653,35.16304365074164,82.86601,8380800.095272064,72.750175,-8.396575e-05,-1.1581316e-05,0.0047900304,-0.35914043,0.3594128,0.14623967,-0.31809172,-0.29857147,0.037068978,-0.11481614,0.0809439,0.1404801
24.782608845879178,35.07246365433351,80.82854,7430400.090122223,72.4995,0.00041726575,8.4647334e-05,0.22166368,1.2548769,-0.10830608,-0.23627877,0.06984465,0.17173424,0.4594516,0.242433,-0.066585824,0.25141087
24.528985389862203,35.079710263267266,73.800804,13132799.572563171,73.30912,-0.61440957,-0.6311956,0.2765549,-0.43459544,-0.7261777,-0.36161482,0.07656057,-0.5346612,-0.394776,-0.073979005,-0.17096427,0.18628386
24.268116089179838,35.07971042955572,81.07262,6047999.933052063,72.29625,0.00025290647,0.00029744458,0.10574143,-1.0642327,0.1326528,-0.3731181,-0.21571612,-0.18116245,0.05303043,-0.12833786,-0.00885205,0.12864278
24.481884276880134,35.21376834109622,79.042,691200.0099778175,72.26849,-0.0009820873,-0.0011063116,0.08394165,-0.71422267,0.23354332,-0.030447826,-0.09769405,-0.2999892,-0.12661028,-0.19280261,0.05839485,0.20145175
24.53985505838052,35.14492730981283,78.72631,9935999.654960632,72.31576,0.0027296261,-0.0008790308,0.096258074,-0.9929658,-0.6089989,0.22826758,0.20814031,-0.115819216,0.16312459,-0.1601829,-0.06636658,0.17338708
24.43478251062254,35.050724689208764,81.254395,15033599.582862854,72.14962,0.0002282344,-0.00022116283,-0.13170326,-0.9659256,0.36906192,0.23343793,0.113578886,-0.10871702,-0.26687008,-0.20040454,0.07239309,0.21307918
24.373188349496587,35.09782609021359,73.044136,3974399.971675873,72.9704,0.9318035,0.8783108,0.21303442,0.39548954,0.5615478,0.03937463,0.35528427,0.06481677,0.3284829,0.072858445,0.08340488,0.11074623
24.152173912100075,34.942029039701325,85.189964,9504000.051498413,72.59318,6.587994e-06,2.060805e-06,-0.3731311,-1.2533617,-0.3496773,0.34050903,-0.10414284,-0.5053127,0.2561357,-0.1303334,-0.034664214,0.13486437
24.264492787947336,35.06521739309379,75.914215,2937599.9909877777,72.24574,0.03259357,0.02277978,0.28417948,0.84662235,0.7142319,-0.06590954,-0.012106486,-0.10179587,0.073433325,0.123158105,0.09109591,0.15318741
24.271739312019278,35.0833337340226,74.97577,1814400.0347614288,72.578674,0.100826,0.09582643,0.21166229,0.30872014,0.8018689,0.07518425,0.051027413,-0.17333929,-0.14976695,0.04143461,0.14292735,0.14881214
24.782608584568965,35.06521774078783,85.492004,17971200.39653778,71.34199,9.897273e-07,1.8769969e-06,-0.11200563,-1.5339574,0.7272501,0.16680425,-0.07608346,-0.4500091,0.24442023,-0.1531359,0.091001585,0.17813447
24.572463802625258,35.028985391507106,77.31845,6307200.133895874,72.141335,0.0036413255,0.008263043,0.2373062,-1.052096,-0.45947576,0.30687708,-0.18397054,-0.39714405,0.1938214,-0.1389625,-0.116032705,0.18103637
24.518115930392057,35.170290078269815,76.7112,11664000.262641907,72.6391,-0.004499334,0.020521253,0.12895115,-0.97548366,-0.5176146,0.10215026,0.14752594,-0.35610372,-0.41995224,-0.13976395,-0.10823351,0.17677233
24.677536062942007,35.07971042955572,84.775665,7603200.0411987305,72.08386,-5.4397137e-06,7.663949e-06,0.14286506,0.5270611,0.27853024,-0.3171735,-0.226412,0.16414075,0.16870701,0.2079164,0.10853462,0.23453996
24.171296292717127,35.10648163098043,78.049835,10195199.855804443,73.11648,-0.0066666594,-0.0031844687,-0.18617314,0.10515253,0.7092671,-0.0689896,-0.59562373,-0.21345837,-0.073717065,-0.013945706,0.08147901,0.08266385
24.782608845879178,35.07246365433351,80.82854,3023999.9665260315,72.31629,0.0002479383,-5.591663e-05,0.022290302,1.1117989,-0.046150435,0.2849897,0.17237139,0.33247364,0.24121693,0.29732797,-0.06949821,0.3053423
24.782608845879178,35.07246365433351,80.82854,2937599.9909877777,72.30173,0.00023224682,-1.7068001e-05,0.016768737,1.1061847,-0.048914608,0.29014936,0.18177831,0.33501735,0.2321811,0.2907934,-0.06644519,0.29828805
24.659420157792983,35.13768139626715,82.9603,18143999.79915619,71.40445,-9.785569e-06,1.02357535e-05,0.22421756,-1.3508844,0.91356385,0.363061,-0.43309358,-0.14562945,-0.21857974,-0.07162266,0.104239896,0.12647435
24.728260869121893,35.15579704180788,79.23173,11836799.665260315,71.71832,-0.0009157273,0.0009891384,0.12492585,-0.749974,-0.5807202,-0.12524202,-0.013460144,0.08369605,-0.2729301,-0.08313306,-0.11208193,0.13954735
24.731883987437246,34.999999998854186,80.17734,7430400.090122223,72.408134,-0.00033286627,-0.0005874408,0.1022513,1.078335,0.025027286,-0.39148462,0.1799387,-0.14562841,0.33239636,0.26648605,0.014185697,0.26686335
24.47463793572534,35.15579704180788,74.131996,2764800.03991127,72.895966,-0.06933299,-0.17101797,0.29103473,-0.96537817,0.2268794,0.24525529,0.5372623,-0.13217637,0.3334236,-0.12857121,0.06644331,0.1447248
24.46739112421217,35.10507235145331,77.031204,6998399.938201904,72.62469,-0.01681625,-0.012343114,0.029930348,-1.5166792,-0.2255451,0.40003178,-0.18010017,-0.3301838,-0.2339201,-0.27272823,-0.038592786,0.27544525
24.409420264318722,35.137681214861566,85.684586,11145599.860954285,72.81821,4.852477e-06,-7.1625095e-06,0.066018425,0.31021318,0.43511146,-0.0053036287,0.15093532,0.08945428,0.12668239,0.114180505,0.23393916,0.26031658
24.15217408195171,35.09782609021359,90.079155,6480000.084972382,72.29932,1.4178769e-08,-6.5677995e-08,0.47183633,-0.26727098,-0.11317238,0.26472458,0.26250187,-0.043937813,0.1725981,-0.1806175,-0.02418875,0.18223001
24.52536253285706,35.05797113185407,79.99595,5356800.128746033,71.7166,-0.0004179435,0.00029133918,0.38860616,-0.6699208,0.109195046,0.265259,-0.71454364,-0.40821484,0.1345732,-0.116380185,0.015557051,0.11741537
24.623188347494935,34.98550731008629,86.27349,172800.00249445438,70.90747,4.5342915e-08,8.142029e-08,0.22464788,0.8164185,0.44613755,0.40660885,0.036445715,0.19933526,0.023449851,0.12638184,0.07506743,0.14699486
24.423912946628306,35.13405791039468,84.735344,7084800.187969208,72.18771,7.8480625e-06,3.2930518e-06,0.31409216,-0.78913605,0.23977248,-0.04506337,-0.25029078,-0.34019947,0.24377143,-0.1558747,0.056934647,0.16594721
24.202898613755877,35.17753635462667,82.22561,17798399.897003174,72.859604,-0.00016419124,-0.00017701168,-0.36053005,0.249372,0.22617745,0.11907448,-0.13720998,0.28995204,0.25111353,0.12710881,0.07210955,0.14613841
24.3913043591697,35.05434799367564,86.750465,6566399.786281586,72.040955,3.344633e-07,8.993766e-07,-0.06458059,-1.6839195,-0.4197414,-0.24433264,-0.3858252,-0.32660314,-0.13619825,-0.10083354,-0.06891365,0.1221331
24.572463802625258,35.028985391507106,77.31845,5356800.128746033,72.11563,8.794687e-06,0.0019033416,0.20466036,-0.89624035,-0.6102739,0.34210086,-0.16728935,-0.42225963,0.18072432,-0.16706756,-0.1154529,0.20307864
24.268116089179838,35.07971042955572,81.07262,7948799.943351746,72.502426,5.3140946e-05,8.067784e-05,-0.17244133,-1.2091324,0.06845121,-0.150639,-0.34827888,-0.32749376,-0.12500286,-0.09384299,-0.033888772,0.099774525
24.40217392316393,35.07246365433351,77.73675,4406400.123596191,72.32953,0.0020434395,0.0068701813,0.123287946,-0.3658901,0.33883643,0.1883128,-0.20345938,-0.10312654,0.27929425,-0.1538362,0.05808559,0.16443697
24.52536253285706,35.05797113185407,79.99595,9763200.252342224,72.08252,-0.00026888037,-0.00016152377,0.32505217,-0.51076436,0.22929665,0.43010473,0.31261924,-0.05707857,0.32069394,-0.09599549,0.013973795,0.09700722
24.641304357168043,34.938405387540406,81.3883,5097599.927902222,71.91998,6.406509e-06,-4.0352676e-05,0.20494422,0.9313313,-0.044509348,-0.28756893,-0.0119672865,-0.072237074,-0.22231105,0.31626868,-0.03948585,0.31872404
24.242753659958876,34.931159481553294,83.59315,691200.0099778175,72.374146,2.9331204e-05,2.4295403e-05,0.11323706,-2.7790666e-06,-0.22366096,-0.020068951,0.071964845,-0.15000075,-0.093691684,0.022007734,-0.13637607,0.13814041
24.800724541980035,35.0326085145684,80.91604,7257600.139045715,72.64346,-0.00041836192,0.00037969687,0.17051545,1.3208988,0.041117348,-0.36214373,0.14711764,0.04858032,0.3483273,0.1646041,-0.029148087,0.16716495
24.068840433535758,35.17753635462667,82.62194,15206400.082397461,72.28196,6.712206e-05,1.3085616e-05,-0.1886403,0.42248788,0.15624554,-0.11290335,-0.12008644,0.16921239,0.016688839,0.07260765,0.039922953,0.0828596
24.47463793572534,35.15579704180788,74.131996,4492800.099134445,72.698006,-0.22178541,-0.10650441,0.06740939,-1.1634477,-0.24511184,0.31522036,0.49593067,-0.2245674,0.024464674,-0.09477925,0.03656456,0.10158776
24.264492787947336,35.06521739309379,75.914215,5529600.07982254,72.368454,-0.038205795,-0.035061266,0.15848276,1.7420911,1.028476,0.015548825,0.13701028,0.24987185,0.24051347,0.14942281,0.040440768,0.15479869
24.275362351941567,35.02173896397893,79.32639,10022400.453186035,72.67191,-0.0018215561,0.001013812,-0.11225062,-0.08975001,0.2825952,0.33287656,0.4600339,-0.2430616,-0.23406401,-0.070398934,0.080473945,0.10692084
24.442029139218562,35.043478080275,76.86345,10627199.459266663,73.08343,-0.024126021,-0.023304867,0.22074685,-0.30496716,0.2695713,0.095696636,0.45565218,-0.049040742,0.2401227,-0.03718809,0.01764337,0.04116118
24.365941903817713,35.11594190204278,77.940506,18057600.097846985,72.57159,-0.004374878,-0.0064687585,-0.037501357,-0.23118013,0.1394603,0.10163076,-0.08558684,0.17360044,-0.022979874,-0.052233435,0.092658,0.106366515
24.57246390714934,35.13405809180027,82.83649,6220799.884128571,71.80042,2.2519289e-05,3.270869e-05,0.12788886,-0.19994518,0.26531726,0.13612816,-0.41238627,-0.28329852,0.55512416,-0.038551558,0.041272916,0.05647722
24.358695745580064,35.14492749121842,79.46463,17971200.39653778,72.54581,0.001707982,-0.0010376826,-0.22458848,-0.5374624,0.4341834,0.48071885,-0.1278533,0.16302614,0.023636183,-0.15526956,0.084245175,0.17665188
24.514492864338745,35.152173737341,77.98083,14515200.27809143,72.22481,-0.0019922229,-0.004754193,0.2103408,-0.9111965,-0.17506143,0.11948964,0.01045749,-0.5121791,-0.20683202,-0.1828311,-0.0590719,0.19213718
24.471014503837736,35.137681214861566,84.09494,3974399.971675873,71.973076,-1.4210646e-05,9.099829e-06,0.15769559,-0.4971257,0.4974127,-0.013080537,-0.055563875,-0.09829398,0.61283785,-0.12971035,0.13646188,0.18827273
24.35507260113369,35.04710138474188,76.478294,14083199.577713013,72.71906,-0.028380422,-0.0133731505,0.17393902,0.6615181,0.40877467,-0.1612108,-0.05956486,-0.0500823,0.04284912,0.14641123,0.05879592,0.1577758
24.576087129988778,34.96376817111452,80.53768,8467199.796581268,71.61769,0.00020732019,0.00017613427,0.5391697,0.46529928,0.46882096,-0.028636537,0.019362062,0.15502526,-0.2540619,0.08153694,0.07783391,0.11272263
24.57608686867857,35.22463755910878,78.28966,12095999.866104126,71.85992,0.0021932016,-0.00101043,0.49053943,-0.7891321,-0.43104574,0.15611759,0.25499552,-0.15431672,-0.18891895,-0.17018487,-0.11009844,0.20269325
24.60144921950647,34.9456523441682,85.40489,6998399.938201904,71.42216,-2.079747e-06,2.0467953e-06,0.24648973,0.97040915,0.41207597,0.19241586,0.23470366,0.10057092,0.06165993,0.16517393,0.10056354,0.19337904
24.264492787947336,35.06521739309379,75.914215,1987199.9858379364,72.41803,-0.013126514,-0.026171394,0.29150584,0.500769,0.6046597,-0.033100262,0.031028133,-0.19629669,-0.022289447,0.07900782,0.08655552,0.117192544
24.576087129988778,34.96376817111452,80.53768,14947199.88155365,71.5476,0.00020542178,-0.00022102369,0.08342929,-1.2698629,0.61640656,0.23700821,-0.064329594,-0.064893514,-0.13696668,-0.18209606,0.086132854,0.20143943
24.068840433535758,35.050724689208764,75.1399,17539199.696159363,71.98555,0.053883888,-0.024206504,-0.15429682,0.7925358,0.104078814,-0.13614047,0.027625164,0.04023297,0.074981965,0.15298021,0.027434256,0.15542066
24.369565205050215,35.10507235145331,81.59638,8812800.247192383,72.26617,0.0001842711,8.351027e-05,-0.1058012,-1.329525,0.014559679,0.14108466,-0.4174389,-0.4268763,0.014364552,-0.1685768,0.017019123,0.16943374
24.619565229179578,35.18478278215484,82.255135,1296000.0444173813,72.13662,-8.9586865e-05,-7.596234e-05,-0.38884863,-0.19169639,0.5360582,-0.079232134,-0.12456072,-0.08319075,0.29770398,-0.0016819239,0.11077645,0.11078921
24.202898613755877,35.17753635462667,82.22561,12095999.866104126,72.60287,3.7540773e-05,-9.030258e-05,-0.16352484,0.972105,0.40853205,-0.01852686,-0.14039996,0.19950181,0.115026586,0.14181206,0.045241043,0.14885366
24.507246418659868,35.018115659512056,74.98295,11059200.15964508,73.30497,0.19783065,0.21238643,0.31024623,0.282505,-0.087005615,0.04482971,0.64093477,-0.10021777,-0.062390067,0.0900371,-0.065431714,0.11130134
24.15942034471344,35.02536261613985,84.04098,6307200.133895874,73.00217,1.20390905e-05,2.8613315e-06,-0.017706782,-1.4539104,-0.28278238,0.01914221,-0.01983352,-0.49049547,-0.09165083,-0.15328488,-0.061586067,0.16519412
24.822463669968496,35.11956556932083,79.471794,15897599.886703491,70.67768,0.00012083919,-1.7334372e-05,0.119718045,-0.83700144,0.29035923,0.31001985,-0.085746445,-0.25351924,-0.10218153,-0.19524436,0.06231658,0.20494808
24.235507135886934,35.09782643790763,86.62735,15379199.48501587,71.92286,-1.2561811e-06,1.0477554e-06,0.20580778,0.53319824,-0.36780965,0.20507707,0.5869073,0.35606617,0.6783156,0.12449723,-0.06806824,0.14189026
24.373188349496587,35.09782609021359,73.044136,9590399.752807617,73.044716,-0.9481713,-0.9836722,-0.14806166,1.049355,0.751986,0.23789626,0.0274076,-0.1831922,0.04800384,0.07456492,0.047912836,0.08863164
24.40217392316393,35.07246365433351,77.73675,13219200.370788574,72.85181,-0.011026507,0.0012401285,0.09118497,-0.10913129,0.29474303,-0.08555312,0.1892457,-0.14251922,0.17245767,-0.047003612,0.09132381,0.10271016
24.40579722439643,35.07608730649443,81.130585,12700799.969100952,72.43592,-0.00015794457,0.00021939444,-0.030982465,-0.6194935,0.23806228,0.46568912,0.38824287,-0.14615351,0.17348924,-0.11324343,0.021300659,0.1152293
24.340579657513896,35.072464168316,77.031204,15897599.886703491,72.4983,0.0149113815,-0.0014683001,0.2910716,0.08231875,0.1709966,-0.08730162,-0.2576288,0.028934129,-0.14635834,0.0802634,0.061850138,0.10132942
24.282608510179216,35.10869565592019,73.044136,518399.99034404755,73.33083,-0.7579513,-0.766994,0.11323179,-0.81451845,0.70524496,0.108433746,0.16304597,-0.24578775,-0.39968705,-0.10447775,0.075859495,0.12911338
24.626811465810288,35.05797113185407,83.9315,432000.01480579376,71.57288,-9.238175e-06,9.962108e-07,0.04931933,0.14252299,0.07394543,0.26702592,0.34827936,0.020969901,-0.13495776,0.10435874,0.06854275,0.12485534
24.43478251062254,35.050724689208764,81.254395,10799999.95880127,72.1869,7.346349e-05,-2.2734604e-05,0.10485296,-0.5775502,0.40035182,0.5208125,0.34893245,-0.13364841,0.12434346,-0.12687778,0.05807143,0.13953589
24.528985389862203,35.079710263267266,73.800804,16243199.788856506,73.75292,-0.9235407,0.9067266,0.31903467,0.5462723,-0.62836987,-0.2359721,0.1067935,-0.66418266,-0.043839976,0.20273712,-0.31031343,0.3706707
24.782608584568965,35.06521774078783,85.492004,12441599.768257141,71.95391,3.858858e-06,-3.819726e-06,-0.028853811,-0.48022255,0.38111752,-0.010219805,0.01056473,-0.083793476,0.06718458,-0.22958978,0.12517725,0.26149726
24.62318819070881,35.09782625650204,81.14894,10886399.660110474,71.90165,0.00019700202,-0.00012514307,0.064437,-0.92789745,-0.43026674,0.110379755,0.24883723,-0.071897015,0.2685255,-0.027242541,-0.06002739,0.06591998
24.72463775080654,35.097825908808005,83.506035,777599.9855160713,71.9089,1.3590861e-05,1.5081757e-05,-0.24323234,0.48066142,0.14340256,0.15846959,0.36767235,0.18426502,-0.40371153,0.16055125,0.036738798,0.16470107
24.24275355543479,35.275361916886446,83.709785,6480000.084972382,72.86828,4.5367255e-05,1.6419954e-05,0.3357975,1.7399576,1.4357796,0.010246918,0.058604706,0.3738412,0.179604,0.14367582,0.18942638,0.23775007
24.3913043591697,35.05434799367564,86.750465,17279999.49531555,72.38455,-1.7180301e-06,-1.3371587e-07,0.01827826,0.6971452,-0.16496272,0.13972199,0.4307283,0.5806453,0.46939078,0.19367838,-0.031039964,0.19614993
24.3985509616347,35.079710263267266,82.39983,15724800.484085083,72.419304,-9.321104e-05,3.2337815e-05,-0.14852527,-0.74698555,0.29532823,0.29295006,0.008217718,0.2427352,-0.114731885,-0.22159514,0.08625212,0.23778948
24.518115930392057,35.170290078269815,76.7112,14169600.375938416,72.545746,-0.020371819,-0.017065002,0.2751203,-0.75462794,-0.14573887,0.2656258,0.030194597,-0.5981438,-0.34262085,-0.19151306,-0.08243441,0.20850104
24.293478074173446,35.130434424522214,78.52256,12960000.169944763,72.982994,0.0014114623,0.005863834,0.043418176,-1.0463506,0.1300781,-0.033427365,-0.034411684,-0.21724394,-0.023238573,-0.1140276,0.010186851,0.114481725
24.16304339770124,35.14130418675153,77.183464,10368000.35533905,73.26662,-0.00087580684,-0.00948313,-0.113358445,0.25271672,0.8890068,-0.113974445,-0.80871207,-0.14189285,-0.019095711,0.013532799,0.09017806,0.09118782
24.351449221508126,35.36231895652174,77.53338,10368000.35533905,72.49819,-0.009549134,0.0015324039,0.21528804,-0.57765037,-0.5904974,0.2672139,0.36025935,-0.12935975,0.119494796,-0.08488002,-0.0674755,0.108432285
24.521739153231497,35.18115965909355,80.50853,259199.99517202377,72.0951,0.00037802182,0.00028357792,-0.047653496,-0.5390845,0.55129313,-0.11146652,-0.25407252,-0.26754898,0.05919142,-0.10302287,0.14296146,0.1762149
24.15942034471344,35.02536261613985,84.04098,6047999.933052063,73.004875,2.1931722e-07,3.3224703e-07,-0.007902436,-1.405514,-0.27581236,9.6440315e-05,-0.028555326,-0.47452956,-0.10375745,-0.15382034,-0.0659039,0.16734402
24.626811465810288,35.05797113185407,83.9315,13910400.175094604,72.158585,8.035357e-06,-9.234966e-06,-0.2413348,-0.71621156,0.23712252,0.12918809,0.27117786,-0.021481166,-0.07256889,-0.17874812,0.10210881,0.20585698
24.782608584568965,35.06521774078783,85.492004,15897599.886703491,71.6939,-2.9837763e-06,-8.4982025e-07,-0.18332675,-1.4699376,0.5151614,0.13296492,-0.061157532,-0.40343237,0.25190198,-0.20856035,0.03602667,0.21164909
24.33695651306752,35.26449269887389,75.24537,14687999.680709839,72.961044,-0.1166895,-0.12140085,0.15190622,-1.0854985,-0.2613247,0.29299942,-0.35175407,-0.41147345,-0.07894129,-0.1620592,-0.045059063,0.16820672
24.278985653174068,35.159420527680346,80.15937,4406400.123596191,72.59097,-0.00046217465,0.00014044966,0.16847602,-0.53025115,0.5112943,-0.28132725,-0.34059736,0.17536165,-0.07681335,-0.12334492,0.10368888,0.16113769
24.202898613755877,35.17753635462667,82.22561,8294399.845504761,72.847725,3.479441e-05,-0.00017782005,0.08190058,0.9341438,0.85492134,0.008908786,-0.21443442,-0.01974275,0.0016666707,0.08409105,0.10880217,0.13751079
24.365941903817713,35.11594190204278,77.940506,9244799.850654602,72.99401,0.008213084,0.0081511,-0.4069196,-0.21359417,0.18549046,0.062378913,-0.07705655,-0.18947998,-0.3798157,-0.11966804,0.055995107,0.13212074
24.72463775080654,35.097825908808005,83.506035,8553600.046348572,72.20956,-8.515972e-06,-2.8543327e-05,0.076198205,0.38544652,-0.14490074,-0.25703797,-0.33291987,-0.017846122,0.061769463,0.11878837,-0.07631542,0.14119036
24.507246418659868,35.018115659512056,74.98295,15638399.68585968,73.80165,0.22452374,-0.2931735,0.46911287,0.5346941,-0.35916448,-0.11080701,0.27395597,-0.56687665,0.013445895,0.14456314,-0.112398416,0.18311718
24.177536001617764,35.01449252133363,77.3516,17452799.99485016,72.37224,0.009680003,0.010163326,-0.02782891,-0.0513875,0.30803508,0.18075727,-0.46885493,-0.18685752,-0.2503504,-0.0042477115,0.14069133,0.14075543
24.55072462237475,35.07608730649443,88.70044,12441599.768257141,72.614365,3.0525214e-07,-2.9753753e-07,-0.21630603,1.0920355,0.5594241,0.0823672,-0.045640647,0.27485815,0.16566607,0.10652126,0.058417156,0.12148804
24.177536001617764,35.01449252133363,77.3516,2937599.9909877777,72.025955,-0.007290441,-0.004067952,0.5776715,0.63610697,-0.14244236,-0.38268882,0.50456554,-0.2922768,0.048040822,0.12389838,-0.042056628,0.13084176
24.409420264318722,35.097825908808005,75.01247,15983999.588012695,72.923805,0.13921446,0.14145333,0.2679133,0.42448887,-0.35234272,-0.083478905,-0.049737863,-0.2118045,-0.07654486,0.18142316,-0.11359134,0.21404989
24.782608584568965,35.06521774078783,85.492004,14342399.778556824,71.841354,4.991017e-08,1.9062006e-06,-0.118006565,-0.9963862,0.43397027,0.066981,-0.058786795,-0.23308295,0.16274804,-0.18353456,0.08031557,0.20033853
24.481884276880134,35.21376834109622,79.042,1382400.019955635,72.24025,0.0013226044,5.6142044e-06,0.032349758,-0.7458633,0.18204938,-0.0493998,-0.1921956,-0.28284678,-0.11314585,-0.1855214,0.036619037,0.18910088
24.579710091518006,35.06884069756067,84.24473,3974399.971675873,71.53093,4.237617e-06,-5.476164e-06,0.25451612,0.023344666,0.4662328,0.02517442,-0.25025055,0.007275488,0.3556316,0.048828393,0.19753423,0.20347969
24.471014503837736,35.137681214861566,84.09494,10886399.660110474,72.61706,-1.5431145e-06,-2.3197666e-05,0.12539107,-0.34462956,0.12960711,0.0017317384,0.06194978,-0.077660404,0.2672858,-0.06128995,0.014417969,0.06296297
24.351449221508126,35.36231895652174,77.53338,15120000.381088257,73.187546,0.010343786,0.012172491,0.32871914,0.16598186,0.22930118,0.61424017,0.3064355,-0.18862896,0.5668962,0.100335024,0.15950182,0.18843552
24.75362311542571,35.148550251468535,82.31272,16675200.489234924,71.052765,-2.6781825e-05,2.7028469e-05,0.13714549,-1.219932,0.5060987,0.31499323,-0.15483662,-0.37799433,-0.11187271,-0.13887376,0.09433361,0.16788314
24.507246627708035,35.15217355593542,72.15966,4665599.775981903,72.86692,0.43995076,0.44038686,0.220454,-1.1887449,-0.3071851,0.31182048,0.77813584,-0.2603935,0.22246319,-0.20970164,-0.032547474,0.21221244
24.619565229179578,35.18478278215484,82.255135,6307200.133895874,71.59055,-5.280439e-05,-3.5872727e-05,-0.12267221,-0.30021682,-0.12160261,0.08622567,-0.38707992,-0.20637368,0.16811481,-0.09193314,-0.058757704,0.109106235
24.53985505838052,35.14492730981283,78.72631,3715200.0450611115,71.71201,-0.001531753,0.00079377124,0.031048158,-0.55408776,-0.00179464,0.20148572,-0.41999093,-0.25904518,0.26567996,-0.1496504,0.051401753,0.15823205
24.409420342711783,35.02898555779556,73.23672,16588799.691009521,73.21087,0.9278871,-0.96222705,0.3814316,1.4730977,-0.42682093,-0.167393,0.3289215,-0.40136927,0.35274342,0.21708463,-0.063886225,0.22629005
24.2137679164399,35.101449394680465,78.1842,15724800.484085083,72.82431,0.0062080775,0.0059510022,0.3688629,-0.58976173,0.50464153,-0.030516632,-0.2275089,0.051751837,-0.037664838,-0.094195165,0.12944159,0.16008702
24.152173912100075,34.942029039701325,85.189964,1814400.0347614288,72.8684,-1.18283315e-05,1.0877161e-05,0.024081906,-0.33248502,-0.30892745,0.17896831,-0.18703848,-0.11540165,0.022251647,-0.14091791,-0.15457143,0.20916544
24.35507260113369,35.04710138474188,76.478294,7084800.187969208,72.781586,-0.0072262282,0.029536197,0.35657802,0.49968848,0.88972414,0.13098735,0.06463551,0.017470613,-0.26725468,0.096718825,0.17390896,0.19899462
24.373188532413735,34.85507217391305,83.68782,6566399.786281586,71.8401,-1.1125875e-05,4.2853048e-07,0.13739723,-1.2738122,-0.34568882,0.45283902,-0.19557586,-0.03949468,-0.59712803,-0.09881821,-0.015672166,0.100053266
24.275362351941567,35.02173896397893,79.32639,16156800.087547302,72.236626,-0.001462068,0.0011403577,0.042965304,-0.7179588,0.50513315,0.35586396,-0.439702,-0.28873262,-0.311684,-0.13639715,0.1431572,0.19773257
24.85869584610084,35.31159408476158,76.05999,3456000.11844635,71.294754,0.010660609,0.012095281,0.31296146,0.7344078,0.33747625,0.14551985,0.099342525,-0.52790767,0.5069909,0.16452551,0.07152526,0.1794004
24.268116089179838,35.07971042955572,81.07262,11491199.7631073,72.678566,0.00026252214,0.00018632652,-0.17330775,-0.83694506,0.1036977,0.19387853,-0.044282205,-0.21864177,0.12546837,-0.079149246,-0.013359591,0.08026881
24.800724541980035,35.0326085145684,80.91604,15120000.381088257,70.790855,-8.020189e-05,-1.6408632e-05,-0.25224754,-1.2022552,-0.025372285,-0.01578255,0.030680766,-0.06024523,-0.16096583,-0.13879278,-0.03075856,0.14216022
24.782608845879178,35.07246365433351,80.82854,8208000.144195557,72.44714,0.00043401585,0.00013398928,0.15368584,1.0431222,-0.13595185,-0.26707736,0.05492124,0.16764285,0.44491342,0.22875574,-0.07489537,0.24070418
24.003623304347823,35.192029209683014,80.788605,7171199.889278412,72.539505,0.00043223103,1.7015298e-05,0.17395514,2.2304842,1.5440599,-0.07708468,0.060584366,0.21854985,0.39151272,0.19258319,0.14858806,0.24324206
24.528985389862203,35.079710263267266,73.800804,8812800.247192383,73.050354,0.067475915,-0.252907,0.04251976,-1.4440998,-0.78181666,0.016300313,-0.09684352,-0.049879853,-0.18975961,-0.10067554,-0.07955517,0.12831442
24.3985509616347,35.079710263267266,82.39983,3628800.0695228577,72.147415,1.9055464e-05,3.3576853e-05,0.0827337,-0.76165175,0.4213467,-0.26937276,-0.48796567,-0.3215343,0.22550786,-0.22710341,0.08234584,0.24157152
24.373188532413735,34.85507217391305,83.68782,13391999.773406982,72.57521,1.1699634e-05,-3.6002584e-05,-0.31206998,-0.726246,-0.10562703,0.2848559,0.12567273,0.040309317,0.55883735,-0.16466287,-0.020846289,0.1659772
24.518115930392057,35.170290078269815,76.7112,13478399.474716187,72.60267,-0.022303745,-0.021448497,0.25482002,-0.75345826,-0.22062509,0.2386427,0.056062266,-0.5528815,-0.33489564,-0.20338123,-0.09729026,0.22545359
24.586956589458925,35.03623181903528,81.050644,14515200.27809143,71.66737,-2.4223953e-05,-0.00017432983,-0.15042588,-1.491912,0.2615905,0.22707841,0.118844576,-0.15207809,-0.17011034,-0.115749866,0.032075748,0.12011197
24.40217392316393,35.07246365433351,77.73675,2678400.0643730164,72.2768,-0.0043377886,0.006230263,0.06257552,-0.50865823,-0.042339284,0.038490795,-0.249984,-0.055256598,0.32770377,-0.19602153,0.03048634,0.19837806
24.409420264318722,35.137681214861566,85.684586,2246400.0495672226,71.709694,4.5516816e-07,-6.503527e-07,0.244867,-0.527485,0.36598602,-0.19535872,-0.3703596,-0.023597578,0.6334861,-0.14450358,0.109619424,0.18137725
24.409420264318722,35.097825908808005,75.01247,7862400.2420425415,73.15898,-0.026026694,0.14345555,0.06768812,-0.7049234,0.31675684,0.099135555,-0.2218354,-0.1256719,-0.40705743,-0.14251721,0.077755705,0.1623487
24.55072462237475,35.07608730649443,88.70044,13910400.175094604,72.60888,7.328865e-08,-3.5961799e-07,-0.21598613,1.1350543,0.3741749,0.058446363,0.04113734,0.31239602,0.42470348,0.20124611,0.07960492,0.21641843
24.677536062942007,35.07971042955572,84.775665,16675200.489234924,71.86093,-6.8428217e-06,-5.0914937e-06,-0.15373999,-1.3073007,0.59335566,0.09767476,0.08214847,-0.0968831,0.067370504,-0.22670403,0.09422505,0.24550577
24.06159400092239,35.235507653915,77.223785,3023999.9665260315,72.83746,0.015941668,0.0010416787,0.1464502,1.0207471,0.8753173,-0.14904407,-0.113377415,0.012743484,-0.7640886,0.18747647,0.15785255,0.24508132
24.15217408195171,35.09782609021359,90.079155,3974399.971675873,71.56753,-3.7491553e-08,-7.4105984e-09,0.19272596,-0.16457444,-0.114330634,0.5797621,0.19014558,-0.1097256,0.0047681257,-0.201829,-0.071559176,0.21413936
24.782608845879178,35.07246365433351,80.82854,5011200.226593018,72.580956,0.00031092178,-0.0005024413,0.16392273,1.2410201,-0.03840926,0.049928844,0.016043805,0.23864388,0.38520864,0.3172575,-0.13727285,0.34568214
24.423912946628306,35.16304383214723,83.815254,10799999.95880127,72.610275,-3.2841424e-05,3.2020722e-05,0.16024488,-0.22262056,0.11529954,0.24056965,0.108821176,-0.06664462,0.29931086,-0.13820456,0.02398038,0.14026959
24.423912946628306,35.16304383214723,83.815254,11836799.665260315,72.698166,-3.559402e-05,3.3325414e-05,0.1130866,-0.13582963,-0.016503792,0.085382,0.17157784,0.0561241,0.33993307,-0.108862326,-0.01519914,0.109918244
24.202898613755877,35.17753635462667,82.22561,2592000.0888347626,72.92564,-0.00016050274,-0.00017095216,0.12349629,0.33976012,0.5268733,-0.20830876,-0.12744826,-0.08172142,0.0303152,0.07849963,0.108517766,0.13393393
24.55434784521419,35.039855304907746,78.730316,14342399.778556824,71.922485,-0.0015893676,0.00012782065,0.1360097,-1.3738829,0.07367692,0.14341015,0.14296359,-0.36774868,-0.11157385,-0.1491853,0.008828893,0.14944632
24.32608705359737,35.05434782738719,80.59564,16588799.691009521,72.29168,-0.00037761935,0.00036341703,-0.076946326,-0.72061574,0.5212127,0.3439741,-0.3177694,-0.09208352,-0.32906312,-0.13641521,0.15224983,0.20442387
24.271739312019278,35.0833337340226,74.97577,16243199.788856506,72.43714,0.09350668,-0.016759396,0.39174792,0.47522286,-0.11690804,-0.11123163,-0.097697966,0.19197434,0.056298643,0.13312344,-0.03381708,0.13735154
24.53985505838052,35.14492730981283,78.72631,18316800.298690796,71.914055,0.0013256007,0.0016506684,0.22287562,-1.7295692,0.5055179,0.46539527,-0.07355607,-0.4201198,-0.28183126,-0.2906399,0.036761843,0.2929556
24.409420264318722,35.097825908808005,75.01247,1900800.0102996826,72.65783,0.11322244,0.104641065,0.3054287,-0.18570551,0.43473062,0.21530291,0.15855917,-0.028707473,0.2925144,-0.09226935,0.13341223,0.16221115
24.351449221508126,35.36231895652174,77.53338,17539199.696159363,73.052315,0.009306657,0.013079955,0.24999377,0.5184094,0.2509935,0.5103245,-0.046455316,-0.21020634,0.7171567,0.21972245,0.13854362,0.2597543
24.619565229179578,35.18478278215484,82.255135,16243199.788856506,71.62867,-1.43669395e-05,1.8852737e-05,0.09852825,-1.5936196,0.1737313,0.40517882,-0.18322694,-0.39111716,-0.36415252,-0.20275587,0.041237116,0.20690684
24.409420342711783,35.02898555779556,73.23672,8380800.095272064,73.248764,0.7660196,0.9887947,-0.045434505,0.68056357,0.32066762,-0.045153685,-0.12574404,0.18860087,-0.2440432,0.08633949,0.02821413,0.09083251
24.800724541980035,35.0326085145684,80.91604,7430400.090122223,72.637405,-0.000436132,0.0004684067,0.15638061,1.2928319,0.038202398,-0.38268265,0.15055366,0.05277942,0.3452736,0.1606701,-0.03502862,0.16444418
24.55434784521419,35.039855304907746,78.730316,14515200.27809143,71.90074,-0.0013540639,-0.00025509344,0.13737667,-1.39654,0.07076967,0.14745677,0.12369765,-0.39164472,-0.13291389,-0.15724672,0.010005385,0.15756471
24.423912946628306,35.13405791039468,84.735344,4579200.074672699,72.01798,-7.3427364e-06,-4.9557857e-06,0.26746964,-0.71498823,0.2452383,-0.13994527,-0.13872668,-0.24052164,0.55201954,-0.20326132,0.08893661,0.22186682
24.40579730278949,34.98550712868071,82.545616,5615999.781131744,71.791306,-4.9523253e-05,7.314132e-06,0.21335822,-1.3398708,0.010320708,-0.19498262,-0.6913834,-0.26724827,-0.6658021,-0.17661881,-0.010999598,0.176961
24.655797039477626,35.09782643790763,82.953125,4492800.099134445,71.859436,-3.6360572e-05,-1.3642121e-05,0.10950096,0.72830737,0.24668993,0.057466656,-0.18650734,0.069075935,0.4944563,0.21200588,-0.006994456,0.21212123
24.481884276880134,35.21376834109622,79.042,12355200.066947937,72.03018,0.0010571767,0.00065809157,0.27823707,-1.2317696,-0.59166664,0.33903915,0.13567358,-0.28439927,0.06650962,-0.18405518,-0.093894936,0.2066218
24.409420342711783,35.02898555779556,73.23672,4233599.898290634,73.19374,-0.91493714,-0.94652694,-0.029388659,0.5507468,0.036853142,-0.113553725,-0.03456582,0.09926288,0.21805763,0.14906012,0.012698367,0.14960003
24.49275373635028,34.95652190987481,78.13308,12614400.267791748,72.318695,0.0037684229,-0.0043926854,0.58015656,-0.8449335,0.34349796,0.23562622,0.30722052,0.0061604977,-0.25838092,-0.23208515,0.09990303,0.25267398
24.46739112421217,35.10507235145331,77.031204,3628800.0695228577,72.16296,-0.010750962,0.011285154,0.14206979,-0.8172766,-0.048729796,0.31414255,-0.23841912,-0.24799395,0.34003046,-0.18287235,-0.010013908,0.18314633
24.507246627708035,35.15217355593542,72.15966,2159999.936914444,73.004,0.42381087,0.42220426,0.49021602,-0.922035,0.22085376,0.2822846,1.1693449,-0.12516162,0.37970337,-0.25357863,0.07734327,0.2651115
24.525362323808892,35.01449270273921,80.76379,259199.99517202377,72.37886,-0.00021465773,4.855767e-06,-0.3007837,-0.098159686,-0.50575364,0.03640194,0.48502988,-0.1581859,0.029155279,-0.006560266,-0.17453758,0.17466083
24.677536062942007,35.07971042955572,84.775665,15379199.48501587,72.05894,6.728328e-06,1.4477556e-06,-0.2522466,-1.0237523,0.42382175,0.010390833,0.11191687,-0.10348926,0.0085144695,-0.19857302,0.08688927,0.21675098
24.623188347494935,34.98550731008629,86.27349,9935999.654960632,71.86641,-9.597017e-07,1.4585985e-06,0.02896283,0.26033324,0.571831,-0.5503063,-0.33447343,0.34395912,-0.3656549,0.027216505,0.16294663,0.16520394
24.731884091961334,34.88405773852335,82.62194,3542400.093984604,72.25161,6.2438645e-05,-4.8544593e-06,-0.0778613,0.48705354,0.2158844,-0.06588013,-0.058470868,0.071766324,-0.3153774,0.105964676,0.06959891,0.12677744
24.47463793572534,35.15579704180788,74.131996,6047999.933052063,72.749306,0.20842862,-0.106839925,-0.023009807,-1.5123912,-0.5845583,0.26645604,0.2551778,-0.24921066,-0.30071843,-0.13061045,-0.010226209,0.13101017
24.528985389862203,35.079710263267266,73.800804,6393599.835205078,72.803505,0.39488137,0.3871241,0.28720075,-1.5558268,-0.48503834,0.4475139,-0.08273328,-0.22668293,-0.0061337054,-0.1226712,-0.08969321,0.15196413
24.268116089179838,35.07971042955572,81.07262,172800.00249445438,72.61752,-0.0002951451,0.00013366061,-0.006551344,-0.8493546,0.34585413,0.040453177,-0.31631494,-0.05109425,0.3635417,-0.19888318,0.09425926,0.22008936
24.40217392316393,35.07246365433351,77.73675,2851200.015449524,72.27259,-0.0030519883,0.004995508,0.06579347,-0.49981138,-0.0057379045,0.051078357,-0.25862417,-0.059092425,0.33228981,-0.19307241,0.03909062,0.19698992
24.33695651306752,35.26449269887389,75.24537,12787199.670410156,72.7082,-0.09657189,-0.056231093,0.0044042543,-1.3061048,-0.5022756,0.24746653,-0.3197827,-0.46197647,-0.32989132,-0.20150857,-0.057266664,0.20948789
24.586956589458925,35.03623181903528,81.050644,8553600.046348572,71.95905,-2.1947493e-05,-0.00018304729,0.42664889,0.4343095,0.23208816,-0.14937535,-0.08122332,0.21974292,0.30822334,0.12146114,0.025165625,0.12404079
24.85869584610084,35.31159408476158,76.05999,11750399.96395111,72.96523,0.057319216,-0.00992195,-0.120258324,-0.52028704,-0.37433147,-0.0025324002,0.5416519,0.22263584,0.13925509,-0.10929559,-0.10807143,0.15370414
24.32608705359737,35.05434782738719,80.59564,7948799.943351746,72.40166,-0.00048619314,-2.7243985e-05,-0.14997914,-0.81334686,0.23001325,0.123484895,-0.036891475,-0.34656337,-0.34747103,-0.19878928,0.025800604,0.2004566
24.068840433535758,35.17753635462667,82.62194,17020800.39138794,72.59327,9.740914e-05,9.1854e-05,-0.03419423,-0.020566463,0.2508079,-0.11721245,-0.30315772,0.14538842,-0.0088232905,-0.0023381412,0.14933737,0.14935566
24.518115930392057,35.170290078269815,76.7112,8380800.095272064,72.36702,0.007858516,0.011435364,-0.14597943,-1.5676383,-1.0570124,0.007204987,0.11497775,-0.22312336,-0.6650572,-0.24469012,-0.11674726,0.27111468
24.677536062942007,35.07971042955572,84.775665,2332799.8879909515,71.981804,-2.5115542e-06,-2.531302e-06,0.08134195,0.32003582,0.4272891,0.24551162,0.10537252,0.14446096,-0.07068912,0.13076738,0.10238987,0.1660837
24.32608705359737,35.05434782738719,80.59564,12268800.365638733,72.580475,0.00058013806,0.00038202878,-0.073348165,-0.5985342,0.32638568,0.43991184,0.3246503,-0.14964166,0.09010029,-0.09412752,0.04634966,0.10492036
24.409420342711783,35.02898555779556,73.23672,14169600.375938416,73.34131,0.7519306,0.3994547,0.19510815,1.3809612,-0.16505052,-0.22417104,0.089985825,-0.52825165,0.08738453,0.32897934,-0.038339697,0.3312059
24.409420264318722,35.137681214861566,85.684586,14687999.680709839,72.55421,5.6165895e-06,5.019138e-06,-0.0072410665,0.5020437,0.0009356253,0.109450184,0.303579,0.27297777,0.36876902,0.29179695,0.03666766,0.2940918
24.677536062942007,35.07971042955572,84.775665,6912000.2368927,72.05279,-6.1308638e-06,6.0446814e-06,0.12535767,0.76342285,0.37451723,-0.23745987,-0.12966958,0.224275,0.3049041,0.25228846,0.1319922,0.2847304
24.49275373635028,34.95652190987481,78.13308,10108800.15449524,72.52045,0.0032233004,0.0017859548,0.6229412,-0.79000926,0.25111598,0.1659876,0.3651214,0.073244445,-0.40323794,-0.25685763,0.07328953,0.26710898
24.16304339770124,35.14130418675153,77.183464,604799.9658823013,73.31633,0.016183717,0.005481602,0.14146365,0.089165956,0.85936755,-0.4387495,0.4010117,0.35247588,-0.27593595,0.05010383,0.1966888,0.20297015
24.728260869121893,35.15579704180788,79.23173,4924799.976825714,71.971275,-0.0011188055,6.790624e-05,0.23388758,0.53718317,-0.004173722,0.2002531,0.008786112,0.3072204,0.14665952,0.27757218,-0.035748452,0.27986473
24.47463793572534,35.15579704180788,74.131996,10972800.458335876,73.19039,-0.39990288,0.37463802,0.10743737,-1.3332995,-0.4550078,0.14932323,0.022350734,-0.6713811,-0.70973754,-0.14240588,-0.056812122,0.1533201
24.57608686867857,35.22463755910878,78.28966,15465600.283241272,71.8284,0.0024214329,0.00039522146,0.43271798,-1.2835504,0.2858701,0.41490933,-0.118003584,-0.48819342,-0.086921,-0.2003452,0.005975228,0.20043428
24.47463793572534,35.15579704180788,74.131996,17193599.794006348,73.0947,0.38447997,0.34683415,0.039010327,0.32236987,-0.40914884,0.12042938,0.114692755,-0.37720528,-0.13955796,0.1349629,-0.15298948,0.20401166
24.15942034471344,35.02536261613985,84.04098,5529600.07982254,72.9886,-1.7368267e-05,-1.6613078e-05,-0.00060360506,-1.275615,-0.25532198,-0.042275794,-0.056002364,-0.44252113,-0.12971371,-0.16417289,-0.069649786,0.17833629
24.373188532413735,34.85507217391305,83.68782,10713600.257492065,72.34674,-6.814477e-06,2.8734996e-05,-0.34749132,-1.0318263,-0.55820173,0.42947036,-0.04020922,0.1253895,-0.0014028847,-0.24181135,-0.09034909,0.2581389
24.35507260113369,35.04710138474188,76.478294,1900800.0102996826,72.51417,0.019479342,0.019577459,0.07526159,0.16824687,-0.12116307,-0.09125038,-0.07203453,-0.02526227,0.09804383,0.08329615,-0.023708727,0.08660457
24.06159400092239,35.235507653915,77.223785,12009600.164794922,73.79825,0.04046521,0.040224884,0.046022072,1.0331057,0.6190276,0.23042789,-0.5295705,-0.17481957,0.51766557,0.16179498,0.13032804,0.20775712
24.572463802625258,35.028985391507106,77.31845,11231999.562263489,72.57795,-0.0024534918,0.011869836,0.2255724,-0.6762706,-0.042950433,0.13201183,0.40039322,0.03870544,0.26052192,-0.07191022,-0.029483555,0.07771975
24.242753659958876,34.931159481553294,83.59315,10108800.15449524,72.6108,-2.8587683e-05,1.8830004e-05,-0.49306965,-1.3137887,-0.63065785,0.36910826,0.00050900504,-0.31524342,-0.027875569,-0.19745101,-0.10783343,0.22497767
24.068840433535758,35.17753635462667,82.62194,8467199.796581268,72.34421,-4.9734874e-05,7.371035e-05,0.07388986,1.9107105,1.0069408,0.04245942,0.17435789,0.09075525,0.2348856,0.18290845,0.09171538,0.20461479
24.43478277193275,35.06521686399416,78.38795,2159999.936914444,72.10535,0.00025522342,-0.0027129701,-0.071033575,-0.47899863,-0.28114545,-0.049270846,-0.20626235,-0.06623973,0.29116696,-0.137722,-0.07194022,0.15537935
24.57246390714934,35.13405809180027,82.83649,11059200.15964508,72.19484,-5.5279415e-05,-3.457326e-05,0.18663415,-1.1265699,-0.47435522,0.1977453,0.20860475,-0.27780116,0.33923224,-0.07450635,-0.092233784,0.11856756
24.351449221508126,35.36231895652174,77.53338,5788799.732208252,72.18763,0.0040602395,0.0041077523,0.076853305,-1.626256,-1.6637266,0.11948268,0.23761094,-0.19701755,-0.5278748,-0.1352368,-0.10804607,0.17309809
24.471014503837736,35.137681214861566,84.09494,8726399.99742508,72.18908,-9.795876e-06,1.3220932e-05,0.26385376,-0.6145495,0.35074925,0.09127864,-0.1948128,-0.31257418,0.29117137,-0.07707,0.03283593,0.083773404
24.068840433535758,35.17753635462667,82.62194,16675200.489234924,72.54065,7.247048e-05,9.059251e-05,-0.058453336,0.03319134,0.22826038,-0.13375509,-0.26735422,0.15340504,-0.022471707,0.01267115,0.12407413,0.12471948
24.40217392316393,35.07246365433351,77.73675,1814400.0347614288,72.31734,-0.0040800204,-0.0024836464,0.06282366,-0.51020616,-0.19310735,-0.017250799,-0.16708043,-0.035433684,0.28851804,-0.18802862,-0.015880547,0.18869805
24.62318819070881,35.09782625650204,81.14894,4060799.9472141266,71.823784,-0.0001599562,0.00010590411,0.18752751,0.3704311,-0.0007493682,0.37342548,-0.21965766,-0.05585722,0.39063874,0.2016908,-0.011388272,0.20201205
24.52536253285706,35.05797113185407,79.99595,1987199.9858379364,71.84502,0.000488877,-6.284384e-05,-0.13999969,-0.15062952,-0.35557535,-0.007287644,-0.013896257,-0.11436828,0.17484072,-0.05792275,-0.16367105,0.17361814
24.62318819070881,35.09782625650204,81.14894,14601599.979400635,71.54863,-4.6227757e-05,-0.00012279347,-0.14316842,-1.6058551,-0.0967212,0.20729205,0.13074541,-0.2668026,-0.23561928,-0.11522254,-0.035242125,0.12049167
24.351449221508126,35.36231895652174,77.53338,1728000.059223175,72.07733,-0.0062202327,0.006501545,-0.41551477,-0.4216334,-0.8186706,0.031754587,0.34380233,0.055378214,-0.95549154,-0.104307204,-0.15944274,0.19053078
24.442029139218562,35.043478080275,76.86345,12787199.670410156,73.01498,-0.014332932,0.025790168,0.26472327,0.06396128,0.2815892,0.029416177,0.40574718,-0.1663177,0.18835038,0.014652982,0.038006417,0.040733248
24.373188349496587,35.09782609021359,73.044136,10108800.15449524,72.99024,-0.9491077,-0.945244,-0.1845567,1.0267658,0.71740603,0.22094068,0.0311194,-0.29944295,0.03260665,0.08629206,0.056255735,0.10300984
24.655797039477626,35.09782643790763,82.953125,9244799.850654602,72.05144,-1.9951483e-05,-1.1904339e-05,0.18317446,-0.05206318,-0.16463056,-0.19518197,-0.16697136,0.006804697,0.3710561,-0.004790224,-0.07927966,0.07942425
24.171296292717127,35.10648163098043,78.049835,86400.00124722719,73.423325,0.012613552,0.0036112403,0.12955546,-0.031007886,0.6951693,-0.35086358,0.3628395,0.27520928,-0.0663336,0.040082183,0.19177634,0.19592024
24.641304357168043,34.938405387540406,81.3883,13478399.474716187,71.326004,-1.1463887e-05,2.3897956e-05,0.17982727,-0.40790814,0.8158447,0.21927524,-0.20670623,0.07240437,-0.014892567,-0.046143822,0.06302228,0.07810928
24.33695651306752,35.26449269887389,75.24537,13391999.773406982,72.771385,-0.08448775,-0.09929234,0.05188613,-1.2155982,-0.41305143,0.26441228,-0.33344427,-0.46278098,-0.25036305,-0.2057778,-0.052262153,0.2123107
24.52536253285706,35.05797113185407,79.99595,13996799.876403809,71.97759,0.0006013649,0.00039401892,0.0009648949,-1.1811783,0.13405235,0.18062766,0.28460348,-0.2805508,-0.110569336,-0.15980175,0.010146603,0.16012356
24.3913043591697,35.05434799367564,86.750465,3196799.917602539,71.75253,-1.0042481e-06,-6.626041e-07,-0.052547455,-1.9810163,-0.519009,0.08097381,-0.5958139,-0.44740653,0.018094908,-0.08657203,-0.03247709,0.09246338
24.731884091961334,34.88405773852335,82.62194,15638399.68585968,71.52457,-3.232438e-05,1.8180392e-05,0.08346827,0.37350297,-0.13775152,0.106131,-0.04541167,0.05939997,0.11378015,0.1484394,-0.05824083,0.15945612
24.623188347494935,34.98550731008629,86.27349,9331199.551963806,71.803024,-1.3315308e-07,1.6260514e-06,0.057153333,0.33766156,0.6145162,-0.44434673,-0.33855066,0.29006532,-0.3958184,0.030373305,0.14668773,0.14979929
24.43478277193275,35.06521686399416,78.38795,1987199.9858379364,72.12511,-0.00049464946,-0.0028406098,-0.0789899,-0.45431477,-0.30911472,-0.06547285,-0.17470458,-0.0553,0.27719736,-0.134096,-0.079642765,0.1559638
24.619565229179578,35.18478278215484,82.255135,17625600.494384766,71.60592,-2.945191e-05,2.3392804e-05,0.121350884,-1.5865626,0.63219786,0.48414314,-0.38986394,-0.25899312,-0.36644346,-0.25652587,0.09741703,0.27440044
24.286231733018653,35.16304365074164,82.86601,16156800.087547302,72.84064,-3.788632e-05,-9.16185e-05,-0.2569679,0.1173957,-0.07729362,0.048746448,0.059574462,0.5098361,0.13886613,0.07167293,-0.03130105,0.07820975
24.62318819070881,35.09782625650204,81.14894,13132799.572563171,71.64605,-0.00013684666,-0.00015541453,-0.12535867,-1.2728416,-0.30242822,0.16959244,0.28825647,-0.21314791,-0.04636538,-0.12441584,-0.04603079,0.13265796
24.46739112421217,35.10507235145331,77.031204,12009600.164794922,72.94889,-0.020633897,0.020259334,0.048915386,-0.5366227,-0.09329736,-0.014892548,0.17462462,-0.21183011,0.04100174,-0.16196838,-0.034514412,0.16560496
24.242753659958876,34.931159481553294,83.59315,18230399.500465393,71.91961,-5.2736737e-06,5.7612483e-06,-0.03026092,-0.67486274,0.34817237,0.31831732,-0.1267592,0.0029317737,0.35833097,-0.11456552,0.06925798,0.13387279
24.282608510179216,35.10869565592019,73.044136,5097599.927902222,72.93514,-0.897936,0.20356181,0.08428976,0.9145677,0.7938625,0.0054115206,0.14335613,0.3064538,0.2507194,0.15530235,0.13218054,0.20393752
24.33695651306752,35.26449269887389,75.24537,12700799.969100952,72.70032,-0.09597601,-0.04002685,-0.0016654022,-1.3212993,-0.515862,0.24439952,-0.3181366,-0.46064746,-0.34112892,-0.19984241,-0.058455423,0.2082163
24.521739153231497,35.18115965909355,80.50853,86400.00124722719,72.07701,0.00041148558,0.0003275828,-0.042659506,-0.57384396,0.53364927,-0.12603655,-0.2392416,-0.28183943,0.046221066,-0.10016947,0.12509546,0.16025853
24.75362311542571,35.148550251468535,82.31272,1123200.0247836113,72.16383,-3.324686e-05,-3.749446e-05,-0.5584684,0.509794,0.3222234,0.021981299,0.28710333,0.1973832,-0.009877972,0.094238445,0.11428238,0.14812611
24.442029139218562,35.043478080275,76.86345,3974399.971675873,72.43362,-0.0167471,0.0029859594,0.05689437,-0.15952009,-0.23348598,0.034344655,-0.117310695,-0.0298235,0.23307303,-0.06728615,-0.13067044,0.14697684
24.17028990870767,35.119565206509655,75.23819,3023999.9665260315,72.25449,0.06410533,-0.061337497,0.18825749,0.68803406,0.9271331,-0.19864851,0.04179441,0.130749,-0.17070764,0.12875168,0.14454447,0.19357194
24.55072462237475,35.07608730649443,88.70044,16502399.989700317,73.03257,-5.1768603e-07,-5.427852e-07,-0.15735197,1.2841744,0.06340982,-0.11964973,-0.03835976,0.545661,0.46876296,0.16914332,0.015920833,0.16989096
24.43478277193275,35.06521686399416,78.38795,3110399.9420642853,72.046936,-0.00066731934,-0.0027383391,-0.005196426,-0.5717752,-0.09412947,0.051556036,-0.33180505,-0.12763047,0.34464929,-0.13765016,-0.024325117,0.13978298
24.2137679164399,35.101449394680465,78.1842,1900800.0102996826,72.89712,0.0036216439,-0.0071954047,0.23116979,0.083578855,0.80305845,-0.4397084,0.13368529,0.22677892,-0.031984583,0.024098651,0.22173572,0.22304142
24.202898613755877,35.17753635462667,82.22561,9244799.850654602,72.89488,0.0001770455,-3.952777e-05,-0.044085607,0.9110886,0.792148,0.011456221,-0.27278388,0.019219384,0.012116512,0.120063886,0.12642689,0.17435336
24.40579722439643,35.07608730649443,81.130585,10886399.660110474,72.33183,0.00028145022,0.00021073119,0.02819184,-0.57941407,0.3015757,0.49740547,0.31348553,-0.1762888,0.28209928,-0.1596393,0.03083387,0.16258977
24.3985509616347,35.079710263267266,82.39983,5702400.030899048,71.90719,-2.8747087e-05,-5.312506e-05,0.1110744,-1.4682858,0.0994252,-0.38712516,-0.7800225,-0.4835033,-0.019671977,-0.19128792,-0.008878604,0.19149385
24.782608584568965,35.06521774078783,85.492004,9935999.654960632,72.03905,-1.9654063e-08,3.6147794e-06,0.014686294,-0.16291341,0.16410197,-0.24922764,-0.3396469,-0.105119035,-0.29113397,-0.060634077,0.06708889,0.09042903
24.16304339770124,35.14130418675153,77.183464,1123200.0247836113,73.16262,-0.016455052,-0.0035251994,0.16549146,0.24355921,0.91465586,-0.47482514,0.37200066,0.3341742,-0.27336383,0.08392094,0.2049633,0.22147839
24.608695560661264,35.210145036629335,80.071884,16329599.49016571,71.482124,0.00036735163,0.0003610858,0.25205678,-1.5406432,0.4032028,0.45709977,-0.27300873,-0.42942068,-0.32414308,-0.19231395,0.014953911,0.19289446
24.731883987437246,34.999999998854186,80.17734,18403200.0,70.72535,4.263178e-05,5.5016317e-05,0.13025618,-0.40274122,-0.38852113,0.097432025,0.6007718,-0.04318104,-0.3978615,-0.13438308,-0.04718779,0.14242718
24.268116089179838,35.07971042955572,81.07262,13824000.4737854,72.6843,-0.00013461168,0.00035809536,0.0452725,-0.8173702,0.2607729,0.30996534,-0.05527032,-0.0064816475,0.09565081,-0.099564664,0.03705205,0.106235474
24.278985653174068,35.159420527680346,80.15937,16761600.190544128,72.946724,-0.0007083777,-0.00087080256,-0.09131987,-0.56034935,0.4453199,0.57351744,-0.23545226,0.12317102,0.2878988,-0.14017594,0.13250777,0.19289273
24.152173912100075,34.942029039701325,85.189964,11664000.262641907,72.6354,9.495108e-06,7.895492e-06,-0.21246505,-0.7429799,-0.4057714,0.1874092,0.15678203,-0.29957196,0.44277287,-0.11117075,-0.061362773,0.12698159
24.373188349496587,35.09782609021359,73.044136,13564800.27294159,72.90131,-0.8634059,-0.87621605,0.047799006,0.7025293,0.123249054,-0.16412166,-0.08562303,-0.59795666,0.032100145,0.19784288,0.022820547,0.19915466
24.235507135886934,35.09782643790763,86.62735,3369599.8686790466,71.88939,3.198248e-07,1.2065896e-06,-0.10658217,-0.6620579,-0.26632705,0.016503237,-0.51599777,-0.33136213,-0.010570105,-0.17038627,-0.055215575,0.17910957
24.507246627708035,35.15217355593542,72.15966,0.0,73.37862,-0.23255467,-0.27135816,0.8865681,-0.87920177,0.42149863,0.11137888,0.88680464,0.0014446452,0.2857082,-0.06221293,0.029688895,0.068933874
24.655797039477626,35.09782643790763,82.953125,2332799.8879909515,71.79549,-4.437698e-06,-4.1353537e-06,-0.009288188,0.28852928,0.10744393,0.14479044,0.037524305,0.0494043,0.06432786,0.14513123,0.024324298,0.14715551
24.507246418659868,35.018115659512056,74.98295,3456000.11844635,72.88099,0.13906135,0.14435267,0.023976792,-0.4630193,-0.59304154,0.24082598,-0.06362131,-0.2664255,0.35243967,-0.13033853,-0.1574487,0.20439723
24.32608705359737,35.05434782738719,80.59564,5270399.878978729,72.18451,0.00037800494,0.00042688215,0.047948718,-0.94677734,0.20190467,-0.3003727,-0.26588222,-0.2444429,-0.02736203,-0.15850022,-0.0022534486,0.15851624
24.242753659958876,34.931159481553294,83.59315,9071999.899578094,72.44522,2.5046756e-07,-2.5466425e-05,-0.42850327,-1.6044136,-0.57269835,0.4056442,-0.12229476,-0.38701543,-0.18791997,-0.2691075,-0.11494021,0.2926262
24.293478074173446,35.130434424522214,78.52256,950400.0051498413,73.10085,0.0050939354,-0.0009414852,0.15659517,-1.0984195,0.60101974,-0.19598922,-0.100007184,0.12520969,0.04365435,-0.18057021,0.101263724,0.20702644
24.286231733018653,35.16304365074164,82.86601,3801600.0205993652,72.61422,-7.883282e-05,2.3267075e-05,-0.04785402,-0.057152987,0.51536196,-0.1289449,-0.1586954,-0.102725334,0.14396961,-0.022960395,0.21554974,0.21676916
24.15217408195171,35.09782609021359,90.079155,345600.00498890877,72.538956,-9.665829e-08,9.652458e-08,0.0667775,-0.6991354,-0.32990533,0.55416006,-0.371321,-0.3779445,-0.1440891,-0.17015053,-0.02115962,0.17146116
24.423912946628306,35.13405791039468,84.735344,864000.0296115875,71.95777,1.794398e-06,-7.7289515e-06,0.0037947968,-0.9329003,0.5755604,-0.11050048,-0.48278436,-0.1079157,0.34919018,-0.103818685,0.072631724,0.12670314
24.880434869565217,35.11594208344836,73.60822,2592000.0888347626,72.92054,0.4949366,0.4875329,0.22201934,-0.31397748,-0.17161728,0.29539078,0.34907243,0.176274,-0.11464936,-0.14268464,-0.058258943,0.15412012
24.358695745580064,35.14492749121842,79.46463,12527999.469566345,72.65105,-0.00052084564,-0.0018854344,-0.034035325,-0.8737117,-0.14284155,0.2621431,0.0745876,-0.2120798,0.3196485,-0.12581171,-0.030893177,0.12954912
24.677536062942007,35.07971042955572,84.775665,8899199.948501587,72.15823,2.8768255e-07,-6.1167416e-06,0.14250301,0.018038258,0.17870568,-0.38012904,-0.35676402,0.008086253,-0.13145143,0.026955724,0.060121283,0.06588763
24.409420264318722,35.097825908808005,75.01247,11923200.463485718,73.2829,-0.12478228,0.14179298,-0.015449911,0.3367744,0.32364103,-0.06311817,0.014792241,-0.42712003,-0.21934277,0.06458376,0.035797358,0.07384114
24.275362351941567,35.02173896397893,79.32639,3023999.9665260315,72.430244,-0.00078298594,0.00074109447,0.28608212,-0.18100768,0.046999313,-0.4220848,-0.014641769,-0.056629643,-0.017939687,-0.08476671,-0.014928719,0.08607126
24.528985389862203,35.079710263267266,73.800804,5529600.07982254,72.79935,0.38006774,-0.38052037,0.32830018,-1.3469957,-0.38947994,0.5464863,0.026869737,-0.29098293,0.078572914,-0.10381615,-0.07407096,0.12753157
24.32608705359737,35.05434782738719,80.59564,6652800.036048889,72.2907,0.0002202743,0.0004761874,-0.059755817,-1.0036397,0.20360902,-0.07889586,-0.15540108,-0.33204645,-0.2441267,-0.18353188,-0.0064899195,0.18364659
24.373188349496587,35.09782609021359,73.044136,7171199.889278412,73.19907,0.27902114,0.78368425,0.11985722,0.8275565,0.7416912,0.15090594,-0.05526174,0.11046849,0.12099929,0.117421255,0.10139695,0.15514217
24.579710091518006,35.06884069756067,84.24473,11145599.860954285,72.45666,-3.2240841e-06,-7.1080517e-06,0.11464821,-0.059451465,0.44664294,-0.011342496,0.15106364,0.035290606,-0.030621864,-0.021546677,0.14108178,0.14271766
24.235507135886934,35.09782643790763,86.62735,13478399.474716187,71.99022,1.3959127e-06,-7.0002864e-07,0.22306082,0.37441608,-0.2926284,0.11670631,0.7200884,0.26198903,0.5496971,0.13637231,-0.101971924,0.17028119
24.782608845879178,35.07246365433351,80.82854,15292799.783706665,70.81049,9.249013e-05,-2.7452988e-05,-0.14047483,-1.6729504,0.11237906,0.14694384,-0.046376795,-0.19982299,-0.12342798,-0.19370256,0.015887447,0.19435301
24.521739153231497,35.18115965909355,80.50853,1555199.9710321426,72.0439,-0.0003441374,0.00036553908,-0.10622393,-0.3319561,0.58856547,-0.0028449595,-0.35018143,-0.18955259,0.1538198,-0.1346331,0.20273942,0.24337079
24.365941903817713,35.11594190204278,77.940506,6652800.036048889,72.71376,-0.0038334557,0.007920694,-0.2648465,-0.7545514,0.24319214,0.112376824,-0.20340708,-0.19887196,-0.35704786,-0.13696237,0.038887285,0.14237595
24.409420342711783,35.02898555779556,73.23672,11577599.464416504,73.00399,0.79214907,0.7802854,-0.071038246,1.0644561,0.17062844,-0.060019396,0.09824857,-0.38244805,-0.15594113,0.20670953,0.010826752,0.20699288
24.409420264318722,35.097825908808005,75.01247,12182399.56741333,73.2485,-0.19679466,0.10388828,0.012719724,0.34628555,0.3076473,-0.07439066,-0.005266983,-0.43904307,-0.21398956,0.07503012,0.035387963,0.082956776
24.003623304347823,35.192029209683014,80.788605,14687999.680709839,72.90577,-7.928558e-05,-6.201164e-05,-0.34131184,0.4057558,0.26944828,-0.20277742,-0.56232756,0.11929764,-0.07172181,0.10343429,0.10181367,0.14513674
24.409420342711783,35.02898555779556,73.23672,17366400.293540955,73.16627,0.9181147,0.008159126,0.36600775,1.3241515,-0.47414422,-0.16426408,0.338536,-0.344619,0.38559932,0.1622228,-0.08105749,0.1813465
24.202898613755877,35.17753635462667,82.22561,5097599.927902222,72.6872,-0.00011253814,0.0001450962,0.31278747,0.77882576,0.76616913,-0.1088654,-0.025105216,-0.052159123,0.037396852,0.08607839,0.08900039,0.12381663
24.06159400092239,35.235507653915,77.223785,16761600.190544128,73.111206,0.022654895,0.019566849,0.22303179,0.38683283,0.09019591,0.19907022,-0.49610707,-0.12089287,0.52777493,0.17365667,0.04411593,0.1791727
24.49275373635028,35.04710138474188,79.64641,5875199.981975555,71.840324,0.00055199704,0.0003043777,0.3832536,-0.63630235,0.2882607,0.31433067,-0.55513835,-0.4425381,-0.049980633,-0.090446174,0.020043015,0.09264034
24.003623304347823,35.192029209683014,80.788605,4752000.025749207,72.500435,0.00021377108,-5.0328275e-05,0.3458106,1.2424278,1.6856854,-0.1104221,-0.0099387355,-0.07742943,0.20419145,0.16337743,0.1856649,0.24731284
24.576087129988778,34.96376817111452,80.53768,18057600.097846985,71.33471,0.00020720613,-0.00016960465,-0.012060922,-1.0852004,0.3153888,0.15774497,0.2905348,-0.12691492,0.15913346,-0.22735594,0.05691125,0.23437068
24.068840433535758,35.050724689208764,75.1399,3196799.917602539,71.797874,-0.014830748,-0.04459069,0.33633316,0.765329,-0.21936865,-0.3091172,0.085422605,-0.0914613,-0.14294589,0.0793541,-0.02202122,0.08235294
24.5036234048686,34.94565269942081,84.86278,9244799.850654602,71.580505,4.8815978e-06,4.402629e-06,-0.1831651,-0.3544652,0.03867843,0.07459951,-0.33940992,0.07775287,-0.2516934,-0.17832503,0.023131758,0.17981906
24.518115930392057,35.170290078269815,76.7112,17020800.39138794,72.42529,-0.01713786,0.017299816,0.23931023,-0.94021034,0.19733933,0.28761455,-0.080103375,-0.54732275,-0.2593588,-0.12468533,0.034094334,0.12926273
24.409420264318722,35.097825908808005,75.01247,15551999.984550476,72.90211,0.13619715,0.103615046,0.26637194,0.38244066,-0.26268727,-0.060034953,-0.075046726,-0.28354466,-0.12328444,0.20295936,-0.09828946,0.22550681
24.373188532413735,34.85507217391305,83.68782,16070400.386238098,71.58339,-2.9318282e-06,-1.3644713e-05,-0.23820105,-0.53226286,0.1388431,0.11099029,0.080228,-0.013952691,0.82351005,-0.17107952,0.040452167,0.17579699
24.579710091518006,35.06884069756067,84.24473,6134400.182819366,71.39757,-6.225914e-06,6.5607155e-06,0.313904,0.38103214,0.5350059,-0.18684614,-0.2976788,0.1200794,0.6248845,0.19381881,0.17137729,0.25871974
24.572463802625258,35.028985391507106,77.31845,12355200.066947937,72.54385,-0.004297065,-0.0067880615,0.24923849,-0.61203885,-0.016028684,0.15818065,0.43958154,-0.051471632,0.14536035,-0.11450832,-0.005129559,0.11462316
24.85869584610084,35.31159408476158,76.05999,6825599.987125397,71.793846,0.019592768,0.011794392,0.25942722,0.10008395,-0.3499423,0.3189872,0.70014584,-0.18911503,0.42309323,0.07345842,-0.10410485,0.12741256
24.507246627708035,35.15217355593542,72.15966,6912000.2368927,72.85796,0.37282497,-0.03977821,0.12847888,-1.3598924,-0.7457698,0.13760008,0.19814152,-0.1770775,0.06061633,-0.1536521,-0.0915017,0.1788338
24.15217408195171,35.09782609021359,90.079155,16675200.489234924,71.62413,-3.5289393e-08,-1.9275419e-08,-0.09693956,0.9827213,-0.18491805,-0.16417879,0.032276414,0.8442129,0.7459161,0.17163089,-0.035178676,0.17519903
24.728260869121893,35.15579704180788,79.23173,15120000.381088257,71.30318,-0.0006686498,-0.00011112578,0.17113408,-1.268689,-0.013576541,0.22188205,-0.14263657,-0.3101994,-0.30645752,-0.14384238,0.0027386006,0.14386845
24.60144921950647,34.9456523441682,85.40489,15465600.283241272,71.84826,6.336885e-07,-2.485918e-06,-0.2258834,-0.31915522,0.12638313,-0.21913263,0.14605379,0.027091645,0.46261477,-0.15577185,0.07927215,0.17478256
24.423912946628306,35.13405791039468,84.735344,9331199.551963806,72.51725,6.6620287e-06,2.8467142e-07,0.18297273,-0.2577268,0.36998105,0.016557172,-0.08092178,-0.12422105,0.167321,-0.06424722,0.12865314,0.14380312
24.35507260113369,35.04710138474188,76.478294,2937599.9909877777,72.42781,-0.009411937,0.023845242,0.1279245,0.40172443,0.10358378,-0.11047471,-0.08447822,0.05119749,0.121373355,0.13503996,0.022124898,0.13684042
24.525362323808892,35.01449270273921,80.76379,7257600.139045715,71.68481,0.00022506621,-5.2019977e-06,0.5552754,0.2606546,0.45384127,0.07361065,-0.25081626,-0.0959485,-0.11322511,0.050525278,0.06416796,0.081672095
24.202898613755877,35.17753635462667,82.22561,1987199.9858379364,73.020195,0.000110830006,-0.00013181729,0.083684646,0.18777013,0.45653552,-0.22528335,-0.16985056,-0.12694824,0.017666519,0.050425082,0.10188573,0.11368109
24.271739312019278,35.0833337340226,74.97577,7343999.840354919,72.60252,0.10758067,0.10024694,-0.042732,1.7256278,1.2509141,-0.017456554,-0.05666527,0.25827608,0.020456323,0.15150575,0.103307456,0.18337509
24.731884091961334,34.88405773852335,82.62194,6652800.036048889,71.861984,3.5858866e-05,-4.4978773e-05,-0.038953394,1.2219759,0.2704724,-0.006108135,-0.04789886,-0.15715191,-0.20397943,0.22369699,0.09914468,0.24468349
24.60144921950647,34.9456523441682,85.40489,518399.99034404755,71.14252,-1.1324205e-06,1.7859253e-06,0.13483518,0.3010649,-0.26019496,0.42356756,0.059815187,-0.057914473,-0.37697276,0.14048973,-0.11595455,0.18216152
24.442029139218562,35.043478080275,76.86345,5184000.177669525,72.54997,-0.016793488,-0.018835116,0.25061676,-0.34173232,0.09701738,0.17203942,-0.1599189,-0.11606103,0.12615655,-0.10366325,-0.063559115,0.121597
24.141304256647267,35.05072417522627,80.839714,8639999.747657776,72.8768,0.00065435824,0.0006067013,-0.11944427,-0.23499073,-0.105491966,-0.37148154,-0.15849769,-0.017810524,0.2537744,-0.10152852,-0.05190503,0.11402707
24.579710091518006,35.06884069756067,84.24473,6393599.835205078,71.42103,-7.314401e-06,5.078287e-06,0.32285208,0.36893696,0.52888685,-0.21226695,-0.30723512,0.122951224,0.62642765,0.18244293,0.15882869,0.2418925
24.782608845879178,35.07246365433351,80.82854,5356800.128746033,72.592476,0.00028215893,-0.000507503,0.18729228,1.2710053,-0.04311004,-0.0025378093,0.0115462355,0.22360587,0.39973283,0.30150047,-0.12663513,0.32701528
24.57246390714934,35.13405809180027,82.83649,13737599.675559998,72.04217,-3.911043e-05,-4.8237092e-05,-0.025618762,-1.218729,-0.28587064,0.29079446,0.16937171,-0.2727629,0.0046511963,-0.13196409,-0.07374729,0.1511727
24.141304256647267,35.05072417522627,80.839714,17712000.19569397,72.520454,-8.2479855e-05,-0.0003894666,0.19615251,-0.56027055,0.78185546,0.5424373,-0.29184002,-0.045533545,-0.28668714,-0.054641098,0.103808016,0.1173105
24.340579657513896,35.072464168316,77.031204,6998399.938201904,72.87577,0.012399866,0.020380829,0.06038812,0.4732363,0.85193115,0.13284427,0.108432546,-0.034627017,-0.34447938,0.10292288,0.13647714,0.17093603
24.521739153231497,35.18115965909355,80.50853,8121599.894428253,71.89247,0.00035718209,0.00020089849,0.11518198,-1.3333254,-0.73248434,0.40353796,-0.068359755,-0.25307584,0.16178238,-0.19471925,-0.18339019,0.26748374
24.340579657513896,35.072464168316,77.031204,3369599.8686790466,72.4875,-0.0040101497,-0.009893011,0.1844686,0.16833636,0.51419485,-0.034113884,-0.15106338,0.03732773,0.21170318,0.013387676,0.14755067,0.14815678
24.32608705359737,35.05434782738719,80.59564,2937599.9909877777,72.28985,-0.0004704056,-0.00046955582,0.06552698,-0.55747074,0.2137516,-0.2924284,-0.28309926,-0.1388025,0.18125722,-0.16951878,0.038919926,0.17392923
24.880434869565217,35.11594208344836,73.60822,1987199.9858379364,73.09647,0.5879864,0.4712767,0.21033794,-0.28391004,-0.045384068,0.38826498,0.40820324,0.08483635,-0.09804324,-0.13202986,-0.0009311382,0.13203314
24.782608845879178,35.07246365433351,80.82854,14515200.27809143,70.98945,7.241639e-05,3.208958e-05,-0.2331129,-1.6427251,0.06707964,0.106449604,-0.13140872,-0.11307347,-0.058161154,-0.17333555,0.023747459,0.17495473
24.152173912100075,34.942029039701325,85.189964,4060799.9472141266,73.15886,-1.2456671e-05,1.5053834e-05,-0.14397734,-1.0059161,-0.31550163,0.20845625,-0.39114147,-0.23706813,-0.16972753,-0.26259997,-0.10717322,0.283628
24.068840433535758,35.17753635462667,82.62194,10454400.056648254,72.46669,1.6121205e-05,-2.6139363e-05,-0.098377116,1.1053376,0.6618448,0.17948204,0.054468285,-0.04035289,0.019405086,0.18505949,0.090938896,0.20619626
24.53985505838052,35.14492730981283,78.72631,2592000.0888347626,71.75255,0.0009720154,0.00012461864,0.0090245195,-0.31620845,0.034374014,0.055843923,-0.27552983,-0.25898105,0.25838888,-0.11143465,0.052659936,0.12325076
24.481884276880134,35.21376834109622,79.042,6134400.182819366,71.84913,-0.0011213331,-0.0011144147,-0.21701235,-1.791947,-1.0080534,-0.02495525,-0.20886517,-0.2741021,-0.3018447,-0.22742635,-0.07405311,0.23917903
24.3985509616347,35.079710263267266,82.39983,3110399.9420642853,72.21559,-2.5371975e-05,-7.768354e-05,0.05012523,-0.6227367,0.47449157,-0.20117903,-0.4215514,-0.28263256,0.25239813,-0.20737791,0.10323893,0.23165464
24.3913043591697,35.05434799367564,86.750465,17798399.897003174,72.394585,-1.380903e-06,-1.7209934e-06,-0.025839224,0.61380005,-0.21810539,0.14598519,0.35133564,0.5830755,0.42030308,0.19220203,-0.049463704,0.19846481
24.336956356281394,35.12681217825459,78.56935,13391999.773406982,72.84718,0.0045603234,-0.004816465,0.07805239,-0.8471515,0.0600765,-0.004790917,0.102382645,-0.18768984,0.04482732,-0.10535007,-0.019491762,0.10713807
24.525362323808892,35.01449270273921,80.76379,13564800.27294159,71.87759,0.00027455797,0.0002531953,0.0049115308,-1.1705067,0.44040942,0.31097156,0.2471925,-0.11012912,-0.16930059,-0.14167975,0.06908813,0.15762717
24.525362323808892,35.01449270273921,80.76379,9763200.252342224,71.899216,3.2995114e-05,-6.920267e-05,0.4187561,-0.041523747,0.526494,0.31028295,0.26315242,0.09508668,-0.043808483,0.00804165,0.14014405,0.14037457
24.53985505838052,35.14492730981283,78.72631,5443199.830055237,71.76367,-0.001274508,-0.0016173725,0.05014015,-1.0847455,-0.31561312,0.30460215,-0.3848775,-0.2873317,0.05815637,-0.13894056,-0.021116085,0.140536
24.40579722439643,35.07608730649443,81.130585,9504000.051498413,72.17765,-6.742144e-05,-0.00024560618,0.024759362,-0.67084765,0.2774455,0.38975987,0.061839033,-0.26301813,0.117065914,-0.19935438,0.05282873,0.20623541
24.572463802625258,35.028985391507106,77.31845,10799999.95880127,72.572,-0.005110513,0.0095153935,0.21944651,-0.7120795,-0.06380166,0.13016687,0.36800563,0.04536227,0.29616603,-0.07130161,-0.047408618,0.08562416
24.40579722439643,35.07608730649443,81.130585,4579200.074672699,71.931625,-0.00020512896,0.0001837526,0.100940496,-1.0652436,0.38218516,-0.19813284,-0.6912551,-0.35234275,0.15688612,-0.16405508,0.05889193,0.17430528
24.268116089179838,35.07971042955572,81.07262,345600.00498890877,72.63856,-0.00030406262,0.000111530826,-0.0042686947,-0.83007,0.33008346,0.016743094,-0.28964123,-0.05441898,0.35402006,-0.18462452,0.09307033,0.20675662
24.15217408195171,35.09782609021359,90.079155,3196799.917602539,71.58837,2.676849e-09,3.004713e-08,0.11187255,-0.26557034,-0.18526244,0.6272739,0.10873133,-0.13132194,-0.055190504,-0.19757569,-0.06688149,0.2085888
24.626811465810288,35.05797113185407,83.9315,7775999.992275238,71.81454,-7.8010873e-07,1.139016e-05,0.34769055,0.55243266,0.32866716,-0.41057995,-0.22907153,0.29158118,0.44401157,0.20826466,0.061806083,0.21724217
24.619565229179578,35.18478278215484,82.255135,11664000.262641907,71.765205,3.9251354e-05,-7.0285173e-06,0.32697845,-1.5687716,-0.80160296,0.28794447,0.13513371,-0.38360655,-0.086815536,-0.17027566,-0.105806485,0.20047148
24.141304256647267,35.05072417522627,80.839714,13651199.974250793,72.75741,0.0005196393,-0.00056417205,0.15173325,-0.7602154,0.060765915,0.19719732,-0.2518865,-0.10651742,-0.0071926005,-0.10517524,0.0054244343,0.10531503
24.2137679164399,35.101449394680465,78.1842,6480000.084972382,72.58264,0.0017052096,-0.005253399,0.03655193,0.85543716,0.9327466,-0.20470908,-0.16656238,0.22948974,0.09864207,0.12869945,0.13838731,0.18898305
24.85869584610084,35.31159408476158,76.05999,4492800.099134445,71.49067,0.0075942785,0.010037417,0.3166211,0.57378733,0.060220703,0.15970935,0.29331547,-0.47076827,0.48175102,0.19777234,0.034446694,0.20074978
24.423912946628306,35.13405791039468,84.735344,1382400.019955635,71.91162,1.0184549e-06,-4.250587e-06,0.032429405,-0.7745241,0.55263406,-0.12220154,-0.392325,-0.08779764,0.4441957,-0.10178678,0.086103864,0.13332075
24.068840433535758,35.17753635462667,82.62194,11404800.061798096,72.46981,-6.046792e-05,-4.2579046e-05,-0.17441854,0.85830784,0.4830255,0.17644149,0.02236942,-0.061463483,-0.029701691,0.18062133,0.064665295,0.19184802
24.373188532413735,34.85507217391305,83.68782,14428799.479866028,72.259926,-1.1275443e-05,-2.462757e-05,-0.27412906,-0.6567756,0.025873933,0.1957389,0.13235489,0.02439091,0.7023088,-0.17131865,0.008186007,0.17151411
24.782608584568965,35.06521774078783,85.492004,16675200.489234924,71.54251,3.055886e-07,7.33561e-07,-0.1788922,-1.5775508,0.59445643,0.15950395,-0.04099495,-0.44904032,0.28780147,-0.1917728,0.036194585,0.19515854
24.235507135886934,35.09782643790763,86.62735,172800.00249445438,71.95643,9.729679e-07,-7.522878e-07,-0.300476,-0.49492648,0.13239712,0.18308064,-0.75282633,-0.34358668,0.028117064,-0.18938625,0.04886105,0.19558771
24.40579722439643,35.07608730649443,81.130585,7343999.840354919,72.01726,-0.00014794433,-0.0002264031,0.025666742,-1.1795397,0.19162726,0.07725595,-0.526855,-0.44529814,-0.18811375,-0.1927757,0.0029077232,0.19279763
24.409420342711783,35.02898555779556,73.23672,5097599.927902222,73.170334,0.30475256,0.27005595,-0.011918046,0.54595053,0.14253041,-0.10939611,-0.16037959,0.17873913,0.14201827,0.115143925,0.04364852,0.12313942
24.268116089179838,35.07971042955572,81.07262,7257600.139045715,72.40527,0.00033970783,0.00021970485,-0.06705902,-1.2178954,0.07952986,-0.24449319,-0.3122521,-0.27560282,-0.06791615,-0.104399145,-0.043151304,0.112965554
24.373188349496587,35.09782609021359,73.044136,17971200.39653778,73.11496,0.9221643,0.8094422,0.10826759,0.8773993,-0.8500735,-0.17836952,0.3336349,-0.114124805,0.20116138,0.11275565,-0.07009321,0.13276632
24.373188532413735,34.85507217391305,83.68782,4406400.123596191,72.043205,1.9074161e-05,-5.648802e-06,0.32228914,-0.8912852,0.05685252,0.24965864,-0.043540843,-0.031533398,-0.45239002,-0.145483,0.036343653,0.14995387
24.202898613755877,35.17753635462667,82.22561,9331199.551963806,72.89598,0.00018576291,-1.067129e-05,-0.053601295,0.9105344,0.78393143,0.010665432,-0.2756929,0.0231819,0.013731487,0.12281308,0.12632106,0.17618191
24.32608705359737,35.05434782738719,80.59564,3023999.9665260315,72.28035,-0.00046692707,-0.00046031448,0.06902647,-0.5672564,0.2148447,-0.3022106,-0.28775814,-0.14186934,0.17633638,-0.16660833,0.036561854,0.17057288
24.365941903817713,35.11594190204278,77.940506,6480000.084972382,72.694084,-0.0028671823,0.0077428636,-0.25073546,-0.7791978,0.2509377,0.104556605,-0.21305507,-0.18838133,-0.32146576,-0.14107038,0.03663578,0.1457499
24.293478074173446,35.130434424522214,78.52256,5702400.030899048,72.68996,0.0019454351,0.004645241,-0.02077429,-0.52027607,0.52809507,-0.27407056,-0.4212345,0.12532811,-0.19813898,-0.13276522,0.12697022,0.18370639
24.85869584610084,35.31159408476158,76.05999,11577599.464416504,72.94052,0.056530453,-0.008049012,-0.11247387,-0.53213364,-0.38515964,-0.0046223253,0.5552977,0.23043677,0.15306902,-0.1037371,-0.10306999,0.14623545
24.152173912100075,34.942029039701325,85.189964,13219200.370788574,72.65656,5.841277e-07,1.2031153e-06,-0.06383984,-0.55378556,-0.21338917,0.14372139,0.20423815,-0.09997973,0.508976,-0.1640797,-0.0393295,0.16872746
24.24275355543479,35.275361916886446,83.709785,17366400.293540955,72.22203,1.440447e-05,2.3907799e-06,-0.8438392,0.32210147,0.17786142,-0.1057482,-0.28194782,0.16678172,0.19290733,0.13549474,0.038446255,0.14084367
24.141304256647267,35.05072417522627,80.839714,11750399.96395111,72.98255,-0.000165677,-0.00053176953,-0.16987678,-0.7726252,-0.23246126,-0.046823107,-0.27844092,-0.27215743,0.010900803,-0.117559925,-0.06466164,0.13416953
24.655797039477626,35.09782643790763,82.953125,11923200.463485718,72.09613,-4.250761e-05,4.4606422e-05,-0.026982687,-0.75433135,-0.19396256,0.16641799,0.19981042,-0.17202881,0.11227817,-0.13868716,-0.032722622,0.14249526
24.43478251062254,35.050724689208764,81.254395,6566399.786281586,71.82155,0.00016855205,-7.512147e-05,0.23914379,-0.99917877,0.34953108,-0.0035707653,-0.69177204,-0.40967208,-0.28510213,-0.13491048,0.06222096,0.14856744
24.514492864338745,35.152173737341,77.98083,13391999.773406982,72.32544,-0.005459378,-0.00535546,0.1762859,-0.78795207,-0.29250452,0.11175658,0.10404375,-0.4230153,-0.031142011,-0.21135548,-0.09427042,0.23142612
24.40579722439643,35.07608730649443,81.130585,1209599.9317646027,72.22233,-0.0002740316,0.00014125045,-0.1500138,-0.4709579,0.38198638,0.14605957,-0.19946438,-0.151315,0.27650246,-0.17665043,0.15560737,0.23541248
24.608695560661264,35.210145036629335,80.071884,6307200.133895874,71.339485,0.00012624702,-0.00029731105,0.046368048,-0.4054097,-0.47778398,0.22945228,0.137115,-0.021241631,0.06182442,-0.09703044,-0.101309136,0.14027989
24.373188532413735,34.85507217391305,83.68782,172800.00249445438,72.52853,-3.5360697e-06,-2.7850832e-05,0.123805,-0.09129363,0.03654454,0.15374483,-0.07431694,-0.25296593,-0.30796996,-0.15994227,0.06656198,0.1732398
24.507246627708035,35.15217355593542,72.15966,345600.00498890877,73.246056,-0.27905264,-0.3122437,0.8486726,-0.89600074,0.39576423,0.11281637,0.9321561,-0.008083975,0.32974443,-0.09899618,0.045088563,0.108780615
24.75362311542571,35.148550251468535,82.31272,5529600.07982254,72.205795,9.076784e-05,6.840037e-05,-0.21250293,0.95426154,-0.008567888,-0.1250327,-0.247805,0.228371,0.14176565,0.27513382,-0.026331872,0.276391
24.43478251062254,35.050724689208764,81.254395,3023999.9665260315,71.849686,-0.00014502417,-8.746435e-05,0.09829111,-0.5318108,0.40689906,-0.17755544,-0.61294246,-0.25286263,0.11977197,-0.15466414,0.12302664,0.1976273
24.503623143558386,34.916666955294566,80.479385,18230399.500465393,71.375854,-2.3717623e-05,-0.00021412858,-0.19937247,-0.504095,0.52540743,0.2143879,0.12544554,-0.13494347,0.46365634,-0.1434761,0.20663062,0.25155836
24.623188347494935,34.98550731008629,86.27349,15638399.68585968,72.032555,3.540414e-07,-1.96383e-06,-0.34657264,-0.2790594,0.18412985,-0.21532246,0.20881563,0.17093275,0.28384247,-0.19156235,0.1729859,0.258109
24.521739153231497,35.18115965909355,80.50853,864000.0296115875,72.108574,-8.756016e-05,0.0002474952,-0.069280684,-0.42278847,0.58992565,-0.060574092,-0.30190775,-0.22677495,0.1037284,-0.11742541,0.18684992,0.22068442
24.3985509616347,35.079710263267266,82.39983,11577599.464416504,72.488976,-6.7925226e-05,6.918084e-05,-0.037485763,-0.59933937,0.16294768,0.21565315,0.2079986,-0.034725774,0.22695935,-0.13384528,0.012105264,0.13439158
24.471014503837736,35.137681214861566,84.09494,6566399.786281586,71.95836,3.58786e-06,-7.0994356e-06,0.27640787,-0.75140953,0.35710892,0.0025109723,-0.2577744,-0.35784906,0.4142657,-0.08440449,0.07277736,0.11144802
24.518115930392057,35.170290078269815,76.7112,6998399.938201904,72.20103,0.015642954,0.0015440502,-0.16727138,-1.8375472,-1.0270159,0.07246367,0.011118304,-0.31299812,-0.6315003,-0.21016651,-0.12792337,0.24603729
24.16304339770124,35.14130418675153,77.183464,13824000.4737854,73.30424,-0.026842548,-0.027766613,0.17752597,-0.30493104,0.5882221,-0.23947135,-0.52280384,0.08046551,0.16457534,-0.09001285,0.12862246,0.1569906
24.286231733018653,35.16304365074164,82.86601,12095999.866104126,72.68074,6.2244224e-05,-8.2385755e-05,0.046865776,0.28460214,0.19788688,0.048005406,0.01747889,0.20915401,0.25480828,0.124079876,0.06962581,0.1422799
24.731884091961334,34.88405773852335,82.62194,8380800.095272064,71.88565,1.9813877e-05,4.4632256e-05,0.12605089,1.6881415,0.3964427,-0.06470134,0.061864316,-0.081337824,0.120628044,0.24063425,0.06743042,0.24990338
24.409420264318722,35.137681214861566,85.684586,6134400.182819366,72.11457,-7.8924774e-07,-1.6102298e-06,0.3967692,-0.680861,0.17388576,-0.07062509,-0.13260946,-0.2521099,0.32730532,-0.18883318,0.04310646,0.19369082
24.731883987437246,34.999999998854186,80.17734,18057600.097846985,70.75737,7.349032e-05,-2.4306955e-05,0.10512863,-0.46702662,-0.40093827,0.089103796,0.5824742,-0.016948825,-0.37317824,-0.1281272,-0.09025166,0.1567225
24.358695745580064,35.14492749121842,79.46463,1296000.0444173813,72.64443,-0.0012381535,0.0018596399,0.0026860572,-1.2175095,0.5147232,0.13632242,-0.2588843,-0.09095357,0.061368573,-0.14931855,0.053925343,0.15875758
24.75362311542571,35.148550251468535,82.31272,6825599.987125397,72.18386,3.783449e-05,8.659362e-05,-0.10255272,1.2267348,-0.1766033,-0.10554562,-0.15869203,0.11583759,0.1232741,0.2642134,-0.09598318,0.28110763
24.40217392316393,35.07246365433351,77.73675,16243199.788856506,72.437645,0.00760091,0.004714194,0.17670864,-0.2359309,0.14107819,0.0037774667,-0.17138112,-0.18166532,-0.15832686,-0.022464976,0.03451921,0.04118557
24.141304256647267,35.05072417522627,80.839714,13132799.572563171,72.81262,-0.00016564188,-0.00049892487,0.07144755,-0.7785052,-0.03915405,0.1306116,-0.2458477,-0.14921263,0.009540662,-0.10871017,-0.02599631,0.111775264
24.46739112421217,35.10507235145331,77.031204,3369599.8686790466,72.151825,-0.004297008,0.011128128,0.14613396,-0.75872993,-0.06103563,0.26938763,-0.2243042,-0.2377066,0.35016894,-0.1834376,-0.004059367,0.18348251
24.40579722439643,35.07608730649443,81.130585,5011200.226593018,71.904495,-0.00020421432,0.00013117115,0.100206316,-1.1985922,0.32722968,-0.20430285,-0.7247282,-0.38561106,0.08196809,-0.16224648,0.040615313,0.16725287
24.35507260113369,35.04710138474188,76.478294,6998399.938201904,72.77233,-0.017047971,0.028911121,0.3603246,0.5150583,0.8864017,0.1292677,0.06547527,0.02725213,-0.24601793,0.100336686,0.17093013,0.19820333
24.659420157792983,35.13768139626715,82.9603,13046399.871253967,71.89353,3.8171106e-06,5.0399813e-06,-0.00096076354,-1.2629378,-0.4232896,0.3343024,0.117241256,-0.46690375,-0.1238106,-0.13735773,-0.07782234,0.15787166
24.85869584610084,35.31159408476158,76.05999,18403200.0,72.79537,-0.049382005,-0.04389455,0.2013852,-0.78953373,0.8380237,0.122210205,-0.31968006,-0.19289693,-0.4168804,-0.1098829,0.12326028,0.16512828
24.351449221508126,35.36231895652174,77.53338,17279999.49531555,73.05766,0.0077701556,0.009618023,0.26286918,0.5241482,0.26154417,0.5206188,-0.013618529,-0.19597256,0.7298784,0.25375688,0.16863932,0.30468306
24.373188349496587,35.09782609021359,73.044136,7084800.187969208,73.19533,0.6251378,0.7708586,0.12773529,0.8152299,0.73695683,0.14620239,-0.053451434,0.112455264,0.12588988,0.11619063,0.10335091,0.15550457
24.731884091961334,34.88405773852335,82.62194,10713600.257492065,71.55147,-1.1437183e-05,6.287574e-06,0.20588195,1.8160496,0.7353179,-0.05258184,0.024159577,0.018005826,0.47253314,0.13993107,0.10714053,0.1762379
24.003623304347823,35.192029209683014,80.788605,6912000.2368927,72.511375,0.00042433955,0.00012038426,0.19947633,2.1933947,1.5828389,-0.09502845,0.05653373,0.20126127,0.39245445,0.21431005,0.15757564,0.26600543
24.134057993885538,35.130434787333385,80.741425,3456000.11844635,72.692894,-7.9614896e-05,-0.00059217575,0.32011506,0.77694774,1.1686013,-0.27914658,-0.00036723167,0.25801566,0.26626652,0.035666242,0.075073235,0.08311481
24.503623143558386,34.916666955294566,80.479385,1468799.9954938889,72.79237,0.0006181376,-0.00041694322,0.037096985,0.15279222,-0.3793536,-0.19317657,0.4291406,-0.22695448,-0.1853643,0.06357237,-0.14960144,0.16254857
24.43478277193275,35.06521686399416,78.38795,5961600.231742859,72.256165,-0.0032054516,-0.00207081,0.21195158,-0.667243,0.37237355,0.44291475,-0.15276375,-0.35310447,-0.01166961,-0.11929804,0.016707428,0.120462276
24.35507260113369,35.04710138474188,76.478294,15292799.783706665,72.57607,-0.020474846,-0.0063522942,0.24637747,0.61161935,0.21082783,-0.07250311,-0.22006965,-0.021537468,-0.041693605,0.1563443,0.0011962652,0.15634887
24.373188532413735,34.85507217391305,83.68782,16502399.989700317,71.466156,-3.4115558e-06,-1.2873462e-05,-0.22657594,-0.4868143,0.15036683,0.11556366,0.06571753,-0.036359157,0.84107107,-0.15370826,0.049910568,0.16160846
24.202898613755877,35.17753635462667,82.22561,5788799.732208252,72.6921,-0.00015200411,0.00015152551,0.32371673,0.85937333,0.80650204,-0.07801489,-0.034693204,-0.065565646,0.025232041,0.07463099,0.07622529,0.10667746
24.340579657513896,35.072464168316,77.031204,8208000.144195557,72.983086,0.023745146,0.0033392091,-0.082038976,0.480323,0.801403,0.092992,0.099124774,-0.116451465,-0.5227976,0.064019084,0.12551756,0.14090103
24.514492864338745,35.152173737341,77.98083,15724800.484085083,72.1884,-0.0030307872,0.0032976787,0.21877164,-1.1488384,-0.03630249,0.13923778,-0.07353688,-0.54211605,-0.3811585,-0.15003891,0.009004846,0.15030889
24.626811465810288,35.05797113185407,83.9315,17020800.39138794,71.61408,-6.21406e-06,-8.421282e-06,-0.13731113,-1.3879219,0.46749455,0.2627633,0.19660076,0.11776553,0.08957345,-0.18716896,0.04784012,0.19318616
24.336956356281394,35.12681217825459,78.56935,2764800.03991127,72.59202,0.0036491307,-0.0016578628,0.07803744,-1.0015115,0.461655,-0.17705613,-0.43957207,-0.0122659635,0.16638178,-0.2091243,0.1014466,0.23243146
24.24275355543479,35.275361916886446,83.709785,15983999.588012695,72.09311,-4.0181867e-06,8.963126e-06,-0.7705593,0.44620213,0.06120042,-0.05447776,-0.19198948,0.13439123,0.36031917,0.1303117,-0.001402624,0.13031924
24.409420264318722,35.137681214861566,85.684586,11836799.665260315,72.81417,4.5979627e-07,-6.837829e-06,0.053235147,0.35532725,0.36759725,0.009722911,0.17913532,0.12453228,0.1823141,0.13922676,0.17802659,0.22600345
24.5036234048686,34.94565269942081,84.86278,13219200.370788574,72.2645,-7.79486e-06,-6.4977044e-06,-0.3447065,-0.43783328,0.1846635,-0.08256345,-0.18431252,0.13450468,0.39440238,-0.14747156,0.05667378,0.15798664
24.2137679164399,35.101449394680465,78.1842,1468799.9954938889,73.02057,-0.008225561,-0.008383653,0.2222175,-0.030118011,0.7664613,-0.39874107,0.17894104,0.22619268,-0.021278497,0.00074314605,0.20902207,0.20902339
24.586956589458925,35.03623181903528,81.050644,11404800.061798096,71.94485,-6.592955e-05,-0.00016988802,0.091527164,-0.4454674,0.28787524,0.19595757,0.29249266,0.15923865,0.10160294,-0.038286753,0.030533813,0.04897131
24.275362351941567,35.02173896397893,79.32639,11923200.463485718,72.72822,0.001250023,0.00049583195,-0.04752738,-0.5358597,0.24626987,0.31079018,0.33561403,-0.21470337,-0.08127095,-0.1576254,0.034605905,0.16137949
24.3913043591697,35.05434799367564,86.750465,15379199.48501587,72.11641,-5.7520066e-07,1.3560717e-07,0.129662,0.85646355,0.004002996,0.1385118,0.64391726,0.50465655,0.56476235,0.17183536,0.031222377,0.17464888
24.55434784521419,35.039855304907746,78.730316,12441599.768257141,72.17951,-0.0014923557,-0.0022504851,0.16429979,-1.0904948,0.10031378,0.15526931,0.30304092,-0.085693136,0.12812516,-0.09413874,0.011832548,0.09487946
24.373188349496587,35.09782609021359,73.044136,17107200.092697144,72.92572,0.74472296,0.87984765,0.17765203,1.0002856,-0.69970393,-0.19583309,0.30475578,-0.17188539,0.21870154,0.15173432,-0.081000835,0.17200129
24.880434869565217,35.11594208344836,73.60822,9244799.850654602,73.07473,0.23270118,0.008506649,-0.10518814,-0.5090363,-0.093615174,-0.1703153,0.2061466,0.3802202,0.13734391,-0.22702663,-0.02570267,0.22847696
24.5036234048686,34.94565269942081,84.86278,16934399.593162537,71.862076,1.9637403e-07,-5.7457823e-06,-0.20890582,-0.26503485,0.48780352,0.027335484,0.18828538,0.40648013,0.6998208,-0.080268264,0.13277054,0.15514834
24.57608686867857,35.22463755910878,78.28966,15897599.886703491,71.86785,0.0025275473,0.0013318819,0.4104855,-1.358362,0.42377046,0.46101543,-0.17251611,-0.4877507,-0.096470125,-0.22086643,0.035169173,0.22364895
24.152173912100075,34.942029039701325,85.189964,17193599.794006348,72.32277,-1.1889818e-07,3.4568313e-06,0.093757056,-0.48252827,0.17033227,0.1604448,-0.07357729,0.08743847,0.5463285,-0.16778287,0.08034891,0.18602967
24.46739112421217,35.10507235145331,77.031204,8380800.095272064,72.8429,-0.0041057137,0.0069892867,-0.053101577,-1.2115974,-0.285993,0.27075228,-0.013980821,-0.21846627,-0.15403849,-0.23378995,-0.07377501,0.24515402
24.800724541980035,35.0326085145684,80.91604,8380800.095272064,72.56809,-0.000456282,-0.00022228653,0.039624736,1.0460473,0.023851834,-0.44673592,0.1331417,0.090435304,0.31421623,0.14957541,-0.034696773,0.15354697
24.32608705359737,35.05434782738719,80.59564,3110399.9420642853,72.27104,-0.00046219432,-0.0004494663,0.072318226,-0.5781189,0.21565759,-0.31147286,-0.29219654,-0.14493053,0.1713081,-0.16369763,0.034204923,0.16723305
24.471014503837736,35.137681214861566,84.09494,86400.00124722719,72.044556,-4.967503e-06,-7.0092105e-06,-0.14072055,-1.0030785,0.67543477,-0.04666882,-0.41769302,-0.14644271,0.12669782,-0.09512614,0.08432839,0.12712301
24.271739312019278,35.0833337340226,74.97577,16847999.891853333,72.51726,0.060632687,-0.0574384,0.38134995,0.54013145,-0.26328862,-0.120821945,-0.051173262,0.25016809,0.11855278,0.17063256,-0.054261077,0.17905232
24.340579735906957,35.22101461745307,78.71513,1209599.9317646027,72.70291,-0.003233759,0.0025870802,-0.25421116,-1.0911092,0.13666242,-0.24107617,-0.0488071,-0.08875822,-0.80808675,-0.21508703,0.040680036,0.21890019
24.340579657513896,35.072464168316,77.031204,16156800.087547302,72.49406,0.01498957,0.010768817,0.28310594,0.08464222,0.13344808,-0.07288853,-0.27958506,0.04446607,-0.14294308,0.083031334,0.043052737,0.09352936
24.068840433535758,35.17753635462667,82.62194,12268800.365638733,72.44581,2.181433e-05,8.0703416e-05,-0.23153058,0.7376586,0.3367576,0.13340439,0.0003254339,-0.03889772,-0.030133918,0.15236987,0.058291942,0.1631396
24.40579730278949,34.98550712868071,82.545616,8812800.247192383,71.95662,-3.7913585e-05,4.2159885e-05,-0.0527229,-0.78823864,0.07864556,0.28967196,-0.21504438,-0.09543767,-0.5755349,-0.23858787,0.0035882443,0.23861484
24.06159400092239,35.235507653915,77.223785,11577599.464416504,73.76825,0.04131014,0.04080363,0.038055718,1.1967798,0.695749,0.20526789,-0.49676046,-0.14434606,0.5222902,0.17472062,0.13656397,0.2217589
24.586956589458925,35.03623181903528,81.050644,17539199.696159363,71.476425,-9.747472e-05,0.00014842152,0.035077818,-1.8388803,0.3420473,0.3595214,0.0031686798,-0.17565838,-0.07242965,-0.19349568,0.029109463,0.19567303
24.471014503837736,35.137681214861566,84.09494,777599.9855160713,72.014084,-1.3122301e-05,-1.2391151e-05,-0.10153402,-0.764608,0.71762383,-0.036398403,-0.3267899,-0.11012735,0.25209844,-0.09493442,0.080559805,0.12450874
24.06159400092239,35.235507653915,77.223785,1987199.9858379364,73.15535,0.02328411,0.021987874,0.009119555,0.54392695,0.599778,-0.15642712,-0.001411587,-0.09558663,-0.76630265,0.18070585,0.1585134,0.240377
24.365941903817713,35.11594190204278,77.940506,1296000.0444173813,72.700096,0.006405242,-0.0045095417,0.2987398,-0.9027995,0.37310869,0.010583304,-0.17673475,-0.088171616,0.3084846,-0.31004477,0.17900589,0.35800958
24.409420185925658,35.126811301460926,78.58091,1123200.0247836113,72.43656,-0.0034190053,-0.0029858686,0.2043969,-0.840039,0.33882806,0.1277657,-0.1882574,-0.16466118,0.27215582,-0.272982,0.11877298,0.2977015
24.507246627708035,35.15217355593542,72.15966,15292799.783706665,73.34062,0.054820273,-0.07363848,0.17216128,0.5748788,-0.50301737,-0.24197653,0.20036286,-0.45207143,-0.33974358,0.16632402,-0.06459917,0.17842852
24.409420342711783,35.02898555779556,73.23672,7257600.139045715,73.17508,-0.9272152,-0.9446054,-0.017348535,0.59480023,0.32473984,-0.06757552,-0.23954013,0.24583608,-0.14745566,0.098368585,0.040132992,0.10624046
24.134057993885538,35.130434787333385,80.741425,14169600.375938416,73.07233,0.0008345049,-0.00076149707,0.12979895,0.2151193,0.4169826,0.16726594,-0.35612696,0.19089279,0.36652282,0.043625467,0.10996237,0.11830006
24.49275373635028,34.95652190987481,78.13308,14515200.27809143,72.150826,-0.0038094241,-0.0010524709,0.4346912,-0.75234807,0.34848347,0.29512897,0.17346059,-0.2525193,-0.26302394,-0.13996223,0.108992875,0.17739467
24.068840433535758,35.17753635462667,82.62194,8208000.144195557,72.315216,-4.5900637e-05,7.1756614e-05,0.09391709,1.99886,1.0415897,0.019426491,0.19135454,0.10605016,0.2614855,0.1918954,0.086202,0.21036784
24.528985389862203,35.079710263267266,73.800804,15983999.588012695,73.72201,-0.91769916,0.8113687,0.32705426,0.4437774,-0.6462152,-0.25093865,0.10813171,-0.67218935,-0.07809779,0.17373866,-0.32807323,0.37123737
24.782608584568965,35.06521774078783,85.492004,15811200.185394287,71.7075,-3.0715828e-06,-1.1424418e-06,-0.18199062,-1.4514865,0.5077209,0.12928107,-0.06364696,-0.39633542,0.24655294,-0.20903884,0.037903734,0.21244746
24.43478277193275,35.06521686399416,78.38795,864000.0296115875,72.31433,-0.0037246537,-0.0034561686,-0.10125724,-0.28931445,-0.4317942,-0.15569991,0.06169461,0.007046398,0.17239323,-0.09650008,-0.12625521,0.15891081
24.17028990870767,35.119565206509655,75.23819,518399.99034404755,73.058556,0.13121413,0.1330613,0.12629305,-0.20051682,0.7150786,-0.20053983,0.33796772,0.043879844,-0.49688116,-0.009795874,0.16116609,0.16146351
24.5036234048686,34.94565269942081,84.86278,1296000.0444173813,71.19178,2.043815e-06,-1.2798909e-06,-0.023220167,-0.52301717,-0.29299232,0.17934956,-0.1231012,-0.20979066,-0.34002227,-0.122544296,-0.077299446,0.14488722
24.293478074173446,35.130434424522214,78.52256,18403200.0,72.62495,0.0037984173,0.004085901,-0.11626587,-0.17639309,0.37133023,0.3343736,-0.076708816,0.24414799,0.124302074,-0.007841855,0.18505338,0.18521945
24.5036234048686,34.94565269942081,84.86278,6652800.036048889,71.28249,9.203488e-08,3.2683583e-06,0.08237676,-0.08546988,0.15366116,0.3981266,-0.102077045,-0.09568993,-0.17541242,-0.054067507,0.09898592,0.11278966
24.576087129988778,34.96376817111452,80.53768,17366400.293540955,71.39884,0.00021949367,4.198122e-05,-0.013857674,-1.0690665,0.38278288,0.16959773,0.24347258,-0.08807981,0.123086736,-0.18221255,0.0570765,0.19094276
24.340579735906957,35.22101461745307,78.71513,15206400.082397461,72.55598,0.0006338417,-0.0015639813,0.091844454,-0.9467473,-0.023060527,0.60412484,-0.1113672,-0.18620308,0.27438667,-0.24491839,-0.015157137,0.24538696
24.641304357168043,34.938405387540406,81.3883,4406400.123596191,71.97656,-9.178424e-05,-6.874474e-05,0.13756327,0.80548096,-0.13950299,-0.21166947,0.04738812,-0.065388076,-0.24183217,0.31819504,-0.09136491,0.3310523
24.16304339770124,35.14130418675153,77.183464,3715200.0450611115,72.47422,0.011987109,0.01308814,0.29686928,0.99538493,1.0730284,-0.37833515,0.1964891,0.3185408,-0.12823513,0.13379776,0.16004217,0.2086033
24.62318819070881,35.09782625650204,81.14894,11145599.860954285,71.8811,0.00019229462,-0.00018698271,0.034651324,-0.96472645,-0.42789525,0.121130064,0.27191553,-0.09072599,0.23167348,-0.039117254,-0.060777828,0.07227796
24.278985653174068,35.159420527680346,80.15937,10972800.458335876,72.94184,-0.001220035,-0.0012162855,-0.11629375,-0.6399915,0.17845668,0.27138203,-0.42133328,-0.31962746,0.019030664,-0.15206636,0.03676234,0.15644695
24.641304357168043,34.938405387540406,81.3883,8639999.747657776,71.65854,0.00010375495,9.482831e-05,0.39027292,1.0081025,0.45752013,-0.25500116,-0.13553077,0.18311162,-0.16915482,0.1439966,0.057559587,0.15507458
24.655797039477626,35.09782643790763,82.953125,5443199.830055237,71.82907,-1.2493901e-05,3.359929e-05,0.16078873,0.89945996,0.22088265,-0.0063995793,-0.17890301,0.08938659,0.6087939,0.20640813,-0.0024453998,0.20642261
24.003623304347823,35.192029209683014,80.788605,16675200.489234924,73.13257,0.000580458,0.0008518034,-0.013887621,-0.133672,0.37716773,-0.19936547,-0.56165475,0.011563428,-0.09150238,-0.050577357,0.122201435,0.13225453
24.507246418659868,35.018115659512056,74.98295,10972800.458335876,73.30206,0.19121844,0.21247607,0.3016734,0.26652727,-0.08618367,0.048909932,0.6386378,-0.09002805,-0.05874549,0.08607104,-0.06630265,0.108647436
24.409420185925658,35.126811301460926,78.58091,12095999.866104126,72.735916,0.0040603783,0.0032651434,-0.08924579,-0.5575802,-0.16755976,0.05932627,0.22002277,-0.18817721,0.19612107,-0.1378654,-0.054220945,0.14814445
24.3985509616347,35.079710263267266,82.39983,12787199.670410156,72.55612,-9.225136e-05,0.00011539124,-0.09767974,-0.5581741,0.08165965,0.20860848,0.29108366,0.074390836,0.16208732,-0.165554,0.041073613,0.17057306
24.43478277193275,35.06521686399416,78.38795,8985600.19826889,72.5857,0.004743434,-0.0026186956,0.116976075,-0.19818988,0.34168682,0.45884103,0.47437656,-0.13628145,0.08226511,-0.05780769,0.08239302,0.10064959
24.626811465810288,35.05797113185407,83.9315,1728000.059223175,71.69387,-3.6181925e-06,-1.1719229e-05,0.17778769,0.07316652,0.10454191,0.2535255,0.091649175,-0.017998938,-0.18640348,0.07105151,0.07210308,0.10122831
24.57608686867857,35.22463755910878,78.28966,11836799.665260315,71.88517,0.0020182827,-0.0021960035,0.48126456,-0.7823981,-0.46847725,0.14289545,0.28222483,-0.115922004,-0.21127272,-0.16706097,-0.12111049,0.20634224
24.5036234048686,34.94565269942081,84.86278,9849599.953651428,71.652336,4.860667e-06,5.1724937e-06,-0.2646941,-0.32782537,0.07286036,-0.028469346,-0.34181464,0.16186121,-0.19250256,-0.1823942,0.0452739,0.18792917
24.06159400092239,35.235507653915,77.223785,12873600.46863556,73.84049,0.04433061,-0.041323133,0.061435,0.8031827,0.47760898,0.26668665,-0.59980106,-0.21870086,0.51135486,0.12783025,0.10185924,0.16344993
24.518115930392057,35.170290078269815,76.7112,11231999.562263489,72.63276,0.0052548484,0.022032723,0.08863736,-1.0447983,-0.6080042,0.06905717,0.16660435,-0.30804077,-0.4579778,-0.12728438,-0.10916382,0.16768439
24.16304339770124,35.14130418675153,77.183464,11318400.360488892,73.42266,0.028597638,0.030671638,-0.11768115,-0.008786634,0.8057126,-0.15669507,-0.7693363,-0.15313695,0.02004722,-0.013207315,0.08347674,0.08451508
24.351449221508126,35.36231895652174,77.53338,15551999.984550476,73.15635,0.016255392,0.01714727,0.3243552,0.2869997,0.26370117,0.6050835,0.24957845,-0.17226017,0.62024015,0.18014051,0.19282544,0.26387924
24.068840433535758,35.17753635462667,82.62194,9158400.149345398,72.40872,2.2336208e-06,8.1923514e-05,0.014823876,1.6208055,0.8983601,0.10446138,0.1255432,0.040172108,0.15283296,0.17306446,0.104782514,0.20231332
24.43478251062254,35.050724689208764,81.254395,345600.00498890877,72.08218,-2.4580324e-05,-0.00014701887,-0.26972255,-0.34496984,-0.0024396516,0.017579354,0.024947038,-0.14100412,0.13556483,-0.08238866,0.016131774,0.08395311
24.626811465810288,35.05797113185407,83.9315,2073599.9613761902,71.72968,-8.481433e-06,-2.3112493e-06,0.1940872,0.12670933,0.14373833,0.22654694,0.03474818,-0.018023057,-0.14160454,0.07410869,0.066625565,0.09965473
24.822463669968496,35.11956556932083,79.471794,12700799.969100952,71.34317,-0.00024468143,-1.4725002e-05,-0.18188193,-0.56185937,-0.14264436,-0.0018929914,-0.2382651,0.14759584,-0.035506748,-0.16131727,-0.057732016,0.17133665
24.2137679164399,35.101449394680465,78.1842,2246400.0495672226,72.80558,0.0070287264,-0.0042780023,0.23981893,0.16750225,0.82992405,-0.46297562,0.09496851,0.2295739,-0.038278677,0.03686037,0.2277181,0.23068208
24.47463793572534,35.15579704180788,74.131996,7257600.139045715,72.86028,0.2955357,0.29825494,-0.094928585,-1.6723565,-0.7089487,0.23703307,0.15628937,-0.26651445,-0.50433564,-0.215541,-0.029476052,0.21754715
24.40579730278949,34.98550712868071,82.545616,9676799.454116821,72.02581,9.534465e-06,3.8007187e-05,-0.1466865,-0.68766594,0.058346804,0.35609683,-0.028209358,-0.032840796,-0.4554736,-0.2370128,0.01364217,0.23740509
24.409420342711783,35.02898555779556,73.23672,8985600.19826889,73.25151,-0.8553507,-0.6322822,-0.071375236,0.7485459,0.29724365,-0.032107934,-0.0380086,0.11756918,-0.26836827,0.09380652,0.023769453,0.09677112
24.47463793572534,35.15579704180788,74.131996,5961600.231742859,72.74295,0.1931305,-0.085397564,-0.01798939,-1.4951888,-0.57089555,0.26950476,0.26677194,-0.24871004,-0.284087,-0.12381339,-0.009434938,0.12417235
24.373188532413735,34.85507217391305,83.68782,2764800.03991127,72.23179,1.3073662e-07,1.738732e-05,0.29129735,-0.58392644,0.26113927,0.17684104,-0.0059130304,-0.10457613,-0.3293871,-0.08240417,0.07045255,0.1084159
24.293478074173446,35.130434424522214,78.52256,14774400.478935242,72.84102,-0.0028674097,0.004603334,0.26041192,-1.0224878,0.23730898,0.061425157,-0.024378277,-0.0964141,-0.019427061,-0.100508206,0.025492206,0.103690654
24.626811465810288,35.05797113185407,83.9315,17107200.092697144,71.602325,-6.2349586e-06,-7.956394e-06,-0.12360012,-1.3944501,0.48096755,0.27109453,0.1905523,0.12102349,0.08539967,-0.18722631,0.049923643,0.19376805
24.40579722439643,35.07608730649443,81.130585,2073599.9613761902,72.15516,-0.0002510403,0.00025644564,-0.056129634,-0.3935598,0.5024389,0.060974866,-0.3224572,-0.19054659,0.3202077,-0.17874227,0.16328993,0.24209999
24.55434784521419,35.039855304907746,78.730316,2159999.936914444,72.047295,0.0015978932,0.0006444935,-0.13117883,-0.118267134,-0.8681311,0.007833764,0.2190111,-0.12922421,0.17456973,-0.020068437,-0.23466149,0.23551805
24.340579735906957,35.22101461745307,78.71513,3715200.0450611115,72.51345,-0.0018885628,0.0032461793,-0.12576243,-1.2812258,-0.16334334,-0.2862962,-0.32113525,-0.00063368306,-0.7255108,-0.2659567,-0.06263684,0.27323312
24.641304357168043,34.938405387540406,81.3883,6998399.938201904,71.76376,0.00011387655,-0.00011778359,0.36078918,1.0857944,0.2754919,-0.32082987,-0.10923537,0.00054522604,-0.18567815,0.21392447,0.062995665,0.22300702
24.55434784521419,35.039855304907746,78.730316,6652800.036048889,71.86559,-0.0017977601,0.00026570584,0.40360385,-0.79177356,-0.104604796,0.29292423,-0.26729995,-0.46454903,0.12076511,-0.15240218,-0.064706974,0.16556998
24.49275373635028,34.95652190987481,78.13308,1987199.9858379364,73.13112,0.009331964,0.0093525145,-0.218472,0.34080067,-0.7856753,-0.40816438,0.21805218,-0.16127299,0.15680435,0.05412276,-0.26344734,0.2689494
24.49275373635028,34.95652190987481,78.13308,7862400.2420425415,72.450386,-0.002973253,-0.0024473246,0.5589904,-0.7507489,0.1313884,0.18695056,0.089384615,-0.17549522,-0.4619083,-0.18541396,0.04167793,0.19004048
24.43478277193275,35.06521686399416,78.38795,8035200.193119049,72.43078,1.1172685e-05,0.0040112897,0.16846588,-0.3686915,0.3674351,0.50174415,0.27144963,-0.27075383,-0.099803336,-0.0690941,0.06190949,0.09277273
24.57246390714934,35.13405809180027,82.83649,1641599.9465703964,71.89972,-4.2208103e-05,-3.0000345e-05,-0.17866871,-0.20118952,0.53344625,0.085488304,-0.09489382,-0.058802962,0.22243813,-0.080010846,0.16346352,0.18199466
24.822463669968496,35.11956556932083,79.471794,18143999.79915619,70.60439,-0.00028390542,-0.00023575703,0.55882937,0.07395178,0.4341913,0.32660735,0.21939433,-0.342144,-0.0020338297,-0.05931516,0.2838906,0.29002097
24.677536062942007,35.07971042955572,84.775665,691200.0099778175,71.79872,-3.735694e-06,6.218551e-06,0.12172983,0.28275746,0.49934113,0.35861462,0.3298531,0.17178,-0.23123062,0.103685886,0.09441283,0.14023033
24.52536253285706,35.05797113185407,79.99595,15379199.48501587,71.82091,-0.00044800376,-0.00047281125,-0.0014507324,-1.5360405,0.15098174,0.121543385,0.038913462,-0.3605377,-0.29648536,-0.15815754,0.020660013,0.15950124
24.677536062942007,35.07971042955572,84.775665,6393599.835205078,72.03107,-5.02199e-06,3.662939e-06,0.10416437,0.88046575,0.44023788,-0.18048874,-0.06938525,0.24884298,0.3814321,0.25756755,0.14431195,0.29524055
24.800724541980035,35.0326085145684,80.91604,6480000.084972382,72.67864,-8.413938e-05,5.7649377e-05,0.20918792,1.3903242,0.053387545,-0.24597922,0.12162252,0.046538904,0.35426196,0.19328658,0.012678847,0.19370198
24.507246418659868,35.018115659512056,74.98295,14428799.479866028,73.70571,-0.29756725,-0.30294907,0.4908233,0.49745098,-0.28348163,-0.053657077,0.35781577,-0.48049536,-0.11551321,0.14497344,-0.07668151,0.16400412
24.33695651306752,35.26449269887389,75.24537,1728000.059223175,73.23361,0.15261161,0.15321206,-0.31145942,-0.61315,-0.36052662,-0.08784636,0.35061482,0.05746281,-0.12796083,-0.14554918,-0.05768546,0.15656364
24.340579735906957,35.22101461745307,78.71513,777599.9855160713,72.772934,-0.0039907256,0.0015061134,-0.23722285,-1.0536083,0.16718173,-0.19086891,-0.0026119798,-0.09943964,-0.79690224,-0.22132766,0.044968173,0.22584967
24.40217392316393,35.07246365433351,77.73675,2505600.113296509,72.282234,-0.0056928424,0.00654122,0.0604114,-0.5145406,-0.07710378,0.026425295,-0.23846805,-0.05140264,0.32189032,-0.19775555,0.021169282,0.19888538
24.608695560661264,35.210145036629335,80.071884,4319999.873828888,71.61909,0.000111270834,0.00033306927,-0.23941213,-0.354851,0.0033830404,0.12798518,-0.16485444,-0.032691333,0.2649441,-0.13540964,0.027501062,0.13817409
24.49275373635028,35.04710138474188,79.64641,15551999.984550476,71.91969,-0.00040454173,-0.0005849625,0.045238227,-1.4470977,0.20501763,0.12227941,-0.022125013,-0.4033465,-0.2771623,-0.14266382,0.052559584,0.15203774
24.677536062942007,35.07971042955572,84.775665,950400.0051498413,71.82439,-3.1461884e-06,6.2326703e-06,0.12661816,0.25700292,0.46974492,0.36069402,0.2927074,0.16627593,-0.24781394,0.112784065,0.103189796,0.1528672
24.268116089179838,35.07971042955572,81.07262,4579200.074672699,72.322815,-5.8974074e-05,0.0003089391,0.18220672,-0.7520659,0.23906414,-0.4138709,-0.12577224,-0.11515973,0.1508669,-0.12570632,0.050524212,0.1354798
24.340579735906957,35.22101461745307,78.71513,4492800.099134445,72.516045,-0.003265037,0.0030389873,-0.05859054,-1.3762453,-0.29162937,-0.20806459,-0.39110404,0.0053751357,-0.69542354,-0.30266237,-0.078428775,0.31265888
24.55072462237475,35.07608730649443,88.70044,13391999.773406982,72.596176,1.7057305e-07,-3.0938943e-07,-0.22004998,1.1376978,0.44492534,0.07548109,0.023983458,0.29429045,0.35855734,0.16733791,0.07634105,0.18392915
24.409420342711783,35.02898555779556,73.23672,12787199.670410156,73.07008,-0.4870309,-0.7554244,0.045321357,1.2028961,0.046754867,-0.15412751,0.039576363,-0.51640254,-0.06220898,0.30163833,-0.03207789,0.3033392
24.06159400092239,35.235507653915,77.223785,7689599.742507935,73.11143,0.022342207,-0.015865004,0.28241944,2.7353723,1.446589,0.075558454,-0.393237,0.110200584,0.217785,0.20730588,0.06739352,0.21798535
24.528985389862203,35.079710263267266,73.800804,11577599.464416504,73.15654,0.40912738,0.5385803,0.1660471,-0.7273054,-0.7374151,-0.26641786,0.058657214,-0.3874814,-0.3926436,-0.1379216,-0.117221996,0.18100654
24.24275355543479,35.275361916886446,83.709785,14342399.778556824,72.197105,1.7248633e-05,-2.1161137e-05,-0.5791188,0.8799925,0.21124378,0.041010853,-0.122494005,0.258414,0.5482862,0.16404982,0.022841185,0.16563231
24.134057993885538,35.130434787333385,80.741425,1728000.059223175,72.87889,0.0003410197,-0.00049537956,0.080202065,0.5549015,0.92451113,-0.2979442,-0.08027003,0.06747895,0.23005569,0.10476564,0.11633127,0.15655288
24.409420342711783,35.02898555779556,73.23672,7948799.943351746,73.226715,-0.9049542,0.18273091,-0.031384498,0.64129746,0.32986546,-0.054186083,-0.18010655,0.22128683,-0.21392313,0.08875966,0.032537814,0.094535634
24.53985505838052,35.14492730981283,78.72631,4492800.099134445,71.725525,-0.0009929369,-0.0012266544,0.039716348,-0.78719425,-0.11194068,0.26603368,-0.4356554,-0.2638324,0.1912309,-0.16909751,0.022781584,0.17062522
24.442029139218562,35.043478080275,76.86345,2073599.9613761902,72.48877,0.017564222,0.017307773,-0.118882634,-0.1067948,-0.65892416,-0.14083329,-0.03158723,-0.025815826,0.15380031,-0.10089332,-0.22327346,0.24501123
24.423912946628306,35.16304383214723,83.815254,6047999.933052063,72.10069,-1.1547711e-05,6.820064e-06,0.22224331,-0.69351506,0.34387147,0.114155784,-0.091913395,-0.28881475,0.41937357,-0.15269792,0.14276849,0.20904425
24.293478074173446,35.130434424522214,78.52256,10281599.557113647,73.16119,-0.0067990995,0.0070170234,-0.37348965,-0.2528007,0.31613162,-0.04129433,-0.35618952,-0.25977466,-0.3024352,-0.06456574,0.035265997,0.073569186
24.373188349496587,35.09782609021359,73.044136,17193599.794006348,72.94025,0.7464873,0.894162,0.17251444,0.99435115,-0.71398133,-0.19488582,0.30960307,-0.16513453,0.21837276,0.14686391,-0.07839962,0.16647975
24.15217408195171,35.09782609021359,90.079155,14169600.375938416,71.182594,1.7681792e-08,2.354051e-08,0.04304103,0.35365644,-0.4653718,-0.30997193,0.15174794,0.39839888,0.605188,0.10394427,-0.107257076,0.14936027
24.293478074173446,35.130434424522214,78.52256,3801600.0205993652,72.68812,0.0036450354,-0.0019920766,0.079438776,-0.6766268,0.60557795,-0.40433106,-0.446599,0.16196178,-0.055363633,-0.17399925,0.17855674,0.24931556
24.40217392316393,35.07246365433351,77.73675,13651199.974250793,72.81199,-0.005258094,-0.0014410233,0.1218591,-0.071298435,0.30248192,-0.0818269,0.15172365,-0.15284061,0.15359698,-0.037411645,0.09384174,0.10102428
24.75362311542571,35.148550251468535,82.31272,4060799.9472141266,72.267784,6.84891e-05,-2.6809139e-05,-0.33909336,0.6183007,0.161198,-0.0704704,-0.23745906,0.32916772,0.088174425,0.24053326,0.0120972395,0.24083728
24.579710091518006,35.06884069756067,84.24473,7775999.992275238,71.669846,8.796559e-06,1.4429025e-06,0.33722255,0.22572786,0.48456806,-0.31962657,-0.31307933,0.12748586,0.5156648,0.10585053,0.1470254,0.18116513
24.15217408195171,35.09782609021359,90.079155,2332799.8879909515,71.82917,-4.5297623e-09,4.704787e-08,0.056084286,-0.43613335,-0.28081727,0.6423986,-0.028836258,-0.18170401,-0.110973336,-0.17353648,-0.044339538,0.17911142
24.15217408195171,35.09782609021359,90.079155,13305600.072097778,71.2492,2.7937551e-08,2.9267195e-08,0.17484936,0.1838648,-0.5022865,-0.30491248,0.19757801,0.2676641,0.5597158,0.061439402,-0.09286776,0.111351795
24.47463793572534,35.15579704180788,74.131996,10713600.257492065,73.1962,-0.4200124,0.3463516,0.07084271,-1.3724438,-0.49234354,0.17154552,0.04620876,-0.6456139,-0.716058,-0.15091705,-0.066481695,0.16491142
24.373188532413735,34.85507217391305,83.68782,17971200.39653778,71.23951,-5.730383e-06,-8.924122e-06,-0.14510277,-0.25436068,0.20175302,0.20726773,0.03229279,-0.12964976,0.9333465,-0.1274795,0.0985648,0.16113982
24.40217392316393,35.07246365433351,77.73675,17020800.39138794,72.443886,-0.006940156,-0.007631947,0.11199191,-0.2535953,0.041247576,-0.018777952,-0.18418625,-0.10301387,-0.09346927,-0.03612739,-0.00013378263,0.036127634
24.15942034471344,35.02536261613985,84.04098,1555199.9710321426,72.55995,4.9762434e-06,2.0061456e-05,0.103981,-0.121181995,0.2606189,-0.018655032,-0.37622106,-0.32994816,-0.0041528717,-0.06794131,0.11149262,0.13056272
24.3985509616347,35.079710263267266,82.39983,11836799.665260315,72.51237,-7.041719e-05,7.496069e-05,-0.049154274,-0.5821092,0.14070496,0.21226484,0.23694012,-0.007967126,0.22247398,-0.14017874,0.02038908,0.14165378
24.507246627708035,35.15217355593542,72.15966,3023999.9665260315,72.92497,0.48385134,0.4878227,0.32346156,-0.9683131,0.064620465,0.36033067,1.1528544,-0.17934714,0.31474838,-0.29543185,0.070994034,0.30384228
24.75362311542571,35.148550251468535,82.31272,11923200.463485718,71.48281,3.3580836e-05,4.634689e-05,0.022909254,-0.7527826,-0.5573127,0.28181434,-0.13846871,-0.29508483,-0.079291955,-0.12100327,-0.1256356,0.17443077
24.340579657513896,35.072464168316,77.031204,259199.99517202377,72.733765,-0.01523347,0.006357319,0.27629343,-0.5320544,0.11504343,0.11531212,0.04786666,-0.064206995,0.20060918,-0.15988047,0.08124005,0.17933688
24.525362323808892,35.01449270273921,80.76379,2678400.0643730164,71.76583,-0.00019028466,8.632282e-05,0.07761742,-0.11755001,-0.35218185,-0.12595037,-0.23251432,-0.2158565,-0.17509297,-0.047781855,-0.1182276,0.12751812
24.514492864338745,35.152173737341,77.98083,17193599.794006348,72.192696,0.0023662483,-0.0031692425,0.20226216,-1.3124568,0.20362094,0.23563465,-0.09668919,-0.47152895,-0.3415852,-0.19757198,0.048905384,0.20353483
24.235507135886934,35.09782643790763,86.62735,4838399.727058411,72.03298,1.2913636e-06,-6.6211487e-07,-0.07054515,-0.854259,-0.29624194,0.0016128048,-0.47806427,-0.33406103,-0.03662151,-0.1799209,-0.058906496,0.18931852
24.340579735906957,35.22101461745307,78.71513,8208000.144195557,72.77325,0.0011677627,-5.78621e-05,0.007776249,-1.6672482,-0.6765317,0.13284348,-0.3772754,-0.24169742,-0.6615256,-0.14071742,-0.006194271,0.14085369
24.576087129988778,34.96376817111452,80.53768,15465600.283241272,71.51696,0.00022435312,-0.00023003611,0.04872087,-1.2469114,0.57209325,0.22073442,-0.013014689,-0.06868337,-0.096608095,-0.17980471,0.09672968,0.20417239
24.800724541980035,35.0326085145684,80.91604,11059200.15964508,71.80338,0.00022376896,-0.00022604933,-0.3313005,-0.0359001,0.1447076,-0.21591908,-0.16458577,0.09324895,0.24362034,-0.0153208785,0.0385288,0.041463207
24.641304357168043,34.938405387540406,81.3883,16243199.788856506,71.14687,5.1308947e-05,4.0486422e-05,0.090850405,-0.59069717,0.2128891,0.16653574,0.35198915,0.059269547,0.069482535,-0.06539509,0.04813917,0.08120281
24.24275355543479,35.275361916886446,83.709785,13910400.175094604,72.256065,-1.13461965e-05,-2.629354e-05,-0.5126108,1.0221428,0.3061935,0.059748873,-0.13442713,0.3088474,0.5869668,0.16643544,0.033370137,0.16974781
24.677536062942007,35.07971042955572,84.775665,17625600.494384766,71.73282,1.561905e-06,-3.3312701e-06,-0.025753349,-1.3466656,0.71709645,0.1639502,0.014300462,-0.053550027,0.044175897,-0.2692275,0.122400634,0.29574543
24.15217408195171,35.09782609021359,90.079155,7603200.0411987305,72.3207,-5.5491785e-08,-7.673596e-08,0.50530726,-0.39246112,-0.21869199,0.09184874,0.23700142,-0.01756578,0.22047833,-0.14299384,-0.05893652,0.15466334
24.49275373635028,35.04710138474188,79.64641,6825599.987125397,71.86916,0.0006947799,0.0007266652,0.41575304,-0.527362,0.35763445,0.39073756,-0.31460845,-0.41794395,-0.072437234,-0.09590359,0.012541674,0.096720174
24.731884091961334,34.88405773852335,82.62194,16243199.788856506,71.56692,-2.9261118e-05,3.670677e-05,0.12914582,0.31263125,-0.27891788,0.15221494,0.10164644,0.05095038,0.1266866,0.16836411,-0.15852955,0.23125331
24.340579735906957,35.22101461745307,78.71513,7171199.889278412,72.66354,0.0035289703,0.0031434274,0.045836497,-1.6424427,-0.6172697,0.08035764,-0.42205647,-0.12504467,-0.6613509,-0.2165022,-0.03014672,0.218591
24.623188347494935,34.98550731008629,86.27349,12527999.469566345,72.24106,-2.4309072e-06,-1.9402695e-07,-0.1703473,-0.07932843,0.31113648,-0.3857001,0.058207937,0.20900558,0.1469156,-0.047713414,0.10421352,0.11461687
24.409420264318722,35.097825908808005,75.01247,13737599.675559998,73.03377,-0.13277839,-0.15706041,0.16354446,0.33072057,0.1119456,-0.06688177,-0.106197946,-0.45489278,-0.20355779,0.17785327,0.018446729,0.17880735
24.282608510179216,35.10869565592019,73.044136,6652800.036048889,72.86718,-0.558506,-0.26683927,0.020976843,1.3010705,0.95164055,0.034565523,0.015678558,0.26758042,0.2387301,0.1972579,0.112125754,0.22689836
24.423912946628306,35.13405791039468,84.735344,5184000.177669525,72.01032,-4.2044285e-06,-5.952268e-06,0.3028482,-0.7770971,0.20632114,-0.14047045,-0.15933606,-0.29260063,0.4840922,-0.20052843,0.054292254,0.20774816
24.365941903817713,35.11594190204278,77.940506,7689599.742507935,72.82728,-0.008314096,-0.008807854,-0.3384838,-0.54567426,0.20998825,0.13075534,-0.16771886,-0.2379222,-0.49954358,-0.11854854,0.056648955,0.1313882
24.731884091961334,34.88405773852335,82.62194,4406400.123596191,72.152435,3.0008132e-05,-6.141004e-05,-0.09835113,0.6687217,0.28938764,-0.09858022,-0.12428514,-0.07674307,-0.34866652,0.11176559,0.09995066,0.14993893
24.365941903817713,35.11594190204278,77.940506,4838399.727058411,72.5255,-0.0046691317,0.0067995484,-0.09167855,-0.8770186,0.33953187,0.0015224516,-0.37144464,-0.09262626,0.033738095,-0.1695642,0.043345004,0.1750166
24.282608510179216,35.10869565592019,73.044136,11491199.7631073,72.73102,-0.64489776,-0.06703151,-0.19516227,1.4022127,1.0889606,0.12733406,0.0945687,-0.34444788,0.294319,0.12419203,0.076126486,0.14566709
24.880434869565217,35.11594208344836,73.60822,14601599.979400635,73.692474,-0.87714726,-0.68611354,-0.27101845,0.087160245,0.3535623,0.27625087,0.12674138,-0.21078022,0.33591235,0.015674658,0.18069424,0.18137282
24.57608686867857,35.22463755910878,78.28966,518399.99034404755,71.82027,-0.0007699677,-0.00019023016,0.03129949,-0.47971904,0.011741146,0.023396168,0.16858587,-0.38392657,0.27594078,-0.16981755,0.04159049,0.17483641
24.57608686867857,35.22463755910878,78.28966,18403200.0,72.08178,0.0009367527,0.0024958523,0.28140023,-1.5845695,1.147316,0.7556172,-0.37625352,-0.37254453,-0.13212395,-0.23087938,0.12835687,0.2641605
24.55434784521419,35.039855304907746,78.730316,4579200.074672699,71.85585,-0.0007008067,-0.0016750727,0.22688395,-0.4912334,-0.5246041,0.22817391,-0.31488827,-0.38125804,0.1033902,-0.0772434,-0.18044761,0.1962852
24.731883987437246,34.999999998854186,80.17734,11145599.860954285,71.84769,0.00041275163,0.00018507866,-0.29645038,-0.15265921,0.3269344,-0.19609731,-0.2501603,0.14237197,0.13816844,-0.02711838,0.08393875,0.08821066
24.358695745580064,35.14492749121842,79.46463,259199.99517202377,72.75377,0.0012707639,0.0008950405,0.03821746,-1.4120531,0.5347154,0.21766105,-0.17893276,-0.13675267,0.0012189299,-0.14282857,0.069839634,0.15898924
24.659420157792983,35.13768139626715,82.9603,16502399.989700317,71.42875,-2.811152e-06,2.092171e-05,0.01213,-1.5852151,0.47534743,0.31419247,-0.16830713,-0.2883446,-0.28549725,-0.16502379,0.031763047,0.16805279
24.659420157792983,35.13768139626715,82.9603,2159999.936914444,71.97109,4.0226798e-05,-3.7670936e-05,-0.2919786,0.035935074,0.29432368,-0.034396634,-0.13710499,0.10597332,0.060166597,0.059647642,0.21019271,0.21849215
24.33695651306752,35.26449269887389,75.24537,17452799.99485016,73.32294,0.14686829,-0.157846,0.08062215,-0.8043586,-0.09589395,0.52064586,-0.1684106,-0.14985551,0.15028992,-0.13503565,-0.0051613003,0.13513425
24.572463802625258,35.028985391507106,77.31845,11750399.96395111,72.57026,0.012626476,0.009126353,0.23475188,-0.6391252,-0.024912264,0.14034188,0.42734104,0.010278493,0.21136966,-0.08645125,-0.013333883,0.08747348
24.409420342711783,35.02898555779556,73.23672,11836799.665260315,72.99304,0.7849348,0.7989881,-0.049389325,1.0919821,0.15051658,-0.077471696,0.083413266,-0.422659,-0.13722306,0.22673225,0.0023230761,0.22674416
24.55072462237475,35.07608730649443,88.70044,259199.99517202377,71.29429,3.1430878e-09,-2.5901539e-09,0.5575146,0.15228108,0.9448089,0.4124516,0.026419286,0.21486829,0.6588751,0.068334505,0.20234108,0.21356852
24.60144921950647,34.9456523441682,85.40489,2505600.113296509,71.16161,8.127751e-07,1.5122284e-06,0.10606373,0.41955468,0.06442682,0.34532604,0.18129373,-0.12805271,-0.21799967,0.12535796,0.017233342,0.12653697
24.423912946628306,35.16304383214723,83.815254,6307200.133895874,72.108315,8.122059e-07,3.7693533e-06,0.23049545,-0.74248064,0.32155043,0.13977607,-0.11695623,-0.30827582,0.37891388,-0.14358029,0.12731442,0.19189648
24.5036234048686,34.94565269942081,84.86278,11836799.665260315,71.921524,6.5962117e-06,1.5117375e-06,-0.36243185,-0.36290753,0.16267881,-0.14860412,-0.29738456,0.20367971,0.15386263,-0.075477675,0.027839705,0.08044829
24.728260869121893,35.15579704180788,79.23173,14687999.680709839,71.35954,-0.00022799992,0.0007112555,0.14667049,-1.2119099,-0.13215043,0.17740235,-0.1182513,-0.25864637,-0.31167865,-0.13603854,-0.012014747,0.13656807
24.51086948471318,35.141304337922854,75.965324,15292799.783706665,72.64381,0.044116095,0.03837047,0.23836505,-0.43058816,-0.17717211,0.20031391,0.035264246,-0.6175597,-0.38350183,-0.111998245,-0.069981046,0.1320642
24.286231733018653,35.16304365074164,82.86601,1900800.0102996826,72.76586,-6.185699e-05,1.8051624e-05,-0.19478154,-0.22221047,0.5047563,-0.10057954,-0.25442284,-0.04255425,0.029609157,-0.08381331,0.16579741,0.18577796
24.728260869121893,35.15579704180788,79.23173,518399.99034404755,71.722824,0.00074581517,-0.0009110661,-0.35800934,0.20107484,0.12872393,0.06357902,0.32504416,-0.017787196,0.044792753,0.145306,0.14498577,0.20526741
24.202898613755877,35.17753635462667,82.22561,15638399.68585968,72.90161,0.00012361439,-0.00015972859,-0.1999529,0.37626863,0.1627476,0.07383922,-0.011750773,0.3453812,0.20544428,0.08369381,0.048518896,0.096740566
24.822463669968496,35.11956556932083,79.471794,12095999.866104126,71.41734,-0.0005967777,4.3373175e-06,-0.17483601,-0.39400843,-0.17341107,-0.04251562,-0.25637886,0.1845505,0.002799321,-0.15213871,-0.075473495,0.1698306
24.55434784521419,35.039855304907746,78.730316,3887999.996137619,71.85885,-0.0005566453,0.0015935351,0.12057866,-0.3613557,-0.68872017,0.16625008,-0.1980915,-0.29012704,0.13944784,-0.054642767,-0.21026406,0.21724826
24.152173912100075,34.942029039701325,85.189964,16156800.087547302,72.4464,5.610703e-06,-7.95742e-06,0.045412317,-0.5049287,0.11786007,0.12207984,-0.012371264,0.01920982,0.5330841,-0.066107094,0.020223208,0.069131225
24.514492864338745,35.152173737341,77.98083,4233599.898290634,71.87715,-0.0021878243,-0.00096080545,0.057856284,-1.0812273,-0.22527204,0.16511458,-0.4091168,-0.33369136,0.11570525,-0.17236981,-0.00233699,0.17238565
24.141304256647267,35.05072417522627,80.839714,10886399.660110474,73.0239,0.0007263911,0.000707129,-0.2686987,-0.69214153,-0.27176213,-0.1534279,-0.3028713,-0.299169,0.023232479,-0.09476206,-0.04891406,0.10664161
24.171296292717127,35.10648163098043,78.049835,16329599.49016571,72.78726,0.0042725042,0.006833962,0.38726002,-0.3588011,0.58012146,-0.02152799,-0.32149085,0.099612325,0.053956844,-0.056263395,0.12027154,0.13278107
24.340579657513896,35.072464168316,77.031204,7948799.943351746,72.96428,0.022763079,-0.01836859,-0.04782676,0.46515366,0.81487,0.10960673,0.09396884,-0.110144414,-0.51318765,0.07107815,0.13189535,0.1498282
24.52536253285706,35.05797113185407,79.99595,6912000.2368927,71.76786,-0.000112077054,-0.00039587132,0.42588323,-0.6001015,0.20754124,0.29063436,-0.4258861,-0.37822104,0.14137371,-0.08482731,-0.0061537772,0.08505023
24.40217392316393,35.07246365433351,77.73675,10540799.757957458,72.95986,0.010112311,0.0023122502,-0.07359905,-0.068143494,0.32524475,0.11989529,0.41299757,-0.050353765,0.10443731,-0.026974354,0.06838882,0.0735163
24.336956356281394,35.12681217825459,78.56935,15638399.68585968,72.6545,0.00087209244,0.0017398364,0.23634264,-0.8034737,0.26935193,0.15264821,-0.054505646,-0.116690725,-0.12242963,-0.15112993,0.04278736,0.1570701
24.49275373635028,34.95652190987481,78.13308,13219200.370788574,72.288475,-0.0024139672,-0.0012662006,0.5431772,-0.828961,0.35868475,0.2683159,0.26725072,-0.06551398,-0.25891444,-0.20974533,0.09820363,0.23159675
24.351449221508126,35.36231895652174,77.53338,5356800.128746033,72.069115,-0.004824111,-0.0002950719,0.026463363,-1.5820284,-1.6597456,0.13420224,0.2585186,-0.18496984,-0.5896364,-0.12694992,-0.09521192,0.15868708
24.471014503837736,35.137681214861566,84.09494,13391999.773406982,72.786415,3.9193624e-06,-2.7767213e-05,0.023055004,-0.16625716,-0.03636497,-0.036345974,0.15690209,0.12369619,0.25565484,-0.1559496,-0.0630162,0.16820022
24.572463802625258,35.028985391507106,77.31845,3801600.0205993652,72.10163,0.008197605,0.007340833,0.07226987,-0.4871562,-0.8993887,0.32825494,0.04589505,-0.35724878,0.21778873,-0.1663636,-0.18542984,0.2491206
24.40579730278949,34.98550712868071,82.545616,12268800.365638733,72.282715,-6.9381356e-05,-4.8151014e-05,-0.3546129,-0.7968441,0.09872509,0.43130338,0.1929174,0.013395283,-0.19452292,-0.18170968,0.01418549,0.18226254
24.43478277193275,35.06521686399416,78.38795,9331199.551963806,72.64,0.0022431032,-0.0021143365,0.10271692,-0.17395878,0.3293909,0.43863967,0.52620083,-0.09743723,0.14513421,-0.063399725,0.08647519,0.10722633
24.293478074173446,35.130434424522214,78.52256,12527999.469566345,73.018196,0.0040241713,0.0029605534,-0.033365086,-0.9655793,0.13686423,-0.038994923,-0.061731875,-0.23844507,-0.03337524,-0.1243943,0.013546288,0.1251297
24.336956356281394,35.12681217825459,78.56935,3974399.971675873,72.47386,-0.0003839244,-0.0016276276,-0.012733344,-1.0045073,0.40787953,-0.21680564,-0.5268876,-0.015557293,0.06253793,-0.20078632,0.11053325,0.22920023
24.521739153231497,35.18115965909355,80.50853,4752000.025749207,71.88776,0.0003447499,-7.7743505e-05,-0.22652796,-0.8054863,0.008065566,0.15980697,-0.36909652,-0.111529484,0.21053344,-0.13653757,0.008734718,0.13681668
24.55072462237475,35.07608730649443,88.70044,16329599.49016571,72.99319,-5.2111636e-07,-5.236585e-07,-0.15872881,1.2648076,0.076988794,-0.10851004,-0.025623716,0.5289725,0.47703075,0.1765566,0.016014725,0.17728142
24.55072462237475,35.07608730649443,88.70044,8294399.845504761,72.609085,-3.6649894e-07,-2.8725324e-07,-0.10337747,0.28440857,0.78774375,0.081206396,0.053966355,0.18626593,-0.36550325,0.08075999,0.1564027,0.17602268
24.271739312019278,35.0833337340226,74.97577,16329599.49016571,72.443756,0.06696664,-0.04178603,0.39201197,0.48302826,-0.13856496,-0.11056314,-0.09244507,0.2001395,0.064441904,0.13869114,-0.03759143,0.14369534
24.068840433535758,35.17753635462667,82.62194,2332799.8879909515,72.51559,-3.2871925e-05,6.591312e-05,0.3345844,0.4964458,0.9830403,0.10257417,-0.16717118,-0.1680345,0.26841122,0.095116004,0.13647057,0.16634683
24.33695651306752,35.26449269887389,75.24537,864000.0296115875,73.28009,-0.078651726,-0.10642367,-0.21496627,-0.43822402,-0.20409329,-0.09257374,0.44060382,0.13937162,-0.17405832,-0.13806427,-0.062369466,0.15149815
24.340579735906957,35.22101461745307,78.71513,10540799.757957458,72.84894,-0.0023088523,4.614036e-05,-0.09969529,-1.410776,-0.6188104,0.2767926,-0.27174369,-0.46390054,-0.49484453,-0.11413861,-0.079746865,0.13923788
24.358695745580064,35.14492749121842,79.46463,7775999.992275238,72.44175,-0.0014650595,0.0010721339,-0.28230956,-1.2589468,-0.1488978,0.06540634,-0.4827825,-0.29005024,-0.20598415,-0.20048214,-0.03012336,0.20273261
24.40579730278949,34.98550712868071,82.545616,1900800.0102996826,71.763176,-4.7154812e-05,-3.671381e-05,-0.053095035,-0.5441454,0.054222677,-0.3231169,-0.37229976,-0.1668351,-0.23288992,-0.17281997,-0.008982703,0.17305326
24.282608510179216,35.10869565592019,73.044136,2851200.015449524,73.105156,-0.94230646,0.81268936,0.10065301,0.11873093,0.7525249,-0.00786601,0.18921834,0.055438958,-0.0072203316,-0.0023190994,0.17335182,0.17336734
24.268116089179838,35.07971042955572,81.07262,2419199.8635292053,72.60158,-0.00038850438,-0.00017065852,0.07103789,-0.5664146,0.29423583,-0.25097737,-0.08195535,-0.09187633,0.24352291,-0.1323682,0.074750625,0.15201645
24.641304357168043,34.938405387540406,81.3883,7257600.139045715,71.74738,8.7405446e-05,-8.063204e-05,0.37220913,1.0859543,0.30853778,-0.31351477,-0.11709619,0.024862193,-0.18471062,0.19959515,0.057802506,0.20779642
24.608695560661264,35.210145036629335,80.071884,6739199.737358093,71.3291,-5.2981727e-06,-0.00014601935,0.12030243,-0.40277642,-0.5576621,0.24342403,0.1990819,-0.01691917,0.03383986,-0.09408142,-0.11397127,0.1477862
24.423912946628306,35.16304383214723,83.815254,5529600.07982254,72.11334,-2.0816964e-05,8.707389e-06,0.20001781,-0.5828653,0.39244422,0.069319226,-0.04159324,-0.23900816,0.4964242,-0.17987996,0.16154422,0.24177125
24.57608686867857,35.22463755910878,78.28966,2764800.03991127,71.69973,0.0022286815,0.0010789732,-0.110721864,-0.5172199,-0.10194872,0.08414037,-0.07851901,-0.3433744,0.28170633,-0.13187619,-0.04111442,0.13813661
24.782608584568965,35.06521774078783,85.492004,7603200.0411987305,72.40009,5.093596e-06,-3.0505705e-06,-0.05547168,0.58347166,0.20358099,-0.26111704,-0.3375711,0.26545623,-0.21374801,0.103455625,0.03800404,0.11021513
24.17028990870767,35.119565206509655,75.23819,14256000.07724762,72.5423,-0.08251693,0.08318397,0.1643187,0.14358431,0.6263155,-0.40472302,-0.41809484,0.18496808,0.10893026,0.04106324,0.26789564,0.27102447
24.72463775080654,35.097825908808005,83.506035,2592000.0888347626,72.083954,-2.4195215e-05,-1.1863154e-05,-0.17253536,0.72524107,0.17264374,0.021982782,0.02565936,0.2721352,-0.11560654,0.1446962,-0.010500506,0.14507672
24.442029139218562,35.043478080275,76.86345,16416000.288391113,72.78637,0.0182819,0.01032462,0.23700339,0.07849337,-0.064165875,0.015224874,-0.07388248,-0.33176288,0.054961,0.075515844,-0.0484526,0.08972345
24.518115930392057,35.170290078269815,76.7112,3023999.9665260315,71.99767,0.0088702785,-0.0021518054,0.15853459,-0.9520607,-0.2182606,0.0913787,-0.05091066,-0.40548652,0.17698902,-0.1547567,-0.027537957,0.1571877
24.336956356281394,35.12681217825459,78.56935,13737599.675559998,72.824165,0.0018822225,-0.004544687,0.12695077,-0.87091684,0.08350937,0.008637838,0.09917399,-0.1788878,0.030816814,-0.10444364,-0.017893076,0.10596526
24.5036234048686,34.94565269942081,84.86278,1814400.0347614288,71.19504,2.811491e-06,-2.547049e-06,0.008271925,-0.5856524,-0.21668445,0.18467687,-0.118852474,-0.23490058,-0.36410117,-0.11831628,-0.051341996,0.12897573
24.340579657513896,35.072464168316,77.031204,4492800.099134445,72.56869,-0.010744214,-0.0102379,0.16849333,0.43439355,0.7151061,0.011670053,-0.048201233,0.09176677,0.17287603,0.030080186,0.12342166,0.12703435
24.409420342711783,35.02898555779556,73.23672,4838399.727058411,73.181465,-0.5168337,-0.71427554,-0.014977321,0.54683805,0.110611156,-0.11242505,-0.12677127,0.15895675,0.17156029,0.122974545,0.037453532,0.12855157
24.576087129988778,34.96376817111452,80.53768,3801600.0205993652,71.83638,-0.00026561646,9.340531e-05,0.22620755,0.3309243,-0.38140514,-0.101261996,0.005534824,-0.32095173,-0.2545638,0.12823756,-0.095109835,0.15965824
24.235507135886934,35.09782643790763,86.62735,11491199.7631073,72.246864,1.4495618e-06,-1.6688474e-06,0.11426619,0.06669335,-0.21216835,-0.069383435,0.50232995,0.08169838,0.15080833,0.048758656,-0.08824204,0.10081699
24.3913043591697,35.05434799367564,86.750465,8639999.747657776,72.18122,-1.4413008e-06,-1.9074248e-07,-0.19173485,-0.7477149,0.09588892,-0.37984386,-0.27025598,-0.03177839,-0.16574988,-0.14224623,-0.005606085,0.14235666
24.57246390714934,35.13405809180027,82.83649,14515200.27809143,71.948456,3.8231763e-05,2.7970407e-06,-0.06454847,-1.2937144,-0.14655587,0.2881118,0.07885748,-0.23832418,-0.09971539,-0.136533,-0.056873396,0.14790486
24.503623143558386,34.916666955294566,80.479385,2937599.9909877777,72.40739,0.00034805032,0.0002713198,0.09547784,0.0042436942,-0.3390658,-0.20661607,0.24647352,-0.27177793,-0.2463955,-0.10095077,-0.1884321,0.21377023
24.576087129988778,34.96376817111452,80.53768,7430400.090122223,71.63777,0.00014170726,0.0001696376,0.54811376,0.4959754,0.31961516,-0.122898914,-0.0893665,0.007349137,-0.22581714,0.10852749,0.057244614,0.12269948
24.677536062942007,35.07971042955572,84.775665,13824000.4737854,72.23796,2.538453e-06,3.2156424e-06,-0.20111504,-0.6068194,0.34368333,-0.019446626,0.08951315,-0.09797876,-0.113017656,-0.23717177,0.088210896,0.25304466
24.782608584568965,35.06521774078783,85.492004,10627199.459266663,72.04658,5.56956e-07,1.7980536e-06,0.013539951,-0.2921244,0.21691678,-0.18163809,-0.21555698,-0.12660713,-0.19843313,-0.17427412,0.1120596,0.20719272
24.171296292717127,35.10648163098043,78.049835,345600.00498890877,73.34923,-0.0031403806,-0.007654343,0.14173946,0.02349545,0.7102613,-0.38777712,0.36400157,0.27497137,-0.082342334,0.061644692,0.2086247,0.21754158
24.141304256647267,35.05072417522627,80.839714,8812800.247192383,72.89134,0.00057020335,0.0005361133,-0.1502707,-0.2671225,-0.12431617,-0.35944062,-0.18367395,-0.049211547,0.23417231,-0.09133285,-0.048513494,0.103417836
24.40579722439643,35.07608730649443,81.130585,10540799.757957458,72.296936,0.00020089399,9.899983e-05,0.031010335,-0.5872758,0.30374548,0.4793238,0.26819387,-0.19078796,0.2598386,-0.17300978,0.037861243,0.1771041
24.52536253285706,35.05797113185407,79.99595,14428799.479866028,71.91983,0.0005578385,0.00054278603,-0.0070510507,-1.2969867,0.13671033,0.15046474,0.20954537,-0.31178123,-0.17540729,-0.16427982,0.01246357,0.16475193
24.52536253285706,35.05797113185407,79.99595,15897599.886703491,71.78295,-0.00039957563,-3.899894e-05,0.012217216,-1.6418269,0.16382052,0.12718865,-0.035170622,-0.37252396,-0.3259991,-0.14695734,0.023094475,0.14876093
24.655797039477626,35.09782643790763,82.953125,3196799.917602539,71.85356,-1.7581706e-05,2.8258606e-05,0.039248377,0.43845245,0.18447828,0.119324595,-0.11167016,0.05163022,0.23947471,0.19517876,0.005679488,0.19526137
24.141304256647267,35.05072417522627,80.839714,16070400.386238098,72.71096,0.00055651116,0.00018272524,0.28247526,-0.6556778,0.5683276,0.479051,-0.35442743,-0.03163342,-0.21222061,-0.10315305,0.08651697,0.13463186
24.286231733018653,35.16304365074164,82.86601,1814400.0347614288,72.777145,-6.0546037e-05,3.5524194e-05,-0.19756597,-0.23524022,0.5013704,-0.09875315,-0.2627316,-0.043306027,0.026715592,-0.08653271,0.16289735,0.18445449
24.373188532413735,34.85507217391305,83.68782,1900800.0102996826,72.34772,1.290281e-05,-1.2807371e-05,0.24280399,-0.43213987,0.28007412,0.16788772,-0.017653964,-0.15153134,-0.29744428,-0.09517776,0.10326852,0.14043929
24.293478074173446,35.130434424522214,78.52256,9417600.350189209,73.11236,-0.0022057092,-0.0057645286,-0.38785684,-0.09468884,0.39553845,-0.04148359,-0.4645752,-0.2302409,-0.44213757,-0.039273567,0.063192934,0.07440269
24.85869584610084,35.31159408476158,76.05999,9504000.051498413,72.494545,0.009304252,-0.0017625877,0.058529705,-0.43404528,-0.4121165,0.1983988,0.6998925,0.1667131,0.33539182,-0.09212426,-0.09925373,0.13541853
24.423912946628306,35.13405791039468,84.735344,11577599.464416504,72.77554,-1.6428161e-05,1.5976319e-05,0.053648558,0.07837777,0.22695234,-0.0739206,0.10958354,0.11577381,0.23294976,0.06330913,0.14545833,0.15863849
24.43478277193275,35.06521686399416,78.38795,13219200.370788574,72.566826,-0.0021065231,-0.0044267843,0.12652765,-0.3718459,0.26654473,0.10465025,0.32201254,-0.2099019,0.23897746,-0.14063649,0.08161688,0.16260362
24.57608686867857,35.22463755910878,78.28966,11750399.96395111,71.89326,0.0019387897,-0.0025009022,0.47758967,-0.7808888,-0.4810725,0.13872376,0.29119775,-0.103480004,-0.21856678,-0.1659213,-0.12423971,0.20728093
24.278985653174068,35.159420527680346,80.15937,4060799.9472141266,72.616615,-0.0003453882,-8.3832674e-05,0.1449073,-0.5582733,0.51148534,-0.29436728,-0.31186125,0.17979267,-0.08074782,-0.122965634,0.0992748,0.15803808
24.60144921950647,34.9456523441682,85.40489,17452799.99485016,71.761856,-1.47681e-06,5.442561e-07,-0.039597914,-0.356125,0.21496333,-0.11377976,0.23780945,0.18461174,0.4667708,-0.1497128,0.1310924,0.19899532
24.423912946628306,35.13405791039468,84.735344,2678400.0643730164,71.931404,3.845096e-06,-2.4110059e-06,0.117374964,-0.58161104,0.44928852,-0.12680423,-0.21122402,-0.085954845,0.6015006,-0.1289117,0.13763072,0.18857478
24.528985389862203,35.079710263267266,73.800804,4579200.074672699,72.80359,0.3989655,-0.37323952,0.3271969,-1.0218376,-0.3056918,0.5881517,0.20913216,-0.31723526,0.16594005,-0.13794985,-0.08629681,0.16271847
24.43478251062254,35.050724689208764,81.254395,5011200.226593018,71.78807,-3.310768e-05,0.00012065568,0.2605419,-1.1083115,0.35332015,-0.2142781,-0.8769231,-0.37631533,-0.100256525,-0.10816363,0.022258475,0.110430114
24.521739153231497,35.18115965909355,80.50853,10022400.453186035,72.1277,0.00040700176,0.00036360696,0.2865604,-1.4195491,-0.6826967,0.47274694,0.08254862,-0.24235736,0.28356618,-0.21406204,-0.19879946,0.29213658
24.60144921950647,34.9456523441682,85.40489,3283199.893140793,71.17841,-1.0558505e-06,2.0443601e-06,0.12260748,0.6338335,0.21155775,0.33690888,0.26552087,-0.0906294,-0.04933677,0.13421136,0.045210496,0.1416216
24.278985653174068,35.159420527680346,80.15937,11923200.463485718,72.896355,-0.00028490153,0.0001298818,-0.066636965,-0.6177815,0.1746376,0.31671393,-0.30161554,-0.23101874,0.18124491,-0.19305773,0.08099513,0.20935974
24.55072462237475,35.07608730649443,88.70044,15811200.185394287,72.86928,-4.314534e-07,-3.8789878e-07,-0.16892946,1.2052712,0.12372537,-0.06999075,0.0057725795,0.4723563,0.49265394,0.19787055,0.023761518,0.19929215
24.278985574781007,35.18478260074926,85.36457,5529600.07982254,72.45349,-4.9818427e-06,-2.1888316e-06,0.21676284,0.72981167,0.48300067,-0.029174931,-0.00023963675,-0.028021382,0.46742845,0.16683622,0.18714416,0.2507135
24.49275373635028,35.04710138474188,79.64641,12095999.866104126,72.29827,-0.0009237048,-0.00051359454,0.16381396,-0.6584487,0.31155136,0.42657498,0.501788,-0.10747518,0.13830015,-0.10511957,0.030303061,0.10940018
24.275362351941567,35.02173896397893,79.32639,11750399.96395111,72.73415,0.0008524362,0.0012334721,-0.058488414,-0.49584877,0.242282,0.31735656,0.35830924,-0.21217336,-0.08517319,-0.1504319,0.036989734,0.15491286
24.15942034471344,35.02536261613985,84.04098,3023999.9665260315,72.82429,2.999382e-05,3.2693355e-05,0.008750476,-0.4372232,0.004780762,-0.14404446,-0.25554386,-0.35837305,-0.14983827,-0.16136114,0.00088422745,0.16136357
24.55072462237475,35.07608730649443,88.70044,14860800.180244446,72.687,-3.484518e-07,1.2196351e-07,-0.19682959,1.136731,0.2380702,0.0035355613,0.039270405,0.373259,0.4862887,0.22373664,0.059023354,0.2313911
24.003623304347823,35.192029209683014,80.788605,11577599.464416504,72.71043,0.0005485586,-0.00011634647,-0.2682594,0.71483755,0.5530289,0.123339914,-0.3367681,-0.057879213,-0.05955355,0.08128606,0.107804075,0.13501534
24.409420342711783,35.02898555779556,73.23672,15033599.582862854,73.397354,0.8408132,0.7782707,0.28604582,1.4741504,-0.2923314,-0.215437,0.18429905,-0.4951383,0.19579381,0.30438828,-0.028049722,0.30567798
24.49275373635028,35.04710138474188,79.64641,5270399.878978729,71.817955,-0.0006579008,0.00072961673,0.34272116,-0.65775764,0.21245328,0.24341112,-0.6465538,-0.41208076,0.010224283,-0.09382869,0.018989995,0.0957311
24.481884276880134,35.21376834109622,79.042,16675200.489234924,72.24506,0.0011741327,-0.0013461756,0.13019308,-1.3921579,0.5142139,0.5734039,-0.20643702,-0.3121777,0.070208296,-0.21214475,0.06316599,0.2213489
24.3985509616347,35.079710263267266,82.39983,9676799.454116821,72.27723,7.318151e-05,6.518353e-05,-0.00535414,-0.919647,0.21934837,0.1852373,-0.1779607,-0.25687444,0.08683807,-0.14250436,0.0031312853,0.14253877
24.40579730278949,34.98550712868071,82.545616,4233599.898290634,71.64997,-3.582293e-05,-4.2345586e-05,0.21425158,-1.1135473,0.04327695,-0.33405036,-0.6012839,-0.2541602,-0.49950477,-0.2639425,0.014856101,0.26436025
24.572463802625258,35.028985391507106,77.31845,1382400.019955635,72.41519,-0.0057369377,0.0028664307,-0.05678314,0.027719274,-0.922624,-0.0071605816,0.4386807,-0.25615734,0.08569219,-0.025426835,-0.21375635,0.21526334
24.62318819070881,35.09782625650204,81.14894,13824000.4737854,71.5815,-0.00010767434,0.00014732839,-0.14599144,-1.4211531,-0.21421339,0.18453313,0.22945905,-0.23882611,-0.14163741,-0.122882575,-0.03960453,0.1291071
24.40579722439643,35.07608730649443,81.130585,4752000.025749207,71.91944,-0.00020503599,0.0002062317,0.101648375,-1.1221285,0.35980254,-0.20311236,-0.7066509,-0.36569735,0.12785885,-0.16308428,0.05129733,0.1709617
24.5036234048686,34.94565269942081,84.86278,9935999.654960632,71.6618,4.8423954e-06,5.1916536e-06,-0.27496907,-0.32435036,0.0781189,-0.040984213,-0.34129137,0.1717274,-0.1813983,-0.17883708,0.04762937,0.18507095
24.340579735906957,35.22101461745307,78.71513,5356800.128746033,72.53911,-0.0027069116,0.0016817015,0.0027216412,-1.4833945,-0.42380163,-0.098781936,-0.437169,-0.010836696,-0.6736939,-0.31213027,-0.0785049,0.3218514
24.57608686867857,35.22463755910878,78.28966,5615999.781131744,71.558655,-0.00057205814,0.00021333231,-0.07451529,-1.0784055,-0.8287251,0.12316325,0.15848526,-0.1675788,-0.07181409,-0.1384331,-0.066357955,0.1535158
24.068840433535758,35.17753635462667,82.62194,16847999.891853333,72.56948,8.743498e-05,9.551225e-05,-0.045760453,0.0032910854,0.23949143,-0.1264914,-0.2855127,0.14935398,-0.017211996,0.0049299225,0.13713214,0.13722073
24.35507260113369,35.04710138474188,76.478294,17539199.696159363,72.83274,-0.03456549,-0.030786978,0.1699301,0.45086786,-0.20334376,-0.15805832,-0.24924567,0.1462284,0.14683592,0.12566695,-0.02885712,0.12893763
24.340579657513896,35.072464168316,77.031204,15206400.082397461,72.56381,-0.008164772,-0.016305726,0.28362238,0.08295445,0.2589204,-0.1516751,-0.17445526,0.0077378266,-0.11801828,0.078729436,0.10089859,0.12797987
24.293478074173446,35.130434424522214,78.52256,10368000.35533905,73.16163,-0.005410476,0.0071646767,-0.36772215,-0.2766315,0.30753767,-0.04148379,-0.3425243,-0.26124597,-0.28608364,-0.068598315,0.032161236,0.07576328
24.06159400092239,35.235507653915,77.223785,3456000.11844635,72.771545,0.016122824,0.0076376162,0.20079106,1.2513112,0.98730165,-0.12598789,-0.14114928,0.059573025,-0.7239051,0.17875412,0.14368378,0.22934268
24.35507260113369,35.04710138474188,76.478294,16156800.087547302,72.593025,0.023788637,0.027486198,0.25174877,0.53725505,0.053146422,-0.05876925,-0.28652292,0.022256762,-0.028460685,0.15913749,-0.018341094,0.16019094
24.572463802625258,35.028985391507106,77.31845,15897599.886703491,72.21133,0.007577634,-0.0016734016,0.36652127,-0.76774526,-0.22663073,0.2246331,0.28697446,-0.61410403,-0.063330896,-0.16222475,-0.03264395,0.16547658
24.369565205050215,35.10507235145331,81.59638,1814400.0347614288,72.49082,-0.00010310794,0.00022829727,-0.13098931,-0.6475508,0.5509327,0.14832208,-0.19191074,-0.15913557,0.32678086,-0.14855234,0.14147323,0.20514013
24.340579735906957,35.22101461745307,78.71513,10108800.15449524,72.87031,0.00093909464,0.0010617968,-0.091506384,-1.4904015,-0.65290445,0.24321753,-0.29412797,-0.44514593,-0.5567,-0.096830994,-0.06819024,0.118432045
24.471014503837736,35.137681214861566,84.09494,8985600.19826889,72.22803,-1.7829703e-05,1.44852775e-05,0.25223517,-0.58033544,0.33539623,0.09043597,-0.16292989,-0.28756338,0.28322703,-0.08149168,0.036932543,0.08947014
24.16304339770124,35.14130418675153,77.183464,9504000.051498413,73.05275,-0.022143943,-0.022289509,-0.07926134,0.66474736,1.0206132,-0.10526077,-0.779741,-0.04760807,0.037662424,0.06320512,0.12929039,0.14391279
24.15942034471344,35.02536261613985,84.04098,15292799.783706665,72.673615,2.457516e-05,-1.6348864e-05,0.1669139,-0.2523533,0.23357101,0.31698117,0.19944689,0.2744385,0.2961725,-0.07497253,0.075514615,0.106411174
24.46739112421217,35.10507235145331,77.031204,17798399.897003174,72.5847,-0.0071481736,0.00454993,0.1317527,-0.3940082,-0.22525619,-0.060069807,-0.026124276,-0.23851502,-0.07850173,-0.14035131,-0.07341589,0.15839313
24.351449221508126,35.36231895652174,77.53338,12873600.46863556,73.005264,-0.0154097,-0.015030362,0.31419548,-0.36579472,-0.07221757,0.5167364,0.4444108,-0.24865763,0.3679224,-0.1567131,-0.008826481,0.15696147
24.43478277193275,35.06521686399416,78.38795,2332799.8879909515,72.08852,0.00080995477,-0.0026902074,-0.061753854,-0.50176597,-0.25101757,-0.032501146,-0.2355217,-0.07727212,0.30412328,-0.14029491,-0.06383123,0.15413333
24.134057993885538,35.130434787333385,80.741425,1468799.9954938889,72.91268,0.00052708184,-0.00040897625,0.05237474,0.506528,0.8850928,-0.29016557,-0.100447334,0.036814936,0.22533917,0.10363014,0.13305813,0.16865252
24.782608584568965,35.06521774078783,85.492004,12009600.164794922,71.983315,3.8533894e-06,-3.943759e-06,-0.01600787,-0.42807275,0.35003522,-0.04136382,-0.0111916065,-0.08738093,0.020033553,-0.253668,0.13989407,0.28968573
24.800724541980035,35.0326085145684,80.91604,17712000.19569397,70.441765,-5.5894227e-05,-6.4532076e-05,0.08880682,-0.54489845,-0.2836417,0.004901685,0.57351696,-0.11841487,-0.37662023,-0.1401865,-0.08989953,0.16653582
24.43478251062254,35.050724689208764,81.254395,13305600.072097778,72.287125,0.00022703818,-4.88542e-05,-0.090637945,-0.68012226,0.30747122,0.39998472,0.40965652,-0.11509826,-0.07839502,-0.20172738,0.06404471,0.21164985
24.514492864338745,35.152173737341,77.98083,2764800.03991127,71.891,0.0031000976,-0.0036713071,0.14252627,-0.6619549,-0.047231603,0.039953016,-0.29125315,-0.33521447,0.24179667,-0.15655407,0.0011017323,0.15655795
24.880434869565217,35.11594208344836,73.60822,172800.00249445438,73.192635,-0.6750539,-0.6815511,0.15958527,-0.3069209,0.46462378,0.6514578,0.50649923,-0.18701744,-0.012754664,-0.1186086,0.28955346,0.31290448
24.471014503837736,35.137681214861566,84.09494,5875199.981975555,71.88746,1.3092056e-05,-5.500921e-06,0.26117465,-0.7069731,0.36904433,-0.016894951,-0.19565573,-0.30152318,0.4797073,-0.07942037,0.082339495,0.114400126
24.572463802625258,35.028985391507106,77.31845,14601599.979400635,72.33908,-0.009902962,-0.010093502,0.33091357,-0.7228451,-0.1227451,0.24532735,0.33193168,-0.45239338,-0.10610878,-0.1710993,-0.037521034,0.17516507
24.503623143558386,34.916666955294566,80.479385,10627199.459266663,71.75423,-0.000115813426,-0.00020568063,0.40275204,-1.0666615,0.10194658,0.41929024,0.093298,0.006706901,-0.5518466,-0.18384267,0.008465387,0.18403748
24.75362311542571,35.148550251468535,82.31272,6652800.036048889,72.18357,5.1049243e-05,8.57266e-05,-0.1168829,1.2015433,-0.15619342,-0.11392055,-0.17288494,0.12999165,0.12800577,0.2673663,-0.088470414,0.2816234
24.409420264318722,35.097825908808005,75.01247,1036799.9806880951,72.7183,0.05659047,0.080420375,0.4137374,-0.30459026,0.4721116,0.15899342,0.12935472,-0.013341699,0.18480933,-0.11794882,0.1818085,0.21671699
24.242753659958876,34.931159481553294,83.59315,2851200.015449524,72.56165,-3.639978e-05,2.8356899e-05,0.22748968,-0.31812602,-0.44737625,-0.12328286,0.11001724,-0.14421916,-0.36064973,-0.08753639,-0.14005907,0.16516404
24.514492864338745,35.152173737341,77.98083,11923200.463485718,72.45683,0.0049699307,0.0042925277,0.094199225,-0.8997421,-0.4559613,0.10304904,0.19509673,-0.27020502,0.0070026126,-0.1682964,-0.09603635,0.1937696
24.507246418659868,35.018115659512056,74.98295,0.0,72.784485,-0.12864286,0.07322164,0.22473797,0.20230728,-0.6099672,-0.18365604,0.40925518,-0.26852924,-0.14142752,-0.01778923,-0.1893708,0.1902045
24.278985574781007,35.18478260074926,85.36457,518399.99034404755,72.360275,3.5381552e-06,6.3083626e-06,0.035145923,-0.103964455,0.23748945,-0.18277904,-0.42055675,-0.027847003,0.11268192,-0.061019078,0.11512588,0.13029695
24.57608686867857,35.22463755910878,78.28966,10627199.459266663,71.95454,0.0016392797,0.001135536,0.40532875,-0.7805537,-0.66529244,0.093989,0.39682063,0.024395294,-0.28853297,-0.1471847,-0.13524896,0.199889
24.17028990870767,35.119565206509655,75.23819,5011200.226593018,72.17477,0.050867632,-0.04337891,0.011982296,1.4041095,1.037336,-0.056104206,-0.06144496,0.3069171,0.22349331,0.14911643,0.11147612,0.18617904
24.782608845879178,35.07246365433351,80.82854,16588799.691009521,70.57649,-5.7892754e-05,-3.3079603e-05,0.05270648,-1.2744207,0.12260912,0.104294576,0.15236622,-0.25949317,-0.18420199,-0.20367244,0.021840438,0.20484011
24.264492787947336,35.06521739309379,75.914215,6393599.835205078,72.488815,-0.042565312,-0.014732799,0.07749452,1.9342262,1.1344985,0.02781253,0.14472061,0.28439328,0.1675219,0.11431712,0.032753587,0.11891679
24.507246418659868,35.018115659512056,74.98295,518399.99034404755,72.786964,-0.13143647,-0.12638292,0.15767902,0.13661288,-0.6940306,-0.13832441,0.34724826,-0.2726885,-0.0753815,-0.035080742,-0.1995847,0.20264429
24.507246627708035,35.15217355593542,72.15966,16847999.891853333,73.731575,-0.22867021,-0.20825203,0.012938242,1.0173712,-0.50598496,-0.07206742,0.24238363,-0.45438486,-0.2742026,0.24345437,-0.122782424,0.2726638
24.49275373635028,34.95652190987481,78.13308,18316800.298690796,72.01158,0.0007628108,0.0034503462,-0.11659015,-0.41983587,0.12798442,-0.012346886,0.056650553,-0.38303337,0.44739896,-0.1355809,0.14628671,0.1994542
24.365941903817713,35.11594190204278,77.940506,4233599.898290634,72.50448,0.001433476,0.006291679,-0.023276538,-0.8737992,0.36177227,-0.031408317,-0.42273322,-0.074746564,0.14060563,-0.18636191,0.058617122,0.19536306
24.55434784521419,35.039855304907746,78.730316,10454400.056648254,72.26111,-0.0012008608,-0.002250018,0.27633244,-0.84256804,0.081250325,0.22121927,0.28388783,0.026536569,0.32016346,-0.15322894,-0.0014285706,0.1532356
24.619565229179578,35.18478278215484,82.255135,15292799.783706665,71.641884,-1.4798802e-05,1.6526916e-05,0.1152393,-1.5706229,-0.14478195,0.37421495,-0.07122538,-0.45644408,-0.32369646,-0.13262048,-0.014580905,0.13341962
24.822463669968496,35.11956556932083,79.471794,2937599.9909877777,72.532936,0.0007486489,0.0016789036,0.08014482,0.5158315,-0.09098089,0.36898142,0.31884718,0.46768942,0.17394543,0.23223674,-0.01776246,0.23291503
24.471014503837736,35.137681214861566,84.09494,8467199.796581268,72.15732,6.661894e-06,1.5592286e-05,0.27268276,-0.64745224,0.36105326,0.08815946,-0.22380623,-0.3347732,0.30002362,-0.073051035,0.030029528,0.07898244
24.365941903817713,35.11594190204278,77.940506,518399.99034404755,72.762665,-0.005853711,-0.005993134,0.34132403,-0.9836854,0.35752788,0.066449136,-0.036987506,-0.086565524,0.2549075,-0.30713153,0.15038499,0.34197283
24.271739312019278,35.0833337340226,74.97577,9849599.953651428,73.09349,0.05668773,-0.0009876336,-0.25422862,0.91020834,1.0873286,-0.1782828,-0.061486803,-0.13009083,-0.22519147,0.15929115,0.16460218,0.22905795
24.3913043591697,35.05434799367564,86.750465,12441599.768257141,72.26562,-1.4376292e-07,9.2397005e-07,-0.013044421,0.39554045,0.24375084,-0.073176764,0.35068804,0.21189679,0.3227749,0.15366673,0.113547795,0.19106692
24.782608845879178,35.07246365433351,80.82854,12095999.866104126,71.593605,-5.4954227e-05,0.0001992906,-0.31921533,-0.84517765,-0.14970809,-0.13782501,-0.23558909,0.074858464,0.1749826,-0.12366194,-0.03773877,0.12929226
24.572463802625258,35.028985391507106,77.31845,10108800.15449524,72.53758,0.012102879,0.012064489,0.21165195,-0.7728653,-0.10582617,0.13669947,0.30084312,0.025711086,0.34095415,-0.09458492,-0.078041494,0.12262456
24.06159400092239,35.235507653915,77.223785,8553600.046348572,73.2592,0.021909945,-0.023506049,0.19211149,2.5795765,1.3188899,0.06186028,-0.42620617,0.06680116,0.34570462,0.18260676,0.08940976,0.20332076
24.293478074173446,35.130434424522214,78.52256,8035200.193119049,72.925095,0.0057501104,0.0045957444,-0.28750846,-0.13734843,0.47457314,-0.074810155,-0.46564862,-0.10388629,-0.45209262,-0.046129435,0.07082452,0.084522404
24.53985505838052,35.14492730981283,78.72631,2159999.936914444,71.77525,0.0012370349,0.0016027194,-0.0044977516,-0.25866684,0.014689397,-0.010630719,-0.18099591,-0.25175408,0.22066557,-0.11325532,0.041390583,0.12058171
24.24275355543479,35.275361916886446,83.709785,1728000.059223175,72.95079,2.5768695e-05,1.7242684e-05,0.25471058,0.3620793,0.7783547,-0.23404306,-0.043832727,0.15095617,-0.06659622,0.12288057,0.21199204,0.24503113
24.17028990870767,35.119565206509655,75.23819,16502399.989700317,72.21625,0.014278932,0.056405757,0.41376254,0.21347412,0.14444119,-0.20610628,-0.34965762,0.26158643,0.07005665,0.07313215,0.0510806,0.089205034
24.409420264318722,35.097825908808005,75.01247,2851200.015449524,72.572266,0.10345306,0.09178628,0.22887367,-0.122889474,0.42999247,0.25557163,0.16125357,-0.021986004,0.3585643,-0.039429702,0.10698759,0.11402213
24.15942034471344,35.02536261613985,84.04098,13824000.4737854,72.779564,-3.1371623e-05,1.3222145e-05,0.106783375,-0.29294747,-0.031392623,0.2578004,0.30365476,0.17871353,0.28910452,-0.07978751,-0.010460392,0.08047028
24.62318819070881,35.09782625650204,81.14894,1900800.0102996826,71.633156,3.402709e-05,-0.00011857443,-0.095586665,0.10947876,-0.26114434,0.16583458,0.12020254,-0.053753305,0.20350146,0.095060945,-0.091890074,0.13221335
24.57608686867857,35.22463755910878,78.28966,12614400.267791748,71.80943,0.002349643,0.00038124376,0.50141436,-0.8155514,-0.35475695,0.18560393,0.1999627,-0.23254709,-0.14542705,-0.17476672,-0.083919436,0.19387077
24.336956356281394,35.12681217825459,78.56935,8726399.99742508,72.91327,-0.0024042532,0.005473596,-0.40387177,-0.36497366,0.19985884,0.045932405,-0.30544564,-0.23804551,-0.4353983,-0.16285124,0.04949852,0.1702076
24.46739112421217,35.10507235145331,77.031204,3456000.11844635,72.154854,-0.006900828,0.011193983,0.14453708,-0.77759576,-0.056603123,0.28492785,-0.22931588,-0.24115978,0.3477526,-0.18340634,-0.006125793,0.1835086
24.271739312019278,35.0833337340226,74.97577,12355200.066947937,72.97522,-0.13123022,-0.04479286,-0.0797125,0.29206267,0.7468359,-0.3169972,-0.037590317,-0.19422607,-0.10764565,0.08258396,0.124865055,0.14970435
24.423912946628306,35.16304383214723,83.815254,8553600.046348572,72.22616,-2.3156248e-05,-2.1919162e-05,0.2593408,-0.6680863,0.23019098,0.36744827,-0.099713214,-0.28691044,0.19765118,-0.16187784,0.026808888,0.16408277
24.282608510179216,35.10869565592019,73.044136,10022400.453186035,72.94166,0.64019406,0.6580566,-0.21297944,1.6227629,1.1530414,0.11361412,0.08481349,-0.16261952,0.2682078,0.14221498,0.12356013,0.18839376
24.576087129988778,34.96376817111452,80.53768,3456000.11844635,71.92116,-0.00029435317,-2.4327066e-05,0.18971974,0.31497872,-0.41368848,-0.07090097,0.061273567,-0.31933987,-0.25308058,0.12293331,-0.119935885,0.17174754
24.5036234048686,34.94565269942081,84.86278,13824000.4737854,72.30895,-6.9980533e-06,-2.6772261e-06,-0.34408134,-0.4521355,0.1920467,-0.04300008,-0.11857108,0.12402795,0.4813536,-0.16454427,0.07666412,0.18152742
24.278985653174068,35.159420527680346,80.15937,5443199.830055237,72.53439,-0.00066032575,-0.0005040222,0.19743529,-0.51498306,0.48829022,-0.21872097,-0.42988306,0.1302936,-0.08639219,-0.15754437,0.11484924,0.19496301
24.731884091961334,34.88405773852335,82.62194,7257600.139045715,71.88596,4.0143026e-05,1.7207642e-05,0.013913404,1.3945389,0.28149644,-0.012006447,-0.007148195,-0.12603626,-0.102499984,0.23845823,0.07797223,0.25088245
24.85869584610084,35.31159408476158,76.05999,7689599.742507935,71.976585,0.022488328,0.016343107,0.21332824,-0.10472935,-0.39019665,0.35341766,0.75507694,-0.059937898,0.4187253,0.005535528,-0.08903579,0.0892077
24.586956589458925,35.03623181903528,81.050644,13046399.871253967,71.7979,0.0001489195,8.324327e-05,-0.085649215,-1.0081786,0.2934479,0.23150775,0.25769156,-0.021009505,-0.053699367,-0.08569461,0.02769309,0.09005817
24.47463793572534,35.15579704180788,74.131996,13910400.175094604,73.006165,-0.3525222,0.3112763,0.16880283,-0.60778284,-0.29690093,0.07246821,-0.014658131,-0.7100234,-0.4819813,-0.077947,-0.06653069,0.10247959
24.619565229179578,35.18478278215484,82.255135,12009600.164794922,71.77286,-5.5085908e-05,-1.3620959e-05,0.30352825,-1.6007771,-0.79684883,0.28196427,0.122857854,-0.40857282,-0.10495695,-0.15989754,-0.097061336,0.18705113
24.2137679164399,35.101449394680465,78.1842,172800.00249445438,73.35644,-0.005652114,-0.008826797,0.20235616,-0.34581685,0.6736823,-0.218537,0.2536199,0.24149558,0.027317194,-0.103422,0.1432683,0.17669724
24.003623304347823,35.192029209683014,80.788605,7084800.187969208,72.529884,0.00042927684,5.9169204e-05,0.18258649,2.2216127,1.5576104,-0.0834823,0.05953286,0.21361327,0.39285877,0.19982702,0.15167464,0.25087056
24.271739312019278,35.0833337340226,74.97577,17452799.99485016,72.65848,0.08251747,0.11326825,0.34380084,0.6196581,-0.39325213,-0.15721536,0.017191466,0.3062466,0.18651259,0.19291371,-0.061260354,0.20240684
24.3985509616347,35.079710263267266,82.39983,5184000.177669525,71.93768,-4.374696e-06,-2.3369219e-05,0.12146842,-1.3144407,0.17324638,-0.3921662,-0.7166659,-0.45192528,0.053359933,-0.2160922,0.008073457,0.21624297
24.43478277193275,35.06521686399416,78.38795,8380800.095272064,72.48345,0.00085008726,0.0026371207,0.1489806,-0.29300293,0.35906014,0.48895806,0.3520368,-0.22093154,-0.038257755,-0.05979555,0.07017135,0.09219287
24.55434784521419,35.039855304907746,78.730316,6912000.2368927,71.8746,-0.001802225,-0.00019013043,0.4111308,-0.79527605,-0.07317023,0.2892077,-0.22427744,-0.44075954,0.14638388,-0.16191363,-0.06498856,0.1744693
24.15217408195171,35.09782609021359,90.079155,16588799.691009521,71.60979,-3.7019536e-08,-1.9790024e-08,-0.09949719,0.9640846,-0.19836695,-0.17265674,0.034979966,0.83014584,0.7416829,0.17052528,-0.03919027,0.17497072
24.655797039477626,35.09782643790763,82.953125,14601599.979400635,71.76711,1.4853128e-05,3.2219024e-05,-0.19275749,-1.4811131,0.044322476,0.23853287,0.13324164,-0.24678308,-0.19587204,-0.16163188,-0.0031509697,0.1616626
24.15217408195171,35.09782609021359,90.079155,10368000.35533905,71.90667,2.1818192e-09,9.003334e-09,0.46431077,-0.17479855,-0.4663465,-0.17405015,0.28838614,0.022285927,0.3896153,-0.044351056,-0.091095924,0.101318724
24.659420157792983,35.13768139626715,82.9603,6047999.933052063,71.81716,-3.226844e-05,-2.7057786e-05,-0.06485952,0.5373881,0.05335629,-0.059903063,-0.41447222,-0.056131974,0.4000531,0.15819308,-0.04634215,0.16484128
24.75362311542571,35.148550251468535,82.31272,518399.99034404755,72.154175,2.0202117e-05,1.4511002e-05,-0.6273282,0.47304145,0.31676817,0.037322026,0.34737328,0.10451904,-0.011685535,0.09657124,0.08445588,0.12829185
24.32608705359737,35.05434782738719,80.59564,3196799.917602539,72.26197,-0.0004558973,-0.00043661895,0.07538256,-0.58997273,0.2162071,-0.32017696,-0.29637378,-0.1479916,0.16616437,-0.16082628,0.031862758,0.16395222
24.507246418659868,35.018115659512056,74.98295,11750399.96395111,73.3245,0.0029851191,0.077684715,0.3736595,0.3884236,-0.10386206,0.0149007365,0.62811506,-0.18108715,-0.09219157,0.10900963,-0.05860468,0.12376432
24.2137679164399,35.101449394680465,78.1842,3715200.0450611115,72.57129,0.0050736237,0.005597271,0.27050912,0.3895205,0.8946408,-0.45848227,-0.045335926,0.24882099,-0.035285436,0.04681083,0.22646368,0.23125105
24.268116089179838,35.07971042955572,81.07262,16588799.691009521,72.57938,-8.3837826e-05,0.00039834,-0.024209395,-0.5588703,0.540399,0.4485409,-0.29273766,0.11907591,-0.17388701,-0.07604329,0.10882911,0.1327643
24.134057993885538,35.130434787333385,80.741425,12700799.969100952,73.02215,0.0006083367,0.0003027661,-0.048855804,0.23110089,0.27269036,0.038158882,-0.41158074,0.046943396,0.2496373,0.08776468,0.115248814,0.14486176
24.32608705359737,35.05434782738719,80.59564,345600.00498890877,72.46485,-0.00045706393,0.00028351674,-0.05624839,-0.8418013,0.056201547,0.062122032,-0.20660314,-0.056006614,0.29851532,-0.10508373,0.03744836,0.11155702
24.3913043591697,35.05434799367564,86.750465,13737599.675559998,72.08549,1.3667614e-06,-1.3321041e-06,0.08124916,0.70658493,0.09519662,0.056644488,0.5793434,0.36049443,0.5036084,0.18800384,0.03198558,0.19070531
24.521739153231497,35.18115965909355,80.50853,16502399.989700317,71.90294,0.00014336398,0.00034763932,0.03933096,-1.672311,0.2531354,0.45829064,-0.19316241,-0.33589473,-0.25211155,-0.20933473,0.03047391,0.21154122
24.57246390714934,35.13405809180027,82.83649,3974399.971675873,71.974976,-3.5679095e-05,-1.6072452e-05,-0.009632297,-0.29541937,0.45634294,0.15329058,-0.3671082,-0.015972374,0.4951107,-0.07383466,0.14865488,0.16598141
24.275362351941567,35.02173896397893,79.32639,17193599.794006348,72.127846,-0.00087517186,0.0013217026,-0.029777907,-0.64766777,0.4898444,0.32812622,-0.48804727,-0.23613255,-0.27865973,-0.09607814,0.12326552,0.15628627
24.264492787947336,35.06521739309379,75.914215,7603200.0411987305,72.66183,-0.009483142,-0.049914096,-0.04924094,1.9464952,1.2567167,0.0028650314,0.041629255,0.1948192,-0.09774604,0.1019143,0.038538665,0.108957574
24.369565205050215,35.10507235145331,81.59638,11664000.262641907,72.47111,-4.1579244e-07,0.00016867793,0.0067620873,-0.858986,0.10318816,0.34018514,0.11387955,-0.16308205,0.34345195,-0.11029865,-0.002091527,0.11031848
24.619565229179578,35.18478278215484,82.255135,10627199.459266663,71.7098,5.8202582e-05,-4.1949184e-05,0.34930497,-1.3672296,-0.7368679,0.33759266,0.13436815,-0.31675166,-0.06663498,-0.16538864,-0.17202084,0.23863062
24.586956589458925,35.03623181903528,81.050644,2678400.0643730164,71.63579,0.00015594192,-6.2117004e-05,0.1620857,0.2655877,-0.3901931,0.10528377,-0.062292717,-0.14809501,-0.016117264,0.09680274,-0.08984947,0.1320746
24.003623304347823,35.192029209683014,80.788605,6307200.133895874,72.46099,0.0003001899,9.944414e-05,0.25412846,1.9965051,1.6513605,-0.121765204,0.03862527,0.13601537,0.36072543,0.2519879,0.17433578,0.30641615
24.293478074173446,35.130434424522214,78.52256,9331199.551963806,73.10323,-0.00337018,-0.0065058004,-0.3854255,-0.087511756,0.4025322,-0.041949585,-0.47121462,-0.2253701,-0.45155358,-0.03823204,0.06483103,0.07526454
24.32608705359737,35.05434782738719,80.59564,15983999.588012695,72.3541,-0.00035578085,0.000113568094,-0.04864885,-0.7730167,0.50049096,0.3304552,-0.2586193,-0.1117072,-0.32694387,-0.14241052,0.13462059,0.195968
24.286231733018653,35.16304365074164,82.86601,13219200.370788574,72.64207,7.3404786e-05,8.159877e-05,0.011539139,0.33386037,0.0715596,0.0067384467,0.103990495,0.3461627,0.25135335,0.15397945,0.024587005,0.15593009
24.409420264318722,35.097825908808005,75.01247,15379199.48501587,72.90103,0.14144376,0.0785601,0.262676,0.36829263,-0.2254981,-0.053920113,-0.08450384,-0.30980068,-0.13914421,0.20988072,-0.08875859,0.22787717
24.586956589458925,35.03623181903528,81.050644,3023999.9665260315,71.598236,0.0001644342,0.00010072991,0.22057304,0.33287847,-0.32389238,0.10031848,-0.14083141,-0.1571767,0.0024558287,0.11900318,-0.08452323,0.14596552
24.369565205050215,35.10507235145331,81.59638,4147199.9227523804,72.177444,-0.00017105631,-8.617217e-05,-0.027628139,-0.81468296,0.44750246,-0.15354651,-0.35320625,-0.27186048,0.32065132,-0.13134286,0.08038503,0.15398929
24.15217408195171,35.09782609021359,90.079155,2851200.015449524,71.660706,9.657636e-09,4.20049e-08,0.08474766,-0.32836485,-0.22303988,0.6385408,0.05976456,-0.14756733,-0.07949006,-0.19051574,-0.057727814,0.19906971
24.40217392316393,35.07246365433351,77.73675,86400.00124722719,72.52714,-0.002161602,-0.008230476,0.11699864,-0.47400108,-0.29857728,-0.081972666,0.097547956,-0.0066006724,0.1511634,-0.12635279,-0.04140889,0.13296512
24.242753659958876,34.931159481553294,83.59315,777599.9855160713,72.39331,2.896964e-05,2.4412195e-05,0.12150036,-0.005916953,-0.23178874,-0.02439706,0.07582746,-0.14755759,-0.10392048,0.018937767,-0.13587539,0.13718878
24.15217408195171,35.09782609021359,90.079155,3542400.093984604,71.55417,-1.568122e-08,1.2707802e-08,0.14481938,-0.2131775,-0.15068705,0.6097309,0.1495236,-0.119650185,-0.02913355,-0.20124486,-0.07259333,0.21393758
24.271739312019278,35.0833337340226,74.97577,15638399.68585968,72.43682,0.08624224,0.014492495,0.37383956,0.4347053,0.038506664,-0.13464084,-0.12178636,0.13706867,0.008001074,0.100156486,-0.0027913079,0.10019538
24.57246390714934,35.13405809180027,82.83649,3023999.9665260315,71.99958,4.5312987e-05,3.2979045e-05,-0.06878461,-0.28210154,0.49527076,0.15235263,-0.27019173,0.014964242,0.40956813,-0.06977103,0.16819377,0.18209103
24.514492864338745,35.152173737341,77.98083,11059200.15964508,72.49647,0.0042707594,0.0048040794,0.040086377,-1.0183921,-0.5598243,0.102903865,0.21499583,-0.187819,-0.04920216,-0.14052975,-0.09490037,0.16957209
24.60144921950647,34.9456523441682,85.40489,9590399.752807617,71.516655,-1.2017242e-06,2.105178e-06,0.07652247,0.41586754,0.34945375,-0.39364997,-0.23161006,0.40510845,-0.20692033,0.06441645,0.1075865,0.12539671
24.57608686867857,35.22463755910878,78.28966,8553600.046348572,71.65424,-0.0004744235,0.0022202716,0.19552493,-0.89799607,-1.0486594,0.052431926,0.45941156,0.0351135,-0.26208332,-0.12259278,-0.09404015,0.15450741
24.3985509616347,35.079710263267266,82.39983,18403200.0,72.32468,-9.295357e-05,5.498e-05,-0.13723037,-0.9419322,0.50388587,0.5857041,-0.16336274,0.3874732,-0.09205448,-0.22661386,0.24078234,0.33065084
24.282608510179216,35.10869565592019,73.044136,16329599.49016571,72.539215,0.61862254,0.62751937,0.12633932,1.0129054,-0.3350564,-0.10641339,0.20882586,-0.027658306,0.31181425,0.11847396,-0.038921967,0.124703646
24.822463669968496,35.11956556932083,79.471794,7430400.090122223,72.40834,-0.001209932,-0.0013517896,0.35482794,0.5313034,-0.3325058,-0.1921694,0.061904445,0.30148536,0.23518574,0.18102726,-0.114225596,0.21405223
24.51086948471318,35.141304337922854,75.965324,8380800.095272064,72.65771,0.04649137,0.03546342,-0.109666415,-1.5161569,-0.81052357,0.18545997,0.08946276,-0.23519127,-0.50323135,-0.22443372,-0.12617737,0.25747082
24.677536062942007,35.07971042955572,84.775665,16156800.087547302,71.94708,-2.5358354e-06,3.0354408e-06,-0.20696542,-1.21965,0.5195608,0.058304224,0.101677075,-0.10635535,0.053301655,-0.20472977,0.085180074,0.22174291
24.731884091961334,34.88405773852335,82.62194,8035200.193119049,71.9038,3.3170978e-05,3.9920484e-05,0.092051685,1.605636,0.34894392,-0.047540613,0.04261802,-0.09252649,0.04948785,0.24382006,0.06542679,0.25244582
24.5036234048686,34.94565269942081,84.86278,12700799.969100952,72.15652,-3.6086585e-06,-5.856473e-06,-0.35016772,-0.41379437,0.17948316,-0.1149536,-0.23461616,0.15752526,0.31026298,-0.118330166,0.040929392,0.1252088
24.336956356281394,35.12681217825459,78.56935,16934399.593162537,72.56139,-0.0015224912,-0.00026805,0.107823715,-0.5715703,0.33881685,0.24188659,-0.1611793,0.005866278,-0.17970154,-0.14263397,0.09579964,0.17181973
24.141304256647267,35.05072417522627,80.839714,5788799.732208252,72.6154,0.00029663512,0.00021805012,0.39585796,-0.12665477,0.20865104,-0.45939672,0.25824735,0.16958085,0.2406218,-0.1338049,0.05682856,0.14537276
24.85869584610084,35.31159408476158,76.05999,9158400.149345398,72.3861,-0.024300672,-0.028374024,0.09161552,-0.38596475,-0.41004148,0.24933022,0.71866983,0.13054332,0.36007503,-0.086913764,-0.09928873,0.1319555
24.822463669968496,35.11956556932083,79.471794,1382400.019955635,72.21589,-0.0007429033,-0.0012436445,-0.10095324,0.7923534,0.034908548,0.46458372,0.4777074,0.36828908,0.11835528,0.26134202,0.045700893,0.26530778
24.525362323808892,35.01449270273921,80.76379,15897599.886703491,71.73807,-0.00017325785,0.0002274202,-0.067991726,-1.7042453,0.3593664,0.21012723,-0.049047768,-0.22526114,-0.14962149,-0.097264275,0.024641588,0.10033716
24.518115930392057,35.170290078269815,76.7112,4838399.727058411,72.06583,0.010121852,-0.0055973334,-0.033711575,-1.4546325,-0.6029314,0.14498252,-0.10530313,-0.39284432,-0.18674254,-0.12804376,-0.022312537,0.12997328
24.49275373635028,35.04710138474188,79.64641,7430400.090122223,71.88804,0.0006833686,0.000144416,0.42226952,-0.4335744,0.37653548,0.42092866,-0.1304338,-0.3542554,-0.026978195,-0.08984336,0.015499711,0.09117056
24.068840433535758,35.17753635462667,82.62194,15638399.68585968,72.33647,5.3340962e-05,3.29959e-05,-0.14973971,0.3005822,0.17066284,-0.13311276,-0.15886259,0.17162415,-0.0027698986,0.061204065,0.052641734,0.08072849
24.17028990870767,35.119565206509655,75.23819,6480000.084972382,72.33414,0.06750532,0.06780422,-0.19342715,1.9839572,1.2079773,-0.011972889,-0.17514685,0.35784057,0.4705602,0.19057278,0.09902826,0.21476634
24.409420342711783,35.02898555779556,73.23672,1296000.0444173813,72.83006,0.66460353,0.67618096,-0.00306366,0.40855643,-0.105756834,-0.009779185,0.35677058,-0.32882595,-0.022838887,0.16627721,-0.033790044,0.16967581
24.619565229179578,35.18478278215484,82.255135,13564800.27294159,71.72917,-6.111917e-05,-1.3484395e-05,0.18361181,-1.6062192,-0.60347825,0.31813434,0.04664411,-0.4873343,-0.22135913,-0.094387285,-0.07849239,0.12275999
24.53985505838052,35.14492730981283,78.72631,5270399.878978729,71.75722,-0.0016003874,-0.0014976196,0.048159048,-1.0352145,-0.27546015,0.3005852,-0.39865142,-0.2825324,0.08193837,-0.14649516,-0.013522081,0.14711791
24.579710091518006,35.06884069756067,84.24473,15206400.082397461,72.230865,1.4498583e-05,-1.3905137e-05,-0.2846765,-0.65349746,0.29967082,0.13886504,0.29165208,0.18713889,0.1257251,-0.19514306,0.079446234,0.21069533
24.268116089179838,35.07971042955572,81.07262,16847999.891853333,72.55033,-8.868454e-05,0.000365796,-0.042868428,-0.5316082,0.56083643,0.46699643,-0.2977421,0.12507139,-0.1745385,-0.071176946,0.10863261,0.1298738
24.3913043591697,35.05434799367564,86.750465,10540799.757957458,72.32412,2.0651807e-07,1.2854359e-06,-0.15551877,-0.08694543,0.39664513,-0.30454773,-0.03455656,0.08892874,-0.018976483,-0.0013416857,0.13948184,0.1394883
24.481884276880134,35.21376834109622,79.042,3196799.917602539,72.10707,-0.00039053982,0.0005407167,-0.13272563,-1.0890568,-0.18311527,-0.09818549,-0.34649777,-0.24635535,-0.11798125,-0.17056054,-0.0077088177,0.17073466
24.35507260113369,35.04710138474188,76.478294,12095999.866104126,72.93353,0.028471116,0.036165133,-0.0101063475,0.47540912,0.5714173,-0.25298145,0.11798719,-0.09360677,0.05104564,0.09604584,0.13298026,0.16403826
24.171296292717127,35.10648163098043,78.049835,12355200.066947937,73.402084,0.0048745205,-0.0012145613,-0.06403944,-0.3033783,0.61182904,-0.19748065,-0.44974884,-0.14803919,0.046579905,-0.06289032,0.100400016,0.11847091
24.32608705359737,35.05434782738719,80.59564,9244799.850654602,72.483444,0.0003008617,-0.0005531285,-0.184753,-0.5351436,0.26119027,0.26007068,0.14926818,-0.26587558,-0.19927377,-0.1801951,0.062619925,0.19076563
24.293478074173446,35.130434424522214,78.52256,4838399.727058411,72.65818,-0.0039354176,0.0044585504,0.04057749,-0.60796833,0.5672696,-0.3524418,-0.45628938,0.15647677,-0.13084838,-0.16540283,0.17175691,0.23845027
24.003623304347823,35.192029209683014,80.788605,1123200.0247836113,73.29753,-0.0008053909,-0.00017938654,0.19339594,0.32608792,0.96131337,0.20377338,-0.002160877,-0.40014598,0.18626064,0.10434988,0.22041371,0.24386698
24.619565229179578,35.18478278215484,82.255135,1382400.019955635,72.151146,-9.1040565e-05,-8.235004e-05,-0.39104193,-0.19633591,0.52641505,-0.07576584,-0.124088354,-0.06807457,0.29468936,-0.0049287826,0.11319869,0.11330594
24.471014503837736,35.137681214861566,84.09494,2073599.9613761902,72.00426,-1.2525872e-05,-8.309463e-06,-0.007988442,-0.46077818,0.67798406,-0.00898166,-0.15405193,-0.037130043,0.47839782,-0.07474587,0.08270845,0.11147929
24.286231733018653,35.16304365074164,82.86601,17539199.696159363,72.86815,1.6166191e-06,1.965442e-05,-0.43398333,0.082007736,-0.036114182,0.120577335,-0.009678479,0.50717485,0.19336513,0.11901383,-0.042832255,0.12648673
24.409420185925658,35.126811301460926,78.58091,12355200.066947937,72.72245,0.0036594353,-0.00024476874,-0.05941365,-0.54924417,-0.15160263,0.051003404,0.21942669,-0.19361712,0.19981655,-0.13847862,-0.053181782,0.14833958
24.507246418659868,35.018115659512056,74.98295,17020800.39138794,73.86498,0.35720867,0.22553732,0.3413699,0.69304836,-0.36635974,-0.19875005,0.16278768,-0.53802896,0.19406128,0.18769683,-0.103937626,0.21455333
24.579710091518006,35.06884069756067,84.24473,11836799.665260315,72.53497,8.643219e-06,2.048367e-05,0.0369398,-0.13298619,0.4151323,0.0727421,0.22362041,-0.012696853,-0.056397818,-0.053760856,0.12779398,0.13864173
24.32608705359737,35.05434782738719,80.59564,1209599.9317646027,72.45684,-0.00030201237,-7.892477e-05,-0.020796157,-0.6489502,0.12742607,-0.04723441,-0.20452598,-0.076563686,0.26487026,-0.17071408,0.062664956,0.18185213
24.619565229179578,35.18478278215484,82.255135,16156800.087547302,71.62929,-1.2508673e-05,1.8820248e-05,0.09938373,-1.5910189,0.14379536,0.40170538,-0.17154628,-0.39829,-0.36121473,-0.19624221,0.036299653,0.19957122
24.24275355543479,35.275361916886446,83.709785,8985600.19826889,72.78416,4.2768133e-05,2.9245253e-05,0.1737184,1.828878,1.586758,-0.00012937933,-0.3263472,0.52326906,0.44507378,0.250639,0.16890377,0.30223897
24.40579722439643,35.07608730649443,81.130585,5443199.830055237,71.89195,-0.00020000573,-3.9735824e-06,0.091909066,-1.295535,0.27849177,-0.1885139,-0.7394714,-0.41680524,0.0030118898,-0.16189623,0.023435228,0.1635836
24.32608705359737,35.05434782738719,80.59564,12095999.866104126,72.588356,0.000624683,0.00046580232,-0.08217595,-0.5761181,0.319771,0.43911803,0.3351228,-0.14826873,0.098237365,-0.09552404,0.0514635,0.108504996
24.40579722439643,35.07608730649443,81.130585,15206400.082397461,72.30422,0.00018969546,0.00017796914,-0.10917372,-0.8398483,0.3254311,0.25399685,0.055587433,-0.07708445,-0.23963201,-0.19590984,0.060028434,0.20490018
24.782608845879178,35.07246365433351,80.82854,6566399.786281586,72.551735,0.00046118678,-0.00031870298,0.23908085,1.3311853,-0.07563186,-0.16286066,0.043291237,0.18368956,0.44359607,0.2553601,-0.0701945,0.2648321
24.731883987437246,34.999999998854186,80.17734,16588799.691009521,70.87757,0.00015733301,-0.00018879113,-0.022402547,-0.8354341,-0.3281306,0.059162717,0.34790158,0.028529078,-0.33048865,-0.15502976,-0.13893801,0.2081778
24.57608686867857,35.22463755910878,78.28966,1814400.0347614288,71.74699,0.0024102235,0.001252199,-0.048664883,-0.43148893,-0.022732649,0.050573207,0.0057063513,-0.38772026,0.3072397,-0.1301182,0.010369077,0.1305307
24.53985505838052,35.14492730981283,78.72631,9417600.350189209,72.25788,0.001407182,-0.002536669,0.0929892,-1.025997,-0.66525614,0.23179874,0.15147685,-0.13544603,0.13426551,-0.17830503,-0.07133576,0.19204551
24.177536001617764,35.01449252133363,77.3516,17020800.39138794,72.33721,0.009135385,0.009554685,-0.012692805,-0.06426333,0.34478167,0.19924885,-0.4964318,-0.19625959,-0.245951,-0.0036990293,0.15008375,0.15012933
24.40217392316393,35.07246365433351,77.73675,6047999.933052063,72.56391,-0.006247219,-0.003441754,0.15852267,-0.40534887,0.5088444,0.33877504,-0.017471887,-0.21297538,-0.07516891,-0.13606721,0.023086334,0.13801183
24.503623143558386,34.916666955294566,80.479385,6480000.084972382,71.639244,6.443839e-05,-0.00024877634,0.4758804,-0.527825,0.009713706,0.24056506,-0.055684052,-0.23115623,-0.47168645,-0.20877898,0.035776254,0.21182209
24.17028990870767,35.119565206509655,75.23819,14947199.88155365,72.43457,-0.0071372525,0.05307201,0.26670018,0.077825144,0.4640605,-0.34653977,-0.39441833,0.22067949,0.08210613,0.035978496,0.23263097,0.23539673
24.369565205050215,35.10507235145331,81.59638,10972800.458335876,72.427536,9.169277e-05,0.00016031461,-0.006130282,-0.9025798,0.11553085,0.32803208,0.03661191,-0.22617774,0.30721104,-0.13457184,0.015127197,0.13541938
24.677536062942007,35.07971042955572,84.775665,3542400.093984604,72.00511,-7.757357e-06,6.23014e-06,0.027235288,0.5978383,0.48991427,0.077884436,0.046010077,0.17781518,0.2593007,0.21139844,0.07780002,0.22526017
24.271739312019278,35.0833337340226,74.97577,12268800.365638733,72.98965,-0.1079778,-0.020442083,-0.09360356,0.2932565,0.7589974,-0.314259,-0.033945344,-0.20124787,-0.11145226,0.08244465,0.1271433,0.15153395
24.659420157792983,35.13768139626715,82.9603,1814400.0347614288,71.96249,3.9917082e-05,-3.3550754e-05,-0.31356287,0.07026601,0.31525934,-0.033269435,-0.05014325,0.086229414,0.03673224,0.07520278,0.22129416,0.23372327
24.731884091961334,34.88405773852335,82.62194,15551999.984550476,71.51643,-3.2434145e-05,1.2206142e-05,0.077818915,0.38225353,-0.11573219,0.099983715,-0.064221516,0.059394985,0.1129613,0.14592618,-0.04308196,0.1521529
24.003623304347823,35.192029209683014,80.788605,18316800.298690796,72.818794,-0.0002954665,0.00064121996,0.23665938,-0.0005818084,0.44398183,-0.05814395,-0.3837385,-0.069769025,0.081955165,0.031660996,0.16432643,0.16734871
24.608695560661264,35.210145036629335,80.071884,11059200.15964508,71.50333,-0.00011306114,0.00037413483,0.5005661,-0.8361473,-0.53078794,0.19238815,0.21443713,-0.004289018,-0.16590667,-0.23400258,-0.12930062,0.2673497
24.608695560661264,35.210145036629335,80.071884,5443199.830055237,71.41518,0.00015481927,-0.0002922223,-0.09948351,-0.39961484,-0.27274394,0.1957544,-0.0034474432,-0.021630798,0.14214635,-0.12165403,-0.060223788,0.13574465
24.608695560661264,35.210145036629335,80.071884,8899199.948501587,71.501884,-0.000102068014,-0.00023763807,0.41591194,-0.4844111,-0.6226658,0.29708755,0.33051962,0.046328567,-0.058498643,-0.13474467,-0.16058642,0.20962855
24.57608686867857,35.22463755910878,78.28966,2159999.936914444,71.72266,0.0022379428,0.0011411463,-0.072600074,-0.4497141,-0.04046223,0.06291072,-0.033194415,-0.37543836,0.30383968,-0.12984358,-0.013280407,0.13052097
24.264492787947336,35.06521739309379,75.914215,12527999.469566345,72.925896,-0.061663426,-0.020880772,-0.07043981,0.08721724,0.64353657,-0.4100318,-0.081830435,-0.113872156,-0.1330117,0.035206165,0.16663592,0.17031442
24.40217392316393,35.07246365433351,77.73675,5097599.927902222,72.42827,0.00682485,0.004434818,0.14825383,-0.35577768,0.4461559,0.2570748,-0.124531545,-0.13936138,0.16667995,-0.1414162,0.03846498,0.14655408
24.2137679164399,35.101449394680465,78.1842,950400.0051498413,73.16803,-0.0052733314,-0.008740962,0.21405563,-0.16752958,0.7232171,-0.33486685,0.22259334,0.23012158,-0.004756227,-0.03678561,0.18637437,0.18996996
24.57608686867857,35.22463755910878,78.28966,11923200.463485718,71.87689,0.0020870357,-0.0018245915,0.4846475,-0.7842518,-0.45596445,0.14718534,0.2731931,-0.12856813,-0.20387399,-0.16815257,-0.11769197,0.20524786
24.286231733018653,35.16304365074164,82.86601,15465600.283241272,72.79346,-8.542268e-05,-5.2064428e-05,-0.17271471,0.17133507,-0.07997471,0.022037398,0.096766785,0.4946694,0.14694753,0.0853667,-0.029304117,0.090256326
24.33695651306752,35.26449269887389,75.24537,16588799.691009521,73.29044,0.15326306,0.1627717,0.13210276,-0.91561973,-0.14028916,0.43192995,-0.25927353,-0.24472737,0.09889278,-0.111122504,0.0052631674,0.11124708
24.53985505838052,35.14492730981283,78.72631,5184000.177669525,71.753815,-0.0016286225,-0.001409861,0.04718783,-1.0092059,-0.25567806,0.29810402,-0.40486136,-0.28009462,0.09421753,-0.15025999,-0.0096113905,0.15056707
24.340579657513896,35.072464168316,77.031204,1728000.059223175,72.57554,-0.0146989925,0.0024463763,0.22445816,-0.21585616,0.22384809,0.0005230531,-0.10093009,-0.04225828,0.22516632,-0.06812954,0.12314513,0.14073506
24.177536001617764,35.01449252133363,77.3516,4233599.898290634,71.806946,-0.003265236,0.0008347588,0.48362657,1.1194986,-0.025844697,-0.31550103,0.63502055,-0.19387844,0.13424705,0.14073451,-0.0071309134,0.14091505
24.623188347494935,34.98550731008629,86.27349,15811200.185394287,72.0233,2.5589972e-07,-2.0016969e-06,-0.34155908,-0.2712084,0.19121206,-0.21604463,0.20653737,0.1887132,0.28925002,-0.20071724,0.1806675,0.27005213
24.340579657513896,35.072464168316,77.031204,7516799.791431427,72.926315,0.022635594,-0.015791431,0.0057049394,0.4555584,0.8348313,0.12782896,0.0957119,-0.08476497,-0.46067435,0.08731667,0.13785557,0.16318199
24.47463793572534,35.15579704180788,74.131996,4665599.775981903,72.69173,-0.12004422,0.020727817,0.055507485,-1.2007687,-0.29127115,0.31243768,0.47162265,-0.22949071,-0.013126593,-0.089873016,0.027190566,0.09389614
24.35507260113369,35.04710138474188,76.478294,15379199.48501587,72.571846,-0.013394077,0.0010457826,0.24874389,0.6043539,0.19534783,-0.06856213,-0.22977173,-0.018730294,-0.044557475,0.15708427,-0.0019294769,0.15709612
24.579710091518006,35.06884069756067,84.24473,172800.00249445438,71.50768,-7.875978e-06,-7.3580104e-06,-0.009785805,0.04453489,0.39905772,0.15794806,0.21483564,-0.026875183,0.18438593,0.067210406,0.16640764,0.17946793
24.40579722439643,35.07608730649443,81.130585,17539199.696159363,72.1141,-0.00022878051,-0.00022389587,-0.15192905,-1.0356919,0.4820435,0.38027284,-0.22399068,0.027556334,-0.24209768,-0.21613291,0.11782843,0.24616453
24.340579735906957,35.22101461745307,78.71513,1987199.9858379364,72.59663,0.0027893297,0.0035751814,-0.24893352,-1.1389608,0.07189779,-0.3041081,-0.13098261,-0.06169699,-0.80101305,-0.20888752,0.017720863,0.20963784
24.442029139218562,35.043478080275,76.86345,16847999.891853333,72.814125,0.019002324,0.013024359,0.19704372,0.06256221,-0.12994698,-0.03541529,-0.07990792,-0.2893885,0.11679285,0.05834585,-0.06680521,0.08869709
24.481884276880134,35.21376834109622,79.042,2073599.9613761902,72.1993,0.00010757093,0.0014304157,-0.02868484,-0.82405543,0.08082223,-0.0722607,-0.27001756,-0.26201558,-0.10142828,-0.18629256,0.015166417,0.1869089
24.278985653174068,35.159420527680346,80.15937,10454400.056648254,72.956116,-0.0013159921,-0.0013129293,-0.12616831,-0.6729717,0.18962887,0.24473384,-0.4837974,-0.34783107,-0.06733057,-0.13694,0.023550496,0.1389503
24.60144921950647,34.9456523441682,85.40489,3110399.9420642853,71.17066,-3.458898e-07,2.0324496e-06,0.11828973,0.58123827,0.18014482,0.34025148,0.24839476,-0.10208484,-0.08588968,0.13149172,0.040236488,0.13751018
24.152173912100075,34.942029039701325,85.189964,6739199.737358093,73.10366,-1.2624693e-05,6.1231663e-06,-0.23535839,-1.6194081,-0.19984482,0.45408005,-0.37683374,-0.46004853,-0.050930507,-0.19115645,-0.036797874,0.19466604
24.60144921950647,34.9456523441682,85.40489,4060799.9472141266,71.22694,-2.1408114e-06,2.099801e-06,0.14570904,0.8768798,0.3369951,0.31601587,0.32877514,-0.02459418,0.0928202,0.15420178,0.059300363,0.16521114
24.286231733018653,35.16304365074164,82.86601,5615999.781131744,72.63272,-7.936873e-05,3.8088783e-05,0.08829333,-0.10443816,0.36887074,-0.09407335,-0.19835946,-0.2759421,0.19475481,-0.12026789,0.18955307,0.2244877
24.518115930392057,35.170290078269815,76.7112,4319999.873828888,72.03416,0.0133241145,0.011177739,0.019983716,-1.2822578,-0.471784,0.13703276,-0.11178591,-0.40233687,-0.052561693,-0.1394034,-0.0061691925,0.13953984
24.442029139218562,35.043478080275,76.86345,17279999.49531555,72.86588,0.019737963,0.024020014,0.14790758,0.050759837,-0.19440375,-0.09182433,-0.07732626,-0.24256222,0.18290728,0.045019157,-0.08560385,0.09671993
24.242753659958876,34.931159481553294,83.59315,14947199.88155365,72.62761,1.2713323e-05,3.491554e-05,-0.3775415,-0.7729211,0.055967018,0.37312865,-0.11975225,-0.030222109,0.24729782,-0.11151184,-0.01865961,0.11306225
24.49275373635028,35.04710138474188,79.64641,16070400.386238098,71.87719,-0.0006912051,0.00017299279,0.04336826,-1.5215862,0.1968297,0.1213883,-0.08842444,-0.41077176,-0.29285055,-0.13416955,0.054249555,0.14472209
24.53985505838052,35.14492730981283,78.72631,5097599.927902222,71.75032,-0.0015852652,-0.0013125584,0.04622771,-0.9825295,-0.23617007,0.29529893,-0.41059467,-0.27767825,0.10665016,-0.15389659,-0.00563474,0.1539997
24.286231733018653,35.16304365074164,82.86601,1123200.0247836113,72.8629,-4.8471084e-05,4.945304e-05,-0.20753747,-0.3603741,0.47495803,-0.08341541,-0.34696278,-0.057372455,0.011784384,-0.10431116,0.14839397,0.18138796
24.731883987437246,34.999999998854186,80.17734,12009600.164794922,71.63825,0.00038495357,0.00023021281,-0.3127464,-0.420095,0.41749987,-0.040429093,-0.32215452,0.078474574,0.11020706,-0.096684545,0.098493285,0.13801749
24.2137679164399,35.101449394680465,78.1842,3369599.8686790466,72.60138,0.0043119243,0.0054906015,0.26734525,0.35732752,0.8871556,-0.47423398,-0.019245937,0.24486023,-0.041042246,0.048349503,0.22892155,0.23397169
24.57246390714934,35.13405809180027,82.83649,13132799.572563171,72.111145,-3.4993274e-05,3.8909817e-05,0.01837212,-1.1738412,-0.37678906,0.2773484,0.22830889,-0.28547958,0.09721145,-0.12687343,-0.08097425,0.15051146
24.518115930392057,35.170290078269815,76.7112,8294399.845504761,72.35526,0.01199504,0.01544196,-0.1496104,-1.5893776,-1.0611746,0.010073282,0.108728945,-0.2276552,-0.6676332,-0.2469073,-0.11892339,0.2740547
24.608695560661264,35.210145036629335,80.071884,12095999.866104126,71.399475,-0.00030722274,8.119444e-05,0.45540652,-0.9535943,-0.5457933,0.11184788,0.12261315,-0.1111726,-0.19895017,-0.205532,-0.089913346,0.2243386
24.47463793572534,35.15579704180788,74.131996,17712000.19569397,73.201965,0.39755687,0.2138337,0.011723161,0.30253682,-0.4446264,0.0998159,0.07560555,-0.34031487,-0.13206017,0.15021528,-0.16232505,0.22116521
24.3913043591697,35.05434799367564,86.750465,17193599.794006348,72.37942,-1.7455782e-06,4.1525897e-07,0.0258479,0.7096455,-0.15569663,0.1394747,0.44383243,0.5793494,0.47664905,0.19399121,-0.027318016,0.19590524
24.46739112421217,35.10507235145331,77.031204,16243199.788856506,72.51432,0.0041311174,-0.015620496,0.22657272,-0.36497834,-0.14530827,-0.013748623,-0.06392437,-0.38810357,-0.29255503,-0.11028299,-0.07615437,0.13402174
24.003623304347823,35.192029209683014,80.788605,13737599.675559998,72.799,0.000598236,-0.0005361629,-0.38416478,0.45411494,0.29222777,-0.10186239,-0.5504487,0.02884313,-0.11853578,0.12448298,0.087795936,0.15232904
24.409420185925658,35.126811301460926,78.58091,17884799.598312378,72.39866,-0.0019201889,-0.0026937244,-0.046375573,-0.63215256,0.25098604,0.23582917,-0.07760028,-0.002680758,-0.1370453,-0.123313084,0.102914706,0.16061617
24.409420185925658,35.126811301460926,78.58091,10540799.757957458,72.79104,0.001453055,0.004245623,-0.237733,-0.6448183,-0.21242471,0.14763525,0.1609942,-0.17711003,0.06699081,-0.16893692,-0.05607474,0.17800017
24.177536001617764,35.01449252133363,77.3516,9504000.051498413,72.3877,0.0019574224,-0.00045461344,-0.14132673,1.5829508,0.6107083,0.066644564,0.2460379,-0.08801443,0.17520899,0.13813195,0.058970228,0.15019295
24.800724541980035,35.0326085145684,80.91604,14860800.180244446,70.847664,-9.107505e-05,-4.1089126e-05,-0.27853167,-1.1780473,0.02114788,-0.013000637,-0.026395068,-0.04142348,-0.11929976,-0.13310407,-0.029665101,0.13636976
24.579710091518006,35.06884069756067,84.24473,8467199.796581268,71.847015,1.0823422e-05,1.0840274e-05,0.31413233,0.15584338,0.47723806,-0.32276756,-0.25635105,0.13396052,0.39499626,0.086540185,0.16479218,0.18613346
24.442029139218562,35.043478080275,76.86345,11404800.061798096,73.064926,-0.028025653,-0.02485024,0.2354264,-0.21785232,0.25819257,0.04105567,0.46564767,-0.08084749,0.23333389,-0.026601955,0.023026422,0.03518352
24.177536001617764,35.01449252133363,77.3516,6566399.786281586,72.13008,0.004595638,-0.007166351,0.12674028,2.1401474,0.36946088,-0.16110352,0.69707066,0.046342365,0.3298794,0.22570738,0.009511933,0.22590771
24.409420264318722,35.097825908808005,75.01247,11145599.860954285,73.355095,0.21428868,0.21738723,-0.09454503,0.2567711,0.34459922,-0.010132596,0.058444723,-0.37779093,-0.24737516,0.038604006,0.040338352,0.055834148
24.35507260113369,35.04710138474188,76.478294,17625600.494384766,72.8509,-0.03542881,-0.029877184,0.16046767,0.4457303,-0.21948348,-0.16673651,-0.24321681,0.15267175,0.15840477,0.12344338,-0.031678103,0.12744321
24.800724541980035,35.0326085145684,80.91604,12527999.469566345,71.39584,-9.753065e-05,0.00015165872,-0.38453382,-0.5298947,0.25714394,-0.06461706,-0.261897,0.06792035,0.20106062,-0.13252518,0.07722338,0.15338309
24.369565205050215,35.10507235145331,81.59638,10713600.257492065,72.41233,0.00014857088,0.0001685507,-0.015330471,-0.9306917,0.11337778,0.3182639,-0.0022353753,-0.25060552,0.28204316,-0.14180884,0.022766754,0.14362477
24.358695745580064,35.14492749121842,79.46463,14947199.88155365,72.56176,0.00090257655,0.0008079081,0.11822355,-0.9492146,0.15365912,0.33689877,-0.00433214,-0.14539805,0.12691924,-0.1525455,0.009787947,0.1528592
24.278985653174068,35.159420527680346,80.15937,15897599.886703491,72.94212,-0.0012991792,-0.0009062486,-0.0038190484,-0.6516535,0.38247,0.53126764,-0.21978033,0.0904876,0.3323107,-0.16735756,0.11889269,0.20529011
24.336956356281394,35.12681217825459,78.56935,1468799.9954938889,72.79591,0.0039452827,0.0034488617,0.16878287,-1.1080695,0.49252343,-0.05607461,-0.24065116,-0.023822138,0.19305459,-0.2505411,0.12100403,0.2782316
24.271739312019278,35.0833337340226,74.97577,6825599.987125397,72.53248,-0.09932445,0.10463073,0.007902283,1.7461437,1.2049465,0.00751476,0.00011659041,0.31904688,0.118674405,0.16746771,0.096655995,0.1933593
24.880434869565217,35.11594208344836,73.60822,5097599.927902222,72.23933,0.2723776,0.2580387,0.17279229,-0.5776254,-0.5207635,0.085717805,0.2501503,0.41909528,-0.19520107,-0.08228649,-0.096122846,0.12653327
24.60144921950647,34.9456523441682,85.40489,17971200.39653778,71.734634,-2.7380931e-06,2.808003e-06,0.0316783,-0.4259529,0.22600289,-0.071852006,0.24621165,0.21229371,0.40837315,-0.18381608,0.1700427,0.2504054
24.268116089179838,35.07971042955572,81.07262,12268800.365638733,72.68423,0.00042075862,0.00029246544,-0.0891935,-0.8434495,0.13881813,0.2414889,-0.003937356,-0.1447743,0.16142038,-0.08794338,-0.004768908,0.08807259
24.53985505838052,35.14492730981283,78.72631,8294399.845504761,72.031746,0.0018869183,-0.0016666979,0.08724956,-1.1373999,-0.7364101,0.24829385,-0.010321677,-0.21810064,0.045165434,-0.20252244,-0.08655529,0.2202434
24.51086948471318,35.141304337922854,75.965324,6566399.786281586,72.44862,-0.03912483,-0.037638184,-0.04943782,-1.7688859,-0.7093572,0.30488366,-0.0016126409,-0.35070458,-0.47945198,-0.16200806,-0.05507335,0.17111307
24.3985509616347,35.079710263267266,82.39983,12182399.56741333,72.53644,-7.543099e-05,8.840834e-05,-0.06635561,-0.56666255,0.11322047,0.20900524,0.26635787,0.025013827,0.2077438,-0.14996067,0.030872501,0.15310556
24.06159400092239,35.235507653915,77.223785,4233599.898290634,72.76329,0.016127475,0.015837912,0.2824357,1.6771364,1.1682805,-0.06330479,-0.17541596,0.12975514,-0.598972,0.15347561,0.114416584,0.19143124
24.43478277193275,35.06521686399416,78.38795,15206400.082397461,72.33751,0.00062504405,0.002072984,0.1436923,-0.57344353,0.24119258,0.07657331,0.018025186,-0.34027928,-0.069015056,-0.085563764,0.05899653,0.10393146
24.576087129988778,34.96376817111452,80.53768,15811200.185394287,71.493965,0.00022973178,-0.00011047597,0.028716894,-1.21354,0.5400321,0.21027783,0.032188084,-0.068275675,-0.059606016,-0.17362857,0.09905399,0.19989641
24.177536001617764,35.01449252133363,77.3516,15465600.283241272,72.353676,0.0053966735,-0.006943446,0.013467804,-0.039006293,0.4339021,0.12495327,-0.4610202,-0.21653168,-0.17280385,0.015932076,0.12787119,0.12885989
24.369565205050215,35.10507235145331,81.59638,17193599.794006348,72.445656,-0.00021798103,0.00019530824,-0.22820368,-0.74103093,0.3865864,0.40234184,-0.20070413,0.23276609,-0.16283262,-0.23895657,0.118864894,0.2668878
24.423912946628306,35.16304383214723,83.815254,16243199.788856506,72.64232,5.54596e-07,2.970064e-05,-0.21194893,-0.40614712,-0.31084177,0.018537708,-0.018620275,0.33243692,0.01752211,-0.08999937,-0.087895304,0.12579933
24.880434869565217,35.11594208344836,73.60822,15551999.984550476,73.695404,0.85915476,0.82806516,-0.2089518,0.17287639,0.2977257,0.338696,0.101445295,-0.2386938,0.34938067,0.040183954,0.13881713,0.14451624
24.340579657513896,35.072464168316,77.031204,2419199.8635292053,72.52322,-0.0021030537,-0.0023550424,0.20282519,-0.06754114,0.3311341,-0.029625893,-0.14862755,-0.014089918,0.22284111,-0.02061547,0.1458422,0.14729203
24.655797039477626,35.09782643790763,82.953125,10281599.557113647,72.12581,3.451008e-05,3.2564112e-05,0.13269502,-0.35577083,-0.18117018,-0.039396532,0.018732104,-0.032527734,0.28362808,-0.07291689,-0.05801466,0.09318033
24.677536062942007,35.07971042955572,84.775665,9849599.953651428,72.25231,-6.193631e-07,1.759505e-06,0.12662998,-0.23831455,0.21849407,-0.3080737,-0.31652704,-0.08008127,-0.28711292,-0.06746523,0.055258214,0.08720681
24.340579735906957,35.22101461745307,78.71513,17366400.293540955,72.72236,0.003548234,0.0011154193,-0.10329055,-0.7122623,0.28971124,0.68731964,-0.13755807,-0.04692547,0.4660714,-0.12064521,0.10564703,0.16036384
24.242753659958876,34.931159481553294,83.59315,8899199.948501587,72.42028,-8.915672e-06,-2.629441e-05,-0.4118508,-1.6548864,-0.5589647,0.4083868,-0.1429111,-0.39456925,-0.21654955,-0.27928782,-0.11150715,0.300725
24.528985389862203,35.079710263267266,73.800804,1987199.9858379364,72.76438,-0.2863877,-0.035682514,0.45715123,-0.30713516,-0.035581533,0.37926024,0.68407685,-0.26968485,0.15503481,-0.17728081,0.05223076,0.18481487
24.53985505838052,35.14492730981283,78.72631,7343999.840354919,71.87163,0.001815448,0.0016518278,0.076915234,-1.2542224,-0.686734,0.2810373,-0.15325543,-0.27751893,-0.02763563,-0.16377018,-0.081921086,0.18311673
24.586956589458925,35.03623181903528,81.050644,9849599.953651428,71.99463,-0.00013714438,0.000119266806,0.302907,0.09367894,0.26996043,0.032708604,0.16285753,0.25280246,0.2387926,0.010332845,0.04470384,0.04588247
24.2137679164399,35.101449394680465,78.1842,13132799.572563171,73.20101,-0.007950339,-0.0032817093,0.08723207,-0.7637837,0.46244627,-0.18910083,-0.20471835,-0.1539193,-0.071759194,-0.17052089,0.0865591,0.19123246
24.85869584610084,35.31159408476158,76.05999,8467199.796581268,72.17742,-0.0055247513,-0.011147947,0.15433493,-0.2689972,-0.40351078,0.32573852,0.7481252,0.046764694,0.39735022,-0.05386815,-0.09054761,0.10535961
24.336956356281394,35.12681217825459,78.56935,1296000.0444173813,72.82352,0.00387474,0.0039978446,0.1795182,-1.1315483,0.49417245,-0.037130743,-0.21292174,-0.026121868,0.1899527,-0.25702527,0.12492153,0.28577504
24.3985509616347,35.079710263267266,82.39983,6912000.2368927,71.95813,-6.1204184e-05,-3.6612855e-05,0.052766234,-1.6052313,0.023746997,-0.26587933,-0.8158976,-0.4975394,-0.13873345,-0.1670343,-0.02297829,0.16860741
24.507246418659868,35.018115659512056,74.98295,11923200.463485718,73.33196,-0.101732165,-0.02784216,0.38752553,0.40920857,-0.11086771,0.008592233,0.6173779,-0.20095074,-0.09966428,0.111702845,-0.057697404,0.12572397
24.49275373635028,34.95652190987481,78.13308,6047999.933052063,72.4941,-0.0053841574,0.0031904676,0.35224363,-0.5138771,-0.09287371,0.09491913,-0.1492787,-0.2889707,-0.2570423,-0.21218581,-0.06411191,0.22166
24.572463802625258,35.028985391507106,77.31845,17107200.092697144,72.25821,-0.002090454,-0.0052511697,0.37015578,-0.7201822,-0.29205456,0.14207983,0.29186818,-0.6460904,0.08932932,-0.15520354,-0.029107086,0.15790933
24.152173912100075,34.942029039701325,85.189964,13737599.675559998,72.6287,-6.0064317e-06,-6.0273665e-06,-0.035053536,-0.5320596,-0.13567157,0.12738217,0.18158054,-0.06305722,0.51623166,-0.1306068,-0.019125909,0.13199976
24.16304339770124,35.14130418675153,77.183464,7862400.2420425415,72.593834,0.014485503,0.008682961,0.015158087,1.5607831,1.2459335,-0.11457125,-0.51601654,0.24289596,0.25070566,0.11122349,0.12983412,0.17096071
24.134057993885538,35.130434787333385,80.741425,12441599.768257141,73.02723,0.00061802246,0.0003192047,-0.07652397,0.2324748,0.2621489,0.017234333,-0.42680693,0.02111318,0.22262928,0.095811225,0.118664026,0.15251538
24.72463775080654,35.097825908808005,83.506035,2419199.8635292053,72.067955,-1.8384446e-05,-2.0102447e-05,-0.17746946,0.6970016,0.16440615,0.040189795,0.05299913,0.27097335,-0.15745378,0.14651865,-0.0043524206,0.14658327
24.528985389862203,35.079710263267266,73.800804,10713600.257492065,73.174805,-0.4275575,0.25725147,0.0834224,-0.93466115,-0.77730185,-0.17218944,0.034155175,-0.2816527,-0.3448881,-0.12553924,-0.117586866,0.17200807
24.43478251062254,35.050724689208764,81.254395,4924799.976825714,71.789635,-5.7369558e-05,0.00011588115,0.25951868,-1.0956484,0.35537276,-0.21945697,-0.8760144,-0.37157637,-0.08685058,-0.11155591,0.023127615,0.11392808
24.521739153231497,35.18115965909355,80.50853,15551999.984550476,71.85837,0.00021857688,8.92281e-05,0.08363594,-1.6375883,-0.054644603,0.37783596,-0.08110949,-0.3750152,-0.17631131,-0.17690454,-0.016210627,0.17764573
24.271739312019278,35.0833337340226,74.97577,10281599.557113647,73.15609,0.16402069,0.18698175,-0.2646227,0.7248672,1.0230517,-0.20484406,-0.033902943,-0.18005645,-0.21210894,0.1411276,0.16224258,0.21503407
24.40217392316393,35.07246365433351,77.73675,1987199.9858379364,72.306274,-0.0055191065,0.00030065724,0.060591444,-0.51490784,-0.1679067,-0.0069712624,-0.18830967,-0.039504446,0.2982303,-0.19320214,-0.0073758475,0.19334288
24.202898613755877,35.17753635462667,82.22561,3110399.9420642853,72.84515,-0.00016887493,-0.00016659351,0.16843349,0.4570363,0.58810115,-0.19159454,-0.09442253,-0.052637815,0.039857328,0.0928355,0.11509673,0.14787051
24.423912946628306,35.13405791039468,84.735344,16588799.691009521,72.61391,-7.657566e-06,-1.2041237e-06,-0.18126014,0.013590544,-0.10994992,0.17644152,0.101934224,0.4454097,0.1501525,0.052818,-0.108567595,0.12073386
24.06159400092239,35.235507653915,77.223785,4579200.074672699,72.795265,0.01680286,0.012642041,0.30964348,1.8605413,1.2386272,-0.03157991,-0.18968645,0.15173592,-0.5252982,0.14325379,0.105630055,0.17798695
24.5036234048686,34.94565269942081,84.86278,1468799.9954938889,71.19595,2.318885e-06,-1.6191862e-06,-0.013620868,-0.5493854,-0.26835203,0.17772365,-0.12487037,-0.21841177,-0.3524355,-0.121857606,-0.06737043,0.13924098
24.677536062942007,35.07971042955572,84.775665,5443199.830055237,72.01064,-4.8281504e-06,7.393318e-06,0.057930958,0.93543065,0.518488,-0.09770981,-0.00027139112,0.25250384,0.4538367,0.23677328,0.1433489,0.27678603
24.141304256647267,35.05072417522627,80.839714,8035200.193119049,72.821365,0.00036494186,0.0005632931,-0.00032972172,-0.15332337,-0.042432453,-0.4060931,-0.05985032,0.08114004,0.3057372,-0.13089116,-0.054131642,0.14164297
24.576087129988778,34.96376817111452,80.53768,14860800.180244446,71.551796,0.00020143932,-0.00020512291,0.08954135,-1.2694659,0.62330455,0.23974922,-0.070504874,-0.06339787,-0.14177892,-0.18152106,0.08431914,0.20014897
24.06159400092239,35.235507653915,77.223785,8726399.99742508,73.29609,0.021560626,-0.026338626,0.17305112,2.5258667,1.286321,0.06124229,-0.4297603,0.05745408,0.3664978,0.17736468,0.09592199,0.20164141
24.576087129988778,34.96376817111452,80.53768,4924799.976825714,71.704384,-0.0002590765,-3.593631e-06,0.35778683,0.3343641,-0.22589763,-0.17757279,-0.13636532,-0.28257853,-0.23921326,0.10512765,-0.031054735,0.109618515
24.33695651306752,35.26449269887389,75.24537,10713600.257492065,72.684784,-0.08925751,-0.094639435,-0.09167976,-1.8394525,-0.8721906,0.13971186,-0.3161887,-0.38088042,-0.6016025,-0.17368136,-0.09518998,0.19805643
24.286231733018653,35.16304365074164,82.86601,13305600.072097778,72.64315,7.673506e-05,8.011878e-05,0.00731916,0.33265507,0.06218533,0.0049720034,0.10845647,0.35491255,0.24853364,0.15390939,0.021582872,0.15541531
24.134057993885538,35.130434787333385,80.741425,6652800.036048889,72.72272,0.00056478253,-0.00045369292,0.27561015,1.1039528,1.0072705,-0.234977,-0.09080235,0.28052944,0.25247183,0.036300883,0.06831087,0.07735715
24.55434784521419,35.039855304907746,78.730316,5356800.128746033,71.85615,-0.00012974768,0.00023743734,0.3208304,-0.6456932,-0.33900362,0.27652702,-0.36953562,-0.46247438,0.07439487,-0.10305968,-0.1252617,0.1622091
24.528985389862203,35.079710263267266,73.800804,4752000.025749207,72.80455,0.39881715,-0.3820267,0.32990098,-1.0849149,-0.31994906,0.5854009,0.17194816,-0.3150526,0.15207005,-0.12904513,-0.081911996,0.15284705
24.264492787947336,35.06521739309379,75.914215,6134400.182819366,72.45276,-0.040392127,-0.014658204,0.10274133,1.8880972,1.1016144,0.026500948,0.15092403,0.28240326,0.2017065,0.12400837,0.0327577,0.12826201
24.068840433535758,35.050724689208764,75.1399,4492800.099134445,71.66396,0.040616345,0.0060610063,0.28269076,1.4726112,0.11163838,-0.30927682,-0.058865443,0.17125261,0.19629446,0.07981464,0.01438424,0.08110046
24.62318819070881,35.09782625650204,81.14894,3542400.093984604,71.749504,-0.00017162279,-7.66444e-05,0.13492529,0.30942732,-0.05241819,0.33479348,-0.17716905,-0.035180543,0.35641676,0.19475535,-0.023797452,0.19620387
24.49275373635028,35.04710138474188,79.64641,1728000.059223175,72.00913,0.00022046365,-0.00066502293,-0.20511875,-0.15474178,-0.38603708,-0.15011397,0.013232943,-0.09952579,0.1550308,-0.014219776,-0.16129929,0.16192487
24.471014503837736,35.137681214861566,84.09494,9071999.899578094,72.24274,-1.8135199e-05,1.5698779e-05,0.24775353,-0.5687958,0.32916248,0.089277245,-0.1518879,-0.278725,0.28077793,-0.08276209,0.03832594,0.09120549
24.35507260113369,35.04710138474188,76.478294,17798399.897003174,72.88691,-0.030472502,-0.022910826,0.14008874,0.43467346,-0.2517592,-0.18375441,-0.23054859,0.16394664,0.17989871,0.1196671,-0.0383844,0.1256725
24.17028990870767,35.119565206509655,75.23819,10540799.757957458,73.102844,-0.0058782906,0.027153164,-0.2282835,0.5260328,1.0366205,-0.15547192,-0.40693578,-0.17763849,0.19476056,0.10231457,0.18851963,0.21449457
24.518115930392057,35.170290078269815,76.7112,9158400.149345398,72.473854,-0.016559318,-0.019689484,-0.10074443,-1.3849071,-0.98802316,-0.006931223,0.16293019,-0.1981724,-0.6260379,-0.20430055,-0.100638315,0.2277428
24.242753659958876,34.931159481553294,83.59315,7430400.090122223,72.44128,-3.3287455e-05,-3.172906e-05,-0.21604562,-1.939846,-0.48675865,0.3647071,-0.23683736,-0.4190039,-0.41913196,-0.3222563,-0.060402945,0.3278683
24.293478074173446,35.130434424522214,78.52256,7516799.791431427,72.860756,0.0047235857,0.0042198375,-0.22586447,-0.21469167,0.48539177,-0.1068076,-0.43196717,-0.039866984,-0.39586514,-0.059966795,0.07131216,0.09317425
24.409420264318722,35.097825908808005,75.01247,16588799.691009521,72.99195,0.048660886,0.04691943,0.25014418,0.4881589,-0.4653374,-0.13290632,-0.017608479,-0.10490694,-0.0016645454,0.14927137,-0.112524375,0.18693228
24.514492864338745,35.152173737341,77.98083,11664000.262641907,72.47255,0.0061153686,0.0028170184,0.07779506,-0.93600667,-0.48612392,0.10259321,0.20464072,-0.24318722,-0.006685205,-0.15838008,-0.09533733,0.18486063
24.068840433535758,35.050724689208764,75.1399,12441599.768257141,72.17369,-0.06510839,-0.058740165,-0.44076222,1.1600409,0.78432673,-0.17212504,-0.13406149,-0.07873939,0.33118823,0.15688926,0.074089795,0.17350371
24.409420342711783,35.02898555779556,73.23672,4752000.025749207,73.18456,-0.7137942,-0.8815204,-0.016361699,0.5472952,0.09992241,-0.1131409,-0.11468918,0.15164888,0.18029526,0.12610236,0.03480772,0.13081813
24.336956356281394,35.12681217825459,78.56935,8899199.948501587,72.93905,-0.00049519085,0.0054073175,-0.41030777,-0.33551016,0.19409762,0.045740664,-0.29291376,-0.23859866,-0.4191322,-0.16297477,0.0493982,0.17029668
24.40217392316393,35.07246365433351,77.73675,12873600.46863556,72.87565,-0.010647334,-0.0028968046,0.0665666,-0.1431608,0.2869979,-0.079709046,0.21658865,-0.13409713,0.17798498,-0.050691344,0.08497526,0.09894648
24.24275355543479,35.275361916886446,83.709785,9676799.454116821,72.804565,2.2543216e-05,-4.336877e-05,0.09993498,1.7816893,1.477479,0.011672415,-0.38431975,0.53500164,0.49651837,0.21565577,0.15400442,0.26499957
24.336956356281394,35.12681217825459,78.56935,5788799.732208252,72.52928,0.00091442646,0.003842085,-0.17051524,-0.93403757,0.29834625,-0.11906398,-0.43022752,-0.07753061,-0.16708532,-0.18018892,0.062418398,0.19069375
24.40579722439643,35.07608730649443,81.130585,15638399.68585968,72.2656,1.4672238e-05,0.00023473182,-0.11496205,-0.8861077,0.3558913,0.24951395,-0.027435988,-0.06150061,-0.28485888,-0.20991899,0.07579851,0.22318467
24.5036234048686,34.94565269942081,84.86278,10195199.855804443,71.68782,4.7721796e-06,5.2749024e-06,-0.3026648,-0.31625006,0.09353395,-0.07438544,-0.3390776,0.19670893,-0.1446459,-0.16283834,0.05182846,0.17088744
24.53985505838052,35.14492730981283,78.72631,11923200.463485718,72.20919,-0.002007458,-0.002351639,0.11702345,-0.86804366,-0.44917077,0.16983962,0.25850353,-0.22825985,0.21256205,-0.17646712,-0.08932479,0.19778666
24.340579735906957,35.22101461745307,78.71513,14601599.979400635,72.5635,0.0024463495,-0.0034572964,0.09455101,-0.9642513,-0.11519526,0.5702495,-0.0939754,-0.22082818,0.21882692,-0.25949484,-0.041502118,0.26279268
24.579710091518006,35.06884069756067,84.24473,10540799.757957458,72.3549,-1.1921708e-05,-6.0617754e-06,0.17291516,-0.00446856,0.46841118,-0.09715658,0.067770995,0.08348544,0.02480391,0.009198174,0.14830324,0.14858821
24.141304256647267,35.05072417522627,80.839714,17452799.99485016,72.57592,-0.00011262562,-0.00028926428,0.21490896,-0.579897,0.763786,0.54230046,-0.3138644,-0.04451603,-0.28998956,-0.06731379,0.09558648,0.116909884
24.782608845879178,35.07246365433351,80.82854,12268800.365638733,71.558014,4.27775e-05,0.00019587598,-0.3248261,-0.91249764,-0.13889094,-0.12567914,-0.23279554,0.072679594,0.16041031,-0.123589985,-0.031316005,0.1274958
24.51086948471318,35.141304337922854,75.965324,3715200.0450611115,72.20432,0.031277936,0.026031602,0.14827749,-0.95646703,-0.17527506,0.3470911,0.07619952,-0.37870088,0.116688766,-0.09310468,-0.00038601458,0.09310549
24.46739112421217,35.10507235145331,77.031204,9590399.752807617,72.95237,-0.0060210223,-0.0069925482,-0.076116756,-0.9744711,-0.26895013,0.14472066,0.1218443,-0.14451638,-0.009059023,-0.20450091,-0.08982599,0.2233592
24.152173912100075,34.942029039701325,85.189964,7775999.992275238,72.886444,-3.1584605e-06,-1.2021968e-05,-0.30499303,-1.5903924,-0.21592544,0.4632916,-0.32095137,-0.5010066,0.060030453,-0.19830097,-0.032663256,0.20097305
24.16304339770124,35.14130418675153,77.183464,11491199.7631073,73.43866,0.027480973,0.030227864,-0.11162449,-0.040205784,0.79439783,-0.16700369,-0.7573029,-0.14624026,0.03360635,-0.014035404,0.08683826,0.0879652
24.641304357168043,34.938405387540406,81.3883,6480000.084972382,71.80122,0.00014666967,-0.00013632057,0.33013615,1.0714067,0.19950414,-0.33014664,-0.090007745,-0.038287114,-0.18957087,0.24573922,0.06523579,0.2542508
24.202898613755877,35.17753635462667,82.22561,17884799.598312378,72.84871,-0.00015386952,-0.00017183514,-0.36794382,0.25727198,0.22758743,0.120730534,-0.14151302,0.288031,0.257139,0.13175732,0.07446993,0.15134649
24.51086948471318,35.141304337922854,75.965324,14515200.27809143,72.74485,-0.037937284,-0.046561483,0.24679005,-0.43467885,-0.17142896,0.20829657,0.033855245,-0.6118562,-0.39985985,-0.15969856,-0.08357494,0.1802454
24.275362351941567,35.02173896397893,79.32639,6134400.182819366,72.37723,-0.00023512542,-0.0009958149,0.18750823,0.1752755,0.32364956,-0.08869199,0.44029957,-0.0606122,-0.09740237,0.025672927,0.09833898,0.101634905
24.782608845879178,35.07246365433351,80.82854,10022400.453186035,72.075165,-2.68401e-05,-0.00015809537,-0.115083925,0.110740885,-0.18327442,-0.23234496,-0.14083204,0.10969092,0.32886717,0.04491409,-0.07264796,0.08541078
24.358695745580064,35.14492749121842,79.46463,10886399.660110474,72.805214,-0.0020494014,0.0020074667,-0.2062267,-0.80208635,-0.21765523,0.20907623,-0.065297656,-0.26977128,0.16061756,-0.18325375,-0.05054654,0.19009706
24.24275355543479,35.275361916886446,83.709785,3801600.0205993652,73.00907,9.2916866e-07,-3.8669215e-05,0.28652042,0.8576901,0.93258274,-0.18184534,0.044277553,0.21708529,-0.10976947,0.1817732,0.10370232,0.20927414
24.75362311542571,35.148550251468535,82.31272,16847999.891853333,71.06443,-2.1441925e-05,2.8082259e-05,0.16298048,-1.170897,0.55418336,0.3049794,-0.17546645,-0.36585173,-0.09348305,-0.13582024,0.10126734,0.16941728
24.340579735906957,35.22101461745307,78.71513,11664000.262641907,72.74554,0.003471101,0.0040554134,-0.076073416,-1.1936135,-0.49973166,0.3679616,-0.20095977,-0.44514665,-0.27721444,-0.17806065,-0.08154192,0.1958435
24.49275373635028,34.95652190987481,78.13308,864000.0296115875,73.146675,-0.0019891458,-0.0029478003,-0.20365971,0.4390991,-0.78239,-0.4666493,0.32340717,-0.19354194,0.206357,0.12287183,-0.25763083,0.28543147
24.336956356281394,35.12681217825459,78.56935,16156800.087547302,72.60886,0.0041285465,0.003705817,0.20436686,-0.72999036,0.30734846,0.19417734,-0.11379615,-0.08286351,-0.16891569,-0.1604804,0.06455137,0.1729764
24.16304339770124,35.14130418675153,77.183464,12441599.768257141,73.45598,0.010719954,0.020369684,-0.030743875,-0.167871,0.7279419,-0.2192902,-0.6733304,-0.072800756,0.108745866,-0.020819768,0.11322038,0.115118705
24.235507135886934,35.09782643790763,86.62735,16329599.49016571,71.91712,-1.2441197e-06,8.7251215e-07,0.15782252,0.5961604,-0.3692349,0.22190353,0.44871745,0.4069701,0.665222,0.14346923,-0.058239765,0.15483956
24.55434784521419,35.039855304907746,78.730316,16675200.489234924,71.72217,-0.0006177725,-0.0015762084,0.18517765,-1.5125855,0.038502574,0.18207881,0.017575283,-0.5241948,-0.12904045,-0.1864049,0.033079997,0.18931738
24.782608845879178,35.07246365433351,80.82854,8812800.247192383,72.371704,0.00020950548,-0.00016467196,0.07245879,0.7786585,-0.15502222,-0.26861328,0.006890014,0.15822364,0.41357636,0.19481638,-0.074885145,0.20871322
24.068840433535758,35.17753635462667,82.62194,8985600.19826889,72.39474,-1.8168937e-05,7.9565936e-05,0.030066187,1.6971297,0.92730343,0.0894985,0.13764167,0.053331465,0.17387292,0.17364822,0.10228512,0.20153399
24.576087129988778,34.96376817111452,80.53768,9849599.953651428,71.62372,-0.00014214728,0.0001244076,0.46253124,0.2136592,0.59856725,0.10542926,0.12347758,0.27492476,-0.25622892,0.03812928,0.13448541,0.13978615
24.731883987437246,34.999999998854186,80.17734,17020800.39138794,70.853386,6.684188e-05,-0.00018382313,0.020226602,-0.72198355,-0.37219974,0.06707967,0.4401731,0.023845471,-0.33726704,-0.13985658,-0.15656935,0.20993766
24.43478277193275,35.06521686399416,78.38795,6480000.084972382,72.29276,-0.0028781998,-0.0035422049,0.21861005,-0.6516006,0.38772005,0.48561692,-0.06479307,-0.37550706,-0.1119796,-0.118706435,0.019745164,0.1203374
24.677536062942007,35.07971042955572,84.775665,5529600.07982254,72.01126,-4.6142377e-06,6.880153e-06,0.062014394,0.9386196,0.51409143,-0.10436382,-0.004513774,0.25398332,0.4512339,0.2388823,0.14498511,0.27943772
24.278985653174068,35.159420527680346,80.15937,13046399.871253967,72.853485,0.00044684872,-0.0002415263,0.010288794,-0.6573168,0.19456398,0.37313786,-0.19944748,-0.11220621,0.31510305,-0.2253722,0.13491784,0.26266986
24.17028990870767,35.119565206509655,75.23819,0.0,73.17497,0.06440155,0.026558233,0.104451,-0.3776375,0.62818396,-0.19201049,0.40676212,0.046323992,-0.5175627,-0.02968505,0.15686317,0.15964729
24.264492787947336,35.06521739309379,75.914215,5702400.030899048,72.39281,-0.038807113,-0.030114021,0.14310303,1.7884703,1.048751,0.019794751,0.14473116,0.2628634,0.23497462,0.1420393,0.036908463,0.14675625
24.152173912100075,34.942029039701325,85.189964,5443199.830055237,73.221245,-1.2770759e-05,1.19079305e-05,-0.18663147,-1.420373,-0.2577773,0.35870793,-0.4002239,-0.3621986,-0.1438686,-0.23990153,-0.061822407,0.24773929
24.608695560661264,35.210145036629335,80.071884,12960000.169944763,71.36288,0.0002490096,0.0003275483,0.4021358,-1.0361971,-0.49720222,0.1023485,0.053355318,-0.20822395,-0.22137299,-0.14392513,-0.074936576,0.16226502
24.75362311542571,35.148550251468535,82.31272,6480000.084972382,72.18343,6.29853e-05,8.4144864e-05,-0.1312697,1.1716001,-0.13478874,-0.120490514,-0.18674853,0.14465776,0.13229239,0.27032843,-0.07982786,0.28186867
24.336956356281394,35.12681217825459,78.56935,11145599.860954285,73.011185,0.0035496845,-0.0030575455,-0.29374057,-0.42062587,0.077266864,0.0002085641,-0.023668505,-0.21071175,-0.018323068,-0.14629081,-0.0012505949,0.14629616
24.351449221508126,35.36231895652174,77.53338,3974399.971675873,71.86184,-0.0040718527,0.0006551597,-0.18005812,-1.2373921,-1.4638355,0.12093218,0.31110254,-0.1403898,-0.7901122,-0.11329657,-0.11278956,0.15986744
24.481884276880134,35.21376834109622,79.042,5097599.927902222,71.91504,0.00063867803,-0.0010679868,-0.23257545,-1.6541872,-0.74618906,-0.07050174,-0.30583683,-0.27539393,-0.25773913,-0.1821909,-0.05257639,0.18962541
24.409420185925658,35.126811301460926,78.58091,2505600.113296509,72.2755,-0.0029260004,0.0027157313,0.120875426,-0.93351126,0.30360782,0.10320595,-0.46606156,-0.19094202,0.33223465,-0.24944375,0.1094851,0.2724136
24.003623304347823,35.192029209683014,80.788605,18057600.097846985,72.8755,-0.00025206798,0.00062049954,0.20537114,-0.066654876,0.44902572,-0.07602728,-0.42202124,-0.06434579,0.039193552,0.0070643127,0.14193174,0.14210744
24.507246418659868,35.018115659512056,74.98295,15033599.582862854,73.771614,-0.27334687,-0.32087675,0.4892763,0.50209296,-0.32671288,-0.079148196,0.31189728,-0.5350976,-0.061822265,0.1423094,-0.09302527,0.17001666
24.507246627708035,35.15217355593542,72.15966,16156800.087547302,73.63011,0.25762185,0.1960745,0.09367708,0.90517545,-0.47568804,-0.14305669,0.23350692,-0.45173934,-0.2915136,0.24297987,-0.08527566,0.25750953
24.268116089179838,35.07971042955572,81.07262,12182399.56741333,72.68402,0.00041863148,0.0002595869,-0.098601185,-0.842438,0.13413194,0.236687,-0.0061639287,-0.15295404,0.15984905,-0.0867944,-0.006303698,0.08702301
24.351449221508126,35.36231895652174,77.53338,4752000.025749207,71.943886,-0.005758898,0.0036239622,-0.059793435,-1.4653181,-1.6069281,0.13971977,0.28595394,-0.16787705,-0.67925453,-0.11780358,-0.09108329,0.14890885
24.340579657513896,35.072464168316,77.031204,12787199.670410156,72.96694,-0.020123588,-0.02341828,0.02230783,-0.048304528,0.43166786,-0.32814935,0.026709601,-0.09449497,-0.034617446,0.006532274,0.12942666,0.1295914
24.141304256647267,35.05072417522627,80.839714,6220799.884128571,72.64016,0.00019351997,0.00016423524,0.33316448,-0.13010757,0.14972368,-0.45625758,0.21570253,0.18479672,0.27459434,-0.13621275,0.039747573,0.14189357
24.49275373635028,35.04710138474188,79.64641,15033599.582862854,71.97022,0.0006669461,-0.0006658987,0.049273796,-1.3469603,0.2150163,0.13479207,0.06810576,-0.3814342,-0.22401318,-0.14919959,0.046582997,0.15630257
24.528985389862203,35.079710263267266,73.800804,1036799.9806880951,72.80142,0.37833458,0.39844683,0.6539007,-0.23835215,0.12027644,0.24238041,0.7387424,-0.20163937,0.07459687,-0.11137179,0.057899535,0.12552305
24.3913043591697,35.05434799367564,86.750465,2419199.8635292053,71.80573,-1.008934e-06,-9.772123e-07,-0.06121379,-1.8915614,-0.40296033,0.16225663,-0.5752227,-0.3748934,0.11538091,-0.09826409,-0.035629604,0.104524165
24.271739312019278,35.0833337340226,74.97577,2937599.9909877777,72.3619,0.048461165,-0.054561757,0.21499941,0.76243925,0.8651027,0.03469688,0.015365407,-0.028490525,0.013323467,0.117458165,0.15041061,0.19083965
24.336956356281394,35.12681217825459,78.56935,18143999.79915619,72.56785,0.00092279434,-0.003965719,-0.11558481,-0.28719258,0.3316266,0.2915157,-0.08489866,0.20220254,0.013037637,-0.06706792,0.14065343,0.1558252
24.62318819070881,35.09782625650204,81.14894,15897599.886703491,71.53672,-0.00014282182,0.0001122778,-0.066182494,-1.8787929,0.13356242,0.27236328,-0.064889945,-0.30389127,-0.3131888,-0.13927007,-0.004360825,0.13933833
24.782608584568965,35.06521774078783,85.492004,4924799.976825714,72.28066,1.2269185e-06,9.617567e-07,-0.13481623,1.0695221,0.5316666,-0.020435259,-0.012869641,0.48922303,-0.021373212,0.08083548,0.06446156,0.10339084
24.336956356281394,35.12681217825459,78.56935,10195199.855804443,73.05392,-0.0049398523,-0.0015696397,-0.39556795,-0.27098843,0.13386148,0.022913277,-0.14209974,-0.21892728,-0.18548894,-0.15374157,0.018076539,0.15480062
24.521739153231497,35.18115965909355,80.50853,7516799.791431427,71.799164,0.0003147497,-0.000213781,0.04498137,-1.2737516,-0.6827015,0.34868103,-0.12153468,-0.24828516,0.140802,-0.18804464,-0.11695974,0.2214506
24.57608686867857,35.22463755910878,78.28966,13996799.876403809,71.74048,0.0019536482,-0.0023874182,0.48927453,-0.9947972,-0.104136854,0.281584,0.053215194,-0.4086602,-0.07596772,-0.17021702,-0.03688494,0.17416754
24.55434784521419,35.039855304907746,78.730316,16502399.989700317,71.725685,-0.000472049,-0.0014351511,0.17966118,-1.5133953,0.040714405,0.18272778,0.01273784,-0.52566385,-0.14955351,-0.18734235,0.034296364,0.19045576
24.579710091518006,35.06884069756067,84.24473,17712000.19569397,71.890884,-1.1480291e-05,8.833289e-06,-0.07902252,-1.0883281,0.5312089,0.2667737,0.10545738,0.39764014,-0.019003738,-0.23110548,0.09220148,0.24881892
24.85869584610084,35.31159408476158,76.05999,15206400.082397461,73.08477,-0.06266976,-0.006059664,-0.054095246,-0.2176561,0.16250883,0.09638021,0.14356814,-0.02045283,-0.112524875,-0.16103166,0.09435883,0.1866408
24.626811465810288,35.05797113185407,83.9315,10108800.15449524,72.20582,-2.0465983e-05,-1.767623e-05,0.20766082,0.099564746,0.37428865,-0.20784238,-0.016236186,0.20609286,0.01575046,0.01720605,0.1348975,0.13599038
24.782608845879178,35.07246365433351,80.82854,7343999.840354919,72.5045,0.0004239637,5.088424e-05,0.2261354,1.2693522,-0.10504097,-0.23076552,0.06863943,0.17234239,0.45915076,0.24324855,-0.06567067,0.25195733
24.471014503837736,35.137681214861566,84.09494,18230399.500465393,72.5146,-7.273158e-06,-1.7283828e-05,-0.20958662,-0.5841329,0.094413474,0.2568314,-0.1503275,0.48604783,-0.16740385,-0.38009632,0.013385445,0.38033193
24.278985574781007,35.18478260074926,85.36457,5875199.981975555,72.4864,-7.0832552e-06,2.8535965e-06,0.22009704,0.8106344,0.5345838,0.0067090765,0.022707393,-0.018192451,0.4383556,0.14380279,0.170551,0.22308493
24.373188532413735,34.85507217391305,83.68782,5270399.878978729,71.95308,-5.877047e-06,-5.876751e-06,0.28086036,-1.0641655,-0.096767545,0.3287341,-0.098862685,-0.021408461,-0.52537674,-0.1537635,0.022617757,0.15541807
24.626811465810288,35.05797113185407,83.9315,6825599.987125397,71.67319,-1.2452644e-05,5.692714e-06,0.34234968,0.7871977,0.39733607,-0.33679008,-0.20076585,0.311624,0.5512168,0.25826454,0.05046323,0.26314846
24.608695560661264,35.210145036629335,80.071884,13564800.27294159,71.3792,0.00030285533,0.00025349014,0.36941126,-1.1061703,-0.41676843,0.13057443,0.0088940635,-0.27406323,-0.2377153,-0.11403379,-0.060074825,0.12889023
24.242753659958876,34.931159481553294,83.59315,3715200.0450611115,72.601395,-3.0180501e-05,-2.0220168e-05,0.2087734,-0.6382333,-0.5172447,-0.10102419,0.07977197,-0.17785162,-0.44995186,-0.13418528,-0.14439669,0.1971195
24.51086948471318,35.141304337922854,75.965324,6134400.182819366,72.405876,-0.021240655,-0.034814306,-0.020672426,-1.7008902,-0.6399665,0.3411268,-0.0044091605,-0.37439835,-0.41494536,-0.13261333,-0.04928802,0.14147651
24.43478251062254,35.050724689208764,81.254395,18403200.0,71.83173,-0.00016368652,-0.00015349814,-0.10376882,-1.5007915,0.47256607,0.41638327,-0.21857312,0.012880355,-0.07888403,-0.15350595,0.13073736,0.20163417
24.202898613755877,35.17753635462667,82.22561,11836799.665260315,72.63405,0.00012945944,-4.896348e-05,-0.16590425,0.97556674,0.44646606,-0.020063229,-0.1660108,0.18058841,0.10263663,0.1419349,0.04912226,0.15019491
24.358695745580064,35.14492749121842,79.46463,3369599.8686790466,72.37626,-0.0014176974,0.001218935,-0.061549366,-1.1167903,0.35221332,-0.068574764,-0.48402837,-0.074768186,0.08461103,-0.15597683,0.06727134,0.16986525
24.641304357168043,34.938405387540406,81.3883,10454400.056648254,71.533905,-3.0178986e-05,5.273143e-05,0.32077008,0.6608435,0.7138347,-0.08321188,-0.14527047,0.31864646,-0.073389165,0.061768625,0.109881,0.12605235
24.373188532413735,34.85507217391305,83.68782,3628800.0695228577,72.130554,1.4148796e-05,3.8590642e-06,0.32243505,-0.7392367,0.17335889,0.20233805,-0.014438212,-0.060298607,-0.38764334,-0.11127052,0.04717388,0.120857365
24.623188347494935,34.98550731008629,86.27349,13132799.572563171,72.2483,-1.042865e-06,6.386093e-07,-0.22214916,-0.17112266,0.25135222,-0.3112651,0.1266602,0.13786669,0.21074861,-0.08230217,0.10054965,0.12993799
24.40217392316393,35.07246365433351,77.73675,4492800.099134445,72.33982,0.0036129483,0.0067375638,0.12682241,-0.36150393,0.35487694,0.19688697,-0.19450617,-0.10680501,0.26885912,-0.15201928,0.056200758,0.16207525
24.373188532413735,34.85507217391305,83.68782,9158400.149345398,72.0194,1.910306e-05,1.476022e-05,-0.22279283,-1.2382903,-0.6813733,0.47072223,-0.16953737,0.074577115,-0.36492845,-0.21033697,-0.061478905,0.21913762
24.3913043591697,35.05434799367564,86.750465,432000.01480579376,71.7401,-9.649317e-07,5.405379e-07,-0.009870842,-1.3541282,0.0916148,0.33604968,-0.49028304,-0.1584923,0.16030076,-0.26217315,-0.03487096,0.26448202
24.57246390714934,35.13405809180027,82.83649,11231999.562263489,72.20029,-4.9744674e-05,-3.7152415e-05,0.17486411,-1.1280212,-0.4836234,0.20219445,0.22886491,-0.27772388,0.32875675,-0.0809277,-0.094593875,0.12448812
24.340579735906957,35.22101461745307,78.71513,11836799.665260315,72.72837,0.0039475486,0.003478857,-0.0669944,-1.1640965,-0.47910625,0.38172722,-0.18909553,-0.43490377,-0.24011058,-0.1881389,-0.08015489,0.20450197
24.423912946628306,35.16304383214723,83.815254,17107200.092697144,72.66336,1.8247347e-05,2.3306911e-05,-0.29148152,-0.47303122,-0.25862667,0.08050839,-0.08235679,0.37403226,-0.014813345,-0.09294042,-0.04160267,0.10182683
24.57608686867857,35.22463755910878,78.28966,13910400.175094604,71.740265,0.0020620376,-0.0024046248,0.491426,-0.97927415,-0.12277345,0.2748397,0.06255005,-0.40007877,-0.07765907,-0.17074485,-0.038254008,0.17497763
24.72463775080654,35.097825908808005,83.506035,7603200.0411987305,72.252686,-1.2867254e-05,2.535961e-05,0.05711701,0.82463884,-0.071874395,-0.25857612,-0.25951236,0.09389801,0.16599455,0.20612738,-0.061593562,0.21513313
24.528985389862203,35.079710263267266,73.800804,8553600.046348572,73.01319,0.48181298,0.4792315,0.06176828,-1.498395,-0.761057,0.052321684,-0.1130572,-0.043993622,-0.16962406,-0.11391641,-0.08223514,0.14049758
24.351449221508126,35.36231895652174,77.53338,17107200.092697144,73.06097,0.0076468564,0.0067338278,0.27140945,0.52245927,0.26851732,0.5285758,0.010265086,-0.18741956,0.7334541,0.27148646,0.18513441,0.32860258
24.51086948471318,35.141304337922854,75.965324,4233599.898290634,72.22151,0.03173619,0.029736355,0.10714692,-1.0924141,-0.26308167,0.39138335,0.05607627,-0.3911682,0.019849502,-0.089267805,-0.009795457,0.089803636
24.275362351941567,35.02173896397893,79.32639,10281599.557113647,72.70453,-0.0020693382,0.0014694432,-0.11327443,-0.14411534,0.27005175,0.3387933,0.45898578,-0.2330072,-0.20077947,-0.08541481,0.07301074,0.112366624
24.514492864338745,35.152173737341,77.98083,8726399.99742508,72.28884,0.0032074086,0.0052388962,-0.06113206,-1.2863891,-0.8362767,0.12262188,0.04269485,-0.18442617,-0.22616088,-0.21155797,-0.112645715,0.2396786
24.47463793572534,35.15579704180788,74.131996,1814400.0347614288,72.948044,0.2683926,0.33588725,0.44342357,-0.9916283,0.39742792,0.17788845,0.44037494,-0.03502523,0.3669949,-0.17913446,0.077800915,0.19530012
24.641304357168043,34.938405387540406,81.3883,8467199.796581268,71.670654,0.00012769314,0.00010322714,0.39194584,1.0254401,0.43880668,-0.26430824,-0.13522425,0.16265576,-0.17331314,0.1502336,0.053472593,0.15946615
24.365941903817713,35.11594190204278,77.940506,5875199.981975555,72.62411,-0.0029915746,0.0043825074,-0.1972382,-0.84106624,0.28268573,0.069920264,-0.26057756,-0.14930707,-0.18732771,-0.15272094,0.031900458,0.15601707
24.423912946628306,35.16304383214723,83.815254,10022400.453186035,72.47943,-1.803643e-05,8.555977e-06,0.2059868,-0.34456086,0.18222193,0.3358943,0.045848113,-0.15574405,0.25298378,-0.15199775,0.029620707,0.15485704
24.373188349496587,35.09782609021359,73.044136,15292799.783706665,72.867256,-0.28837538,-0.74510956,0.18005067,0.8770162,-0.35350206,-0.2119368,0.10986792,-0.3760992,0.15543866,0.22526851,-0.1261073,0.25816458
24.15217408195171,35.09782609021359,90.079155,10886399.660110474,71.833405,-2.7728998e-08,-3.7210441e-09,0.44403803,-0.10688857,-0.48434645,-0.20461932,0.2925159,0.049527943,0.4279691,-0.03025363,-0.099427186,0.10392809
24.60144921950647,34.9456523441682,85.40489,3456000.11844635,71.1879,-1.6502534e-06,2.0597736e-06,0.12722513,0.6879487,0.24192409,0.3328938,0.28158802,-0.07767747,-0.014187649,0.13750052,0.049492642,0.14613664
24.336956356281394,35.12681217825459,78.56935,13305600.072097778,72.85246,0.004846923,-0.004971342,0.06496724,-0.83911407,0.055334747,-0.007320121,0.1020738,-0.18972993,0.047757864,-0.106023,-0.019349694,0.107774235
24.49275373635028,35.04710138474188,79.64641,2246400.0495672226,71.93491,0.00047589166,-0.00022475589,-0.12784848,-0.26539862,-0.3334085,-0.12533036,-0.16437757,-0.12575108,0.16769353,-0.042654634,-0.12627612,0.13328569
24.880434869565217,35.11594208344836,73.60822,15983999.588012695,73.689125,0.6237476,-0.86456996,-0.17036039,0.20693311,0.27427444,0.36809725,0.090691924,-0.24885607,0.3444941,0.059073895,0.12818535,0.1411425
24.40579722439643,35.07608730649443,81.130585,14687999.680709839,72.34583,0.00029201084,-7.67874e-05,-0.100047044,-0.7821653,0.28870323,0.27807084,0.1575835,-0.0957379,-0.1655972,-0.18012242,0.045322224,0.18573688
24.677536062942007,35.07971042955572,84.775665,345600.00498890877,71.781624,-3.5710307e-06,6.3532834e-06,0.10799371,0.32248482,0.5464005,0.34523287,0.37011242,0.17664284,-0.19043967,0.07908317,0.08365691,0.115120046
24.49275373635028,35.04710138474188,79.64641,9676799.454116821,72.18421,-0.0010288076,-0.0010158075,0.33757246,-0.3365483,0.3740869,0.4953476,0.40676746,-0.0666923,0.23549604,-0.07896181,0.05983932,0.099074274
24.43478251062254,35.050724689208764,81.254395,12441599.768257141,72.30637,5.206943e-05,0.0002472346,-0.030042775,-0.62588525,0.31825107,0.48895654,0.45091966,-0.112507,0.027336912,-0.16629192,0.07130447,0.1809346
24.409420264318722,35.137681214861566,85.684586,691200.0099778175,71.79542,-1.4745025e-06,-1.2597133e-06,0.17665267,-0.74361086,0.5687149,-0.11693614,-0.58255756,-0.07082544,0.38523194,-0.11177546,0.122656405,0.16594681
24.33695651306752,35.26449269887389,75.24537,16934399.593162537,73.31705,0.16716093,0.07978451,0.1115427,-0.8745252,-0.12402986,0.46881792,-0.22508761,-0.20857903,0.12076792,-0.11688269,0.0038257614,0.11694529
24.731883987437246,34.999999998854186,80.17734,13651199.974250793,71.22618,0.0002630967,-0.0002297491,-0.28065845,-0.8744168,0.30486023,0.08028883,-0.29447743,0.0139240995,-0.055597752,-0.16669975,0.07303466,0.18199688
24.507246627708035,35.15217355593542,72.15966,9417600.350189209,72.725204,-0.33940497,0.26677752,0.016994918,-1.1124485,-0.8456367,-0.00015178323,0.03856401,-0.24136667,-0.27400878,-0.11777575,-0.08801794,0.14703158
24.57246390714934,35.13405809180027,82.83649,8553600.046348572,71.93758,4.2230353e-05,1.8068658e-05,0.23602766,-0.7199714,-0.06895265,0.14948037,-0.26690283,-0.377802,0.45663747,-0.07001064,-0.051471785,0.08689554
24.134057993885538,35.130434787333385,80.741425,4752000.025749207,72.6639,0.0004780187,-0.00025287605,0.3698593,0.8891971,1.2020576,-0.2448138,-0.0144200325,0.28071257,0.26015615,0.022650182,0.05876563,0.0629796
24.822463669968496,35.11956556932083,79.471794,7084800.187969208,72.43755,-0.0012815545,-0.0013847649,0.37759233,0.51682985,-0.3244808,-0.17649692,0.08640106,0.30905473,0.2514507,0.19941801,-0.11454883,0.22997603
24.659420157792983,35.13768139626715,82.9603,13478399.474716187,71.85359,3.122624e-05,-3.5938272e-05,-0.0280407,-1.3288136,-0.35288748,0.34206802,0.10578265,-0.47623044,-0.182239,-0.12817886,-0.068700254,0.14542884
24.49275373635028,35.04710138474188,79.64641,17452799.99485016,71.82507,0.00021678081,0.0005462001,0.036574207,-1.6458408,0.19132933,0.15746804,-0.13308218,-0.35512528,-0.14066458,-0.14100093,0.033253744,0.14486916
24.06159400092239,35.235507653915,77.223785,1382400.019955635,73.39715,0.017678156,0.011432546,-0.06563551,0.33846918,0.46154028,-0.13246182,0.087816164,-0.13915884,-0.71029073,0.15762225,0.13728614,0.20902693
24.003623304347823,35.192029209683014,80.788605,17971200.39653778,72.89538,-0.00022637763,0.00057676836,0.19404453,-0.08633459,0.44915417,-0.082701586,-0.4341783,-0.06221562,0.025783006,-0.0012384728,0.13560124,0.13560688
24.55434784521419,35.039855304907746,78.730316,7948799.943351746,71.954445,-0.0019521064,-0.0017460886,0.41396338,-0.76079893,0.0066814274,0.26549888,-0.024586797,-0.28656867,0.27005118,-0.19127472,-0.069187745,0.20340344
24.57246390714934,35.13405809180027,82.83649,691200.0099778175,71.775055,-2.348793e-05,-2.6329928e-05,-0.25960013,-0.19641924,0.52620983,-0.02105806,0.001148913,-0.17498219,0.09434168,-0.09833847,0.14039172,0.17140679
24.43478277193275,35.06521686399416,78.38795,10886399.660110474,72.736015,-0.004347816,0.0036918162,0.0869865,-0.27525514,0.26621026,0.32200465,0.5673817,-0.05626338,0.27912188,-0.096568726,0.063259766,0.115444
24.202898613755877,35.17753635462667,82.22561,13651199.974250793,72.61199,0.00010136153,7.1147774e-06,-0.14578965,0.81862557,0.22138958,0.014067762,-0.009206377,0.29818526,0.18082401,0.13657394,0.043065757,0.143203
24.15217408195171,35.09782609021359,90.079155,14687999.680709839,71.226326,9.95209e-09,-2.3661968e-09,-0.023001842,0.47888383,-0.42653957,-0.29967612,0.12507296,0.4877943,0.63482744,0.1263611,-0.11031641,0.16774039
24.728260869121893,35.15579704180788,79.23173,5011200.226593018,71.96145,-0.0009770558,3.7943864e-06,0.24696419,0.54357684,-0.010779705,0.19421926,0.0093357675,0.30506656,0.1432962,0.27347243,-0.04053042,0.27645954
24.35507260113369,35.04710138474188,76.478294,8467199.796581268,72.98735,0.00081490696,0.03188828,0.21156242,0.4073092,0.8681411,0.06450549,0.12433071,-0.059628513,-0.40670335,0.06446058,0.14485629,0.15855129
24.282608510179216,35.10869565592019,73.044136,13132799.572563171,72.57103,-0.64155495,-0.5164691,-0.042011037,1.1828924,0.8309683,0.08614374,0.037939012,-0.35458907,0.33434874,0.15232173,0.07375623,0.16923915
24.275362351941567,35.02173896397893,79.32639,0.0,72.82439,0.000983314,-0.00246035,0.116887845,-0.266241,-0.073556155,-0.04964585,0.04675406,-0.11484514,0.2775081,-0.12991713,-0.0047750175,0.13000485
24.409420264318722,35.097825908808005,75.01247,1209599.9317646027,72.70428,0.116083786,0.10992913,0.3916053,-0.27693883,0.46242645,0.1691715,0.13508649,-0.017665446,0.20931706,-0.117207944,0.17280972,0.20880829
24.677536062942007,35.07971042955572,84.775665,2851200.015449524,71.99833,-5.939476e-06,-3.793973e-06,0.05357936,0.42768684,0.44944096,0.17177913,0.069247946,0.15290132,0.07390148,0.16816823,0.084814966,0.18834578
24.336956356281394,35.12681217825459,78.56935,15983999.588012695,72.6234,0.0039641983,0.0030959935,0.21811685,-0.7574395,0.29614133,0.18101126,-0.095331796,-0.096050955,-0.15544686,-0.1590151,0.05738564,0.16905299
24.608695560661264,35.210145036629335,80.071884,4492800.099134445,71.58145,0.0001228652,0.00024312954,-0.22445574,-0.3646158,-0.035521228,0.14077096,-0.1444968,-0.028221589,0.24774715,-0.13828821,0.01276356,0.13887599
24.481884276880134,35.21376834109622,79.042,8121599.894428253,71.92158,-0.0014205844,-0.0013579909,-0.09535632,-1.7132566,-1.230987,0.08791964,0.015652727,-0.2063627,-0.26697928,-0.2588252,-0.13795546,0.2932954
24.3985509616347,35.079710263267266,82.39983,13737599.675559998,72.54105,-0.00010834195,-1.6731143e-05,-0.13699862,-0.5867574,0.09724735,0.22101307,0.25744268,0.13292824,0.06168115,-0.17563044,0.036079988,0.17929812
24.40579722439643,35.07608730649443,81.130585,17366400.293540955,72.12187,-0.00023212632,-0.00018211939,-0.14717966,-1.0227833,0.4712496,0.3600132,-0.21849781,0.017822832,-0.26096466,-0.2212154,0.11368506,0.2487178
24.579710091518006,35.06884069756067,84.24473,13132799.572563171,72.52938,-2.049464e-05,1.7049746e-05,-0.122050576,-0.29367763,0.3469151,0.1605368,0.30100843,-0.018798076,-0.015262336,-0.114731066,0.100178875,0.15231226
24.17028990870767,35.119565206509655,75.23819,17625600.494384766,72.232666,-0.055144947,-0.0008700719,0.4270728,0.49689493,0.01673824,-0.15605855,-0.23730817,0.2702254,0.10656805,0.08982814,0.0037725717,0.089907326
24.728260869121893,35.15579704180788,79.23173,17020800.39138794,71.05277,-0.00049680367,-0.00044154152,0.35132506,-1.3549076,0.5619042,0.4135507,-0.24154192,-0.4936452,-0.22995096,-0.16064408,0.06400645,0.17292584
24.731884091961334,34.88405773852335,82.62194,12614400.267791748,71.473366,2.6910831e-05,-1.3101702e-05,0.109205395,1.2145147,0.65369785,0.01319249,-0.19337097,0.06452229,0.36736757,0.09064792,0.043347508,0.10047912
24.619565229179578,35.18478278215484,82.255135,17452799.99485016,71.61016,-3.5186327e-05,1.972842e-05,0.11360099,-1.5961664,0.58020973,0.47234303,-0.363789,-0.27594656,-0.3722516,-0.2572101,0.09316797,0.27356407
24.358695745580064,35.14492749121842,79.46463,8380800.095272064,72.55713,-0.0009098043,-0.0013471054,-0.29681036,-1.1586674,-0.17470944,0.10839054,-0.42387024,-0.31641248,-0.21535715,-0.19859658,-0.031845093,0.20113356
24.351449221508126,35.36231895652174,77.53338,5011200.226593018,71.99088,-0.0060427235,0.0009100635,-0.021172486,-1.5226882,-1.6362146,0.1396985,0.27476546,-0.17529812,-0.6406851,-0.12115393,-0.09026508,0.15108295
24.3913043591697,35.05434799367564,86.750465,15897599.886703491,72.19954,-7.3606884e-07,-7.529273e-08,0.115948185,0.84159803,-0.030361447,0.14372572,0.6083214,0.53494847,0.5526857,0.18088877,0.023396032,0.18239552
24.572463802625258,35.028985391507106,77.31845,10886399.660110474,72.574135,-0.0060351132,0.009638023,0.22058764,-0.70471907,-0.05926154,0.13016622,0.3751306,0.045237765,0.2894504,-0.07047159,-0.043619454,0.08287884
24.293478074173446,35.130434424522214,78.52256,2764800.03991127,72.7896,0.00487352,-0.0035260103,0.0989504,-0.7798039,0.6195267,-0.38274753,-0.3500661,0.1469273,0.0060123634,-0.16836956,0.1335217,0.21488684
24.068840433535758,35.050724689208764,75.1399,8467199.796581268,72.06975,0.057583973,0.05802963,-0.18744773,1.8958043,0.7470051,0.21787071,-0.0311798,0.16374704,0.8173741,0.17057219,0.06630234,0.18300512
24.5036234048686,34.94565269942081,84.86278,2419199.8635292053,71.175446,3.1718428e-06,-3.3237884e-06,0.050422225,-0.5928385,-0.123909816,0.2201803,-0.085807376,-0.25665283,-0.34806508,-0.10884325,-0.0339884,0.1140266
24.43478251062254,35.050724689208764,81.254395,9158400.149345398,71.95882,6.2362735e-05,-0.00012286601,0.1875765,-0.5270436,0.40528813,0.38416559,0.035978045,-0.22852081,-0.028216936,-0.17058179,0.08373612,0.190026
24.49275373635028,35.04710138474188,79.64641,7343999.840354919,71.884346,0.0006748472,0.00023560612,0.42200544,-0.4468964,0.37472722,0.4172511,-0.15714973,-0.36515263,-0.035989642,-0.09126793,0.014471654,0.092408136
24.72463775080654,35.097825908808005,83.506035,14687999.680709839,71.63031,1.2526872e-05,-1.2589801e-05,-0.16277656,-1.5768088,0.17261411,0.17281762,0.04509269,-0.35909945,-0.21929398,-0.18174343,0.032414153,0.18461135
24.514492864338745,35.152173737341,77.98083,5702400.030899048,71.93018,0.0031677417,-0.0023200973,-0.030003555,-1.5624685,-0.5556189,0.21048743,-0.33178592,-0.33268395,-0.15921688,-0.14585721,-0.07163702,0.16249982
24.06159400092239,35.235507653915,77.223785,10713600.257492065,73.68077,0.035084628,0.037010085,0.035347886,1.5983669,0.86300284,0.14519532,-0.4521964,-0.07685867,0.5140203,0.18126257,0.13653216,0.22692983
24.171296292717127,35.10648163098043,78.049835,7689599.742507935,72.50715,0.005597594,0.0012227064,-0.019706167,1.355147,1.037375,-0.15333623,-0.3719859,0.22105959,0.3107714,0.11117381,0.1113867,0.15737411
24.35507260113369,35.04710138474188,76.478294,7948799.943351746,72.90168,0.03471302,0.036998168,0.28349414,0.40641287,0.89122784,0.10894755,0.0851594,-0.051435407,-0.40384194,0.07051554,0.17543186,0.18907347
24.33695651306752,35.26449269887389,75.24537,7775999.992275238,72.936584,-0.11870064,-0.060638696,-0.1652075,-2.344139,-1.347064,0.0095998645,-0.21826917,-0.30102336,-0.7341838,-0.13173082,-0.034362264,0.1361388
24.336956356281394,35.12681217825459,78.56935,17625600.494384766,72.55496,0.0010711398,-0.0037562817,-0.01481054,-0.40290564,0.3425428,0.2704078,-0.1373654,0.11754817,-0.09718553,-0.1030326,0.12338906,0.16075005
24.641304357168043,34.938405387540406,81.3883,8294399.845504761,71.68252,0.00012859298,0.00010321736,0.3925,1.0404688,0.42065856,-0.27289286,-0.13446963,0.14196935,-0.17662701,0.15634023,0.050489806,0.16429086
24.340579657513896,35.072464168316,77.031204,9935999.654960632,73.047295,0.0214612,0.011772824,-0.25385755,0.4665747,0.6700106,-0.08506573,0.1716432,-0.083926186,-0.30225652,0.065719925,0.10829112,0.1266731
24.659420157792983,35.13768139626715,82.9603,15120000.381088257,71.63436,2.8825016e-05,2.9486086e-05,-0.060236715,-1.5183266,0.04675968,0.31404197,0.012514506,-0.4090403,-0.30436033,-0.14765747,-0.02772823,0.15023842
24.134057993885538,35.130434787333385,80.741425,14428799.479866028,73.08585,0.00084225176,-0.00027758477,0.15660794,0.20284978,0.4525323,0.19128597,-0.35355175,0.20682272,0.37638488,0.03569839,0.112312615,0.11784948
24.40217392316393,35.07246365433351,77.73675,7516799.791431427,72.6749,-0.007554279,-0.009089886,0.08728626,-0.3199586,0.47601223,0.37125117,0.14383411,-0.2635727,-0.32548288,-0.1028003,0.08058576,0.13062146
24.800724541980035,35.0326085145684,80.91604,2419199.8635292053,72.40371,0.0002906319,0.00030493,0.20588616,0.8586776,-0.028052274,0.3694773,0.2525693,0.14143026,0.25154087,0.22118229,-0.0016206652,0.22118822
24.47463793572534,35.15579704180788,74.131996,9071999.899578094,73.130554,-0.3788722,-0.2156936,-0.114814065,-1.5996587,-0.68857294,0.24493042,0.13578068,-0.42455614,-0.68651646,-0.1864112,-0.09466093,0.20906895
24.235507135886934,35.09782643790763,86.62735,12527999.469566345,72.100464,1.5525804e-06,1.259826e-06,0.18152577,0.24279904,-0.24356984,0.02860615,0.6520148,0.184254,0.37771955,0.1263319,-0.09203108,0.15629928
24.60144921950647,34.9456523441682,85.40489,2592000.0888347626,71.16114,8.210302e-07,1.684094e-06,0.10746814,0.43989334,0.08135322,0.3452263,0.1914188,-0.12578005,-0.19929838,0.12597199,0.021095797,0.12772617
24.481884276880134,35.21376834109622,79.042,2246400.0495672226,72.18727,-0.00035326037,0.0015523667,-0.04474719,-0.853639,0.047520053,-0.077649124,-0.28619236,-0.25752127,-0.100097425,-0.18520278,0.010814846,0.18551828
24.171296292717127,35.10648163098043,78.049835,3110399.9420642853,72.56795,0.0034393785,-0.006421834,0.3212135,0.7338023,0.94622856,-0.50489604,0.1836653,0.28943664,-0.08496358,0.12571493,0.23332985,0.26504162
24.134057993885538,35.130434787333385,80.741425,5788799.732208252,72.70352,0.00061059574,0.00051885284,0.32844868,1.0138458,1.1218188,-0.23876756,-0.044912897,0.27426645,0.2542654,0.036049865,0.055703618,0.06635123
24.15942034471344,35.02536261613985,84.04098,18143999.79915619,72.39442,1.1105835e-05,1.9835541e-05,0.16914393,-0.074210316,0.5012956,0.5101627,0.13772239,0.44278702,0.3088116,-0.03594032,0.19102955,0.19438106
24.271739312019278,35.0833337340226,74.97577,9071999.899578094,72.91625,-0.14808303,-0.1335593,-0.2045855,1.2518291,1.1938055,-0.12854227,-0.11136084,-0.017788954,-0.21577951,0.17541373,0.15249042,0.23242913
24.514492864338745,35.152173737341,77.98083,15292799.783706665,72.193756,-0.004835822,0.00033498264,0.21852314,-1.0667089,-0.090437576,0.12862793,-0.048950173,-0.5415549,-0.33530393,-0.15497209,-0.015297443,0.15572527
24.271739312019278,35.0833337340226,74.97577,15465600.283241272,72.45018,0.017686812,-0.02640928,0.3636817,0.42695162,0.08344685,-0.14662242,-0.124866284,0.121956214,-0.0029197,0.093857035,0.0065402575,0.09408463
24.068840433535758,35.050724689208764,75.1399,6825599.987125397,71.751854,0.041821294,0.023557132,-0.0020748712,2.2321687,0.63116497,-0.0044471174,-0.13012567,0.35408416,0.7682669,0.13213716,0.050759144,0.14155112
24.177536001617764,35.01449252133363,77.3516,9849599.953651428,72.460175,0.008144723,-0.008574415,-0.15228772,1.4050897,0.59655225,0.06854201,0.20928127,-0.11787286,0.14180705,0.12528777,0.064990945,0.14114124
24.43478251062254,35.050724689208764,81.254395,8380800.095272064,71.88739,-0.00017870795,-0.00014115764,0.20536658,-0.58561325,0.38195074,0.28879273,-0.1801646,-0.2928802,-0.1532596,-0.18843368,0.10273114,0.21461812
24.409420342711783,35.02898555779556,73.23672,18316800.298690796,73.22849,0.9904552,0.99046224,0.28333578,1.002454,-0.531937,-0.17399418,0.28120688,-0.27791902,0.37019876,0.11513798,-0.04704547,0.12437858
24.442029139218562,35.043478080275,76.86345,6480000.084972382,72.63088,-0.020278923,-0.012634416,0.37438866,-0.6508889,0.30976853,0.3056105,-0.14096698,-0.2328524,-0.087211415,-0.15772843,0.0038706213,0.15777591
24.75362311542571,35.148550251468535,82.31272,12095999.866104126,71.45882,3.5314824e-05,4.5193563e-05,0.011749439,-0.83170617,-0.5590222,0.29054502,-0.13774344,-0.31976825,-0.10149983,-0.13679463,-0.115960225,0.17933083
24.52536253285706,35.05797113185407,79.99595,2937599.9909877777,71.72493,0.00012875599,-0.00027281334,0.043884665,-0.30882734,-0.23836534,0.078944646,-0.35499498,-0.18474302,0.20815292,-0.11493184,-0.07349785,0.1364231
24.503623143558386,34.916666955294566,80.479385,7343999.840354919,71.57255,9.886854e-06,0.0002632359,0.5050352,-0.59018683,0.019557808,0.33993226,-0.011738904,-0.19127868,-0.5881842,-0.16860647,0.05127331,0.17623024
24.33695651306752,35.26449269887389,75.24537,13478399.474716187,72.781525,-0.08252819,-0.10060798,0.059198607,-1.2046727,-0.40118685,0.2662925,-0.33550036,-0.4616183,-0.23883781,-0.20505661,-0.051974554,0.21154094
24.655797039477626,35.09782643790763,82.953125,17971200.39653778,71.29588,-2.1158832e-05,-2.095591e-05,0.14082259,-1.5786963,0.7900757,0.32317266,-0.23306167,-0.07894629,-0.15772668,-0.13138393,0.06903456,0.14841667
24.282608510179216,35.10869565592019,73.044136,10799999.95880127,72.845345,-0.7070591,-0.6584625,-0.21981981,1.5171152,1.1332487,0.1278926,0.103406966,-0.27388653,0.28350827,0.13179196,0.09262775,0.16108699
24.619565229179578,35.18478278215484,82.255135,17712000.19569397,71.60382,-2.5441253e-05,2.5705882e-05,0.12586302,-1.5804509,0.6572444,0.49014118,-0.4026891,-0.25061995,-0.3627481,-0.255327,0.099268444,0.27394542
24.55072462237475,35.07608730649443,88.70044,12873600.46863556,72.59892,8.3078696e-08,-3.5355853e-07,-0.21987778,1.1236864,0.509273,0.08285613,-0.008418467,0.28228807,0.2649008,0.13066868,0.06712542,0.14690176
24.514492864338745,35.152173737341,77.98083,1036799.9806880951,71.92319,0.0032166017,-0.0020108218,0.13849339,-0.45938188,-0.08424339,-0.15675625,0.12330794,-0.24411236,0.117022485,-0.15882872,-0.053561077,0.16761668
24.409420264318722,35.097825908808005,75.01247,5184000.177669525,72.67142,0.11129981,0.114987776,0.24965248,-0.34018245,0.4214896,0.20817402,-0.08579036,0.0031855628,0.14795575,-0.086946614,0.061143793,0.10629336
24.141304256647267,35.05072417522627,80.839714,3542400.093984604,72.49729,0.00020301847,0.00024776428,0.55122834,0.10451497,0.53716105,-0.40138993,0.31348085,-0.011570888,0.11524694,-0.004510246,0.100747675,0.10084858
24.677536062942007,35.07971042955572,84.775665,11318400.360488892,72.421814,4.157367e-06,-3.1573427e-06,0.052278418,-0.3945008,0.31433776,-0.12814435,-0.09015273,-0.14162986,-0.30867067,-0.107859045,0.10635827,0.15147823
24.358695745580064,35.14492749121842,79.46463,14515200.27809143,72.56429,-0.0013300555,0.00011063226,0.11565435,-0.9624094,0.094206706,0.32397413,0.033923574,-0.16267815,0.18575162,-0.14047864,0.002821952,0.14050698
24.369565205050215,35.10507235145331,81.59638,16675200.489234924,72.46614,-0.00022101017,0.00011280249,-0.19985178,-0.7497833,0.32476762,0.34558102,-0.17279091,0.20337196,-0.17416868,-0.24458984,0.09933317,0.26399103
24.46739112421217,35.10507235145331,77.031204,950400.0051498413,72.32413,0.0059134164,0.005211307,0.2559116,-0.41455984,-0.17033373,-0.24942476,0.060633883,-0.08260385,0.14440176,-0.15176162,-0.0272737,0.15419288
24.43478277193275,35.06521686399416,78.38795,6912000.2368927,72.319885,-0.001443068,-0.0035070584,0.21397439,-0.6039413,0.38823855,0.50542194,0.017754056,-0.37337795,-0.16107231,-0.11050981,0.02959507,0.11440405
24.55434784521419,35.039855304907746,78.730316,9331199.551963806,72.14452,-0.00055703864,-0.0022793948,0.3535792,-0.75323045,0.05325239,0.23941451,0.19219562,-0.061743688,0.36221078,-0.187754,-0.02892214,0.18996857
24.365941903817713,35.11594190204278,77.940506,2851200.015449524,72.56472,0.0070759114,-0.0003322686,0.14103895,-0.8541268,0.37873584,-0.05530905,-0.4072684,-0.07719983,0.29821813,-0.24803814,0.11110012,0.2717833
24.409420264318722,35.137681214861566,85.684586,11664000.262641907,72.81756,2.748681e-06,-6.9713856e-06,0.05453249,0.3451032,0.38642767,0.0053777024,0.17134815,0.11584723,0.16724902,0.1311998,0.19366542,0.23392239
24.242753659958876,34.931159481553294,83.59315,2678400.0643730164,72.557495,-3.6267244e-05,3.37211e-05,0.22701773,-0.26945955,-0.43093345,-0.12026689,0.11256558,-0.14021587,-0.33970863,-0.078259915,-0.1390135,0.15952858
24.53985505838052,35.14492730981283,78.72631,7171199.889278412,71.852425,0.0017738632,0.001012512,0.074404374,-1.2681899,-0.66548204,0.28702062,-0.17812547,-0.28475195,-0.035267763,-0.15364376,-0.07870063,0.17262733
24.731884091961334,34.88405773852335,82.62194,13564800.27294159,71.44585,-3.0322826e-05,1.7825736e-06,0.061163142,0.8118429,0.44248253,0.04084325,-0.25391242,0.04336016,0.23871756,0.10672104,0.062605426,0.12372882
24.514492864338745,35.152173737341,77.98083,9676799.454116821,72.43636,0.005477129,0.005767157,-0.031819373,-1.1640518,-0.7412714,0.107393146,0.1528846,-0.14300999,-0.15471888,-0.15935583,-0.09920913,0.18771449
24.365941903817713,35.11594190204278,77.940506,5443199.830055237,72.57668,-0.0048646387,0.0053789387,-0.15528753,-0.86481285,0.3076656,0.041255675,-0.30539533,-0.122721754,-0.091055945,-0.15901901,0.033448998,0.16249886
24.35507260113369,35.04710138474188,76.478294,8553600.046348572,73.00066,-0.014941354,0.019263903,0.19798976,0.41033992,0.8626029,0.055405468,0.13208827,-0.058949165,-0.40186223,0.063677385,0.13815844,0.1521268
24.576087129988778,34.96376817111452,80.53768,4233599.898290634,71.7613,-0.00024024828,0.00014246047,0.2749956,0.3354336,-0.3331118,-0.13531443,-0.057719007,-0.3144079,-0.2521857,0.1208369,-0.06912917,0.1392135
24.608695560661264,35.210145036629335,80.071884,16502399.989700317,71.47496,0.00034372348,0.0003649872,0.24492598,-1.5666972,0.4724109,0.48332825,-0.29424337,-0.4250309,-0.3275045,-0.19394329,0.022159632,0.19520514
24.3913043591697,35.05434799367564,86.750465,10195199.855804443,72.29273,-4.7000046e-07,1.6248904e-06,-0.17382056,-0.17913032,0.3734833,-0.3359864,-0.087642215,0.07774257,-0.06494518,-0.029886141,0.115454346,0.119259745
24.72463775080654,35.097825908808005,83.506035,16761600.190544128,71.280594,-4.8922357e-06,-1.2342515e-05,-0.009897035,-1.6280893,0.62740874,0.18079254,-0.018840216,-0.30878198,-0.04786264,-0.16010821,0.07778868,0.17800483
24.525362323808892,35.01449270273921,80.76379,13910400.175094604,71.8505,0.00024862404,0.00020612152,-0.016835518,-1.2760993,0.42847198,0.28334624,0.19735914,-0.14015663,-0.18315005,-0.14397845,0.06100274,0.15636857
24.365941903817713,35.11594190204278,77.940506,2592000.0888347626,72.58543,0.0072214776,-0.005632868,0.17122328,-0.8539789,0.37918591,-0.05042944,-0.38111556,-0.080658846,0.3124311,-0.26121497,0.12558344,0.28983524
24.409420185925658,35.126811301460926,78.58091,8553600.046348572,72.63989,-0.0019731473,-0.0034288375,-0.28978953,-0.9641807,-0.2243221,0.23927939,-0.1100843,-0.279978,-0.23410523,-0.13943036,-0.019061923,0.14072733
24.40579730278949,34.98550712868071,82.545616,5356800.128746033,71.76973,-4.776299e-05,-5.0757812e-06,0.22333446,-1.326631,0.0108436905,-0.23183909,-0.6853986,-0.2670747,-0.6386454,-0.18642461,-0.004193496,0.18647178
24.293478074173446,35.130434424522214,78.52256,777599.9855160713,73.12674,0.0041572107,-0.0012934501,0.16382715,-1.1282512,0.59886575,-0.1722278,-0.08113346,0.12427905,0.043869756,-0.18310192,0.10271361,0.2099438
24.134057993885538,35.130434787333385,80.741425,13564800.27294159,73.03949,0.0007293437,-0.00043854848,0.058060892,0.22963828,0.34310532,0.112598896,-0.3708553,0.1388466,0.3292243,0.06242843,0.10843723,0.12512371
24.626811465810288,35.05797113185407,83.9315,6134400.182819366,71.60805,-1.0627419e-05,8.808871e-06,0.31748542,0.92945015,0.4560697,-0.25552243,-0.16310257,0.30635777,0.57505685,0.28899148,0.06190169,0.29554677
24.659420157792983,35.13768139626715,82.9603,3628800.0695228577,71.94527,-1.7637287e-05,-3.920736e-05,-0.2227686,0.02242735,0.21424693,-0.0501379,-0.44131535,0.11159325,0.2178812,0.07891952,0.12264597,0.14584349
24.40217392316393,35.07246365433351,77.73675,3456000.11844635,72.26994,-0.0037492183,0.0015429187,0.08398735,-0.4499283,0.13164827,0.099560976,-0.26493156,-0.073099785,0.33592385,-0.1776067,0.05980786,0.1874063
24.134057993885538,35.130434787333385,80.741425,14083199.577713013,73.06747,0.0008266031,-0.0008306154,0.12024732,0.2183455,0.40555096,0.1593433,-0.35746995,0.18463741,0.36237544,0.046326794,0.10939886,0.11880354
24.423912946628306,35.16304383214723,83.815254,5011200.226593018,72.17172,-1.8846576e-05,4.409607e-06,0.16885626,-0.47579342,0.44237056,0.032180816,-0.0044882484,-0.18124999,0.5567615,-0.20617488,0.1703397,0.26743916
24.202898613755877,35.17753635462667,82.22561,8553600.046348572,72.86549,3.345599e-05,-0.0001767848,0.044445075,0.92602813,0.84313023,0.011831537,-0.23442069,-0.009814855,0.0031833407,0.09410441,0.11595972,0.14933953
24.49275373635028,34.95652190987481,78.13308,17107200.092697144,72.023346,0.0027575288,-0.0032909855,0.07728485,-0.45124665,0.20663479,0.074961625,0.1262245,-0.4008907,0.22596282,-0.16285007,0.059089135,0.17323877
24.141304256647267,35.05072417522627,80.839714,3715200.0450611115,72.505424,0.00030160043,0.00030190745,0.55366504,0.077917755,0.5164957,-0.4107872,0.3178928,0.0045675337,0.11810947,-0.02029743,0.09002233,0.092282206
24.507246418659868,35.018115659512056,74.98295,1468799.9954938889,72.792534,-0.06050703,-0.05249905,0.05096695,-0.017304294,-0.7566376,-0.01921665,0.2180216,-0.28284898,0.078320734,-0.10026628,-0.22011405,0.24187501
24.507246418659868,35.018115659512056,74.98295,4060799.9472141266,72.860405,0.14030115,0.07578139,0.06594325,-0.64291775,-0.50937164,0.29264146,-0.14389291,-0.2630921,0.35594204,-0.15535769,-0.121333405,0.19712384
24.134057993885538,35.130434787333385,80.741425,10454400.056648254,73.03058,-0.00041797792,0.00036431875,-0.10598665,0.43974403,0.36449865,-0.10331889,-0.49870005,0.0028677322,0.091193214,0.17449328,0.12599586,0.21522745
24.800724541980035,35.0326085145684,80.91604,6393599.835205078,72.6844,-1.3047051e-05,6.565257e-05,0.21145964,1.3930572,0.05461008,-0.23121828,0.11874736,0.04801833,0.35444978,0.1974661,0.017643958,0.1982528
24.503623143558386,34.916666955294566,80.479385,14083199.577713013,71.67634,-0.00023430127,7.81607e-05,0.24000382,-1.232126,0.5730836,0.39933574,0.0010566562,-0.07431429,-0.2542163,-0.20508194,0.118143365,0.23667796
24.340579657513896,35.072464168316,77.031204,3628800.0695228577,72.49319,-0.013234072,-0.0069182077,0.1808382,0.23587382,0.5650428,-0.027614824,-0.1363976,0.051883146,0.2067616,0.017587291,0.14170858,0.14279579
24.57246390714934,35.13405809180027,82.83649,17798399.897003174,71.65152,-3.36203e-05,1.8579183e-05,0.023873689,-1.5955602,0.5720983,0.34961262,-0.33768576,0.046235263,-0.3635954,-0.20080316,0.105081886,0.22663651
24.271739312019278,35.0833337340226,74.97577,3369599.8686790466,72.30635,-0.06454203,-0.06576705,0.21468219,0.92288744,0.89300406,0.028715048,0.018307332,0.04298123,0.07422179,0.14294006,0.15570602,0.21136752
24.52536253285706,35.05797113185407,79.99595,7603200.0411987305,71.79701,0.00034748402,-2.0087318e-05,0.4247141,-0.5099077,0.22279848,0.31424212,-0.21459901,-0.29981545,0.19887671,-0.07510167,-0.0010431632,0.075108916
24.282608510179216,35.10869565592019,73.044136,5875199.981975555,72.89746,-0.8680337,0.47630164,0.058860958,1.1154218,0.8666501,0.024610315,0.079804465,0.30793053,0.25628045,0.18423542,0.112956904,0.21610634
24.409420264318722,35.097825908808005,75.01247,8553600.046348572,73.26081,-0.19861086,-0.19918029,-0.015581697,-0.55973494,0.30976462,0.08251367,-0.14408457,-0.16575338,-0.41845402,-0.099748045,0.03282997,0.105011806
24.3913043591697,35.05434799367564,86.750465,13219200.370788574,72.15315,8.001913e-07,-1.4334684e-06,0.046650928,0.59569156,0.14335397,0.011051297,0.50248873,0.30125767,0.44435245,0.18721777,0.0530309,0.19458358
24.85869584610084,35.31159408476158,76.05999,15120000.381088257,73.08981,-0.06385487,-0.014840256,-0.05709037,-0.21369867,0.14615312,0.099403456,0.15754679,-0.016731894,-0.10277722,-0.16299549,0.08732123,0.1849122
24.264492787947336,35.06521739309379,75.914215,8380800.095272064,72.75757,0.05072746,0.006656407,-0.13211396,1.7373946,1.2544707,-0.046506085,-0.01840762,0.08345532,-0.26385513,0.14879756,0.045313492,0.1555443
24.52536253285706,35.05797113185407,79.99595,4492800.099134445,71.67585,-0.00019614112,0.00046963163,0.3105695,-0.5755409,0.006537359,0.22805277,-0.70048314,-0.34672788,0.18005285,-0.14694798,0.015508428,0.14776407
24.32608705359737,35.05434782738719,80.59564,2159999.936914444,72.377754,-0.00039811147,-0.0004907333,0.027846029,-0.5285865,0.18946634,-0.18755445,-0.23828286,-0.11050432,0.22179782,-0.18896572,0.057654463,0.19756538
24.409420264318722,35.097825908808005,75.01247,14083199.577713013,72.993576,-0.15219131,-0.15578896,0.19146284,0.3265973,0.04809604,-0.057478555,-0.114400454,-0.44079453,-0.20008746,0.19966611,0.0016566068,0.19967298
24.608695560661264,35.210145036629335,80.071884,2159999.936914444,71.98708,-0.00034275628,-0.000526691,-0.17373168,-0.25166494,0.31124344,-0.072151326,-0.22681674,-0.20207809,0.33640605,-0.08022956,0.16824907,0.18639885
24.358695745580064,35.14492749121842,79.46463,12787199.670410156,72.6298,-0.0009158811,-0.001498414,-0.0064537823,-0.8951217,-0.119596094,0.27109012,0.082273945,-0.20594427,0.3184494,-0.121164516,-0.02634412,0.12399537
24.442029139218562,35.043478080275,76.86345,13824000.4737854,72.95845,0.017081592,0.014792917,0.28317195,0.21892098,0.260298,0.07143575,0.277821,-0.253767,0.11820029,0.050516862,0.053620078,0.07366862
24.340579735906957,35.22101461745307,78.71513,16761600.190544128,72.64192,0.0029970722,0.0015962138,-0.022069104,-0.81252384,0.21485592,0.6734736,-0.14990142,-0.09352407,0.40427238,-0.14695716,0.07622646,0.16555023
24.46739112421217,35.10507235145331,77.031204,1036799.9806880951,72.315,0.0049300715,0.005915357,0.25247723,-0.41997233,-0.17035128,-0.23492932,0.046032906,-0.09012768,0.15736026,-0.1495756,-0.020321973,0.1509498
24.677536062942007,35.07971042955572,84.775665,5011200.226593018,72.009926,-6.2444064e-06,5.646777e-06,0.039579686,0.89837027,0.53201646,-0.06490273,0.016332801,0.24109867,0.45348084,0.22876453,0.13075581,0.26349628
24.576087129988778,34.96376817111452,80.53768,9590399.752807617,71.61703,-0.00026422236,0.00021818237,0.48085108,0.2780276,0.57730955,0.08010617,0.111389875,0.26343265,-0.26045886,0.048571274,0.12442679,0.13357092
24.60144921950647,34.9456523441682,85.40489,9244799.850654602,71.51167,-2.4051612e-06,2.737982e-06,0.12099623,0.4669536,0.33962888,-0.30149233,-0.18858245,0.34534892,-0.22079375,0.06805182,0.074974164,0.101253025
24.52536253285706,35.05797113185407,79.99595,16847999.891853333,71.73409,0.00026204422,0.0004442766,0.047591012,-1.7849803,0.20164813,0.1693357,-0.10637241,-0.3618629,-0.28504208,-0.1327688,0.023167491,0.13477494
24.619565229179578,35.18478278215484,82.255135,7171199.889278412,71.532234,-3.0303547e-05,4.4958335e-05,0.0046795644,-0.33111954,-0.2602836,0.18823221,-0.27829826,-0.28202596,0.07184578,-0.085506365,-0.10326201,0.13406856
24.731883987437246,34.999999998854186,80.17734,172800.00249445438,72.353325,-0.0005104215,0.0007331929,0.07584897,-0.3485577,-0.5111854,0.2116848,0.45880294,-0.18087327,-0.04677339,-0.085648924,-0.17902215,0.1984557
24.481884276880134,35.21376834109622,79.042,2937599.9909877777,72.131195,-0.000783213,0.0011898759,-0.10943513,-1.0139396,-0.113342494,-0.09454245,-0.3351913,-0.2468354,-0.108160324,-0.17518759,-0.0031399578,0.17521572
24.275362351941567,35.02173896397893,79.32639,3801600.0205993652,72.36427,0.00091805495,-0.00087152055,0.29672801,-0.116545014,0.1177886,-0.39593878,0.042946994,-0.04581028,-0.04630579,-0.063565075,0.014798513,0.065264955
24.46739112421217,35.10507235145331,77.031204,18057600.097846985,72.614815,-0.016330952,-0.011781926,0.10944094,-0.4023969,-0.23023166,-0.05743713,-0.014700979,-0.21858148,-0.04202637,-0.14482704,-0.07011392,0.16090629
24.528985389862203,35.079710263267266,73.800804,3974399.971675873,72.78566,0.39259017,-0.3687736,0.31585267,-0.80084646,-0.25624952,0.5815373,0.34624335,-0.31897423,0.20193794,-0.16976047,-0.100674465,0.19736758
24.72463775080654,35.097825908808005,83.506035,7862400.2420425415,72.25378,-2.0711908e-05,3.6153622e-06,0.062347554,0.7128768,-0.099170804,-0.26415938,-0.2850095,0.061791196,0.1350058,0.19176288,-0.06505829,0.20249836
24.528985389862203,35.079710263267266,73.800804,5788799.732208252,72.79815,0.3923816,-0.23110488,0.3208034,-1.421097,-0.41572586,0.5232312,-0.011927158,-0.27624172,0.052473396,-0.10414824,-0.07665099,0.12931447
24.60144921950647,34.9456523441682,85.40489,16847999.891853333,71.7882,-2.1884675e-06,-1.9959086e-06,-0.11716785,-0.31372875,0.1915016,-0.15243888,0.22133783,0.14054456,0.4979778,-0.1293473,0.10164373,0.16450584
24.409420185925658,35.126811301460926,78.58091,16156800.087547302,72.37089,0.0032414254,0.000125175,0.13717219,-0.80986917,0.16204554,0.13290617,-0.0956677,-0.2228195,-0.29134968,-0.14464647,0.041717872,0.15054229
24.24275355543479,35.275361916886446,83.709785,12700799.969100952,72.45477,1.52286075e-05,-3.1329495e-05,-0.31441736,1.3772368,0.6451974,0.08231458,-0.23168135,0.43748975,0.6445869,0.14187117,0.061994225,0.15482478
24.423912946628306,35.16304383214723,83.815254,7689599.742507935,72.16843,2.0127416e-05,-2.1857168e-05,0.25713465,-0.80865383,0.24600019,0.29611242,-0.16234577,-0.33077303,0.21958941,-0.1494565,0.0354553,0.15360443
24.365941903817713,35.11594190204278,77.940506,11577599.464416504,73.00252,0.009810167,0.006063444,-0.22368073,-0.3765861,0.085010074,-0.12580162,0.06303543,-0.1645667,-0.04199487,-0.10724427,0.009249121,0.10764237
24.340579735906957,35.22101461745307,78.71513,3628800.0695228577,72.5142,-0.0012887225,0.003233873,-0.13346073,-1.2715437,-0.14925346,-0.29275423,-0.3121749,-0.0024481062,-0.72940993,-0.26131362,-0.059775695,0.2680633
24.55072462237475,35.07608730649443,88.70044,15206400.082397461,72.74146,-3.1756082e-07,4.2314532e-08,-0.18674147,1.1526315,0.19237971,-0.022160068,0.030433236,0.40596065,0.4939892,0.21794225,0.045196433,0.2225793
24.528985389862203,35.079710263267266,73.800804,16934399.593162537,73.829155,-0.07524259,-0.48082906,0.28056175,0.76745605,-0.58199406,-0.20213434,0.09165784,-0.6271131,0.029828176,0.27249515,-0.25931472,0.37616184
24.32608705359737,35.05434782738719,80.59564,17625600.494384766,72.1865,-0.00041100202,-0.00016453836,-0.13386348,-0.63210666,0.56220335,0.4003793,-0.33937833,-0.044105057,-0.20243073,-0.103908986,0.14690055,0.17993568
24.068840433535758,35.050724689208764,75.1399,17366400.293540955,71.95371,0.042096306,-0.045532823,-0.1688917,0.804541,0.13273661,-0.13910747,0.0028074086,0.049931295,0.09008607,0.13772374,0.030757375,0.14111643
24.423912946628306,35.13405791039468,84.735344,7775999.992275238,72.274994,6.9489784e-06,1.0395922e-05,0.28502852,-0.66796505,0.2952458,0.003990777,-0.23088449,-0.2966036,0.19288564,-0.13915457,0.06679234,0.15435417
24.57246390714934,35.13405809180027,82.83649,16156800.087547302,71.77645,2.7308162e-05,3.7486487e-05,-0.071678706,-1.4958285,0.19561212,0.26347178,-0.12931746,-0.108436234,-0.25562015,-0.16572073,0.033900708,0.16915265
24.728260869121893,35.15579704180788,79.23173,14515200.27809143,71.38163,0.00015027211,0.0005738307,0.13812265,-1.1882975,-0.17648475,0.1591114,-0.109184645,-0.2374219,-0.31273577,-0.1325984,-0.017419823,0.13373776
24.423912946628306,35.13405791039468,84.735344,17020800.39138794,72.60037,-1.2442553e-06,-1.044422e-05,-0.21557519,-0.036030352,-0.12676427,0.21258637,0.06740913,0.47206882,0.12830706,0.020162895,-0.11618373,0.11792032
24.40579730278949,34.98550712868071,82.545616,8380800.095272064,71.92618,-5.6602315e-05,4.722846e-05,-0.0071880333,-0.8697419,0.08004776,0.2463347,-0.3146456,-0.13134295,-0.63197494,-0.23823437,-0.006326638,0.23831837
24.373188349496587,35.09782609021359,73.044136,14860800.180244446,72.8899,0.8616477,0.35551208,0.15564506,0.8180194,-0.2413371,-0.2119742,0.050498158,-0.43747017,0.12535319,0.22454558,-0.103528336,0.24726269
24.134057993885538,35.130434787333385,80.741425,12614400.267791748,73.02334,0.00061059435,0.00031501547,-0.058470428,0.23132685,0.26857832,0.031084877,-0.41656902,0.038058095,0.24068639,0.09037781,0.11634992,0.1473277
24.152173912100075,34.942029039701325,85.189964,10195199.855804443,72.57374,8.805628e-06,8.5813845e-06,-0.35083827,-1.0794245,-0.40080655,0.2748714,-0.0077235624,-0.47121534,0.32372552,-0.089331,-0.040067315,0.097905144
24.2137679164399,35.101449394680465,78.1842,5702400.030899048,72.565575,0.005566454,0.00036164612,0.15090336,0.63901436,0.9105822,-0.2747886,-0.12189718,0.2479774,0.06437226,0.07959411,0.17546406,0.19267294
24.264492787947336,35.06521739309379,75.914215,5356800.128746033,72.34386,-0.037289985,-0.037025858,0.17328721,1.692571,1.0085865,0.010439254,0.12680165,0.23423213,0.24213213,0.1564923,0.045123264,0.16286789
24.17028990870767,35.119565206509655,75.23819,15033599.582862854,72.422455,0.013858712,0.05588968,0.27856284,0.07302742,0.44304788,-0.3380216,-0.39187708,0.22397935,0.07935723,0.036345847,0.22505024,0.2279663
24.5036234048686,34.94565269942081,84.86278,4579200.074672699,71.163536,-1.8493e-06,-2.7686795e-06,0.13301446,-0.18766618,0.15419172,0.39025837,0.05510627,-0.1730277,-0.15485016,-0.04295771,0.03340116,0.054415092
24.373188532413735,34.85507217391305,83.68782,3542400.093984604,72.14045,1.2295126e-05,5.6459344e-06,0.32057405,-0.723088,0.18445818,0.19862877,-0.012506545,-0.06433383,-0.38097903,-0.107310906,0.04885018,0.117906615
24.528985389862203,35.079710263267266,73.800804,17020800.39138794,73.83735,0.30235827,-0.113033734,0.2738734,0.7875161,-0.57705945,-0.19900075,0.08820489,-0.6211444,0.03672502,0.27965716,-0.25401157,0.37779623
24.55072462237475,35.07608730649443,88.70044,7343999.840354919,72.34136,-2.6009582e-07,-2.29032e-07,-0.10458862,0.018928438,0.66147906,0.2068443,0.14647579,0.09667805,-0.14698836,0.02845268,0.1702275,0.17258899
24.782608845879178,35.07246365433351,80.82854,7084800.187969208,72.51981,0.00045941074,-7.110279e-05,0.23577142,1.3029128,-0.095126644,-0.21174124,0.0625257,0.17484683,0.45626372,0.24601816,-0.06411588,0.25423568
24.293478074173446,35.130434424522214,78.52256,8726399.99742508,73.0243,-0.0014799343,-0.0024537547,-0.3526669,-0.07795577,0.4445717,-0.050001018,-0.49124905,-0.17933045,-0.48407713,-0.036612585,0.07019424,0.079168886
24.507246627708035,35.15217355593542,72.15966,11836799.665260315,72.22825,-0.17310672,0.28851563,0.24465835,-0.66787875,-0.63496155,-0.28847235,-0.009241052,-0.4113734,-0.5119311,-0.11282477,-0.15055819,0.18814142
24.514492864338745,35.152173737341,77.98083,8553600.046348572,72.25745,0.00045448446,0.005070659,-0.0645739,-1.3167497,-0.8465907,0.12761322,0.019393448,-0.19561583,-0.23878288,-0.21902198,-0.11596796,0.24782896
24.481884276880134,35.21376834109622,79.042,6825599.987125397,71.84051,0.00071089354,-0.0011093629,-0.18500614,-1.7984085,-1.1363479,0.011057556,-0.1301192,-0.25576448,-0.3013517,-0.25342777,-0.08713784,0.26799
24.641304357168043,34.938405387540406,81.3883,10195199.855804443,71.55196,-7.379244e-05,-2.8004863e-05,0.33427906,0.7305938,0.6716573,-0.11747358,-0.140033,0.3141223,-0.09110113,0.07380302,0.1059894,0.12915355
24.271739312019278,35.0833337340226,74.97577,10368000.35533905,73.16363,0.17689694,0.18193847,-0.2647353,0.6901356,1.0103881,-0.21010914,-0.029267393,-0.18852833,-0.20852149,0.13722923,0.1611367,0.21165279
24.49275373635028,35.04710138474188,79.64641,17107200.092697144,71.830246,0.00037773096,0.0005170829,0.03846918,-1.6181524,0.19086757,0.14454782,-0.13618615,-0.37724024,-0.19707093,-0.13520922,0.038885117,0.14068967
24.202898613755877,35.17753635462667,82.22561,17971200.39653778,72.83753,-0.00014300997,-0.00016413345,-0.37537226,0.265812,0.22879086,0.12245238,-0.14568001,0.28629488,0.2635442,0.13628137,0.077161364,0.15660934
24.068840433535758,35.17753635462667,82.62194,7084800.187969208,72.19289,6.7372086e-05,6.377545e-05,0.16077006,2.1146042,1.1440107,-0.05013623,0.23579964,0.11921434,0.310854,0.23839384,0.077868775,0.2507891
24.278985653174068,35.159420527680346,80.15937,6220799.884128571,72.53159,0.0008029435,-0.000871191,0.17618147,-0.5591954,0.44992957,-0.15419337,-0.48896256,0.06762785,-0.10810826,-0.1998854,0.119095445,0.23267552
24.525362323808892,35.01449270273921,80.76379,3456000.11844635,71.645775,-0.00021286985,-0.00011955951,0.23085243,-0.14762828,-0.17995982,-0.11630099,-0.43672654,-0.26676995,-0.1689476,-0.061640948,-0.08758752,0.10710359
24.423912946628306,35.16304383214723,83.815254,14947199.88155365,72.709045,-2.5274316e-05,-3.4328914e-05,-0.07411646,-0.25785,-0.3284008,-0.05265487,0.09792857,0.27607894,0.11891053,-0.10372647,-0.15016645,0.18250793
24.003623304347823,35.192029209683014,80.788605,1900800.0102996826,73.00968,-0.00077476085,0.00077269797,0.2570115,0.6128168,1.1726468,0.15656541,0.04186948,-0.3495413,0.19196838,0.12491517,0.17407043,0.21425292
24.177536001617764,35.01449252133363,77.3516,14256000.07724762,72.556046,-0.0011639907,-0.006385072,-0.04289955,0.088654876,0.4660857,0.012340702,-0.33518595,-0.22659506,-0.06484612,0.027943373,0.1144225,0.11778515
24.608695560661264,35.210145036629335,80.071884,3801600.0205993652,71.73495,3.1773314e-05,0.00046219616,-0.26526055,-0.32127538,0.10758786,0.08429016,-0.21254757,-0.055243112,0.30693027,-0.114634365,0.0699904,0.13431193
24.626811465810288,35.05797113185407,83.9315,3801600.0205993652,71.65523,-6.203672e-07,-8.152612e-08,0.23143902,0.6862273,0.3986505,0.019646522,-0.09447629,0.11488226,0.2973425,0.2541711,0.088599235,0.26917052
24.264492787947336,35.06521739309379,75.914215,4492800.099134445,72.22989,-0.03084986,-0.030633662,0.23493409,1.4092909,0.90951157,-0.02488301,0.05548189,0.12543866,0.20726502,0.17472416,0.079884626,0.19211999
24.365941903817713,35.11594190204278,77.940506,17452799.99485016,72.529465,-0.006421319,-0.0054734456,0.072130315,-0.34659672,0.16214217,0.079967685,-0.14676282,0.07166878,-0.16155156,-0.08038675,0.08754724,0.11885516
24.40579722439643,35.07608730649443,81.130585,172800.00249445438,72.25955,-0.00023066868,-0.000269725,-0.25410274,-0.7262399,0.13962577,0.2149413,-0.079363145,-0.13787425,0.20180127,-0.16925739,0.11213489,0.20303275
24.268116089179838,35.07971042955572,81.07262,3715200.0450611115,72.41084,-0.00030221665,0.0003075226,0.15543143,-0.61023414,0.2863341,-0.37416843,-0.091494896,-0.10089958,0.18648127,-0.12456695,0.05883826,0.1377638
24.177536001617764,35.01449252133363,77.3516,12960000.169944763,72.84975,0.011453197,0.0076940297,-0.13379434,0.3429572,0.4782356,-0.046304084,-0.14084834,-0.21099804,0.02560302,0.07020828,0.07936852,0.10596492
24.15942034471344,35.02536261613985,84.04098,3715200.0450611115,72.87912,3.146394e-05,1.3805321e-05,-0.0133171715,-0.65188515,-0.09056345,-0.1580135,-0.19989732,-0.3687522,-0.17601809,-0.19527406,-0.022773758,0.19659756
24.728260869121893,35.15579704180788,79.23173,6566399.786281586,71.802345,-0.00020409413,-0.0005781356,0.4130235,0.63293767,-0.21278156,0.07129524,0.117148876,0.26059815,0.091572866,0.22454807,-0.1347735,0.26188877
24.409420264318722,35.137681214861566,85.684586,18057600.097846985,72.25423,4.234413e-06,3.6079068e-06,-0.318727,0.31704223,-0.33321348,0.21766841,0.030205244,0.47032925,0.19564876,0.101840824,-0.0764893,0.12736627
24.268116089179838,35.07971042955572,81.07262,5961600.231742859,72.29319,0.00026300884,0.0002929505,0.11496412,-1.0473446,0.13814944,-0.37934017,-0.20919007,-0.17552279,0.06073567,-0.12891759,-0.004591923,0.12899934
24.373188349496587,35.09782609021359,73.044136,14774400.478935242,72.89391,0.82896274,0.6375948,0.1499313,0.80676484,-0.21770133,-0.21131656,0.03893485,-0.44975775,0.11900382,0.22364767,-0.09702407,0.2437867
24.782608584568965,35.06521774078783,85.492004,5184000.177669525,72.29814,2.2230229e-06,6.730664e-07,-0.12872726,1.068173,0.5100736,-0.04331138,-0.03358286,0.48651,-0.018925738,0.08695361,0.06313938,0.10745935
24.525362323808892,35.01449270273921,80.76379,8726399.99742508,71.79384,-0.00021215616,-0.00012851765,0.51262486,0.22239637,0.52942544,0.20504934,0.09288851,0.048652843,-0.058538355,0.063815266,0.108587176,0.12595063
24.16304339770124,35.14130418675153,77.183464,12009600.164794922,73.46258,0.03251215,0.03031085,-0.077337645,-0.11671204,0.76030314,-0.19775128,-0.7147883,-0.11258871,0.076435305,-0.015203669,0.10086428,0.10200369
24.47463793572534,35.15579704180788,74.131996,13737599.675559998,73.028564,-0.35710177,0.35705957,0.17925462,-0.66882944,-0.29265663,0.06799259,-0.028131858,-0.72117007,-0.5029795,-0.08077963,-0.061046056,0.101252005
24.655797039477626,35.09782643790763,82.953125,2851200.015449524,71.83321,-3.360941e-05,2.573868e-05,0.020805908,0.3719421,0.15509833,0.13193724,-0.061916493,0.050800942,0.16607273,0.17805797,0.012835562,0.17852001
24.271739312019278,35.0833337340226,74.97577,7171199.889278412,72.57927,0.04442088,0.10118189,-0.025708511,1.7391932,1.2382348,-0.008330874,-0.038063534,0.2810724,0.05411179,0.15535673,0.10041964,0.184986
24.626811465810288,35.05797113185407,83.9315,8726399.99742508,71.983864,-1.5589189e-06,1.4126411e-05,0.3092785,0.34764633,0.32262078,-0.3908812,-0.1898478,0.26799133,0.26817486,0.14509203,0.09655386,0.17428237
24.60144921950647,34.9456523441682,85.40489,1468799.9954938889,71.178764,-1.8399488e-06,-2.0468585e-06,0.10544959,0.27275947,-0.13583928,0.34915566,0.069349684,-0.11929227,-0.39130834,0.12497797,-0.048411787,0.13402684
24.3913043591697,35.05434799367564,86.750465,14860800.180244446,72.06045,-5.630426e-07,6.349448e-07,0.1280463,0.84331775,0.03084749,0.123711884,0.65425813,0.46713743,0.56403357,0.16992924,0.030804474,0.17269875
24.62318819070881,35.09782625650204,81.14894,17020800.39138794,71.482475,-1.0377531e-06,3.1111755e-05,0.07141135,-1.9638644,0.38134727,0.36656937,-0.20509085,-0.29349247,-0.29166386,-0.1868396,0.031485975,0.18947402
24.62318819070881,35.09782625650204,81.14894,4406400.123596191,71.8674,-0.00012931996,0.00014185862,0.21829948,0.40386853,0.020783443,0.3858413,-0.23501438,-0.07267378,0.41494954,0.1972148,-0.005800098,0.19730006
24.268116089179838,35.07971042955572,81.07262,17712000.19569397,72.44174,-0.00018771616,0.00016326027,-0.10540096,-0.439905,0.6151328,0.53264487,-0.28016192,0.1515681,-0.112978525,-0.04788363,0.11685401,0.12628421
24.55072462237475,35.07608730649443,88.70044,2159999.936914444,71.6487,5.8741584e-08,1.03279724e-07,0.25660422,-0.119432226,0.58489186,0.49255085,-0.0966999,-0.07980581,0.4851666,-0.0013249293,0.14751247,0.14751841
24.003623304347823,35.192029209683014,80.788605,16761600.190544128,73.127144,0.0005435758,0.00082073786,0.0015450269,-0.14771742,0.38465318,-0.1923089,-0.55705756,0.0036238655,-0.0895,-0.054462705,0.119816996,0.13161421
24.822463669968496,35.11956556932083,79.471794,14860800.180244446,70.89654,0.00015232302,0.00019997891,-0.05522781,-0.93120694,0.12794252,0.20883393,-0.16603488,-0.10617969,-0.13875723,-0.20123723,0.043802872,0.2059493
24.409420264318722,35.097825908808005,75.01247,11750399.96395111,73.30356,0.024755172,0.16637671,-0.034183167,0.32637706,0.33167043,-0.05343301,0.027189866,-0.4178906,-0.22392845,0.05847305,0.036484063,0.06892158
24.5036234048686,34.94565269942081,84.86278,1987199.9858379364,71.19093,2.982667e-06,-2.929348e-06,0.020133682,-0.595111,-0.19023336,0.19238745,-0.111822926,-0.24236496,-0.3638016,-0.11589115,-0.045174316,0.124384396
24.340579735906957,35.22101461745307,78.71513,10627199.459266663,72.84287,-0.0024422167,0.00015536102,-0.10022294,-1.3939503,-0.6109992,0.28371373,-0.2669181,-0.46587187,-0.48067293,-0.11839435,-0.081177905,0.14355165
24.579710091518006,35.06884069756067,84.24473,3542400.093984604,71.61823,7.910502e-06,-1.4343595e-06,0.24967161,-0.11197408,0.43211958,0.07234897,-0.23789215,-0.028037377,0.26182243,-0.0047524273,0.16881244,0.16887933
24.3913043591697,35.05434799367564,86.750465,15724800.484085083,72.17006,-6.174254e-07,-1.1809448e-07,0.12222461,0.8494295,-0.01781125,0.14290634,0.6227141,0.52564895,0.5579818,0.17745219,0.027051324,0.17950223
24.171296292717127,35.10648163098043,78.049835,17366400.293540955,72.55539,-0.005714507,-0.0046207975,0.3388039,-0.10332067,0.60584116,0.09108375,-0.32123905,0.09502967,0.013690392,-0.010055177,0.0927335,0.09327705
24.068840433535758,35.17753635462667,82.62194,11491199.7631073,72.46878,-5.8674545e-05,-3.280477e-05,-0.18081054,0.8418777,0.4673085,0.1736974,0.019932132,-0.061192214,-0.031649828,0.17883548,0.06310738,0.18964353
24.62318819070881,35.09782625650204,81.14894,15033599.582862854,71.54389,-6.83724e-05,2.152467e-05,-0.12799442,-1.707337,-0.02485754,0.22427052,0.066580094,-0.2820542,-0.27469754,-0.11600087,-0.02929151,0.11964194
24.514492864338745,35.152173737341,77.98083,17798399.897003174,72.20987,0.0026041148,0.0047185887,0.18863398,-1.3432703,0.31287816,0.30491894,-0.08284309,-0.4276169,-0.27134606,-0.23017001,0.056881055,0.23709425
24.340579657513896,35.072464168316,77.031204,17020800.39138794,72.560974,-0.009503386,0.0022052594,0.21741703,0.120708585,-0.0017069913,-0.07069915,-0.29609737,0.13628916,-0.057404414,0.09470013,-0.013554726,0.09566527
24.15217408195171,35.09782609021359,90.079155,17798399.897003174,71.76993,-6.131423e-09,9.507613e-09,-0.032166317,1.1678824,0.03187462,-0.040380985,0.019989386,0.99530077,0.79095954,0.19696212,-0.0071572065,0.19709212
24.202898613755877,35.17753635462667,82.22561,10454400.056648254,72.83694,5.0019527e-05,0.0001760409,-0.14130056,0.9347601,0.6490879,-0.0074291974,-0.26959148,0.08404251,0.04418482,0.14263062,0.09566778,0.17174347
24.572463802625258,35.028985391507106,77.31845,5184000.177669525,72.11405,-0.0012762569,0.00038050066,0.19406188,-0.8557335,-0.64251655,0.34640864,-0.15290856,-0.42026535,0.18381485,-0.17318209,-0.11812802,0.20963363
24.40579730278949,34.98550712868071,82.545616,6480000.084972382,71.839066,-4.077272e-05,-3.039598e-06,0.1610001,-1.2805803,0.026653197,-0.047514312,-0.65556663,-0.2532152,-0.7265137,-0.18172589,-0.029141389,0.18404761
24.373188532413735,34.85507217391305,83.68782,3369599.8686790466,72.160324,8.275885e-06,9.2942755e-06,0.31589642,-0.6912713,0.20528828,0.19206795,-0.009398062,-0.072754204,-0.3681221,-0.0998331,0.05262375,0.112853475
24.52536253285706,35.05797113185407,79.99595,5615999.781131744,71.72966,-0.000378449,0.00044699828,0.40174824,-0.6812265,0.13309786,0.27041107,-0.692925,-0.41791692,0.124053925,-0.10724631,0.011273317,0.107837185
24.514492864338745,35.152173737341,77.98083,13910400.175094604,72.273125,-0.0028707164,-0.0034970318,0.19562903,-0.82150173,-0.23759545,0.11536422,0.061863482,-0.469049,-0.10132528,-0.20493115,-0.08319025,0.22117276
24.55072462237475,35.07608730649443,88.70044,4406400.123596191,71.89245,1.4604062e-07,-1.6860481e-07,-0.03322956,-0.44717467,0.3237023,0.407995,0.033109963,-0.1631964,0.30471238,-0.05586742,0.063469075,0.084554665
24.85869584610084,35.31159408476158,76.05999,1382400.019955635,70.85048,-0.005489382,-0.004398735,0.21321559,0.91566515,0.9975275,0.21209341,-0.17504466,-0.5751288,0.48502985,0.0973445,0.09302217,0.13464426
24.171296292717127,35.10648163098043,78.049835,11664000.262641907,73.39196,0.01212285,0.013081864,-0.14407113,-0.23252884,0.62938607,-0.15442881,-0.4967253,-0.20298333,0.0041333437,-0.055147078,0.09112336,0.10651135
24.47463793572534,35.15579704180788,74.131996,3887999.996137619,72.75295,-0.26619998,-0.2807395,0.12205759,-1.0534941,-0.07507691,0.312091,0.55639833,-0.20234935,0.1526175,-0.113767624,0.06647556,0.13176522
24.471014503837736,35.137681214861566,84.09494,5529600.07982254,71.87341,1.0801413e-05,-9.711004e-06,0.2498126,-0.67337096,0.38288775,-0.02065228,-0.1603511,-0.26553017,0.5132451,-0.08130059,0.08683824,0.118956566
24.134057993885538,35.130434787333385,80.741425,86400.00124722719,73.10837,0.0008598111,0.00056101696,0.01133582,0.2135674,0.7484251,-0.21107137,-0.19076493,-0.035682686,0.2554619,0.067079015,0.22465166,0.23445249
24.471014503837736,35.137681214861566,84.09494,14342399.778556824,72.78163,-2.721744e-05,-3.9424012e-06,-0.039062247,-0.18912512,-0.058946516,-0.0006612912,0.11631287,0.1904473,0.18806192,-0.17919214,-0.07085279,0.19269131
24.282608510179216,35.10869565592019,73.044136,12700799.969100952,72.590515,-0.061859157,0.19215643,-0.089704536,1.228392,0.92545,0.10085517,0.050450355,-0.3740037,0.3224113,0.14094548,0.07117359,0.1578965
24.15942034471344,35.02536261613985,84.04098,3456000.11844635,72.86326,3.3771837e-05,2.565689e-05,-0.007657774,-0.56706333,-0.056678344,-0.15760767,-0.2211141,-0.36424923,-0.16951498,-0.18575218,-0.014488056,0.18631634
24.503623143558386,34.916666955294566,80.479385,7084800.187969208,71.58557,0.00010262114,0.00016665495,0.50022066,-0.572155,0.018672973,0.3141486,-0.026805706,-0.20458205,-0.5559393,-0.17799892,0.048295315,0.18443441
24.822463669968496,35.11956556932083,79.471794,8121599.894428253,72.3396,-0.0009411597,-0.0014041885,0.27774876,0.52549565,-0.32753116,-0.2053054,-0.007149592,0.2958804,0.1955733,0.15551582,-0.1275179,0.20111187
24.53985505838052,35.14492730981283,78.72631,13046399.871253967,72.07981,0.0015728889,-0.0005398327,0.12675384,-0.8794491,-0.37582323,0.13026121,0.20056826,-0.34880924,0.12594348,-0.18430957,-0.09319106,0.20652987
24.40579722439643,35.07608730649443,81.130585,15551999.984550476,72.27363,5.224193e-05,0.00023125389,-0.11386714,-0.877179,0.3498878,0.24926913,-0.011427775,-0.064641796,-0.27725452,-0.20710723,0.07257682,0.21945569
24.782608845879178,35.07246365433351,80.82854,4665599.775981903,72.55591,0.000343486,-0.00048083044,0.13892564,1.2119194,-0.035317156,0.10202955,0.02855934,0.25485176,0.3685981,0.3306645,-0.13849814,0.3584979
24.275362351941567,35.02173896397893,79.32639,14601599.979400635,72.53132,0.00039418912,0.0017565719,0.08359709,-0.8041109,0.44583243,0.31481966,-0.17802075,-0.28937402,-0.17088112,-0.15686266,0.12075725,0.19796011
24.60144921950647,34.9456523441682,85.40489,16934399.593162537,71.78479,-1.9401164e-06,-1.7387503e-06,-0.10681207,-0.31738138,0.19543011,-0.14746207,0.22423202,0.14746429,0.4957398,-0.13077533,0.10478988,0.16758016
24.202898613755877,35.17753635462667,82.22561,14428799.479866028,72.72312,0.00014512363,6.021074e-05,-0.15329516,0.6580986,0.17231981,0.037788093,0.015543867,0.33030957,0.19956475,0.1201012,0.04552479,0.12843989
24.141304256647267,35.05072417522627,80.839714,11059200.15964508,73.02224,0.0007415322,0.0005438586,-0.2550327,-0.7142576,-0.26966882,-0.1327166,-0.2996686,-0.29960826,0.017472811,-0.101795375,-0.05349709,0.11499668
24.15217408195171,35.09782609021359,90.079155,9071999.899578094,72.046844,4.0814836e-08,-2.1790159e-08,0.4851017,-0.35095364,-0.38199604,-0.07958501,0.2484698,-0.014573319,0.29370335,-0.07642843,-0.06470178,0.10013803
24.72463775080654,35.097825908808005,83.506035,5011200.226593018,72.120766,-1.15876655e-05,1.9192734e-05,-0.0486743,1.1538055,0.20555201,-0.15392146,-0.11457234,0.26454443,0.31839362,0.13986342,-0.024940908,0.14206979
24.782608845879178,35.07246365433351,80.82854,11145599.860954285,71.78694,-0.00023134296,0.00015411233,-0.25554976,-0.4535258,-0.18444388,-0.1868915,-0.2282382,0.07861606,0.24873137,-0.09199723,-0.06430347,0.11224271
24.141304256647267,35.05072417522627,80.839714,16156800.087547302,72.70953,0.0005390191,0.00017564901,0.28040048,-0.6517739,0.5842553,0.48603475,-0.35569468,-0.032126136,-0.22030473,-0.102505624,0.08594634,0.13376911
24.518115930392057,35.170290078269815,76.7112,18057600.097846985,72.53873,-0.0059220996,0.015022443,0.20550632,-0.94671655,0.34201947,0.32982704,-0.107597254,-0.49848467,-0.17204532,-0.17076698,0.048671626,0.1775677
24.728260869121893,35.15579704180788,79.23173,11231999.562263489,71.72515,-0.00083184027,0.00086538005,0.16066821,-0.58517265,-0.60550964,-0.16194558,0.025345225,0.13706724,-0.2395322,-0.09300214,-0.13279587,0.16212386
24.62318819070881,35.09782625650204,81.14894,5097599.927902222,71.91129,-2.7018716e-05,-8.829117e-05,0.2690516,0.4406499,0.026869494,0.37046334,-0.2423644,-0.10733919,0.4715554,0.17424649,-0.0029101372,0.1742708
24.47463793572534,35.15579704180788,74.131996,9244799.850654602,73.14901,-0.37550116,-0.3024539,-0.10445764,-1.578404,-0.67461544,0.24434823,0.13228512,-0.44852224,-0.69567436,-0.18236212,-0.0963318,0.206242
24.731883987437246,34.999999998854186,80.17734,15638399.68585968,70.92352,0.00018422393,-0.00018336644,-0.12590942,-1.0228757,-0.16308884,0.0517451,0.1082807,0.0261055,-0.29629403,-0.17918971,-0.043624654,0.1844236
24.782608845879178,35.07246365433351,80.82854,17366400.293540955,70.48947,-5.1664218e-05,4.0647144e-05,0.18166253,-0.8331959,0.13569386,0.054949522,0.26624495,-0.24116871,-0.19110885,-0.21261635,0.038817573,0.2161308
24.275362351941567,35.02173896397893,79.32639,13478399.474716187,72.67316,-0.0020568455,-0.0007014947,0.050419644,-0.78365827,0.3458414,0.27781376,0.059630215,-0.259238,-0.09905409,-0.18313615,0.06343004,0.19380975
24.423912946628306,35.13405791039468,84.735344,4060799.9472141266,72.01951,-7.716733e-06,-8.219211e-06,0.22921953,-0.6586298,0.29358175,-0.13492015,-0.13665035,-0.19145955,0.59394103,-0.19014512,0.12235311,0.22610939
24.619565229179578,35.18478278215484,82.255135,4233599.898290634,72.05772,-9.305489e-07,-1.1348211e-05,-0.40683788,-0.44293806,0.17524841,-0.04091668,-0.4056087,0.06278568,0.2932055,-0.18075848,0.0864464,0.20036618
24.51086948471318,35.141304337922854,75.965324,17366400.293540955,72.65527,-0.040518764,0.0069369595,0.19397989,-0.3624457,-0.13462591,0.12124935,-0.01280006,-0.5123166,-0.19571224,-0.091970235,-0.04765249,0.103582256
24.06159400092239,35.235507653915,77.223785,10108800.15449524,73.58847,0.03447038,0.016157456,0.05469465,1.9091994,0.9910611,0.10442811,-0.44001746,-0.030625891,0.48746288,0.17346641,0.13159186,0.21773152
24.731883987437246,34.999999998854186,80.17734,13737599.675559998,71.20707,0.00025809786,-0.00023289041,-0.27700004,-0.8943045,0.28827202,0.080200575,-0.28501052,0.0134127885,-0.06809174,-0.16799197,0.07026011,0.18209279
24.623188347494935,34.98550731008629,86.27349,8121599.894428253,71.72659,-5.0614922e-08,1.1978486e-06,0.06574078,0.5422268,0.67906237,-0.11433359,-0.108579926,0.19079019,-0.1796442,0.08959882,0.11983619,0.1496284
24.40579722439643,35.07608730649443,81.130585,0.0,72.25793,-0.00020258634,-0.0002780062,-0.26814678,-0.7722796,0.092089534,0.22228742,-0.06191025,-0.14136092,0.19005921,-0.16337399,0.09925065,0.19115897
24.3913043591697,35.05434799367564,86.750465,12268800.365638733,72.286995,-2.5890415e-07,1.1971995e-06,-0.027009815,0.34919614,0.26861086,-0.094128706,0.3132469,0.19389074,0.29172412,0.14152053,0.12806937,0.19086598
24.626811465810288,35.05797113185407,83.9315,14515200.27809143,72.05194,1.5726555e-05,-1.7723329e-05,-0.2849433,-0.86131763,0.22798389,0.12888654,0.28239685,0.0067152157,-0.02043568,-0.18524179,0.085098416,0.20385353
24.655797039477626,35.09782643790763,82.953125,13564800.27294159,71.923164,-3.7748596e-05,-3.870757e-05,-0.16455346,-1.2117107,-0.101484865,0.23334247,0.17943704,-0.25043878,-0.118350945,-0.13875446,-0.023993269,0.14081362
24.623188347494935,34.98550731008629,86.27349,2592000.0888347626,71.07216,4.196641e-07,2.4581772e-07,0.05352478,0.32820976,0.54249495,0.43067,0.009442132,-0.012162862,-0.087705135,0.11446603,0.14920875,0.18805777
24.57246390714934,35.13405809180027,82.83649,3542400.093984604,71.99634,-1.0765656e-05,1.4531544e-05,-0.03555561,-0.29745233,0.47631747,0.15480042,-0.32827663,0.00687797,0.4623496,-0.071001425,0.16117786,0.17612354
24.336956356281394,35.12681217825459,78.56935,9676799.454116821,73.030815,0.0024155807,-0.005261278,-0.41734698,-0.25806537,0.1617642,0.035131734,-0.2109569,-0.22864544,-0.2936139,-0.15814523,0.03489685,0.1619497
24.782608584568965,35.06521774078783,85.492004,11404800.061798096,72.02561,2.8121387e-06,-3.579612e-06,-0.00053933635,-0.37585014,0.293373,-0.0974885,-0.079272725,-0.10749158,-0.06838596,-0.25667393,0.1460686,0.29532614
24.40579730278949,34.98550712868071,82.545616,13046399.871253967,72.311226,-7.600992e-05,-5.084842e-05,-0.368723,-0.8672644,0.174531,0.40190697,0.14887659,0.011196535,-0.13699767,-0.15651731,0.050639752,0.16450548
24.52536253285706,35.05797113185407,79.99595,10454400.056648254,72.15706,0.0005767951,-0.00064206234,0.2588101,-0.58788764,0.22074918,0.44629204,0.39199948,-0.036320154,0.2893239,-0.1113717,0.0054137185,0.111503206
24.572463802625258,35.028985391507106,77.31845,2332799.8879909515,72.24561,0.009355407,0.009364875,-0.038269445,-0.14495154,-1.0097003,0.16689861,0.30149847,-0.2827647,0.17253464,-0.07581286,-0.22510815,0.23753162
24.608695560661264,35.210145036629335,80.071884,13478399.474716187,71.37521,0.0003179121,0.00026877574,0.37373868,-1.0952754,-0.43062237,0.12503834,0.015279315,-0.264877,-0.23528221,-0.11682911,-0.062434662,0.13246557
24.481884276880134,35.21376834109622,79.042,15897599.886703491,72.161415,0.00046024774,0.0012386166,0.22524905,-1.3965394,0.2853183,0.52709025,-0.15130371,-0.37946862,0.086510316,-0.18713406,0.010549493,0.18743119
24.242753659958876,34.931159481553294,83.59315,14515200.27809143,72.68164,-1.4030228e-05,-7.3467254e-06,-0.40780357,-0.76314366,-0.017174784,0.3570607,-0.09729091,-0.0179888,0.23489356,-0.10812589,-0.028344467,0.111779325
24.5036234048686,34.94565269942081,84.86278,2332799.8879909515,71.17877,3.1573518e-06,-3.2985872e-06,0.04441874,-0.5962399,-0.13712266,0.21387538,-0.09177693,-0.25443223,-0.35271287,-0.110355705,-0.035850182,0.11603283
24.608695560661264,35.210145036629335,80.071884,1987199.9858379364,72.003876,-0.00032871886,-0.0005831755,-0.15680015,-0.25560975,0.32247695,-0.085186295,-0.21939448,-0.21961333,0.3340404,-0.09108703,0.17693123,0.19900128
24.880434869565217,35.11594208344836,73.60822,11750399.96395111,73.533394,0.90213704,0.6791671,-0.26235583,-0.23893939,0.3502053,0.016975254,0.16078398,-0.0024921782,0.24331447,-0.09076636,0.13101268,0.15938273
24.2137679164399,35.101449394680465,78.1842,16588799.691009521,72.67825,0.0062850257,0.006247293,0.35296434,-0.40639657,0.5264599,0.08502985,-0.27322036,0.07853999,-0.065250464,-0.04721082,0.1314031,0.13962679
24.507246418659868,35.018115659512056,74.98295,4319999.873828888,72.84253,0.13927989,-0.019320382,0.08672105,-0.72280073,-0.47248113,0.30834708,-0.1738661,-0.26136774,0.34299493,-0.16780232,-0.107049,0.19904046
24.340579657513896,35.072464168316,77.031204,11836799.665260315,73.033264,-0.02494662,0.0065679853,-0.11107723,0.013744205,0.48791644,-0.28257152,0.07469471,-0.11877914,-0.069457434,0.0067992993,0.10613856,0.10635612
24.55434784521419,35.039855304907746,78.730316,259199.99517202377,72.46591,-0.00087562983,-0.0028395557,-0.27477065,0.07054265,-0.5412754,-0.12794057,0.57042813,-0.12961432,0.046666503,-0.025034308,-0.116174966,0.118841656
24.152173912100075,34.942029039701325,85.189964,14428799.479866028,72.57517,2.7844917e-06,-8.209913e-06,-0.0083627775,-0.5192971,-0.04089733,0.11025366,0.13073592,-0.03466427,0.5205794,-0.074890964,0.0021854043,0.074922845
24.06159400092239,35.235507653915,77.223785,10368000.35533905,73.63155,0.03497986,0.027647318,0.04376919,1.775291,0.9352465,0.121039845,-0.44361803,-0.05002159,0.5010267,0.1774071,0.13413589,0.22240889
24.15217408195171,35.09782609021359,90.079155,5097599.927902222,71.84968,-5.0492496e-08,-1.8375497e-08,0.3335568,-0.13442323,-0.067628205,0.46439964,0.25331295,-0.08914499,0.09045632,-0.19266814,-0.0336833,0.19559033
24.641304357168043,34.938405387540406,81.3883,9849599.953651428,71.57512,-9.842712e-05,-0.00011360412,0.35136345,0.8128661,0.61691755,-0.15821058,-0.13607666,0.29840696,-0.113807894,0.090715304,0.09774533,0.13335447
24.24275355543479,35.275361916886446,83.709785,3715200.0450611115,73.00961,8.39244e-06,-4.644375e-05,0.28355652,0.8301896,0.92298096,-0.18869975,0.038846273,0.2150806,-0.112202175,0.1816248,0.108330175,0.21147813
24.47463793572534,35.15579704180788,74.131996,9331199.551963806,73.15709,-0.38315213,-0.3612874,-0.09828841,-1.5673153,-0.6668896,0.24354559,0.13008708,-0.46078083,-0.6997128,-0.18054214,-0.09664395,0.20478162
24.373188349496587,35.09782609021359,73.044136,3801600.0205993652,72.95834,0.89522916,0.7670775,0.20799267,0.36658505,0.55879027,0.041335613,0.37925914,0.054980807,0.32489157,0.066886365,0.09069267,0.1126896
24.43478277193275,35.06521686399416,78.38795,5615999.781131744,72.22423,-9.3232025e-05,0.0008749862,0.19964594,-0.6581758,0.3500682,0.40355706,-0.20558685,-0.32783502,0.067723244,-0.11532032,0.019768462,0.11700243
24.619565229179578,35.18478278215484,82.255135,2505600.113296509,72.2756,9.706034e-07,6.418109e-05,-0.42985836,-0.32048735,0.38297236,-0.05133518,-0.18130076,0.07416709,0.27323693,-0.10184807,0.15968737,0.18940191
24.521739153231497,35.18115965909355,80.50853,777599.9855160713,72.11136,5.0466247e-06,0.00023940834,-0.065677196,-0.43807372,0.5867094,-0.06785224,-0.29542166,-0.23190413,0.097408056,-0.115193844,0.18242607,0.21575192
24.57246390714934,35.13405809180027,82.83649,17625600.494384766,71.66328,-3.4010234e-05,1.3673966e-05,0.008478202,-1.6007458,0.5322753,0.33407572,-0.3172443,0.031672962,-0.35482025,-0.19899215,0.10203689,0.22362782
24.782608584568965,35.06521774078783,85.492004,7430400.090122223,72.41563,5.4704024e-06,-2.1816807e-06,-0.06083861,0.64173603,0.22438799,-0.2482686,-0.3141738,0.2960752,-0.19210386,0.10547447,0.034998223,0.11112938
24.340579735906957,35.22101461745307,78.71513,2851200.015449524,72.533356,0.0032134599,0.0033727756,-0.19915763,-1.1968707,-0.030764233,-0.32501185,-0.22651577,-0.026756726,-0.7666798,-0.22491454,-0.025262356,0.22632882
24.75362311542571,35.148550251468535,82.31272,7171199.889278412,72.18162,1.33282565e-05,8.580422e-05,-0.07390847,1.2598321,-0.213825,-0.08377644,-0.1303333,0.08947707,0.113065176,0.25804475,-0.10659437,0.2791943
24.15217408195171,35.09782609021359,90.079155,15292799.783706665,71.338196,-6.2020566e-09,-3.171639e-08,-0.07716855,0.6379968,-0.3669761,-0.2736484,0.09370361,0.59801257,0.670319,0.14650618,-0.09984778,0.17729534
24.507246627708035,35.15217355593542,72.15966,12009600.164794922,72.23819,-0.6379655,-0.14385964,0.2540074,-0.6281743,-0.6256477,-0.30712095,-0.00720156,-0.41260576,-0.5133191,-0.10496439,-0.13981307,0.17482911
24.171296292717127,35.10648163098043,78.049835,259199.99517202377,73.37459,0.0025306938,-0.004438266,0.13766894,0.0046491474,0.70490235,-0.37569472,0.36415234,0.27515373,-0.07731655,0.05449836,0.20294683,0.21013682
24.5036234048686,34.94565269942081,84.86278,16588799.691009521,71.88384,-5.486965e-06,-6.2086183e-06,-0.24829039,-0.2755049,0.4346451,0.021020517,0.16979381,0.36770484,0.69890577,-0.081036806,0.13422938,0.15679441
24.235507135886934,35.09782643790763,86.62735,17798399.897003174,71.90037,1.2234971e-06,-6.852264e-07,0.031082854,0.69330716,-0.3026928,0.2517373,0.24385813,0.5239607,0.6192837,0.1464362,-0.050005943,0.15473899
24.134057993885538,35.130434787333385,80.741425,2159999.936914444,72.82625,5.6755987e-05,-0.0005751612,0.1390724,0.62795866,0.9940298,-0.30427805,-0.04881213,0.12417664,0.24102727,0.096704125,0.09454111,0.13523945
24.134057993885538,35.130434787333385,80.741425,14687999.680709839,73.096306,0.0008073709,0.00038718464,0.18032017,0.18663183,0.4894032,0.21570554,-0.35298756,0.21814749,0.38220045,0.028304651,0.11556807,0.118983746
24.177536001617764,35.01449252133363,77.3516,15551999.984550476,72.347176,0.006693801,-0.006193546,0.014760628,-0.044229604,0.43052757,0.13295577,-0.46730372,-0.21547693,-0.17949396,0.015341163,0.12911032,0.13001856
24.507246418659868,35.018115659512056,74.98295,7084800.187969208,72.82545,-0.10985947,-0.11389488,0.18378502,-0.99263084,-0.18084736,0.22841656,-0.11145043,-0.060977325,0.041826583,-0.06733062,-0.039700434,0.07816353
24.782608584568965,35.06521774078783,85.492004,5702400.030899048,72.344376,4.4380668e-06,9.174265e-07,-0.11310353,1.0343621,0.45566586,-0.0905839,-0.08335144,0.47307363,-0.030607387,0.09764978,0.05431524,0.11173909
24.16304339770124,35.14130418675153,77.183464,5615999.781131744,72.361565,0.0026043819,0.009236021,0.22633657,1.5129387,1.1822873,-0.15893051,-0.05710364,0.3611586,0.0915198,0.09162283,0.09359394,0.13097546
24.528985389862203,35.079710263267266,73.800804,17452799.99485016,73.87295,0.92084277,0.8281426,0.23416328,0.8568454,-0.557729,-0.18865752,0.06481567,-0.5875994,0.06275001,0.307794,-0.23393588,0.38660464
24.46739112421217,35.10507235145331,77.031204,13478399.474716187,72.91207,-0.021102078,-0.0043015457,0.14921698,-0.19364738,0.0021537766,0.0012931004,0.1159943,-0.30412582,-0.03582076,-0.15790142,-0.03149332,0.16101146
24.365941903817713,35.11594190204278,77.940506,8639999.747657776,72.93085,0.009392478,0.003515502,-0.38975233,-0.31811696,0.19486718,0.100912206,-0.123176925,-0.21909404,-0.47068933,-0.12029108,0.06794405,0.13815331
24.286231733018653,35.16304365074164,82.86601,4579200.074672699,72.61683,-7.32687e-05,5.8797363e-05,0.026500419,-0.051365916,0.46194208,-0.1253612,-0.15807173,-0.17225574,0.18799493,-0.0496326,0.2116036,0.21734644
24.409420185925658,35.126811301460926,78.58091,18230399.500465393,72.4305,0.00109207,-0.0033790998,-0.087893926,-0.6019223,0.2689195,0.27244148,-0.049361154,0.03961394,-0.061388567,-0.12353367,0.11324546,0.1675861
24.15217408195171,35.09782609021359,90.079155,3887999.996137619,71.55992,-3.4619074e-08,-4.001082e-09,0.18264735,-0.1727133,-0.12089133,0.5864368,0.18286353,-0.11141263,-0.0020689927,-0.2020127,-0.07257585,0.21465412
24.579710091518006,35.06884069756067,84.24473,14083199.577713013,72.41294,1.3101804e-05,7.413394e-06,-0.22363466,-0.43793988,0.30561426,0.1632566,0.31638876,0.05500572,0.055466525,-0.1606948,0.08639335,0.18244623
24.586956589458925,35.03623181903528,81.050644,10454400.056648254,71.98508,3.191731e-05,0.00019129353,0.22276345,-0.11375688,0.27856573,0.11102342,0.23552725,0.23304778,0.18959665,-0.016307943,0.03765425,0.04103403
24.278985574781007,35.18478260074926,85.36457,2073599.9613761902,72.21862,2.1344774e-06,3.9850797e-06,0.14752036,0.11159147,0.1911368,-0.24394369,-0.17614496,0.029779732,0.27488628,0.025931269,0.13968529,0.14207184
24.152173912100075,34.942029039701325,85.189964,5097599.927902222,73.21498,-1.5573216e-05,1.5272422e-05,-0.17857078,-1.3305291,-0.27530426,0.32173038,-0.40391332,-0.3306447,-0.15880975,-0.25625262,-0.07546284,0.267133
24.507246418659868,35.018115659512056,74.98295,6220799.884128571,72.735016,0.09194918,0.067011066,0.19393426,-1.0957608,-0.23856167,0.28772444,-0.22379306,-0.16725518,0.114431515,-0.116978474,-0.043504603,0.12480631
24.47463793572534,35.15579704180788,74.131996,8208000.144195557,73.00285,-0.11466853,0.017317906,-0.12985596,-1.6761379,-0.727273,0.23759067,0.1419754,-0.32453308,-0.61926454,-0.21285097,-0.067686796,0.22335407
24.52536253285706,35.05797113185407,79.99595,6393599.835205078,71.75661,-0.00030496094,-0.00032768582,0.42188758,-0.65686476,0.18616278,0.28066114,-0.56080717,-0.41302165,0.11838078,-0.09082796,-0.0023685768,0.09085884
24.579710091518006,35.06884069756067,84.24473,8208000.144195557,71.77808,1.0237266e-05,9.104209e-06,0.3251027,0.18039471,0.47822306,-0.32717517,-0.2830742,0.13115348,0.44386238,0.092581466,0.1588287,0.18384202
24.521739153231497,35.18115965909355,80.50853,8726399.99742508,72.009155,0.00035132683,0.0003980249,0.17951727,-1.3787234,-0.7375622,0.44912598,-0.01697117,-0.24780905,0.19308671,-0.20580876,-0.24230462,0.31791314
24.579710091518006,35.06884069756067,84.24473,8985600.19826889,71.98822,1.199161e-05,6.4173196e-06,0.28591415,0.11226897,0.47959718,-0.29351604,-0.18650833,0.13803864,0.29059562,0.07439367,0.16888662,0.18454568
24.655797039477626,35.09782643790763,82.953125,13478399.474716187,71.93342,-3.921957e-05,-3.8163656e-05,-0.1598022,-1.1876234,-0.11048129,0.23217574,0.1821622,-0.24921598,-0.10852059,-0.1389964,-0.024784863,0.14118885
24.373188532413735,34.85507217391305,83.68782,7171199.889278412,71.81844,-1.4982993e-05,1.1376622e-05,0.04810049,-1.3272283,-0.4584204,0.48876685,-0.2234152,-0.04094231,-0.59580135,-0.08889871,-0.028399779,0.093324855
24.641304357168043,34.938405387540406,81.3883,2246400.0495672226,72.26242,0.00014320038,-0.00021694636,0.06548762,0.27813166,-0.15855068,0.17374484,0.3198952,-0.065473765,-0.22449738,0.092931524,-0.036222093,0.099741206
24.442029139218562,35.043478080275,76.86345,345600.00498890877,72.64951,-0.020606752,-0.018108414,-0.018942289,0.002253808,-0.63442844,-0.30025035,0.13526857,-0.009349467,-0.016531855,-0.0025780797,-0.18882579,0.18884338
24.782608584568965,35.06521774078783,85.492004,18143999.79915619,71.3384,4.3844034e-07,2.0182358e-06,-0.09852553,-1.5104314,0.7394139,0.16493282,-0.09053413,-0.44374093,0.22585028,-0.1519458,0.09564333,0.17954156
24.15942034471344,35.02536261613985,84.04098,3196799.917602539,72.84214,3.2504973e-05,3.1840573e-05,0.0011869334,-0.48731175,-0.020558182,-0.15134647,-0.24189839,-0.3605727,-0.15903202,-0.17212427,-0.005676795,0.17221785
24.35507260113369,35.04710138474188,76.478294,8380800.095272064,72.97355,0.016480774,0.037533477,0.22474924,0.40490803,0.87319225,0.073189735,0.1168116,-0.059814293,-0.41014013,0.06525321,0.1512416,0.16471796
24.358695745580064,35.14492749121842,79.46463,16416000.288391113,72.54657,0.000885661,-0.0016940829,0.012745757,-0.8099172,0.32582176,0.3929916,-0.14808345,-0.038039815,-0.06261767,-0.1711643,0.03703876,0.17512593
24.800724541980035,35.0326085145684,80.91604,15551999.984550476,70.6997,-3.5231275e-05,8.730189e-06,-0.2032083,-1.2017348,-0.101277545,-0.020477057,0.13330531,-0.0890187,-0.2228438,-0.15053035,-0.029279545,0.15335149
24.503623143558386,34.916666955294566,80.479385,8899199.948501587,71.61247,0.00022512296,-0.00013704845,0.47897893,-0.7373185,0.024975333,0.42258602,0.07864428,-0.09021492,-0.6732149,-0.17400344,0.0075024962,0.1741651
24.409420342711783,35.02898555779556,73.23672,10627199.459266663,73.109634,-0.7476055,0.027014714,-0.1173195,0.96084225,0.22256967,-0.021989651,0.12146998,-0.19620398,-0.22246137,0.15530375,0.023482338,0.15706901
24.5036234048686,34.94565269942081,84.86278,16243199.788856506,71.922615,-6.000377e-06,-4.0499e-06,-0.28173688,-0.29813826,0.3839184,0.018279433,0.14513326,0.32509542,0.69037217,-0.084410995,0.13349932,0.1579471
24.572463802625258,35.028985391507106,77.31845,5529600.07982254,72.117584,0.0014121936,0.0036855359,0.21383151,-0.93372405,-0.57927793,0.33694497,-0.17839774,-0.4223728,0.17899734,-0.16041614,-0.11411221,0.19686273
24.481884276880134,35.21376834109622,79.042,2419199.8635292053,72.17445,-0.0006898923,0.0015883155,-0.060963474,-0.8875371,0.0112577155,-0.08267202,-0.30087444,-0.25365424,-0.099902816,-0.18342984,0.006875679,0.18355866
24.365941903817713,35.11594190204278,77.940506,17798399.897003174,72.551155,-0.0069852658,-0.0066755284,0.010105129,-0.27670377,0.14981878,0.090269156,-0.11485537,0.1322527,-0.08534964,-0.06403404,0.09013479,0.11056509
24.423912946628306,35.16304383214723,83.815254,5097599.927902222,72.159195,-1.883139e-05,5.720095e-06,0.17468652,-0.49252927,0.43409413,0.037899148,-0.009216692,-0.19108425,0.5483405,-0.20260848,0.16901718,0.26385033
24.202898613755877,35.17753635462667,82.22561,7862400.2420425415,72.81393,9.344653e-05,-0.00016872857,0.14575957,0.9459479,0.86552864,0.00034629554,-0.17719865,-0.035268523,0.00120911,0.07009569,0.09645493,0.11923489
24.268116089179838,35.07971042955572,81.07262,7084800.187969208,72.38287,0.00033162866,0.00025730714,-0.039397486,-1.2080374,0.08427158,-0.266727,-0.29938704,-0.26133502,-0.05066879,-0.10878387,-0.04225549,0.11670243
24.521739153231497,35.18115965909355,80.50853,11923200.463485718,71.91454,0.0003659867,0.00023382396,0.2967804,-1.4015573,-0.615841,0.3776637,0.15569249,-0.30221325,0.33197272,-0.20495276,-0.09492612,0.22586855
24.782608584568965,35.06521774078783,85.492004,10713600.257492065,72.047035,7.492248e-07,1.0330579e-06,0.012498464,-0.30417702,0.22478707,-0.17226177,-0.19906175,-0.12619546,-0.18445444,-0.18762027,0.11773639,0.22150218
24.46739112421217,35.10507235145331,77.031204,6825599.987125397,72.593796,-0.01054457,-6.777306e-05,0.04129793,-1.5310135,-0.21120365,0.4122694,-0.19570082,-0.33806354,-0.2224988,-0.2725379,-0.03835064,0.27522296
24.286231733018653,35.16304365074164,82.86601,2505600.113296509,72.69288,-6.739963e-05,-4.3019092e-05,-0.16425413,-0.14537725,0.5250112,-0.11266451,-0.20773572,-0.044601683,0.056917913,-0.060098313,0.18763289,0.1970226
24.507246627708035,35.15217355593542,72.15966,8294399.845504761,72.85727,-0.41722256,-0.31067026,0.03358835,-1.2769921,-0.85383564,0.042686265,0.05152332,-0.13837206,-0.10888081,-0.096776865,-0.06347224,0.115734555
24.52536253285706,35.05797113185407,79.99595,2764800.03991127,71.74271,0.00018800586,-0.00018952275,0.009436883,-0.27832362,-0.26439106,0.060841706,-0.29643708,-0.16825669,0.20434621,-0.105245456,-0.08953933,0.13818067
24.677536062942007,35.07971042955572,84.775665,18143999.79915619,71.695915,3.4940942e-06,4.5013835e-06,0.052350562,-1.3021358,0.76910675,0.18959743,-0.04187797,-0.022639945,0.00016955286,-0.27471656,0.12222649,0.30068007
24.57246390714934,35.13405809180027,82.83649,5529600.07982254,71.834404,3.5282497e-05,3.8884864e-05,0.085093796,-0.20694607,0.3403427,0.14181995,-0.42023703,-0.19065033,0.54959345,-0.052786388,0.067920305,0.08602075
24.351449221508126,35.36231895652174,77.53338,7948799.943351746,72.646774,0.0020734475,-0.01091416,0.15787064,-1.337314,-1.3144962,0.06755734,0.19770592,-0.20183198,-0.25544283,-0.10482663,-0.07685396,0.12998135
24.576087129988778,34.96376817111452,80.53768,8899199.948501587,71.61188,0.00022845801,0.00023951297,0.5216598,0.4117361,0.5147916,0.012794822,0.0608367,0.20640846,-0.2610084,0.070678875,0.09479865,0.11824672
24.268116089179838,35.07971042955572,81.07262,6393599.835205078,72.31488,0.00023987507,0.00031459518,0.063607946,-1.1257446,0.11276282,-0.34382302,-0.2430835,-0.20571668,0.020140566,-0.12427766,-0.024415255,0.12665322
24.2137679164399,35.101449394680465,78.1842,2678400.0643730164,72.707794,0.004073501,0.00039340946,0.25159022,0.25721902,0.85803056,-0.47909498,0.04720969,0.23503983,-0.042837024,0.045844123,0.23071945,0.23522998
24.373188532413735,34.85507217391305,83.68782,10281599.557113647,72.25069,-1.1006335e-05,2.3909774e-05,-0.324202,-1.089895,-0.615037,0.43860924,-0.07610942,0.12594135,-0.10816599,-0.24421994,-0.08811447,0.25962964
24.521739153231497,35.18115965909355,80.50853,9244799.850654602,72.09118,0.00030556496,0.00035437802,0.22836539,-1.4035488,-0.718902,0.47287962,0.025298314,-0.24124794,0.22647178,-0.21293347,-0.25669628,0.33351707
24.3985509616347,35.079710263267266,82.39983,5961600.231742859,71.90366,-3.8956547e-05,-5.5869277e-05,0.101699546,-1.5269169,0.070744224,-0.37393653,-0.80339706,-0.49407893,-0.053781494,-0.1802858,-0.0142705515,0.18084972
24.134057993885538,35.130434787333385,80.741425,0.0,73.11939,0.0008599715,0.00062732527,0.012528583,0.19407195,0.7445497,-0.20469326,-0.19476297,-0.03559569,0.26081756,0.06684021,0.2292867,0.23883049
24.177536001617764,35.01449252133363,77.3516,14342399.778556824,72.53546,-0.004275454,-0.0075532785,-0.037035845,0.075992286,0.4646611,0.019330665,-0.34631914,-0.22647908,-0.07261056,0.026370808,0.11586657,0.11882963
24.242753659958876,34.931159481553294,83.59315,1728000.059223175,72.52368,-8.827469e-06,3.6274203e-05,0.19638231,-0.08889,-0.3315267,-0.077618755,0.10777439,-0.13220508,-0.21948224,-0.026752241,-0.13581213,0.13842188
24.235507135886934,35.09782643790763,86.62735,15724800.484085083,71.91994,-1.289249e-06,1.3146093e-06,0.19098091,0.5556624,-0.37189394,0.21142644,0.538098,0.37241742,0.676812,0.13089594,-0.0625996,0.14509465
24.677536062942007,35.07971042955572,84.775665,14342399.778556824,72.17425,6.2627128e-06,-4.957692e-06,-0.2372362,-0.7295257,0.35401982,-0.017202757,0.10065419,-0.09429108,-0.07114512,-0.22846086,0.090189904,0.24561878
24.235507135886934,35.09782643790763,86.62735,15551999.984550476,71.92127,-1.3159653e-06,1.2455007e-06,0.19876364,0.5444195,-0.37032053,0.20837346,0.5628901,0.36399963,0.67816824,0.1274888,-0.06502258,0.143113
24.579710091518006,35.06884069756067,84.24473,13564800.27294159,72.48441,-6.0052894e-06,1.22382535e-05,-0.1718637,-0.35528457,0.32560644,0.16718699,0.31225103,0.007912848,0.01525346,-0.13661823,0.093205854,0.16538401
24.40217392316393,35.07246365433351,77.73675,10022400.453186035,72.944916,0.009808838,0.009602023,-0.080912165,-0.012697533,0.3587721,0.17867759,0.42939997,-0.05114772,0.046127792,-0.018772215,0.082041755,0.08416202
24.06159400092239,35.235507653915,77.223785,1468799.9954938889,73.36202,0.022296876,0.016614597,-0.05544617,0.36427554,0.47922477,-0.13679433,0.07461881,-0.1342923,-0.72050357,0.16176975,0.14094195,0.21455555
24.782608584568965,35.06521774078783,85.492004,3715200.0450611115,72.25278,3.6552603e-07,4.350785e-07,-0.1277774,0.9432092,0.57135135,0.079972744,0.049899694,0.4827465,-0.11774247,0.06772432,0.05749452,0.08883807
24.351449221508126,35.36231895652174,77.53338,6307200.133895874,72.344086,0.006704957,0.0058648023,0.120294385,-1.6325967,-1.6316336,0.0949637,0.21459529,-0.21010037,-0.45822036,-0.1429959,-0.122286454,0.18815367
24.822463669968496,35.11956556932083,79.471794,1987199.9858379364,72.37088,-0.00038767073,2.8223194e-05,-0.034229502,0.6949264,-0.014411945,0.4578828,0.42930827,0.42282492,0.13752194,0.2530887,0.030729003,0.25494736
24.235507135886934,35.09782643790763,86.62735,13046399.871253967,72.03393,1.4398121e-06,4.0514826e-07,0.20802748,0.31940487,-0.2692153,0.07913166,0.7003552,0.22965658,0.47927698,0.1382301,-0.098584495,0.16978358
24.514492864338745,35.152173737341,77.98083,2937599.9909877777,71.88491,0.0032806266,-0.0025176487,0.13547924,-0.69948125,-0.056555565,0.05828981,-0.31860405,-0.33799326,0.23988914,-0.15840894,0.0064480603,0.15854011
24.293478074173446,35.130434424522214,78.52256,13219200.370788574,72.962296,0.00032280185,0.0029735554,0.086139664,-1.0778028,0.13239776,-0.027878396,-0.02245263,-0.20204441,-0.019729842,-0.1071545,0.007949412,0.107448965
24.52536253285706,35.05797113185407,79.99595,7257600.139045715,71.77878,0.00011318791,-0.0001518577,0.4262356,-0.55421996,0.21673633,0.3008474,-0.32261258,-0.34255236,0.1673261,-0.080182105,-0.004945025,0.08033445
24.15942034471344,35.02536261613985,84.04098,15638399.68585968,72.63513,2.7481852e-05,-1.7284374e-05,0.17407206,-0.24494864,0.28768423,0.33673462,0.1801753,0.29328275,0.29372087,-0.07139753,0.0970872,0.12051362
24.373188349496587,35.09782609021359,73.044136,17366400.293540955,72.9726,0.82693535,0.9344558,0.16090375,0.97818863,-0.74295837,-0.19264111,0.31790712,-0.15235516,0.21674535,0.1375489,-0.07424361,0.15630679
24.43478277193275,35.06521686399416,78.38795,6134400.182819366,72.2696,-0.003576159,-0.0029293683,0.21573508,-0.66660416,0.37968093,0.45945072,-0.12464296,-0.36307588,-0.048741803,-0.12015574,0.016542457,0.121289134
24.16304339770124,35.14130418675153,77.183464,17884799.598312378,72.519295,-0.007505829,0.013603096,0.33837503,0.053902388,0.34889108,0.013162658,-0.31149635,0.15443859,0.12589401,0.035631172,0.20071092,0.20384909
24.507246627708035,35.15217355593542,72.15966,9331199.551963806,72.741394,-0.51416904,0.26523358,0.014237501,-1.1269388,-0.84993124,0.003756754,0.038582943,-0.2306344,-0.26086664,-0.11434755,-0.081489354,0.14041324
24.55072462237475,35.07608730649443,88.70044,10108800.15449524,72.69127,-1.929971e-07,-2.441646e-07,-0.14154372,0.678146,0.8054587,0.014004596,-0.14911982,0.24964878,-0.43917426,0.08279607,0.083926484,0.11789336
24.35507260113369,35.04710138474188,76.478294,2505600.113296509,72.454834,-0.014443954,0.024556339,0.09914156,0.2998,-0.0011927672,-0.10832166,-0.08677884,0.017785385,0.10960662,0.12127261,0.0045710467,0.12135872
24.47463793572534,35.15579704180788,74.131996,12960000.169944763,73.103676,-0.37993303,0.36042383,0.21637839,-0.91656244,-0.28616884,0.05668746,-0.071205795,-0.749521,-0.58670235,-0.08593637,-0.035979677,0.093164355
24.49275373635028,34.95652190987481,78.13308,14256000.07724762,72.18766,-0.0040681185,0.0001969535,0.45937207,-0.77274525,0.3556298,0.29763117,0.19119683,-0.21526657,-0.2689216,-0.15452865,0.108365476,0.18873839
24.282608510179216,35.10869565592019,73.044136,9763200.252342224,72.9577,0.874104,0.7746755,-0.2034306,1.6455678,1.1533446,0.10592859,0.07228213,-0.121765085,0.26148766,0.14535514,0.13411796,0.197777
24.800724541980035,35.0326085145684,80.91604,0.0,72.00139,-0.0001222591,4.6025154e-05,0.065716945,-0.042980626,-0.5638952,0.23872548,0.29102796,-0.063440874,-0.24517348,0.0625172,-0.13046628,0.14467153
24.442029139218562,35.043478080275,76.86345,10886399.660110474,73.07913,-0.019097546,-0.02649478,0.22434276,-0.28274322,0.2623214,0.07434673,0.46267736,-0.057393722,0.2406128,-0.035479687,0.019662261,0.040563688
24.503623143558386,34.916666955294566,80.479385,8208000.144195557,71.5715,-0.00018707235,9.765877e-05,0.49999872,-0.65887034,0.019572165,0.40005818,0.041383903,-0.13848814,-0.66168493,-0.16223007,0.03752006,0.16651233
24.286231733018653,35.16304365074164,82.86601,17279999.49531555,72.869835,4.2551865e-06,-9.310705e-06,-0.40148354,0.080980316,-0.044745076,0.10601444,0.0017181113,0.50996995,0.1772188,0.10284308,-0.037939966,0.10961816
24.619565229179578,35.18478278215484,82.255135,3196799.917602539,72.25275,-9.719237e-05,7.801493e-05,-0.44539696,-0.40153837,0.29732358,-0.0508836,-0.27057156,0.10448079,0.28147992,-0.15834695,0.1517225,0.21930225
24.57608686867857,35.22463755910878,78.28966,604799.9658823013,71.82187,-0.00074965425,4.579581e-05,0.027172057,-0.47269535,0.007689696,0.023937657,0.15891081,-0.38613,0.27985778,-0.16530569,0.044728547,0.17125015
24.278985574781007,35.18478260074926,85.36457,12960000.169944763,72.166176,-2.3392581e-06,-4.8632846e-06,-0.037160516,0.7777351,0.082183175,-0.0006846711,0.28223088,0.34506792,0.3512194,0.24508747,0.03130193,0.24707828
24.282608510179216,35.10869565592019,73.044136,259199.99517202377,73.34794,-0.7453778,-0.6047217,0.12814677,-0.88054657,0.68187714,0.118289426,0.16551663,-0.25692433,-0.4314906,-0.0996251,0.068293326,0.12078551
24.521739153231497,35.18115965909355,80.50853,6739199.737358093,71.75756,0.00024776484,-0.00027627975,-0.048270904,-1.1823175,-0.54827356,0.27862534,-0.19312495,-0.22296274,0.13329181,-0.18525185,-0.061395198,0.1951605
24.608695560661264,35.210145036629335,80.071884,4924799.976825714,71.49577,0.00013739768,-4.782594e-05,-0.17530048,-0.38462344,-0.14006339,0.1687945,-0.08537028,-0.022366114,0.20049286,-0.13627629,-0.023074158,0.13821593
24.576087129988778,34.96376817111452,80.53768,8639999.747657776,71.61477,0.00025927337,0.00019883944,0.53302544,0.4467514,0.48806316,-0.01213406,0.036605533,0.1767331,-0.25741482,0.07733077,0.08421376,0.11433288
24.514492864338745,35.152173737341,77.98083,13564800.27294159,72.30749,-0.0050898655,-0.0051759873,0.18343782,-0.79416203,-0.27400434,0.112996124,0.09037554,-0.43906602,-0.051567785,-0.21086863,-0.09151308,0.22987002
24.731883987437246,34.999999998854186,80.17734,14256000.07724762,71.10154,0.00023342541,-0.00023314299,-0.24932551,-0.994364,0.17397283,0.073425055,-0.20981988,0.014036473,-0.14422253,-0.17371002,0.051974818,0.18131892
24.525362323808892,35.01449270273921,80.76379,6652800.036048889,71.667534,0.00018083373,0.00011306381,0.54485154,0.14871934,0.3852943,0.025087558,-0.39862862,-0.16654299,-0.1299364,0.025320612,0.057223335,0.0625751
24.481884276880134,35.21376834109622,79.042,2505600.113296509,72.16774,-0.00079900766,0.0015787922,-0.06909799,-0.90609145,-0.007926773,-0.08501267,-0.30763018,-0.25199533,-0.100303255,-0.18231237,0.0050437897,0.18238212
24.2137679164399,35.101449394680465,78.1842,11491199.7631073,73.27639,-0.008725818,-0.0015985024,-0.16311899,-0.5636799,0.50927687,-0.11338607,-0.2589504,-0.28265446,-0.15804335,-0.11787398,0.073371485,0.13884398
24.268116089179838,35.07971042955572,81.07262,4924799.976825714,72.30217,0.00013552513,0.00029854,0.17950663,-0.82415223,0.21384826,-0.41694632,-0.1431123,-0.12520888,0.13370813,-0.12736072,0.0417538,0.13403034
24.586956589458925,35.03623181903528,81.050644,2937599.9909877777,71.60552,0.00016458864,6.229913e-05,0.20634922,0.31700295,-0.34068668,0.10168975,-0.121949784,-0.15529814,-0.0027295426,0.113686115,-0.085798085,0.14242838
24.15942034471344,35.02536261613985,84.04098,11491199.7631073,72.81914,1.3405141e-05,2.1876847e-05,-0.1790514,-0.69168437,-0.36960623,0.16296393,0.22881195,-0.2077805,0.15388101,-0.13889259,-0.066380166,0.15393984
24.409420264318722,35.097825908808005,75.01247,7430400.090122223,73.08416,0.16940215,0.16657005,0.11475591,-0.7340461,0.32601517,0.11612894,-0.25051785,-0.102656394,-0.3673824,-0.1644107,0.102881804,0.19394727
24.57246390714934,35.13405809180027,82.83649,17971200.39653778,71.640724,-3.296984e-05,2.3903012e-05,0.04063908,-1.5854474,0.61146486,0.36618918,-0.35741585,0.060112678,-0.37148243,-0.20187591,0.107133076,0.22854185
24.880434869565217,35.11594208344836,73.60822,2678400.0643730164,72.89161,0.46895835,0.44494218,0.22299668,-0.32062614,-0.18809633,0.28359392,0.34119737,0.18828042,-0.117408864,-0.14275497,-0.06402128,0.15645353
24.15942034471344,35.02536261613985,84.04098,345600.00498890877,72.28615,-1.6327978e-05,1.3713259e-05,0.174858,0.0031041875,0.4844145,0.07068288,-0.47957143,-0.29274884,0.18898904,-0.006794937,0.23855947,0.23865622
24.3913043591697,35.05434799367564,86.750465,12787199.670410156,72.21746,1.8040673e-07,-3.8092003e-07,0.014308274,0.48739704,0.19575317,-0.033530623,0.42236295,0.25058782,0.3809814,0.1733765,0.08399649,0.19265208
24.409420185925658,35.126811301460926,78.58091,0.0,72.56063,-0.0023087994,0.0039093792,0.21082783,-0.94693625,0.26216915,0.1227133,0.05967014,-0.16086242,0.13616323,-0.2968694,0.06446507,0.30378807
24.40217392316393,35.07246365433351,77.73675,18316800.298690796,72.5644,0.007069203,0.008336032,-0.049127877,-0.25198066,-0.10310733,-0.04192382,-0.09811822,0.04188954,0.16790023,-0.048200093,-0.02317,0.05347988
24.275362351941567,35.02173896397893,79.32639,5875199.981975555,72.361046,0.00028234583,0.00023632274,0.20907396,0.15390745,0.30761904,-0.12525696,0.4036853,-0.04899347,-0.08589877,0.014994502,0.09824833,0.09938596
24.068840433535758,35.17753635462667,82.62194,13132799.572563171,72.38419,8.0204714e-05,3.1253985e-05,-0.26527855,0.6921997,0.22745813,0.06364201,-0.019684955,0.025415327,0.0016564094,0.11069171,0.061805323,0.12677757
24.409420264318722,35.097825908808005,75.01247,13651199.974250793,73.04434,-0.12998788,-0.1534857,0.15619314,0.33225468,0.12693581,-0.06928087,-0.10308326,-0.45718327,-0.20403811,0.17165531,0.02166766,0.17301744
24.271739312019278,35.0833337340226,74.97577,11750399.96395111,73.074684,0.15606628,0.15699641,-0.16904956,0.3269116,0.82730174,-0.29156527,-0.015481912,-0.23151049,-0.13656867,0.08682367,0.137894,0.16295125
24.177536001617764,35.01449252133363,77.3516,12268800.365638733,72.90793,-0.012490334,-0.013391131,-0.16819385,0.5211711,0.4888,-0.03705143,-0.03345965,-0.19482465,0.049878605,0.098607086,0.0707732,0.12137628
24.57608686867857,35.22463755910878,78.28966,7171199.889278412,71.4886,-0.0018545788,-0.0017919409,0.055045146,-1.08225,-1.0969021,0.08466163,0.3646128,-0.064192615,-0.21492007,-0.117280595,-0.078771,0.14127848
24.586956589458925,35.03623181903528,81.050644,3542400.093984604,71.58209,0.00014420915,0.00014006134,0.29950246,0.41108695,-0.22560643,0.086163245,-0.24359581,-0.16119395,0.03996305,0.14578089,-0.07590303,0.16435735
24.3985509616347,35.079710263267266,82.39983,3196799.917602539,72.20547,-1.4785231e-05,-6.2976564e-05,0.056166686,-0.6426482,0.46733996,-0.21290255,-0.43197435,-0.28873065,0.24898371,-0.21092075,0.0998355,0.23335528
24.641304357168043,34.938405387540406,81.3883,10886399.660110474,71.50112,6.0567378e-05,0.00011088071,0.2979047,0.5298623,0.78261,-0.020894647,-0.15890428,0.3113134,-0.04482743,0.044066805,0.11214933,0.12049628
24.507246627708035,35.15217355593542,72.15966,11664000.262641907,72.22813,0.44783786,0.6992801,0.23298463,-0.7058394,-0.6457393,-0.26745385,-0.009239674,-0.4097009,-0.5084892,-0.12038796,-0.16109906,0.20111233
24.278985574781007,35.18478260074926,85.36457,12441599.768257141,72.26572,1.8038503e-06,-5.6234244e-06,0.019000888,0.8188542,0.17668279,-0.007245019,0.26792368,0.33289072,0.3203045,0.28076637,0.07423277,0.29041395
24.423912946628306,35.16304383214723,83.815254,10195199.855804443,72.512146,-2.3813065e-05,1.3695756e-05,0.19585854,-0.3131338,0.17025909,0.31839734,0.060931556,-0.13682154,0.26327735,-0.14925098,0.028943442,0.15203151
24.471014503837736,35.137681214861566,84.09494,18403200.0,72.52129,9.44203e-07,-2.122439e-05,-0.2083875,-0.58402973,0.11148195,0.27071682,-0.16245767,0.4942812,-0.18703058,-0.39759323,0.018804759,0.39803767
24.623188347494935,34.98550731008629,86.27349,11750399.96395111,72.179245,-1.8631376e-06,-5.542482e-07,-0.10509322,0.04144177,0.39207184,-0.49340045,-0.058728136,0.30788022,0.013865242,-0.0032874495,0.11200835,0.112056576
24.286231733018653,35.16304365074164,82.86601,9504000.051498413,72.79559,-9.388546e-05,-3.5166597e-06,0.00899823,-0.20446607,0.37873268,0.1767244,-0.24718681,-0.18439072,0.07522957,-0.09007011,0.12861401,0.15701652
24.16304339770124,35.14130418675153,77.183464,13651199.974250793,73.33119,-0.026799243,-0.02765517,0.15071143,-0.28964078,0.60804206,-0.24118838,-0.5416879,0.061946623,0.16118377,-0.07957165,0.1295178,0.15200825
24.369565205050215,35.10507235145331,81.59638,11059200.15964508,72.432686,7.200903e-05,0.0001581789,-0.003557276,-0.8947933,0.11538148,0.33061022,0.048328202,-0.21814613,0.31427813,-0.13188933,0.012603492,0.13249016
24.293478074173446,35.130434424522214,78.52256,11836799.665260315,73.07807,0.0065103876,-0.0029259278,-0.16252276,-0.77203214,0.17241666,-0.042397365,-0.12629908,-0.2598264,-0.07106366,-0.12814823,0.014015466,0.12891237
24.278985653174068,35.159420527680346,80.15937,2937599.9909877777,72.711784,-0.00079019234,-0.0009675172,0.036270846,-0.7215959,0.4967239,-0.30401704,-0.24515718,0.15795688,-0.116702564,-0.15212438,0.080436036,0.17208074
24.782608845879178,35.07246365433351,80.82854,2073599.9613761902,72.157364,0.00015856685,0.0002954377,-0.03913358,1.013744,-0.09781283,0.3154545,0.26998672,0.33232725,0.12928143,0.21483724,-0.04685314,0.21988691
24.60144921950647,34.9456523441682,85.40489,5270399.878978729,71.28759,5.2097874e-07,3.7196259e-07,0.19247141,1.1342815,0.44996768,0.28416172,0.36967272,0.07069663,0.2017374,0.1988411,0.071633026,0.21135059
24.275362351941567,35.02173896397893,79.32639,10368000.35533905,72.713554,-0.0021506227,0.0016601898,-0.11278709,-0.163174,0.26612043,0.34004763,0.45770273,-0.2298404,-0.1900774,-0.08997305,0.070537016,0.11432681
24.731883987437246,34.999999998854186,80.17734,11231999.562263489,71.827965,0.00040640746,0.00028785746,-0.29970193,-0.18058491,0.33890417,-0.17955536,-0.25918457,0.13635185,0.13617858,-0.03436235,0.08595204,0.092566326
24.235507135886934,35.09782643790763,86.62735,11231999.562263489,72.282166,1.2497198e-06,-1.7087166e-06,0.09735874,0.02018693,-0.208999,-0.088637374,0.4601934,0.055911317,0.09652977,0.021942317,-0.089252815,0.091910444
24.728260869121893,35.15579704180788,79.23173,13996799.876403809,71.44887,0.00065607816,-0.00043612267,0.11687233,-1.115792,-0.29741883,0.10216651,-0.085064255,-0.17206891,-0.31300646,-0.11961537,-0.032968976,0.12407574
24.409420185925658,35.126811301460926,78.58091,10627199.459266663,72.79055,0.001991338,0.0045394027,-0.2315697,-0.6378672,-0.21147932,0.14191751,0.16778588,-0.17601368,0.07878859,-0.16744295,-0.05646436,0.176707
24.55072462237475,35.07608730649443,88.70044,2073599.9613761902,71.626785,3.802502e-08,8.4217355e-08,0.27151695,-0.09878201,0.60407674,0.48953503,-0.09203283,-0.067022935,0.50208646,0.003187485,0.15455802,0.15459087
24.278985574781007,35.18478260074926,85.36457,8467199.796581268,72.74268,8.822341e-06,7.848187e-06,0.21673867,0.9360821,0.7309755,0.115973055,0.063665226,0.16262665,0.15692818,0.09726341,0.12267973,0.15655826
24.626811465810288,35.05797113185407,83.9315,5184000.177669525,71.58454,-1.1353241e-05,1.133139e-05,0.27461988,0.9855772,0.49306726,-0.1437724,-0.122124664,0.25707608,0.53449035,0.31155834,0.089244485,0.32408825
24.275362351941567,35.02173896397893,79.32639,6912000.2368927,72.4184,-0.001381114,-0.0009109827,0.11382314,0.20562106,0.35886797,0.018628947,0.50109464,-0.11905038,-0.16343093,0.059320465,0.091510065,0.10905508
24.152173912100075,34.942029039701325,85.189964,18403200.0,72.095825,-5.254653e-06,5.520803e-06,0.17364785,-0.402099,0.24675348,0.20334989,-0.14769712,0.18969512,0.5828604,-0.34331653,0.23648836,0.41688484
24.340579657513896,35.072464168316,77.031204,8553600.046348572,73.00288,0.003783243,0.019939616,-0.12817806,0.5053005,0.78185785,0.06510047,0.11283769,-0.115516305,-0.5115661,0.06063058,0.11609106,0.13097022
24.134057993885538,35.130434787333385,80.741425,3196799.917602539,72.71461,-0.00013504774,-0.00059869076,0.29130384,0.75449157,1.1426454,-0.28760782,-0.0035553724,0.24053276,0.26391396,0.046930283,0.07625359,0.089538045
24.177536001617764,35.01449252133363,77.3516,8467199.796581268,72.26127,0.0016603125,0.0075379377,-0.09782203,2.0932484,0.6151582,0.008162834,0.40780112,0.024025116,0.29948422,0.18459046,0.05799955,0.19348794
24.518115930392057,35.170290078269815,76.7112,8467199.796581268,72.37887,0.0022128536,0.006000884,-0.14206135,-1.5459642,-1.0521075,0.00457184,0.12109837,-0.21888764,-0.66204536,-0.24191976,-0.11456626,0.2676763
24.351449221508126,35.36231895652174,77.53338,12527999.469566345,72.93137,-0.014300417,-0.008266699,0.30597913,-0.39963385,-0.12795036,0.48469332,0.44512108,-0.23751138,0.3459081,-0.15970626,-0.023594737,0.16143978
24.659420157792983,35.13768139626715,82.9603,1987199.9858379364,71.967415,3.9441777e-05,-3.6276986e-05,-0.3021888,0.05251424,0.30458513,-0.033454522,-0.09323811,0.09714693,0.047720157,0.06627012,0.21660112,0.2265122
24.52536253285706,35.05797113185407,79.99595,14256000.07724762,71.94221,0.00060147286,0.0004714521,-0.0046642274,-1.2504843,0.13530308,0.16135743,0.24051204,-0.299863,-0.14944875,-0.1629401,0.011306122,0.16333188
24.619565229179578,35.18478278215484,82.255135,15465600.283241272,71.63777,-1.2285894e-05,1.7365333e-05,0.11122454,-1.5730107,-0.089274585,0.37899995,-0.088739716,-0.4469123,-0.33205792,-0.14416271,-0.004679784,0.14423865
24.43478251062254,35.050724689208764,81.254395,7516799.791431427,71.85627,0.00011532327,-0.00017395768,0.22026005,-0.75447583,0.36121213,0.16161582,-0.43763706,-0.36204264,-0.2631881,-0.1816846,0.10054539,0.20765036
24.33695651306752,35.26449269887389,75.24537,432000.01480579376,73.309135,-0.16674651,-0.16761053,-0.1473698,-0.36867416,-0.1365229,-0.094660215,0.4875938,0.17389964,-0.21849635,-0.14146522,-0.05463022,0.15164718
24.242753659958876,34.931159481553294,83.59315,9676799.454116821,72.545364,6.43529e-06,-3.2513499e-06,-0.4732598,-1.4292356,-0.61429393,0.3872013,-0.047733292,-0.35080892,-0.09056661,-0.22907165,-0.11626053,0.25688583
24.608695560661264,35.210145036629335,80.071884,10281599.557113647,71.546135,-0.00017723467,-8.336014e-06,0.49841407,-0.71032107,-0.5287519,0.25892714,0.27322483,0.04612401,-0.1312933,-0.20997813,-0.16720894,0.26842067
24.358695745580064,35.14492749121842,79.46463,2246400.0495672226,72.51614,-0.0013381324,0.0002892907,-0.028286785,-1.1005412,0.4566541,0.036209874,-0.35888568,-0.06946517,0.094542414,-0.14460629,0.045831185,0.15169534
24.608695560661264,35.210145036629335,80.071884,10454400.056648254,71.541466,-0.00010968759,0.00010128733,0.5018504,-0.7405621,-0.5254626,0.24616122,0.2615521,0.038199842,-0.13973892,-0.21780305,-0.16089574,0.270787
24.06159400092239,35.235507653915,77.223785,5961600.231742859,72.96774,0.019433992,-0.0039552553,0.35954347,2.4740963,1.4482553,0.067482576,-0.27203912,0.17398737,-0.17183053,0.1572584,0.09295435,0.18267654
24.409420264318722,35.097825908808005,75.01247,2246400.0495672226,72.63113,0.10231979,0.10814323,0.2696768,-0.15399912,0.4289222,0.23511478,0.16569431,-0.029146593,0.3235388,-0.07171771,0.11989188,0.13970502
24.659420157792983,35.13768139626715,82.9603,14601599.979400635,71.71752,3.193008e-05,2.7573053e-05,-0.06298984,-1.4690393,-0.09878327,0.3271804,0.054142408,-0.44471997,-0.28512245,-0.12952596,-0.04682906,0.13773139
24.16304339770124,35.14130418675153,77.183464,11577599.464416504,73.445145,0.027645526,0.030185794,-0.107612394,-0.054620534,0.78883326,-0.17223644,-0.7508554,-0.14192024,0.040666904,-0.014231155,0.088853404,0.08998585
24.49275373635028,35.04710138474188,79.64641,604799.9658823013,72.22395,0.00012552852,-0.0010421765,-0.31044894,0.020105869,-0.42114493,-0.16016036,0.352333,-0.09400654,0.12972957,0.030647725,-0.20173255,0.2040473
24.659420157792983,35.13768139626715,82.9603,691200.0099778175,71.87138,-3.398315e-06,-2.3187697e-05,-0.41069275,0.15481707,0.38556886,-0.053946935,0.1652779,-0.039288547,-0.005200308,0.14954375,0.19990407,0.2496497
24.409420264318722,35.097825908808005,75.01247,2332799.8879909515,72.62351,0.10154124,0.10930701,0.2620123,-0.14764014,0.4282873,0.23924142,0.16653517,-0.02870052,0.33008927,-0.066498905,0.117381856,0.13490961
24.358695745580064,35.14492749121842,79.46463,11491199.7631073,72.75535,-0.0016208425,0.0017601947,-0.1476174,-0.80409694,-0.20418571,0.2268604,0.0045525655,-0.24449193,0.25410205,-0.16014263,-0.047818393,0.16712947
24.340579735906957,35.22101461745307,78.71513,10972800.458335876,72.814064,-0.0015967324,0.0015070292,-0.09839853,-1.3253956,-0.5770538,0.31176722,-0.24644408,-0.4677771,-0.41874665,-0.1371372,-0.08418644,0.16091603
24.358695745580064,35.14492749121842,79.46463,1555199.9710321426,72.61076,-0.0014013967,0.0013466232,-0.0061190575,-1.1758425,0.50173193,0.11019055,-0.2839344,-0.082924694,0.073581085,-0.14793801,0.04967412,0.15605503
24.5036234048686,34.94565269942081,84.86278,12787199.670410156,72.177956,-4.7866984e-06,-6.192011e-06,-0.3489773,-0.41832212,0.18050306,-0.10994276,-0.22675624,0.153122,0.32485762,-0.1236465,0.043324113,0.13101692
24.423912946628306,35.16304383214723,83.815254,3456000.11844635,72.38733,-7.704796e-06,-9.27456e-06,0.029141791,-0.30351928,0.5823542,-0.041045614,-0.039557442,-0.027400285,0.5682708,-0.1867206,0.22955441,0.29590508
24.242753659958876,34.931159481553294,83.59315,6912000.2368927,72.54554,-2.1125446e-05,-1.1670164e-05,-0.13644588,-1.9202567,-0.49705106,0.319283,-0.22117203,-0.41080567,-0.45848885,-0.311244,-0.05006011,0.3152441
24.521739153231497,35.18115965909355,80.50853,17798399.897003174,71.8175,0.00021673745,-0.00010742967,0.0014969185,-1.6623111,0.69609135,0.6356346,-0.2969159,-0.202984,-0.24577221,-0.2732591,0.050479237,0.27788252
24.481884276880134,35.21376834109622,79.042,4406400.123596191,71.98222,0.0012984403,-0.0013615749,-0.21512896,-1.4743024,-0.5426326,-0.09107215,-0.3448848,-0.2632424,-0.20379704,-0.1650259,-0.03410846,0.16851391
24.358695745580064,35.14492749121842,79.46463,1468799.9954938889,72.62218,-0.0013668954,0.00157232,-0.0032078251,-1.1890818,0.50632703,0.11907296,-0.27536198,-0.08543154,0.069726996,-0.1484594,0.05097636,0.15696746
24.518115930392057,35.170290078269815,76.7112,4579200.074672699,72.04972,0.012557724,0.004545754,-0.007563062,-1.3674114,-0.5365935,0.14225224,-0.11014459,-0.3976562,-0.118111156,-0.13368079,-0.012561433,0.13426967
24.579710091518006,35.06884069756067,84.24473,6566399.786281586,71.44139,-7.532711e-06,3.7035543e-06,0.32816526,0.35637206,0.5236929,-0.22908056,-0.31316438,0.124087185,0.6235575,0.17288049,0.15166251,0.22997649
24.731884091961334,34.88405773852335,82.62194,12787199.670410156,71.46739,3.2576147e-05,-1.5696629e-05,0.09985587,1.1389107,0.62249345,0.019417278,-0.2099641,0.060744368,0.3443808,0.09162332,0.043447778,0.10140287
24.514492864338745,35.152173737341,77.98083,9417600.350189209,72.402794,0.0049588755,0.005876439,-0.04161159,-1.1913435,-0.7722343,0.1097476,0.12704419,-0.14966148,-0.17409009,-0.17311098,-0.10169854,0.2007735
24.880434869565217,35.11594208344836,73.60822,13391999.773406982,73.687096,-0.8951686,-0.85116726,-0.2998736,-0.040722318,0.40214097,0.18569764,0.15119734,-0.15422124,0.29201165,-0.0049346313,0.21026143,0.21031934
24.626811465810288,35.05797113185407,83.9315,9331199.551963806,72.08915,-1.3571789e-05,1.28455995e-05,0.2692296,0.23656249,0.34556556,-0.32626173,-0.12559685,0.25047693,0.14759313,0.09007584,0.118299365,0.14868893
24.242753659958876,34.931159481553294,83.59315,4147199.9227523804,72.63696,-2.5369134e-05,-3.418512e-05,0.186818,-0.83848333,-0.54223466,-0.063704185,0.05231577,-0.20481145,-0.4801208,-0.1584428,-0.1412585,0.21226889
24.3985509616347,35.079710263267266,82.39983,17971200.39653778,72.3287,-9.088597e-05,9.36497e-05,-0.13461435,-0.90717566,0.48841032,0.5251297,-0.14996618,0.3797438,-0.11021439,-0.23008096,0.1961911,0.30237097
24.75362311542571,35.148550251468535,82.31272,15724800.484085083,71.062164,-2.4517438e-05,3.153123e-05,0.019288743,-1.4292184,0.18369906,0.34785607,-0.056739524,-0.4285308,-0.22482207,-0.1863187,0.047450803,0.19226606
24.278985653174068,35.159420527680346,80.15937,3283199.893140793,72.68115,-0.0005691064,-0.0008212756,0.07289886,-0.66143954,0.5023357,-0.30650556,-0.2593989,0.1699632,-0.102664046,-0.13950998,0.086661644,0.16423543
24.340579657513896,35.072464168316,77.031204,13305600.072097778,72.90239,0.0026662557,-0.021480365,0.09366323,-0.020699702,0.40488666,-0.3244922,0.005389493,-0.0662385,-0.030604564,0.023234192,0.13507299,0.13705671
24.40217392316393,35.07246365433351,77.73675,7603200.0411987305,72.681404,-0.0076504243,-0.008577674,0.0802033,-0.3037389,0.47244698,0.36901623,0.1559929,-0.25967503,-0.32555863,-0.09822245,0.08300201,0.1285962
24.16304339770124,35.14130418675153,77.183464,10454400.056648254,73.285034,0.0051221764,-0.003644793,-0.11570934,0.22121722,0.8790188,-0.11644331,-0.8075324,-0.14676732,-0.019281015,0.009321231,0.08752684,0.08802178
24.85869584610084,35.31159408476158,76.05999,518399.99034404755,70.83708,-0.0022973744,-0.0052934675,0.126169,0.9268012,1.2621782,0.2714931,-0.20653623,-0.5724213,0.51209897,0.10376212,0.112424284,0.15298954
24.264492787947336,35.06521739309379,75.914215,15379199.48501587,72.41738,0.021216312,0.029836264,0.33257633,0.3044416,0.20430297,-0.21019211,-0.21685413,0.17966431,-0.0986032,0.08499652,0.025793023,0.088823915
24.53985505838052,35.14492730981283,78.72631,10540799.757957458,72.32608,0.0025036675,0.0023674208,0.10197291,-0.9560598,-0.5466237,0.2186819,0.25073242,-0.120918244,0.18961704,-0.15146524,-0.06808865,0.16606559
24.880434869565217,35.11594208344836,73.60822,18230399.500465393,73.21437,-0.61940193,0.575993,0.081985086,0.24220529,0.16577938,0.5193431,0.059655566,-0.32910064,0.19762191,0.1383535,0.15595981,0.20848298
24.731884091961334,34.88405773852335,82.62194,10368000.35533905,71.586845,3.660537e-05,2.5507641e-05,0.21479192,1.8574773,0.7030874,-0.064595155,0.052247193,-0.0023730006,0.4498166,0.15613675,0.11279033,0.1926145
24.782608845879178,35.07246365433351,80.82854,2419199.8635292053,72.21499,0.00015826181,0.00020393883,-0.016115777,1.0606838,-0.07330802,0.31099892,0.23676962,0.34072882,0.17333683,0.24663335,-0.052834302,0.252229
24.235507135886934,35.09782643790763,86.62735,5961600.231742859,72.256004,-1.790997e-06,1.6556197e-06,-0.05358907,-0.88159454,-0.3252554,-4.442036e-05,-0.3497753,-0.3038586,-0.09815601,-0.15959515,-0.03643559,0.16370144
24.409420342711783,35.02898555779556,73.23672,5961600.231742859,73.134865,0.9086607,0.9078032,-0.0092564635,0.55132616,0.24000303,-0.093506046,-0.2386632,0.22567505,0.022640217,0.10509223,0.04964429,0.11622793
24.46739112421217,35.10507235145331,77.031204,2937599.9909877777,72.147514,0.005774717,0.011145789,0.15810725,-0.67301595,-0.086747736,0.18332642,-0.19433776,-0.21940757,0.3488507,-0.17983311,0.007024221,0.17997025
24.068840433535758,35.050724689208764,75.1399,12527999.469566345,72.16109,-0.06433881,-0.05785098,-0.43832955,1.1429075,0.7802774,-0.18271983,-0.13482842,-0.074631676,0.32212716,0.15358606,0.07246673,0.16982375
24.369565205050215,35.10507235145331,81.59638,7948799.943351746,72.15905,0.00016600247,0.00012823658,-0.11600136,-1.4981993,-0.020305704,0.014279924,-0.5870141,-0.4731113,-0.050997347,-0.15450948,-0.025087029,0.15653287
24.57246390714934,35.13405809180027,82.83649,9504000.051498413,72.061295,-1.726183e-05,-7.811727e-06,0.24798954,-0.9791771,-0.25103456,0.1690889,-0.08688677,-0.32229066,0.4011723,-0.043047458,-0.07145514,0.08342015
24.171296292717127,35.10648163098043,78.049835,14687999.680709839,73.119064,-0.010663482,-0.009146042,0.30413797,-0.5095143,0.5495211,-0.17733586,-0.32836238,0.04886914,0.08450529,-0.13431582,0.12536755,0.18373285
24.365941903817713,35.11594190204278,77.940506,7603200.0411987305,72.81798,-0.008373209,-0.00862282,-0.33302513,-0.56624645,0.2119633,0.1312859,-0.17031851,-0.23688221,-0.49397197,-0.11906642,0.0549286,0.13112575
24.528985389862203,35.079710263267266,73.800804,2246400.0495672226,72.74699,0.12698905,0.04811448,0.41185933,-0.34253192,-0.07352182,0.41910842,0.6582285,-0.28239542,0.17200631,-0.19117032,0.028765112,0.19332233
24.32608705359737,35.05434782738719,80.59564,1814400.0347614288,72.41294,-0.00032322743,-0.0004185634,0.009655293,-0.5538684,0.17029066,-0.13598263,-0.22162253,-0.09769129,0.23816246,-0.18922193,0.06263948,0.19932045
24.373188532413735,34.85507217391305,83.68782,7689599.742507935,71.83103,-1.7351085e-05,1.692732e-05,-0.030007318,-1.3421648,-0.5465303,0.5020521,-0.23069799,-0.027674112,-0.5699363,-0.10506346,-0.034318384,0.11052638
24.242753659958876,34.931159481553294,83.59315,3456000.11844635,72.585106,-3.2789892e-05,-6.2823847e-06,0.21793792,-0.52950776,-0.49875826,-0.11492128,0.092105135,-0.16512915,-0.42665082,-0.12002336,-0.14385399,0.18734881
24.423912946628306,35.16304383214723,83.815254,3369599.8686790466,72.391235,-6.0895686e-06,-5.117101e-06,0.020075623,-0.30193305,0.5892562,-0.0432548,-0.047577046,-0.021371773,0.56102157,-0.18320996,0.23379618,0.29702953
24.409420264318722,35.097825908808005,75.01247,5702400.030899048,72.77025,0.12556346,0.125868,0.2400952,-0.46224737,0.3987399,0.18987103,-0.16016692,-0.012822764,0.01600274,-0.124454625,0.07344516,0.14451002
24.177536001617764,35.01449252133363,77.3516,17193599.794006348,72.34825,0.009201422,0.00995794,-0.018960826,-0.059644826,0.33070722,0.19418137,-0.48768577,-0.19289532,-0.24823084,-0.0047507063,0.14775223,0.14782858
24.579710091518006,35.06884069756067,84.24473,9244799.850654602,72.05771,9.647686e-06,7.334583e-06,0.26965237,0.09257558,0.48140097,-0.2696309,-0.14570123,0.1375212,0.23812807,0.06680348,0.1667974,0.17967771
24.271739312019278,35.0833337340226,74.97577,12614400.267791748,72.93207,-0.15174983,-0.098969474,-0.03651727,0.2944,0.7084966,-0.32287005,-0.048967592,-0.17050178,-0.096972205,0.084036335,0.117113605,0.14414473
24.43478251062254,35.050724689208764,81.254395,9763200.252342224,72.04106,0.00013378351,-0.00018238099,0.16577289,-0.5318073,0.41649735,0.44687855,0.1771918,-0.18488774,0.0552255,-0.15093347,0.068739876,0.16584958
24.152173912100075,34.942029039701325,85.189964,12614400.267791748,72.66535,2.248103e-06,6.6133066e-06,-0.111161985,-0.6022468,-0.3025799,0.1615243,0.20679608,-0.16451387,0.49216554,-0.1688258,-0.057577193,0.178374
24.514492864338745,35.152173737341,77.98083,9244799.850654602,72.377075,0.0051477565,0.005591061,-0.047383673,-1.211556,-0.79113364,0.11196635,0.10778068,-0.15632704,-0.18709755,-0.18306404,-0.103880465,0.21048419
24.340579735906957,35.22101461745307,78.71513,3542400.093984604,72.515175,-0.0006142026,0.0032301666,-0.14113897,-1.2621108,-0.13528593,-0.29867524,-0.3030492,-0.0044693016,-0.73339427,-0.25670135,-0.0566912,0.2628868
24.336956356281394,35.12681217825459,78.56935,1209599.9317646027,72.83687,0.003871357,0.004315518,0.18467855,-1.1438377,0.49474844,-0.027561411,-0.19932133,-0.02736526,0.18791509,-0.26007688,0.12666641,0.2892825
24.293478074173446,35.130434424522214,78.52256,2937599.9909877777,72.76736,0.0047729,-0.0039767353,0.095748484,-0.7575557,0.6189612,-0.39169648,-0.3714211,0.14997673,-0.0024605282,-0.16881937,0.14211534,0.2206734
24.423912946628306,35.16304383214723,83.815254,9071999.899578094,72.2986,-6.2418194e-06,1.1306817e-05,0.24929851,-0.55057657,0.22128987,0.38116154,-0.047111124,-0.24731171,0.20763853,-0.16249286,0.0297506,0.1651939
24.286231733018653,35.16304365074164,82.86601,17452799.99485016,72.869026,3.1229692e-06,9.451982e-06,-0.42322287,0.08132221,-0.03895163,0.11569482,-0.0059500076,0.5081717,0.18777296,0.113299884,-0.041041166,0.12050411
24.528985389862203,35.079710263267266,73.800804,2159999.936914444,72.75246,-0.0342945,0.0041450434,0.42609772,-0.32980543,-0.06122799,0.4060443,0.6674647,-0.2784349,0.16657096,-0.18709606,0.03763412,0.19084355
24.659420157792983,35.13768139626715,82.9603,17884799.598312378,71.401825,-7.1608597e-06,8.419854e-06,0.18297374,-1.4180646,0.8560308,0.3575049,-0.39498153,-0.16587004,-0.22832683,-0.075596586,0.08889119,0.11668971
24.003623304347823,35.192029209683014,80.788605,16934399.593162537,73.1098,0.0004457168,0.0007219123,0.031913284,-0.16830766,0.39916715,-0.1772503,-0.54602116,-0.011018744,-0.08294394,-0.058804415,0.115504436,0.12961186
24.282608510179216,35.10869565592019,73.044136,2592000.0888347626,73.13513,-0.91086036,0.7936451,0.09616911,0.003251925,0.75680405,0.0015835911,0.18524241,0.012770373,-0.05405131,-0.023181945,0.16766702,0.16926202
24.60144921950647,34.9456523441682,85.40489,10108800.15449524,71.56943,1.5620562e-06,-1.2264917e-06,0.011256233,0.33683434,0.36063913,-0.5023495,-0.27224338,0.46820882,-0.15743452,0.06423114,0.14876089,0.1620353
24.507246418659868,35.018115659512056,74.98295,13564800.27294159,73.55051,-0.23262379,-0.2121684,0.47329155,0.50244296,-0.21649359,-0.03012357,0.4444105,-0.3856658,-0.14501846,0.13880242,-0.06458558,0.15309282
24.264492787947336,35.06521739309379,75.914215,18057600.097846985,72.73347,0.04261369,0.043170594,0.2758762,0.5489764,-0.24984686,-0.12106503,-0.08027718,0.32997912,0.13147217,0.18678571,-0.06376322,0.19736932
24.340579657513896,35.072464168316,77.031204,7603200.0411987305,72.93442,0.02299466,-0.018922754,-0.0045240037,0.4556407,0.8311525,0.12518811,0.094441645,-0.09126936,-0.47475794,0.0839797,0.13723044,0.1608875
24.17028990870767,35.119565206509655,75.23819,7430400.090122223,72.44921,0.019255629,0.044963446,-0.26082283,2.0015814,1.2562771,-0.027106382,-0.25764054,0.25052133,0.5093056,0.24507964,0.123676404,0.27451754
24.365941903817713,35.11594190204278,77.940506,4406400.123596191,72.50698,-0.0008063353,0.006485881,-0.043219857,-0.8757502,0.35657507,-0.023054332,-0.41072798,-0.07847228,0.11216021,-0.18080446,0.053952947,0.18868273
24.340579657513896,35.072464168316,77.031204,1987199.9858379364,72.55486,-0.014589088,0.016059324,0.21551108,-0.1619956,0.26023328,-0.01309365,-0.1221927,-0.032985266,0.22505274,-0.04846321,0.1326688,0.14124338
24.728260869121893,35.15579704180788,79.23173,13219200.370788574,71.55725,-4.5586276e-05,-0.00059149176,0.09938979,-1.0025433,-0.4410563,0.012804523,-0.05816152,-0.07256794,-0.3071119,-0.09393226,-0.058720082,0.110775985
24.409420264318722,35.097825908808005,75.01247,13219200.370788574,73.10031,-0.16051781,-0.09144295,0.11752489,0.34114185,0.19525267,-0.07977132,-0.08179598,-0.46208236,-0.2054545,0.13896261,0.03217356,0.1426385
24.068840433535758,35.17753635462667,82.62194,13478399.474716187,72.351074,7.0201706e-05,5.1260226e-06,-0.26908115,0.6792891,0.19695677,0.03153765,-0.028995201,0.05786714,0.016588228,0.09582607,0.060758054,0.11346442
24.49275373635028,34.95652190987481,78.13308,17452799.99485016,72.03615,0.0019667137,-0.0025976475,0.01802593,-0.4227185,0.18633981,0.042604946,0.11618777,-0.39451295,0.3057816,-0.17384797,0.07747175,0.19032864
24.471014503837736,35.137681214861566,84.09494,5097599.927902222,71.88151,1.8716078e-06,-1.2822257e-05,0.23118475,-0.62562454,0.40709648,-0.02113399,-0.118827336,-0.21719475,0.5522534,-0.09176646,0.0967394,0.13334015
24.141304256647267,35.05072417522627,80.839714,12700799.969100952,72.868065,-0.000618449,-0.0005449639,-0.0045948736,-0.7879243,-0.113211095,0.075077236,-0.24988976,-0.18951796,0.014672011,-0.11292294,-0.046745524,0.122215934
24.43478251062254,35.050724689208764,81.254395,3887999.996137619,71.81282,-0.00015677983,-9.677444e-05,0.20614046,-0.8215767,0.39308456,-0.2242817,-0.78193194,-0.30934364,0.05374622,-0.15880638,0.0688892,0.17310457
24.423912946628306,35.13405791039468,84.735344,3283199.893140793,71.98089,-2.0981522e-06,2.1672627e-06,0.16568902,-0.59197927,0.3812126,-0.12850967,-0.16351685,-0.12268805,0.6195496,-0.15544172,0.14770217,0.21442495
24.409420342711783,35.02898555779556,73.23672,10368000.35533905,73.14196,0.5190808,-0.60098946,-0.11883912,0.92936945,0.23386589,-0.01858069,0.113134146,-0.14045995,-0.23835862,0.14498723,0.023078218,0.14681247
24.40579722439643,35.07608730649443,81.130585,345600.00498890877,72.25856,-0.0002521032,-0.00024866426,-0.23882625,-0.67943573,0.18563935,0.20633468,-0.09751872,-0.13623683,0.21408156,-0.17344785,0.1230697,0.21267419
24.3913043591697,35.05434799367564,86.750465,14601599.979400635,72.047615,-3.1948397e-07,5.6383936e-07,0.12188724,0.82521856,0.043336287,0.11237244,0.6489107,0.44561872,0.5578911,0.17253208,0.028990172,0.1749507
24.24275355543479,35.275361916886446,83.709785,6825599.987125397,72.848335,4.252605e-05,3.8295693e-05,0.324485,1.7978494,1.5007617,0.0146526545,0.014824875,0.40310723,0.22576892,0.15480018,0.19969454,0.25266775
24.518115930392057,35.170290078269815,76.7112,2678400.0643730164,71.997696,0.007611825,-0.01120818,0.1860728,-0.8967731,-0.17825934,0.078037165,-0.010511838,-0.39391398,0.20365286,-0.16178377,-0.04187733,0.16711582
24.278985574781007,35.18478260074926,85.36457,13478399.474716187,72.092964,-4.6687983e-06,-3.9864517e-06,-0.09776408,0.7210357,-0.012067858,0.004076697,0.2834455,0.3531889,0.37339905,0.21324979,-0.007975414,0.21339887
24.503623143558386,34.916666955294566,80.479385,7689599.742507935,71.56442,-0.00019313161,0.00024782834,0.5066096,-0.6152657,0.019547313,0.36867675,0.009469293,-0.17164591,-0.62470436,-0.16157699,0.05047842,0.16927846
24.85869584610084,35.31159408476158,76.05999,12960000.169944763,73.105316,-0.024465287,-0.008674401,-0.13200611,-0.373848,-0.23851858,0.060955565,0.43491715,0.13487864,0.059117537,-0.14872141,-0.11146811,0.18585801
24.134057993885538,35.130434787333385,80.741425,10281599.557113647,73.010506,-0.00059016974,7.088983e-05,-0.09223016,0.48186055,0.38734806,-0.111086376,-0.49348566,0.019685324,0.09233366,0.17639592,0.12340751,0.21527874
24.2137679164399,35.101449394680465,78.1842,4147199.9227523804,72.55125,0.0052623358,0.0045007225,0.26671508,0.42129943,0.89905167,-0.42830724,-0.070457004,0.25207543,-0.02293164,0.045087125,0.2221539,0.22668305
24.586956589458925,35.03623181903528,81.050644,16761600.190544128,71.56011,-0.00014422115,0.00014319952,-0.045475088,-1.8618077,0.28110173,0.31332123,-0.014897831,-0.18730202,-0.11640478,-0.16067803,0.016977906,0.16157252
24.880434869565217,35.11594208344836,73.60822,10713600.257492065,73.34779,0.7541722,-0.2917468,-0.20455402,-0.3643519,0.22150917,-0.093491204,0.1650787,0.15027444,0.2166301,-0.16184963,0.08578029,0.18317632
24.003623304347823,35.192029209683014,80.788605,17798399.897003174,72.936005,-0.00015630179,0.0004829988,0.17016536,-0.12116478,0.44713175,-0.09699047,-0.4574276,-0.057289593,0.00052734837,-0.017373003,0.12501238,0.12621377
24.641304357168043,34.938405387540406,81.3883,3110399.9420642853,72.12897,0.00011349136,-0.0001711381,0.07034802,0.5065969,-0.17096844,0.0108728185,0.19603059,-0.059026778,-0.24338621,0.20634651,-0.048353784,0.21193625
24.282608510179216,35.10869565592019,73.044136,11750399.96395111,72.69089,-0.017140832,-0.6785213,-0.1784074,1.3600274,1.0644425,0.12402022,0.086575724,-0.36143544,0.2990462,0.124077186,0.07294634,0.14393164
24.528985389862203,35.079710263267266,73.800804,14947199.88155365,73.600174,-0.7441943,-0.28898984,0.33198145,0.028394848,-0.70187956,-0.31045273,0.10229164,-0.6649101,-0.22447762,0.065922156,-0.33796436,0.34433362
24.409420264318722,35.137681214861566,85.684586,1814400.0347614288,71.69974,-1.3057602e-06,-2.1207588e-06,0.2269606,-0.5451598,0.42006412,-0.19210592,-0.42658123,-0.025202774,0.5893713,-0.13091464,0.10555434,0.16816767
24.242753659958876,34.931159481553294,83.59315,17712000.19569397,71.98023,-6.908625e-06,-1.3188603e-05,-0.09307627,-0.73132074,0.30587983,0.3590519,-0.115100406,-0.025486179,0.3366737,-0.12371279,0.06945906,0.14187817
24.503623143558386,34.916666955294566,80.479385,518399.99034404755,72.99836,8.5488864e-05,-0.0009617569,0.06016794,0.18980134,-0.30900386,-0.13815284,0.46024305,-0.17396164,-0.11575366,0.09637223,-0.19858277,0.22073224
24.72463775080654,35.097825908808005,83.506035,950400.0051498413,71.92208,1.7814045e-05,2.1739921e-05,-0.2319211,0.5031848,0.13967194,0.15584244,0.33994144,0.20188671,-0.3948507,0.16008902,0.036997423,0.16430856
24.358695745580064,35.14492749121842,79.46463,7343999.840354919,72.37073,-0.00086094846,0.0013410706,-0.263858,-1.3157071,-0.123113036,0.031185817,-0.51613206,-0.2650896,-0.18143857,-0.20536429,-0.018622398,0.2062069
24.442029139218562,35.043478080275,76.86345,13478399.474716187,72.98171,0.021921385,0.02293717,0.27671278,0.18452057,0.2751922,0.055982098,0.32928297,-0.22213021,0.14704022,0.037195325,0.050279953,0.06254251
24.242753659958876,34.931159481553294,83.59315,10713600.257492065,72.673355,-1.0232773e-05,3.7249843e-05,-0.5067909,-1.1707548,-0.6255413,0.34321037,0.050482932,-0.25338578,0.046089973,-0.1517068,-0.090544894,0.17667295
24.481884276880134,35.21376834109622,79.042,13651199.974250793,71.96009,-0.00029250514,0.0014727444,0.3337224,-1.2148381,-0.29566208,0.42753285,0.051632654,-0.3676383,0.15113056,-0.1933454,-0.07509611,0.20741713
24.525362323808892,35.01449270273921,80.76379,12873600.46863556,71.92768,0.00010559135,-0.00015217019,0.058879953,-0.95954645,0.45853838,0.36479008,0.3254463,-0.046364613,-0.14010572,-0.1278068,0.08605398,0.15407747
24.659420157792983,35.13768139626715,82.9603,1036799.9806880951,71.91333,-3.8118564e-05,-1.9323963e-05,-0.37816042,0.14258355,0.36639193,-0.044046752,0.1155237,0.008686017,0.0036789663,0.13126868,0.21545045,0.25229025
24.507246418659868,35.018115659512056,74.98295,345600.00498890877,72.7881,-0.13216674,-0.08619856,0.17989078,0.16037932,-0.6696186,-0.1552937,0.3691271,-0.27066386,-0.09903052,-0.02595152,-0.19629836,0.19800638
24.55072462237475,35.07608730649443,88.70044,4838399.727058411,71.920525,-8.371249e-08,-1.6944546e-07,-0.06310987,-0.4468349,0.3337899,0.3852296,0.07629666,-0.13751805,0.28327695,-0.049410746,0.07108064,0.0865672
24.177536001617764,35.01449252133363,77.3516,10886399.660110474,72.725586,-0.006888981,-0.0070996895,-0.180202,0.95649314,0.54383534,0.033867575,0.12491686,-0.16620237,0.08272323,0.11684756,0.084015064,0.14391623
24.409420185925658,35.126811301460926,78.58091,4924799.976825714,72.20061,0.0014333496,0.0012597871,-0.103222765,-1.4636941,0.03330163,0.11871345,-0.5437375,-0.268187,0.0972291,-0.15505862,-0.028870113,0.15772337
24.202898613755877,35.17753635462667,82.22561,4319999.873828888,72.712715,-5.3756106e-05,9.302279e-05,0.27099594,0.67194617,0.7093752,-0.14364037,-0.037845343,-0.036360215,0.046181258,0.09687684,0.107527465,0.14473175
24.782608845879178,35.07246365433351,80.82854,6480000.084972382,72.55697,0.0004440688,-0.0003507249,0.23777565,1.3316592,-0.072560474,-0.1533756,0.039746433,0.18569705,0.44087452,0.2575757,-0.07269561,0.2676376
24.514492864338745,35.152173737341,77.98083,4579200.074672699,71.888695,0.0023054976,-0.0024874075,0.035242666,-1.2063857,-0.29602066,0.18344739,-0.40390128,-0.3321785,0.054390363,-0.16608498,-0.017345319,0.16698827
24.518115930392057,35.170290078269815,76.7112,14256000.07724762,72.537926,-0.020966625,-0.01699436,0.2764981,-0.7587632,-0.13726334,0.26770326,0.027383162,-0.6020051,-0.34437826,-0.18797462,-0.079295054,0.2040151
24.202898613755877,35.17753635462667,82.22561,11145599.860954285,72.73909,0.00014421061,9.7203134e-05,-0.16326535,0.96296287,0.549537,-0.017542236,-0.22766644,0.13036866,0.07109678,0.14325236,0.067616925,0.15840861
24.373188349496587,35.09782609021359,73.044136,5011200.226593018,73.05149,0.97534156,0.9342553,0.22845417,0.5429491,0.60126674,0.050334092,0.18038437,0.102641046,0.29496583,0.085444316,0.063874744,0.10668043
24.3913043591697,35.05434799367564,86.750465,2851200.015449524,71.77897,-1.0196504e-06,-1.0283813e-06,-0.05820503,-1.9484456,-0.47374326,0.11861558,-0.5902679,-0.418649,0.061516877,-0.08768332,-0.03160526,0.09320545
24.525362323808892,35.01449270273921,80.76379,13132799.572563171,71.910126,0.00018204363,-1.888064e-05,0.03709117,-1.0377159,0.45253545,0.34554192,0.3000446,-0.07031729,-0.15101165,-0.13408671,0.079435,0.15584981
24.33695651306752,35.26449269887389,75.24537,3456000.11844635,73.02036,0.1208501,-0.050793227,-0.33807585,-1.1387887,-0.76959926,-0.05813753,0.2087819,-0.11638297,-0.21490073,-0.2176739,-0.106817186,0.24247028
24.278985653174068,35.159420527680346,80.15937,2246400.0495672226,72.77336,-0.0010627485,-0.0008026227,-0.03370758,-0.85580444,0.4898571,-0.28543818,-0.24040312,0.12592582,-0.14662752,-0.18247834,0.072219096,0.1962497
24.15217408195171,35.09782609021359,90.079155,12182399.56741333,71.52173,7.695338e-09,-3.2229487e-08,0.33422047,0.03517878,-0.5088653,-0.26891562,0.25733045,0.14237206,0.50527686,0.011341333,-0.090576485,0.09128376
24.528985389862203,35.079710263267266,73.800804,10454400.056648254,73.17731,-0.5581988,0.40323842,0.061535172,-1.004552,-0.7901835,-0.14525265,0.02154596,-0.24415593,-0.3261042,-0.11505294,-0.114926964,0.16262037
24.235507135886934,35.09782643790763,86.62735,11059200.15964508,72.30539,1.0196466e-06,-1.3875311e-06,0.086500496,-0.011133589,-0.2077467,-0.09953319,0.43208933,0.0390355,0.062164642,0.003642112,-0.08981936,0.08989317
24.242753659958876,34.931159481553294,83.59315,4406400.123596191,72.66158,-2.1135182e-05,-3.838464e-05,0.16953442,-0.96658933,-0.55317855,-0.0335866,0.031550273,-0.22447485,-0.49258474,-0.17340071,-0.13594343,0.22033706
24.358695745580064,35.14492749121842,79.46463,2764800.03991127,72.44733,-0.0012880664,0.00087394,-0.043710165,-1.0867112,0.41351873,-0.017058067,-0.41850737,-0.06766893,0.096786484,-0.14673032,0.052088764,0.15570171
24.40579722439643,35.07608730649443,81.130585,16588799.691009521,72.17481,-0.00022627822,0.00010484108,-0.12902132,-0.968719,0.41980043,0.2873396,-0.16598624,-0.022868965,-0.31293932,-0.23105237,0.10273802,0.25286418
24.62318819070881,35.09782625650204,81.14894,7343999.840354919,71.78038,0.00016272622,-0.00017907762,0.31563306,0.097806215,-0.21751015,0.06397361,-0.16450441,-0.13083956,0.6354747,0.0828116,-0.12812829,0.15256022
24.3985509616347,35.079710263267266,82.39983,9071999.899578094,72.214386,6.0711413e-05,-3.0399997e-05,-0.008277658,-1.0980684,0.17459287,0.120169945,-0.35515523,-0.32757652,0.0026447885,-0.16259028,0.0048229992,0.16266179
24.822463669968496,35.11956556932083,79.471794,8380800.095272064,72.30686,-0.0006903469,-0.0013637411,0.24019188,0.5071564,-0.31875497,-0.20399722,-0.038141422,0.29518896,0.17942077,0.15047275,-0.13690948,0.20343612
24.40217392316393,35.07246365433351,77.73675,259199.99517202377,72.501114,-0.004921377,-0.008038197,0.11096128,-0.4687063,-0.2990468,-0.08061295,0.07142567,-0.0072486475,0.16754478,-0.12290948,-0.04240469,0.13001883
24.235507135886934,35.09782643790763,86.62735,3196799.917602539,71.8806,4.3454105e-07,1.1835889e-06,-0.11391208,-0.63537145,-0.26400617,0.02108873,-0.5159562,-0.32880598,-0.011872038,-0.16884081,-0.052457947,0.1768023
24.731884091961334,34.88405773852335,82.62194,15724800.484085083,71.5325,-3.21275e-05,2.319759e-05,0.08939091,0.36487857,-0.15935275,0.11250171,-0.025908016,0.059109613,0.1149501,0.1511173,-0.073517814,0.1680515
24.282608510179216,35.10869565592019,73.044136,3887999.996137619,73.00483,-0.9642796,0.95422655,0.106691934,0.53812444,0.7434003,-0.02047059,0.1919739,0.20879456,0.15504804,0.08092414,0.17033038,0.18857665
24.336956356281394,35.12681217825459,78.56935,16329599.49016571,72.59538,0.0040820474,0.004059728,0.18765059,-0.6995481,0.3170199,0.20648718,-0.13004011,-0.0674102,-0.17922994,-0.1599545,0.071599424,0.17524818
24.659420157792983,35.13768139626715,82.9603,1209599.9317646027,71.92931,-2.6003589e-05,-2.013623e-05,-0.36231905,0.13005832,0.3551877,-0.040030964,0.08433099,0.029933706,0.009020247,0.11869684,0.22067334,0.25057068
24.521739153231497,35.18115965909355,80.50853,17107200.092697144,71.87689,0.00015585012,0.00013635535,0.017090896,-1.6750343,0.46552753,0.5344724,-0.25184777,-0.283717,-0.2629253,-0.23609604,0.04468752,0.24028799
24.677536062942007,35.07971042955572,84.775665,16243199.788856506,71.93293,-3.8455014e-06,1.2256758e-06,-0.19921377,-1.2371422,0.5316485,0.064665824,0.09918776,-0.10553068,0.056715302,-0.20760563,0.08599472,0.22471134
24.282608510179216,35.10869565592019,73.044136,13305600.072097778,72.566444,-0.63980263,-0.6276516,-0.02300825,1.1669357,0.7869699,0.079668336,0.034750428,-0.34294924,0.33875322,0.15611823,0.07491486,0.17316218
24.271739312019278,35.0833337340226,74.97577,17193599.794006348,72.592995,0.108413234,0.06862927,0.3629156,0.58516145,-0.33989727,-0.13934788,-0.014648333,0.2830585,0.15756929,0.18607846,-0.059468403,0.19535016
24.003623304347823,35.192029209683014,80.788605,2937599.9909877777,72.74768,-0.00032545972,0.00055532804,0.31856894,0.83055615,1.4340832,0.043371793,0.030242924,-0.26335487,0.18023622,0.105060555,0.14835419,0.18178748
24.525362323808892,35.01449270273921,80.76379,16761600.190544128,71.70313,-0.00023090777,0.00015831902,-0.055433333,-1.7719883,0.36041138,0.23681459,-0.066535175,-0.213177,-0.045098245,-0.09601359,0.02559252,0.09936592
24.782608584568965,35.06521774078783,85.492004,11750399.96395111,72.00215,3.593855e-06,-4.0171644e-06,-0.009050932,-0.4043349,0.32716572,-0.06377124,-0.03511987,-0.0947604,-0.01503453,-0.2611149,0.1455636,0.29894772
24.55434784521419,35.039855304907746,78.730316,15033599.582862854,71.83953,-0.0006123224,-0.0017400974,0.14423041,-1.4537816,0.06205675,0.16116884,0.0697347,-0.45401365,-0.18423736,-0.17666811,0.016946033,0.17747898
24.365941903817713,35.11594190204278,77.940506,16243199.788856506,72.56123,0.0067870547,-0.0051458436,0.23011595,-0.5587493,0.18600199,0.043728996,-0.15049845,-0.107561804,-0.27323493,-0.1253334,0.082313865,0.14994676
24.351449221508126,35.36231895652174,77.53338,8899199.948501587,72.58898,-0.010283825,-0.0019740248,0.16571966,-1.0102881,-1.0363982,0.12809968,0.24836284,-0.15712902,-0.11791249,-0.0761531,-0.051859155,0.09213396
24.677536062942007,35.07971042955572,84.775665,11577599.464416504,72.43101,4.287996e-06,7.1583904e-06,0.029594153,-0.40256962,0.32560262,-0.102099456,-0.05337292,-0.14328614,-0.29287583,-0.12453359,0.1073733,0.16443126
24.293478074173446,35.130434424522214,78.52256,6912000.2368927,72.7963,0.0025464925,0.00033959007,-0.150215,-0.32232404,0.49351886,-0.15622917,-0.40335077,0.030029342,-0.32067335,-0.08028566,0.076936156,0.11119784
24.52536253285706,35.05797113185407,79.99595,172800.00249445438,72.20238,0.0006918534,-0.0007543748,-0.34948966,-0.004209563,-0.36010993,-0.03663615,0.51997155,-0.1646748,0.09435849,0.05572951,-0.26054123,0.26643482
24.626811465810288,35.05797113185407,83.9315,14428799.479866028,72.06757,1.5596177e-05,-1.789499e-05,-0.28030962,-0.8399457,0.22780386,0.12879607,0.2815534,0.0023766905,-0.028182551,-0.18438603,0.08788204,0.20425832
24.278985574781007,35.18478260074926,85.36457,4752000.025749207,72.36897,2.6481105e-06,-6.2178246e-06,0.21106747,0.5269785,0.36722255,-0.108861394,-0.04843864,-0.030012503,0.49845904,0.20361435,0.21215947,0.29405856
24.242753659958876,34.931159481553294,83.59315,3887999.996137619,72.61449,-2.8381424e-05,-2.7138809e-05,0.20100173,-0.715829,-0.52817494,-0.088169046,0.06985288,-0.1877504,-0.46339086,-0.14378174,-0.14387986,0.20340748
24.409420264318722,35.097825908808005,75.01247,3023999.9665260315,72.55528,0.10259144,0.07483686,0.22294584,-0.119806476,0.4320495,0.25774944,0.1550958,-0.01854115,0.3635983,-0.033052415,0.10419915,0.10931571
24.369565205050215,35.10507235145331,81.59638,6480000.084972382,71.99816,0.00011900919,-7.155142e-05,-0.06339674,-1.4612199,0.04382145,-0.17855221,-0.6464143,-0.46238518,0.03547005,-0.1372075,-0.0050151423,0.13729912
24.268116089179838,35.07971042955572,81.07262,18143999.79915619,72.38203,-0.00023144204,0.0001123576,-0.13518506,-0.3955246,0.6299263,0.5656996,-0.2565845,0.16829346,-0.048469655,-0.030556247,0.13099363,0.13451028
24.340579735906957,35.22101461745307,78.71513,172800.00249445438,72.85766,-0.0018527388,0.0018317578,-0.1906372,-0.97074246,0.213812,-0.103476174,0.065650694,-0.10909016,-0.76127243,-0.2288837,0.044019103,0.23307815
24.481884276880134,35.21376834109622,79.042,18403200.0,72.27977,0.0019311875,0.0019697773,-0.080261655,-1.2614558,0.9326657,0.74611855,-0.23675552,-0.12522823,0.10460394,-0.21744427,0.09835701,0.23865479
24.53985505838052,35.14492730981283,78.72631,13824000.4737854,72.01133,0.002057046,0.0018530329,0.13434276,-0.98062396,-0.3071965,0.115970686,0.1343661,-0.42890725,-0.009863526,-0.16611028,-0.07437633,0.18200126
24.15217408195171,35.09782609021359,90.079155,5356800.128746033,71.944984,-4.163748e-08,-1.7756276e-08,0.36511183,-0.14729492,-0.067731515,0.43087596,0.26053515,-0.08245276,0.10822794,-0.19039309,-0.024754882,0.19199565
24.623188347494935,34.98550731008629,86.27349,5356800.128746033,71.349205,-1.0118897e-06,-1.2452055e-07,0.0053514726,0.77418566,0.767182,0.34333926,0.30995062,0.11526044,0.31424227,0.17580679,0.13393188,0.2210108
24.608695560661264,35.210145036629335,80.071884,7948799.943351746,71.402626,-0.00027097831,0.00022022553,0.30660933,-0.41062748,-0.6606208,0.27865928,0.31252813,0.013989903,-0.01722601,-0.10964614,-0.1404283,0.17816393
24.340579657513896,35.072464168316,77.031204,14342399.778556824,72.71678,0.0069564455,-0.015804049,0.21963218,0.059933916,0.3400776,-0.25110546,-0.06762597,-0.013298925,-0.060096025,0.06753672,0.12425618,0.14142421
24.442029139218562,35.043478080275,76.86345,17107200.092697144,72.842606,0.019038947,0.020575538,0.16855222,0.055592,-0.16873187,-0.068923704,-0.07891529,-0.26116022,0.15686269,0.04977056,-0.077919714,0.09245859
24.202898613755877,35.17753635462667,82.22561,18316800.298690796,72.79097,-0.00010448183,-8.706203e-05,-0.40512243,0.30512276,0.2314019,0.13019454,-0.16089404,0.28148142,0.2926989,0.15215808,0.09186922,0.17774148
24.60144921950647,34.9456523441682,85.40489,8985600.19826889,71.51731,-2.7660371e-06,1.9704066e-06,0.15205178,0.5071006,0.3337656,-0.22684953,-0.14856407,0.2971499,-0.21856236,0.072671875,0.053700134,0.09035987
24.15942034471344,35.02536261613985,84.04098,777599.9855160713,72.38415,1.6259868e-05,2.1549857e-05,0.15281615,-0.03173866,0.4100842,0.047035456,-0.44632488,-0.30435845,0.114658594,-0.024543665,0.20121671,0.20270805
24.003623304347823,35.192029209683014,80.788605,4665599.775981903,72.50862,0.00025981278,1.686185e-05,0.34788355,1.2089667,1.6813718,-0.10679891,-0.010644183,-0.08780138,0.19857499,0.15501718,0.18436259,0.24087319
24.409420264318722,35.137681214861566,85.684586,11231999.562263489,72.819046,5.072445e-06,-7.166461e-06,0.063238494,0.3166348,0.42787015,-0.0038082525,0.15407863,0.09394364,0.13287908,0.11634493,0.22817965,0.25612906
24.16304339770124,35.14130418675153,77.183464,3801600.0205993652,72.46077,0.011568145,0.012904114,0.29856703,1.0179087,1.0766202,-0.36773464,0.18959162,0.32056546,-0.12077194,0.1323355,0.1576099,0.20579982
24.278985574781007,35.18478260074926,85.36457,6825599.987125397,72.57599,1.8582977e-06,7.3685765e-06,0.22623226,0.95167553,0.6542516,0.08910207,0.06778376,0.035698995,0.32778028,0.084620684,0.12566039,0.15149651
24.880434869565217,35.11594208344836,73.60822,6825599.987125397,72.33477,-0.29344317,-0.28237113,0.07120096,-0.60165536,-0.5277364,-0.049079873,0.27884653,0.51351666,-0.1028504,-0.13123554,-0.14359808,0.19453323
24.278985653174068,35.159420527680346,80.15937,1641599.9465703964,72.82395,-0.0010501781,0.00061707717,-0.07889586,-0.97458243,0.4938035,-0.2561612,-0.26422706,0.09725535,-0.16706151,-0.2127997,0.076307826,0.22606769
24.171296292717127,35.10648163098043,78.049835,5615999.781131744,72.49003,0.005972209,0.0052049505,0.26817667,1.1491834,1.0250472,-0.2650088,-0.05913382,0.29893228,0.18000576,0.09756715,0.16413069,0.19094038
24.619565229179578,35.18478278215484,82.255135,1468799.9954938889,72.165276,-9.227524e-05,-8.805321e-05,-0.39342168,-0.20204651,0.5163273,-0.07249924,-0.124208845,-0.053462785,0.29173568,-0.009072281,0.11612851,0.11648235
24.72463775080654,35.097825908808005,83.506035,8639999.747657776,72.20083,-2.7602268e-06,-2.8448452e-05,0.077845626,0.34372735,-0.14752528,-0.25342247,-0.3353968,-0.026408587,0.054157637,0.107159264,-0.077669635,0.13234682
24.35507260113369,35.04710138474188,76.478294,3023999.9665260315,72.42476,-0.0016766272,0.023814177,0.13456255,0.42275634,0.12582217,-0.10977209,-0.08255946,0.05807031,0.124179885,0.13630638,0.025236987,0.13862298
24.068840433535758,35.050724689208764,75.1399,12009600.164794922,72.23,-0.06847077,-0.068597555,-0.44467664,1.2406517,0.7977663,-0.11435134,-0.1261583,-0.09428242,0.37867975,0.17257908,0.08425945,0.19204998
24.47463793572534,35.15579704180788,74.131996,777599.9855160713,73.02025,-0.35375875,-0.3024736,0.5299335,-1.0410104,0.49583462,0.17471975,0.37751585,0.07212821,0.2832387,-0.22705305,0.06790775,0.2369906
24.731883987437246,34.999999998854186,80.17734,1555199.9710321426,72.29582,0.0003579947,0.0006943115,0.18046185,0.06893875,-0.31915972,0.41178,0.38381726,-0.17809588,0.22022799,0.0106398165,-0.09990865,0.1004736
24.49275373635028,35.04710138474188,79.64641,8380800.095272064,71.97282,0.0007247796,-0.00061760657,0.40794057,-0.32015216,0.38366368,0.45401117,0.14796728,-0.21677986,0.1017588,-0.073784426,0.036928736,0.08250984
24.278985574781007,35.18478260074926,85.36457,10022400.453186035,72.705666,3.5161734e-06,-8.002016e-06,0.19138291,0.8729775,0.597825,0.03817049,0.10578054,0.24633494,0.15182385,0.25607985,0.17964111,0.31280637
24.235507135886934,35.09782643790763,86.62735,518399.99034404755,71.95472,2.70631e-07,-9.154105e-07,-0.2905199,-0.47580335,0.048472926,0.1600093,-0.7080597,-0.3298698,0.006252544,-0.17460671,0.029234223,0.17703713
24.623188347494935,34.98550731008629,86.27349,4319999.873828888,71.260704,-1.8078772e-08,7.658091e-07,-0.0045969225,0.6094948,0.72540706,0.39619085,0.24492434,0.06707703,0.24055791,0.1686872,0.11026561,0.20152885
24.423912946628306,35.16304383214723,83.815254,14083199.577713013,72.74997,-3.722929e-05,1.1009042e-05,0.007527441,-0.17631716,-0.28775963,-0.07158222,0.16380161,0.23656508,0.21496454,-0.09026031,-0.15805918,0.18201546
24.423912946628306,35.13405791039468,84.735344,11491199.7631073,72.770935,-1.5723788e-05,1.6191196e-05,0.05498196,0.07221392,0.23493776,-0.07216359,0.10371907,0.10858734,0.22948045,0.060268447,0.15034273,0.16197291
24.782608845879178,35.07246365433351,80.82854,12182399.56741333,71.57592,-5.5681085e-06,0.00019797178,-0.3222503,-0.87890625,-0.14447476,-0.13191414,-0.23429921,0.07391675,0.16775024,-0.12371805,-0.03457144,0.12845755
24.525362323808892,35.01449270273921,80.76379,4752000.025749207,71.64366,-0.00022404711,-0.00014532251,0.4247541,-0.17675376,0.08010462,-0.08028967,-0.60987025,-0.29741192,-0.14758822,-0.05963981,-0.018267706,0.062374804
24.340579657513896,35.072464168316,77.031204,8035200.193119049,72.97094,0.023352206,-0.014003027,-0.059116468,0.46959355,0.8104872,0.10451372,0.09515128,-0.11298533,-0.5182036,0.06836094,0.1299379,0.14682329
24.351449221508126,35.36231895652174,77.53338,950400.0051498413,72.396225,-0.008614858,0.0077844686,-0.42989826,-0.19196619,-0.61138785,0.020854242,0.36025193,0.14536875,-0.9495046,-0.081368685,-0.17268494,0.19089513
24.409420342711783,35.02898555779556,73.23672,4924799.976825714,73.17802,-0.2644126,-0.44061565,-0.01378566,0.54645324,0.1212911,-0.111553885,-0.1384272,0.1658971,0.16223723,0.12009817,0.03980335,0.12652224
24.369565205050215,35.10507235145331,81.59638,10454400.056648254,72.39693,0.0001880994,0.00017564093,-0.026480645,-0.96633935,0.10736204,0.30522904,-0.04666864,-0.27554262,0.25149637,-0.14790368,0.029896766,0.15089504
24.5036234048686,34.94565269942081,84.86278,17625600.494384766,71.86305,5.7318694e-06,6.421313e-07,-0.118687324,-0.29479188,0.59082687,0.05569097,0.2077947,0.46308848,0.6713911,-0.074155495,0.12540221,0.14568718
24.518115930392057,35.170290078269815,76.7112,17712000.19569397,72.487625,-0.019826878,-0.015323314,0.2183575,-0.94276345,0.29971007,0.3122963,-0.10409277,-0.5133584,-0.19779733,-0.15521428,0.041581415,0.16068754
24.507246418659868,35.018115659512056,74.98295,11577599.464416504,73.31884,0.11644958,0.15389962,0.3589038,0.36542955,-0.09794304,0.021749128,0.63611925,-0.16106325,-0.084683314,0.105819136,-0.05994891,0.121620566
24.134057993885538,35.130434787333385,80.741425,2332799.8879909515,72.80615,-2.4661735e-05,-0.000590368,0.16537413,0.65398395,1.0218685,-0.30439702,-0.037791118,0.14705522,0.24575254,0.090308264,0.08845035,0.12640826
24.52536253285706,35.05797113185407,79.99595,432000.01480579376,72.142105,0.00038949391,-0.0007217956,-0.3375201,-0.0045499206,-0.37108064,-0.042404883,0.46677154,-0.14495794,0.10263626,0.038280636,-0.24814767,0.251083
24.471014503837736,35.137681214861566,84.09494,8639999.747657776,72.17775,-4.682798e-06,1.3766161e-05,0.26710492,-0.6257119,0.35473648,0.09067312,-0.20486468,-0.32032186,0.29401705,-0.075604215,0.031687118,0.08197604
24.46739112421217,35.10507235145331,77.031204,11836799.665260315,72.95089,-0.009572275,0.023175435,0.03723607,-0.58202976,-0.10888593,-0.011668779,0.1774652,-0.20248646,0.044010743,-0.16089077,-0.038854122,0.16551581
24.264492787947336,35.06521739309379,75.914215,9071999.899578094,72.83561,-0.05734554,-0.05743033,-0.19847083,1.4240171,1.1889883,-0.10929663,-0.024525508,-0.014445648,-0.34097776,0.20097654,0.07073909,0.2130624
24.278985653174068,35.159420527680346,80.15937,3542400.093984604,72.6588,-0.00043184985,-0.00061328575,0.099140495,-0.62145615,0.5063645,-0.30519435,-0.27426636,0.17613615,-0.09358046,-0.13180968,0.0912641,0.16032133
24.507246418659868,35.018115659512056,74.98295,14774400.478935242,73.748726,-0.3208439,-0.3110464,0.4918117,0.49755374,-0.30902448,-0.06730797,0.3302037,-0.51382995,-0.08801295,0.14359276,-0.085246295,0.16699046
24.278985574781007,35.18478260074926,85.36457,17798399.897003174,71.70762,2.0037694e-06,7.956011e-07,-0.5701444,0.45434317,-0.48491794,-0.19331965,-0.01554399,0.5170195,0.24409556,0.104937054,-0.084505074,0.13473266
24.572463802625258,35.028985391507106,77.31845,5702400.030899048,72.12033,0.002659186,0.005488719,0.22154912,-0.967654,-0.549761,0.3311051,-0.18603373,-0.4204942,0.17890635,-0.15379359,-0.11380039,0.1913191
24.677536062942007,35.07971042955572,84.775665,11231999.562263489,72.41677,3.975312e-06,-5.891072e-06,0.05925894,-0.3911255,0.31007043,-0.13754821,-0.10336185,-0.1404472,-0.31312948,-0.10302827,0.10522731,0.14726713
24.623188347494935,34.98550731008629,86.27349,16588799.691009521,72.00763,1.4941298e-07,-1.7851577e-06,-0.28826505,-0.23633099,0.22845295,-0.21655214,0.18733379,0.27519888,0.3143405,-0.23453435,0.20187327,0.30944982
24.351449221508126,35.36231895652174,77.53338,15638399.68585968,73.148964,0.016449818,0.015689822,0.32300234,0.30934033,0.26884118,0.60222167,0.23718458,-0.16983657,0.63074017,0.19507001,0.19824846,0.27812722
24.619565229179578,35.18478278215484,82.255135,10540799.757957458,71.70329,4.4536748e-05,-4.94071e-05,0.3472533,-1.3431044,-0.72727346,0.34263203,0.13111822,-0.31245574,-0.0667552,-0.16343808,-0.17888819,0.24230763
24.518115930392057,35.170290078269815,76.7112,11750399.96395111,72.63995,-0.004505892,0.02030897,0.13671711,-0.96151423,-0.50009346,0.10916639,0.14328924,-0.3661559,-0.412746,-0.1430364,-0.10778298,0.17909937
24.202898613755877,35.17753635462667,82.22561,10540799.757957458,72.82663,0.00010412464,0.00017374144,-0.14529929,0.93835056,0.6370933,-0.008949339,-0.26578146,0.08949818,0.0472281,0.14302953,0.09198266,0.17005368
24.40217392316393,35.07246365433351,77.73675,14947199.88155365,72.61617,-0.0021247605,-0.0057973335,0.19452053,-0.094838746,0.27433687,-0.023366354,-0.012087993,-0.19315635,-0.008373372,-0.010592823,0.07764523,0.07836446
24.3985509616347,35.079710263267266,82.39983,6480000.084972382,71.92109,-5.3138658e-05,-4.9322894e-05,0.07675403,-1.5979538,0.033543848,-0.32600603,-0.8264281,-0.5030244,-0.10995277,-0.16719925,-0.02072867,0.16847928
24.3913043591697,35.05434799367564,86.750465,6393599.835205078,72.01259,7.8545094e-07,7.8619513e-07,-0.054561228,-1.7376478,-0.45254976,-0.2327522,-0.39364153,-0.34748927,-0.13104776,-0.094890356,-0.06742138,0.1164037
24.152173912100075,34.942029039701325,85.189964,9590399.752807617,72.58747,7.020973e-06,1.8280084e-06,-0.37217137,-1.2319131,-0.3568057,0.3320291,-0.09177012,-0.5026002,0.26497886,-0.12455027,-0.035218716,0.12943387
24.586956589458925,35.03623181903528,81.050644,6480000.084972382,71.777275,4.40255e-05,-0.00019024097,0.49795082,0.46480772,0.06977141,-0.2302385,-0.4302135,0.027639437,0.2911356,0.16006587,-0.042773083,0.16568229
24.655797039477626,35.09782643790763,82.953125,691200.0099778175,71.69461,-2.8173117e-05,-3.145699e-05,-0.1824995,0.16550285,0.0207659,0.10492695,0.3998553,-0.026583023,-0.13235751,0.11220439,0.023973271,0.11473684
24.822463669968496,35.11956556932083,79.471794,12960000.169944763,71.3076,-0.00021268439,-1.1144339e-05,-0.18028262,-0.6292974,-0.1239184,0.017886274,-0.23005989,0.12773846,-0.05358009,-0.16052891,-0.049703494,0.16804752
24.47463793572534,35.15579704180788,74.131996,4233599.898290634,72.71562,-0.27140316,-0.23932141,0.08797935,-1.111841,-0.173422,0.31659907,0.52715605,-0.21603164,0.080382854,-0.10336982,0.05081047,0.11518256
24.365941903817713,35.11594190204278,77.940506,2505600.113296509,72.59263,0.0072694635,-0.0066901343,0.18109444,-0.85447204,0.37923157,-0.048171915,-0.3709565,-0.08175585,0.31602514,-0.26554835,0.13059711,0.29592487
24.572463802625258,35.028985391507106,77.31845,3456000.11844635,72.11215,0.0055678594,-0.0038765292,0.03944677,-0.39825782,-0.94768476,0.3041209,0.10758862,-0.3364622,0.21792495,-0.14869925,-0.20314929,0.25175604
24.242753659958876,34.931159481553294,83.59315,5097599.927902222,72.71965,1.8542369e-06,-4.2672185e-05,0.10799876,-1.3137947,-0.56466126,0.06623708,-0.037952617,-0.2864166,-0.5063481,-0.21405691,-0.10836218,0.23992233
24.358695745580064,35.14492749121842,79.46463,12268800.365638733,72.67515,-0.00038147572,-0.0014260825,-0.06249617,-0.8523413,-0.16296291,0.25307137,0.06302333,-0.21886428,0.31435624,-0.13241331,-0.035541832,0.13710035
24.579710091518006,35.06884069756067,84.24473,1123200.0247836113,71.6031,-6.2481513e-06,-8.365305e-06,0.11223888,-0.22660348,0.36312258,0.19349554,0.07446648,-0.063432,0.081888705,-0.011725828,0.14068036,0.14116819
24.373188532413735,34.85507217391305,83.68782,11318400.360488892,72.47558,7.4968566e-06,3.213486e-05,-0.36357966,-0.9520494,-0.46138597,0.41356778,0.0070776567,0.11042631,0.1448982,-0.22969186,-0.08275592,0.24414523
24.278985653174068,35.159420527680346,80.15937,13219200.370788574,72.85045,0.00054711866,-0.00060553144,0.020257346,-0.6660546,0.20013611,0.3822066,-0.18994614,-0.09511096,0.32855216,-0.22689949,0.14004976,0.26664078
24.72463775080654,35.097825908808005,83.506035,15551999.984550476,71.451965,6.8320614e-06,1.3005239e-05,-0.11538955,-1.7015448,0.36711928,0.19314113,0.04485275,-0.37166324,-0.14956984,-0.15681346,0.031763583,0.15999809
24.373188349496587,35.09782609021359,73.044136,10281599.557113647,72.97467,-0.93609416,-0.86027837,-0.19170246,1.012442,0.7031222,0.21079782,0.02801462,-0.33849978,0.026934076,0.09345572,0.05926472,0.1106629
24.782608845879178,35.07246365433351,80.82854,17712000.19569397,70.47411,-6.5260756e-05,6.888039e-05,0.23890662,-0.61748636,0.15584864,0.039641876,0.30631968,-0.22468506,-0.1915434,-0.22153734,0.051380184,0.2274175
24.641304357168043,34.938405387540406,81.3883,5961600.231742859,71.845375,0.0001257869,-0.00011174018,0.28933427,1.0371389,0.111044064,-0.32863104,-0.066093124,-0.06221258,-0.19809902,0.2774355,0.044110674,0.2809203
24.369565205050215,35.10507235145331,81.59638,604799.9658823013,72.5022,-0.00013579281,-4.3273052e-05,-0.21715862,-0.97412837,0.45092332,0.28422186,-0.23176748,-0.12711549,0.2642576,-0.14253648,0.14262892,0.20164241
24.572463802625258,35.028985391507106,77.31845,11836799.665260315,72.56754,0.011838808,0.007001449,0.23654246,-0.6339539,-0.022772033,0.14237092,0.43041438,0.0033320598,0.20251763,-0.08997354,-0.011412488,0.09069444
24.171296292717127,35.10648163098043,78.049835,16675200.489234924,72.706696,-0.0016609215,0.00444119,0.37753636,-0.2791195,0.5930951,0.017939784,-0.32783264,0.09932661,0.0385516,-0.03724867,0.11034903,0.11646619
24.782608584568965,35.06521774078783,85.492004,9331199.551963806,72.08117,5.667628e-07,-1.058121e-06,0.0039793923,-0.00455416,0.13472742,-0.28894722,-0.4113748,-0.045516837,-0.33020273,0.013215855,0.048301548,0.050076924
24.72463775080654,35.097825908808005,83.506035,5529600.07982254,72.12507,9.811811e-06,2.5484287e-05,-0.017713808,1.1982538,0.17013349,-0.17492554,-0.12225173,0.25536358,0.33236057,0.15682715,-0.025281146,0.15885179
24.286231733018653,35.16304365074164,82.86601,345600.00498890877,72.91653,-4.9563725e-05,-9.6433876e-05,-0.20192495,-0.5484208,0.4587353,-0.063973315,-0.4812561,-0.09007142,0.008588064,-0.14131597,0.16346656,0.2160822
24.655797039477626,35.09782643790763,82.953125,10799999.95880127,72.14157,4.4417724e-05,4.6687976e-05,0.08990919,-0.48049855,-0.18893214,0.039821576,0.10646479,-0.07138553,0.24273151,-0.096462175,-0.054041624,0.11056875
24.068840433535758,35.17753635462667,82.62194,4924799.976825714,72.15167,-1.2668529e-06,2.8420412e-05,0.2711159,1.3282038,1.1973592,0.01946918,0.17096236,-0.026505265,0.19565424,0.15092231,0.10891013,0.18611544
24.52536253285706,35.05797113185407,79.99595,3542400.093984604,71.6811,0.00033204333,-0.00046835584,0.16111673,-0.41717058,-0.14034107,0.14417222,-0.53348964,-0.24867092,0.21075794,-0.14205688,-0.02535595,0.14430206
24.177536001617764,35.01449252133363,77.3516,17366400.293540955,72.3632,0.009471372,0.010104983,-0.02498851,-0.05426146,0.3157947,0.18599612,-0.4759046,-0.18901008,-0.24978092,-0.0047223936,0.14352193,0.1435996
24.518115930392057,35.170290078269815,76.7112,864000.0296115875,72.019325,0.0074824593,-0.0043574804,0.19733766,-0.81251705,-0.12514587,-0.009493887,0.28671187,-0.24668318,0.13799928,-0.18883437,-0.034044996,0.19187881
24.423912946628306,35.16304383214723,83.815254,3887999.996137619,72.35039,-1.9300536e-05,-2.5453135e-05,0.07315014,-0.3245846,0.54583037,-0.026727587,-0.007895116,-0.06259323,0.5924849,-0.20375311,0.20715328,0.29056466
24.340579657513896,35.072464168316,77.031204,5615999.781131744,72.72476,0.014614476,0.003611873,0.14264569,0.5445514,0.8311753,0.07835624,0.081900574,0.089095175,0.027886916,0.075525455,0.12589717,0.14681345
24.35507260113369,35.04710138474188,76.478294,7862400.2420425415,72.88758,0.033012822,0.03598536,0.29360342,0.41007444,0.89340264,0.114315495,0.08039238,-0.047630843,-0.39754495,0.072065085,0.17829175,0.1923053
24.46739112421217,35.10507235145331,77.031204,8035200.193119049,72.795815,0.00985339,0.01708674,-0.034900583,-1.30175,-0.28020796,0.30676335,-0.059749655,-0.24984674,-0.19531205,-0.24522455,-0.062060505,0.2529557
24.518115930392057,35.170290078269815,76.7112,5875199.981975555,72.12248,-0.014216582,-0.013855105,-0.12011578,-1.7580678,-0.85141176,0.12778407,-0.0622472,-0.36890247,-0.45096737,-0.13527247,-0.079610065,0.15695988
24.503623143558386,34.916666955294566,80.479385,15033599.582862854,71.58028,-0.00023750542,-0.0002726067,0.13297853,-0.9913194,0.66391385,0.3662158,0.071231805,-0.11616385,-0.12086394,-0.18610843,0.13492598,0.2298725
24.677536062942007,35.07971042955572,84.775665,11923200.463485718,72.42995,3.4744328e-06,1.1107682e-05,-0.0040228926,-0.4115234,0.3367264,-0.0730179,-0.011979297,-0.1413733,-0.26783848,-0.14972097,0.10435468,0.18250005
24.731884091961334,34.88405773852335,82.62194,16761600.190544128,71.55704,-2.2676099e-05,3.6981146e-05,0.17219545,0.25462335,-0.3786792,0.18615335,0.23459288,0.03312753,0.13889927,0.17636108,-0.21470928,0.27785483
24.85869584610084,35.31159408476158,76.05999,950400.0051498413,70.82586,-0.002907718,-0.005620921,0.17223048,0.9273143,1.1378928,0.23994648,-0.1973311,-0.57470953,0.49335247,0.09952362,0.10454354,0.14434092
24.586956589458925,35.03623181903528,81.050644,16675200.489234924,71.567055,-0.00013310388,0.00014027306,-0.05335541,-1.8599681,0.2757854,0.30798954,-0.015341729,-0.1887393,-0.12234116,-0.1571648,0.016330555,0.15801096
24.369565205050215,35.10507235145331,81.59638,13824000.4737854,72.55948,-0.0002234392,0.00023143277,-0.051404215,-0.8186785,0.04647074,0.28800192,0.13948181,0.026528746,0.16675878,-0.1145186,0.021515056,0.11652213
24.57608686867857,35.22463755910878,78.28966,12787199.670410156,71.79406,0.0023825618,0.0002964807,0.502907,-0.8290336,-0.32800978,0.19626448,0.18163276,-0.25805128,-0.13227388,-0.17558144,-0.07517556,0.19099793
24.003623304347823,35.192029209683014,80.788605,1036799.9806880951,73.33296,-0.0007867645,-0.00034975968,0.18540835,0.28758806,0.93800575,0.20614493,-0.009948969,-0.40480486,0.18460909,0.099102795,0.22638048,0.2471224
24.068840433535758,35.17753635462667,82.62194,6393599.835205078,72.14644,3.645418e-05,5.534468e-05,0.19325423,1.949288,1.1747947,-0.052236654,0.23618495,0.08383854,0.28230095,0.23979594,0.089644544,0.25600436
24.525362323808892,35.01449270273921,80.76379,14515200.27809143,71.80639,4.5935485e-05,-0.0002374595,-0.045635514,-1.4477227,0.4038491,0.24144155,0.103603944,-0.18416584,-0.20050773,-0.13784888,0.04618658,0.14538059
24.85869584610084,35.31159408476158,76.05999,8639999.747657776,72.2272,-0.018712623,-0.021152884,0.13931942,-0.30092114,-0.40546465,0.3108153,0.74210197,0.06883504,0.38963327,-0.06479819,-0.09307732,0.113411605
24.068840433535758,35.17753635462667,82.62194,13651199.974250793,72.33399,6.4975095e-05,-3.61573e-06,-0.26850295,0.6706841,0.18464945,0.01516033,-0.03432098,0.07421782,0.02319191,0.08975883,0.059174575,0.10750943
24.16304339770124,35.14130418675153,77.183464,11404800.061798096,73.43116,0.027847447,0.030407751,-0.11497479,-0.024954617,0.800009,-0.16181111,-0.7634678,-0.14998731,0.026711557,-0.013711343,0.08503415,0.0861325
24.423912946628306,35.16304383214723,83.815254,16416000.288391113,72.64139,3.0346246e-06,2.6637174e-05,-0.22912309,-0.42297667,-0.30279696,0.030233257,-0.032644734,0.3404241,0.009294089,-0.08870929,-0.07734801,0.11769474
24.373188349496587,35.09782609021359,73.044136,0.0,73.14534,0.71020085,-0.18292344,0.46028757,-0.5755829,0.6761878,0.14437553,0.23599893,-0.16418768,-0.17498973,-0.047091573,0.12843245,0.13679369
24.85869584610084,35.31159408476158,76.05999,4147199.9227523804,71.43624,0.01385701,0.0136024775,0.31782985,0.63107824,0.14906982,0.15044352,0.22706297,-0.49341467,0.4941181,0.19171454,0.05403667,0.1991844
24.800724541980035,35.0326085145684,80.91604,2678400.0643730164,72.45518,0.0003964986,4.0073155e-05,0.21227768,0.9299731,0.0035580993,0.35990095,0.24067897,0.14063425,0.2784847,0.24924226,0.011028975,0.24948616
24.202898613755877,35.17753635462667,82.22561,12182399.56741333,72.59416,-4.413001e-06,-0.00010155353,-0.16247651,0.9697118,0.3961111,-0.017712079,-0.13178825,0.20573935,0.1191613,0.14182429,0.044272557,0.14857385
24.728260869121893,35.15579704180788,79.23173,9158400.149345398,71.70238,-0.0004149557,0.00092810445,0.33327606,0.28750476,-0.5831243,-0.14494517,0.23819351,0.2657076,-0.059404597,0.07772617,-0.13857962,0.15888886
24.177536001617764,35.01449252133363,77.3516,10195199.855804443,72.54563,0.008903134,-0.009031272,-0.16289666,1.2399046,0.5798256,0.06276341,0.17919242,-0.1402324,0.115764484,0.11803192,0.07333427,0.13895845
24.822463669968496,35.11956556932083,79.471794,5097599.927902222,72.54009,-0.0005683705,-0.0006217456,0.32174438,0.38792476,-0.21208091,0.022332635,0.14015028,0.40935174,0.27161336,0.26246455,-0.1273066,0.2917098
24.57246390714934,35.13405809180027,82.83649,2159999.936914444,71.953575,-1.8446355e-05,-3.0246245e-05,-0.1339226,-0.23171744,0.52051455,0.124208376,-0.15992436,-0.015996866,0.29630598,-0.075711206,0.169059,0.18523803
24.409420342711783,35.02898555779556,73.23672,10454400.056648254,73.13142,-0.32704303,-0.4127877,-0.11886642,0.9400525,0.2301258,-0.01942791,0.11674242,-0.15904386,-0.2332752,0.148396,0.023286462,0.15021196
24.268116089179838,35.07971042955572,81.07262,13391999.773406982,72.68312,0.000110233406,0.00033162368,0.01798834,-0.83634377,0.22001623,0.29356414,-0.02530314,-0.042350605,0.12995362,-0.09838711,0.023606911,0.10117959
24.43478277193275,35.06521686399416,78.38795,1728000.059223175,72.16019,-0.0017383858,-0.0031343456,-0.08845774,-0.41490635,-0.34673536,-0.0887694,-0.123782195,-0.039215013,0.2547044,-0.12697053,-0.090509,0.15592752
24.202898613755877,35.17753635462667,82.22561,950400.0051498413,73.17594,0.00015396113,-0.00022015856,0.064773,-0.08079318,0.3644246,-0.24621293,-0.25112006,-0.20368713,0.0064811464,-0.030095264,0.11583144,0.11967727
24.731883987437246,34.999999998854186,80.17734,3456000.11844635,72.31368,4.311693e-05,-0.00024079447,0.2586789,0.60749626,-0.20988674,0.4285536,0.27527648,-0.24732675,0.3493903,0.16763718,-0.07259278,0.18267988
24.731884091961334,34.88405773852335,82.62194,14515200.27809143,71.44596,-2.7012798e-05,-4.804981e-06,0.04013268,0.5292994,0.17240416,0.054153364,-0.22224626,0.045197003,0.14217573,0.12654115,0.07665822,0.14794981
24.5036234048686,34.94565269942081,84.86278,4665599.775981903,71.16444,-1.982648e-06,-2.8501463e-06,0.13299118,-0.16902792,0.16123971,0.39497122,0.055984214,-0.16643739,-0.14919168,-0.040667757,0.03738095,0.055237684
24.576087129988778,34.96376817111452,80.53768,15983999.588012695,71.48264,0.00023060571,-2.1601687e-05,0.020020416,-1.1938006,0.5233589,0.20521262,0.05692787,-0.06789811,-0.038818084,-0.1699767,0.09786194,0.19613525
24.46739112421217,35.10507235145331,77.031204,13305600.072097778,72.92226,-0.022647565,-0.007683243,0.13758871,-0.22079413,-0.003541898,-0.0030262098,0.12664631,-0.29180264,-0.019908499,-0.16081798,-0.02817814,0.16326797
24.782608584568965,35.06521774078783,85.492004,16502399.989700317,71.57928,-6.7077445e-07,5.14307e-07,-0.18243584,-1.5628812,0.5753762,0.15490586,-0.04423581,-0.44184944,0.2825141,-0.19719768,0.03314069,0.19996306
24.373188532413735,34.85507217391305,83.68782,15379199.48501587,71.84331,-3.3661113e-06,1.3244927e-05,-0.25192082,-0.592583,0.10593304,0.13054226,0.10608327,0.009247437,0.7872431,-0.18592352,0.028348438,0.1880723
24.16304339770124,35.14130418675153,77.183464,14601599.979400635,73.16876,-0.014679834,-0.008687394,0.28344157,-0.35554594,0.49946064,-0.21884784,-0.4463696,0.15094526,0.17254996,-0.11923072,0.11435531,0.16520624
24.49275373635028,34.95652190987481,78.13308,10972800.458335876,72.443245,-0.005265926,0.0014246594,0.62547344,-0.82266366,0.28135538,0.17113706,0.37669915,0.09723462,-0.33846906,-0.2672739,0.101498485,0.2858973
24.2137679164399,35.101449394680465,78.1842,1123200.0247836113,73.119934,-0.006823514,-0.008381829,0.21654454,-0.122475185,0.73715574,-0.35770497,0.20974168,0.22829226,-0.010691088,-0.023318753,0.19472277,0.19611406
24.49275373635028,34.95652190987481,78.13308,16070400.386238098,71.987495,0.0015906353,0.0030751135,0.24674356,-0.57868004,0.2690786,0.1880901,0.12668315,-0.3967214,-0.042216197,-0.113884166,0.06470832,0.13098386
24.782608845879178,35.07246365433351,80.82854,2159999.936914444,72.17182,0.00015367968,0.00027874796,-0.03320986,1.0270333,-0.09103611,0.3150441,0.2620651,0.33552647,0.14070117,0.22284517,-0.04821284,0.22800097
24.336956356281394,35.12681217825459,78.56935,17193599.794006348,72.554886,-0.0038841902,-0.0030782474,0.064883016,-0.5091995,0.34271407,0.25358906,-0.15969533,0.045473225,-0.15926316,-0.12941489,0.10625823,0.16744857
24.06159400092239,35.235507653915,77.223785,9590399.752807617,73.48743,0.030706877,-0.010820734,0.08860487,2.168728,1.1048172,0.078022264,-0.4370543,0.0055264756,0.45127326,0.16732684,0.12320397,0.20779194
24.068840433535758,35.050724689208764,75.1399,11318400.360488892,72.29374,-0.07233781,-0.02626803,-0.4234988,1.3497632,0.8012243,-0.011196263,-0.10130573,-0.098861106,0.46151754,0.19157317,0.10283437,0.21742858
24.373188349496587,35.09782609021359,73.044136,2851200.015449524,72.924324,-0.62068737,-0.77944905,0.18826434,0.17449272,0.5607393,0.068364695,0.459773,-0.016238006,0.25971434,0.021146566,0.12132271,0.123151846
24.16304339770124,35.14130418675153,77.183464,10195199.855804443,73.227806,-0.011674268,-0.018002832,-0.10790872,0.32108575,0.9108409,-0.10999402,-0.80916613,-0.12963346,-0.015818283,0.022760063,0.09657335,0.09921911
24.358695745580064,35.14492749121842,79.46463,17107200.092697144,72.53632,-0.00029803693,-0.00068800716,-0.08676865,-0.69576454,0.38300318,0.42814508,-0.16867313,0.045591682,-0.07285736,-0.1675728,0.057927907,0.17730281
24.514492864338745,35.152173737341,77.98083,6739199.737358093,71.98985,-0.0016564182,-0.0036151574,-0.06632114,-1.6445035,-0.7595445,0.19563803,-0.22057343,-0.30813885,-0.27940986,-0.18360034,-0.11188385,0.21500483
24.141304256647267,35.05072417522627,80.839714,13996799.876403809,72.73096,0.0005610953,-0.0005667119,0.19571173,-0.74585545,0.13213879,0.24158916,-0.26239365,-0.083090894,-0.025275663,-0.10379578,0.02769145,0.10742617
24.40579730278949,34.98550712868071,82.545616,0.0,71.91861,-1.4898264e-05,-4.9014703e-05,-0.1971893,-0.32029444,-0.1889693,-0.13286883,-0.10619969,-0.11567522,0.027288001,-0.02018756,-0.029545844,0.035784
24.3913043591697,35.05434799367564,86.750465,11491199.7631073,72.34843,-1.9041399e-07,4.3106806e-07,-0.089511015,0.14748302,0.36740547,-0.193295,0.1435726,0.1299461,0.14439854,0.07759903,0.16882044,0.18580084
24.365941903817713,35.11594190204278,77.940506,0.0,72.794266,-0.0079968395,-0.005305599,0.35202873,-1.0548416,0.33887976,0.10750563,0.045474414,-0.08772141,0.2039021,-0.29146084,0.09990589,0.3081081
24.33695651306752,35.26449269887389,75.24537,6480000.084972382,72.78924,-0.0911808,0.032271806,-0.19720224,-2.136608,-1.3715605,0.0012178794,-0.079574384,-0.26157397,-0.62824136,-0.13571472,-0.06283753,0.14955616
24.641304357168043,34.938405387540406,81.3883,6825599.987125397,71.77544,0.00013037282,-0.00012980207,0.3517332,1.0831113,0.25167355,-0.32483876,-0.10332509,-0.013955329,-0.18658662,0.22420037,0.065496445,0.23357138
24.60144921950647,34.9456523441682,85.40489,4147199.9227523804,71.23243,-2.14673e-06,2.0770533e-06,0.1486476,0.9023142,0.34880614,0.31351787,0.33426562,-0.016581748,0.10562052,0.15722603,0.060163774,0.168344
24.068840433535758,35.17753635462667,82.62194,10022400.453186035,72.455795,5.278463e-05,3.960372e-05,-0.06147539,1.2574925,0.74311787,0.16368616,0.07383345,-0.018791508,0.05687592,0.18058783,0.101797886,0.20730357
24.369565205050215,35.10507235145331,81.59638,4233599.898290634,72.165054,-0.00016929176,-4.750856e-05,-0.025884137,-0.8375664,0.43396294,-0.16162977,-0.363761,-0.27873495,0.3149516,-0.13333434,0.07919907,0.15508236
24.52536253285706,35.05797113185407,79.99595,17020800.39138794,71.727585,0.00025770938,0.00040787473,0.054997142,-1.8055203,0.21061438,0.18050274,-0.11078376,-0.35558966,-0.2665201,-0.13317986,0.023497134,0.1352368
24.423912946628306,35.13405791039468,84.735344,6566399.786281586,72.11764,5.6448634e-06,-5.779094e-06,0.32643846,-0.8310218,0.20785177,-0.08476246,-0.23796365,-0.3513506,0.30035716,-0.16569802,0.04894322,0.17277521
24.171296292717127,35.10648163098043,78.049835,14342399.778556824,73.17744,-0.011150242,-0.009502462,0.25969347,-0.49425125,0.55568963,-0.19679567,-0.34215114,0.026284583,0.083418556,-0.130451,0.119496346,0.17690912
24.677536062942007,35.07971042955572,84.775665,13305600.072097778,72.30744,-4.91438e-07,9.667178e-06,-0.15238446,-0.5148215,0.3432342,-0.021510601,0.07512,-0.10836845,-0.15518078,-0.23052529,0.087595046,0.24660656
24.518115930392057,35.170290078269815,76.7112,11404800.061798096,72.635765,-0.0007946024,0.021492232,0.105022416,-1.0172815,-0.5714166,0.08182766,0.15945789,-0.3267262,-0.44247282,-0.1313731,-0.10910137,0.17076886
24.528985389862203,35.079710263267266,73.800804,604799.9658823013,72.78926,0.37148866,0.36021012,0.7271434,-0.2288949,0.18670742,0.20423084,0.7492541,-0.16501185,0.026954794,-0.09953019,0.05894558,0.11567558
24.15942034471344,35.02536261613985,84.04098,1900800.0102996826,72.634575,1.6957299e-06,1.9225778e-05,0.079645604,-0.17730634,0.19465725,-0.052842803,-0.34575528,-0.33955574,-0.048651524,-0.087696195,0.07487571,0.1153126
24.518115930392057,35.170290078269815,76.7112,5011200.226593018,72.07631,0.0069915103,-0.011261831,-0.05024883,-1.5124259,-0.6471761,0.14526382,-0.1005375,-0.38958475,-0.23319581,-0.1250762,-0.030362986,0.12870885
24.068840433535758,35.17753635462667,82.62194,4752000.025749207,72.15905,-1.3263079e-05,3.8306076e-05,0.2800381,1.2585979,1.1960989,0.029288486,0.15643184,-0.038399655,0.19282982,0.13885903,0.106957644,0.17527626
24.579710091518006,35.06884069756067,84.24473,7948799.943351746,71.71192,9.694265e-06,4.3378e-06,0.33336642,0.2069675,0.48129675,-0.3247762,-0.3033112,0.12872466,0.48864558,0.09986929,0.15166393,0.18159246
24.32608705359737,35.05434782738719,80.59564,6307200.133895874,72.25745,0.0004220356,0.00045356352,-0.03091456,-1.0137099,0.2008685,-0.13998637,-0.18307465,-0.31313932,-0.19010991,-0.1797593,-0.007716924,0.17992486
24.152173912100075,34.942029039701325,85.189964,9935999.654960632,72.57445,8.26867e-06,4.8253496e-06,-0.36311528,-1.144974,-0.38352215,0.2985766,-0.043034866,-0.48748374,0.29920664,-0.10276176,-0.0377205,0.10946605
24.15217408195171,35.09782609021359,90.079155,3801600.0205993652,71.554756,-3.0799452e-08,-2.2043994e-10,0.17279676,-0.18165536,-0.12782371,0.5927763,0.17517586,-0.11322536,-0.008889031,-0.20205764,-0.07318479,0.21490301
24.15217408195171,35.09782609021359,90.079155,7948799.943351746,72.26191,-5.941394e-09,-7.2975446e-08,0.5028352,-0.4075322,-0.25858864,0.04403913,0.23247212,-0.015804512,0.23467654,-0.12483813,-0.06395355,0.14026622
24.46739112421217,35.10507235145331,77.031204,2505600.113296509,72.16218,0.009420386,0.010608491,0.17646644,-0.5988657,-0.11485191,0.08653247,-0.15551963,-0.19792861,0.32785615,-0.16940694,0.016841136,0.17024198
24.373188349496587,35.09782609021359,73.044136,4233599.898290634,72.99006,0.9425115,0.94480294,0.21984085,0.4360396,0.56777036,0.038493413,0.31538257,0.077533774,0.32866672,0.07954622,0.073622465,0.10838758
24.264492787947336,35.06521739309379,75.914215,15292799.783706665,72.42649,0.009150668,0.02275323,0.32622018,0.30089563,0.21932074,-0.22220469,-0.21300122,0.1760645,-0.099893875,0.08436633,0.030125812,0.08958372
24.293478074173446,35.130434424522214,78.52256,4579200.074672699,72.6589,-0.0015292465,0.0038657282,0.05352086,-0.6264299,0.578597,-0.37109852,-0.46132836,0.16074488,-0.11151076,-0.17076375,0.17971191,0.24790448
24.85869584610084,35.31159408476158,76.05999,7862400.2420425415,72.018166,0.021356113,0.013941671,0.20160982,-0.14378446,-0.39413247,0.35277474,0.7572348,-0.035256464,0.41579098,-0.008193262,-0.08742285,0.08780595
24.49275373635028,34.95652190987481,78.13308,2764800.03991127,73.052155,0.009279839,0.0063254847,-0.17243817,0.25384632,-0.7018946,-0.3440168,0.111401975,-0.15770108,0.11658744,0.013415709,-0.23552541,0.23590718
24.171296292717127,35.10648163098043,78.049835,10972800.458335876,73.305626,0.0126738185,-0.0009872301,-0.18301961,-0.12691972,0.6537291,-0.1047345,-0.5482065,-0.23331404,-0.04822474,-0.046602212,0.081353575,0.09375591
24.880434869565217,35.11594208344836,73.60822,6047999.933052063,72.21689,0.08924494,0.03621743,0.12188308,-0.60922223,-0.5571601,0.015877992,0.26726893,0.48082015,-0.16506854,-0.0957671,-0.11666389,0.15093641
24.373188349496587,35.09782609021359,73.044136,12787199.670410156,72.87336,-0.8454095,-0.19406466,-0.03347417,0.7111068,0.3191362,-0.08885179,-0.1069115,-0.6413014,-0.005572252,0.17998192,0.07465513,0.1948509
24.33695651306752,35.26449269887389,75.24537,4924799.976825714,72.76358,0.09675401,-0.0993951,-0.26150256,-1.6646931,-1.1468194,-0.020354927,0.08677544,-0.20538445,-0.4174467,-0.20074618,-0.12714626,0.23762408
24.278985574781007,35.18478260074926,85.36457,13564800.27294159,72.08376,-4.783568e-06,-4.016333e-06,-0.10821109,0.71040773,-0.027681168,0.004433304,0.28234056,0.35417035,0.37612227,0.20873979,-0.013984531,0.20920771
24.728260869121893,35.15579704180788,79.23173,4752000.025749207,71.99044,-0.0012682639,0.00019192755,0.20684516,0.52411056,0.0075195134,0.21180925,0.009718832,0.31079596,0.15353382,0.28556433,-0.02633585,0.28677616
24.409420342711783,35.02898555779556,73.23672,14687999.680709839,73.39372,0.80244076,0.8558991,0.25089574,1.4408351,-0.24489625,-0.22310802,0.1437753,-0.5106306,0.15252522,0.31637546,-0.031064257,0.31789687
24.55072462237475,35.07608730649443,88.70044,14947199.88155365,72.699165,-3.3310758e-07,1.2160112e-07,-0.19440824,1.1396966,0.22628793,-0.0026811063,0.037418604,0.38093495,0.4888365,0.22285208,0.055689342,0.22970493
24.409420264318722,35.097825908808005,75.01247,1728000.059223175,72.669395,0.1016425,0.1078528,0.32575732,-0.20521697,0.4397007,0.20394531,0.1533011,-0.027135966,0.27422193,-0.10129481,0.14228362,0.17465757
24.15217408195171,35.09782609021359,90.079155,18403200.0,71.82383,-5.7765237e-09,3.91103e-08,0.015534468,1.2158421,0.18895619,0.034520026,0.02874436,1.0461134,0.80374,0.23333596,-0.016359434,0.23390874
24.800724541980035,35.0326085145684,80.91604,10195199.855804443,72.086,5.0911123e-05,0.0001990514,-0.24578747,0.30237335,0.06467518,-0.32632262,-0.063000694,0.113378,0.24954838,0.06964461,0.008003354,0.07010296
24.62318819070881,35.09782625650204,81.14894,2937599.9909877777,71.68118,-0.00015913293,-0.00016371644,0.06274763,0.23137417,-0.13175875,0.27110538,-0.09382037,-0.02373645,0.31301957,0.16634378,-0.042988002,0.17180867
24.2137679164399,35.101449394680465,78.1842,4752000.025749207,72.54624,0.0044736373,0.0050170626,0.24210119,0.47271016,0.9008924,-0.3722522,-0.09367638,0.25330415,0.004514575,0.04813021,0.21146874,0.21687679
24.53985505838052,35.14492730981283,78.72631,13910400.175094604,72.0061,0.0020240815,0.001892492,0.13536637,-0.9964782,-0.29845798,0.115266666,0.12591973,-0.4372633,-0.027906198,-0.16376607,-0.071071774,0.17852317
24.268116089179838,35.07971042955572,81.07262,5529600.07982254,72.28701,0.00030678482,0.0002830812,0.1523901,-0.9568517,0.16815823,-0.40347025,-0.17888987,-0.1506468,0.09555672,-0.12969826,0.017007329,0.13080859
24.358695745580064,35.14492749121842,79.46463,14601599.979400635,72.5636,-0.0010067967,0.0001955242,0.11731263,-0.9607785,0.10618605,0.32650056,0.026992073,-0.1595673,0.17460051,-0.14289907,0.004248604,0.14296222
24.43478277193275,35.06521686399416,78.38795,16329599.49016571,72.21001,-0.0015911825,-0.003058571,0.1055543,-0.71424305,0.14695261,0.06559372,-0.1150657,-0.33802694,-0.20678723,-0.07596268,0.044572845,0.088074215
24.15942034471344,35.02536261613985,84.04098,7257600.139045715,72.935905,2.7554188e-05,-6.343053e-06,-0.091847576,-1.5299184,-0.30335745,0.07393809,-0.020697154,-0.54139745,-0.055310167,-0.18195191,-0.050656468,0.18887185
24.32608705359737,35.05434782738719,80.59564,17279999.49531555,72.2222,-0.0003989451,0.00022600146,-0.11441197,-0.65757036,0.54848045,0.37743106,-0.34145314,-0.06181618,-0.26163933,-0.11782956,0.15157479,0.19198626
24.47463793572534,35.15579704180788,74.131996,16588799.691009521,72.96796,0.24217384,0.31129622,0.05910029,0.26752543,-0.37779945,0.13313256,0.13682139,-0.4322487,-0.1711789,0.10947284,-0.13412163,0.17312688
24.822463669968496,35.11956556932083,79.471794,7257600.139045715,72.42326,-0.0012547934,-0.0013559271,0.3676159,0.52513206,-0.3293127,-0.18507338,0.07505274,0.3047796,0.24369168,0.1899101,-0.11386871,0.22143155
24.47463793572534,35.15579704180788,74.131996,11231999.562263489,73.18248,-0.40645003,0.407014,0.1409938,-1.2922702,-0.41901883,0.12746681,-0.0017562322,-0.6932583,-0.7009283,-0.1330603,-0.047271997,0.14120796
24.336956356281394,35.12681217825459,78.56935,8639999.747657776,72.9001,-0.0032187614,0.0053632185,-0.40013617,-0.38088766,0.20257878,0.045646787,-0.31087238,-0.2372304,-0.44161764,-0.16264637,0.049178466,0.1699187
24.278985653174068,35.159420527680346,80.15937,7430400.090122223,72.63698,0.0008557326,0.0009731975,0.08032666,-0.6721957,0.3656951,-0.03148921,-0.5572077,-0.07922943,-0.1521399,-0.22238743,0.101119146,0.24429746
24.15217408195171,35.09782609021359,90.079155,3369599.8686790466,71.566315,-5.441406e-09,2.1719858e-08,0.12766878,-0.23795936,-0.16746406,0.619251,0.1301143,-0.124975674,-0.0423344,-0.1998096,-0.070342705,0.21183005
24.51086948471318,35.141304337922854,75.965324,7343999.840354919,72.530624,-0.02651108,0.041089237,-0.08984298,-1.7558181,-0.7943525,0.24334207,0.024045538,-0.296113,-0.53376913,-0.20924985,-0.07694545,0.22294866
24.782608845879178,35.07246365433351,80.82854,8294399.845504761,72.4391,0.0004131,0.00010742626,0.14332774,1.0103452,-0.13880816,-0.26843467,0.049996953,0.16688274,0.44137233,0.22559334,-0.07527442,0.2378205
24.268116089179838,35.07971042955572,81.07262,15033599.582862854,72.68269,-0.00030738526,-0.00042893586,0.060462665,-0.7194946,0.38976222,0.3579542,-0.17449823,0.07215621,-0.03992644,-0.09595239,0.080632105,0.12533315
24.518115930392057,35.170290078269815,76.7112,14428799.479866028,72.52239,-0.020906447,-0.017839339,0.27852753,-0.7692672,-0.12063742,0.27107516,0.021946134,-0.60845685,-0.34800002,-0.17981687,-0.07210858,0.1937363
24.782608584568965,35.06521774078783,85.492004,13996799.876403809,71.86129,1.422023e-06,3.515529e-06,-0.09808106,-0.8749677,0.42757514,0.055115696,-0.041571915,-0.19132733,0.1493766,-0.17738746,0.08637312,0.19729832
24.677536062942007,35.07971042955572,84.775665,1555199.9710321426,71.90635,-9.578679e-07,6.8443887e-06,0.1185849,0.2372998,0.4278935,0.33374295,0.19994733,0.15175284,-0.22366762,0.11258866,0.1159749,0.16163658
24.235507135886934,35.09782643790763,86.62735,1900800.0102996826,71.87133,3.466555e-07,2.3170963e-07,-0.1952458,-0.48213488,-0.19812073,0.0764377,-0.55143464,-0.31103656,-0.02646882,-0.15732068,-0.023960244,0.1591348
24.46739112421217,35.10507235145331,77.031204,16156800.087547302,72.52096,0.0077037034,-0.013933221,0.2291458,-0.3584574,-0.13820487,-0.010051407,-0.06302694,-0.39381394,-0.297252,-0.10974546,-0.07578954,0.13337211
24.677536062942007,35.07971042955572,84.775665,8035200.193119049,72.10431,-3.2254502e-06,1.588903e-06,0.1468631,0.3526717,0.22655457,-0.35723516,-0.2851657,0.11403389,0.06939834,0.15723443,0.09209287,0.182219
24.152173912100075,34.942029039701325,85.189964,9331199.551963806,72.607704,5.5500213e-06,3.624936e-06,-0.37352324,-1.2956868,-0.3350741,0.35736927,-0.128975,-0.50958973,0.23809683,-0.14193211,-0.033622026,0.14586009
24.171296292717127,35.10648163098043,78.049835,13046399.871253967,73.35548,-0.011304659,-0.011567688,0.046380345,-0.3734828,0.593317,-0.21957782,-0.4088555,-0.08379109,0.06935903,-0.081583485,0.1055305,0.13338873
24.33695651306752,35.26449269887389,75.24537,13824000.4737854,72.82526,-0.08596491,-0.10352656,0.088777676,-1.1650249,-0.3560875,0.27307153,-0.34321117,-0.45366895,-0.19242981,-0.198473,-0.051375676,0.20501462
24.471014503837736,35.137681214861566,84.09494,4406400.123596191,71.93558,-1.229982e-05,5.1060592e-06,0.19006333,-0.5450165,0.4589114,-0.016696759,-0.07007575,-0.14064783,0.5989568,-0.11842926,0.1222585,0.17021348
24.268116089179838,35.07971042955572,81.07262,518399.99034404755,72.658066,-0.00030901397,7.1153954e-05,-0.0018232428,-0.80787456,0.31657812,-0.007029794,-0.26319626,-0.0580568,0.3445515,-0.17257823,0.092616424,0.19585976
24.507246418659868,35.018115659512056,74.98295,5702400.030899048,72.730446,0.10868813,0.07561203,0.1803934,-1.0615373,-0.29042587,0.3144407,-0.24755928,-0.21333836,0.18069604,-0.15864956,-0.05194845,0.16693808
24.152173912100075,34.942029039701325,85.189964,18230399.500465393,72.130806,-4.496886e-06,5.363769e-06,0.16118325,-0.41981068,0.23224844,0.19901441,-0.13493848,0.17525147,0.57468265,-0.31882128,0.21144584,0.3825655
24.340579657513896,35.072464168316,77.031204,5011200.226593018,72.64029,-0.0029511019,-0.017545007,0.1587671,0.5105829,0.78121525,0.04220697,0.01762988,0.10124859,0.12591594,0.046484713,0.12214511,0.13069145
24.2137679164399,35.101449394680465,78.1842,5615999.781131744,72.563286,0.0053321566,0.0014805399,0.1617471,0.6183381,0.9089022,-0.283339,-0.11872115,0.24893221,0.05884365,0.07515802,0.17964645,0.19473462
24.06159400092239,35.235507653915,77.223785,15638399.68585968,73.522736,0.026499921,-0.004508906,0.14533281,0.6067307,0.16233034,0.27070805,-0.6028825,-0.15001443,0.6115972,0.1630962,0.064798474,0.17549706
24.423912946628306,35.13405791039468,84.735344,11145599.860954285,72.74997,-9.5922105e-06,1.4705054e-05,0.06366926,0.044323936,0.2664338,-0.06288848,0.07952598,0.07838265,0.21559209,0.046736196,0.16551049,0.17198254
24.503623143558386,34.916666955294566,80.479385,7775999.992275238,71.56402,-0.0002349398,0.00022782433,0.50620365,-0.62191606,0.019471563,0.37486455,0.01484919,-0.16640866,-0.63245153,-0.16082625,0.04928346,0.16820803
24.24275355543479,35.275361916886446,83.709785,11491199.7631073,72.67528,-3.8312046e-05,1.9425253e-05,-0.13007554,1.6054686,1.011444,0.065662965,-0.3507751,0.5142312,0.61544096,0.1157695,0.09544529,0.15004127
24.369565205050215,35.10507235145331,81.59638,691200.0099778175,72.50784,-0.00013190926,-1.0976614e-06,-0.21099204,-0.9439162,0.46042928,0.27724978,-0.2260794,-0.12873864,0.26984298,-0.14593899,0.1449664,0.20570232
24.235507135886934,35.09782643790763,86.62735,17625600.494384766,71.90569,1.2936649e-06,-4.718951e-07,0.04990849,0.68401957,-0.3148246,0.24857062,0.26663312,0.50874436,0.6254238,0.14894007,-0.05139394,0.15755786
24.728260869121893,35.15579704180788,79.23173,7948799.943351746,71.75596,-0.0006773867,0.00097629434,0.4184758,0.5960305,-0.44575572,-0.04881934,0.24516672,0.26851624,0.029655013,0.19283092,-0.16214547,0.25194228
24.286231733018653,35.16304365074164,82.86601,13564800.27294159,72.64995,8.2179125e-05,6.726378e-05,-0.006669279,0.3252831,0.035023067,0.00089304894,0.11956229,0.37962404,0.23839831,0.15188786,0.012837321,0.1524294
24.53985505838052,35.14492730981283,78.72631,4579200.074672699,71.7288,-0.0010046586,-0.0011263229,0.040631205,-0.81522274,-0.12800787,0.27129036,-0.43384045,-0.26532033,0.17995316,-0.16846599,0.018801551,0.16951191
24.278985574781007,35.18478260074926,85.36457,17625600.494384766,71.716606,2.7361907e-06,3.769113e-07,-0.5563511,0.4514214,-0.48434806,-0.18312138,-0.0050274134,0.50286674,0.25487205,0.09859285,-0.07910077,0.12640207
24.576087129988778,34.96376817111452,80.53768,17193599.794006348,71.41092,0.00022341804,0.00011694108,-0.012785785,-1.0752366,0.40035594,0.17342776,0.22533906,-0.08182141,0.107590355,-0.17415926,0.06131365,0.18463698
24.358695745580064,35.14492749121842,79.46463,16070400.386238098,72.55257,0.0016714582,-0.000933885,0.052785378,-0.8560566,0.29136515,0.37753913,-0.12092637,-0.07191346,-0.030707471,-0.1711992,0.028925687,0.17362563
24.409420264318722,35.137681214861566,85.684586,0.0,71.88492,-2.1315977e-06,-3.0329627e-06,0.13013855,-0.91981375,0.68299747,-0.009339027,-0.6474694,-0.0892759,0.23489285,-0.1047171,0.16426302,0.1948025
24.507246627708035,35.15217355593542,72.15966,13564800.27294159,72.63797,-0.5495634,-0.5234618,0.25709274,-0.17188296,-0.580105,-0.3625047,0.086624846,-0.43231502,-0.45803308,-0.01855275,-0.08504152,0.08704174
24.264492787947336,35.06521739309379,75.914215,3887999.996137619,72.18953,-0.03197181,-0.028202115,0.26274857,1.1912012,0.83542764,-0.050566323,0.009943269,0.03352257,0.15977338,0.16277696,0.09838504,0.19019978
24.822463669968496,35.11956556932083,79.471794,15724800.484085083,70.70575,0.000110504516,0.0001589833,0.08582525,-0.8700192,0.26682806,0.2966508,-0.10334187,-0.232019,-0.11156144,-0.20352465,0.060767014,0.21240272
24.369565205050215,35.10507235145331,81.59638,11923200.463485718,72.48889,2.8503224e-05,0.00018872763,0.0069272295,-0.8512981,0.09313608,0.34020644,0.13368535,-0.13983753,0.34459636,-0.100807816,-0.005680874,0.10096776
24.782608584568965,35.06521774078783,85.492004,13478399.474716187,71.89181,3.1457175e-06,-3.7850245e-07,-0.07039952,-0.7082665,0.41910282,0.03786231,-0.012117229,-0.13662785,0.13047363,-0.17918521,0.094831474,0.2027322
24.518115930392057,35.170290078269815,76.7112,13910400.175094604,72.56878,-0.019224863,-0.019402534,0.2694731,-0.74727213,-0.17212233,0.2577114,0.039123133,-0.5840795,-0.33805317,-0.19954912,-0.090019874,0.21891421
24.293478074173446,35.130434424522214,78.52256,12441599.768257141,73.025444,0.004616271,0.0016319299,-0.049327396,-0.9453722,0.13974316,-0.039701425,-0.068348624,-0.24198405,-0.036359824,-0.12595585,0.013967544,0.12672794
24.782608845879178,35.07246365433351,80.82854,6134400.182819366,72.57601,0.00035622684,-0.00044304915,0.22811961,1.3240805,-0.06122115,-0.11193956,0.026341712,0.19518243,0.42904243,0.2683889,-0.086695254,0.28204373
24.286231733018653,35.16304365074164,82.86601,10108800.15449524,72.79777,-5.218965e-05,6.3036045e-05,0.02607927,-0.072116226,0.36301124,0.16017716,-0.19014516,-0.0995515,0.121368244,-0.04676865,0.14447528,0.15185656
24.409420342711783,35.02898555779556,73.23672,8899199.948501587,73.253334,-0.6201231,-0.2242491,-0.067352995,0.7380135,0.30107966,-0.033921726,-0.050785966,0.12954637,-0.26628762,0.09187476,0.024269663,0.095026255
24.51086948471318,35.141304337922854,75.965324,5875199.981975555,72.37944,0.0032247894,-0.024744198,-0.0026117563,-1.6376063,-0.59261584,0.36144176,-0.0020163096,-0.38481823,-0.36551544,-0.11744845,-0.046209916,0.1262121
24.53985505838052,35.14492730981283,78.72631,15638399.68585968,71.99262,0.0009029198,-0.0019164304,0.16628626,-1.388199,-0.06436178,0.1529041,-0.045558296,-0.5463071,-0.3691857,-0.17675851,0.011788383,0.17715117
24.880434869565217,35.11594208344836,73.60822,4752000.025749207,72.28701,0.29514682,0.1642162,0.18787247,-0.5509161,-0.49102288,0.1076567,0.24823144,0.39395759,-0.19294026,-0.086091414,-0.09456099,0.12788086
24.43478277193275,35.06521686399416,78.38795,12182399.56741333,72.659035,0.0050277896,0.0032861717,0.10752654,-0.36484012,0.24984065,0.191544,0.44904563,-0.13255283,0.27429336,-0.12536865,0.065463915,0.14143133
24.43478251062254,35.050724689208764,81.254395,7171199.889278412,71.846596,0.00016727882,-0.00016656137,0.22660115,-0.84356964,0.3559567,0.10373932,-0.53677416,-0.38444063,-0.28552583,-0.16818134,0.0894413,0.19048546
24.49275373635028,35.04710138474188,79.64641,12614400.267791748,72.25774,-0.0011069275,-0.0011040661,0.13443057,-0.7544297,0.29050905,0.36835018,0.468113,-0.15895267,0.09028709,-0.11033558,0.03218484,0.11493391
24.2137679164399,35.101449394680465,78.1842,518399.99034404755,73.27935,-0.009758571,-0.010908839,0.20803592,-0.27274486,0.6924366,-0.27243483,0.2456044,0.23623589,0.011963474,-0.07316183,0.1630216,0.17868602
24.373188349496587,35.09782609021359,73.044136,3369599.8686790466,72.93469,0.90412813,0.121878356,0.19578716,0.28666952,0.55637425,0.05068983,0.4276321,0.025777046,0.30416295,0.047820076,0.108231835,0.11832535
24.47463793572534,35.15579704180788,74.131996,5615999.781131744,72.71911,0.21048918,0.09737685,0.0014541708,-1.4210252,-0.5096834,0.2822157,0.31798238,-0.24616122,-0.21531457,-0.10092048,-0.0052183345,0.1010553
24.423912946628306,35.13405791039468,84.735344,5356800.128746033,72.01221,-2.8915326e-06,-6.7639976e-06,0.3104942,-0.7924416,0.19931303,-0.13846284,-0.1682046,-0.30546942,0.46192175,-0.19674331,0.04793556,0.20249876
24.373188349496587,35.09782609021359,73.044136,9504000.051498413,73.05483,-0.9386123,-0.98919874,-0.14012128,1.0500128,0.75649726,0.23883465,0.025068704,-0.16459665,0.050302222,0.0742991,0.0468695,0.08784706
24.235507135886934,35.09782643790763,86.62735,1123200.0247836113,71.919014,-5.63136e-07,-1.2975198e-06,-0.25512382,-0.45844948,-0.08210114,0.121465415,-0.62806857,-0.31421927,-0.01843261,-0.15879998,0.001455836,0.15880665
24.503623143558386,34.916666955294566,80.479385,7603200.0411987305,71.565475,-0.0001426162,0.00026307555,0.50670683,-0.60879713,0.019612253,0.3620925,0.0041034743,-0.17675485,-0.6163752,-0.16272318,0.05126412,0.17060728
24.471014503837736,35.137681214861566,84.09494,16156800.087547302,72.60523,2.2041233e-05,-1.1926405e-06,-0.15907437,-0.4073321,-0.048711535,0.10397211,-0.011534028,0.3418809,0.03468903,-0.1827658,-0.044625312,0.18813494
24.525362323808892,35.01449270273921,80.76379,13305600.072097778,71.897484,0.00023054618,0.00010149157,0.023580736,-1.0906107,0.44804087,0.33193225,0.2803879,-0.08637488,-0.15834999,-0.13763848,0.07521314,0.15684824
24.53985505838052,35.14492730981283,78.72631,10799999.95880127,72.31469,0.00232717,0.0025833598,0.104864076,-0.93901813,-0.5237569,0.21192268,0.26092196,-0.13255847,0.19910052,-0.15267776,-0.071118966,0.16842923
24.528985389862203,35.079710263267266,73.800804,1641599.9465703964,72.78725,-0.3321073,0.07928288,0.52708375,-0.27211565,0.019381445,0.32509747,0.7104169,-0.24868801,0.12934363,-0.15272637,0.06664111,0.16663247
24.3985509616347,35.079710263267266,82.39983,9244799.850654602,72.23223,7.005341e-05,-5.6033377e-06,-0.0075808577,-1.044444,0.18968488,0.14225873,-0.30329713,-0.30775064,0.026871055,-0.1566492,0.0052420124,0.1567369
24.576087129988778,34.96376817111452,80.53768,6998399.938201904,71.64501,0.00024152188,0.00015249726,0.5364002,0.4729257,0.23712137,-0.1558001,-0.12906498,-0.05521795,-0.215686,0.119477436,0.054755364,0.13142683
24.626811465810288,35.05797113185407,83.9315,8380800.095272064,71.92142,2.3481673e-06,1.5361862e-05,0.3277622,0.41704497,0.31695643,-0.41055265,-0.21337226,0.27609986,0.3369545,0.17120586,0.08287758,0.19021079
24.33695651306752,35.26449269887389,75.24537,15465600.283241272,73.11032,-0.111983225,-0.07557603,0.17212564,-1.0224082,-0.19949327,0.33070338,-0.335161,-0.35130647,0.008383011,-0.1267785,-0.022683019,0.12879172
24.373188532413735,34.85507217391305,83.68782,14947199.88155365,72.034386,-5.980472e-06,1.1914339e-05,-0.26074225,-0.6237247,0.074506134,0.15623927,0.120643236,0.01752048,0.7543955,-0.1826305,0.020275317,0.18375252
24.2137679164399,35.101449394680465,78.1842,10454400.056648254,73.14335,0.0094321845,-0.004805632,-0.25851503,-0.22094825,0.59850764,-0.056508638,-0.3665406,-0.30425668,-0.2630859,-0.03286946,0.085920066,0.09199271
24.47463793572534,35.15579704180788,74.131996,6220799.884128571,72.76238,0.24891454,-0.10247291,-0.033238582,-1.5448556,-0.6099131,0.26061484,0.2337004,-0.25018907,-0.33324048,-0.14493306,-0.011727478,0.14540675
24.134057993885538,35.130434787333385,80.741425,5961600.231742859,72.70927,0.0006106378,0.00034861866,0.3185048,1.0350487,1.1015389,-0.23851776,-0.052111104,0.27465343,0.2540718,0.03705701,0.05767946,0.06855758
24.235507135886934,35.09782643790763,86.62735,8639999.747657776,72.58774,-2.6111869e-07,1.6354775e-06,-0.008237615,-0.48688635,-0.2408226,-0.07490841,0.08860028,-0.15893948,-0.18409571,-0.1335049,-0.050468206,0.1427256
24.235507135886934,35.09782643790763,86.62735,9504000.051498413,72.50951,-1.6696979e-06,-9.2836297e-07,0.013043828,-0.30794376,-0.21766053,-0.11429242,0.20270249,-0.09589208,-0.1475505,-0.11965853,-0.07024954,0.13875575
24.35507260113369,35.04710138474188,76.478294,1209599.9317646027,72.59132,0.026074497,0.026389299,0.075517945,0.024131984,-0.20761757,-0.056109972,-0.036724277,-0.06815164,0.08684762,0.02589448,-0.05108246,0.057270773
24.40579730278949,34.98550712868071,82.545616,9158400.149345398,71.98326,-1.10591245e-05,3.2000393e-05,-0.09018708,-0.7371658,0.0726859,0.31899512,-0.13698187,-0.06823501,-0.5273731,-0.23781413,0.009618193,0.23800854
24.43478277193275,35.06521686399416,78.38795,8639999.747657776,72.52688,0.0024237235,-0.00038140436,0.13452701,-0.24504422,0.3521686,0.47703502,0.40844992,-0.18311603,0.013236823,-0.056685057,0.07587503,0.09471122
24.409420264318722,35.137681214861566,85.684586,172800.00249445438,71.86435,-1.8273362e-06,-2.7773767e-06,0.14359003,-0.8763145,0.6528075,-0.040909067,-0.63578683,-0.087027654,0.27181745,-0.106506124,0.15178284,0.18542272
24.17028990870767,35.119565206509655,75.23819,2851200.015449524,72.29426,0.06447198,-0.055015408,0.19106582,0.6350832,0.92136407,-0.20529342,0.0539268,0.11976914,-0.20109385,0.1188861,0.1441906,0.18688187
24.003623304347823,35.192029209683014,80.788605,11231999.562263489,72.71987,0.00056546717,-0.00031669514,-0.24003139,0.82953584,0.62204635,0.1400112,-0.28297377,-0.03760595,-0.0278568,0.08878189,0.10465464,0.13724001
24.51086948471318,35.141304337922854,75.965324,10540799.757957458,72.88408,-0.051615063,-0.0011492989,0.031855263,-0.9542422,-0.5578463,0.121715784,0.16980013,-0.27887583,-0.3689367,-0.18170835,-0.1423464,0.23082551
24.619565229179578,35.18478278215484,82.255135,14169600.375938416,71.69291,-4.3453918e-05,-4.7337347e-05,0.15191811,-1.5848682,-0.46582085,0.34081697,0.014195342,-0.49078313,-0.26196334,-0.09004426,-0.06412962,0.110546716
24.282608510179216,35.10869565592019,73.044136,1123200.0247836113,73.287605,-0.79908967,-0.7628982,0.09022278,-0.62056553,0.74372303,0.07938479,0.16325891,-0.19766985,-0.3124934,-0.103352964,0.10180233,0.14507084
24.5036234048686,34.94565269942081,84.86278,11577599.464416504,71.86108,6.15951e-06,3.649787e-06,-0.3635526,-0.34773952,0.15505962,-0.150716,-0.30976552,0.21500754,0.10432437,-0.07313822,0.029279172,0.07878115
24.264492787947336,35.06521739309379,75.914215,3715200.0450611115,72.188416,-0.02645986,-0.017443826,0.2683962,1.1281502,0.8134701,-0.056327917,0.0007425472,0.0071849115,0.14480126,0.15654409,0.10023326,0.18588372
24.351449221508126,35.36231895652174,77.53338,16243199.788856506,73.09862,0.014305445,0.0016276301,0.30807176,0.4391882,0.28712377,0.5748869,0.14400925,-0.16334933,0.6958262,0.27479813,0.21940099,0.35164016
24.202898613755877,35.17753635462667,82.22561,14860800.180244446,72.79326,0.00014916305,-2.489776e-06,-0.16513452,0.5551646,0.16039804,0.051097207,0.014058817,0.34107026,0.20448238,0.10699474,0.046210214,0.11654724
24.72463775080654,35.097825908808005,83.506035,5184000.177669525,72.120766,-4.4459557e-06,2.6173815e-05,-0.03805259,1.1728002,0.19551425,-0.16117823,-0.116660304,0.26237056,0.32635793,0.14467716,-0.024326786,0.14670812
24.365941903817713,35.11594190204278,77.940506,12873600.46863556,72.97181,0.009990485,-0.010299141,-0.018418975,-0.51521397,0.05922398,-0.17681271,0.09383415,-0.16330682,-0.017851494,-0.09988973,0.0022589564,0.09991527
24.579710091518006,35.06884069756067,84.24473,1468799.9954938889,71.67405,-7.5590497e-06,-4.2892007e-06,0.15198827,-0.30860478,0.34866384,0.20408669,0.00897561,-0.077466644,0.049415495,-0.028599724,0.12885754,0.13199322
24.40217392316393,35.07246365433351,77.73675,7689599.742507935,72.68822,-0.007855506,-0.008006563,0.07289868,-0.28662425,0.46889946,0.36636722,0.16852823,-0.25493404,-0.32381955,-0.093355045,0.0850544,0.12629099
24.264492787947336,35.06521739309379,75.914215,7862400.2420425415,72.696075,0.044504836,-0.027605781,-0.07737956,1.8957683,1.2649244,-0.010551155,0.016651165,0.1594963,-0.15966675,0.11269268,0.03959669,0.1194468
24.409420264318722,35.097825908808005,75.01247,9849599.953651428,73.35586,0.21297999,0.1425531,-0.13433215,-0.09850578,0.32349443,0.066779315,0.018210374,-0.2660032,-0.33613107,-0.023586407,0.026472077,0.035455458
24.423912946628306,35.16304383214723,83.815254,7775999.992275238,72.171745,1.8414235e-05,-2.2071996e-05,0.25808844,-0.79982495,0.24374405,0.30520937,-0.15863988,-0.3279591,0.21474034,-0.15109648,0.032784954,0.1546124
24.47463793572534,35.15579704180788,74.131996,6393599.835205078,72.775955,0.2804134,-0.0286485,-0.04367497,-1.5744649,-0.6326587,0.255195,0.21465743,-0.25129586,-0.36471698,-0.15962751,-0.013324363,0.16018265
24.85869584610084,35.31159408476158,76.05999,5875199.981975555,71.65054,0.012210131,-0.014010547,0.29190576,0.31374744,-0.23648395,0.24395189,0.5586064,-0.3276141,0.4312689,0.14863086,-0.079630405,0.1686183
24.40579730278949,34.98550712868071,82.545616,6220799.884128571,71.8278,-4.829561e-05,1.0022724e-05,0.17902803,-1.3136182,0.019322045,-0.09433604,-0.675826,-0.26021236,-0.71413416,-0.17482667,-0.025148882,0.17662625
24.2137679164399,35.101449394680465,78.1842,3887999.996137619,72.56119,0.0052369125,0.0051783067,0.27017358,0.40280828,0.8969485,-0.4476781,-0.056369416,0.2503658,-0.031057008,0.045958094,0.22494143,0.22958831
24.608695560661264,35.210145036629335,80.071884,8467199.796581268,71.46044,-0.00014644579,-8.564829e-05,0.37115365,-0.44043738,-0.65,0.29089445,0.32981652,0.032277934,-0.03823968,-0.12047643,-0.15119483,0.19332471
24.677536062942007,35.07971042955572,84.775665,13391999.773406982,72.2959,-1.6972851e-07,8.903596e-06,-0.16112548,-0.5278543,0.34291816,-0.020887531,0.07785354,-0.10627101,-0.14813006,-0.23278643,0.08746208,0.24867477
24.003623304347823,35.192029209683014,80.788605,14256000.07724762,72.85484,0.00023505441,-0.00035895724,-0.3730576,0.44708523,0.27354005,-0.1622237,-0.5591954,0.08551447,-0.09092968,0.11791802,0.090833865,0.14884707
24.43478277193275,35.06521686399416,78.38795,14083199.577713013,72.48127,-0.0023006704,-0.002501054,0.14061992,-0.41295934,0.27648225,0.07419489,0.20087111,-0.27235717,0.14903168,-0.124103315,0.07446113,0.14472765
24.880434869565217,35.11594208344836,73.60822,17625600.494384766,73.440605,-0.83118063,-0.83992314,0.01132413,0.2712136,0.19884777,0.48637143,0.065175384,-0.29749995,0.2544664,0.13979515,0.14525193,0.20159565
24.57608686867857,35.22463755910878,78.28966,18057600.097846985,72.049446,-0.0016304592,0.0009714316,0.29577047,-1.5720254,1.0812246,0.7190091,-0.371177,-0.39254612,-0.12992302,-0.22869435,0.13456775,0.26534805
24.782608584568965,35.06521774078783,85.492004,950400.0051498413,71.87008,-2.410811e-06,3.1080524e-06,0.16882902,0.21827647,0.47931,0.2979024,0.043164454,0.3968416,-0.69329596,0.10513547,0.14606583,0.1799686
24.278985574781007,35.18478260074926,85.36457,2332799.8879909515,72.205666,4.1850894e-06,4.221904e-06,0.1606245,0.13580029,0.19242372,-0.24374312,-0.15422496,0.029107634,0.30761936,0.051621966,0.14868242,0.15738897
24.822463669968496,35.11956556932083,79.471794,8899199.948501587,72.21927,0.00038026212,-0.0011621478,0.15746585,0.44049796,-0.29352558,-0.19251886,-0.1028141,0.29186726,0.14739513,0.14368078,-0.15828869,0.21377435
24.282608510179216,35.10869565592019,73.044136,16070400.386238098,72.52638,0.36786747,0.57200634,0.12928347,1.0176477,-0.24101366,-0.084605195,0.18085074,-0.049125142,0.31864697,0.1173058,-0.020768493,0.1191301
24.51086948471318,35.141304337922854,75.965324,691200.0099778175,72.31361,0.020840961,-0.0088172415,0.3090618,-0.8099164,0.014343273,-0.07466302,0.2987861,-0.08553154,0.06973897,-0.20964721,-0.039727837,0.21337819
24.579710091518006,35.06884069756067,84.24473,12268800.365638733,72.55688,3.851275e-06,1.868858e-05,-0.015547179,-0.18348783,0.39314994,0.11332999,0.25713444,-0.029230546,-0.05388926,-0.07308178,0.11790183,0.13871478
24.202898613755877,35.17753635462667,82.22561,1123200.0247836113,73.14965,0.00015864188,-0.00023447665,0.06384889,-0.037168853,0.37580392,-0.24395704,-0.2366665,-0.19255164,0.006510049,-0.0140182525,0.110999666,0.11188135
24.278985653174068,35.159420527680346,80.15937,15206400.082397461,72.91097,0.0007540248,-0.00044187787,0.038359232,-0.69341195,0.32337928,0.49155745,-0.19304964,0.057773344,0.36408,-0.18899503,0.12707351,0.22774284
24.782608584568965,35.06521774078783,85.492004,17712000.19569397,71.36014,1.7608647e-06,1.6470434e-06,-0.13041332,-1.5622203,0.7055065,0.16869164,-0.058875173,-0.45685512,0.26653153,-0.1573407,0.08047871,0.17672838
24.278985653174068,35.159420527680346,80.15937,5529600.07982254,72.53187,-0.00050299976,-0.0005969456,0.1968686,-0.5179199,0.48485014,-0.21218967,-0.4369541,0.124526456,-0.08836328,-0.16213103,0.115629844,0.19913997
24.16304339770124,35.14130418675153,77.183464,1555199.9710321426,73.02909,-0.009588714,0.0084411595,0.18777838,0.37646183,0.9542862,-0.4924807,0.3431977,0.31996417,-0.26111832,0.10477476,0.20536666,0.23054981
24.15217408195171,35.09782609021359,90.079155,16329599.49016571,71.56316,-3.92566e-08,-2.1589019e-08,-0.10447503,0.9050611,-0.23672776,-0.19697568,0.04434898,0.78639495,0.72848386,0.16707747,-0.052094173,0.17501052
24.659420157792983,35.13768139626715,82.9603,16934399.593162537,71.40161,-1.0462801e-05,1.3455769e-05,0.05550033,-1.5669608,0.60549605,0.32708517,-0.23947316,-0.24883674,-0.26802075,-0.1389467,0.046845034,0.14663097
24.525362323808892,35.01449270273921,80.76379,18403200.0,71.59252,-9.34221e-05,-0.00020197078,0.0155092105,-1.8579975,0.3949608,0.30315644,-0.054543167,-0.19620533,0.10595031,-0.1381671,0.0030595362,0.13820097
24.586956589458925,35.03623181903528,81.050644,3110399.9420642853,71.592354,0.0001637509,0.00013170597,0.23451,0.3480214,-0.30709067,0.09875934,-0.15920934,-0.15874337,0.0079764,0.12412059,-0.08323768,0.14944708
24.43478277193275,35.06521686399416,78.38795,14860800.180244446,72.38603,-0.0014508012,-0.0006388604,0.1460849,-0.51599836,0.25969726,0.07452776,0.07512954,-0.32311276,0.0037156176,-0.09668028,0.06227675,0.11500205
24.340579735906957,35.22101461745307,78.71513,6220799.884128571,72.58513,0.0030546058,0.0020081273,0.040362824,-1.57358,-0.5313035,0.0022697896,-0.44596344,-0.050875466,-0.66294587,-0.2799222,-0.06279856,0.28687993
24.782608584568965,35.06521774078783,85.492004,259199.99517202377,71.723656,-1.4349487e-06,-6.864155e-07,0.24249041,0.08729188,0.503085,0.31537956,0.036467794,0.3598337,-0.7392825,0.06887186,0.13986588,0.15590316
24.369565205050215,35.10507235145331,81.59638,3283199.893140793,72.30736,-0.00014237253,-8.6216685e-05,-0.05428026,-0.6381383,0.545312,-0.054860346,-0.26413876,-0.21532027,0.35142335,-0.1195581,0.09295931,0.15144496
24.15942034471344,35.02536261613985,84.04098,4060799.9472141266,72.89624,2.1741396e-05,-6.9502594e-06,-0.015994318,-0.7714169,-0.13221541,-0.14964837,-0.17105764,-0.37666065,-0.17858663,-0.20056559,-0.03394158,0.20341727
24.423912946628306,35.13405791039468,84.735344,12614400.267791748,72.82996,-3.893012e-06,-1.6648379e-05,0.052731663,0.13897711,0.1327009,-0.0760716,0.17299274,0.19380975,0.26627538,0.09421908,0.07129474,0.118153185
24.46739112421217,35.10507235145331,77.031204,1123200.0247836113,72.30535,0.004254995,0.0064484505,0.24883094,-0.4261725,-0.1699827,-0.2196517,0.031628307,-0.0976176,0.17013079,-0.14781813,-0.013888426,0.14846915
24.365941903817713,35.11594190204278,77.940506,864000.0296115875,72.73661,-0.00034273785,-0.005887936,0.3262908,-0.9430113,0.36606437,0.040478613,-0.097815625,-0.087160856,0.2826031,-0.31207955,0.17056006,0.35564643
24.72463775080654,35.097825908808005,83.506035,15811200.185394287,71.40533,3.960933e-06,3.2227942e-06,-0.09583459,-1.7102524,0.42813334,0.19509457,0.03720703,-0.36639154,-0.12385029,-0.1517218,0.034522355,0.1555998
24.521739153231497,35.18115965909355,80.50853,15811200.185394287,71.87883,0.00018313482,0.0002324274,0.07068838,-1.6510211,0.023880146,0.39474472,-0.11267569,-0.36927223,-0.2040467,-0.18413001,-0.0009751683,0.18413259
24.068840433535758,35.17753635462667,82.62194,11145599.860954285,72.47149,-5.6922785e-05,-5.9388305e-05,-0.15460649,0.9136176,0.5310307,0.18231964,0.030079653,-0.059879865,-0.021257792,0.18449049,0.07052106,0.1975094
24.40217392316393,35.07246365433351,77.73675,16416000.288391113,72.43078,0.006335041,0.007519583,0.1655001,-0.24552163,0.11889631,0.0005772412,-0.18048748,-0.16863252,-0.15564528,-0.025840916,0.02661997,0.03709954
24.423912946628306,35.16304383214723,83.815254,2073599.9613761902,72.347145,-2.5134028e-05,-2.5488702e-05,-0.11474726,-0.39702,0.66616243,-0.04846739,-0.21728027,0.021107443,0.3795279,-0.14934556,0.24183108,0.28422943
24.373188349496587,35.09782609021359,73.044136,691200.0099778175,73.06493,0.96640086,0.7662313,0.36847028,-0.41828498,0.6480983,0.13007982,0.3114237,-0.15383074,-0.058667377,-0.069826595,0.116927296,0.1361901
24.336956356281394,35.12681217825459,78.56935,11664000.262641907,72.965004,0.005393526,-0.0026851364,-0.21275192,-0.5400966,0.051833183,-0.009367041,0.026012525,-0.20979261,0.033685632,-0.13779712,-0.004850596,0.13788247
24.068840433535758,35.050724689208764,75.1399,2764800.03991127,71.904076,-0.048898328,-0.050672587,0.32083625,0.5456649,-0.32515195,-0.2858107,0.13616216,-0.17735837,-0.2335895,0.063518114,-0.03672184,0.073369235
24.17028990870767,35.119565206509655,75.23819,3715200.0450611115,72.15002,0.041371338,-0.05820649,0.15784937,0.9020164,0.95002013,-0.15866935,0.0029021613,0.18300194,-0.041663885,0.15642452,0.14242798,0.21155226
24.358695745580064,35.14492749121842,79.46463,7948799.943351746,72.473335,-0.0015969006,0.00030454644,-0.28787133,-1.2324187,-0.15732579,0.078410536,-0.46749827,-0.29885754,-0.2122891,-0.1991374,-0.032043993,0.20169908
24.52536253285706,35.05797113185407,79.99595,14169600.375938416,71.9538,0.0006062811,0.00043804158,-0.0030588433,-1.2272662,0.13476463,0.1674053,0.25557294,-0.2936085,-0.13643757,-0.1620317,0.010837004,0.16239369
24.068840433535758,35.17753635462667,82.62194,14342399.778556824,72.27586,6.489451e-05,-1.2915336e-05,-0.24865654,0.6040745,0.15454103,-0.048710905,-0.06261536,0.1320368,0.03682507,0.0773429,0.046970792,0.09048855
24.52536253285706,35.05797113185407,79.99595,3110399.9420642853,71.70934,0.00012518142,-0.00036100546,0.07816792,-0.3396867,-0.21110882,0.09754592,-0.41062462,-0.20226566,0.21067029,-0.12394491,-0.058308996,0.13697547
24.2137679164399,35.101449394680465,78.1842,12268800.365638733,73.2733,-0.0040634093,-0.010310663,-0.052719414,-0.69565177,0.47626758,-0.159504,-0.2185891,-0.23057131,-0.103462555,-0.16014326,0.083431736,0.1805733
24.507246627708035,35.15217355593542,72.15966,4492800.099134445,72.86965,0.45566276,0.5104209,0.22441104,-1.1626843,-0.26622793,0.3237894,0.829539,-0.25504297,0.23039588,-0.21886337,-0.0260811,0.22041188
24.57246390714934,35.13405809180027,82.83649,15551999.984550476,71.83251,3.9789174e-05,2.8824335e-05,-0.08072177,-1.4177231,0.06405069,0.26701614,-0.051193446,-0.16364922,-0.20584145,-0.1514008,-0.005910188,0.15151611
24.336956356281394,35.12681217825459,78.56935,14169600.375938416,72.790405,-0.0033465212,-0.0048795557,0.1784693,-0.88310075,0.12141076,0.032817997,0.08427091,-0.16692385,0.0078453105,-0.10774182,-0.010632664,0.10826519
24.782608584568965,35.06521774078783,85.492004,6047999.933052063,72.37799,5.3932577e-06,1.352398e-06,-0.101883925,0.989079,0.41285908,-0.12298895,-0.122788616,0.45609337,-0.049534507,0.10235454,0.045444682,0.1119896
24.423912946628306,35.13405791039468,84.735344,15292799.783706665,72.7688,-1.3801956e-06,1.6143738e-05,-0.06788663,0.15183035,-0.045502294,0.062689774,0.18569916,0.36618072,0.20800409,0.11771769,-0.041686177,0.12488071
24.17028990870767,35.119565206509655,75.23819,15897599.886703491,72.29689,0.061537836,0.062580764,0.37591842,0.10125518,0.24786864,-0.25346643,-0.37038174,0.24904698,0.064477846,0.054724142,0.12152201,0.13327539
24.423912946628306,35.13405791039468,84.735344,5788799.732208252,72.03194,5.0443606e-07,-7.926334e-06,0.32392865,-0.8227433,0.19063866,-0.1275186,-0.1939367,-0.33187428,0.40354577,-0.18478411,0.040698335,0.1892129
24.503623143558386,34.916666955294566,80.479385,11923200.463485718,71.75978,-1.817975e-05,-0.00021092492,0.35173792,-1.3109515,0.24427338,0.40087843,0.021544954,0.018691078,-0.42562374,-0.18552074,0.059887834,0.19494742
24.152173912100075,34.942029039701325,85.189964,86400.00124722719,72.36451,4.1585704e-06,2.7142466e-06,0.024858689,-0.07894691,-0.1502124,0.19458714,-0.10978558,-0.16544348,0.22987878,-0.1343916,-0.17971313,0.22440569
24.134057993885538,35.130434787333385,80.741425,11231999.562263489,73.06815,0.00033125884,0.00069963984,-0.13760129,0.30130628,0.28718007,-0.06454692,-0.4915252,-0.037339825,0.11470083,0.14611985,0.13064931,0.19601084
24.503623143558386,34.916666955294566,80.479385,6566399.786281586,71.62957,8.742303e-05,-0.00020411696,0.48050436,-0.5346159,0.011813421,0.2521454,-0.05231338,-0.22771405,-0.48404464,-0.2040546,0.037670966,0.20750272
24.15942034471344,35.02536261613985,84.04098,12527999.469566345,72.78,-6.8335175e-06,3.0990468e-05,-0.024033584,-0.4428849,-0.25172243,0.21124691,0.32343116,0.006850917,0.2364561,-0.084610194,-0.052077353,0.09935258
24.152173912100075,34.942029039701325,85.189964,3887999.996137619,73.148,-1.267913e-05,1.5255935e-05,-0.13500947,-0.94777596,-0.32056302,0.19307026,-0.38337377,-0.22254619,-0.16513234,-0.25665486,-0.10926688,0.27894616
24.503623143558386,34.916666955294566,80.479385,13910400.175094604,71.68756,-0.0002609815,0.00018522872,0.2550753,-1.2651693,0.54964894,0.4010749,-0.007854328,-0.06489876,-0.27128828,-0.20493035,0.111389875,0.23324698
24.268116089179838,35.07971042955572,81.07262,7343999.840354919,72.417015,0.00033393095,0.0001995953,-0.08088816,-1.2210356,0.07749084,-0.23307762,-0.31826884,-0.2826446,-0.076253265,-0.10233588,-0.043055296,0.111024275
24.235507135886934,35.09782643790763,86.62735,12182399.56741333,72.149284,1.5921687e-06,1.035477e-06,0.1602172,0.18661478,-0.22968741,-0.0060418397,0.60784245,0.15102324,0.30316705,0.10782164,-0.08880386,0.13968405
24.373188532413735,34.85507217391305,83.68782,1728000.059223175,72.37328,1.5434305e-05,-2.4391817e-05,0.23216438,-0.40071362,0.27330008,0.16676767,-0.02195584,-0.16092601,-0.2950733,-0.10336877,0.10911127,0.15030093
24.278985653174068,35.159420527680346,80.15937,7862400.2420425415,72.70221,0.00017954175,0.0005924795,0.034764946,-0.7096777,0.33283728,0.017046921,-0.57394046,-0.14302996,-0.16875854,-0.2091578,0.08585862,0.22609441
24.268116089179838,35.07971042955572,81.07262,15120000.381088257,72.68078,-0.00029775128,-0.00036367672,0.05812684,-0.7109182,0.39909098,0.36197135,-0.18354723,0.07618746,-0.05044254,-0.09529041,0.08371809,0.12684235
24.85869584610084,35.31159408476158,76.05999,1209599.9317646027,70.83619,-0.0042972537,-0.005123136,0.19756302,0.92156506,1.0548959,0.22271547,-0.18559876,-0.5752903,0.4871379,0.0977185,0.097787604,0.1382437
24.358695745580064,35.14492749121842,79.46463,9763200.252342224,72.78634,-0.0020409343,-0.00182358,-0.27815354,-0.9097791,-0.2109948,0.17618452,-0.23341656,-0.3156936,-0.06514049,-0.20730962,-0.034170076,0.2101068
24.275362351941567,35.02173896397893,79.32639,1123200.0247836113,72.67062,-0.001965144,-0.0021755765,0.18631485,-0.22210181,-0.060329933,-0.2370671,0.03253089,-0.08815845,0.14069086,-0.10108678,-0.0034915283,0.10114706
24.880434869565217,35.11594208344836,73.60822,3974399.971675873,72.46121,0.28284138,-0.34671456,0.21342993,-0.46613178,-0.39894998,0.15684898,0.2600751,0.33167595,-0.16950431,-0.1079104,-0.09633987,0.1446583
24.351449221508126,35.36231895652174,77.53338,2332799.8879909515,71.933784,-0.005124436,0.0044333898,-0.3781084,-0.6281992,-0.9952322,0.047963697,0.3336192,-0.013593372,-0.94081634,-0.111376986,-0.15407574,0.1901162
24.57246390714934,35.13405809180027,82.83649,172800.00249445438,71.72153,1.526804e-05,-2.0386336e-05,-0.29657394,-0.25071007,0.48201847,-0.0815557,0.029134208,-0.24256468,0.027795715,-0.11644803,0.12638539,0.17185287
24.655797039477626,35.09782643790763,82.953125,15120000.381088257,71.66334,1.1828089e-05,2.7689466e-05,-0.18435675,-1.595926,0.14242582,0.24099979,0.09649095,-0.23567207,-0.20483962,-0.18613422,0.008345783,0.18632123
24.282608510179216,35.10869565592019,73.044136,3628800.0695228577,73.02596,-0.94805825,0.94786245,0.107586436,0.4416583,0.7428114,-0.021166489,0.19408152,0.17476301,0.11995969,0.061039075,0.17469597,0.18505256
24.43478251062254,35.050724689208764,81.254395,9071999.899578094,71.948555,3.819503e-05,-0.00012091501,0.19001096,-0.52939403,0.40291852,0.37435734,0.013589457,-0.23535578,-0.04174593,-0.17317963,0.0861089,0.19340612
24.619565229179578,35.18478278215484,82.255135,12787199.670410156,71.76554,-2.006792e-05,4.156033e-05,0.2401433,-1.6240203,-0.73315555,0.29082617,0.085687436,-0.4584826,-0.16121498,-0.12363203,-0.08842403,0.15199897
24.16304339770124,35.14130418675153,77.183464,14687999.680709839,73.1525,-0.01061139,-0.005542587,0.2931166,-0.35833815,0.4902822,-0.21537742,-0.43922618,0.15715125,0.17287299,-0.11974387,0.11201701,0.16397074
24.731884091961334,34.88405773852335,82.62194,259199.99517202377,72.13554,5.810011e-05,4.1242605e-05,0.13863996,0.21287781,-0.2488014,0.29835698,0.43494847,0.2928827,-0.19784349,0.098374754,-0.10411099,0.14323649
24.528985389862203,35.079710263267266,73.800804,15120000.381088257,73.62083,-0.7630082,0.23035587,0.33365515,0.092625156,-0.69476974,-0.30106926,0.10403384,-0.6705259,-0.2006988,0.0822968,-0.34480777,0.3544928
24.525362323808892,35.01449270273921,80.76379,432000.01480579376,72.34235,-0.00035900983,-0.00015894994,-0.28848726,-0.09744204,-0.52089995,0.02037568,0.44858128,-0.15238741,0.007771561,-0.014323533,-0.16726404,0.16787621
24.507246627708035,35.15217355593542,72.15966,17884799.598312378,73.73135,-0.066448495,-0.17568353,-0.1172676,0.8490349,-0.67143613,-0.0031961724,0.20492637,-0.4623571,-0.28302753,0.1873944,-0.13158299,0.2289776
24.286231733018653,35.16304365074164,82.86601,7171199.889278412,72.675644,-8.192913e-05,-8.972655e-06,0.059862144,-0.30129367,0.31874955,0.03267531,-0.30674365,-0.34894928,0.09151776,-0.12827389,0.117029876,0.17363808
24.202898613755877,35.17753635462667,82.22561,7084800.187969208,72.75249,0.00015012267,4.1064017e-05,0.24825513,0.94660556,0.85966176,-0.02430012,-0.109058656,-0.05819627,0.0058934037,0.05999838,0.07958716,0.09966906
24.423912946628306,35.13405791039468,84.735344,11318400.360488892,72.76105,-1.288025e-05,1.6021015e-05,0.0586292,0.05898516,0.25080562,-0.067963295,0.09177418,0.09379235,0.22250459,0.053801328,0.15885583,0.16771927
24.2137679164399,35.101449394680465,78.1842,2592000.0888347626,72.72558,0.004581253,-0.00053214363,0.24922821,0.24086651,0.85298276,-0.4770543,0.056531236,0.23383266,-0.04224538,0.04460709,0.23045447,0.23473188
24.800724541980035,35.0326085145684,80.91604,4319999.873828888,72.74596,0.0005401445,0.00026031485,0.22750595,1.2602977,0.074467994,0.15962145,0.14223814,0.1198823,0.35863537,0.32082313,0.046081856,0.32411575
24.586956589458925,35.03623181903528,81.050644,2332799.8879909515,71.69455,9.160098e-05,-0.00016232044,0.09988359,0.19073477,-0.451019,0.111062735,0.024052868,-0.13627446,-0.028502535,0.073109955,-0.09689665,0.12138379
24.340579657513896,35.072464168316,77.031204,15811200.185394287,72.50236,0.013577141,-0.005436666,0.29244703,0.08213803,0.18302028,-0.09346507,-0.24887526,0.024918012,-0.14544031,0.079666704,0.06777914,0.10459826
24.471014503837736,35.137681214861566,84.09494,1987199.9858379364,72.00315,-1.3362765e-05,-1.1714947e-05,-0.01505854,-0.47177505,0.684432,-0.00994008,-0.16391164,-0.04019422,0.465172,-0.072578885,0.07942311,0.10759054
24.286231733018653,35.16304365074164,82.86601,14601599.979400635,72.71854,-4.058606e-05,8.7542256e-05,-0.08340608,0.25286114,-0.04995651,0.0019553006,0.1278514,0.4562649,0.18423703,0.12108323,-0.016664296,0.12222458
24.177536001617764,35.01449252133363,77.3516,10540799.757957458,72.637054,0.0038466752,-0.00039516168,-0.17259905,1.0905524,0.5619093,0.050660364,0.15230253,-0.15573236,0.0965195,0.11599698,0.08062829,0.14126648
24.623188347494935,34.98550731008629,86.27349,3887999.996137619,71.21931,7.297958e-09,9.1253133e-07,-0.00044622272,0.5191952,0.6897746,0.4121897,0.19496861,0.04367312,0.17425439,0.15878582,0.111058965,0.19377056
24.264492787947336,35.06521739309379,75.914215,17712000.19569397,72.641785,-0.047648046,-0.0035761124,0.30904502,0.50985324,-0.19585167,-0.100464396,-0.13222662,0.30704865,0.09388414,0.18755114,-0.060611077,0.19710183
24.728260869121893,35.15579704180788,79.23173,9676799.454116821,71.674065,-0.0008855335,0.00094201125,0.2884473,0.06352411,-0.6095836,-0.17019606,0.19268993,0.24442235,-0.10547266,0.010004617,-0.1422902,0.14264148
24.293478074173446,35.130434424522214,78.52256,4924799.976825714,72.659,-0.0043827365,0.004512098,0.03571383,-0.6012008,0.5633444,-0.34557444,-0.45376673,0.15456443,-0.13733825,-0.16308206,0.16831887,0.23436509
24.659420157792983,35.13768139626715,82.9603,14515200.27809143,71.730194,3.2312328e-05,2.5709283e-05,-0.06225715,-1.4599478,-0.121535555,0.3294044,0.059755284,-0.44964188,-0.28017226,-0.12743782,-0.049335256,0.13665418
24.46739112421217,35.10507235145331,77.031204,9158400.149345398,72.924576,-0.022795847,-0.022695292,-0.07676025,-1.0422053,-0.28100067,0.18872285,0.081033796,-0.16154277,-0.053701803,-0.21489632,-0.08991061,0.23294708
24.608695560661264,35.210145036629335,80.071884,11923200.463485718,71.41504,-0.00034442524,8.517748e-05,0.4655549,-0.9370718,-0.5470512,0.12111425,0.13774484,-0.0919359,-0.19418782,-0.21550101,-0.093646914,0.234969
24.409420264318722,35.097825908808005,75.01247,4060799.9472141266,72.52201,-0.066476755,0.009772288,0.2294336,-0.1607324,0.4430534,0.24457487,0.07099494,0.0040136687,0.33321697,-0.029973295,0.07958227,0.085039616
24.3913043591697,35.05434799367564,86.750465,13910400.175094604,72.0688,1.2139096e-06,-1.107112e-06,0.091385126,0.7373905,0.08253835,0.069874644,0.5994364,0.37909707,0.5189113,0.18547341,0.028921325,0.18771476
24.3985509616347,35.079710263267266,82.39983,13305600.072097778,72.55301,-0.000104485225,7.997776e-05,-0.12159983,-0.5678853,0.079780765,0.21369764,0.28361845,0.10864422,0.10956713,-0.17293645,0.039788656,0.17745465
24.442029139218562,35.043478080275,76.86345,12873600.46863556,73.01146,-0.003206698,0.027304538,0.2662092,0.08183348,0.28220242,0.03200032,0.39813682,-0.17270124,0.18424118,0.017321147,0.039586253,0.043209877
24.271739312019278,35.0833337340226,74.97577,4406400.123596191,72.269295,-0.07455414,-0.06506973,0.19222075,1.2734083,0.96241736,0.03051943,0.05640936,0.21615198,0.20225924,0.19054511,0.14391908,0.2387889
24.264492787947336,35.06521739309379,75.914215,16761600.190544128,72.43465,-0.03870359,0.023082828,0.3630296,0.39285144,-0.038035322,-0.08282385,-0.22286007,0.2398602,-0.01761869,0.14535254,-0.04104678,0.15103708
24.171296292717127,35.10648163098043,78.049835,7516799.791431427,72.49377,0.0057744635,-0.00055952114,0.0020319633,1.3830848,1.0431676,-0.16129228,-0.3445691,0.24172622,0.32349607,0.115581,0.11325449,0.16181949
24.782608845879178,35.07246365433351,80.82854,16156800.087547302,70.64764,-3.8342303e-05,-4.8077793e-05,-0.015800148,-1.4658142,0.12404175,0.12996754,0.08267567,-0.2533316,-0.17151812,-0.20148334,0.016921878,0.2021927
24.3913043591697,35.05434799367564,86.750465,11145599.860954285,72.35268,1.5305318e-07,1.6939352e-07,-0.11555035,0.062548846,0.39324415,-0.23669386,0.07342178,0.11136265,0.08031489,0.048413932,0.16729613,0.17416057
24.141304256647267,35.05072417522627,80.839714,10108800.15449524,72.99523,0.00020344362,0.000333698,-0.28590125,-0.5557584,-0.24747656,-0.24133095,-0.29752597,-0.2538323,0.07698247,-0.062571414,-0.032164365,0.070354305
24.40579730278949,34.98550712868071,82.545616,7343999.840354919,71.87169,-1.8798453e-05,-4.6341862e-05,0.09175232,-1.1084117,0.05710639,0.10465071,-0.5339214,-0.21094662,-0.7231181,-0.21657497,-0.028589807,0.21845387
24.57608686867857,35.22463755910878,78.28966,11318400.360488892,71.92875,0.0014532844,-0.002363743,0.4549408,-0.77740335,-0.54643995,0.1195941,0.33475834,-0.04563435,-0.2521796,-0.15947528,-0.13494872,0.20891032
24.134057993885538,35.130434787333385,80.741425,2073599.9613761902,72.83648,0.00010537615,-0.000564494,0.12634933,0.61421955,0.98000103,-0.30370116,-0.05472178,0.11262548,0.2386756,0.09927961,0.098168075,0.13961881
24.528985389862203,35.079710263267266,73.800804,16675200.489234924,73.80245,-0.9015788,-0.9259285,0.29807478,0.6960882,-0.5983646,-0.21326914,0.09974271,-0.6433798,0.0058492757,0.24851662,-0.27731618,0.37237722
24.503623143558386,34.916666955294566,80.479385,10195199.855804443,71.72755,0.00018245005,-0.00019986695,0.42242137,-0.97093666,0.07159078,0.42482018,0.10378887,-0.010538777,-0.5946172,-0.18469484,-0.007055007,0.18482953
24.06159400092239,35.235507653915,77.223785,9849599.953651428,73.54023,0.033048462,0.0025534334,0.069694676,2.0412629,1.0477911,0.08989103,-0.4380985,-0.012073638,0.47080997,0.1697484,0.12807746,0.21264608
24.659420157792983,35.13768139626715,82.9603,7171199.889278412,71.85372,6.2532517e-06,-7.3136225e-06,-0.0058508515,0.5869583,-0.087132886,-0.063496284,-0.3217151,-0.1486952,0.35142922,0.17339721,-0.07530674,0.18904418
24.15942034471344,35.02536261613985,84.04098,16588799.691009521,72.52887,4.6117475e-06,2.1264845e-05,0.18411914,-0.20752127,0.4080687,0.40235385,0.15032087,0.3484738,0.28656355,-0.062300693,0.15182719,0.16411237
24.880434869565217,35.11594208344836,73.60822,12441599.768257141,73.63007,0.51257193,0.6176182,-0.28751376,-0.15385447,0.39206368,0.09377125,0.1592205,-0.080234796,0.2601326,-0.04600046,0.1726512,0.17867422
24.242753659958876,34.931159481553294,83.59315,8985600.19826889,72.43235,-4.1977078e-06,-2.6209236e-05,-0.42039058,-1.629743,-0.565856,0.40718648,-0.13271561,-0.39093804,-0.20223957,-0.27428117,-0.11337869,0.296791
24.608695560661264,35.210145036629335,80.071884,8208000.144195557,71.43163,-0.00022114634,6.313657e-05,0.34027642,-0.42258742,-0.6589141,0.28521279,0.32353234,0.02308071,-0.027335603,-0.11453165,-0.1457708,0.18538238
24.264492787947336,35.06521739309379,75.914215,7689599.742507935,72.6735,0.012853293,-0.049641196,-0.058641292,1.9317797,1.260421,-0.0012587607,0.032945648,0.18340991,-0.118825994,0.10486162,0.038850203,0.11182709
24.141304256647267,35.05072417522627,80.839714,18143999.79915619,72.413124,3.0159083e-05,-0.00042609245,0.16224837,-0.52186334,0.79467386,0.5351139,-0.24756739,-0.044518404,-0.2654305,-0.031398103,0.118956104,0.12303006
24.16304339770124,35.14130418675153,77.183464,4665599.775981903,72.37458,0.010846132,0.009556611,0.29041624,1.2463485,1.1188672,-0.2557995,0.099323496,0.3421372,-0.03281475,0.110897996,0.1298346,0.1707495
24.202898613755877,35.17753635462667,82.22561,7171199.889278412,72.75877,0.00016002862,7.956424e-06,0.23846826,0.94839454,0.861629,-0.021127395,-0.11617916,-0.056127153,0.005069185,0.06010115,0.08098242,0.10084791
24.40579722439643,35.07608730649443,81.130585,9935999.654960632,72.22816,2.7327102e-05,-0.00021896268,0.029340163,-0.6228641,0.29389033,0.43300635,0.16066998,-0.22783466,0.18830925,-0.19058016,0.04830131,0.19660573
24.3985509616347,35.079710263267266,82.39983,2678400.0643730164,72.25633,-8.04921e-05,-3.6125995e-05,0.016257875,-0.54571074,0.49945807,-0.14201319,-0.37369618,-0.25432265,0.26371422,-0.19012795,0.12041807,0.22505367
24.275362351941567,35.02173896397893,79.32639,3887999.996137619,72.35866,0.0010502537,-0.0010980887,0.2964741,-0.10652751,0.12645061,-0.38911313,0.053531982,-0.044671316,-0.048594974,-0.060529366,0.019232465,0.06351135
24.46739112421217,35.10507235145331,77.031204,13132799.572563171,72.929955,-0.022564404,-0.013725174,0.12582493,-0.25326654,-0.011104841,-0.007089369,0.13621846,-0.2798952,-0.006206408,-0.16305777,-0.02572237,0.16507415
24.528985389862203,35.079710263267266,73.800804,1468799.9954938889,72.79558,-0.11591198,0.2077865,0.5641132,-0.25926346,0.04813438,0.29904273,0.720532,-0.2364355,0.11508325,-0.1395098,0.06688583,0.1547149
24.47463793572534,35.15579704180788,74.131996,13305600.072097778,73.07572,-0.3691126,0.35881504,0.20278847,-0.8124405,-0.2857097,0.059530094,-0.05652447,-0.7414378,-0.55189204,-0.08404048,-0.04651051,0.09605222
24.340579657513896,35.072464168316,77.031204,9244799.850654602,73.029625,-0.024237063,-0.023965143,-0.21021819,0.53119135,0.7340333,-0.0053041503,0.15073039,-0.09636913,-0.42606634,0.06810437,0.105431154,0.12551467
24.409420342711783,35.02898555779556,73.23672,12009600.164794922,72.993065,0.78235346,0.75900793,-0.033571392,1.1108204,0.13519114,-0.090428166,0.07326706,-0.44607347,-0.12456275,0.2410476,-0.00412374,0.24108288
24.351449221508126,35.36231895652174,77.53338,4665599.775981903,71.930504,-0.0056025693,0.0045078737,-0.073023655,-1.443914,-1.5950092,0.13895655,0.28941602,-0.16530873,-0.69205624,-0.11690307,-0.09222935,0.1489046
24.46739112421217,35.10507235145331,77.031204,9504000.051498413,72.94789,-0.013191863,-0.012496126,-0.07706325,-0.98682976,-0.27187964,0.15337338,0.1145614,-0.14695752,-0.016953807,-0.20676658,-0.09032321,0.225634
24.358695745580064,35.14492749121842,79.46463,12873600.46863556,72.62341,-0.0010777488,-0.0012752805,0.0024513826,-0.9020227,-0.111179024,0.27402118,0.083979495,-0.20400576,0.31672287,-0.1200891,-0.024859607,0.1226352
24.3913043591697,35.05434799367564,86.750465,345600.00498890877,71.73519,-9.895075e-07,5.697496e-07,-0.0065840967,-1.3190329,0.120231494,0.3429353,-0.48664114,-0.14999339,0.15514667,-0.2663597,-0.03301198,0.2683976
24.521739153231497,35.18115965909355,80.50853,10972800.458335876,72.04036,0.00038517913,0.00040757377,0.31840292,-1.4132464,-0.6521325,0.42747667,0.1339035,-0.26909548,0.34010148,-0.20920405,-0.10297873,0.2331758
24.171296292717127,35.10648163098043,78.049835,7257600.139045715,72.48178,0.0059290426,-0.0024240075,0.036706503,1.4019389,1.0473393,-0.17298496,-0.30401954,0.26577657,0.33203766,0.12039451,0.11714359,0.16798054
24.373188349496587,35.09782609021359,73.044136,14428799.479866028,72.90606,0.8805754,0.5286342,0.12467385,0.76543796,-0.12060046,-0.20567739,-0.0049587674,-0.49783653,0.093119115,0.21817844,-0.06592001,0.22791946
24.57608686867857,35.22463755910878,78.28966,4406400.123596191,71.641716,0.0021602896,-0.00019223093,-0.14020655,-0.8565202,-0.47396553,0.12150156,-0.011538498,-0.23488416,0.10866895,-0.14615336,-0.04668598,0.15342876
24.351449221508126,35.36231895652174,77.53338,16934399.593162537,73.064995,0.00825051,0.0038879446,0.27974316,0.51598775,0.27495876,0.53725445,0.035486072,-0.17987089,0.7330765,0.2841513,0.19851607,0.34662744
24.32608705359737,35.05434782738719,80.59564,15033599.582862854,72.44415,-0.00028996766,0.00042393114,-0.017191999,-0.81822777,0.4651546,0.3389593,-0.101990856,-0.13562919,-0.23495996,-0.13703158,0.076463684,0.15692148
24.358695745580064,35.14492749121842,79.46463,13219200.370788574,72.60153,-0.0016356542,-0.00044989862,0.036103368,-0.92724574,-0.07439774,0.28540006,0.08651762,-0.19652902,0.30381513,-0.11824633,-0.019045234,0.119770266
24.623188347494935,34.98550731008629,86.27349,13046399.871253967,72.2496,-1.2647024e-06,5.1905937e-07,-0.21477076,-0.15885144,0.25946835,-0.32076314,0.11822887,0.14666487,0.20373997,-0.07766928,0.10111201,0.12749963
24.278985653174068,35.159420527680346,80.15937,13391999.773406982,72.84873,0.00065896555,-0.0009432037,0.029190844,-0.67458725,0.20648627,0.39134714,-0.1822305,-0.07854046,0.34020048,-0.2274395,0.14396809,0.26917565
24.626811465810288,35.05797113185407,83.9315,3887999.996137619,71.64812,-8.080383e-07,-4.524856e-06,0.23319522,0.7154001,0.40931165,0.008734234,-0.09630098,0.1248903,0.31870013,0.26267326,0.0904042,0.2777952
24.481884276880134,35.21376834109622,79.042,7603200.0411987305,71.87333,0.00022555742,-0.001191724,-0.13487476,-1.7550721,-1.2189434,0.05556286,-0.040064342,-0.2257469,-0.28290936,-0.26360917,-0.113120034,0.28685525
24.068840433535758,35.17753635462667,82.62194,16070400.386238098,72.418274,4.516203e-05,5.557206e-05,-0.10973454,0.17681602,0.1917112,-0.14238742,-0.20266256,0.16651578,-0.01921532,0.042307667,0.07786983,0.08862082
24.264492787947336,35.06521739309379,75.914215,17884799.598312378,72.68785,-0.005878179,0.024134727,0.29317924,0.53049576,-0.22303282,-0.11037677,-0.107362054,0.31900516,0.113524,0.18812807,-0.062147394,0.1981274
24.75362311542571,35.148550251468535,82.31272,4233599.898290634,72.2662,8.236844e-05,-6.1172314e-06,-0.32505652,0.6502663,0.14452323,-0.07768556,-0.24820498,0.3208892,0.09846908,0.24597666,0.010924965,0.24621914
24.579710091518006,35.06884069756067,84.24473,6912000.2368927,71.492546,-5.0670046e-06,7.143887e-07,0.33644658,0.32358897,0.5117217,-0.26137033,-0.3223842,0.12515867,0.6083098,0.15148473,0.14175977,0.20746917
24.340579735906957,35.22101461745307,78.71513,6047999.933052063,72.57404,0.0021584881,0.0018507164,0.035113666,-1.5574394,-0.5120926,-0.016005121,-0.44694212,-0.040904004,-0.66429645,-0.28905314,-0.06724297,0.29677153
24.57608686867857,35.22463755910878,78.28966,10972800.458335876,71.94787,0.001267496,-0.000631652,0.43201202,-0.7779572,-0.60328585,0.10615585,0.3672841,-0.0065735877,-0.27363583,-0.15348738,-0.13740349,0.2060051
24.409420342711783,35.02898555779556,73.23672,8812800.247192383,73.25442,-0.26304165,0.2403724,-0.063405044,0.72772884,0.3047938,-0.03576822,-0.06358263,0.14091894,-0.2637267,0.09022617,0.024817087,0.093576975
24.503623143558386,34.916666955294566,80.479385,2592000.0888347626,72.50239,0.00041362926,0.00015519514,0.06822579,0.054754853,-0.36414498,-0.21576846,0.30201614,-0.26353112,-0.23826724,-0.056613944,-0.18121445,0.18985209
24.47463793572534,35.15579704180788,74.131996,2332799.8879909515,72.925446,0.32866102,0.10042891,0.3659534,-0.96975315,0.31705624,0.2100628,0.49466458,-0.09148029,0.3642283,-0.14446655,0.066945285,0.15922391
24.3913043591697,35.05434799367564,86.750465,3023999.9665260315,71.76577,-1.0156284e-06,-9.242102e-07,-0.055671677,-1.9661293,-0.49768078,0.100096926,-0.59395313,-0.43387866,0.03945189,-0.086649105,-0.03153922,0.092210576
24.62318819070881,35.09782625650204,81.14894,777599.9855160713,71.55936,-0.00014533782,4.342592e-05,-0.2985704,-4.8846006e-05,-0.30359632,0.116552785,0.35077333,-0.17271322,0.018295411,0.034370035,-0.18258615,0.1857929
24.43478277193275,35.06521686399416,78.38795,18316800.298690796,72.26485,-0.0026289134,0.00030225038,-0.048351653,-0.7656286,-0.009083409,0.052107565,-0.06673166,-0.14957234,0.104253516,-0.12033284,0.0032691173,0.120377235
24.49275373635028,34.95652190987481,78.13308,11577599.464416504,72.38485,0.00479383,-0.0001461895,0.6181537,-0.84134185,0.30431813,0.1867137,0.3605453,0.08305172,-0.29724598,-0.25907806,0.1091512,0.2811324
24.51086948471318,35.141304337922854,75.965324,13564800.27294159,72.83796,-0.05267069,-0.053784065,0.24373618,-0.4772179,-0.1838921,0.19146106,0.044735603,-0.5551008,-0.3840374,-0.20280088,-0.07533102,0.21633992
24.659420157792983,35.13768139626715,82.9603,11231999.562263489,71.992966,1.5495902e-05,3.4594977e-05,0.13478182,-0.9504167,-0.5308711,0.20022447,0.08288345,-0.33386827,0.11400645,-0.14318705,-0.123707995,0.18922526
24.43478277193275,35.06521686399416,78.38795,5097599.927902222,72.16588,0.0031911102,0.003230447,0.17013842,-0.63181794,0.29540306,0.33253917,-0.27507538,-0.2829457,0.18316942,-0.108195506,0.026009794,0.11127792
24.242753659958876,34.931159481553294,83.59315,15811200.185394287,72.44761,3.42651e-05,-3.430416e-05,-0.3024571,-0.7918812,0.16988684,0.39669934,-0.1384351,-0.052086353,0.2763705,-0.11057058,0.0053636394,0.11070059
24.800724541980035,35.0326085145684,80.91604,7603200.0411987305,72.63052,-0.00044725835,0.00048021294,0.13997446,1.2596428,0.035293788,-0.40079632,0.15235165,0.058138967,0.34140003,0.15759614,-0.03896883,0.16234258
24.202898613755877,35.17753635462667,82.22561,15206400.082397461,72.84616,0.00014433866,-8.182231e-05,-0.17856425,0.47234008,0.1580906,0.06147556,0.005780801,0.3454497,0.20587671,0.095973894,0.046851903,0.10679929
24.171296292717127,35.10648163098043,78.049835,5097599.927902222,72.48625,0.005942335,0.005835851,0.31949612,1.0486124,1.0149894,-0.31046742,0.0055337735,0.29754975,0.10632656,0.092394605,0.17517956,0.19805211
24.822463669968496,35.11956556932083,79.471794,8467199.796581268,72.29456,-0.0005641802,-0.0013487097,0.22694716,0.49882028,-0.31515068,-0.2028555,-0.04881165,0.2948995,0.17400467,0.14920348,-0.14037979,0.20486131
24.3913043591697,35.05434799367564,86.750465,7343999.840354919,72.13374,-1.180213e-06,1.042313e-06,-0.11880312,-1.3748878,-0.24045552,-0.3007768,-0.35428837,-0.21783172,-0.15828711,-0.13531901,-0.066173255,0.15063244
24.409420264318722,35.137681214861566,85.684586,9676799.454116821,72.74214,5.992862e-06,-2.0839066e-06,0.15916404,0.1302917,0.49433616,-0.0063468814,0.09297852,-0.0043273233,0.06420346,0.07763246,0.2563936,0.26788893
24.57246390714934,35.13405809180027,82.83649,4838399.727058411,71.897606,3.9520626e-05,1.5627289e-05,0.04204326,-0.25179672,0.4012275,0.14742184,-0.4123549,-0.10004182,0.5343094,-0.069348,0.10544866,0.12620842
24.53985505838052,35.14492730981283,78.72631,14169600.375938416,71.99384,0.0016452752,0.0018191884,0.13873808,-1.0484796,-0.2708002,0.114361644,0.09963754,-0.46128386,-0.084136344,-0.15753672,-0.05995491,0.1685598
24.521739153231497,35.18115965909355,80.50853,11059200.15964508,72.02896,0.00037716684,0.000402557,0.3185737,-1.4117779,-0.6495956,0.42243692,0.13720445,-0.27223694,0.342751,-0.20875904,-0.09835478,0.23076828
24.141304256647267,35.05072417522627,80.839714,2678400.0643730164,72.48084,-4.3071268e-05,0.000114504866,0.503068,0.23490316,0.6184903,-0.34627527,0.26918316,-0.09373753,0.11969949,0.05829171,0.16777515,0.17761314
24.2137679164399,35.101449394680465,78.1842,12614400.267791748,73.251175,-0.0041875485,-0.0076755164,0.0025278628,-0.731338,0.46838248,-0.17509297,-0.21054244,-0.20163868,-0.08843416,-0.16847363,0.08614129,0.18921863
24.60144921950647,34.9456523441682,85.40489,6912000.2368927,71.41206,-2.0855457e-06,1.5175781e-06,0.245606,0.9917891,0.41800532,0.20100644,0.24813929,0.099786595,0.07601251,0.17079374,0.101585045,0.19872096
24.17028990870767,35.119565206509655,75.23819,10972800.458335876,73.10435,0.13334712,0.12737922,-0.21707189,0.43618378,1.0097388,-0.20753485,-0.42401594,-0.16106078,0.18601266,0.10150333,0.19725613,0.22183983
24.242753659958876,34.931159481553294,83.59315,5270399.878978729,72.727585,8.808796e-06,-4.241993e-05,0.08921264,-1.3970237,-0.5631942,0.09349899,-0.057688564,-0.30279437,-0.5061313,-0.22426513,-0.09934458,0.2452839
24.373188349496587,35.09782609021359,73.044136,16156800.087547302,72.84362,-0.24254486,-0.25289297,0.20302165,0.9811239,-0.53898466,-0.20426288,0.22141075,-0.26425907,0.20113567,0.20331182,-0.12044443,0.2363103
24.06159400092239,35.235507653915,77.223785,18403200.0,72.65912,0.010639802,0.0050901338,0.29585022,0.055008575,0.011648718,0.057537455,-0.28053176,-0.11202542,0.31835118,0.02467065,0.08416231,0.08770368
24.365941903817713,35.11594190204278,77.940506,12009600.164794922,72.99071,0.010409486,-0.0077194427,-0.15721372,-0.43755218,0.06907289,-0.15131328,0.07586732,-0.16740601,-0.024342746,-0.1020955,0.0076538622,0.102382
24.800724541980035,35.0326085145684,80.91604,2764800.03991127,72.4724,0.00041503157,-6.661336e-05,0.21413273,0.9524121,0.012540631,0.35524964,0.2363652,0.1401342,0.2864846,0.2582058,0.014729351,0.2586256
24.503623143558386,34.916666955294566,80.479385,16416000.288391113,71.45705,0.00010144006,0.00012622436,-0.046782613,-0.63292396,0.65661025,0.2723693,0.16512273,-0.1320022,0.17911068,-0.11346127,0.10066709,0.15168165
24.068840433535758,35.17753635462667,82.62194,13996799.876403809,72.30151,6.0547474e-05,-1.2852562e-05,-0.2620989,0.6451087,0.16584036,-0.017433621,-0.046859555,0.10531092,0.033061434,0.0811895,0.0539352,0.09747174
24.32608705359737,35.05434782738719,80.59564,604799.9658823013,72.468925,-0.00040936747,0.0002358189,-0.04690212,-0.7829484,0.07807818,0.032284178,-0.20356807,-0.060359895,0.28907722,-0.12813339,0.04835093,0.13695246
24.626811465810288,35.05797113185407,83.9315,14256000.07724762,72.09854,1.4574264e-05,-1.6475471e-05,-0.2693467,-0.79782295,0.22901754,0.128884,0.27906927,-0.006099241,-0.04349242,-0.18263009,0.09315952,0.20501816
24.40579730278949,34.98550712868071,82.545616,15120000.381088257,72.11242,-5.7879824e-05,6.020399e-05,-0.30245975,-0.9891974,0.41091093,0.31455132,0.029836496,0.08362958,0.058206536,-0.1334304,0.10543014,0.17005642
24.641304357168043,34.938405387540406,81.3883,14256000.07724762,71.295906,-1.4538893e-05,9.842432e-06,0.14593357,-0.57710797,0.66289085,0.20232925,-0.107834466,0.041605398,-0.027818527,-0.07436596,0.053122412,0.09139085
24.16304339770124,35.14130418675153,77.183464,3110399.9420642853,72.59217,0.014587262,0.009550779,0.27530706,0.8343731,1.0482004,-0.44271415,0.23902026,0.30708417,-0.17508715,0.13847758,0.17613384,0.22405171
24.282608510179216,35.10869565592019,73.044136,15120000.381088257,72.52924,-0.3329484,0.13514118,0.11668079,1.0474604,0.13845408,-0.012940735,0.0924018,-0.14735244,0.34378868,0.13596515,0.043659654,0.14280297
24.60144921950647,34.9456523441682,85.40489,15551999.984550476,71.84304,-1.5827612e-07,-2.5407533e-06,-0.22274369,-0.31745952,0.12936524,-0.21521688,0.15241793,0.03306877,0.4675933,-0.1528343,0.079721875,0.1723772
24.880434869565217,35.11594208344836,73.60822,15206400.082397461,73.694984,0.59962505,-0.69638467,-0.2354117,0.1432338,0.31785667,0.31593972,0.11065664,-0.22968991,0.34796363,0.028712206,0.15214492,0.15483046
24.409420185925658,35.126811301460926,78.58091,6047999.933052063,72.29645,0.0004528422,-0.0030680432,-0.19691905,-1.5250916,-0.10509387,0.17881432,-0.43745124,-0.31708273,-0.09279475,-0.16122574,-0.050234895,0.16887061
24.49275373635028,34.95652190987481,78.13308,8553600.046348572,72.50549,-0.0044499924,0.0030371053,0.5927414,-0.7642698,0.1806651,0.18388918,0.20433673,-0.087853774,-0.4736294,-0.19438499,0.050573528,0.20085618
24.32608705359737,35.05434782738719,80.59564,13737599.675559998,72.515686,-0.0005596062,0.00058724714,-0.01594606,-0.7701285,0.39921957,0.3940778,0.1442022,-0.1568146,-0.055148162,-0.10770158,0.019061059,0.10937529
24.471014503837736,35.137681214861566,84.09494,17625600.494384766,72.50628,-1.014837e-05,-2.985007e-06,-0.20690471,-0.56446356,0.03800159,0.20967007,-0.109413825,0.45220688,-0.10189172,-0.3107212,-0.0013035238,0.31072393
24.275362351941567,35.02173896397893,79.32639,2419199.8635292053,72.4979,-0.0016068976,0.00061434583,0.26318175,-0.20059931,0.0030379482,-0.39667258,-0.016923182,-0.06579029,0.017185781,-0.092340544,-0.021646628,0.094843835
24.576087129988778,34.96376817111452,80.53768,14601599.979400635,71.562485,0.00018987876,-0.00014949897,0.10811086,-1.2598768,0.6430979,0.2479277,-0.08457286,-0.056983046,-0.15311313,-0.17838758,0.08014352,0.19556357
24.40579722439643,35.07608730649443,81.130585,3456000.11844635,72.02974,-0.00019658155,-5.038084e-05,0.061766736,-0.65973043,0.50776577,-0.10428063,-0.5442483,-0.27170134,0.29386878,-0.17790312,0.1194505,0.21428472
24.373188532413735,34.85507217391305,83.68782,864000.0296115875,72.49209,1.3393202e-05,1.488648e-07,0.17553833,-0.23558563,0.17969167,0.16029242,-0.050697796,-0.21052548,-0.30097586,-0.15290122,0.11464286,0.19110669
24.242753659958876,34.931159481553294,83.59315,5443199.830055237,72.73108,1.4662983e-05,-4.1245137e-05,0.06918374,-1.4770187,-0.56001955,0.12087482,-0.07788334,-0.31891602,-0.5048168,-0.23446925,-0.09011671,0.25119087
24.55072462237475,35.07608730649443,88.70044,7257600.139045715,72.31682,-2.5267235e-07,-2.0964889e-07,-0.10491497,-0.006082386,0.6471363,0.2183947,0.15148172,0.08712969,-0.12561849,0.023058355,0.16716826,0.16875105
24.003623304347823,35.192029209683014,80.788605,8380800.095272064,72.668755,0.0005583033,-0.0005123033,0.044877794,2.0151825,1.2963384,0.03932253,0.037011385,0.2027573,0.28435618,0.14414465,0.10956033,0.18105565
24.528985389862203,35.079710263267266,73.800804,15033599.582862854,73.61058,-0.751608,-0.042587657,0.33292204,0.06008497,-0.69843644,-0.30580518,0.10319021,-0.6679262,-0.21267974,0.07402547,-0.34181017,0.34973413
24.55072462237475,35.07608730649443,88.70044,6566399.786281586,72.15267,-2.3860008e-07,-1.7851461e-07,-0.10643796,-0.195174,0.5282091,0.29695067,0.16893253,0.010943562,0.037367944,-0.013774782,0.12884952,0.12958373
24.576087129988778,34.96376817111452,80.53768,11577599.464416504,71.65109,-4.794712e-05,9.177861e-05,0.32533818,-0.3727209,0.7107045,0.24863091,0.08641951,0.2091627,-0.1958321,-0.059384346,0.16852501,0.17868178
24.46739112421217,35.10507235145331,77.031204,14342399.778556824,72.81535,0.0052068625,-0.02015792,0.20202264,-0.15193744,-0.0010688566,0.020011254,0.048892833,-0.3681403,-0.14582142,-0.13718177,-0.05361428,0.14728656
24.677536062942007,35.07971042955572,84.775665,7516799.791431427,72.07998,-5.7248503e-06,8.133777e-06,0.1414356,0.56033623,0.29017025,-0.30777785,-0.21402192,0.17320883,0.18752462,0.21602339,0.111711875,0.24319878
24.409420264318722,35.097825908808005,75.01247,17020800.39138794,73.05296,-0.12646985,-0.1502418,0.22282752,0.52531445,-0.53534526,-0.17407957,-0.0019227639,-0.03180614,0.049803294,0.13012603,-0.09982651,0.16400646
24.43478251062254,35.050724689208764,81.254395,10195199.855804443,72.10417,0.00012620173,-0.00021546733,0.14413653,-0.54931545,0.4159148,0.48397106,0.25963083,-0.15952574,0.09714625,-0.13795131,0.06147758,0.15102999
24.46739112421217,35.10507235145331,77.031204,14256000.07724762,72.82853,0.0014275092,-0.020762196,0.19739437,-0.14894268,0.001721751,0.018733129,0.056342013,-0.361969,-0.13312036,-0.13946047,-0.05144044,0.14864503
24.373188349496587,35.09782609021359,73.044136,16070400.386238098,72.84283,-0.3638338,-0.44817042,0.20253867,0.97312593,-0.522764,-0.20510527,0.21138698,-0.27437365,0.19770098,0.20693824,-0.1234368,0.24095659
24.43478251062254,35.050724689208764,81.254395,3974399.971675873,71.81075,-0.00016118545,-7.2182665e-05,0.21387136,-0.85038984,0.38977155,-0.22723329,-0.79499817,-0.31472433,0.044248626,-0.15604663,0.06301732,0.16829063
24.373188349496587,35.09782609021359,73.044136,1209599.9317646027,73.01467,0.44016486,-0.1896339,0.29714498,-0.2758724,0.6204157,0.12137647,0.37315953,-0.13662797,0.02903104,-0.0625648,0.111907065,0.128209
24.880434869565217,35.11594208344836,73.60822,7171199.889278412,72.42507,-0.25236022,-0.28205395,0.046570208,-0.5940119,-0.49549478,-0.07738779,0.27898926,0.51877356,-0.06793801,-0.15126467,-0.15192734,0.21438964
24.55434784521419,35.039855304907746,78.730316,16847999.891853333,71.721344,-0.00075281557,-0.0014927401,0.19091731,-1.5109676,0.036224805,0.18071172,0.024241824,-0.52133274,-0.10694424,-0.18519212,0.031017885,0.18777175
24.75362311542571,35.148550251468535,82.31272,7257600.139045715,72.1798,8.873604e-06,8.484867e-05,-0.06672557,1.2639568,-0.22230454,-0.07739546,-0.123449154,0.08335011,0.1104603,0.2566012,-0.10820073,0.27848086
24.51086948471318,35.141304337922854,75.965324,13910400.175094604,72.81137,-0.04929928,-0.04842828,0.2472035,-0.45361942,-0.17505087,0.20081197,0.038170993,-0.58129406,-0.39233088,-0.19093472,-0.08013205,0.20706813
24.003623304347823,35.192029209683014,80.788605,6480000.084972382,72.47239,0.00037111877,0.0001400409,0.23927951,2.066455,1.6349268,-0.116268896,0.04467535,0.15757628,0.3741264,0.24460804,0.17020279,0.2979968
24.85869584610084,35.31159408476158,76.05999,2073599.9613761902,70.96004,-0.008936189,0.0027464791,0.26426357,0.8777715,0.76414484,0.17740735,-0.111121185,-0.5687504,0.48942363,0.105733246,0.07736838,0.13101673
24.514492864338745,35.152173737341,77.98083,4406400.123596191,71.882515,0.00018083434,-0.0018717574,0.046480842,-1.1433518,-0.25961515,0.17485625,-0.4077647,-0.33272666,0.086052924,-0.16981219,-0.009454304,0.17007518
24.57246390714934,35.13405809180027,82.83649,6998399.938201904,71.80966,1.3466566e-05,3.7259142e-05,0.17152238,-0.28390604,0.16799177,0.13278487,-0.39316428,-0.36464423,0.5442293,-0.042443376,0.017437026,0.04588562
24.55072462237475,35.07608730649443,88.70044,17539199.696159363,73.18697,1.6823998e-07,-6.945396e-08,-0.1774303,1.343139,-0.010849986,-0.15231755,-0.13405955,0.5987643,0.38677707,0.1264748,0.019513987,0.12797137
24.171296292717127,35.10648163098043,78.049835,4406400.123596191,72.48342,0.005862459,0.0058748024,0.35433102,0.94101036,0.99987274,-0.38222033,0.076117516,0.29732475,0.020360176,0.09766136,0.18740305,0.21132356
24.46739112421217,35.10507235145331,77.031204,12441599.768257141,72.94457,-0.01951222,-0.007914364,0.078381635,-0.42028445,-0.056549046,-0.01706183,0.16425951,-0.23636353,0.029648637,-0.16477612,-0.026359245,0.16687115
24.369565205050215,35.10507235145331,81.59638,6134400.182819366,71.99273,4.984432e-05,-9.701443e-05,-0.047925726,-1.3896145,0.08881557,-0.20463726,-0.61748296,-0.44246513,0.08277063,-0.14188673,0.013188124,0.14249831
24.003623304347823,35.192029209683014,80.788605,3715200.0450611115,72.62074,0.00014512324,0.00053605187,0.34654683,0.95155644,1.5832001,-0.04125601,0.0022686794,-0.1897112,0.17222592,0.09934537,0.16032581,0.18861036
24.53985505838052,35.14492730981283,78.72631,259199.99517202377,71.83965,-0.00043212392,0.0017308048,-0.04529489,-0.30470282,-0.103776306,-0.18914855,0.2868916,-0.20341028,-0.021325193,-0.087758005,-0.007907689,0.088113554
24.608695560661264,35.210145036629335,80.071884,8121599.894428253,71.42186,-0.00024206101,0.00011730116,0.32935312,-0.41798347,-0.6603327,0.2831054,0.32039657,0.020014726,-0.0238912,-0.11282155,-0.14398591,0.18292251
24.202898613755877,35.17753635462667,82.22561,11577599.464416504,72.67112,0.00014967227,2.8311777e-06,-0.16671893,0.9740448,0.48503828,-0.020217657,-0.19067737,0.16157436,0.090441585,0.14232191,0.054623842,0.15244438
24.293478074173446,35.130434424522214,78.52256,17798399.897003174,72.641525,0.004432112,0.0023308482,0.0079603195,-0.3185786,0.4042184,0.32053822,-0.15202776,0.15853968,0.0008976776,-0.048220843,0.15585974,0.16314873
24.572463802625258,35.028985391507106,77.31845,14774400.478935242,72.31887,-0.009169821,-0.009886108,0.33684662,-0.7351326,-0.1372361,0.2472128,0.32170105,-0.48167512,-0.11274438,-0.17035364,-0.038628325,0.17467831
24.655797039477626,35.09782643790763,82.953125,12700799.969100952,72.01924,1.2921147e-06,4.2356653e-05,-0.103109576,-0.9672117,-0.1699201,0.2118482,0.20089039,-0.22410488,-0.0035823807,-0.14542705,-0.026853874,0.14788562
24.49275373635028,35.04710138474188,79.64641,8467199.796581268,71.98488,0.0006899087,-0.0006707035,0.40496576,-0.31452945,0.38350984,0.45675305,0.17045632,-0.20419316,0.114087075,-0.07303004,0.03931595,0.08294053
24.264492787947336,35.06521739309379,75.914215,5788799.732208252,72.40488,-0.03893053,-0.026822973,0.13522947,1.8103667,1.0590686,0.021584786,0.14753872,0.26829872,0.23061335,0.1383285,0.035568833,0.14282827
24.16304339770124,35.14130418675153,77.183464,5270399.878978729,72.35925,0.010554671,0.011175624,0.25553018,1.4160753,1.1577916,-0.18788841,0.006508723,0.3555705,0.043877628,0.09628851,0.10635054,0.14346398
24.572463802625258,35.028985391507106,77.31845,13219200.370788574,72.4819,-0.011453882,-0.011414307,0.27799797,-0.6207416,-0.031730723,0.19516546,0.4193415,-0.1876352,0.03696478,-0.1528692,-0.012787055,0.15340306
24.47463793572534,35.15579704180788,74.131996,10799999.95880127,73.19454,-0.41258883,0.3515866,0.08326164,-1.3595595,-0.47982818,0.1641922,0.03837034,-0.6546341,-0.71424204,-0.14819425,-0.063288644,0.16114277
24.141304256647267,35.05072417522627,80.839714,10799999.95880127,73.023506,0.0007298325,0.00074225635,-0.27424502,-0.6799183,-0.27173686,-0.1636408,-0.30399027,-0.2976844,0.02690948,-0.090955436,-0.046566576,0.10218286
24.242753659958876,34.931159481553294,83.59315,14342399.778556824,72.6964,-2.2670734e-05,-1.9503766e-05,-0.41847324,-0.76056445,-0.048854653,0.35044205,-0.086255975,-0.013897508,0.23036072,-0.10534785,-0.032555066,0.11026333
24.068840433535758,35.17753635462667,82.62194,7862400.2420425415,72.27498,-1.9446044e-05,6.935128e-05,0.117892765,2.0854158,1.081403,-0.008604437,0.21075806,0.1202417,0.28955722,0.20704001,0.08025385,0.2220501
24.275362351941567,35.02173896397893,79.32639,11059200.15964508,72.748146,-0.0018074838,0.0023188393,-0.09507748,-0.3272264,0.24299368,0.33766308,0.42699686,-0.21219131,-0.1201931,-0.121178165,0.051806264,0.13178785
24.235507135886934,35.09782643790763,86.62735,777599.9855160713,71.942604,-2.3401661e-07,-1.1918778e-06,-0.2776012,-0.4652297,-0.0108486,0.14316079,-0.67300314,-0.32171413,-0.0064991303,-0.16606872,0.016249835,0.16686185
24.52536253285706,35.05797113185407,79.99595,864000.0296115875,72.04669,-0.0003789813,-0.0005780948,-0.30304858,-0.023328595,-0.3852246,-0.045975618,0.35830897,-0.11879486,0.11983297,0.010518864,-0.2320656,0.23230387
24.423912946628306,35.13405791039468,84.735344,14083199.577713013,72.88415,1.5172911e-06,-1.8238714e-05,0.020228062,0.19158459,0.02157608,-0.022565551,0.2155875,0.29014686,0.25629565,0.12608469,0.0050375834,0.12618528
24.264492787947336,35.06521739309379,75.914215,2592000.0888347626,72.29917,0.004666189,-0.02155702,0.28777522,0.7223104,0.67211074,-0.05974648,-0.0028379,-0.14209095,0.039686203,0.10754447,0.08471806,0.13690494
24.171296292717127,35.10648163098043,78.049835,11923200.463485718,73.40375,0.01384948,0.012682556,-0.118653126,-0.26060128,0.62257314,-0.17240551,-0.4783179,-0.18433295,0.022285935,-0.05726649,0.09506993,0.11098533
24.235507135886934,35.09782643790763,86.62735,2937599.9909877777,71.87025,7.591197e-07,1.215543e-06,-0.12651673,-0.5966941,-0.25918782,0.02933412,-0.5166609,-0.32466498,-0.014789145,-0.16657154,-0.04783168,0.17330305
24.731883987437246,34.999999998854186,80.17734,10281599.557113647,72.032425,0.00050410465,-0.00013817355,-0.2398493,0.14674452,0.20066574,-0.3472773,-0.14302891,0.17855419,0.16315386,0.04403171,0.060571425,0.074884504
24.586956589458925,35.03623181903528,81.050644,5443199.830055237,71.6954,0.00015243438,-3.1532592e-05,0.47707155,0.45131078,-0.008749392,-0.11697938,-0.45438537,-0.06909586,0.21615803,0.13868941,-0.043717653,0.1454166
24.171296292717127,35.10648163098043,78.049835,2246400.0495672226,72.74696,0.007145144,-0.003197799,0.25900865,0.5307292,0.87901264,-0.5354258,0.25662085,0.27789226,-0.11627025,0.13865885,0.26628733,0.3002253
24.51086948471318,35.141304337922854,75.965324,13651199.974250793,72.83214,-0.050875254,-0.05157974,0.24490419,-0.4703407,-0.1811115,0.19410625,0.04279327,-0.5621406,-0.38624185,-0.20030865,-0.076513804,0.21442461
24.409420185925658,35.126811301460926,78.58091,5011200.226593018,72.20484,0.0020262091,0.0013089194,-0.11113452,-1.477108,0.021802511,0.12256652,-0.5371972,-0.2722959,0.083076,-0.15496218,-0.031656705,0.15816265
24.47463793572534,35.15579704180788,74.131996,11836799.665260315,73.159645,-0.3957022,0.40561137,0.19909185,-1.1847649,-0.3472139,0.08510365,-0.050494894,-0.73005235,-0.67175674,-0.11062381,-0.030013949,0.11462314
24.72463775080654,35.097825908808005,83.506035,1123200.0247836113,71.93611,2.0022877e-05,2.3373996e-05,-0.22189713,0.5244912,0.13706598,0.15020615,0.3088045,0.2173526,-0.38185778,0.15924114,0.03570044,0.16319394
24.655797039477626,35.09782643790763,82.953125,7603200.0411987305,71.94255,3.1688167e-05,1.4320658e-05,0.21832895,0.59113693,-0.06003386,-0.24255323,-0.22979409,0.04294604,0.57040316,0.16826488,-0.08201872,0.18719012
24.409420264318722,35.137681214861566,85.684586,3110399.9420642853,71.80243,1.7351905e-06,-2.7817914e-06,0.28451452,-0.5817858,0.2544295,-0.17812255,-0.27997604,-0.06298912,0.65262234,-0.17988215,0.112552054,0.21219225
24.409420264318722,35.137681214861566,85.684586,12960000.169944763,72.75505,-6.295895e-06,-5.008121e-06,0.057266083,0.41927752,0.22448562,0.04377448,0.24014196,0.18299066,0.28531092,0.21525382,0.0844294,0.23121965
24.800724541980035,35.0326085145684,80.91604,11577599.464416504,71.65055,0.00014164305,-0.000117584495,-0.3614067,-0.21808532,0.19782941,-0.15355387,-0.21301404,0.08274974,0.23867428,-0.06837117,0.060715526,0.091438465
24.068840433535758,35.050724689208764,75.1399,2592000.0888347626,71.954926,-0.053211246,-0.051692426,0.31062868,0.46131012,-0.36573145,-0.27420652,0.15617496,-0.21005169,-0.26615787,0.05367694,-0.04242769,0.068420194
24.06159400092239,35.235507653915,77.223785,1900800.0102996826,73.18876,0.024172299,0.024019912,-0.0019929335,0.5110198,0.5782623,-0.15405336,0.010653194,-0.103065945,-0.7606479,0.17827001,0.15624301,0.23704869
24.800724541980035,35.0326085145684,80.91604,4060799.9472141266,72.71362,0.0005148027,6.4051805e-05,0.22748843,1.220979,0.07335369,0.20422891,0.1576598,0.12556952,0.35483977,0.32687786,0.043256387,0.32972753
24.626811465810288,35.05797113185407,83.9315,9763200.252342224,72.15731,-1.8898892e-05,1.9494569e-06,0.23660365,0.16090763,0.36348245,-0.26336902,-0.06670089,0.22994494,0.06974444,0.048419077,0.12972295,0.13846463
24.293478074173446,35.130434424522214,78.52256,8899199.948501587,73.048874,-0.0054332726,-0.004320876,-0.36463898,-0.07390008,0.43392345,-0.04666636,-0.4902108,-0.19463277,-0.48093644,-0.036124602,0.069499046,0.0783269
24.278985574781007,35.18478260074926,85.36457,17539199.696159363,71.72211,3.0257731e-06,1.9972313e-07,-0.5492846,0.4499779,-0.4834885,-0.17780024,0.00056867674,0.4957609,0.2602006,0.09629218,-0.07707957,0.1233428
24.57246390714934,35.13405809180027,82.83649,10108800.15449524,72.130394,-3.9993934e-05,-4.587714e-05,0.2353858,-1.07598,-0.36176366,0.1801317,0.043402605,-0.29464456,0.377463,-0.04218465,-0.076624654,0.087469324
24.278985574781007,35.18478260074926,85.36457,11318400.360488892,72.50443,-3.1259583e-07,-3.2487185e-06,0.12047575,0.8569653,0.3806981,-0.008093394,0.20098123,0.29623374,0.2366023,0.32520735,0.15723038,0.36122182
24.068840433535758,35.17753635462667,82.62194,5011200.226593018,72.148315,6.6707585e-06,2.5065623e-05,0.2665257,1.3641864,1.1975671,0.014456481,0.17764613,-0.020372588,0.19790453,0.15724936,0.109554306,0.19164944
24.16304339770124,35.14130418675153,77.183464,13737599.675559998,73.3179,-0.026728213,-0.027660897,0.1642074,-0.29739848,0.5981748,-0.24047026,-0.53219897,0.0713015,0.16297379,-0.08487012,0.12918228,0.15456714
24.409420185925658,35.126811301460926,78.58091,4665599.775981903,72.191315,-0.0003972183,0.0009210693,-0.079084255,-1.4167851,0.067893706,0.1084084,-0.5607311,-0.25609097,0.13831896,-0.15709883,-0.019258842,0.1582749
24.47463793572534,35.15579704180788,74.131996,8812800.247192383,73.09748,-0.38504416,-0.27261564,-0.125482,-1.6285737,-0.7056709,0.24383011,0.13912135,-0.39055955,-0.6700881,-0.19359499,-0.089536585,0.21329749
24.655797039477626,35.09782643790763,82.953125,14687999.680709839,71.750786,1.5478445e-05,3.2794524e-05,-0.1924735,-1.5013739,0.05957309,0.23874632,0.12786657,-0.2452775,-0.19871297,-0.16554882,-0.0009993464,0.16555183
24.068840433535758,35.050724689208764,75.1399,9071999.899578094,72.20015,0.06627681,0.06668543,-0.24412003,1.7208953,0.7573607,0.23309541,-0.01954566,0.07599177,0.7613132,0.1826304,0.07588886,0.19777003
24.003623304347823,35.192029209683014,80.788605,18403200.0,72.80101,-0.00029998456,0.0005894601,0.24613926,0.02322577,0.44075152,-0.05294002,-0.37046507,-0.07133733,0.09688979,0.03946492,0.17265849,0.17711136
24.525362323808892,35.01449270273921,80.76379,7084800.187969208,71.67816,0.0002225582,2.8238223e-05,0.5537757,0.23432401,0.43650025,0.059412513,-0.29428443,-0.11634359,-0.118781604,0.043426543,0.062023528,0.07571514
24.35507260113369,35.04710138474188,76.478294,1814400.0347614288,72.523605,0.01498768,0.019028742,0.07367264,0.15024433,-0.13509366,-0.08768604,-0.0685268,-0.031009674,0.096644305,0.07654202,-0.027722951,0.081407875
24.068840433535758,35.17753635462667,82.62194,2073599.9613761902,72.611435,-5.1121297e-06,9.695991e-05,0.3324933,0.40950307,0.93724155,0.101943895,-0.20681897,-0.18030497,0.27112406,0.08855145,0.1522704,0.17614664
24.278985653174068,35.159420527680346,80.15937,2332799.8879909515,72.76578,-0.001047064,-0.00088253955,-0.02569729,-0.83856046,0.4901576,-0.28868225,-0.23911414,0.13020055,-0.14304247,-0.17840415,0.07265165,0.19262996
24.202898613755877,35.17753635462667,82.22561,15033599.582862854,72.82037,0.0001478049,-4.142317e-05,-0.17142135,0.51345944,0.1584978,0.056328267,0.010643434,0.34374836,0.2054286,0.101455785,0.046485662,0.11159836
24.271739312019278,35.0833337340226,74.97577,5961600.231742859,72.41348,0.08987073,0.093442574,0.087074295,1.660077,1.1013967,0.0310889,0.07232468,0.35601437,0.23342311,0.19999498,0.100656234,0.22389655
24.24275355543479,35.275361916886446,83.709785,1987199.9858379364,72.95128,3.941494e-05,2.0724208e-05,0.25479582,0.41296193,0.79593414,-0.24223447,-0.036122985,0.16454008,-0.07541117,0.13517931,0.20660338,0.24689756
24.264492787947336,35.06521739309379,75.914215,7257600.139045715,72.61313,-0.04672399,-0.045982756,-0.011781335,1.9832987,1.2330732,0.015954308,0.07772128,0.23531872,-0.012073759,0.096494295,0.03719993,0.103416555
24.62318819070881,35.09782625650204,81.14894,5356800.128746033,71.909904,1.776526e-05,-0.00019228444,0.283993,0.44016287,0.016026143,0.35001138,-0.23925164,-0.119148254,0.49557915,0.16416614,-0.0056452453,0.16426317
24.55434784521419,35.039855304907746,78.730316,3369599.8686790466,71.8813,0.0017842341,0.0017014272,0.037177652,-0.27902776,-0.7893652,0.116084754,-0.08157804,-0.22622247,0.16214445,-0.038550124,-0.22444779,0.22773433
24.3985509616347,35.079710263267266,82.39983,10454400.056648254,72.36294,2.751075e-06,8.516846e-05,-0.0070244893,-0.74243927,0.2319185,0.22084406,0.016612954,-0.16353786,0.17697778,-0.12680097,-0.004003629,0.12686417
24.586956589458925,35.03623181903528,81.050644,6652800.036048889,71.7932,8.074875e-06,-0.00019206226,0.4970282,0.47294262,0.08511924,-0.23977506,-0.41501108,0.045560062,0.29959777,0.1683613,-0.04065238,0.17319973
24.286231733018653,35.16304365074164,82.86601,3369599.8686790466,72.62667,-7.376439e-05,-1.0214933e-05,-0.09128799,-0.07552868,0.5295988,-0.12581119,-0.16851237,-0.07446928,0.11338638,-0.027068444,0.21099475,0.21272397
24.33695651306752,35.26449269887389,75.24537,2246400.0495672226,73.19782,0.14540447,0.11176117,-0.34138718,-0.7479259,-0.46982473,-0.08257798,0.30334428,0.0029325075,-0.13004816,-0.16329876,-0.06122173,0.17439777
24.409420264318722,35.097825908808005,75.01247,10454400.056648254,73.37008,0.22040729,0.16289218,-0.13676295,0.100631654,0.33747005,0.039813895,0.05759663,-0.32017842,-0.2892112,0.009718314,0.03880614,0.04000453
24.507246627708035,35.15217355593542,72.15966,13824000.4737854,72.73486,-0.52869564,-0.44144252,0.24881211,-0.07437122,-0.5725322,-0.35455436,0.10740927,-0.43723434,-0.44149634,0.002130717,-0.08267023,0.08269768
24.528985389862203,35.079710263267266,73.800804,9158400.149345398,73.09544,-0.52162814,-0.522257,0.02574856,-1.3618382,-0.8012628,-0.024077833,-0.071630664,-0.07175842,-0.2180526,-0.08859956,-0.0814504,0.120349705
24.481884276880134,35.21376834109622,79.042,8208000.144195557,71.93142,-0.0013778076,-0.0013905397,-0.08837696,-1.7059433,-1.2295382,0.0935121,0.024364088,-0.20348129,-0.26427656,-0.25737596,-0.14225438,0.2940726
24.55072462237475,35.07608730649443,88.70044,1123200.0247836113,71.37789,-5.5082907e-08,-3.4083154e-08,0.43504983,0.10860309,0.804435,0.4373009,-0.012951218,0.093593255,0.66523844,0.07243173,0.19810024,0.21092667
24.32608705359737,35.05434782738719,80.59564,8726399.99742508,72.44626,-1.31145425e-05,-0.00054851494,-0.17849281,-0.6370475,0.24962227,0.21093276,0.06827165,-0.30619332,-0.2855745,-0.19554284,0.050609767,0.20198601
24.15942034471344,35.02536261613985,84.04098,15033599.582862854,72.70094,2.679103e-05,-2.3252627e-05,0.16021182,-0.25691783,0.19006114,0.30383906,0.21648991,0.26027864,0.29735628,-0.07734783,0.059305135,0.09746684
24.62318819070881,35.09782625650204,81.14894,17366400.293540955,71.453255,5.726623e-06,-1.7426542e-05,0.12412037,-1.9419945,0.4691,0.39946043,-0.23426068,-0.28019294,-0.27566,-0.19372027,0.038716376,0.19755125
24.340579735906957,35.22101461745307,78.71513,11145599.860954285,72.797676,-0.00042869578,0.002525702,-0.09509883,-1.2911427,-0.558713,0.3258934,-0.23555166,-0.46523994,-0.3850965,-0.14718941,-0.08432165,0.16963154
24.423912946628306,35.13405791039468,84.735344,9849599.953651428,72.605064,-8.603463e-07,-1.4086891e-05,0.14178044,-0.13913016,0.3582956,-0.0059244707,-0.0277021,-0.060077205,0.17513415,-0.02867493,0.15396276,0.1566103
24.423912946628306,35.16304383214723,83.815254,2332799.8879909515,72.36572,-2.1280912e-05,-1.620987e-05,-0.089051984,-0.35867208,0.6553803,-0.05138416,-0.17749712,0.019974243,0.42358142,-0.15270573,0.2514702,0.29420453
24.423912946628306,35.13405791039468,84.735344,9590399.752807617,72.562454,6.2667036e-06,-1.008478e-05,0.16237232,-0.19533132,0.36656025,0.006091997,-0.05360481,-0.09189411,0.17053372,-0.04667905,0.14195381,0.14943165
24.278985574781007,35.18478260074926,85.36457,3456000.11844635,72.22837,8.009293e-08,2.524007e-06,0.19808054,0.2598541,0.23264264,-0.20880178,-0.09863391,0.004675165,0.43740904,0.1652174,0.19542128,0.25590286
24.365941903817713,35.11594190204278,77.940506,2246400.0495672226,72.614914,0.007405665,-0.0070354617,0.20991933,-0.8578863,0.37905914,-0.039619535,-0.33660835,-0.08466269,0.32337826,-0.2781118,0.1456035,0.31392124
24.40579730278949,34.98550712868071,82.545616,17107200.092697144,71.84108,6.7137826e-06,5.1477666e-05,-0.16359362,-1.0294336,0.52917945,0.38326937,0.017232783,0.20305207,0.28590518,-0.12580192,0.10676062,0.16499682
24.46739112421217,35.10507235145331,77.031204,17452799.99485016,72.54647,0.015465687,0.015936017,0.15936872,-0.39033413,-0.21546726,-0.057633407,-0.04008633,-0.27099255,-0.13316953,-0.13294944,-0.07623499,0.15325576
24.507246418659868,35.018115659512056,74.98295,6393599.835205078,72.746086,0.026084052,-0.0027339433,0.19499868,-1.0913007,-0.2241308,0.27673998,-0.20855919,-0.14834216,0.09556853,-0.10283626,-0.042103622,0.1111216
24.47463793572534,35.15579704180788,74.131996,15120000.381088257,72.85772,-0.3040538,-0.2990689,0.10229358,-0.15452279,-0.3317525,0.110422455,0.08437151,-0.59574974,-0.32516244,-0.011393793,-0.092133984,0.09283582
24.40217392316393,35.07246365433351,77.73675,2937599.9909877777,72.27097,-0.0025820003,0.0042364434,0.06777391,-0.4943329,0.013151564,0.057577312,-0.26182827,-0.06101679,0.3340723,-0.19123898,0.04302572,0.19601929
24.423912946628306,35.16304383214723,83.815254,13391999.773406982,72.74618,-3.7475995e-05,1.4281978e-05,0.054442372,-0.13587746,-0.22332983,-0.05905559,0.1931094,0.19655396,0.28451115,-0.07683117,-0.1354185,0.15569586
24.141304256647267,35.05072417522627,80.839714,6912000.2368927,72.699356,0.00041773744,0.00019782769,0.21881133,-0.121059366,0.068951435,-0.44460195,0.12548544,0.1810948,0.31530413,-0.1402171,-0.003292814,0.14025575
24.3985509616347,35.079710263267266,82.39983,86400.00124722719,72.19745,-4.5872574e-05,7.119206e-06,-0.28139088,-0.8862982,0.29253575,0.13785309,-0.2607447,-0.1348115,0.1990526,-0.15202858,0.16323903,0.22306876
24.521739153231497,35.18115965909355,80.50853,4492800.099134445,71.89854,0.0002933123,-0.00015603688,-0.23598889,-0.73892224,0.08396147,0.15085852,-0.3853017,-0.10290857,0.22276768,-0.12955184,0.024789453,0.13190223
24.268116089179838,35.07971042955572,81.07262,18403200.0,72.34483,-0.0002426979,8.44193e-05,-0.15209436,-0.37054485,0.63288105,0.58440846,-0.24021238,0.17840378,-0.0017419346,-0.018981189,0.14257197,0.14382994
24.423912946628306,35.13405791039468,84.735344,15983999.588012695,72.671455,-1.0863552e-05,9.511285e-06,-0.12894434,0.08498758,-0.08079767,0.122694984,0.14569727,0.40859994,0.1775989,0.08999592,-0.08136678,0.121325254
24.282608510179216,35.10869565592019,73.044136,10540799.757957458,72.88403,-0.7930156,-0.7672723,-0.22143859,1.5570526,1.1430947,0.12480658,0.10070335,-0.23958983,0.27913773,0.13552903,0.10195801,0.1695982
24.576087129988778,34.96376817111452,80.53768,11059200.15964508,71.654884,-4.943916e-05,-8.376696e-05,0.36692873,-0.17403516,0.6844273,0.21403629,0.118263535,0.2517799,-0.21574008,-0.0258868,0.16506307,0.16708064
24.068840433535758,35.17753635462667,82.62194,16156800.087547302,72.43633,4.5664165e-05,6.05464e-05,-0.10192076,0.15340006,0.19653063,-0.14275345,-0.21180853,0.16490886,-0.021426309,0.038042136,0.08403612,0.09224572
24.528985389862203,35.079710263267266,73.800804,14860800.180244446,73.58956,-0.74036527,-0.4847784,0.33084494,-0.0023880824,-0.70509833,-0.315001,0.10134095,-0.66148984,-0.23606554,0.05798138,-0.33330712,0.3383127
24.85869584610084,35.31159408476158,76.05999,3715200.0450611115,71.35266,0.013030725,0.012966993,0.31599814,0.69770014,0.2651714,0.14542574,0.14626965,-0.51634526,0.5043209,0.17638811,0.067937925,0.18901938
24.235507135886934,35.09782643790763,86.62735,10713600.257492065,72.35155,2.0213487e-07,-9.072841e-07,0.066139415,-0.07452772,-0.20694496,-0.11597333,0.37680668,0.006307725,-0.00093305483,-0.032254398,-0.08982003,0.09543575
24.677536062942007,35.07971042955572,84.775665,14083199.577713013,72.20499,4.5511483e-06,-8.8526366e-07,-0.22111836,-0.6647408,0.3472137,-0.018768393,0.09540234,-0.095214546,-0.09203986,-0.2344413,0.08925919,0.2508584
24.40579722439643,35.07608730649443,81.130585,18316800.298690796,72.07769,-0.00022980977,-0.000182825,-0.1739178,-1.1089119,0.52033347,0.4828022,-0.23321968,0.06757607,-0.1376158,-0.19075215,0.1624285,0.25053823
24.51086948471318,35.141304337922854,75.965324,7084800.187969208,72.50193,-0.04121423,-0.0042960974,-0.07847322,-1.7795925,-0.77249295,0.262543,0.01274123,-0.31500104,-0.5243783,-0.19598722,-0.06752239,0.2072927
24.351449221508126,35.36231895652174,77.53338,432000.01480579376,72.68516,-0.011446007,0.0010090744,-0.41847378,-0.049487673,-0.47886646,0.012771361,0.36976218,0.20002398,-0.93958974,-0.047332108,-0.17965837,0.18578875
24.46739112421217,35.10507235145331,77.031204,6912000.2368927,72.60924,-0.014381867,-0.0063706166,0.035603713,-1.5248741,-0.21852557,0.40628934,-0.18808484,-0.3343856,-0.22891015,-0.2728725,-0.03834465,0.27555346
24.576087129988778,34.96376817111452,80.53768,6912000.2368927,71.646614,0.00025900727,0.00014089383,0.5329214,0.4665238,0.21921554,-0.16154072,-0.13601807,-0.06738813,-0.21418267,0.12119563,0.05407995,0.13271406
24.572463802625258,35.028985391507106,77.31845,17971200.39653778,72.43164,-0.009513766,-0.010668529,0.36027637,-0.69856966,-0.31745186,0.064039096,0.2830191,-0.6341541,0.1539835,-0.13952023,-0.039350368,0.14496325
24.40579722439643,35.07608730649443,81.130585,13996799.876403809,72.39454,0.000282049,-0.0003000468,-0.08191041,-0.71146667,0.2479839,0.33674887,0.27533466,-0.119136184,-0.047151938,-0.15759094,0.035499573,0.16153985
24.32608705359737,35.05434782738719,80.59564,3715200.0450611115,72.21433,-0.00031273562,-0.0002893225,0.08795751,-0.6768166,0.21520972,-0.35874143,-0.31398308,-0.16679674,0.13224755,-0.14649677,0.018834766,0.14770257
24.409420342711783,35.02898555779556,73.23672,6566399.786281586,73.13701,-0.44847938,-0.5785566,-0.01107794,0.56549394,0.29121792,-0.08101825,-0.25761536,0.24353424,-0.06241723,0.10431525,0.046527356,0.11422113
24.33695651306752,35.26449269887389,75.24537,9244799.850654602,72.89857,-0.114668205,-0.081111014,-0.12850773,-2.246391,-1.1481624,0.057913132,-0.30870822,-0.33133623,-0.7384228,-0.17553778,-0.07033208,0.18910344
24.47463793572534,35.15579704180788,74.131996,13478399.474716187,73.05851,-0.363803,0.36576134,0.19400975,-0.7566757,-0.28769565,0.062366113,-0.04627742,-0.7346736,-0.5330001,-0.08314414,-0.052330486,0.09824168
24.57246390714934,35.13405809180027,82.83649,4233599.898290634,71.95524,3.7968211e-06,-2.0047835e-05,0.0057042465,-0.28715342,0.44209927,0.15173718,-0.38531512,-0.036336318,0.5101134,-0.07460571,0.13780549,0.15670471
24.351449221508126,35.36231895652174,77.53338,3542400.093984604,71.848885,-0.00509986,-0.0033528293,-0.24314645,-1.084003,-1.3544923,0.10210891,0.3192903,-0.11779779,-0.843839,-0.113288,-0.12914798,0.17179456
24.003623304347823,35.192029209683014,80.788605,86400.00124722719,73.70545,-0.0006014079,-0.0012391292,0.0874473,-0.172477,0.6940857,0.19600922,-0.11191083,-0.4400429,0.15499833,0.010202736,0.2943604,0.2945372
24.800724541980035,35.0326085145684,80.91604,15638399.68585968,70.68236,-2.0498184e-05,1.1212352e-05,-0.19271338,-1.1952243,-0.115777805,-0.02127976,0.15452439,-0.094095394,-0.23379648,-0.15270662,-0.02922643,0.15547828
24.24275355543479,35.275361916886446,83.709785,6652800.036048889,72.858574,4.5151795e-05,2.9497713e-05,0.3306842,1.771347,1.4693427,0.013123825,0.03802072,0.38858813,0.20296732,0.14823958,0.19560498,0.24543081
24.365941903817713,35.11594190204278,77.940506,8208000.144195557,72.88334,-0.0019093672,-0.0064900224,-0.36876014,-0.4184221,0.20059212,0.11970465,-0.14787981,-0.23405015,-0.503994,-0.118918315,0.06589812,0.13595635
24.40579722439643,35.07608730649443,81.130585,5788799.732208252,71.89588,-0.00019012147,9.616022e-06,0.0811601,-1.3403689,0.24663594,-0.160041,-0.7354849,-0.4377857,-0.05763623,-0.1623832,0.009844817,0.16268136
24.521739153231497,35.18115965909355,80.50853,10886399.660110474,72.05151,0.00039436074,0.00041334596,0.31776112,-1.4146445,-0.6546139,0.43250155,0.13035212,-0.26599085,0.3368855,-0.20965697,-0.10851497,0.2360753
24.275362351941567,35.02173896397893,79.32639,2937599.9909877777,72.43912,-0.00094718544,0.00080018374,0.28353682,-0.18521607,0.04010842,-0.42086655,-0.016964518,-0.05789206,-0.013730116,-0.08631745,-0.016808234,0.08793872
24.336956356281394,35.12681217825459,78.56935,12614400.267791748,72.89278,0.005369258,-0.0037162732,-0.048448026,-0.7437799,0.03457748,-0.016997188,0.08541833,-0.20277645,0.06150707,-0.11663563,-0.013335079,0.11739546
24.40579722439643,35.07608730649443,81.130585,16070400.386238098,72.22383,-0.00014435744,0.00021449864,-0.12057722,-0.9273212,0.38524532,0.25899327,-0.10008358,-0.045170937,-0.31067112,-0.22274324,0.09067397,0.24049184
24.409420342711783,35.02898555779556,73.23672,17884799.598312378,73.188705,0.9057222,0.95669204,0.32853258,1.1638578,-0.50790095,-0.16959947,0.31589815,-0.30683327,0.38475347,0.13183904,-0.070050195,0.14929354
24.518115930392057,35.170290078269815,76.7112,12095999.866104126,72.64206,-0.002517463,0.021137381,0.16648294,-0.90641487,-0.43276605,0.13790372,0.12546939,-0.4069752,-0.38612065,-0.15764515,-0.10555754,0.18972187
24.141304256647267,35.05072417522627,80.839714,2419199.8635292053,72.48536,3.2340078e-05,0.00012857554,0.48011836,0.26974505,0.63648653,-0.32799792,0.24782574,-0.118586965,0.12664966,0.0695744,0.1849849,0.19763605
24.282608510179216,35.10869565592019,73.044136,10886399.660110474,72.83152,-0.5289285,-0.492927,-0.21836674,1.5031512,1.1292013,0.12852103,0.103524014,-0.28448838,0.284864,0.13054748,0.08987622,0.1584941
24.134057993885538,35.130434787333385,80.741425,9331199.551963806,72.85973,-0.0003546986,-0.00039938666,0.012443222,0.75771,0.5415528,-0.15161845,-0.41456902,0.13894807,0.13180256,0.14394538,0.10209079,0.17647323
24.282608510179216,35.10869565592019,73.044136,16761600.190544128,72.58049,-0.22702101,0.18242839,0.116497256,1.0035152,-0.48002875,-0.14277723,0.2577491,0.0022509135,0.30203617,0.12585115,-0.06485579,0.14157961
24.369565205050215,35.10507235145331,81.59638,4665599.775981903,72.106606,-0.00015913571,0.00013437851,-0.020285048,-0.9614042,0.35855687,-0.19567141,-0.42039996,-0.31579375,0.27866963,-0.1429158,0.07149804,0.15980268
24.35507260113369,35.04710138474188,76.478294,864000.0296115875,72.63114,0.0028365422,-0.014328953,0.08575648,-0.051829442,-0.22974141,-0.033035137,-0.014291108,-0.08663576,0.08050418,-0.0014855564,-0.057885088,0.057904147
24.409420264318722,35.137681214861566,85.684586,5615999.781131744,72.054184,-3.701577e-07,-2.6507944e-06,0.39474466,-0.7297635,0.13880436,-0.10021979,-0.14609239,-0.24504885,0.4013681,-0.2000026,0.025365502,0.20160468
24.572463802625258,35.028985391507106,77.31845,15120000.381088257,72.27927,-0.0054815956,-0.009653269,0.34781012,-0.75473785,-0.16629024,0.2467508,0.3047048,-0.5338383,-0.11454251,-0.16807127,-0.038825426,0.17249744
24.24275355543479,35.275361916886446,83.709785,2851200.015449524,72.98535,4.984223e-05,-4.490782e-06,0.26165107,0.59522545,0.8500408,-0.23804939,-0.006893687,0.19563212,-0.107801445,0.16824843,0.16405094,0.23498988
24.409420342711783,35.02898555779556,73.23672,4579200.074672699,73.18954,-0.92400134,-0.95242274,-0.019764006,0.5483731,0.078611165,-0.11405938,-0.08933533,0.13586815,0.19582266,0.13304603,0.028611645,0.13608775
24.40217392316393,35.07246365433351,77.73675,8467199.796581268,72.76846,-0.010184034,-0.010168979,0.0019965135,-0.11792136,0.43868768,0.3255281,0.29097667,-0.18253016,-0.2386629,-0.04387388,0.09125612,0.101255104
24.177536001617764,35.01449252133363,77.3516,9935999.654960632,72.480545,0.008761722,-0.010600163,-0.1549795,1.3624042,0.592548,0.06776841,0.20125633,-0.124169506,0.13460808,0.122921675,0.06697833,0.13998513
24.60144921950647,34.9456523441682,85.40489,13478399.474716187,71.9981,-4.205872e-06,-1.7315057e-06,-0.19740823,-0.24361445,0.17827243,-0.35513726,-0.058343932,0.05686704,0.30163535,-0.13057408,0.115074456,0.17404518
24.369565205050215,35.10507235145331,81.59638,8639999.747657776,72.24728,0.0001822074,7.5920456e-05,-0.11072975,-1.370209,0.004875567,0.11691186,-0.45667115,-0.4389086,-0.0049595796,-0.16757493,0.008456796,0.16778818
24.576087129988778,34.96376817111452,80.53768,10799999.95880127,71.6516,-8.183912e-06,-0.0001136284,0.38799986,-0.080469616,0.6683443,0.19325915,0.12808987,0.2667696,-0.22606975,-0.010223277,0.16094382,0.16126819
24.171296292717127,35.10648163098043,78.049835,15724800.484085083,72.92217,0.0051668417,0.008858417,0.38254732,-0.46224552,0.5581952,-0.088434674,-0.31227022,0.09215017,0.07456006,-0.09640163,0.13160115,0.16313227
24.33695651306752,35.26449269887389,75.24537,11836799.665260315,72.64499,-0.08819928,0.09086262,-0.051205806,-1.5092353,-0.6619893,0.20485997,-0.30934054,-0.43382928,-0.4540348,-0.17959464,-0.07528788,0.194737
24.43478277193275,35.06521686399416,78.38795,2937599.9909877777,72.051605,0.00036900636,-0.0029134424,-0.019590132,-0.5611437,-0.13134822,0.031498227,-0.31594875,-0.11628864,0.33874583,-0.14017755,-0.033185802,0.14405222
24.641304357168043,34.938405387540406,81.3883,12527999.469566345,71.36108,-5.5281987e-05,9.774957e-05,0.21979481,-0.079772174,0.9088249,0.1881654,-0.23191893,0.16028725,0.0039652195,-0.005919136,0.09118221,0.09137413
24.278985574781007,35.18478260074926,85.36457,1123200.0247836113,72.30461,5.7547704e-06,5.9923887e-06,0.08518064,6.954372e-05,0.20877065,-0.21924588,-0.3018441,0.008364171,0.16582304,-0.041687228,0.11962691,0.12668237
24.33695651306752,35.26449269887389,75.24537,10799999.95880127,72.67609,-0.08938604,-0.08468258,-0.0891948,-1.8121415,-0.85557336,0.1448479,-0.31540284,-0.38489416,-0.59071106,-0.17302988,-0.094504766,0.19715601
24.659420157792983,35.13768139626715,82.9603,10368000.35533905,71.983635,-1.1369955e-05,-3.457203e-05,0.15943763,-0.7209455,-0.48617387,0.09884009,-0.02426029,-0.27013057,0.16690472,-0.124014124,-0.12438618,0.17564574
24.202898613755877,35.17753635462667,82.22561,11318400.360488892,72.71158,0.00014077706,6.0348895e-05,-0.16546777,0.96844304,0.5238,-0.019027501,-0.21364608,0.14272177,0.07864771,0.14288385,0.06185691,0.15569866
24.3985509616347,35.079710263267266,82.39983,17452799.99485016,72.32786,-9.259467e-05,6.4485306e-05,-0.1341309,-0.8712137,0.45752853,0.45553812,-0.1307753,0.3583128,-0.12715197,-0.23563053,0.15794422,0.28366902
24.3985509616347,35.079710263267266,82.39983,7862400.2420425415,72.07656,-6.986001e-05,-4.79686e-05,0.0075703263,-1.4624927,0.061655734,-0.09165829,-0.68471223,-0.4469873,-0.12963381,-0.18159014,-0.014847077,0.18219608
24.51086948471318,35.141304337922854,75.965324,9590399.752807617,72.80889,0.021533407,0.014622657,-0.060568422,-1.1644679,-0.70354855,0.14534661,0.1620554,-0.230811,-0.41506928,-0.1959835,-0.15580082,0.25036657
24.525362323808892,35.01449270273921,80.76379,1900800.0102996826,71.97759,8.191917e-05,-7.988332e-05,-0.07456649,-0.10565081,-0.4919387,-0.10561577,0.014054261,-0.16738853,-0.14712876,-0.040752947,-0.13976204,0.1455824
24.5036234048686,34.94565269942081,84.86278,8467199.796581268,71.50773,2.1396745e-06,4.1499496e-07,-0.0772909,-0.35166824,0.023944758,0.21610138,-0.30808592,-0.029893989,-0.27677956,-0.12714767,0.020923868,0.12885782
24.373188532413735,34.85507217391305,83.68782,5011200.226593018,71.97923,5.5828195e-06,-6.075611e-06,0.29810637,-1.0132029,-0.048832674,0.30286482,-0.08014982,-0.021782394,-0.5042591,-0.1563448,0.027847905,0.15880555
24.507246627708035,35.15217355593542,72.15966,10281599.557113647,72.50985,-0.70356226,0.19046667,0.083725646,-0.96443796,-0.77436966,-0.07001818,0.028539924,-0.34258717,-0.39846605,-0.14572446,-0.16438602,0.21967791
24.16304339770124,35.14130418675153,77.183464,9849599.953651428,73.143555,-0.022856796,-0.023372578,-0.09468999,0.47954932,0.9618165,-0.10564799,-0.8012802,-0.095014974,0.0029761344,0.043086175,0.11250216,0.12047055
24.822463669968496,35.11956556932083,79.471794,13478399.474716187,71.22119,-0.0004944257,-2.1666242e-06,-0.16789678,-0.7510835,-0.07463227,0.062164523,-0.21433717,0.07925401,-0.08949311,-0.16019541,-0.02885859,0.16277404
24.608695560661264,35.210145036629335,80.071884,9676799.454116821,71.5435,-0.00038776014,-0.000244674,0.47400725,-0.6024305,-0.55968505,0.2894069,0.30702886,0.05844158,-0.09955136,-0.17599748,-0.17407395,0.24754162
24.5036234048686,34.94565269942081,84.86278,2159999.936914444,71.185265,3.0957835e-06,-3.1776535e-06,0.03226917,-0.59864116,-0.16365986,0.20227686,-0.1026626,-0.2489681,-0.35986793,-0.11322137,-0.040076226,0.12010488
24.3913043591697,35.05434799367564,86.750465,13996799.876403809,72.06197,1.0576854e-06,-9.0811704e-07,0.09613131,0.75150704,0.07674943,0.07611134,0.60836434,0.38812232,0.52571094,0.18390892,0.028006647,0.1860292
24.608695560661264,35.210145036629335,80.071884,16070400.386238098,71.489334,0.00035009126,0.00030695117,0.26307037,-1.5001388,0.30115825,0.4185717,-0.24089387,-0.43254915,-0.31791213,-0.18697724,0.0055841208,0.1870606
24.503623143558386,34.916666955294566,80.479385,18403200.0,71.35497,-0.00011236255,-0.00021358207,-0.20938912,-0.5128644,0.510128,0.2147232,0.112453155,-0.13846838,0.47494543,-0.1520834,0.21906033,0.26667732
24.731883987437246,34.999999998854186,80.17734,13132799.572563171,71.348434,0.00029168127,-0.0001825869,-0.29785672,-0.7422476,0.3844681,0.07024331,-0.33295318,0.022333544,0.013919942,-0.15500651,0.087896675,0.17819329
24.423912946628306,35.16304383214723,83.815254,6566399.786281586,72.12062,1.2470506e-05,-8.420165e-07,0.2373043,-0.78286564,0.3013945,0.16741627,-0.1389319,-0.3231142,0.33972925,-0.13855393,0.10851308,0.17598943
24.57246390714934,35.13405809180027,82.83649,6480000.084972382,71.79809,1.8004695e-05,3.599199e-05,0.14315695,-0.21559274,0.23418446,0.1344182,-0.40713346,-0.31444255,0.55397475,-0.036995687,0.03353791,0.04993468
24.572463802625258,35.028985391507106,77.31845,14947199.88155365,72.298805,-0.007785481,-0.0097518265,0.34248963,-0.74586344,-0.1518083,0.24770284,0.31256136,-0.508906,-0.11560964,-0.16930965,-0.039051346,0.1737549
24.800724541980035,35.0326085145684,80.91604,12182399.56741333,71.48546,-3.7581834e-05,9.199555e-05,-0.38045645,-0.4179614,0.24456488,-0.092263244,-0.25152338,0.07329207,0.22065097,-0.115845695,0.07708235,0.13914709
24.15217408195171,35.09782609021359,90.079155,15379199.48501587,71.35723,-9.567459e-09,-3.2624293e-08,-0.08259896,0.6611496,-0.35740212,-0.26872078,0.089233354,0.6140027,0.67537165,0.14882176,-0.09700026,0.17764279
24.57608686867857,35.22463755910878,78.28966,2073599.9613761902,71.72793,0.002274198,0.0011721862,-0.066683486,-0.44374532,-0.03500833,0.059776485,-0.024167404,-0.37899777,0.30526713,-0.12974599,-0.007623151,0.12996975
24.32608705359737,35.05434782738719,80.59564,11059200.15964508,72.60766,0.00061826926,0.0005826421,-0.13540432,-0.4635876,0.2916488,0.4024506,0.34516525,-0.15476796,0.08474947,-0.11574957,0.073474914,0.13710043
24.271739312019278,35.0833337340226,74.97577,2764800.03991127,72.38975,0.083358936,-0.04430152,0.21441665,0.6960583,0.85439706,0.03860354,0.016950939,-0.055339105,-0.011484448,0.10656237,0.14769314,0.18212305
24.340579657513896,35.072464168316,77.031204,8639999.747657776,73.00699,-0.004723098,0.01069339,-0.13950923,0.5113199,0.7766188,0.057232536,0.11721065,-0.1139578,-0.5049122,0.06086682,0.113929234,0.12916903
24.423912946628306,35.13405791039468,84.735344,17279999.49531555,72.604355,3.1823743e-06,-1.3267293e-05,-0.23432183,-0.06275165,-0.13393228,0.23251033,0.04574787,0.48831072,0.11352312,-0.0012704432,-0.11478001,0.114787035
24.731884091961334,34.88405773852335,82.62194,7430400.090122223,71.89441,4.048133e-05,4.2512376e-05,0.030797407,1.443348,0.29118696,-0.018106915,0.004304871,-0.11756212,-0.07030395,0.24103892,0.073330656,0.25194672
24.608695560661264,35.210145036629335,80.071884,2332799.8879909515,71.96961,-0.00034083877,-0.00042883103,-0.19073498,-0.25064415,0.29821432,-0.057865404,-0.23330837,-0.1842936,0.33836013,-0.072087675,0.15951245,0.1750453
24.782608845879178,35.07246365433351,80.82854,1728000.059223175,72.09836,0.00020416727,0.00032106572,-0.0644304,0.94869995,-0.12932467,0.31235772,0.29839692,0.31129578,0.08051334,0.18294935,-0.04195887,0.18769926
24.068840433535758,35.17753635462667,82.62194,4579200.074672699,72.16725,-2.0620226e-05,5.0758397e-05,0.28851914,1.1923789,1.193562,0.038736213,0.14036024,-0.049792748,0.19221893,0.1278809,0.10432573,0.16503751
24.75362311542571,35.148550251468535,82.31272,11231999.562263489,71.58239,5.1180155e-05,5.093954e-05,0.06867096,-0.40734902,-0.5247068,0.2441855,-0.12118084,-0.18976645,-0.0006365441,-0.055715658,-0.15431409,0.16406423
24.49275373635028,34.95652190987481,78.13308,15206400.082397461,72.051796,-0.002586426,-0.003364701,0.360626,-0.6848316,0.319143,0.26541793,0.13809326,-0.337529,-0.20752737,-0.11143517,0.09811552,0.14847374
24.49275373635028,35.04710138474188,79.64641,13737599.675559998,72.12505,0.00095615373,0.0007285843,0.08211133,-1.0195911,0.24778904,0.2317498,0.319422,-0.27847868,-0.03790623,-0.13403095,0.036916703,0.13902208
24.62318819070881,35.09782625650204,81.14894,10022400.453186035,71.94206,-7.477885e-05,0.00013098751,0.16643783,-0.77152526,-0.42366812,0.064691775,0.13974854,-0.027533192,0.38970396,-0.01943323,-0.06471424,0.0675691
24.57608686867857,35.22463755910878,78.28966,15638399.68585968,71.84426,0.0026288403,0.0008296101,0.42405307,-1.314718,0.3401048,0.43299353,-0.13972494,-0.48919192,-0.090728045,-0.20859191,0.01680839,0.20926803
24.677536062942007,35.07971042955572,84.775665,16329599.49016571,71.9186,-4.9918476e-06,-5.1347075e-07,-0.1909846,-1.253543,0.5438792,0.07114503,0.09640102,-0.10441356,0.05973028,-0.21085243,0.08708756,0.22812933
24.507246418659868,35.018115659512056,74.98295,9504000.051498413,73.15979,-0.16112229,-0.12929453,0.16923341,-0.11754964,-0.10722263,0.11134828,0.45546862,0.060521774,-0.005313039,-0.045281857,-0.051742066,0.06875818
24.507246418659868,35.018115659512056,74.98295,13391999.773406982,73.51698,-0.20933327,-0.1797441,0.46773103,0.50078166,-0.20330627,-0.026677415,0.46414158,-0.36621112,-0.1448659,0.13596919,-0.063185446,0.1499334
24.15217408195171,35.09782609021359,90.079155,17107200.092697144,71.687935,-2.2943638e-08,-1.4835804e-08,-0.078172304,1.0671365,-0.11169329,-0.11932378,0.022395596,0.90987194,0.76565087,0.17773207,-0.018462822,0.17868845
24.880434869565217,35.11594208344836,73.60822,9071999.899578094,73.03248,-0.3098302,-0.28079292,-0.093059964,-0.5210148,-0.13529164,-0.1705338,0.21409658,0.40272713,0.12367876,-0.22811218,-0.044977777,0.23250411
24.373188349496587,35.09782609021359,73.044136,14515200.27809143,72.9037,0.85455865,0.76563364,0.1313283,0.7751167,-0.14516227,-0.20758319,0.0055822544,-0.48604786,0.09962389,0.21978751,-0.07433502,0.23201776
24.655797039477626,35.09782643790763,82.953125,11318400.360488892,72.13404,1.14264985e-05,3.9370952e-05,0.037777796,-0.60280776,-0.19479333,0.10746228,0.167045,-0.11815491,0.19072357,-0.11865642,-0.044993713,0.12690067
24.340579657513896,35.072464168316,77.031204,13824000.4737854,72.81617,0.015233687,-0.018067533,0.16078797,0.022750154,0.37558702,-0.29793578,-0.023331441,-0.03666973,-0.038327858,0.046981562,0.1320851,0.14019181
24.177536001617764,35.01449252133363,77.3516,16156800.087547302,72.323425,0.009743501,0.001210171,0.01299461,-0.06749894,0.40217605,0.18003029,-0.49890563,-0.20823202,-0.21811566,0.008903047,0.14074817,0.14102948
24.336956356281394,35.12681217825459,78.56935,6480000.084972382,72.608505,-0.0034505664,8.60781e-05,-0.23541892,-0.83231103,0.26395953,-0.060094334,-0.37987894,-0.120167196,-0.2683258,-0.17232504,0.0420935,0.17739162
24.507246418659868,35.018115659512056,74.98295,8467199.796581268,73.01224,-0.16161531,-0.11703151,0.14128557,-0.5132779,-0.13711333,0.1479826,0.20719078,0.077770494,0.011984168,-0.09893211,-0.033281032,0.10438002
24.507246627708035,35.15217355593542,72.15966,6134400.182819366,72.84314,0.101701304,-0.4723633,0.17419508,-1.3430387,-0.62541616,0.2008701,0.3633875,-0.2330516,0.13333368,-0.17671517,-0.07317878,0.19126783
24.619565229179578,35.18478278215484,82.255135,9763200.252342224,71.63795,1.0400033e-05,-3.6851805e-05,0.30518526,-1.087342,-0.62609524,0.37750378,0.07899926,-0.28805482,-0.07095153,-0.14863177,-0.21317925,0.25987843
24.268116089179838,35.07971042955572,81.07262,6480000.084972382,72.321175,0.00024505614,0.00031628172,0.051889047,-1.1393168,0.108355686,-0.33544794,-0.25016046,-0.2122965,0.011497121,-0.122812904,-0.027762774,0.1259118
24.55434784521419,35.039855304907746,78.730316,10195199.855804443,72.243065,0.00011955337,-0.0023219849,0.2945993,-0.81638587,0.07513478,0.22644687,0.2684105,0.016243044,0.33738056,-0.16247146,-0.005611472,0.16256833
24.619565229179578,35.18478278215484,82.255135,3542400.093984604,72.20665,-7.311594e-05,3.975552e-05,-0.44279093,-0.4288818,0.25623593,-0.050256796,-0.3204083,0.10216391,0.28781855,-0.17476529,0.13398902,0.22021799
24.177536001617764,35.01449252133363,77.3516,15120000.381088257,72.389984,-0.0027421294,-0.008945567,0.004255064,-0.013133191,0.44589195,0.09156825,-0.43202472,-0.22062728,-0.1438156,0.018038042,0.12402713,0.12533195
24.373188532413735,34.85507217391305,83.68782,18316800.298690796,71.191925,-7.72391e-06,-6.2113895e-06,-0.11773992,-0.17192592,0.22981508,0.23078775,0.025510723,-0.14269932,0.96667933,-0.12810062,0.12232074,0.17712179
24.576087129988778,34.96376817111452,80.53768,8035200.193119049,71.6265,9.891279e-05,0.00015346573,0.548981,0.49461564,0.4144383,-0.06929513,-0.026027948,0.09584473,-0.24319735,0.09211971,0.06539325,0.11297043
24.728260869121893,35.15579704180788,79.23173,5270399.878978729,71.93159,-0.00038112226,-0.00018167347,0.2841998,0.5620718,-0.033734296,0.17529655,0.015020981,0.29748136,0.13357371,0.26125702,-0.05526781,0.26703888
24.141304256647267,35.05072417522627,80.839714,15120000.381088257,72.70498,0.00035659247,-1.5386757e-05,0.27836773,-0.6969193,0.37490743,0.381879,-0.3179277,-0.03774877,-0.11697032,-0.10364306,0.0811502,0.13163297
24.47463793572534,35.15579704180788,74.131996,12873600.46863556,73.10948,-0.382089,0.3653874,0.21871716,-0.94098127,-0.28740624,0.05667261,-0.07347194,-0.75042653,-0.5947608,-0.08666967,-0.03376471,0.09301444
24.271739312019278,35.0833337340226,74.97577,5702400.030899048,72.379776,0.091383465,0.079788275,0.108913496,1.6118091,1.0720161,0.03391998,0.08201413,0.3495486,0.24918872,0.20500892,0.10552149,0.23057199
24.278985574781007,35.18478260074926,85.36457,13824000.4737854,72.060974,-4.746223e-06,-4.4201806e-06,-0.1400075,0.6772219,-0.074196056,0.004476115,0.276812,0.35659474,0.38253865,0.19671354,-0.03094399,0.19913249
24.62318819070881,35.09782625650204,81.14894,6998399.938201904,71.79243,0.0001770506,-0.00015752885,0.31984663,0.19731823,-0.1704204,0.109092996,-0.18220231,-0.14288548,0.6285069,0.10472571,-0.10133307,0.14572531
24.068840433535758,35.17753635462667,82.62194,604799.9658823013,73.299644,1.8273748e-05,5.826852e-05,0.28843603,-0.14412479,0.66032386,0.08141033,-0.39245886,-0.25240397,0.22209123,-0.0069714636,0.2241559,0.22426428
24.57246390714934,35.13405809180027,82.83649,2246400.0495672226,71.96076,-5.9348067e-06,-2.5682697e-05,-0.12679884,-0.23726374,0.51813424,0.12893789,-0.17109358,-0.0105770845,0.30849463,-0.07499187,0.16945225,0.18530473
24.655797039477626,35.09782643790763,82.953125,6652800.036048889,71.861855,2.724759e-05,-1.4196611e-05,0.20868146,0.8685317,0.08025472,-0.1378361,-0.18827471,0.07948274,0.63686705,0.20275621,-0.02946502,0.20488599
24.141304256647267,35.05072417522627,80.839714,16847999.891853333,72.66815,9.651429e-05,-7.1291615e-06,0.2523978,-0.617597,0.69600666,0.52770495,-0.34814623,-0.038930167,-0.27260306,-0.0901178,0.08459047,0.12359922
24.62318819070881,35.09782625650204,81.14894,12355200.066947937,71.744774,-0.0001369239,-0.00011395699,-0.07936879,-1.13491,-0.37633651,0.15463932,0.3151381,-0.17566212,0.06209282,-0.10548867,-0.056543976,0.11968743
24.72463775080654,35.097825908808005,83.506035,10713600.257492065,72.09725,7.1261543e-06,-1.3256262e-05,0.048715714,-0.4594618,-0.10514945,-0.035296746,-0.14162391,-0.14806306,-0.01700548,-0.09882016,-0.05214332,0.111733384
24.623188347494935,34.98550731008629,86.27349,13996799.876403809,72.194336,-2.0540722e-06,1.092206e-06,-0.29190528,-0.26599252,0.1867754,-0.24228087,0.18672061,0.08732461,0.25098985,-0.12015882,0.10272871,0.15808646
24.731884091961334,34.88405773852335,82.62194,4665599.775981903,72.106735,2.2003263e-05,-6.0716848e-05,-0.10074956,0.72530913,0.30120188,-0.09582833,-0.13046753,-0.112285376,-0.35087168,0.123515524,0.11077018,0.16590998
24.16304339770124,35.14130418675153,77.183464,2937599.9909877777,72.63281,0.015134499,0.007396961,0.26675504,0.7866967,1.0406309,-0.45709658,0.25020736,0.30510408,-0.18698552,0.1379174,0.18048453,0.22714727
24.32608705359737,35.05434782738719,80.59564,5961600.231742859,72.227486,0.00044684124,0.00044110187,-0.0024002977,-1.0064598,0.19998257,-0.19933689,-0.21127865,-0.29093537,-0.13363421,-0.17444557,-0.006756896,0.17457639
24.659420157792983,35.13768139626715,82.9603,3023999.9665260315,71.97121,-8.4350904e-07,-3.4402787e-05,-0.25173387,-0.0077193677,0.2464527,-0.044250168,-0.34168068,0.1230486,0.14380258,0.058601372,0.16299288,0.17320739
24.409420342711783,35.02898555779556,73.23672,13824000.4737854,73.28122,-0.3748006,-0.6365205,0.15730563,1.3373199,-0.109318286,-0.21633011,0.0627587,-0.53496563,0.045564856,0.33230877,-0.042090952,0.33496383
24.3913043591697,35.05434799367564,86.750465,7257600.139045715,72.12655,-1.101522e-06,1.0506701e-06,-0.11245195,-1.4139663,-0.26233867,-0.29419434,-0.35795382,-0.23082784,-0.15615451,-0.13154027,-0.06751602,0.14785552
24.46739112421217,35.10507235145331,77.031204,16329599.49016571,72.50893,0.00065802643,-0.013412938,0.22366509,-0.37065184,-0.15218583,-0.017515436,-0.06437533,-0.38181248,-0.28661498,-0.111016445,-0.07648751,0.13481465
24.423912946628306,35.13405791039468,84.735344,0.0,72.01797,-3.2680832e-06,-6.2965228e-06,-0.047582276,-1.226354,0.60661817,-0.054261528,-0.6083477,-0.12738118,0.18609524,-0.09582998,0.057584994,0.11180079
24.60144921950647,34.9456523441682,85.40489,2332799.8879909515,71.16395,6.368621e-07,1.0223487e-06,0.103714935,0.3822178,0.030354302,0.34507322,0.16078654,-0.13113943,-0.254468,0.124364465,0.0088336915,0.1246778
24.576087129988778,34.96376817111452,80.53768,4752000.025749207,71.71332,-0.00024558263,6.143104e-05,0.3369605,0.3335039,-0.2566498,-0.16870978,-0.11990983,-0.29303545,-0.24333614,0.10747065,-0.04085414,0.11497391
24.782608845879178,35.07246365433351,80.82854,15811200.185394287,70.709885,1.1045843e-05,-4.7491798e-05,-0.067889385,-1.5791179,0.12330215,0.14374992,0.028055185,-0.23850319,-0.15581527,-0.19947264,0.01482749,0.20002297
24.2137679164399,35.101449394680465,78.1842,13305600.072097778,73.18052,-0.008765929,-0.0030735019,0.115074605,-0.7693932,0.46181694,-0.1908203,-0.20364138,-0.13729775,-0.06694692,-0.16922559,0.08625226,0.18993881
24.351449221508126,35.36231895652174,77.53338,12009600.164794922,72.80908,-0.01289757,0.007019238,0.28956074,-0.43197095,-0.2184257,0.43263066,0.43798628,-0.21145615,0.3087734,-0.14898106,-0.04290426,0.15503591
24.409420342711783,35.02898555779556,73.23672,10022400.453186035,73.18085,-0.7561839,-0.9248925,-0.11387754,0.884953,0.24898413,-0.017759211,0.090461195,-0.067325436,-0.25583,0.13119453,0.022100627,0.133043
24.15942034471344,35.02536261613985,84.04098,5443199.830055237,72.98363,-1.8577108e-05,-2.0321735e-05,-0.00071226805,-1.2501932,-0.25082135,-0.049716495,-0.06162574,-0.43737808,-0.13407183,-0.16674954,-0.06931593,0.18058269
24.3985509616347,35.079710263267266,82.39983,15811200.185394287,72.4121,-9.254973e-05,4.7308265e-05,-0.14763984,-0.7543428,0.30476108,0.29828468,-0.0023621842,0.24853054,-0.11871182,-0.22430764,0.09004773,0.24170749
24.481884276880134,35.21376834109622,79.042,13391999.773406982,71.96407,-0.00024839852,0.0014611466,0.32785046,-1.2035433,-0.35653165,0.41144726,0.07148467,-0.3521052,0.14285636,-0.19214708,-0.080823794,0.2084538
24.49275373635028,35.04710138474188,79.64641,11145599.860954285,72.319016,0.0011179366,-0.00066645007,0.22677222,-0.5143791,0.34453046,0.49540266,0.5119401,-0.043136865,0.21139133,-0.09914352,0.03753203,0.10600986
24.626811465810288,35.05797113185407,83.9315,17798399.897003174,71.52375,-1.0357356e-05,4.484594e-06,-0.0022786483,-1.4018297,0.5876683,0.3329282,0.13539156,0.14510147,0.026760664,-0.19324788,0.072375044,0.20635623
24.576087129988778,34.96376817111452,80.53768,5184000.177669525,71.69449,-0.00028280006,-0.00012766267,0.38846368,0.3390449,-0.17503025,-0.18832082,-0.15636617,-0.2638823,-0.23240641,0.1048474,-0.015706666,0.10601734
24.351449221508126,35.36231895652174,77.53338,6134400.182819366,72.29175,0.0071988124,0.007947526,0.10800366,-1.6362435,-1.6466858,0.10349344,0.22180542,-0.20608623,-0.48086038,-0.14101835,-0.118572295,0.18424322
24.2137679164399,35.101449394680465,78.1842,7084800.187969208,72.59084,0.0024571458,-0.0040714447,-0.062052146,1.0030555,0.95115227,-0.15782404,-0.22718045,0.19084866,0.08430743,0.1638998,0.121987134,0.2043135
24.275362351941567,35.02173896397893,79.32639,5184000.177669525,72.33031,0.0012594042,0.001326248,0.25644207,0.0735614,0.25467083,-0.2263445,0.28007168,-0.035280768,-0.07052677,-0.011079967,0.08454262,0.085265584
24.782608845879178,35.07246365433351,80.82854,8553600.046348572,72.40997,0.00031306522,-1.0196803e-05,0.1095541,0.90157604,-0.1471193,-0.27016497,0.031220518,0.16355164,0.4287398,0.21291265,-0.07555844,0.22592227
24.85869584610084,35.31159408476158,76.05999,10540799.757957458,72.76692,0.0474754,0.03547071,-0.038875744,-0.53302014,-0.41318986,0.05053003,0.63269496,0.23622549,0.24517485,-0.087867305,-0.08693236,0.12360379
24.579710091518006,35.06884069756067,84.24473,15638399.68585968,72.1584,7.877318e-06,-1.3193567e-05,-0.2840664,-0.7448441,0.3151691,0.13655514,0.27134922,0.23932362,0.13610622,-0.2038306,0.08060181,0.21918844
24.525362323808892,35.01449270273921,80.76379,11059200.15964508,71.97323,2.9282475e-05,0.00030372044,0.25696978,-0.4391298,0.49691758,0.40611783,0.36797404,0.08075735,-0.07002301,-0.06514867,0.13286267,0.1479758
24.62318819070881,35.09782625650204,81.14894,16934399.593162537,71.48905,-9.672534e-06,4.263828e-05,0.05890129,-1.9652965,0.36023057,0.35842583,-0.19657901,-0.29614428,-0.29526123,-0.1842263,0.029348463,0.18654937
24.619565229179578,35.18478278215484,82.255135,14342399.778556824,71.682884,-3.6364097e-05,-2.923636e-05,0.14472365,-1.5797032,-0.42152315,0.34669504,0.0037308633,-0.4887844,-0.27243668,-0.092379004,-0.058513388,0.109351255
24.271739312019278,35.0833337340226,74.97577,13564800.27294159,72.77036,-0.12811336,-0.091172,0.12769534,0.34483042,0.5390476,-0.3070268,-0.08952264,-0.06508089,-0.06723663,0.09045298,0.08277039,0.12260783
24.373188532413735,34.85507217391305,83.68782,14256000.07724762,72.32831,-1.2460504e-05,-2.863871e-05,-0.27947593,-0.6674191,0.00709017,0.21018118,0.1342692,0.026501585,0.68187666,-0.16761461,0.003622612,0.16765375
24.782608845879178,35.07246365433351,80.82854,11750399.96395111,71.66289,-0.00019956013,0.00019610811,-0.30247658,-0.708217,-0.1670897,-0.15855023,-0.23814017,0.07656769,0.20292792,-0.12015259,-0.049327105,0.12988383
24.40217392316393,35.07246365433351,77.73675,5529600.07982254,72.49625,0.002895967,0.007864511,0.15760385,-0.3749973,0.48655403,0.29771397,-0.07343898,-0.17044896,0.064764544,-0.13741538,0.026221525,0.1398948
24.202898613755877,35.17753635462667,82.22561,864000.0296115875,73.18925,0.00015828376,-0.00020034124,0.06566537,-0.1022505,0.3594841,-0.2470482,-0.25851327,-0.20889029,0.006838465,-0.038394064,0.11848754,0.1245528
24.32608705359737,35.05434782738719,80.59564,5529600.07982254,72.19743,0.00038214502,0.0004380889,0.030607337,-0.9755478,0.20075211,-0.2663109,-0.24626067,-0.2615896,-0.06523179,-0.16505963,-0.004129054,0.16511126
24.576087129988778,34.96376817111452,80.53768,14687999.680709839,71.55924,0.00019354906,-0.00016872103,0.10189636,-1.2645135,0.6366542,0.24521452,-0.080635004,-0.05946045,-0.14983132,-0.17964396,0.081262514,0.19716883
24.49275373635028,34.95652190987481,78.13308,11491199.7631073,72.39253,0.0042742444,0.0003284652,0.6198093,-0.83926976,0.300933,0.18382576,0.36374176,0.08654404,-0.30254456,-0.2607647,0.10891764,0.28259736
24.068840433535758,35.17753635462667,82.62194,14947199.88155365,72.26636,7.170655e-05,2.6026507e-06,-0.20988372,0.4879987,0.1515899,-0.096463166,-0.09993746,0.1628729,0.026569713,0.07543461,0.038504846,0.08469359
24.24275355543479,35.275361916886446,83.709785,16502399.989700317,72.11683,6.0896923e-06,9.969728e-06,-0.8079946,0.37516275,0.08463274,-0.08034713,-0.23209396,0.13297908,0.29525208,0.12461437,0.003325075,0.124658726
24.5036234048686,34.94565269942081,84.86278,8121599.894428253,71.48053,-1.201343e-06,-2.6727992e-07,-0.03660799,-0.32298994,0.034712978,0.26860258,-0.28137583,-0.062773846,-0.27096173,-0.106220074,0.036323622,0.11225912
24.373188349496587,35.09782609021359,73.044136,13132799.572563171,72.88551,-0.8627768,-0.75689274,0.0036629364,0.6991483,0.2361381,-0.126522,-0.10403877,-0.6290126,0.008303905,0.18750075,0.056940183,0.1959559
24.503623143558386,34.916666955294566,80.479385,4406400.123596191,72.03758,1.5263433e-05,0.00029197094,0.2691275,-0.26071727,-0.16464931,-0.074389644,0.015086655,-0.28232652,-0.2710947,-0.23040017,-0.06385873,0.23908612
24.53985505838052,35.14492730981283,78.72631,18230399.500465393,71.915115,0.0016831639,0.0015375691,0.22124788,-1.7253971,0.48832947,0.45324185,-0.07682709,-0.42680356,-0.29075912,-0.28798723,0.03481997,0.2900846
24.626811465810288,35.05797113185407,83.9315,11404800.061798096,72.32934,-2.1440403e-05,-2.2760261e-05,0.06596943,-0.1608051,0.36893725,-0.008183584,0.14253922,0.069707274,-0.11475178,-0.07848327,0.12022418,0.14357394
24.35507260113369,35.04710138474188,76.478294,17366400.293540955,72.796455,-0.033361055,-0.02933741,0.18730894,0.46062168,-0.17110464,-0.14070418,-0.26054648,0.132001,0.12250895,0.13061947,-0.024367452,0.13287294
24.242753659958876,34.931159481553294,83.59315,3542400.093984604,72.59007,-3.1940326e-05,-1.1351601e-05,0.21521476,-0.5646477,-0.5051834,-0.11100877,0.0883239,-0.16909598,-0.43481216,-0.12471689,-0.14417289,0.19063085
24.503623143558386,34.916666955294566,80.479385,10022400.453186035,71.713844,0.00024638567,-0.00023309143,0.43039924,-0.93395567,0.06173543,0.4264579,0.10519019,-0.01905568,-0.61040735,-0.18474051,-0.01085712,0.18505926
24.3913043591697,35.05434799367564,86.750465,12873600.46863556,72.20468,2.8407226e-07,-7.470395e-07,0.020970264,0.50984323,0.1844658,-0.024151511,0.43935695,0.2606275,0.3945645,0.17716289,0.077037,0.19318745
24.47463793572534,35.15579704180788,74.131996,13564800.27294159,73.049065,-0.3614309,0.3674962,0.18926385,-0.727929,-0.28911957,0.06407574,-0.040558457,-0.7306144,-0.5232071,-0.08254263,-0.055267368,0.09933663
24.528985389862203,35.079710263267266,73.800804,3628800.0695228577,72.76584,0.38225728,-0.37934166,0.31297007,-0.6818187,-0.22665365,0.5662371,0.42399836,-0.31673604,0.21161562,-0.18511754,-0.099968284,0.21038575
24.293478074173446,35.130434424522214,78.52256,8121599.894428253,72.93689,0.005778696,0.0038449357,-0.29694614,-0.12673786,0.47192153,-0.070594765,-0.47075513,-0.11426072,-0.45941052,-0.044300266,0.07080782,0.08352401
24.75362311542571,35.148550251468535,82.31272,2937599.9909877777,72.21368,-8.09753e-05,-8.858267e-05,-0.41852686,0.49467996,0.24870266,-0.032129772,-0.09015096,0.34662828,0.018719267,0.19709551,0.032698803,0.19978952
24.271739312019278,35.0833337340226,74.97577,10627199.459266663,73.17544,0.18843412,0.09884963,-0.26076323,0.5926956,0.97326636,-0.22586977,-0.01781544,-0.21034878,-0.19646141,0.12550871,0.15704301,0.20103468
24.728260869121893,35.15579704180788,79.23173,5702400.030899048,71.88278,0.00042967036,-0.00042637865,0.3386627,0.5902431,-0.082454726,0.14182794,0.037251912,0.2829663,0.1187095,0.24338561,-0.08135115,0.25662145
24.340579657513896,35.072464168316,77.031204,6047999.933052063,72.77793,0.018782672,0.019888306,0.12569651,0.53583074,0.85018957,0.10197277,0.108756974,0.062364034,-0.07429263,0.094581746,0.12845373,0.15951824
24.423912946628306,35.16304383214723,83.815254,12700799.969100952,72.72588,-3.6539554e-05,-3.4628745e-05,0.0847058,-0.11924112,-0.13759445,-0.015068948,0.19730619,0.143358,0.32918802,-0.08131513,-0.08514903,0.11773915
24.134057993885538,35.130434787333385,80.741425,9676799.454116821,72.917336,-0.0006682409,-0.00045345255,-0.029824361,0.65273523,0.48084408,-0.13718817,-0.4525427,0.092969924,0.11216661,0.16377138,0.1107969,0.19772966
24.731884091961334,34.88405773852335,82.62194,11231999.562263489,71.51924,-3.523626e-05,-1.951001e-06,0.18394753,1.7111764,0.75978863,-0.03497944,-0.029207215,0.046313487,0.48034334,0.11970748,0.088093825,0.1486284
24.24275355543479,35.275361916886446,83.709785,8639999.747657776,72.77623,4.145881e-05,4.245622e-05,0.20636141,1.8477821,1.618016,-0.0013315752,-0.28243095,0.5131874,0.41732147,0.25268117,0.17527013,0.30751812
24.53985505838052,35.14492730981283,78.72631,8639999.747657776,72.106125,0.0010803099,-0.002243833,0.08939646,-1.0957144,-0.72682214,0.24020714,0.04235062,-0.19099337,0.07568827,-0.20211498,-0.08313531,0.21854506
24.55434784521419,35.039855304907746,78.730316,15897599.886703491,71.757286,-0.00010843097,0.0014938895,0.16248646,-1.5059191,0.048654824,0.17928323,0.014233522,-0.5160364,-0.19880232,-0.18861507,0.031807438,0.19127822
24.731884091961334,34.88405773852335,82.62194,16416000.288391113,71.569695,-2.764545e-05,3.7486465e-05,0.14338627,0.29413074,-0.3144919,0.16465521,0.14623432,0.04592713,0.13120839,0.17298123,-0.1812142,0.25052163
24.518115930392057,35.170290078269815,76.7112,4147199.9227523804,72.02474,0.01336366,0.012977568,0.038949706,-1.2279031,-0.43022597,0.13239118,-0.1108209,-0.40523383,-0.011500806,-0.14270337,-0.003983848,0.14275897
24.60144921950647,34.9456523441682,85.40489,2678400.0643730164,71.161224,7.734689e-07,1.8121182e-06,0.109005466,0.46126762,0.09817962,0.34493786,0.20140651,-0.12301907,-0.18040627,0.12666461,0.024750859,0.12906018
24.528985389862203,35.079710263267266,73.800804,12960000.169944763,73.27905,-0.60701627,-0.61735886,0.2678387,-0.46574396,-0.7251431,-0.35856593,0.07431808,-0.5189357,-0.40118057,-0.084315,-0.15825833,0.17931737
24.068840433535758,35.050724689208764,75.1399,1814400.0347614288,72.23689,-0.06785567,-0.03459287,0.24651545,0.10718258,-0.52889246,-0.21278998,0.2399132,-0.33879355,-0.38466245,-0.0090688765,-0.06614794,0.06676672
24.49275373635028,34.95652190987481,78.13308,6307200.133895874,72.465126,-0.0047619464,0.0014864261,0.39312318,-0.5706401,-0.04990055,0.119944334,-0.13013747,-0.2865682,-0.2984892,-0.21527287,-0.047972456,0.22055332
24.43478251062254,35.050724689208764,81.254395,5443199.830055237,71.784645,8.306262e-05,0.00012146006,0.26026848,-1.1408992,0.346789,-0.17616442,-0.863492,-0.3972081,-0.16663599,-0.09838854,0.024023548,0.101279
24.40217392316393,35.07246365433351,77.73675,9071999.899578094,72.84952,-0.010408434,-0.010697639,-0.04695315,-0.020730376,0.41360524,0.2761878,0.3754885,-0.1137274,-0.12178544,-0.018213239,0.09101778,0.09282219
24.06159400092239,35.235507653915,77.223785,18316800.298690796,72.67202,0.011990733,0.0068125767,0.29423782,0.063756004,0.014901005,0.06486647,-0.29308417,-0.11327416,0.32582927,0.03502726,0.07737593,0.08493494
24.471014503837736,35.137681214861566,84.09494,14515200.27809143,72.77252,-2.9421119e-05,5.7024295e-06,-0.051609956,-0.2015757,-0.06129295,0.0075503737,0.10561206,0.20362136,0.17368522,-0.17887866,-0.07097502,0.19244488
24.3913043591697,35.05434799367564,86.750465,10108800.15449524,72.284065,-6.914695e-07,1.4771202e-06,-0.17774883,-0.20354605,0.36500847,-0.3428067,-0.100048326,0.074696586,-0.07503391,-0.037090868,0.1090218,0.11515851
24.514492864338745,35.152173737341,77.98083,5529600.07982254,71.92398,0.0028949038,-0.002515226,-0.021251477,-1.5206997,-0.51564974,0.20952538,-0.3470756,-0.33326873,-0.12913823,-0.14561917,-0.06382326,0.15899168
24.235507135886934,35.09782643790763,86.62735,4665599.775981903,72.00804,1.4172297e-06,-4.0958886e-07,-0.07319556,-0.8388307,-0.29083386,0.0018717721,-0.48923197,-0.33616385,-0.029671036,-0.18016295,-0.060965378,0.1901985
24.134057993885538,35.130434787333385,80.741425,15206400.082397461,73.10115,0.00032298543,0.00084345206,0.21735552,0.14335224,0.56402326,0.2656616,-0.35654822,0.22591007,0.38112125,0.016352676,0.12405239,0.12512556
24.423912946628306,35.13405791039468,84.735344,7171199.889278412,72.19903,8.064951e-06,4.9454143e-06,0.3111505,-0.7779579,0.24621844,-0.038289875,-0.25022438,-0.336442,0.23579633,-0.15414524,0.0580749,0.16472234
24.471014503837736,35.137681214861566,84.09494,12960000.169944763,72.770226,1.1590244e-05,-2.2713206e-05,0.044500478,-0.17834125,-0.020750474,-0.045617722,0.16197616,0.094730735,0.27515832,-0.13341232,-0.054761533,0.14421397
24.521739153231497,35.18115965909355,80.50853,13564800.27294159,71.762245,-2.687629e-05,0.00018971962,0.1969544,-1.4737371,-0.4732802,0.33996025,0.11280008,-0.34861755,0.13576937,-0.18634951,-0.11766959,0.22039118
24.46739112421217,35.10507235145331,77.031204,432000.01480579376,72.36065,0.012805537,-0.003344959,0.27182493,-0.40100121,-0.16269933,-0.3176787,0.1503995,-0.038380053,0.064257845,-0.1730979,-0.07833621,0.18999854
24.3985509616347,35.079710263267266,82.39983,10886399.660110474,72.41312,-4.3057054e-05,7.088959e-05,-0.014433984,-0.67279434,0.21476717,0.22323835,0.102938764,-0.11232664,0.2092663,-0.1252082,-0.0029280484,0.12524243
24.52536253285706,35.05797113185407,79.99595,15724800.484085083,71.79459,-0.0005051133,-0.00034021685,0.007061437,-1.6089073,0.15903236,0.12377481,-0.012968846,-0.36984313,-0.32012334,-0.15096404,0.02257353,0.1526424
24.728260869121893,35.15579704180788,79.23173,6998399.938201904,71.77726,-0.00080514874,-0.0003357015,0.43016207,0.64212096,-0.2873199,0.034802612,0.16409831,0.25783107,0.076296434,0.22019187,-0.15504628,0.26930246
24.003623304347823,35.192029209683014,80.788605,8121599.894428253,72.64474,0.0005531168,-0.00055242615,0.073227905,2.10596,1.3569013,0.012679338,0.048426814,0.21767819,0.31734648,0.1437847,0.11583791,0.18464145
24.3985509616347,35.079710263267266,82.39983,10368000.35533905,72.35306,1.3946539e-05,8.8320885e-05,-0.0061774477,-0.7588031,0.23337701,0.21915656,-0.002578117,-0.1738945,0.1687696,-0.12775338,-0.0035497397,0.12780268
24.3913043591697,35.05434799367564,86.750465,13132799.572563171,72.16591,6.583732e-07,-1.3848688e-06,0.040393252,0.57493985,0.15297748,0.0026050285,0.4874995,0.29109228,0.43262526,0.18547605,0.058356464,0.19443981
24.24275355543479,35.275361916886446,83.709785,5356800.128746033,72.92935,-1.28087995e-05,-3.2981246e-05,0.33935496,1.4229486,1.194603,-0.04502081,0.11796523,0.2841889,0.025639195,0.15438378,0.11656114,0.1934447
24.15217408195171,35.09782609021359,90.079155,17625600.494384766,71.75131,-9.061126e-09,1.1177599e-09,-0.045019746,1.1469694,-0.007509861,-0.060844295,0.019111127,0.97647417,0.78550786,0.19030157,-0.007963255,0.1904681
24.514492864338745,35.152173737341,77.98083,3110399.9420642853,71.87931,0.0035724991,3.2345153e-05,0.12725106,-0.7400631,-0.06900647,0.075740464,-0.34222895,-0.3395421,0.23458448,-0.16108981,0.010463618,0.16142929
24.521739153231497,35.18115965909355,80.50853,2332799.8879909515,71.94896,0.00037236058,0.00037538275,-0.1617915,-0.31985232,0.53286856,0.056203887,-0.39378542,-0.14918606,0.2050964,-0.14251007,0.1856193,0.23401633
24.358695745580064,35.14492749121842,79.46463,9071999.899578094,72.689224,-0.000989855,-0.001470668,-0.29640564,-1.0295144,-0.19548182,0.14755717,-0.33713627,-0.32723728,-0.17140254,-0.2046039,-0.027858257,0.20649172
24.16304339770124,35.14130418675153,77.183464,8467199.796581268,72.757904,0.011481337,-0.00051951036,-0.023932159,1.2801416,1.1908685,-0.11279433,-0.6336117,0.14021423,0.18906182,0.10352709,0.14726335,0.18001209
24.525362323808892,35.01449270273921,80.76379,2764800.03991127,71.74684,-0.00020908445,7.61892e-05,0.09499352,-0.119932435,-0.33366072,-0.12599418,-0.25790885,-0.22187388,-0.17567393,-0.048978955,-0.11529918,0.12527105
24.351449221508126,35.36231895652174,77.53338,15897599.886703491,73.12635,0.016179051,0.009000295,0.31781372,0.37119994,0.28047976,0.5918778,0.19837493,-0.1646941,0.66092545,0.23551477,0.21121916,0.3163554
24.373188532413735,34.85507217391305,83.68782,14083199.577713013,72.39137,-1.2515423e-05,-2.9918983e-05,-0.28527427,-0.6781913,-0.012962785,0.22497839,0.13502401,0.028713401,0.65997624,-0.16463855,-0.0011163652,0.16464233
24.003623304347823,35.192029209683014,80.788605,13046399.871253967,72.73747,0.000564869,-0.00049798953,-0.36521384,0.45591852,0.3419602,-0.01470273,-0.5151049,-0.040789977,-0.13740212,0.110965036,0.09829512,0.14824025
24.51086948471318,35.141304337922854,75.965324,5184000.177669525,72.30481,0.03320763,0.029519623,0.044160545,-1.4148017,-0.45364976,0.400817,0.016923327,-0.39808828,-0.20640716,-0.0926896,-0.033929765,0.09870457
24.51086948471318,35.141304337922854,75.965324,6998399.938201904,72.49269,-0.040326275,-0.021803916,-0.07418589,-1.7833076,-0.7637021,0.2692949,0.009559378,-0.3212594,-0.5193627,-0.1908713,-0.064864606,0.20159183
24.75362311542571,35.148550251468535,82.31272,11750399.96395111,71.50753,3.506143e-05,4.755869e-05,0.0344712,-0.6708406,-0.5527718,0.27275634,-0.13693237,-0.269324,-0.057811767,-0.10463364,-0.13488376,0.17070977
24.62318819070881,35.09782625650204,81.14894,17625600.494384766,71.429665,-1.4516476e-05,-5.001764e-05,0.16621329,-1.9076594,0.53788626,0.4237305,-0.25066793,-0.26783845,-0.26272887,-0.19504958,0.042811975,0.19969279
24.525362323808892,35.01449270273921,80.76379,15551999.984550476,71.751854,-0.00015604508,0.00013161666,-0.06759198,-1.6601782,0.36593416,0.20830968,-0.025397904,-0.22302856,-0.17794237,-0.1065338,0.026465863,0.109772004
24.2137679164399,35.101449394680465,78.1842,5875199.981975555,72.57008,0.005615419,-0.0017665409,0.12789649,0.683285,0.9144848,-0.25811356,-0.12911236,0.24560702,0.07486247,0.08930026,0.16685432,0.18924825
24.423912946628306,35.13405791039468,84.735344,11404800.061798096,72.76611,-1.4476674e-05,1.6185002e-05,0.05663716,0.06576046,0.24289355,-0.070175774,0.09778337,0.10126284,0.2259931,0.05710332,0.15481901,0.16501428
24.731883987437246,34.999999998854186,80.17734,17366400.293540955,70.826355,3.4805995e-05,-0.00015615372,0.05097914,-0.6302891,-0.39337566,0.07416333,0.501354,0.015673842,-0.344319,-0.13070005,-0.15040271,0.19925733
24.32608705359737,35.05434782738719,80.59564,14428799.479866028,72.48468,-0.00032832427,-0.0005504133,-0.009501342,-0.8122128,0.43632573,0.3606797,0.016164351,-0.14819244,-0.15074039,-0.12467038,0.03980106,0.13086951
24.141304256647267,35.05072417522627,80.839714,11145599.860954285,73.02014,0.00074670947,0.00042157364,-0.24695429,-0.72415364,-0.26753917,-0.12222817,-0.29764467,-0.2986132,0.015336616,-0.104925826,-0.055646233,0.118768394
24.442029139218562,35.043478080275,76.86345,17539199.696159363,72.905815,0.022602728,0.026148127,0.11490165,0.041523114,-0.23278768,-0.12608147,-0.07457674,-0.21657553,0.2188623,0.0392588,-0.097474895,0.105083816
24.518115930392057,35.170290078269815,76.7112,13824000.4737854,72.57614,-0.019444259,-0.0206084,0.26707232,-0.74662006,-0.18131366,0.2544913,0.04229124,-0.5785893,-0.33688995,-0.20129086,-0.09196408,0.22130388
24.293478074173446,35.130434424522214,78.52256,13737599.675559998,72.92065,-0.0020392465,-0.001858509,0.16154513,-1.1025326,0.15159734,-0.009776205,-0.008429188,-0.16775228,-0.015590195,-0.09645213,0.0063815713,0.09666301
24.068840433535758,35.17753635462667,82.62194,12009600.164794922,72.45659,-1.5265932e-05,5.2538475e-05,-0.21623334,0.7639979,0.37760958,0.14971092,0.006468039,-0.050415203,-0.034291513,0.1630783,0.05823017,0.1731626
24.264492787947336,35.06521739309379,75.914215,14947199.88155365,72.47179,-0.032009304,-0.016244957,0.29551595,0.2852584,0.2788526,-0.27092713,-0.1962702,0.15889588,-0.10230971,0.083173804,0.04717841,0.095622614
24.24275355543479,35.275361916886446,83.709785,5097599.927902222,72.94589,4.437988e-05,-2.8429568e-07,0.33320293,1.3287606,1.1406958,-0.06580993,0.11408651,0.2677256,-0.0066237897,0.16160892,0.10109009,0.19062175
24.62318819070881,35.09782625650204,81.14894,1209599.9317646027,71.59375,-4.3622793e-05,-1.0746202e-06,-0.22183001,0.043855876,-0.3018384,0.12668945,0.27270755,-0.116682276,0.09560441,0.05557327,-0.14506122,0.15534203
24.16304339770124,35.14130418675153,77.183464,15551999.984550476,72.97063,0.017821746,0.012950436,0.36039627,-0.3367669,0.41775298,-0.17007434,-0.390049,0.1981199,0.16991693,-0.09461418,0.09355029,0.1330545
24.134057993885538,35.130434787333385,80.741425,9849599.953651428,72.94627,-0.0007602148,-0.00039821846,-0.04953163,0.6011785,0.45221573,-0.12985659,-0.46779683,0.07043548,0.104284465,0.17050558,0.114867836,0.20558885
24.503623143558386,34.916666955294566,80.479385,10108800.15449524,71.72088,0.00021890606,-0.00021500287,0.4264094,-0.9522978,0.066504925,0.42568898,0.10469253,-0.014689652,-0.6026407,-0.1847527,-0.009163931,0.18497984
24.51086948471318,35.141304337922854,75.965324,3542400.093984604,72.203705,0.031088263,0.022741077,0.16354537,-0.9200623,-0.14997618,0.32659677,0.082670085,-0.37278774,0.14227346,-0.09467597,0.0016755611,0.0946908
24.60144921950647,34.9456523441682,85.40489,4924799.976825714,71.27321,-1.4716147e-07,1.1931412e-06,0.17813498,1.0872687,0.42987928,0.29279462,0.36673668,0.049252734,0.18697429,0.18736044,0.0668249,0.19892083
24.49275373635028,35.04710138474188,79.64641,3023999.9665260315,71.85703,-0.0006153465,0.0007631856,0.008619547,-0.4306861,-0.21034168,-0.06095887,-0.4125943,-0.18923867,0.17392904,-0.091763124,-0.07214058,0.11672504
24.586956589458925,35.03623181903528,81.050644,13910400.175094604,71.71113,7.301409e-05,4.3393884e-05,-0.13650694,-1.3009917,0.27908102,0.22614512,0.18298575,-0.10595176,-0.13013607,-0.107865036,0.030522354,0.11210031
24.782608845879178,35.07246365433351,80.82854,16329599.49016571,70.61803,-5.1059706e-05,-4.432758e-05,0.011195373,-1.3953241,0.12344601,0.12051591,0.110611945,-0.2574018,-0.17750823,-0.20231383,0.018610448,0.20316799
24.373188349496587,35.09782609021359,73.044136,6739199.737358093,73.176285,0.85376954,0.7989169,0.1566207,0.76637125,0.71621907,0.12753442,-0.039647833,0.11717974,0.14826164,0.10917792,0.1071071,0.15294361
24.409420264318722,35.137681214861566,85.684586,9590399.752807617,72.73269,6.2523236e-06,-3.1332418e-06,0.16635993,0.11431721,0.49343166,-0.004876524,0.088194296,-0.011203034,0.06321704,0.072831705,0.25397742,0.2642139
24.655797039477626,35.09782643790763,82.953125,5356800.128746033,71.83091,-1.6147618e-05,3.5181438e-05,0.15638128,0.88887954,0.22638029,0.0006533265,-0.17996705,0.08809007,0.60169697,0.2067751,-0.0025466383,0.20679079
24.33695651306752,35.26449269887389,75.24537,11231999.562263489,72.64674,-0.09107411,0.06330438,-0.07547528,-1.6784605,-0.7732802,0.17050657,-0.31156063,-0.40573183,-0.53442675,-0.17217535,-0.088284366,0.19349025
24.528985389862203,35.079710263267266,73.800804,16156800.087547302,73.74263,-0.91624707,0.9474162,0.322066,0.51285815,-0.6344038,-0.24089518,0.10743694,-0.6672549,-0.054964244,0.19311187,-0.31659222,0.3708407
24.782608845879178,35.07246365433351,80.82854,7689599.742507935,72.48427,0.00042319877,0.00015548627,0.20443937,1.2009037,-0.11789897,-0.2503102,0.07038516,0.1703666,0.45813516,0.23974125,-0.06982243,0.2497019
24.16304339770124,35.14130418675153,77.183464,7689599.742507935,72.553566,0.013807055,-0.0018413287,0.02775251,1.6178997,1.2539527,-0.114587344,-0.4813908,0.26708323,0.25907835,0.111422256,0.122684084,0.16572961
24.17028990870767,35.119565206509655,75.23819,2505600.113296509,72.3884,0.066505976,-0.009598352,0.19188473,0.5261327,0.9079414,-0.21450347,0.082066946,0.10011393,-0.25939688,0.0972707,0.1435701,0.17341845
24.75362311542571,35.148550251468535,82.31272,10540799.757957458,71.67635,-2.3611796e-05,4.744855e-05,0.1012734,-0.017381504,-0.46622568,0.20344198,-0.088468276,-0.09527384,0.050477993,0.0036521228,-0.15011123,0.15015565
24.235507135886934,35.09782643790763,86.62735,3283199.893140793,71.88481,3.6507473e-07,1.1900349e-06,-0.110142015,-0.64866126,-0.26522267,0.018704288,-0.5159593,-0.3301127,-0.011143271,-0.16960815,-0.053872216,0.17795825
24.32608705359737,35.05434782738719,80.59564,7603200.0411987305,72.37796,-0.00050802465,0.00028483718,-0.13036034,-0.8841758,0.22128364,0.07642936,-0.07392629,-0.3530228,-0.3425291,-0.19460762,0.013898233,0.19510327
24.409420342711783,35.02898555779556,73.23672,9331199.551963806,73.23725,-0.8415679,-0.9421754,-0.08766379,0.79269886,0.28114066,-0.025437556,0.011606548,0.06382787,-0.27179182,0.10405612,0.022270888,0.10641273
24.60144921950647,34.9456523441682,85.40489,13391999.773406982,72.00139,-4.367893e-06,-1.3489368e-06,-0.19398254,-0.2332875,0.18523356,-0.36436543,-0.06898763,0.06778695,0.292576,-0.12317848,0.11858971,0.17098673
24.60144921950647,34.9456523441682,85.40489,9417600.350189209,71.511734,-1.9102752e-06,2.686486e-06,0.09898597,0.44129446,0.34446704,-0.34904242,-0.21165025,0.37634665,-0.2161304,0.065852106,0.091197275,0.11248752
24.17028990870767,35.119565206509655,75.23819,10108800.15449524,73.06519,-0.12619527,-0.120616935,-0.23517346,0.66096604,1.0680344,-0.11134871,-0.39106184,-0.17269036,0.21383488,0.10323599,0.18522228,0.21204944
24.55434784521419,35.039855304907746,78.730316,10022400.453186035,72.22763,0.0005177613,-0.002341577,0.3068104,-0.8004205,0.0708914,0.22945556,0.25635573,0.0059374385,0.34673718,-0.16833073,-0.009105742,0.16857684
24.655797039477626,35.09782643790763,82.953125,1900800.0102996826,71.76548,2.8778793e-05,-2.5804988e-05,-0.0405225,0.23734543,0.070726976,0.14754654,0.13720357,0.04470606,-0.007398259,0.12049399,0.03293012,0.124912746
24.373188532413735,34.85507217391305,83.68782,6998399.938201904,71.82105,-1.2898787e-05,8.255748e-06,0.07421165,-1.3157098,-0.42696375,0.48065326,-0.21745133,-0.042083956,-0.5991747,-0.08872731,-0.025575444,0.0923398
24.278985653174068,35.159420527680346,80.15937,8639999.747657776,72.82696,-0.0011692841,-0.00047834462,-0.04466386,-0.749465,0.27720064,0.10297807,-0.588208,-0.25430453,-0.19026235,-0.17128019,0.05271934,0.17921002
24.3985509616347,35.079710263267266,82.39983,1555199.9710321426,72.27771,1.4622858e-05,1.5000003e-05,-0.10051135,-0.54156035,0.4827487,0.0010308176,-0.28765488,-0.19202071,0.25748613,-0.16739608,0.16339733,0.23392335
24.51086948471318,35.141304337922854,75.965324,7775999.992275238,72.58162,0.04072296,0.028014397,-0.103471585,-1.6786649,-0.81500405,0.21546698,0.048135277,-0.26640183,-0.5323245,-0.22298303,-0.096560396,0.24299248
24.358695745580064,35.14492749121842,79.46463,12355200.066947937,72.66684,-0.00039379194,-0.001687844,-0.052945085,-0.8593683,-0.15660945,0.25609908,0.06731172,-0.21651861,0.31688213,-0.13001353,-0.033988178,0.13438271
24.481884276880134,35.21376834109622,79.042,13824000.4737854,71.96066,-0.000244388,0.0014575695,0.3358023,-1.2257481,-0.25467956,0.43753114,0.037660528,-0.37718114,0.15408212,-0.19362098,-0.07068405,0.20611967
24.2137679164399,35.101449394680465,78.1842,9504000.051498413,72.92582,-0.004901792,0.0011104523,-0.28685856,0.2932828,0.734809,-0.040506944,-0.45240423,-0.22999215,-0.28503203,0.060090814,0.12292938,0.13683033
24.55072462237475,35.07608730649443,88.70044,12268800.365638733,72.62357,3.7251667e-07,-1.8826563e-07,-0.21389219,1.0737348,0.5791965,0.08069768,-0.062201023,0.2723093,0.121065035,0.09950948,0.055310234,0.11384796
24.49275373635028,35.04710138474188,79.64641,15724800.484085083,71.9045,-0.0006906743,-0.00030938067,0.04451568,-1.4746801,0.2020124,0.12084275,-0.047312222,-0.40755817,-0.2871889,-0.13970816,0.053839147,0.14972316
24.423912946628306,35.16304383214723,83.815254,4752000.025749207,72.2137,-2.049326e-05,-1.4920369e-06,0.14990202,-0.4293844,0.4669658,0.016059719,0.005575951,-0.15184823,0.5774777,-0.21378566,0.17505759,0.27631408
24.409420185925658,35.126811301460926,78.58091,10454400.056648254,72.790955,0.0008336771,0.0037212498,-0.24357685,-0.65217257,-0.21329312,0.15332484,0.153702,-0.17851487,0.054725315,-0.17016652,-0.055546388,0.17900293
24.782608845879178,35.07246365433351,80.82854,10281599.557113647,72.00157,-0.00015310186,-4.6522302e-05,-0.15254703,-0.03077045,-0.18641117,-0.22189534,-0.1690276,0.09887098,0.3104314,0.0069083082,-0.07245864,0.07278722
24.409420342711783,35.02898555779556,73.23672,15292799.783706665,73.38357,0.87270546,0.79264593,0.31035632,1.4938055,-0.3236102,-0.20726886,0.21496981,-0.48198977,0.22726753,0.29370022,-0.028101295,0.29504153
24.152173912100075,34.942029039701325,85.189964,16243199.788856506,72.43878,6.6043713e-06,-7.897571e-06,0.04871749,-0.50382936,0.1229305,0.12466668,-0.018219665,0.023596998,0.5340154,-0.07164531,0.022585839,0.075121045
24.481884276880134,35.21376834109622,79.042,14342399.778556824,71.978806,0.00020060263,0.0013312149,0.33213782,-1.2703645,-0.12932818,0.46387964,-0.0073694736,-0.39998287,0.15125808,-0.19147839,-0.055387236,0.19932817
24.171296292717127,35.10648163098043,78.049835,950400.0051498413,73.15712,-0.010171147,-0.008793525,0.17210785,0.17186931,0.75618875,-0.46292794,0.34854636,0.27262005,-0.108776756,0.105643824,0.24556738,0.26732743
24.32608705359737,35.05434782738719,80.59564,13391999.773406982,72.52915,-0.0005671161,0.00039971367,-0.025095709,-0.7370057,0.38040674,0.41071916,0.20000368,-0.15779665,-0.011788465,-0.10072098,0.018957958,0.10248961
24.677536062942007,35.07971042955572,84.775665,17107200.092697144,71.79411,-3.3820356e-06,-6.0015827e-06,-0.0991972,-1.3454336,0.6533025,0.13009323,0.056817528,-0.08071299,0.06553461,-0.24889073,0.10771391,0.271199
24.47463793572534,35.15579704180788,74.131996,1036799.9806880951,72.99546,-0.25971672,-0.13703619,0.51634353,-1.0314939,0.4749089,0.1682059,0.3863224,0.048667617,0.31303582,-0.2248474,0.07655463,0.23752256
24.619565229179578,35.18478278215484,82.255135,7257600.139045715,71.53097,-2.5920303e-05,4.823026e-05,0.016792515,-0.34118077,-0.27352336,0.19929014,-0.26570666,-0.28642428,0.062232647,-0.08665226,-0.10611727,0.13700178
24.373188532413735,34.85507217391305,83.68782,17539199.696159363,71.29569,-4.5143825e-06,-1.0843797e-05,-0.17626771,-0.3402691,0.17719106,0.17410412,0.040526327,-0.10512925,0.89714205,-0.12738904,0.079607606,0.15021764
24.655797039477626,35.09782643790763,82.953125,17539199.696159363,71.3204,-1.6962711e-05,-2.1580814e-05,0.0659163,-1.6864839,0.69663715,0.3132456,-0.18271723,-0.1111894,-0.14793667,-0.14161411,0.049449027,0.1499992
24.731884091961334,34.88405773852335,82.62194,7084800.187969208,71.87714,3.9170976e-05,-1.679825e-05,-0.002333641,1.3452561,0.27485946,-0.0076635927,-0.018718608,-0.13489866,-0.133443,0.23513149,0.0834195,0.24949074
24.40217392316393,35.07246365433351,77.73675,604799.9658823013,72.44972,-0.0076885545,-0.0076802876,0.098489724,-0.4668574,-0.2934057,-0.07333464,0.016786292,-0.010646915,0.19894949,-0.12793665,-0.04322284,0.13504073
24.62318819070881,35.09782625650204,81.14894,1382400.019955635,71.60612,1.1495633e-05,-3.3796896e-05,-0.18982336,0.059927598,-0.2962997,0.13360359,0.2366975,-0.09766762,0.12493252,0.06449999,-0.13040987,0.14548877
24.264492787947336,35.06521739309379,75.914215,16243199.788856506,72.38746,0.03815982,0.037863523,0.3669532,0.34774402,0.052588742,-0.11108046,-0.23694268,0.2126991,-0.06264493,0.111783326,-0.018440114,0.11329409
24.800724541980035,35.0326085145684,80.91604,5529600.07982254,72.75381,0.00052926136,0.0003663656,0.22271973,1.3791655,0.065298006,-0.07150032,0.10369703,0.07608125,0.35675466,0.24780095,0.050389156,0.25287226
24.800724541980035,35.0326085145684,80.91604,8208000.144195557,72.58839,-0.000466996,-8.3288614e-05,0.06526556,1.102288,0.025954098,-0.44198632,0.1416952,0.08284841,0.3214415,0.15122165,-0.038110018,0.15594986
24.52536253285706,35.05797113185407,79.99595,7343999.840354919,71.78251,0.00017444762,-0.00010647664,0.42604992,-0.5427244,0.21851262,0.3038999,-0.2958448,-0.33240986,0.174813,-0.07891143,-0.0041934177,0.07902277
24.49275373635028,34.95652190987481,78.13308,259199.99517202377,73.147316,-0.007996585,-0.009946905,-0.16571471,0.5063199,-0.69701743,-0.48746318,0.36521497,-0.20137106,0.22883499,0.14860505,-0.23883086,0.28128925
24.17028990870767,35.119565206509655,75.23819,14687999.680709839,72.47202,-0.059296872,0.056025174,0.22959766,0.097908735,0.52676785,-0.37090397,-0.40267587,0.20941298,0.09133467,0.03639505,0.2510716,0.2536958
24.16304339770124,35.14130418675153,77.183464,11923200.463485718,73.46107,0.032060802,0.030510737,-0.08475519,-0.10539787,0.7662186,-0.19284955,-0.72247565,-0.11940094,0.06939538,-0.0148277,0.09831758,0.099429406
24.72463775080654,35.097825908808005,83.506035,11059200.15964508,72.08349,2.3387089e-05,-2.033385e-05,0.024026198,-0.5486913,-0.09664701,0.0019191802,-0.10457004,-0.16512862,-0.027405605,-0.11236405,-0.041722596,0.11986014
24.06159400092239,35.235507653915,77.223785,4924799.976825714,72.83896,0.017642358,0.012427744,0.33078542,2.0351725,1.3024981,-0.00076726824,-0.20596448,0.16697414,-0.4432168,0.13717984,0.10063091,0.17013197
24.731883987437246,34.999999998854186,80.17734,17279999.49531555,70.833786,3.7113623e-05,-0.00016564445,0.043566495,-0.65291977,-0.38921893,0.072361186,0.4872464,0.018153049,-0.3422439,-0.13258238,-0.15367633,0.20296429
24.85869584610084,35.31159408476158,76.05999,16847999.891853333,72.94817,-0.045377616,0.03923766,0.014033604,-0.45152855,0.4788102,0.04433901,-0.13909528,-0.0826951,-0.31539914,-0.103046924,0.12724765,0.16373952
24.503623143558386,34.916666955294566,80.479385,13132799.572563171,71.720604,-0.00025764265,0.0002044195,0.3057098,-1.3576035,0.43043292,0.3999422,-0.024620064,-0.022737479,-0.33351853,-0.1976577,0.08375874,0.21467206
24.507246418659868,35.018115659512056,74.98295,8121599.894428253,72.96773,-0.14180072,-0.1546587,0.14747134,-0.65217125,-0.14618261,0.16381624,0.11918056,0.057202615,0.015036309,-0.09147403,-0.03368321,0.09747849
24.409420185925658,35.126811301460926,78.58091,17539199.696159363,72.373085,-0.003191799,-0.0025182513,-0.003956765,-0.67436624,0.23199336,0.20537633,-0.10190391,-0.051060673,-0.20673695,-0.12362357,0.093621545,0.15507346
24.286231733018653,35.16304365074164,82.86601,12614400.267791748,72.651665,5.521387e-05,-1.2916163e-05,0.03502999,0.32287982,0.13958704,0.0248481,0.063178614,0.27767375,0.26147848,0.1453373,0.047166422,0.15279922
24.800724541980035,35.0326085145684,80.91604,15379199.48501587,70.73541,-5.882899e-05,1.2534052e-06,-0.22354549,-1.2083073,-0.07145406,-0.018689103,0.09140968,-0.078096375,-0.19943923,-0.14582731,-0.029875495,0.14885613
24.572463802625258,35.028985391507106,77.31845,2592000.0888347626,72.202705,0.007394775,0.0077458248,-0.025537148,-0.19859228,-1.0102385,0.2061939,0.25920415,-0.29264584,0.18929899,-0.092789315,-0.22450066,0.24292056
24.655797039477626,35.09782643790763,82.953125,3628800.0695228577,71.86811,-1.3348007e-05,3.9385422e-06,0.06220255,0.53077364,0.21496348,0.100724615,-0.15444958,0.054405503,0.33173218,0.20805895,-0.0017616153,0.20806642
24.24275355543479,35.275361916886446,83.709785,13824000.4737854,72.2687,-1.7330702e-05,-2.6539208e-05,-0.49880272,1.0503359,0.32736552,0.06286481,-0.13852468,0.3189984,0.5937878,0.16617945,0.035477698,0.16992432
24.471014503837736,35.137681214861566,84.09494,6480000.084972382,71.94765,5.315144e-06,-6.0971092e-06,0.27496096,-0.7480053,0.35750192,-0.00081466883,-0.2513211,-0.35233375,0.42200518,-0.08386238,0.07448883,0.11216722
24.608695560661264,35.210145036629335,80.071884,17452799.99485016,71.41571,-0.0003264511,0.0003362524,0.2166206,-1.6866398,0.8442711,0.6299628,-0.39736253,-0.3746406,-0.32834008,-0.18369207,0.06938167,0.19635832
24.264492787947336,35.06521739309379,75.914215,10454400.056648254,73.01297,-0.06466212,-0.056632653,-0.2673686,0.63422763,0.9537888,-0.24573311,0.01576846,-0.16057114,-0.2987679,0.17172256,0.15405586,0.23069862
24.880434869565217,35.11594208344836,73.60822,7516799.791431427,72.53263,0.0715854,-0.044481106,0.021113599,-0.58527136,-0.45135385,-0.10377144,0.27486756,0.5166335,-0.030901052,-0.17192152,-0.15372543,0.23062636
24.40579722439643,35.07608730649443,81.130585,950400.0051498413,72.23771,-0.0002769341,-7.4543135e-07,-0.17813739,-0.5247947,0.3300215,0.16697729,-0.16677955,-0.14333127,0.25847074,-0.17738253,0.14897177,0.23164013
24.373188349496587,35.09782609021359,73.044136,5356800.128746033,73.07762,0.9639932,0.8127632,0.22451365,0.58649087,0.62206596,0.061653845,0.12095275,0.10905667,0.26768476,0.08565174,0.070914276,0.11119827
24.373188532413735,34.85507217391305,83.68782,11836799.665260315,72.56745,1.3956829e-05,2.8121864e-05,-0.36301056,-0.8862281,-0.3697549,0.39283168,0.04456784,0.09090792,0.2627431,-0.21407196,-0.068880096,0.22488058
24.068840433535758,35.050724689208764,75.1399,17971200.39653778,72.05759,0.057180338,0.039869033,-0.10782074,0.73406184,0.025433011,-0.13637555,0.10509196,0.0142159425,0.031535294,0.2021728,0.011309655,0.20248888
24.282608510179216,35.10869565592019,73.044136,14601599.979400635,72.54304,-0.63038903,-0.5838885,0.09194507,1.0742824,0.34955072,0.018940829,0.05839707,-0.20899405,0.35153836,0.1516446,0.06556893,0.16521311
24.409420264318722,35.137681214861566,85.684586,12527999.469566345,72.78473,-6.1757887e-06,-6.0800203e-06,0.055487234,0.3942831,0.28241137,0.029752553,0.21524829,0.16001862,0.24627665,0.18247466,0.11554418,0.21598023
24.134057993885538,35.130434787333385,80.741425,14515200.27809143,73.08977,0.0008375221,-5.5489916e-05,0.16487408,0.1978803,0.46471238,0.19938064,-0.35315338,0.21112813,0.3787828,0.033157274,0.11330396,0.11805589
24.731884091961334,34.88405773852335,82.62194,7948799.943351746,71.90534,3.530758e-05,4.209864e-05,0.08330087,1.5836153,0.33855182,-0.04301194,0.037408322,-0.09563682,0.031884857,0.24404833,0.06567769,0.25273138
24.731884091961334,34.88405773852335,82.62194,345600.00498890877,72.127365,5.3180614e-05,3.4864537e-05,0.13600855,0.21401146,-0.23535843,0.2950626,0.4313136,0.2945235,-0.1938166,0.09663231,-0.09773482,0.13744052
24.275362351941567,35.02173896397893,79.32639,16761600.190544128,72.163994,-0.0011086315,0.0012933608,0.0036046803,-0.6759486,0.49791852,0.34311298,-0.48070917,-0.26362604,-0.3127537,-0.11881809,0.13426359,0.17928873
24.619565229179578,35.18478278215484,82.255135,9071999.899578094,71.58685,-2.0693953e-05,-5.3923563e-05,0.24213213,-0.8314862,-0.52872473,0.3745905,0.0022969507,-0.28873172,-0.06646233,-0.13866593,-0.18365015,0.23012088
24.068840433535758,35.17753635462667,82.62194,6825599.987125397,72.17188,5.8199614e-05,6.150245e-05,0.17298031,2.0713472,1.1577289,-0.054980703,0.23820555,0.10900028,0.30451226,0.242861,0.08099863,0.2560122
24.52536253285706,35.05797113185407,79.99595,8208000.144195557,71.8535,0.00055417913,2.1990402e-06,0.41525015,-0.4547192,0.22836007,0.34446713,-0.029624455,-0.21783106,0.2571259,-0.06952018,0.00907398,0.07010987
24.16304339770124,35.14130418675153,77.183464,11145599.860954285,73.40264,0.03020718,0.030769603,-0.12125615,0.026622474,0.81759757,-0.14683095,-0.78012496,-0.15754968,0.0076740086,-0.0114686005,0.081237495,0.08204304
24.51086948471318,35.141304337922854,75.965324,172800.00249445438,72.32019,-0.02559815,-0.033724256,0.30078003,-0.85851586,0.027542584,-0.10876646,0.34231937,-0.02894505,-0.0072629713,-0.18910027,-0.044785865,0.19433138
24.17028990870767,35.119565206509655,75.23819,17279999.49531555,72.1993,-0.058485683,-0.058849122,0.42787528,0.4164388,0.051267955,-0.16640422,-0.2865942,0.27062893,0.09344049,0.083421454,0.008166403,0.08382022
24.286231733018653,35.16304365074164,82.86601,12009600.164794922,72.68691,6.514116e-05,-7.5516335e-05,0.048095956,0.27559724,0.20733438,0.05246833,0.009154055,0.19691989,0.25225163,0.11923113,0.07370837,0.14017484
24.068840433535758,35.050724689208764,75.1399,5443199.830055237,71.687805,0.03696983,0.0049552023,0.17265847,1.938774,0.35113212,-0.22589919,-0.13338414,0.31664813,0.4714319,0.090898484,0.029119134,0.09544872
24.358695745580064,35.14492749121842,79.46463,13824000.4737854,72.576546,-0.0017228642,-8.1161306e-07,0.0843955,-0.9571328,1.3384968e-05,0.3039396,0.07425659,-0.18291685,0.26108646,-0.12399402,-0.008916408,0.1243142
24.340579657513896,35.072464168316,77.031204,16243199.788856506,72.49532,0.014914353,0.013567885,0.27920014,0.08617039,0.12049757,-0.06951407,-0.28530383,0.050908938,-0.13957715,0.084235996,0.036632854,0.091856785
24.423912946628306,35.13405791039468,84.735344,950400.0051498413,71.94877,1.712996e-06,-7.45021e-06,0.008543998,-0.9043138,0.5722379,-0.113286145,-0.46776637,-0.104576916,0.3656183,-0.10335981,0.07457167,0.12745267
24.275362351941567,35.02173896397893,79.32639,15983999.588012695,72.26336,-0.0014631762,0.0011576366,0.052141722,-0.7298472,0.5049895,0.35660794,-0.4207111,-0.2929013,-0.30229756,-0.13884217,0.1446808,0.20052351
24.409420264318722,35.137681214861566,85.684586,6652800.036048889,72.19085,-2.1904523e-06,-9.3704267e-07,0.38415384,-0.59984225,0.2242328,-0.0368321,-0.11667802,-0.24215753,0.2546708,-0.17590976,0.07631089,0.19174878
24.141304256647267,35.05072417522627,80.839714,3887999.996137619,72.514626,0.0003834433,0.00035796425,0.55337995,0.0518502,0.49442244,-0.41946417,0.3209445,0.020599592,0.12228203,-0.036287308,0.08115709,0.08890018
24.268116089179838,35.07971042955572,81.07262,8121599.894428253,72.525505,-7.889834e-05,6.1460545e-05,-0.19534916,-1.195388,0.06718054,-0.12725884,-0.35168716,-0.33802328,-0.1344434,-0.093998514,-0.029399738,0.09848891
24.822463669968496,35.11956556932083,79.471794,10108800.15449524,71.87484,0.00077055953,0.0007598981,-0.027071953,0.16623962,-0.2310447,-0.14115027,-0.2264964,0.26251122,0.086349696,0.07299955,-0.17089598,0.18583426
24.47463793572534,35.15579704180788,74.131996,5184000.177669525,72.696465,0.25306246,0.21392503,0.024964487,-1.3207241,-0.4188476,0.29789928,0.3887505,-0.24067396,-0.12513739,-0.08611296,0.0048886314,0.08625162
24.43478251062254,35.050724689208764,81.254395,14687999.680709839,72.18658,0.00021622618,-0.00022833727,-0.13289005,-0.8965559,0.35440737,0.25546047,0.18607801,-0.112475544,-0.23854423,-0.20468873,0.06478934,0.21469778
24.880434869565217,35.11594208344836,73.60822,9849599.953651428,73.1983,0.6298133,0.64563406,-0.146967,-0.45763776,0.04936394,-0.15455067,0.18267107,0.29088524,0.17788687,-0.21020558,0.03450247,0.21301833
24.40217392316393,35.07246365433351,77.73675,8035200.193119049,72.71938,-0.009360337,-0.00760575,0.0419723,-0.21212286,0.45511442,0.35182765,0.22175235,-0.22833046,-0.29989916,-0.07167152,0.089967296,0.115025744
24.619565229179578,35.18478278215484,82.255135,5961600.231742859,71.64091,-5.556243e-05,-5.14324e-05,-0.17624518,-0.31660843,-0.06537314,0.05285883,-0.41813993,-0.1623633,0.20282999,-0.1037088,-0.035402924,0.10958505
24.782608845879178,35.07246365433351,80.82854,7603200.0411987305,72.48942,0.00041711598,0.00013740128,0.21081245,1.2206924,-0.114739046,-0.24605289,0.07075457,0.17076589,0.4589561,0.24072573,-0.068709955,0.25033963
24.177536001617764,35.01449252133363,77.3516,5356800.128746033,71.90655,-0.0025946512,-0.006260106,0.33210155,1.6343443,0.13786152,-0.22869232,0.7206523,-0.07905422,0.22338888,0.22367749,-0.018818483,0.22446771
24.525362323808892,35.01449270273921,80.76379,8553600.046348572,71.776794,-0.0001860271,-0.00012519643,0.52317727,0.25136694,0.52635986,0.18824409,0.05757751,0.035903834,-0.06401503,0.06881888,0.101537965,0.12266213
24.608695560661264,35.210145036629335,80.071884,3369599.8686790466,71.82359,-9.160046e-05,0.00039148767,-0.26369432,-0.2919817,0.17929618,0.042835142,-0.23578355,-0.085001156,0.3287087,-0.089768656,0.10101612,0.13513944
24.365941903817713,35.11594190204278,77.940506,9417600.350189209,73.0092,0.009615733,0.0027065058,-0.40783092,-0.19536874,0.18159886,0.049303077,-0.06263314,-0.18127644,-0.34791765,-0.11933601,0.05006078,0.12941083
24.177536001617764,35.01449252133363,77.3516,17107200.092697144,72.34227,0.00914489,0.009802566,-0.015840307,-0.062069,0.33785114,0.19710708,-0.49243268,-0.19463871,-0.2471947,-0.0043465467,0.14915088,0.1492142
24.068840433535758,35.17753635462667,82.62194,12095999.866104126,72.45338,-3.3196984e-06,6.4667365e-05,-0.2215409,0.7543436,0.36364487,0.14456674,0.0043861084,-0.04703219,-0.033282638,0.15968817,0.05810102,0.16992952
24.72463775080654,35.097825908808005,83.506035,7689599.742507935,72.254196,-1.6173986e-05,1.9293799e-05,0.05887387,0.78847337,-0.081459045,-0.26081893,-0.26818934,0.083231,0.15557562,0.2021989,-0.062710315,0.2117002
24.49275373635028,35.04710138474188,79.64641,16675200.489234924,71.84281,0.00019605014,0.000484285,0.040882837,-1.5829155,0.19157396,0.13152173,-0.12888685,-0.39862174,-0.254891,-0.13067298,0.047176898,0.13892835
24.15942034471344,35.02536261613985,84.04098,16243199.788856506,72.56674,-2.3590195e-05,-1.7242122e-05,0.18210593,-0.22468418,0.3695625,0.37695074,0.15741155,0.3276942,0.2886832,-0.065288186,0.13323647,0.14837284
24.880434869565217,35.11594208344836,73.60822,777599.9855160713,73.23521,-0.67388856,-0.67383474,0.17539206,-0.29174143,0.2739184,0.58193135,0.5019678,-0.10736817,-0.055689223,-0.110080935,0.1906696,0.2201652
24.55434784521419,35.039855304907746,78.730316,1900800.0102996826,72.09763,0.0021934116,-0.0004860686,-0.16008842,-0.08538918,-0.8515434,-0.013136469,0.27997547,-0.119277485,0.16730696,-0.02056612,-0.22681656,0.22774705
24.49275373635028,35.04710138474188,79.64641,8985600.19826889,72.06776,-4.978e-05,-0.0009110524,0.38146064,-0.30164573,0.3809441,0.47350672,0.29046026,-0.13465221,0.18061286,-0.07227724,0.052232042,0.08917502
24.17028990870767,35.119565206509655,75.23819,17020800.39138794,72.19,-0.06011923,-0.041125406,0.42644206,0.3480944,0.07883025,-0.17702371,-0.31418723,0.26886606,0.08421331,0.08106415,0.016195297,0.0826661
24.623188347494935,34.98550731008629,86.27349,12182399.56741333,72.220695,-2.4021954e-06,-4.9641164e-07,-0.14102527,-0.024345025,0.3469106,-0.43378103,0.009742089,0.25470152,0.094496205,-0.027292512,0.106249295,0.10969865
24.171296292717127,35.10648163098043,78.049835,3542400.093984604,72.51884,0.0046542315,-0.0035123017,0.3438943,0.812976,0.96980345,-0.47064275,0.14864624,0.29398295,-0.057961904,0.11569945,0.21405932,0.24332644
24.677536062942007,35.07971042955572,84.775665,6566399.786281586,72.037834,-5.4542415e-06,4.1519993e-06,0.11183988,0.848148,0.41968992,-0.19860023,-0.08777621,0.24263021,0.35862482,0.25800145,0.14095244,0.29399377
24.365941903817713,35.11594190204278,77.940506,15206400.082397461,72.71027,-0.0034874682,-0.007996665,0.25354898,-0.5972881,0.16588835,-0.031870507,-0.03554006,-0.15266402,-0.17972466,-0.11607139,0.057772905,0.12965445
24.507246627708035,35.15217355593542,72.15966,172800.00249445438,73.30922,-0.346752,-0.34623846,0.86868906,-0.888582,0.4078635,0.1110026,0.90904725,-0.002565803,0.30870458,-0.0812895,0.038129453,0.089787744
24.507246627708035,35.15217355593542,72.15966,12873600.46863556,72.40961,-0.7933,-0.79250896,0.26994973,-0.3995013,-0.5962444,-0.36171034,0.032771714,-0.42031786,-0.4946331,-0.062369436,-0.09796441,0.11613343
24.2137679164399,35.101449394680465,78.1842,10627199.459266663,73.17631,0.009926363,-0.0023339617,-0.24735421,-0.29472473,0.5793887,-0.0638252,-0.34609705,-0.3063621,-0.24679282,-0.047911577,0.08025576,0.09346928
24.655797039477626,35.09782643790763,82.953125,17884799.598312378,71.30079,-2.0381634e-05,-2.1235046e-05,0.12530927,-1.6033502,0.77173424,0.32160679,-0.2234444,-0.0853318,-0.15492487,-0.13219963,0.06529176,0.14744408
24.55434784521419,35.039855304907746,78.730316,9158400.149345398,72.120155,-0.0010274622,-0.0022465028,0.36418006,-0.7465973,0.04866972,0.24185166,0.17165798,-0.08474024,0.35968593,-0.19118124,-0.03500334,0.19435921
24.641304357168043,34.938405387540406,81.3883,5443199.830055237,71.89113,6.502157e-05,-5.881766e-05,0.24022907,0.98112595,0.016277324,-0.31084037,-0.03614819,-0.07190326,-0.21161562,0.3039162,-0.002539076,0.3039268
24.2137679164399,35.101449394680465,78.1842,1382400.019955635,73.04561,-0.008813315,-0.008372133,0.22068915,-0.053311504,0.7590393,-0.3891142,0.18719855,0.22650665,-0.018793747,-0.0048647574,0.20577478,0.20583229
24.623188347494935,34.98550731008629,86.27349,10195199.855804443,71.90742,-1.5224537e-06,1.2304957e-06,0.012936439,0.23066404,0.55009013,-0.57477623,-0.310416,0.3603855,-0.32686853,0.031036593,0.16244887,0.16538714
24.655797039477626,35.09782643790763,82.953125,15379199.48501587,71.6086,5.9732506e-06,2.2199863e-05,-0.17396545,-1.6462481,0.19690207,0.24391732,0.07394163,-0.22832806,-0.20266345,-0.19690348,0.012093484,0.1972745
24.15217408195171,35.09782609021359,90.079155,2505600.113296509,71.76627,3.4700893e-09,4.6636487e-08,0.06400429,-0.39901495,-0.26186788,0.64293265,0.002566997,-0.1690149,-0.10126812,-0.17996192,-0.048271835,0.18632354
24.481884276880134,35.21376834109622,79.042,9331199.551963806,72.07713,0.0015079302,-0.00118205,0.01073486,-1.607088,-1.1344827,0.16680852,0.11746986,-0.18069309,-0.22485858,-0.23207536,-0.17821729,0.2926096
24.528985389862203,35.079710263267266,73.800804,6998399.938201904,72.828255,0.28082713,0.28684902,0.2322315,-1.625386,-0.56533724,0.34378684,-0.12571418,-0.16039257,-0.057627477,-0.1494725,-0.102437496,0.1812056
24.336956356281394,35.12681217825459,78.56935,172800.00249445438,72.9518,0.005574464,0.0013732234,0.23242378,-1.2999389,0.48699492,0.08871461,-0.059966415,-0.049009748,0.14445156,-0.27379775,0.12004039,0.29895636
24.177536001617764,35.01449252133363,77.3516,2505600.113296509,72.14029,-0.0031589624,-0.006080074,0.5903852,0.5149449,-0.16513906,-0.3800599,0.46899146,-0.3184698,0.022017831,0.1423218,-0.06482615,0.1563903
24.15217408195171,35.09782609021359,90.079155,15206400.082397461,71.31963,-3.0913812e-09,-2.993286e-08,-0.07114653,0.61486506,-0.37630358,-0.27828154,0.09818809,0.582052,0.6652514,0.14405458,-0.102371916,0.17672502
24.242753659958876,34.931159481553294,83.59315,86400.00124722719,72.212456,2.6096912e-05,2.3382576e-05,0.05406523,0.046833828,-0.17562026,0.0070466325,0.04157637,-0.17102458,-0.020867478,0.033027172,-0.14514986,0.14885992
24.06159400092239,35.235507653915,77.223785,2505600.113296509,72.97299,0.019808237,0.00492347,0.077603415,0.7650491,0.73582864,-0.16139057,-0.065674104,-0.04434756,-0.7818213,0.1892446,0.16489239,0.251004
24.528985389862203,35.079710263267266,73.800804,13478399.474716187,73.37232,-0.6563414,-0.6512962,0.29190704,-0.36928898,-0.72751504,-0.36235633,0.081520505,-0.5655334,-0.37646994,-0.0515769,-0.20143816,0.20793632
24.06159400092239,35.235507653915,77.223785,5615999.781131744,72.93058,0.018835265,0.015370795,0.35560572,2.3451877,1.4086121,0.05008229,-0.24736065,0.17746057,-0.26373443,0.14422998,0.09634035,0.17344667
24.481884276880134,35.21376834109622,79.042,9244799.850654602,72.06641,0.0016057054,-0.0012586504,0.002638366,-1.6151286,-1.1458054,0.16142571,0.1117899,-0.18134257,-0.22859314,-0.23414122,-0.17759287,0.29387298
24.373188532413735,34.85507217391305,83.68782,11059200.15964508,72.42207,1.6866222e-06,3.1244308e-05,-0.35901925,-0.9859656,-0.5047526,0.42120555,-0.012742929,0.11837487,0.083076514,-0.23586841,-0.08743526,0.25155285
24.659420157792983,35.13768139626715,82.9603,14947199.88155365,71.663246,3.0070867e-05,2.9879971e-05,-0.06253562,-1.5028852,-0.003340084,0.31816515,0.027985258,-0.42195585,-0.29989573,-0.1407988,-0.034804374,0.14503671
24.626811465810288,35.05797113185407,83.9315,10627199.459266663,72.267044,-2.1646112e-05,-9.7984175e-06,0.15743102,0.0020220354,0.3811053,-0.12290465,0.056793038,0.15766232,-0.049822822,-0.02428414,0.13420723,0.13638659
24.40579730278949,34.98550712868071,82.545616,10195199.855804443,72.071686,-3.420351e-06,6.4503074e-05,-0.20149094,-0.670421,0.043394975,0.38679284,0.06431106,-0.0064872075,-0.3888435,-0.23579992,0.010658927,0.23604071
24.659420157792983,35.13768139626715,82.9603,4147199.9227523804,71.90764,-2.494121e-05,-3.31933e-06,-0.19200307,0.095042735,0.18750606,-0.053332083,-0.4871141,0.08882014,0.28167364,0.100692,0.08453404,0.13147199
24.52536253285706,35.05797113185407,79.99595,14947199.88155365,71.86062,5.418277e-05,0.00030158003,-0.0076989904,-1.432887,0.14320008,0.1280992,0.11404125,-0.3422155,-0.2486842,-0.16383982,0.017016679,0.16472113
24.880434869565217,35.11594208344836,73.60822,6739199.737358093,72.315544,-0.28515178,-0.26938197,0.07718394,-0.6033073,-0.53391916,-0.041833773,0.27821633,0.51117504,-0.11104437,-0.12650424,-0.1408666,0.18933232
24.340579735906957,35.22101461745307,78.71513,6998399.938201904,72.647125,0.003446032,0.0028413783,0.047895163,-1.6326593,-0.60397243,0.068925306,-0.4282623,-0.109039776,-0.6610697,-0.22909397,-0.03653704,0.23198922
24.3985509616347,35.079710263267266,82.39983,2246400.0495672226,72.27865,-7.145033e-05,5.064667e-05,-0.023820102,-0.5096598,0.5065304,-0.08411463,-0.33355662,-0.22897553,0.26663843,-0.17641428,0.1380096,0.22398359
24.471014503837736,35.137681214861566,84.09494,8812800.247192383,72.20122,-1.379606e-05,1.3144432e-05,0.26029107,-0.6032431,0.34619656,0.09144127,-0.18444046,-0.30451435,0.28842458,-0.07858285,0.034130555,0.08567473
24.068840433535758,35.050724689208764,75.1399,7084800.187969208,71.77999,0.044037517,0.038238846,-0.03365563,2.2196052,0.66498595,0.040703375,-0.11514688,0.33667907,0.7991415,0.13819388,0.054408565,0.14851882
24.409420264318722,35.137681214861566,85.684586,15983999.588012695,72.33464,1.0406002e-06,4.444663e-06,-0.12877056,0.46914068,-0.1547029,0.1660153,0.2574551,0.33457732,0.33761287,0.23518436,-0.04503098,0.23945661
24.141304256647267,35.05072417522627,80.839714,8899199.948501587,72.89853,0.00045483766,0.000490056,-0.1648519,-0.2843902,-0.13377464,-0.35305607,-0.19554377,-0.065081716,0.22381255,-0.0863045,-0.046592005,0.09807794
24.503623143558386,34.916666955294566,80.479385,13046399.871253967,71.72342,-0.00022932647,0.00016302559,0.3098697,-1.3618908,0.41651157,0.3994825,-0.02396565,-0.018475942,-0.33971214,-0.19658177,0.08154073,0.21282218
24.60144921950647,34.9456523441682,85.40489,14169600.375938416,71.95336,3.715979e-06,-4.173414e-06,-0.2221565,-0.30372488,0.13314764,-0.29269642,0.023867741,0.0005545169,0.36700737,-0.1687666,0.091211654,0.19183777
24.340579735906957,35.22101461745307,78.71513,7689599.742507935,72.71718,0.003935153,0.003969742,0.031794064,-1.6629426,-0.6514159,0.10900907,-0.40058184,-0.1795038,-0.66249555,-0.17787062,-0.013572805,0.17838772
24.525362323808892,35.01449270273921,80.76379,8639999.747657776,71.78522,-0.00020226311,-0.00012711795,0.51809275,0.23759061,0.52805036,0.1965963,0.07545788,0.04245019,-0.061193258,0.06654002,0.10506409,0.12436252
24.641304357168043,34.938405387540406,81.3883,13391999.773406982,71.32804,-2.2035396e-05,3.053411e-05,0.18353805,-0.38246804,0.8292696,0.2194027,-0.21318236,0.07837397,-0.01273445,-0.042310014,0.06541131,0.077902354
24.3985509616347,35.079710263267266,82.39983,18057600.097846985,72.32873,-9.11614e-05,9.079841e-05,-0.13498336,-0.9137064,0.49232438,0.53718936,-0.1527679,0.38208959,-0.10683327,-0.22927421,0.20420946,0.3070312
24.641304357168043,34.938405387540406,81.3883,5356800.128746033,71.8985,5.136945e-05,-5.2030275e-05,0.23150516,0.96959686,0.00065876544,-0.305934,-0.030441098,-0.072366185,-0.21422258,0.3074972,-0.011764437,0.30772215
24.782608584568965,35.06521774078783,85.492004,3283199.893140793,72.24472,5.1683696e-07,-3.2298626e-06,-0.10513718,0.8516617,0.5617199,0.11469437,0.0596258,0.4758666,-0.18855968,0.07485834,0.060285807,0.09611529
24.351449221508126,35.36231895652174,77.53338,14169600.375938416,73.186485,-0.017824024,-0.012348622,0.32902047,-0.11076454,0.116888836,0.6011409,0.39631605,-0.23338914,0.4629356,-0.05718463,0.07380352,0.093365096
24.271739312019278,35.0833337340226,74.97577,172800.00249445438,72.908226,-0.14782463,-0.06831981,0.23006728,-0.36993164,0.6926523,0.16984674,0.16247141,-0.21259266,-0.3466164,-0.025391832,0.18807775,0.18978405
24.373188532413735,34.85507217391305,83.68782,7343999.840354919,71.81913,-1.6958815e-05,1.3941133e-05,0.021880742,-1.3355327,-0.48899817,0.49504593,-0.2276353,-0.03824178,-0.589855,-0.0917298,-0.030683756,0.096725635
24.579710091518006,35.06884069756067,84.24473,4060799.9472141266,71.51523,2.9485059e-06,-6.4979113e-06,0.25558627,0.050401285,0.47265983,0.01591234,-0.251859,0.014416054,0.37382653,0.060453713,0.20212598,0.2109729
24.880434869565217,35.11594208344836,73.60822,11059200.15964508,73.40978,0.76813287,0.6027328,-0.22587088,-0.32334352,0.27411863,-0.059347995,0.16249284,0.09560192,0.22698781,-0.13872093,0.099279836,0.17058717
24.409420185925658,35.126811301460926,78.58091,9849599.953651428,72.772125,-0.0038232505,-0.0034243285,-0.2749227,-0.71764827,-0.218244,0.19066048,0.08842479,-0.19783051,-0.041339986,-0.16995813,-0.047034055,0.17634615
24.782608584568965,35.06521774078783,85.492004,5961600.231742859,72.36975,5.212245e-06,1.2534409e-06,-0.104676746,1.0020808,0.42395183,-0.11483959,-0.11246977,0.461053,-0.044024356,0.10137962,0.047733836,0.1120551
24.15217408195171,35.09782609021359,90.079155,6912000.2368927,72.35441,-4.803524e-08,-7.882663e-08,0.49379992,-0.3238408,-0.14789405,0.19667476,0.25323877,-0.030242275,0.19227102,-0.1712281,-0.038181365,0.1754334
24.782608584568965,35.06521774078783,85.492004,8639999.747657776,72.212296,1.9946174e-06,-4.1931085e-06,-0.018480428,0.21672001,0.1293073,-0.30328804,-0.42815143,0.0650801,-0.3178784,0.06429812,0.04839608,0.08047626
24.06159400092239,35.235507653915,77.223785,7603200.0411987305,73.10081,0.021881271,-0.016605359,0.2901725,2.740078,1.4553106,0.07718676,-0.38855216,0.11428575,0.20252076,0.2083511,0.06687373,0.2188202
24.340579657513896,35.072464168316,77.031204,2246400.0495672226,72.53534,-0.009615525,0.008169758,0.20753685,-0.10622608,0.30138364,-0.024006337,-0.13960731,-0.022123143,0.22398669,-0.030860243,0.14120288,0.14453584
24.51086948471318,35.141304337922854,75.965324,12873600.46863556,72.8684,-0.039653096,-0.004868607,0.22570506,-0.5545597,-0.2223684,0.16500518,0.067054264,-0.49066216,-0.36650673,-0.21129182,-0.072190255,0.22328383
24.351449221508126,35.36231895652174,77.53338,10972800.458335876,72.57458,-0.010065001,0.010059759,0.24443841,-0.49433225,-0.43557274,0.326342,0.39753562,-0.15102014,0.20340678,-0.1039553,-0.06767328,0.12404183
24.52536253285706,35.05797113185407,79.99595,18143999.79915619,71.69136,-0.00033525078,0.00034750905,0.10955356,-1.9140513,0.27720124,0.2629182,-0.105772935,-0.3022138,-0.12524766,-0.14039785,0.03366591,0.1443778
24.880434869565217,35.11594208344836,73.60822,10540799.757957458,73.31769,0.73546666,-0.74798954,-0.19339472,-0.38429132,0.1914777,-0.10882903,0.16716135,0.17840299,0.21050507,-0.17288794,0.078314126,0.18979816
24.731884091961334,34.88405773852335,82.62194,13132799.572563171,71.45636,2.0683718e-05,-1.5727855e-05,0.08167636,0.9882059,0.5497143,0.030618422,-0.23634788,0.05217149,0.29680842,0.096761,0.048644885,0.10830059
24.15217408195171,35.09782609021359,90.079155,11059200.15964508,71.80175,-3.7210032e-08,-9.115761e-09,0.43454757,-0.08613064,-0.4891389,-0.21419999,0.29146987,0.059769377,0.43991032,-0.025315588,-0.10024082,0.10338811
24.608695560661264,35.210145036629335,80.071884,9331199.551963806,71.5304,-0.00026727363,-0.00027763224,0.45182386,-0.54503596,-0.5871314,0.29663402,0.32076362,0.05606156,-0.08090693,-0.15577939,-0.169575,0.23026702
24.409420185925658,35.126811301460926,78.58091,8726399.99742508,72.66153,-0.003116249,-0.0042919638,-0.29094085,-0.92278135,-0.22446997,0.2357783,-0.08207988,-0.2684142,-0.21539328,-0.14293946,-0.020483032,0.1443996
24.572463802625258,35.028985391507106,77.31845,9417600.350189209,72.474754,-0.007008927,-0.0034675647,0.20720625,-0.8379749,-0.1564267,0.1543554,0.21783155,-0.027407162,0.3645453,-0.13753541,-0.10202464,0.17124549
24.655797039477626,35.09782643790763,82.953125,6739199.737358093,71.868454,2.8521754e-05,-1.5056149e-05,0.2107428,0.85178006,0.0669948,-0.1487369,-0.19131187,0.07670156,0.6338524,0.20175648,-0.03365478,0.20454419
24.003623304347823,35.192029209683014,80.788605,4579200.074672699,72.51719,0.00029239152,9.038363e-05,0.3495806,1.1772826,1.6763325,-0.102812044,-0.011027172,-0.09794584,0.19354638,0.14701624,0.18283235,0.23460913
24.40579730278949,34.98550712868071,82.545616,7171199.889278412,71.864914,-1.8464192e-05,-5.3577158e-05,0.10659106,-1.1479193,0.050980806,0.07590036,-0.5641087,-0.22162196,-0.72952724,-0.20971763,-0.030446978,0.21191627
24.507246418659868,35.018115659512056,74.98295,13305600.072097778,73.500626,-0.2018606,-0.16724381,0.46469325,0.49935213,-0.1968034,-0.025018655,0.47417066,-0.35649532,-0.144171,0.13444455,-0.062541455,0.14827937
24.242753659958876,34.931159481553294,83.59315,11750399.96395111,72.70736,2.6216294e-05,4.003402e-05,-0.50421894,-0.96817994,-0.5330032,0.31184554,0.07436884,-0.13255143,0.13508865,-0.086589776,-0.07427344,0.114080384
24.336956356281394,35.12681217825459,78.56935,10368000.35533905,73.05349,-0.006220867,-4.3078187e-05,-0.38282168,-0.28736213,0.123671934,0.018560797,-0.118839,-0.21635929,-0.15001187,-0.15259644,0.01296483,0.1531462
24.47463793572534,35.15579704180788,74.131996,7603200.0411987305,72.9066,0.30192652,0.31150523,-0.11186343,-1.686191,-0.7231445,0.2348293,0.14725104,-0.28128356,-0.55103,-0.22199412,-0.041581605,0.22585486
24.409420264318722,35.097825908808005,75.01247,9417600.350189209,73.335815,0.11165321,0.20905179,-0.10830168,-0.26034158,0.31505117,0.0749895,-0.028928429,-0.22896397,-0.37075457,-0.048945278,0.017615236,0.05201862
24.43478277193275,35.06521686399416,78.38795,3456000.11844635,72.04497,-0.002863932,-0.0018982531,0.025750073,-0.58567536,-0.017712396,0.094309606,-0.35318232,-0.15091974,0.3493851,-0.13015947,-0.0075327456,0.13037726
24.782608584568965,35.06521774078783,85.492004,2678400.0643730164,72.20522,-3.1967424e-08,-4.5123425e-06,-0.053268857,0.69473815,0.53458947,0.16449976,0.063084275,0.46258396,-0.3161595,0.09385782,0.07644667,0.121051155
24.619565229179578,35.18478278215484,82.255135,5615999.781131744,71.70657,-5.6332505e-05,-5.6798355e-05,-0.23002905,-0.34302512,-0.010815319,0.02468256,-0.43964544,-0.11378778,0.23320863,-0.119675756,-0.011308476,0.12020885
24.623188347494935,34.98550731008629,86.27349,17020800.39138794,72.01201,2.1014822e-07,-1.7285823e-06,-0.23876277,-0.22860822,0.24915716,-0.2111949,0.16982731,0.32162717,0.3220776,-0.24259764,0.20511346,0.31768718
24.358695745580064,35.14492749121842,79.46463,7603200.0411987305,72.411835,-0.0011734968,0.0014625536,-0.27566928,-1.283391,-0.13944092,0.05195283,-0.49692205,-0.2804795,-0.19744843,-0.20227686,-0.026714802,0.20403334
24.503623143558386,34.916666955294566,80.479385,9417600.350189209,71.658554,0.00028932237,-0.0002890919,0.4577669,-0.81721735,0.03660217,0.42819676,0.097807206,-0.054776907,-0.6547365,-0.18164417,-0.009737324,0.18190499
24.33695651306752,35.26449269887389,75.24537,1814400.0347614288,73.22872,0.15532772,0.1560993,-0.3179181,-0.633989,-0.3778901,-0.08716384,0.34234446,0.048542008,-0.12676424,-0.14779815,-0.057520814,0.15859678
24.278985574781007,35.18478260074926,85.36457,8812800.247192383,72.75844,8.873469e-06,1.4092551e-06,0.2138013,0.91810775,0.71938866,0.102838635,0.063643165,0.18522093,0.14114681,0.12656382,0.13538864,0.18533345
24.351449221508126,35.36231895652174,77.53338,10627199.459266663,72.522285,-0.0096429875,0.0069550313,0.2276499,-0.5352997,-0.5213901,0.29232997,0.3773079,-0.13650289,0.15728527,-0.09174031,-0.06898251,0.11478184
24.481884276880134,35.21376834109622,79.042,5184000.177669525,71.90762,0.00043143227,-0.001067375,-0.23308909,-1.6721175,-0.77041006,-0.06726917,-0.29928476,-0.27640772,-0.26344925,-0.18535435,-0.054751426,0.19327171
24.514492864338745,35.152173737341,77.98083,14428799.479866028,72.23048,-0.0017357391,-0.004450135,0.20872608,-0.8957598,-0.18399498,0.11885081,0.017743025,-0.50692636,-0.19110966,-0.18648002,-0.0632233,0.19690602
24.17028990870767,35.119565206509655,75.23819,13219200.370788574,72.76139,-0.090029135,-0.0960776,0.004372433,0.2547528,0.81522334,-0.42766523,-0.45271572,0.09117728,0.15102956,0.06324875,0.26201102,0.26953697
24.728260869121893,35.15579704180788,79.23173,7171199.889278412,71.770615,-0.00089724024,-0.00013010173,0.43300834,0.6419047,-0.3174513,0.019924462,0.18215427,0.2584449,0.069325894,0.21793704,-0.16049145,0.2706549
24.677536062942007,35.07971042955572,84.775665,1728000.059223175,71.928635,-6.7533813e-07,6.7485466e-06,0.11205905,0.24526757,0.42312253,0.31833708,0.17522424,0.1484037,-0.2001352,0.11232425,0.115906894,0.16140367
24.340579735906957,35.22101461745307,78.71513,10022400.453186035,72.87257,0.0020086344,0.0015589428,-0.08883705,-1.5050946,-0.65860397,0.23677623,-0.29828134,-0.43967807,-0.5671813,-0.09435813,-0.06505358,0.11460988
24.481884276880134,35.21376834109622,79.042,8294399.845504761,71.94168,-0.0012019365,-0.0014218673,-0.08129392,-1.6985852,-1.2271291,0.09915072,0.032883886,-0.20073174,-0.2615676,-0.25579065,-0.14649265,0.29476932
24.55072462237475,35.07608730649443,88.70044,6739199.737358093,72.18796,-2.3819618e-07,-1.6973527e-07,-0.10640388,-0.15069354,0.55774146,0.28017995,0.16820335,0.029526424,-0.001221627,-0.006016195,0.13945144,0.13958116
24.800724541980035,35.0326085145684,80.91604,10281599.557113647,72.05656,0.000117237505,0.00013298323,-0.25647554,0.26658112,0.0711516,-0.31557512,-0.07395605,0.111602575,0.24843451,0.062243674,0.010292977,0.06308899
24.40579730278949,34.98550712868071,82.545616,8294399.845504761,71.92059,-5.6105873e-05,4.6107023e-05,0.0016662702,-0.88797843,0.07946342,0.23663956,-0.33443695,-0.13856229,-0.642363,-0.23774809,-0.008470066,0.23789892
24.880434869565217,35.11594208344836,73.60822,7689599.742507935,72.59071,0.27223125,0.20680416,0.008213509,-0.5805433,-0.42498526,-0.11589896,0.27114365,0.51251674,-0.012112211,-0.18198265,-0.1512778,0.2366488
24.53985505838052,35.14492730981283,78.72631,1728000.059223175,71.796394,0.0014015555,0.0016063259,-0.019129537,-0.22230777,-0.015710365,-0.07564578,-0.071313016,-0.23912191,0.16887975,-0.117936224,0.027029276,0.12099394
24.731884091961334,34.88405773852335,82.62194,8899199.948501587,71.82436,-9.918468e-06,2.3823548e-05,0.17076668,1.7897663,0.48010197,-0.0827316,0.08292467,-0.06625755,0.22620833,0.22835423,0.078592,0.24150023
24.423912946628306,35.13405791039468,84.735344,2505600.113296509,71.918915,4.168837e-06,-5.6267813e-06,0.10443415,-0.5889851,0.4670519,-0.12666976,-0.22939217,-0.07971716,0.58958215,-0.122445025,0.13124028,0.17949037
24.282608510179216,35.10869565592019,73.044136,16934399.593162537,72.60446,-0.57100374,-0.17398001,0.111117296,0.9977143,-0.5341156,-0.1566365,0.2779489,0.012070499,0.29868776,0.12998791,-0.07340999,0.14928457
24.800724541980035,35.0326085145684,80.91604,11404800.061798096,71.70016,0.00018103245,-0.00017046642,-0.3529232,-0.15882769,0.180738,-0.1735555,-0.19820848,0.08594754,0.24103129,-0.05144293,0.053628325,0.074312665
24.271739312019278,35.0833337340226,74.97577,518399.99034404755,72.84387,-0.1393728,-0.12229615,0.22474024,-0.23883827,0.72398967,0.14967242,0.13821715,-0.22284779,-0.3165063,-0.022485338,0.17925854,0.18066326
24.235507135886934,35.09782643790763,86.62735,16847999.891853333,71.91583,-1.0558725e-06,3.6221982e-07,0.121326834,0.63252056,-0.35567984,0.23219171,0.37323397,0.44374985,0.6505595,0.1508261,-0.056515176,0.16106668
24.43478251062254,35.050724689208764,81.254395,16502399.989700317,71.97288,-9.690984e-05,-0.00017636418,-0.10782912,-1.2248416,0.42139834,0.23556036,-0.12623593,-0.06864636,-0.27781764,-0.18523394,0.08319034,0.20305724
24.286231733018653,35.16304365074164,82.86601,4752000.025749207,72.61959,-7.173166e-05,6.0693917e-05,0.040611185,-0.055046484,0.44662082,-0.12254796,-0.16133529,-0.18977022,0.19405109,-0.06068422,0.2090176,0.21764866
24.351449221508126,35.36231895652174,77.53338,16329599.49016571,73.092636,0.0135807125,0.0007040503,0.3051283,0.45325062,0.28727502,0.57025874,0.1301925,-0.16404666,0.70318055,0.2813158,0.21961102,0.35688597
24.35507260113369,35.04710138474188,76.478294,14515200.27809143,72.657486,-0.029611863,-0.02607276,0.20710748,0.6587715,0.34355038,-0.12515569,-0.11728176,-0.039936785,0.009391176,0.14991471,0.036322385,0.15425219
24.423912946628306,35.16304383214723,83.815254,6912000.2368927,72.13834,2.0282152e-05,-8.905649e-06,0.24477425,-0.8187059,0.27868494,0.20671582,-0.16014057,-0.33510008,0.29245436,-0.13769566,0.08134858,0.15993026
24.655797039477626,35.09782643790763,82.953125,7171199.889278412,71.905495,3.2258686e-05,-9.856972e-06,0.21757007,0.7403617,0.0003360398,-0.2010532,-0.20998871,0.06034589,0.60931486,0.19142213,-0.05751288,0.19987537
24.264492787947336,35.06521739309379,75.914215,16070400.386238098,72.38341,0.036663495,0.036612883,0.36424434,0.33663738,0.083025075,-0.12651193,-0.2365846,0.2054899,-0.07367064,0.102905355,-0.00976154,0.10336731
24.40579722439643,35.07608730649443,81.130585,1641599.9465703964,72.19102,-0.0002645568,0.00025684963,-0.1024586,-0.40984115,0.452921,0.10630774,-0.2583205,-0.16910566,0.30237508,-0.17641637,0.1621974,0.23964709
24.409420342711783,35.02898555779556,73.23672,15465600.283241272,73.36748,0.8865649,0.8458946,0.3252107,1.5036354,-0.34220648,-0.20116904,0.23482895,-0.47259367,0.24748746,0.28571814,-0.02956301,0.2872435
24.641304357168043,34.938405387540406,81.3883,10713600.257492065,71.51472,2.6688926e-05,0.000101382924,0.30704227,0.5843866,0.7556522,-0.046412967,-0.15270677,0.31648847,-0.05592975,0.05074027,0.11182061,0.12279423
24.659420157792983,35.13768139626715,82.9603,4319999.873828888,71.89375,-2.73027e-05,1.5668593e-05,-0.18061534,0.12798108,0.17857179,-0.05415327,-0.49442896,0.079017706,0.30136374,0.10773133,0.07123712,0.12915404
24.782608584568965,35.06521774078783,85.492004,345600.00498890877,71.73979,-1.6548794e-06,5.152258e-08,0.23467293,0.100967914,0.4985249,0.31520173,0.037287273,0.36467233,-0.73890877,0.07392597,0.14193736,0.1600352
24.286231733018653,35.16304365074164,82.86601,6739199.737358093,72.656,-8.022912e-05,-1.547e-05,0.08040515,-0.24278657,0.31659412,-0.011433423,-0.2801385,-0.34466612,0.12597734,-0.13856263,0.14242792,0.19870913
24.340579657513896,35.072464168316,77.031204,11664000.262641907,73.04002,-0.02519313,0.019094497,-0.1343112,0.04438536,0.500602,-0.26868576,0.08603591,-0.118104964,-0.080433875,0.010408044,0.10348739,0.10400946
24.32608705359737,35.05434782738719,80.59564,11664000.262641907,72.60386,0.0006101937,0.00061149185,-0.10468758,-0.52291906,0.3057302,0.4301528,0.35049072,-0.14708267,0.10661869,-0.1016746,0.06279362,0.11950214
24.134057993885538,35.130434787333385,80.741425,10540799.757957458,73.03908,-0.00032518135,0.00050789764,-0.11203585,0.4201372,0.35380092,-0.09935444,-0.5002665,-0.004593527,0.09147644,0.17274165,0.1270898,0.21445628
24.525362323808892,35.01449270273921,80.76379,3801600.0205993652,71.62814,-0.00019307523,-0.00018984925,0.2927723,-0.16427104,-0.10507426,-0.10777395,-0.50604075,-0.28365993,-0.16203392,-0.06748003,-0.070869684,0.09785738
24.507246418659868,35.018115659512056,74.98295,9676799.454116821,73.18479,-0.17607021,-0.18035011,0.18088955,-0.060457736,-0.1023681,0.10526888,0.4900132,0.047717966,-0.010192521,-0.027295776,-0.056322873,0.06258854
24.46739112421217,35.10507235145331,77.031204,12095999.866104126,72.948,-0.02288099,0.016888937,0.054782137,-0.5134909,-0.0856415,-0.015977181,0.17293349,-0.21660179,0.03920613,-0.16257858,-0.032531396,0.16580135
24.822463669968496,35.11956556932083,79.471794,9244799.850654602,72.13942,0.001019928,-0.00053274404,0.10086343,0.3755738,-0.2741287,-0.17990386,-0.14428473,0.286579,0.12749493,0.13593785,-0.17015225,0.21778634
24.33695651306752,35.26449269887389,75.24537,2678400.0643730164,73.150734,0.1408483,0.044477884,-0.3508085,-0.8771173,-0.5703545,-0.07569673,0.26784205,-0.042626996,-0.14825594,-0.18389064,-0.07333221,0.19797318
24.06159400092239,35.235507653915,77.223785,11750399.96395111,73.781075,0.04092146,0.041955836,0.04103604,1.1277354,0.6645523,0.21587697,-0.5092866,-0.15699452,0.5208004,0.17021309,0.1347338,0.21708453
24.528985389862203,35.079710263267266,73.800804,12009600.164794922,73.16734,0.40653282,0.3333157,0.20419294,-0.63893926,-0.7267478,-0.3071319,0.064291894,-0.4308088,-0.4056675,-0.12848282,-0.12033062,0.17603208
24.525362323808892,35.01449270273921,80.76379,5961600.231742859,71.663666,-2.5445268e-05,0.00016961175,0.51686937,-0.010797687,0.28463444,-0.02371031,-0.53460455,-0.23608965,-0.13986415,-0.0042151064,0.04213152,0.042341847
24.731883987437246,34.999999998854186,80.17734,12614400.267791748,71.48061,0.00032278826,-5.9974154e-05,-0.3083785,-0.5969449,0.42428175,0.035720743,-0.34223276,0.041789815,0.06877364,-0.13412312,0.09742695,0.165774
24.619565229179578,35.18478278215484,82.255135,8812800.247192383,71.57252,-5.212609e-05,-3.1853728e-05,0.21432313,-0.737659,-0.49276716,0.3626599,-0.032121025,-0.2925996,-0.059437662,-0.13281731,-0.16563301,0.21230811
24.358695745580064,35.14492749121842,79.46463,15551999.984550476,72.558716,0.0014431936,0.0016297762,0.09610292,-0.90973616,0.23212035,0.35711333,-0.06812864,-0.1120782,0.03764687,-0.16616446,0.019313037,0.16728306
24.06159400092239,35.235507653915,77.223785,11491199.7631073,73.76135,0.041242443,0.04028279,0.03674511,1.2329638,0.71161366,0.1997161,-0.49087587,-0.13784415,0.52275366,0.17659426,0.13717982,0.22361538
24.55072462237475,35.07608730649443,88.70044,2332799.8879909515,71.69028,1.00196196e-07,1.3718203e-07,0.22723228,-0.1599518,0.54733014,0.49696562,-0.103565924,-0.10356939,0.4528797,-0.009216957,0.13260227,0.13292222
24.655797039477626,35.09782643790763,82.953125,13737599.675559998,71.90174,-2.9207094e-05,-2.9487437e-05,-0.1730257,-1.2593305,-0.082032606,0.23518363,0.17358714,-0.25206327,-0.13659939,-0.13909215,-0.021894887,0.14080487
24.33695651306752,35.26449269887389,75.24537,6739199.737358093,72.81984,0.017894631,0.09088984,-0.19026798,-2.1954908,-1.3814806,0.0023340657,-0.10905666,-0.270283,-0.6555084,-0.12993658,-0.052494302,0.1401398
24.275362351941567,35.02173896397893,79.32639,8208000.144195557,72.444305,-0.001585847,0.0009188316,-0.01471471,0.1555686,0.36230573,0.19529298,0.46678546,-0.24086566,-0.32207793,0.06366171,0.10047737,0.11894753
24.235507135886934,35.09782643790763,86.62735,5529600.07982254,72.15914,-8.8729763e-07,7.143848e-07,-0.06053298,-0.88683164,-0.31739756,0.0011440739,-0.40994805,-0.31856883,-0.07232597,-0.17102607,-0.045404878,0.17695062
24.481884276880134,35.21376834109622,79.042,4319999.873828888,71.99126,0.0012963922,-0.0014288183,-0.21127018,-1.4481224,-0.51640713,-0.09288434,-0.34793356,-0.26149523,-0.19654346,-0.16400471,-0.031841166,0.16706707
24.880434869565217,35.11594208344836,73.60822,16156800.087547302,73.682724,-0.2321649,0.5955966,-0.15342772,0.21937409,0.2655444,0.38025454,0.08677028,-0.25279504,0.34033182,0.06787906,0.12608197,0.14319298
24.293478074173446,35.130434424522214,78.52256,12095999.866104126,73.05523,0.006384599,-0.0022953637,-0.11410608,-0.8524971,0.15589584,-0.041624717,-0.098901145,-0.25365737,-0.05283218,-0.12933658,0.014531612,0.13015036
24.53985505838052,35.14492730981283,78.72631,17020800.39138794,71.965576,-0.0012238941,0.001701694,0.1972523,-1.6191072,0.21940109,0.28237155,-0.10127815,-0.51543653,-0.40481415,-0.24291304,0.032348454,0.24505748
24.586956589458925,35.03623181903528,81.050644,4233599.898290634,71.61177,-9.5945616e-05,9.506317e-05,0.38531926,0.4626052,-0.11786005,0.039394762,-0.35246933,-0.14499593,0.10161415,0.1611014,-0.06018886,0.17197779
24.43478277193275,35.06521686399416,78.38795,10368000.35533905,72.733986,-0.0034292927,0.0034817117,0.08447684,-0.21965218,0.28558925,0.36647066,0.5849292,-0.047183394,0.26077572,-0.0865416,0.07532823,0.11473356
24.278985653174068,35.159420527680346,80.15937,3110399.9420642853,72.69639,-0.0006790876,-0.0009121196,0.05470309,-0.69066226,0.49948826,-0.3058589,-0.25140315,0.16444288,-0.10946619,-0.14553387,0.083511986,0.1677926
24.731884091961334,34.88405773852335,82.62194,3887999.996137619,72.2235,6.887119e-05,-2.4154258e-05,-0.0887162,0.55799806,0.25042924,-0.08693161,-0.09353166,0.009222936,-0.3328414,0.10163016,0.07908806,0.12877737
24.626811465810288,35.05797113185407,83.9315,864000.0296115875,71.58938,-6.0926996e-06,-1.8433711e-06,0.103291154,0.08184752,0.06331802,0.27733406,0.26600936,0.008120384,-0.18302795,0.094759636,0.077498496,0.12241489
24.24275355543479,35.275361916886446,83.709785,8467199.796581268,72.77486,4.2220257e-05,4.1030613e-05,0.22148547,1.8553534,1.6270903,-0.00074771047,-0.25726384,0.5069095,0.40268257,0.24943516,0.17858526,0.3067745
24.271739312019278,35.0833337340226,74.97577,15033599.582862854,72.50361,-0.10238683,-0.09969456,0.32890904,0.41168502,0.19510789,-0.18361858,-0.12634835,0.08420593,-0.025007937,0.08510196,0.028381929,0.08970997
24.46739112421217,35.10507235145331,77.031204,12787199.670410156,72.93961,-0.019057192,-0.02311104,0.10211231,-0.33111528,-0.031163584,-0.01368662,0.15218955,-0.25736195,0.015105106,-0.16529883,-0.02388969,0.16701624
24.619565229179578,35.18478278215484,82.255135,9331199.551963806,71.60393,1.7501088e-05,-4.718494e-05,0.26786444,-0.92773914,-0.56513333,0.38050237,0.033901438,-0.28639546,-0.07015301,-0.14296973,-0.19981945,0.24569932
24.202898613755877,35.17753635462667,82.22561,12700799.969100952,72.563736,-0.00013235453,-0.00013691779,-0.15492293,0.9408971,0.32521075,-0.0098949745,-0.081359245,0.24184695,0.14341623,0.14200631,0.041243717,0.14787439
24.528985389862203,35.079710263267266,73.800804,9071999.899578094,73.0848,-0.48751122,-0.51549774,0.028911803,-1.3833334,-0.79732656,-0.014714442,-0.07821632,-0.06485285,-0.2108432,-0.09085301,-0.08036775,0.121298164
24.731883987437246,34.999999998854186,80.17734,2592000.0888347626,72.2746,0.0006738628,-0.00038841905,0.23480767,0.36551374,-0.23136349,0.48201445,0.323526,-0.21691583,0.31815115,0.10027074,-0.08574554,0.13193376
24.141304256647267,35.05072417522627,80.839714,5443199.830055237,72.599304,0.00042106834,0.00030105075,0.44076738,-0.11425423,0.2599245,-0.4592666,0.28423214,0.15006648,0.21255592,-0.1293784,0.06310485,0.14394788
24.134057993885538,35.130434787333385,80.741425,12527999.469566345,73.02504,0.0006140711,0.00031997715,-0.06770768,0.23176664,0.26506063,0.024106976,-0.4216521,0.02943077,0.23167184,0.09305534,0.11749281,0.14987947
24.40217392316393,35.07246365433351,77.73675,14256000.07724762,72.73378,-0.0032183279,-0.009391558,0.16189766,-0.05187629,0.3020656,-0.059532575,0.08563748,-0.17014274,0.097089134,-0.020956501,0.08909195,0.09152349
24.782608845879178,35.07246365433351,80.82854,12614400.267791748,71.4834,0.00016821403,0.00018079672,-0.33053678,-1.0458128,-0.11320779,-0.09733225,-0.22503057,0.063989855,0.12992188,-0.12262481,-0.017672315,0.123891704
24.677536062942007,35.07971042955572,84.775665,10195199.855804443,72.29815,-1.8508652e-07,-1.6829154e-06,0.11685938,-0.2980793,0.2434867,-0.26630858,-0.27196586,-0.10223128,-0.31496266,-0.0767581,0.0672126,0.10202617
24.423912946628306,35.13405791039468,84.735344,8294399.845504761,72.34414,-4.9108294e-06,1.0977883e-05,0.25622362,-0.5390011,0.33452082,0.025632821,-0.19084951,-0.2470882,0.17313892,-0.120694354,0.08021605,0.14491977
24.75362311542571,35.148550251468535,82.31272,16502399.989700317,71.04445,-2.9122602e-05,2.6389067e-05,0.112355,-1.2659764,0.4540602,0.32376915,-0.1346657,-0.3891814,-0.13139862,-0.14408211,0.086963974,0.16829257
24.152173912100075,34.942029039701325,85.189964,2332799.8879909515,72.97425,-1.2736153e-05,1.272906e-05,-0.014436711,-0.459002,-0.33149907,0.15835416,-0.24146014,-0.12664092,-0.03931743,-0.16482337,-0.13094941,0.21051008
24.242753659958876,34.931159481553294,83.59315,7862400.2420425415,72.38432,-3.288893e-05,2.9063549e-05,-0.2808185,-1.8992498,-0.49355596,0.39083996,-0.22934312,-0.41855365,-0.3720989,-0.32019046,-0.075161934,0.328894
24.141304256647267,35.05072417522627,80.839714,13391999.773406982,72.78295,0.00025487662,-0.0005262038,0.11350531,-0.7700374,0.009540785,0.16390225,-0.24734384,-0.12684812,0.0027205553,-0.1067086,-0.010890719,0.10726292
24.24275355543479,35.275361916886446,83.709785,12614400.267791748,72.47063,1.7432541e-05,-3.2039825e-05,-0.30043817,1.3980422,0.67148983,0.08224223,-0.24073929,0.44494325,0.6452156,0.1390009,0.064088434,0.15306395
24.608695560661264,35.210145036629335,80.071884,86400.00124722719,72.08302,-0.00028123523,-0.0003591175,-0.06005141,-0.4293444,0.35685918,-0.1625686,-0.14603418,-0.3890485,0.30915686,-0.13974264,0.20714644,0.24987526
24.62318819070881,35.09782625650204,81.14894,8985600.19826889,71.894356,-9.503857e-05,-0.00016133579,0.25830445,-0.47220588,-0.38252434,0.010667473,-0.015880466,-0.036285225,0.5235712,-0.028862841,-0.111383826,0.11506268
24.271739312019278,35.0833337340226,74.97577,14601599.979400635,72.57642,-0.10533651,-0.009022803,0.28157267,0.3975024,0.30380994,-0.22545046,-0.120730795,0.044713207,-0.040881447,0.08439693,0.046743445,0.0964769
24.3985509616347,35.079710263267266,82.39983,6307200.133895874,71.91173,-4.92216e-05,-5.30953e-05,0.085782275,-1.5815954,0.042843126,-0.345104,-0.82271326,-0.50191534,-0.09347712,-0.16999304,-0.019076198,0.17106004
24.369565205050215,35.10507235145331,81.59638,2332799.8879909515,72.439255,-0.00010269261,0.0002097406,-0.099572726,-0.5930909,0.5689651,0.07594678,-0.20414111,-0.17561682,0.34316257,-0.13454166,0.122919224,0.18223774
24.068840433535758,35.050724689208764,75.1399,3023999.9665260315,71.83669,-0.033067536,-0.047245555,0.33199772,0.6760012,-0.26228777,-0.3008867,0.1057688,-0.12640372,-0.18074661,0.074504904,-0.027934358,0.07956952
24.507246627708035,35.15217355593542,72.15966,10022400.453186035,72.58274,-0.18310158,0.6572766,0.05712068,-1.0089793,-0.79996514,-0.042218313,0.034049682,-0.31533995,-0.3635054,-0.13995065,-0.14306135,0.20013179
24.235507135886934,35.09782643790763,86.62735,11577599.464416504,72.234924,1.4904754e-06,-1.429863e-06,0.120015725,0.08205223,-0.21360745,-0.062287472,0.51624054,0.09038023,0.16946453,0.057335764,-0.087962955,0.10499939
24.43478277193275,35.06521686399416,78.38795,86400.00124722719,72.45507,-0.0039226245,-0.004224543,-0.09617708,-0.22975312,-0.45462126,-0.18866599,0.2187596,0.028534409,0.09899485,-0.080066524,-0.169497,0.18745634
24.5036234048686,34.94565269942081,84.86278,16847999.891853333,71.86594,-1.3697424e-06,-6.149488e-06,-0.21922946,-0.2662912,0.47440863,0.02533606,0.1842474,0.39728212,0.7003947,-0.08036724,0.13331261,0.15566356
24.35507260113369,35.04710138474188,76.478294,9071999.899578094,73.06372,-0.04300839,-0.02301409,0.11176216,0.43451074,0.81945366,-0.005279638,0.17914742,-0.04849027,-0.3484027,0.05829814,0.09741631,0.11352801
24.003623304347823,35.192029209683014,80.788605,15379199.48501587,73.00602,9.155207e-05,0.00038376616,-0.24865714,0.24724811,0.28457153,-0.23993438,-0.5710222,0.12498781,-0.06654858,0.064508125,0.12530208,0.14093228
24.40217392316393,35.07246365433351,77.73675,12182399.56741333,72.9102,-0.011568992,-0.0032286313,0.01825523,-0.18894285,0.2761959,-0.044842504,0.27274117,-0.11275009,0.17398965,-0.047842126,0.06563583,0.0812215
24.641304357168043,34.938405387540406,81.3883,4752000.025749207,71.9478,-5.2368647e-05,-4.5835008e-05,0.16991201,0.8723172,-0.09794918,-0.2544062,0.01589673,-0.069501504,-0.23288888,0.32193774,-0.071535714,0.32978973
24.62318819070881,35.09782625650204,81.14894,14774400.478935242,71.54602,-5.1424464e-05,-6.539819e-05,-0.13833162,-1.6470456,-0.06851113,0.21362814,0.10557841,-0.27302665,-0.25266674,-0.11479466,-0.03338018,0.11954936
24.264492787947336,35.06521739309379,75.914215,17625600.494384766,72.61898,-0.045328423,-0.018127192,0.3163606,0.49898842,-0.18210101,-0.09598289,-0.14377666,0.30081555,0.08362453,0.18641996,-0.05977816,0.19576985
24.282608510179216,35.10869565592019,73.044136,12441599.768257141,72.609535,0.49673647,0.4463559,-0.11710092,1.2599933,0.97206646,0.10858712,0.06005531,-0.37836638,0.3152658,0.13424844,0.07039283,0.15158427
24.40579730278949,34.98550712868071,82.545616,9504000.051498413,72.01132,6.63102e-06,3.1545882e-05,-0.12792349,-0.7004672,0.06356079,0.3445209,-0.062985696,-0.04374658,-0.4790736,-0.237205,0.0130660385,0.2375646
24.278985574781007,35.18478260074926,85.36457,15120000.381088257,71.991264,1.7324479e-06,1.2110579e-06,-0.30161956,0.5189327,-0.28829613,-0.024886452,0.20508784,0.36743182,0.37689418,0.15484804,-0.086193025,0.17722063
24.731884091961334,34.88405773852335,82.62194,12700799.969100952,71.47036,2.9609775e-05,-1.4541783e-05,0.10451641,1.1768022,0.6385532,0.01633709,-0.20191646,0.06271656,0.35598558,0.09098557,0.043186747,0.10071479
24.677536062942007,35.07971042955572,84.775665,4752000.025749207,72.01027,-7.031288e-06,-9.0498736e-07,0.030957645,0.86135304,0.5335722,-0.044493683,0.023409821,0.23170164,0.44178483,0.22637929,0.120400764,0.25640577
24.373188532413735,34.85507217391305,83.68782,7516799.791431427,71.82331,-1.8005137e-05,1.5774198e-05,-0.0042210333,-1.3405277,-0.51846135,0.4994685,-0.23006731,-0.033843264,-0.5812531,-0.09718031,-0.032589912,0.10249934
24.242753659958876,34.931159481553294,83.59315,6393599.835205078,72.64957,5.893731e-06,-7.838074e-06,-0.05861768,-1.8234802,-0.5204507,0.25961894,-0.18250754,-0.39029616,-0.4828458,-0.28858548,-0.052293777,0.29328522
24.57246390714934,35.13405809180027,82.83649,13651199.974250793,72.052414,-4.5380784e-05,-4.72464e-05,-0.019972771,-1.2115198,-0.29994982,0.2897143,0.1786291,-0.27533045,0.017464476,-0.13144994,-0.07489304,0.15128799
24.286231733018653,35.16304365074164,82.86601,17193599.794006348,72.86974,3.9398915e-06,-1.7809067e-05,-0.39051378,0.08135474,-0.047672253,0.101226896,0.005672667,0.51074874,0.17230219,0.09812413,-0.036639243,0.10474149
24.15217408195171,35.09782609021359,90.079155,8294399.845504761,72.19119,2.71147e-08,-7.03168e-08,0.49760267,-0.40672398,-0.299125,0.00062797964,0.2323412,-0.015911816,0.25019032,-0.106969014,-0.06517179,0.12525867
24.57246390714934,35.13405809180027,82.83649,14687999.680709839,71.92792,4.2032083e-05,1.0524623e-05,-0.07009551,-1.3126463,-0.1130805,0.2850697,0.05764484,-0.2280086,-0.1198831,-0.13807988,-0.050779372,0.14712104
24.06159400092239,35.235507653915,77.223785,8208000.144195557,73.1916,0.023397136,-0.017351478,0.23010644,2.6652088,1.3778733,0.06591149,-0.41612408,0.08475074,0.2996319,0.19412959,0.07759978,0.20906463
24.3913043591697,35.05434799367564,86.750465,15292799.783706665,72.10468,-5.879448e-07,2.3878204e-07,0.13044316,0.8563154,0.008863993,0.13676155,0.6475056,0.49890795,0.5656056,0.17088334,0.031640265,0.17378786
24.35507260113369,35.04710138474188,76.478294,4406400.123596191,72.491974,0.025050322,0.02210778,0.25411034,0.7219919,0.4885406,-0.05143372,0.0036041178,0.15751031,0.17192227,0.11507805,0.06577976,0.13255163
24.55434784521419,35.039855304907746,78.730316,1296000.0444173813,72.222855,0.0004550561,-0.0023160952,-0.216993,-0.011194542,-0.77137995,-0.059458055,0.408858,-0.10954619,0.13565975,-0.025661096,-0.19027837,0.19200091
24.518115930392057,35.170290078269815,76.7112,16847999.891853333,72.418335,-0.01391445,0.01918959,0.24386406,-0.93857896,0.17030846,0.28371897,-0.0721165,-0.55617857,-0.2750017,-0.11844734,0.032365985,0.12278978
24.503623143558386,34.916666955294566,80.479385,2505600.113296509,72.52629,0.00043176458,0.0001205782,0.062698774,0.0659561,-0.36902234,-0.21673605,0.31501517,-0.26122153,-0.23566908,-0.04545685,-0.1777759,0.18349549
24.85869584610084,35.31159408476158,76.05999,9849599.953651428,72.59751,0.036092382,0.031075204,0.025232708,-0.47524756,-0.41350535,0.14479263,0.6791344,0.19731504,0.3073704,-0.09184939,-0.095520645,0.13251606
24.49275373635028,34.95652190987481,78.13308,15551999.984550476,72.01428,-0.0011564541,0.00032348427,0.31827888,-0.6446384,0.30025005,0.23886958,0.1293636,-0.36825016,-0.15356675,-0.10661883,0.08590272,0.13691914
24.800724541980035,35.0326085145684,80.91604,17539199.696159363,70.45201,-4.0360555e-05,-6.407131e-05,0.06545029,-0.6196972,-0.28715056,-0.0016664416,0.5536403,-0.121003464,-0.36789575,-0.13863549,-0.088878006,0.16467878
24.141304256647267,35.05072417522627,80.839714,2764800.03991127,72.480354,-5.2946645e-05,0.000115186434,0.51009476,0.2226584,0.61192006,-0.35223874,0.27542505,-0.08543582,0.11792631,0.05371833,0.1612603,0.16997218
24.641304357168043,34.938405387540406,81.3883,11491199.7631073,71.448204,0.00010154596,8.145849e-05,0.26692355,0.3194695,0.8634406,0.06927992,-0.18703705,0.27184767,-0.012870189,0.024779871,0.10884352,0.111628644
24.782608845879178,35.07246365433351,80.82854,345600.00498890877,71.8332,0.00024854325,4.6634632e-05,-0.20062578,0.47162393,-0.32118624,0.2248038,0.33431467,0.08647217,-0.17787811,0.09197191,-0.061049,0.11038937
24.242753659958876,34.931159481553294,83.59315,13910400.175094604,72.71837,-3.561332e-05,-3.1864907e-05,-0.44168794,-0.76015425,-0.13248436,0.3345547,-0.055010036,-0.007761048,0.219618,-0.09513238,-0.044305548,0.104943566
24.442029139218562,35.043478080275,76.86345,777599.9855160713,72.59943,-0.019682085,-0.019163601,-0.06032347,-0.018059842,-0.67819256,-0.268088,0.08424106,-0.01811868,0.03129481,-0.032966577,-0.20652348,0.2091381
24.731883987437246,34.999999998854186,80.17734,9504000.051498413,72.176575,0.00032272,0.0004637477,-0.15411937,0.4449136,0.11407898,-0.43505538,-0.029672794,0.15060261,0.20634797,0.11247191,0.039067823,0.11906395
24.3913043591697,35.05434799367564,86.750465,18316800.298690796,72.3854,-1.2626749e-06,3.2983797e-07,-0.061326347,0.514887,-0.26304075,0.16229476,0.27561074,0.5742203,0.36157042,0.19725218,-0.057052925,0.20533744
24.442029139218562,35.043478080275,76.86345,16243199.788856506,72.78235,0.016938964,0.016185945,0.25018325,0.08767682,-0.037466068,0.0327828,-0.06741361,-0.34527534,0.034526728,0.08259277,-0.040670514,0.09206333
24.47463793572534,35.15579704180788,74.131996,8985600.19826889,73.12022,-0.38391548,-0.20928092,-0.11900882,-1.6097373,-0.6947893,0.24478632,0.13712299,-0.41292757,-0.681398,-0.18865882,-0.09329693,0.21046725
24.731883987437246,34.999999998854186,80.17734,13391999.773406982,71.28577,0.00027800805,-0.00021303435,-0.2902085,-0.81068957,0.3492156,0.07781323,-0.31758633,0.016886208,-0.019420851,-0.16181499,0.08091765,0.1809192
24.659420157792983,35.13768139626715,82.9603,8812800.247192383,71.8553,2.505536e-05,-4.829065e-06,0.0978816,-0.0020178035,-0.31037426,-0.042290337,-0.23582926,-0.2220544,0.23174459,0.023477376,-0.13435751,0.13639328
24.626811465810288,35.05797113185407,83.9315,6047999.933052063,71.60273,-1.0552406e-05,9.228649e-06,0.3137049,0.9425477,0.4621974,-0.2450664,-0.15852046,0.30394283,0.5749093,0.2921563,0.06422837,0.29913306
24.2137679164399,35.101449394680465,78.1842,1641599.9465703964,72.97057,-0.004467321,-0.008224499,0.22553068,0.016037703,0.78130007,-0.41661254,0.16152072,0.22600088,-0.025912743,0.011050435,0.21482064,0.21510467
24.55434784521419,35.039855304907746,78.730316,13564800.27294159,72.02699,-0.002063421,-0.00045649745,0.13734043,-1.2590771,0.0864829,0.13431773,0.22556943,-0.24981843,-0.007693179,-0.11270796,0.009483576,0.113106236
24.271739312019278,35.0833337340226,74.97577,15120000.381088257,72.491005,-0.100104414,-0.10116203,0.33690834,0.41446152,0.17293431,-0.17561442,-0.12669224,0.091823995,-0.021145307,0.0861011,0.024263225,0.08945448
24.264492787947336,35.06521739309379,75.914215,1900800.0102996826,72.43657,-0.0069884392,-0.020723348,0.2918422,0.46831802,0.59575194,-0.027777717,0.037279416,-0.2021512,-0.03130719,0.07481207,0.088817194,0.116126396
24.068840433535758,35.050724689208764,75.1399,10022400.453186035,72.31045,-0.068279654,-0.027981324,-0.32745415,1.5243605,0.77689147,0.17076388,-0.040374152,-0.033360157,0.6365489,0.1963325,0.102423936,0.22144325
24.33695651306752,35.26449269887389,75.24537,5443199.830055237,72.73205,-0.019326473,-0.09877414,-0.23506296,-1.8392507,-1.2509739,-0.009955846,0.03503838,-0.22546025,-0.4943262,-0.17630476,-0.11074211,0.20819986
24.677536062942007,35.07971042955572,84.775665,8812800.247192383,72.151764,2.0464131e-07,-6.261165e-06,0.14345844,0.04813817,0.17935856,-0.381957,-0.35373902,0.018048763,-0.11271212,0.03990992,0.06284556,0.074447066
24.365941903817713,35.11594190204278,77.940506,11404800.061798096,73.008804,0.009425963,0.009649603,-0.24893719,-0.34948742,0.092804864,-0.11395096,0.057266645,-0.16272293,-0.052733593,-0.10974054,0.009611547,0.11016065
24.373188349496587,35.09782609021359,73.044136,6307200.133895874,73.146996,0.906466,0.9095333,0.18641683,0.7074224,0.6873599,0.10485186,-0.006898649,0.11793333,0.182181,0.098502874,0.10210502,0.14187407
24.481884276880134,35.21376834109622,79.042,12182399.56741333,72.04698,0.0013308779,0.00016636848,0.26680294,-1.2478566,-0.62897867,0.3268495,0.14365003,-0.2733533,0.048219435,-0.18323164,-0.09579116,0.2067602
24.17028990870767,35.119565206509655,75.23819,8294399.845504761,72.6174,-0.08937171,-0.08950823,-0.27006558,1.6587216,1.2268625,-0.0368044,-0.319487,0.08310933,0.43378073,0.19918385,0.15993844,0.25544962
24.40579722439643,35.07608730649443,81.130585,13132799.572563171,72.43321,-0.00029986256,0.0001272793,-0.04961863,-0.64397,0.23042195,0.42687827,0.3673072,-0.13998386,0.10568338,-0.12428471,0.026777565,0.12713665
24.619565229179578,35.18478278215484,82.255135,2764800.03991127,72.27779,-2.6258112e-05,0.000100044475,-0.43795097,-0.35359505,0.3502284,-0.05064445,-0.21146744,0.0908958,0.27489224,-0.12614644,0.16174626,0.20512137
24.576087129988778,34.96376817111452,80.53768,2159999.936914444,72.299126,-0.00043470945,-0.00047355765,0.06388358,0.12021606,-0.50877804,0.062225156,0.284846,-0.26947236,-0.2202991,0.0047831535,-0.21355,0.21360356
24.782608584568965,35.06521774078783,85.492004,5875199.981975555,72.361336,4.9928562e-06,1.1429817e-06,-0.10748575,1.013966,0.43479967,-0.10671871,-0.102454,0.46552002,-0.03902495,0.10027282,0.050003164,0.112048894
24.52536253285706,35.05797113185407,79.99595,3283199.893140793,71.69614,0.00017733211,-0.0004368946,0.111977935,-0.37071612,-0.1830487,0.11633521,-0.46278098,-0.22052704,0.21180078,-0.13206494,-0.044189356,0.1392618
24.264492787947336,35.06521739309379,75.914215,10195199.855804443,72.98436,-0.01210928,-0.0020382598,-0.26563206,0.7782142,1.0015333,-0.2212317,0.012744568,-0.14040104,-0.32002142,0.19162561,0.14189617,0.23844264
24.528985389862203,35.079710263267266,73.800804,4665599.775981903,72.80426,0.399472,-0.37796134,0.3286365,-1.0534813,-0.3127906,0.58703566,0.1903649,-0.31625652,0.15916717,-0.13342896,-0.084033266,0.15768601
24.677536062942007,35.07971042955572,84.775665,9935999.654960632,72.26332,-5.9269183e-07,1.4514613e-06,0.12449412,-0.25481516,0.22461532,-0.29807106,-0.30658847,-0.086076096,-0.2955996,-0.0707199,0.057679668,0.09125923
24.278985574781007,35.18478260074926,85.36457,7516799.791431427,72.65139,7.5908383e-06,-2.9489534e-06,0.22410756,0.97208345,0.7101987,0.12059668,0.07360594,0.08986235,0.2420344,0.06487876,0.109668896,0.12742262
24.782608845879178,35.07246365433351,80.82854,5875199.981975555,72.58673,0.00030308228,-0.0004807546,0.21693873,1.3104756,-0.053960536,-0.077566735,0.018301457,0.20368545,0.4195865,0.27836016,-0.10017294,0.2958361
24.43478277193275,35.06521686399416,78.38795,9244799.850654602,72.62716,0.0035449152,-0.0024745383,0.10591729,-0.17784362,0.3326383,0.4438578,0.51471615,-0.10622073,0.13031168,-0.061712123,0.08576679,0.105661385
24.409420342711783,35.02898555779556,73.23672,12960000.169944763,73.101456,-0.8169063,-0.88060975,0.06371543,1.2248657,0.023134332,-0.16759697,0.03713205,-0.5246742,-0.046418376,0.3115902,-0.03642198,0.31371167
24.17028990870767,35.119565206509655,75.23819,5788799.732208252,72.25977,0.06434476,0.032766014,-0.105107434,1.7528136,1.1291456,-0.017499365,-0.1161618,0.36107704,0.37302205,0.15090108,0.09544599,0.17855272
24.521739153231497,35.18115965909355,80.50853,9763200.252342224,72.128746,0.0003602231,0.00033547636,0.26964918,-1.416651,-0.69400454,0.47760686,0.06459851,-0.23973744,0.26417118,-0.21472222,-0.22636136,0.31200176
24.35507260113369,35.04710138474188,76.478294,13651199.974250793,72.7778,-0.031917892,0.0047028996,0.1359812,0.643,0.46449593,-0.19597194,-0.009136882,-0.062396016,0.06845291,0.14140853,0.08182394,0.16337542
24.365941903817713,35.11594190204278,77.940506,11231999.562263489,73.015785,0.008788887,0.010675847,-0.2731174,-0.32175994,0.101182565,-0.10134629,0.051032577,-0.16069977,-0.0659053,-0.11222104,0.010007173,0.112666346
24.608695560661264,35.210145036629335,80.071884,518399.99034404755,72.10285,9.206026e-06,-0.00041738484,-0.06643805,-0.3850654,0.35916135,-0.14996168,-0.15848538,-0.3516192,0.31365687,-0.15984583,0.22198048,0.27354345
24.141304256647267,35.05072417522627,80.839714,14601599.979400635,72.706825,0.000377789,-0.00031887676,0.25165677,-0.7194576,0.26226023,0.3186173,-0.2901681,-0.05290959,-0.06931668,-0.10298127,0.062237013,0.120327
24.442029139218562,35.043478080275,76.86345,1814400.0347614288,72.50585,0.013079051,0.018083649,-0.11789275,-0.09164491,-0.6825406,-0.16629052,-0.013479404,-0.027007287,0.13268933,-0.095781654,-0.22724912,0.24660958
24.728260869121893,35.15579704180788,79.23173,8467199.796581268,71.74248,-0.00022951758,0.00094218244,0.38809136,0.5052086,-0.5167038,-0.09395584,0.26040313,0.2739066,-0.0047924407,0.15501077,-0.14929637,0.2152156
24.471014503837736,35.137681214861566,84.09494,16416000.288391113,72.57771,2.46961e-05,-1.5872845e-05,-0.17153516,-0.44307488,-0.03940179,0.12160665,-0.0294846,0.36365837,0.01246785,-0.19568183,-0.036342517,0.19902803
24.32608705359737,35.05434782738719,80.59564,5097599.927902222,72.17842,0.0003967215,0.000405603,0.058141775,-0.92386377,0.20290527,-0.3198268,-0.277846,-0.23354483,-0.0038710795,-0.1541352,-0.0009021815,0.15413783
24.068840433535758,35.050724689208764,75.1399,8639999.747657776,72.11045,0.059238195,0.061064065,-0.20418814,1.8434137,0.7502935,0.22688994,-0.025634348,0.13807142,0.8043373,0.17431778,0.06824586,0.18720092
24.177536001617764,35.01449252133363,77.3516,18316800.298690796,72.513565,0.01011836,0.0008355768,-0.042911015,-0.027859673,0.22091408,0.09259774,-0.35576564,-0.1585141,-0.25574887,0.019353503,0.092555255,0.09455704
24.336956356281394,35.12681217825459,78.56935,8208000.144195557,72.834015,-0.004964044,0.0024174615,-0.37697792,-0.46896937,0.21482344,0.039876774,-0.33034682,-0.22728626,-0.45313248,-0.1611945,0.045139894,0.16739556
24.572463802625258,35.028985391507106,77.31845,2246400.0495672226,72.26086,0.009378085,0.009457638,-0.04175072,-0.12767456,-1.0073566,0.15287793,0.31514552,-0.27979246,0.16618231,-0.07035869,-0.22487807,0.23562787
24.60144921950647,34.9456523441682,85.40489,5097599.927902222,71.280464,3.322071e-07,8.191009e-07,0.18525702,1.1139531,0.44119248,0.28851995,0.36920255,0.060759634,0.19609645,0.1934925,0.068975076,0.20541887
24.409420264318722,35.097825908808005,75.01247,14601599.979400635,72.94133,-0.14726791,-0.124814056,0.2276308,0.3301948,-0.05716728,-0.04757767,-0.11329622,-0.40344504,-0.1869896,0.21862681,-0.033177294,0.22112986
24.373188349496587,35.09782609021359,73.044136,604799.9658823013,73.07414,0.9675221,0.5109296,0.38065952,-0.44034603,0.65241617,0.13151956,0.3011576,-0.15575162,-0.07342205,-0.06893651,0.118340515,0.13695517
24.068840433535758,35.050724689208764,75.1399,345600.00498890877,72.87946,0.000940258,0.10249135,0.12427295,-0.4537213,-0.7162906,-0.11710318,0.33387086,-0.4714704,-0.47533813,-0.06936158,-0.11255051,0.13220683
24.32608705359737,35.05434782738719,80.59564,8899199.948501587,72.45747,0.00010344237,-0.0005540603,-0.18172488,-0.6002926,0.25365704,0.227851,0.0948907,-0.2934819,-0.25973898,-0.19141948,0.055021822,0.19917034
24.43478277193275,35.06521686399416,78.38795,12700799.969100952,72.614265,-0.0029297818,-0.0028932,0.11707055,-0.36993748,0.25651166,0.14272308,0.38753685,-0.17120045,0.2624478,-0.13673344,0.07570504,0.15629232
24.514492864338745,35.152173737341,77.98083,6998399.938201904,72.015396,-0.0038021076,-0.0027232727,-0.07057996,-1.6197704,-0.7954741,0.18742853,-0.18898293,-0.29586688,-0.29074296,-0.19791847,-0.11905532,0.2309673
24.471014503837736,35.137681214861566,84.09494,13046399.871253967,72.773926,1.0588384e-05,-2.4650551e-05,0.040604487,-0.17500564,-0.024168085,-0.044196136,0.16171376,0.10055806,0.27197537,-0.13823032,-0.05667921,0.14939931
24.49275373635028,35.04710138474188,79.64641,8639999.747657776,72.01079,0.0005572588,-0.00076746166,0.39818406,-0.3062251,0.38294423,0.4622675,0.21340889,-0.17971171,0.13794613,-0.0720749,0.043987036,0.08443726
24.15942034471344,35.02536261613985,84.04098,9590399.752807617,72.802536,1.52006805e-05,1.0243103e-05,-0.31211838,-1.218421,-0.3922481,0.11376867,-0.018171951,-0.5204643,0.017859332,-0.2341709,-0.07754721,0.24667707
24.351449221508126,35.36231895652174,77.53338,17020800.39138794,73.06284,0.007862561,0.005274355,0.2756121,0.51983774,0.27183172,0.53283554,0.022723997,-0.18350622,0.73375463,0.27850014,0.19222438,0.338397
24.822463669968496,35.11956556932083,79.471794,11577599.464416504,71.49025,-1.2384039e-05,0.000112643684,-0.15634269,-0.24492864,-0.18961473,-0.07189863,-0.26657337,0.20857383,0.02933957,-0.1192333,-0.096166536,0.15318154
24.731884091961334,34.88405773852335,82.62194,2332799.8879909515,72.22344,6.274292e-05,-6.796063e-05,-0.0032462291,0.29199338,0.07055331,0.07729048,0.14275774,0.25249457,-0.23588821,0.13530284,0.050849684,0.14454255
24.17028990870767,35.119565206509655,75.23819,11059200.15964508,73.10095,0.13855252,0.13285969,-0.21391746,0.4226499,1.004668,-0.21855256,-0.42742193,-0.15550059,0.18505588,0.10118089,0.19956198,0.22374663
24.141304256647267,35.05072417522627,80.839714,14515200.27809143,72.70863,0.00039898802,-0.00036997604,0.24532744,-0.72324634,0.24344833,0.30773768,-0.28569305,-0.05637756,-0.06215763,-0.10297997,0.057962194,0.118171446
24.202898613755877,35.17753635462667,82.22561,16243199.788856506,72.94717,4.8838392e-05,-0.00019393046,-0.23740521,0.27247173,0.17902468,0.08937496,-0.045174196,0.33571288,0.20454597,0.074831985,0.052959457,0.09167623
24.409420264318722,35.097825908808005,75.01247,7689599.742507935,73.12957,0.09238865,0.17638953,0.08713013,-0.7225082,0.31998536,0.1054568,-0.23554677,-0.11642243,-0.39442602,-0.15222007,0.08900135,0.17632978
24.141304256647267,35.05072417522627,80.839714,4665599.775981903,72.56061,0.00048909837,0.00048133516,0.5192573,-0.0510522,0.3813715,-0.44814473,0.3178065,0.09047599,0.15687367,-0.09892095,0.06432821,0.117997766
24.528985389862203,35.079710263267266,73.800804,2678400.0643730164,72.73033,0.3590106,0.35496902,0.35542062,-0.42098835,-0.12958246,0.47901696,0.6022622,-0.29845878,0.19528729,-0.20252883,-0.024036676,0.20395021
24.202898613755877,35.17753635462667,82.22561,7343999.840354919,72.771935,0.00016435566,-5.9669877e-05,0.21744248,0.9504446,0.8646849,-0.015053302,-0.13092202,-0.05156193,0.0036357474,0.061024763,0.08415142,0.10394943
24.49275373635028,34.95652190987481,78.13308,5184000.177669525,72.624115,-0.00577269,0.0027670816,0.19854331,-0.28944817,-0.2580989,-0.014403082,-0.16311702,-0.268485,-0.11683463,-0.16087973,-0.10762596,0.19356042
24.068840433535758,35.050724689208764,75.1399,3801600.0205993652,71.70171,0.038786314,-0.042167928,0.32991156,1.090853,-0.06570347,-0.32401058,0.015234109,0.033570573,0.004421057,0.08391523,-0.0024680942,0.08395152
24.57608686867857,35.22463755910878,78.28966,7948799.943351746,71.547806,-0.0010625441,0.0013527059,0.13116549,-0.9812324,-1.1018672,0.061503805,0.43041572,-0.0039150137,-0.2438663,-0.117467284,-0.08506196,0.14503138
24.586956589458925,35.03623181903528,81.050644,18316800.298690796,71.37753,-0.00013085137,0.00010383185,0.12823683,-1.7599787,0.41969147,0.3907215,0.026878199,-0.17657116,-0.062818445,-0.21474397,0.049619317,0.22040202
24.369565205050215,35.10507235145331,81.59638,17452799.99485016,72.440544,-0.00021736146,0.00021813509,-0.24251384,-0.7376131,0.41605893,0.4355639,-0.20770037,0.24770507,-0.14742437,-0.23241718,0.12952402,0.26607183
24.57246390714934,35.13405809180027,82.83649,1728000.059223175,71.909874,-4.268926e-05,-3.2505617e-05,-0.17104739,-0.20566511,0.531587,0.09315871,-0.10538458,-0.05046684,0.23470283,-0.07922893,0.16482614,0.1828794
24.608695560661264,35.210145036629335,80.071884,13910400.175094604,71.39892,0.00022591079,0.00019245704,0.35313547,-1.152777,-0.35358036,0.15695962,-0.017422155,-0.30969077,-0.24786574,-0.10840551,-0.050298326,0.119505964
24.514492864338745,35.152173737341,77.98083,3283199.893140793,71.87466,0.0035079254,0.002402042,0.118023366,-0.7838311,-0.0846291,0.092259325,-0.36211133,-0.34002134,0.22577667,-0.16428226,0.012948133,0.16479173
24.822463669968496,35.11956556932083,79.471794,13132799.572563171,71.2813,-0.00029377124,-8.13602e-06,-0.17758429,-0.672071,-0.109294996,0.0319261,-0.22469264,0.11293121,-0.06577508,-0.15984073,-0.04357849,0.16567482
24.409420264318722,35.137681214861566,85.684586,6220799.884128571,72.12628,-9.811698e-07,-1.470082e-06,0.39569908,-0.66955817,0.18134183,-0.06511781,-0.13028109,-0.25163817,0.31495658,-0.1869536,0.047814764,0.19297124
24.731883987437246,34.999999998854186,80.17734,7516799.791431427,72.40339,-0.00031504853,-0.0004974516,0.09405407,1.0653334,0.02867679,-0.40123332,0.17740676,-0.13258491,0.32986826,0.26544204,0.014666662,0.26584694
24.171296292717127,35.10648163098043,78.049835,8553600.046348572,72.64517,5.9299935e-05,0.004833062,-0.109060846,1.0245507,0.9585856,-0.1103617,-0.50800484,0.06616364,0.17099547,0.08327325,0.105752215,0.134603
24.53985505838052,35.14492730981283,78.72631,9590399.752807617,72.282166,0.0020686344,-0.0023476672,0.09392293,-1.0143282,-0.64696866,0.23081073,0.17221425,-0.12674142,0.14470401,-0.17164238,-0.069127634,0.18503982
24.358695745580064,35.14492749121842,79.46463,2159999.936914444,72.528015,-0.001358725,0.00026857175,-0.025629818,-1.1065767,0.46305797,0.045495007,-0.34905446,-0.07047474,0.09299558,-0.1447478,0.04556142,0.15174903
24.442029139218562,35.043478080275,76.86345,13910400.175094604,72.95175,0.019053545,0.01301087,0.2848149,0.22432002,0.2552092,0.07513948,0.26374358,-0.2619067,0.110203646,0.054117482,0.053827442,0.07632886
24.171296292717127,35.10648163098043,78.049835,7084800.187969208,72.4783,0.0058817756,-0.0030994557,0.06100224,1.4006047,1.0478157,-0.180754,-0.27728397,0.27752787,0.3310383,0.122048855,0.12057111,0.1715614
24.800724541980035,35.0326085145684,80.91604,15033599.582862854,70.80968,-8.460843e-05,-2.3946614e-05,-0.26129055,-1.1961298,-0.009847473,-0.014819086,0.01119148,-0.05403406,-0.14737713,-0.136682,-0.030714944,0.1400906
24.641304357168043,34.938405387540406,81.3883,14601599.979400635,71.27132,-3.7308608e-05,2.1124806e-05,0.13164845,-0.6146989,0.58306193,0.19067842,-0.042478465,0.0403042,-0.025882468,-0.080354765,0.055990573,0.097937904
24.3985509616347,35.079710263267266,82.39983,6393599.835205078,71.91598,-5.1260307e-05,-5.1393363e-05,0.081336334,-1.5907197,0.037802834,-0.33593315,-0.825102,-0.50270677,-0.102033205,-0.16839053,-0.019956335,0.16956894
24.572463802625258,35.028985391507106,77.31845,7603200.0411987305,72.25397,-0.00942395,-0.008536934,0.22654882,-1.038012,-0.3171427,0.24119085,-0.050601654,-0.26355815,0.28963047,-0.17441706,-0.11587556,0.20940024
24.57608686867857,35.22463755910878,78.28966,14601599.979400635,71.760284,0.001362483,-0.0016331268,0.470198,-1.1125383,0.039719917,0.33206326,-0.014104068,-0.45702627,-0.07307112,-0.17207338,-0.027314138,0.17422776
24.75362311542571,35.148550251468535,82.31272,14256000.07724762,71.241905,-3.2403026e-05,-3.2374224e-05,-0.05212479,-1.4729998,-0.29958874,0.35085732,-0.020433314,-0.4628333,-0.31192666,-0.2289154,-0.041378878,0.23262517
24.373188532413735,34.85507217391305,83.68782,7430400.090122223,71.82078,-1.765026e-05,1.4950729e-05,0.008801784,-1.3384485,-0.50388587,0.49748924,-0.2290763,-0.036261067,-0.58589035,-0.09413592,-0.031672284,0.09932122
24.641304357168043,34.938405387540406,81.3883,17798399.897003174,70.912506,1.3532594e-05,-6.2639396e-05,0.0906966,-0.64034224,-0.034730915,0.18089503,0.6133698,-0.01235033,0.14506313,-0.15267602,0.003670998,0.15272014
24.340579657513896,35.072464168316,77.031204,8294399.845504761,72.98858,0.02204575,0.0139988,-0.09359985,0.48635808,0.7967002,0.086597465,0.10188423,-0.117132954,-0.5224522,0.062487032,0.12315288,0.13809873
24.409420342711783,35.02898555779556,73.23672,11318400.360488892,73.02571,0.81875366,0.75539035,-0.08945026,1.0372423,0.18763007,-0.045442127,0.11095813,-0.33673152,-0.1745325,0.18928695,0.017270796,0.19007322
24.409420264318722,35.137681214861566,85.684586,7343999.840354919,72.31205,-3.9158713e-06,-5.4227166e-07,0.3471313,-0.44767013,0.30547488,0.0018413439,-0.0826991,-0.20491858,0.16938254,-0.14317349,0.12908223,0.19277155
24.409420342711783,35.02898555779556,73.23672,1814400.0347614288,72.98416,0.78769034,0.76432925,-0.062799945,0.47594652,-0.1296255,-0.030931555,0.32665554,-0.26973662,0.047023114,0.20219752,-0.06517397,0.21244173
24.068840433535758,35.17753635462667,82.62194,10799999.95880127,72.470795,-2.9414892e-05,-5.693395e-05,-0.12700218,1.0014337,0.5962518,0.18436027,0.041459274,-0.052665293,-0.004098244,0.18635471,0.080386445,0.20295335
24.619565229179578,35.18478278215484,82.255135,13219200.370788574,71.74789,-4.4104167e-05,5.549765e-05,0.20674369,-1.6170626,-0.66839284,0.30494767,0.063950635,-0.47779015,-0.19535947,-0.10481414,-0.083767,0.13417494
24.481884276880134,35.21376834109622,79.042,1900800.0102996826,72.21058,0.0006006241,0.001203442,-0.012864199,-0.79871535,0.11101386,-0.06662028,-0.252439,-0.2669814,-0.10364505,-0.18669894,0.019956544,0.1877625
24.503623143558386,34.916666955294566,80.479385,2678400.0643730164,72.4785,0.00039619888,0.00018782658,0.074282065,0.04295601,-0.3586964,-0.2142806,0.28861699,-0.2657478,-0.24062729,-0.06780616,-0.18413746,0.19622508
24.507246418659868,35.018115659512056,74.98295,7948799.943351746,72.94533,-0.11043845,-0.14181536,0.15258104,-0.7192509,-0.15076429,0.17288406,0.07619945,0.0423605,0.01691165,-0.085130714,-0.034674615,0.09192153
24.57608686867857,35.22463755910878,78.28966,18230399.500465393,72.06547,-0.00029885885,0.0019584522,0.28838935,-1.5791342,1.1165646,0.7378989,-0.37483495,-0.38250485,-0.13117108,-0.2288802,0.13180941,0.26412094
24.40217392316393,35.07246365433351,77.73675,15033599.582862854,72.60049,0.0015583552,-0.0052256156,0.19692782,-0.10417941,0.26846147,-0.019140288,-0.02522935,-0.1956648,-0.023098052,-0.010253735,0.07582618,0.07651633
24.586956589458925,35.03623181903528,81.050644,16588799.691009521,71.5735,-0.00012023707,0.00013675563,-0.060989052,-1.8571632,0.27081978,0.30270872,-0.015357725,-0.19011532,-0.12830716,-0.15376902,0.015854686,0.15458423
24.264492787947336,35.06521739309379,75.914215,8294399.845504761,72.747856,0.053658575,0.035349533,-0.123213805,1.7687835,1.2586848,-0.039722644,-0.014316574,0.09625138,-0.24891421,0.14185013,0.043776497,0.14845148
24.282608510179216,35.10869565592019,73.044136,691200.0099778175,73.31924,-0.7720446,-0.7701055,0.10486893,-0.76460445,0.7185563,0.10092685,0.16228062,-0.23512346,-0.3765145,-0.1061393,0.082245186,0.13427517
24.351449221508126,35.36231895652174,77.53338,9331199.551963806,72.53686,-0.010039539,-0.0050470494,0.1753225,-0.8566536,-0.90044004,0.16741914,0.281318,-0.13853988,-0.04781761,-0.07351017,-0.0529128,0.09057323
24.15942034471344,35.02536261613985,84.04098,17366400.293540955,72.451866,-9.082787e-06,-1.988546e-05,0.18147323,-0.15227069,0.47080603,0.4608299,0.1441791,0.3968425,0.28876856,-0.0547939,0.18299249,0.19101995
24.626811465810288,35.05797113185407,83.9315,13478399.474716187,72.22733,-8.218168e-06,2.4910325e-06,-0.19722521,-0.6186228,0.25578958,0.12714683,0.25685045,-0.0351458,-0.10384656,-0.1721477,0.1093963,0.20396663
24.15942034471344,35.02536261613985,84.04098,604799.9658823013,72.34462,2.5779054e-06,1.9302202e-05,0.16206186,-0.017049082,0.44112226,0.05781731,-0.46052685,-0.29915902,0.14386645,-0.016260691,0.21815464,0.21875982
24.235507135886934,35.09782643790763,86.62735,16070400.386238098,71.917984,-1.1993183e-06,1.136333e-06,0.17319062,0.57852125,-0.3720099,0.21730804,0.4871975,0.39109522,0.67123187,0.13823175,-0.05947917,0.15048519
24.33695651306752,35.26449269887389,75.24537,10368000.35533905,72.72772,-0.09152658,0.028261563,-0.101002865,-1.9482828,-0.93883395,0.11933752,-0.31876862,-0.36581224,-0.64310896,-0.17702661,-0.09554809,0.20116626
24.43478277193275,35.06521686399416,78.38795,5356800.128746033,72.1961,0.0026435202,0.002805127,0.18643749,-0.64574397,0.32600898,0.36945236,-0.24199307,-0.30593827,0.12734017,-0.111494735,0.023152705,0.11387328
24.728260869121893,35.15579704180788,79.23173,11577599.464416504,71.72755,-0.0008793757,0.00096587895,0.13861576,-0.68526566,-0.59326094,-0.14318764,0.0008525625,0.107662246,-0.26036605,-0.088189945,-0.12145821,0.15009852
24.55434784521419,35.039855304907746,78.730316,15465600.283241272,71.794395,-0.00019643846,3.396656e-05,0.1524187,-1.4867759,0.05505734,0.17174697,0.03481044,-0.49227625,-0.20453236,-0.18561095,0.024962723,0.18728204
24.528985389862203,35.079710263267266,73.800804,172800.00249445438,72.77716,0.37287596,0.3850356,0.7750691,-0.22467351,0.24214995,0.18686524,0.75237656,-0.13514301,-0.025835998,-0.106070474,0.08902451,0.13847855
24.40579730278949,34.98550712868071,82.545616,15465600.283241272,72.06163,-5.3602675e-05,1.2676039e-05,-0.28162557,-0.9953548,0.44367063,0.31472185,0.026763674,0.10606739,0.10002794,-0.13251019,0.10824159,0.17109995
24.43478277193275,35.06521686399416,78.38795,10108800.15449524,72.72203,-0.0046284134,0.003035438,0.08572528,-0.19591278,0.29667068,0.3864037,0.58329403,-0.050337024,0.24287006,-0.081042476,0.08108047,0.11463823
24.514492864338745,35.152173737341,77.98083,6652800.036048889,71.98246,-0.00060810626,-0.0038454048,-0.06447824,-1.6491138,-0.7459659,0.19804037,-0.23082352,-0.31172824,-0.27394655,-0.17886643,-0.10911686,0.20952253
24.731884091961334,34.88405773852335,82.62194,12441599.768257141,71.47938,2.5763251e-05,-9.73883e-06,0.11864844,1.2888994,0.68113804,0.0067988336,-0.17497414,0.06744678,0.38924778,0.09090833,0.04490605,0.10139467
24.51086948471318,35.141304337922854,75.965324,1468799.9954938889,72.28348,0.025567845,0.033685897,0.30990255,-0.77436495,-0.0015399419,0.009271577,0.21774283,-0.18722194,0.16434938,-0.18626863,-0.02294103,0.18767603
24.351449221508126,35.36231895652174,77.53338,14860800.180244446,73.19851,0.0011290796,0.0025102834,0.32979998,0.08908181,0.20266213,0.6152638,0.33591896,-0.20076677,0.53581357,0.052418854,0.1363077,0.14603947
24.47463793572534,35.15579704180788,74.131996,2246400.0495672226,72.92967,0.30928934,0.15845408,0.3801537,-0.9724388,0.33255607,0.20361808,0.48535508,-0.082503945,0.36722696,-0.14926063,0.068300225,0.16414522
24.16304339770124,35.14130418675153,77.183464,3023999.9665260315,72.612144,0.014859002,0.008388011,0.27113068,0.81064546,1.0444665,-0.4501583,0.24463251,0.30600452,-0.18111005,0.13830362,0.1783236,0.22567056
24.177536001617764,35.01449252133363,77.3516,15206400.082397461,72.37927,-0.00035529686,-0.008584331,0.0071562454,-0.020362332,0.4431141,0.10003329,-0.43983206,-0.21963808,-0.15135127,0.01751078,0.12485107,0.12607306
24.481884276880134,35.21376834109622,79.042,10886399.660110474,72.15569,-0.0015232399,0.0017371917,0.16048354,-1.4232769,-0.8832832,0.24910745,0.17118791,-0.20524167,-0.10498466,-0.1945104,-0.1329651,0.23561412
24.507246627708035,35.15217355593542,72.15966,8208000.144195557,72.86135,-0.43816036,-0.43335935,0.03848426,-1.2865043,-0.850636,0.04685813,0.055255227,-0.13540818,-0.09704181,-0.09827146,-0.06610876,0.11843837
24.49275373635028,34.95652190987481,78.13308,5270399.878978729,72.609436,-0.005761124,0.0033495512,0.2146006,-0.31322378,-0.24055402,-0.002064079,-0.16521144,-0.272158,-0.13016966,-0.16837865,-0.103692405,0.19774601
24.528985389862203,35.079710263267266,73.800804,864000.0296115875,72.79798,0.3237862,0.3805512,0.68590295,-0.23354733,0.14792529,0.22460195,0.74375933,-0.18680665,0.056349367,-0.104282856,0.055566207,0.118163094
24.5036234048686,34.94565269942081,84.86278,11664000.262641907,71.880104,6.393563e-06,3.0272433e-06,-0.36344463,-0.35267735,0.15773027,-0.15050343,-0.3059769,0.21151143,0.120903604,-0.07311377,0.028494135,0.07846999
24.35507260113369,35.04710138474188,76.478294,17971200.39653778,72.92216,-0.0067580286,-0.0067179515,0.117944345,0.42224464,-0.2839276,-0.19990712,-0.21721369,0.17276746,0.1986781,0.11694352,-0.046260048,0.12576081
24.373188532413735,34.85507217391305,83.68782,9244799.850654602,72.03545,1.7123068e-05,1.4601989e-05,-0.23231983,-1.2276418,-0.68149,0.46768054,-0.1629892,0.080887936,-0.3473851,-0.21531215,-0.06389835,0.22459368
24.518115930392057,35.170290078269815,76.7112,2332799.8879909515,71.99759,0.010273797,-0.01141004,0.20527434,-0.85389864,-0.15031818,0.06442568,0.039596662,-0.37567887,0.21607915,-0.17253141,-0.05415584,0.18083125
24.72463775080654,35.097825908808005,83.506035,11577599.464416504,72.05093,1.9304805e-05,-5.6747e-06,-0.020788878,-0.6752279,-0.08800556,0.04651184,-0.06856551,-0.19272202,-0.0565008,-0.12781419,-0.02879119,0.13101679
24.47463793572534,35.15579704180788,74.131996,14774400.478935242,72.88918,-0.31585494,-0.2989358,0.11847187,-0.2844778,-0.32195917,0.09937617,0.05780081,-0.6332357,-0.37012517,-0.038881626,-0.086463295,0.094803385
24.15942034471344,35.02536261613985,84.04098,8639999.747657776,72.81356,2.5271234e-05,3.0466295e-05,-0.25017935,-1.4072522,-0.35338122,0.10892592,-0.054780975,-0.56656003,-0.015854795,-0.23619783,-0.06690703,0.24549128
24.72463775080654,35.097825908808005,83.506035,12441599.768257141,71.97212,-9.204675e-06,2.4314364e-05,-0.099462174,-0.90270925,-0.07265727,0.09348973,-0.040912338,-0.24138308,-0.13394937,-0.14993848,-0.018060178,0.15102224
24.822463669968496,35.11956556932083,79.471794,6480000.084972382,72.48133,-0.0010166536,-0.0015283958,0.39084578,0.47712746,-0.29709134,-0.13519537,0.11295701,0.3316707,0.2717575,0.2333111,-0.12242295,0.2634795
24.53985505838052,35.14492730981283,78.72631,18403200.0,71.913536,0.0008804256,0.0017612807,0.2245155,-1.7331698,0.52222025,0.47733426,-0.07015902,-0.41351134,-0.27306563,-0.2932488,0.039007716,0.29583183
24.17028990870767,35.119565206509655,75.23819,13651199.974250793,72.66363,-0.07701431,-0.06627521,0.07030538,0.21261573,0.7461792,-0.42968214,-0.4400366,0.13630198,0.13455895,0.052755814,0.2694117,0.2745284
24.579710091518006,35.06884069756067,84.24473,13219200.370788574,72.521774,-1.9190902e-05,1.5928106e-05,-0.13234359,-0.30555844,0.34244013,0.16271436,0.3038215,-0.014514234,-0.009570237,-0.11912891,0.09868469,0.15469444
24.507246418659868,35.018115659512056,74.98295,9590399.752807617,73.17241,-0.16707972,-0.15496364,0.17484528,-0.088604614,-0.10476041,0.10834507,0.4730927,0.05439415,-0.007683642,-0.036432378,-0.054060332,0.06519078
24.16304339770124,35.14130418675153,77.183464,8726399.99742508,72.83314,-0.004693506,-0.01267027,-0.03893564,1.1313847,1.154705,-0.11099505,-0.67947185,0.091106035,0.15137178,0.09678397,0.14910267,0.17776035
24.068840433535758,35.050724689208764,75.1399,12182399.56741333,72.2089,-0.067240015,-0.06493989,-0.44477904,1.2094945,0.7936566,-0.13832709,-0.13011926,-0.08913213,0.35926569,0.166531,0.07983494,0.18467861
24.340579735906957,35.22101461745307,78.71513,12268800.365638733,72.68827,0.003552314,0.0008770071,-0.039697416,-1.0994909,-0.42620584,0.41527134,-0.15985736,-0.4037043,-0.14808026,-0.21177211,-0.07680656,0.22527023
24.141304256647267,35.05072417522627,80.839714,7689599.742507935,72.78506,0.00047725387,0.0004234286,0.07007158,-0.12950672,-0.008507054,-0.42105263,-0.00047171488,0.12497084,0.32096002,-0.13930252,-0.045739494,0.14661954
24.177536001617764,35.01449252133363,77.3516,5788799.732208252,71.99317,0.0060233893,-0.006147383,0.26029912,1.8334174,0.21697871,-0.20273691,0.72884697,-0.030242842,0.2626984,0.23531139,-0.013274118,0.2356855
24.278985653174068,35.159420527680346,80.15937,6652800.036048889,72.553314,0.00090764987,-0.0006779367,0.14955363,-0.5967909,0.4223832,-0.11323925,-0.51673293,0.02203326,-0.12286139,-0.21761613,0.116966926,0.24705878
24.626811465810288,35.05797113185407,83.9315,10195199.855804443,72.21702,-2.0685387e-05,-2.026645e-05,0.19990847,0.08386284,0.37625843,-0.19364274,-0.0036150254,0.19902164,0.0035297424,0.009856131,0.13550785,0.13586582
24.608695560661264,35.210145036629335,80.071884,1814400.0347614288,72.02026,-0.00029761478,-0.00060258864,-0.1404705,-0.26254582,0.3319903,-0.09688222,-0.2114028,-0.23675454,0.3314392,-0.1038302,0.18553436,0.21261163
24.40217392316393,35.07246365433351,77.73675,9504000.051498413,72.902435,0.004165081,-0.0011681048,-0.07014871,0.0054823533,0.39107746,0.23419777,0.41423014,-0.075432464,-0.037619367,-0.01386058,0.08952342,0.09059006
24.278985574781007,35.18478260074926,85.36457,3542400.093984604,72.23525,7.071358e-08,1.5616029e-06,0.19971183,0.27277848,0.2384623,-0.20394874,-0.09579625,0.0019493774,0.4452883,0.17205164,0.19857287,0.26274124
24.626811465810288,35.05797113185407,83.9315,6220799.884128571,71.61401,-1.07868245e-05,8.375656e-06,0.32116443,0.9150715,0.44954738,-0.2659895,-0.16778564,0.3083605,0.5745172,0.28564918,0.05972986,0.2918272
24.481884276880134,35.21376834109622,79.042,14083199.577713013,71.966576,-6.665851e-05,0.001392412,0.33590847,-1.2462474,-0.19251354,0.45137954,0.015685443,-0.3898442,0.15476614,-0.19311002,-0.06335491,0.2032371
24.202898613755877,35.17753635462667,82.22561,15897599.886703491,72.92646,9.9773424e-05,-0.00018259793,-0.21501619,0.32632327,0.1686688,0.08079704,-0.025144346,0.3424841,0.20476857,0.07829236,0.05015725,0.09298088
24.53985505838052,35.14492730981283,78.72631,3456000.11844635,71.71603,-0.0010699559,0.0014373085,0.027482847,-0.487951,0.019479655,0.17298062,-0.40024203,-0.25981575,0.27667528,-0.13730134,0.056363918,0.14842018
24.481884276880134,35.21376834109622,79.042,7430400.090122223,71.861855,0.0006731151,-0.0011573755,-0.14705792,-1.7675132,-1.2070347,0.045272518,-0.05966381,-0.23265146,-0.28789073,-0.26331455,-0.10594542,0.28382915
24.481884276880134,35.21376834109622,79.042,6739199.737358093,71.83977,0.00056061044,-0.001108651,-0.18974462,-1.8005269,-1.1228544,0.0063774064,-0.14021638,-0.25868106,-0.30248073,-0.25091034,-0.085176095,0.26497352
24.336956356281394,35.12681217825459,78.56935,2332799.8879909515,72.654915,0.0040474003,0.0007837461,0.10942971,-1.021678,0.47528997,-0.14280978,-0.37945914,-0.015095115,0.18575698,-0.21919453,0.103447415,0.24237907
24.728260869121893,35.15579704180788,79.23173,1382400.019955635,71.826836,0.0010906268,-0.0010900904,-0.29634356,0.34914875,0.08456496,0.14150098,0.30989605,0.11191273,0.145975,0.22243026,0.13561973,0.26051474
24.336956356281394,35.12681217825459,78.56935,13564800.27294159,72.83608,0.003560248,-0.0045829224,0.103239045,-0.8606818,0.07092793,0.0012542382,0.10169293,-0.18340366,0.038278874,-0.1045275,-0.019148171,0.106266886
24.3913043591697,35.05434799367564,86.750465,1209599.9317646027,71.78922,-5.12968e-07,-3.74822e-07,-0.039489448,-1.6257621,-0.1359102,0.27124283,-0.5220195,-0.2391522,0.18856514,-0.2032057,-0.04501799,0.20813261
24.626811465810288,35.05797113185407,83.9315,15638399.68585968,71.84497,-3.6988945e-06,1.4650696e-05,-0.28613353,-1.1448838,0.28372595,0.15296753,0.26798436,0.06135402,0.070651986,-0.19283664,0.049678296,0.19913289
24.40217392316393,35.07246365433351,77.73675,18230399.500465393,72.557396,0.0052893274,0.006849939,-0.03790717,-0.24797077,-0.094812766,-0.042923883,-0.10544961,0.035986178,0.15220729,-0.04692574,-0.023774963,0.052604884
24.275362351941567,35.02173896397893,79.32639,3974399.971675873,72.35344,0.0011605918,-0.0012986357,0.29592142,-0.09602827,0.13521168,-0.3815866,0.06490895,-0.043552265,-0.050743774,-0.05739899,0.023806311,0.06214004
24.15217408195171,35.09782609021359,90.079155,9331199.551963806,72.01203,3.717222e-08,-2.5639976e-10,0.48185453,-0.31988275,-0.4046057,-0.101523496,0.257224,-0.011341002,0.3111962,-0.069372796,-0.06709611,0.09651151
24.286231733018653,35.16304365074164,82.86601,0.0,72.91623,-6.071632e-05,-6.612601e-05,-0.19733709,-0.6440784,0.46127808,-0.054080047,-0.55090123,-0.1109073,0.010893388,-0.17734742,0.17965466,0.25244385
24.576087129988778,34.96376817111452,80.53768,6134400.182819366,71.66605,4.5078596e-05,-0.00015113533,0.48455054,0.39759663,0.04262591,-0.19580495,-0.17673579,-0.16864659,-0.2117818,0.122755215,0.03634656,0.1280231
24.57608686867857,35.22463755910878,78.28966,11059200.15964508,71.9441,0.001270743,-0.0011177018,0.43811664,-0.7776122,-0.5886088,0.10938032,0.3593987,-0.015625775,-0.26883903,-0.15503749,-0.13726926,0.2070736
24.52536253285706,35.05797113185407,79.99595,1382400.019955635,71.945435,-0.00045784088,-0.00029805137,-0.23903584,-0.070561886,-0.38642672,-0.03759806,0.19947335,-0.103928626,0.14468732,-0.021047056,-0.20833375,0.2093942
24.24275355543479,35.275361916886446,83.709785,8208000.144195557,72.77689,3.8258437e-05,3.77358e-05,0.24264225,1.8635646,1.6322421,0.0013892129,-0.21624771,0.49581525,0.37955216,0.23977265,0.18392143,0.3021887
24.619565229179578,35.18478278215484,82.255135,3801600.0205993652,72.158325,-3.1187523e-05,1.6992251e-05,-0.43437696,-0.44090122,0.2258884,-0.04828062,-0.3558747,0.09269281,0.29160756,-0.1811867,0.11722319,0.2158006
24.822463669968496,35.11956556932083,79.471794,18057600.097846985,70.60375,-0.00028323525,-0.00020208186,0.5466457,0.032065243,0.42997652,0.32833153,0.20948264,-0.34429866,-0.0035871863,-0.058407784,0.27099752,0.27722037
24.572463802625258,35.028985391507106,77.31845,604799.9658823013,72.52369,-0.011898203,-0.006414735,-0.045967765,0.13043618,-0.7562919,-0.16141492,0.5302936,-0.23802751,-0.0028272755,-0.0018696189,-0.19461587,0.19462484
24.55072462237475,35.07608730649443,88.70044,4060799.9472141266,71.87914,1.8688722e-07,1.4563296e-08,-0.0031847842,-0.43082356,0.32821155,0.4300744,-0.003725741,-0.1781375,0.31479415,-0.057988793,0.058381416,0.08228663
24.528985389862203,35.079710263267266,73.800804,2419199.8635292053,72.73784,0.34186637,0.17354673,0.38624611,-0.37089017,-0.09701927,0.44428915,0.63782686,-0.2895371,0.18215519,-0.19751662,0.008713692,0.19770874
24.782608584568965,35.06521774078783,85.492004,18316800.298690796,71.34159,-8.942533e-08,2.1339597e-06,-0.084121265,-1.4833573,0.7494944,0.1626884,-0.10725137,-0.4362212,0.20437226,-0.15192139,0.097654596,0.18060046
24.278985574781007,35.18478260074926,85.36457,14601599.979400635,72.01996,-1.7304013e-06,-2.5120053e-06,-0.23747745,0.57619834,-0.20797001,-0.00675752,0.24160519,0.3617551,0.3861915,0.17056108,-0.07081765,0.1846787
24.340579657513896,35.072464168316,77.031204,864000.0296115875,72.65599,0.010595697,0.003844187,0.2570996,-0.39569616,0.14079285,0.061572447,-0.014356725,-0.060906395,0.21652043,-0.13305342,0.09468135,0.16330269
24.3913043591697,35.05434799367564,86.750465,16070400.386238098,72.22963,-9.218671e-07,1.18841776e-07,0.10803415,0.8311044,-0.044089187,0.1438122,0.5916677,0.54345393,0.5461972,0.18435934,0.018723626,0.1853077
24.2137679164399,35.101449394680465,78.1842,10368000.35533905,73.125656,0.008747024,-0.005228283,-0.2633963,-0.18142933,0.6087517,-0.053319044,-0.37669137,-0.30207422,-0.27036348,-0.025199587,0.08918105,0.092672974
24.134057993885538,35.130434787333385,80.741425,14774400.478935242,73.09879,0.0007762328,0.0005747908,0.18747988,0.18037042,0.5018564,0.22393504,-0.35319608,0.22084087,0.38320872,0.026017055,0.116827495,0.11968939
24.409420264318722,35.097825908808005,75.01247,6739199.737358093,72.961205,0.08717002,-0.015331948,0.17859769,-0.6835271,0.3494538,0.14753959,-0.25343585,-0.06506824,-0.24857217,-0.17441402,0.11251706,0.20755804
24.626811465810288,35.05797113185407,83.9315,12355200.066947937,72.3381,-1.9899002e-05,2.0541165e-05,-0.058027953,-0.37267494,0.32374582,0.08641155,0.20605677,-0.016190773,-0.14223644,-0.13434967,0.11166218,0.1746948
24.068840433535758,35.17753635462667,82.62194,15724800.484085083,72.35114,5.073711e-05,3.725778e-05,-0.14170721,0.27541265,0.17440897,-0.13591164,-0.16729215,0.17109072,-0.006563965,0.05790235,0.056786343,0.08110099
24.514492864338745,35.152173737341,77.98083,16329599.49016571,72.186966,0.0022722622,0.0019181133,0.21492353,-1.2386088,0.052809,0.1660647,-0.094210975,-0.52432394,-0.39931226,-0.15950525,0.034373894,0.16316706
24.202898613755877,35.17753635462667,82.22561,14774400.478935242,72.779366,0.00014915079,1.4829415e-05,-0.16231978,0.5760462,0.16194272,0.04845684,0.015186157,0.3393734,0.20380154,0.10973625,0.046087146,0.119021304
24.202898613755877,35.17753635462667,82.22561,86400.00124722719,73.31213,0.0002661397,0.00016936568,0.07835327,-0.28017777,0.34087777,-0.24204198,-0.33052042,-0.24439152,0.022951618,-0.11207802,0.14099333,0.18011273
24.2137679164399,35.101449394680465,78.1842,1036799.9806880951,73.14417,-0.005889875,-0.008510207,0.21527994,-0.145153,0.7301004,-0.3464611,0.21640477,0.22914866,-0.007776458,-0.029950172,0.19063763,0.19297595
24.626811465810288,35.05797113185407,83.9315,691200.0099778175,71.578964,-7.6070346e-06,4.1421242e-07,0.08258715,0.103662714,0.065476395,0.27456135,0.3008654,0.014022883,-0.16583014,0.09938806,0.07469335,0.12432652
24.471014503837736,35.137681214861566,84.09494,432000.01480579376,72.030426,-8.355754e-06,-1.4561669e-05,-0.122025765,-0.8826816,0.7020386,-0.04353667,-0.3747773,-0.13031864,0.18865007,-0.10322119,0.08605316,0.13438661
24.373188349496587,35.09782609021359,73.044136,7257600.139045715,73.20229,-0.18840179,0.801289,0.11172853,0.83988464,0.7462177,0.15561555,-0.05645089,0.10809556,0.11638418,0.11838004,0.099090815,0.15437883
24.35507260113369,35.04710138474188,76.478294,12527999.469566345,72.89527,0.036774,0.03307697,0.02910093,0.5231954,0.5542362,-0.25163645,0.08646269,-0.09182109,0.07284431,0.11269891,0.12808685,0.17060858
24.40217392316393,35.07246365433351,77.73675,15983999.588012695,72.45722,0.0061826133,-0.0048878323,0.18977895,-0.21515234,0.1734541,0.0056689307,-0.15090412,-0.19546929,-0.14950109,-0.017757617,0.045819223,0.049139943
24.507246418659868,35.018115659512056,74.98295,14342399.778556824,73.692764,-0.29478133,-0.30174118,0.48993337,0.498081,-0.27687898,-0.050652273,0.36535814,-0.47152176,-0.12097145,0.14505579,-0.07490982,0.16325644
24.268116089179838,35.07971042955572,81.07262,4406400.123596191,72.336365,-0.00014217173,0.0003130842,0.1803726,-0.7185072,0.25071642,-0.40946174,-0.117859684,-0.111193836,0.1585547,-0.12504362,0.053417522,0.13597551
24.623188347494935,34.98550731008629,86.27349,6825599.987125397,71.55397,-1.00219e-06,-1.3000815e-06,0.038504153,0.7535075,0.7386093,0.18175156,0.20474356,0.14824112,0.1710541,0.13203849,0.13888963,0.19163635
24.423912946628306,35.16304383214723,83.815254,2505600.113296509,72.37672,-1.6733859e-05,-6.957837e-06,-0.071346514,-0.33878377,0.64685315,-0.052339517,-0.15228185,0.017218966,0.45157778,-0.1558539,0.25442216,0.29836398
24.152173912100075,34.942029039701325,85.189964,8121599.894428253,72.80977,-2.6824785e-06,-5.372877e-06,-0.32824337,-1.545149,-0.23630013,0.4507688,-0.28772435,-0.5083616,0.10068508,-0.19660711,-0.03128256,0.19908027
