x,y,z,t,u_pred,v_pred,Z0
24.271739312019278,35.0833337340226,74.97577,9244799.850654602,0.015455166,-0.005645274,73.01353
24.340579657513896,35.072464168316,77.031204,18316800.298690796,-0.00037762895,-0.013784673,73.35458
24.365941903817713,35.11594190204278,77.940506,9676799.454116821,0.0036838073,-0.0025378922,73.08407
24.340579735906957,35.22101461745307,78.71513,7084800.187969208,-0.0028174818,-0.013345594,73.02671
24.278985653174068,35.159420527680346,80.15937,10886399.660110474,0.017675366,-0.009877149,72.9722
24.619565229179578,35.18478278215484,82.255135,8208000.144195557,0.00785565,-0.014693787,71.769066
24.409420264318722,35.137681214861566,85.684586,8899199.948501587,0.0027498957,-0.0025908286,72.884575
24.275362351941567,35.02173896397893,79.32639,4060799.9472141266,-0.028053872,-0.0093279,72.68267
24.35507260113369,35.04710138474188,76.478294,9590399.752807617,0.010917565,-0.0024933582,73.38895
24.52536253285706,35.05797113185407,79.99595,13564800.27294159,0.01411435,-0.015071811,72.08792
24.242753659958876,34.931159481553294,83.59315,13046399.871253967,0.019242136,-0.0020243563,72.37451
24.358695745580064,35.14492749121842,79.46463,10540799.757957458,0.013048753,-0.007761525,72.77415
24.53985505838052,35.14492730981283,78.72631,13391999.773406982,0.023146242,-0.009087691,72.30836
24.62318819070881,35.09782625650204,81.14894,12873600.46863556,0.012207698,-0.013226181,71.893616
24.51086948471318,35.141304337922854,75.965324,13219200.370788574,0.021399265,-0.008591408,73.032394
24.782608845879178,35.07246365433351,80.82854,17452799.99485016,-0.0048105083,0.010459221,71.62789
24.003623304347823,35.192029209683014,80.788605,2505600.113296509,-0.045277037,-0.04983092,72.407524
24.623188347494935,34.98550731008629,86.27349,8639999.747657776,0.008692175,0.0029175454,72.13145
24.62318819070881,35.09782625650204,81.14894,7084800.187969208,-0.019030046,0.008272691,71.78233
24.242753659958876,34.931159481553294,83.59315,15465600.283241272,0.0011372268,-0.015664142,72.22827
24.242753659958876,34.931159481553294,83.59315,13737599.675559998,0.017466703,-0.004132336,72.35828
24.358695745580064,35.14492749121842,79.46463,13046399.871253967,0.019202538,-0.0029593008,72.4948
24.15217408195171,35.09782609021359,90.079155,1296000.0444173813,0.00897067,-0.015070906,73.34362
24.134057993885538,35.130434787333385,80.741425,432000.01480579376,-0.033200644,-0.020672975,73.117096
24.409420185925658,35.126811301460926,78.58091,9590399.752807617,0.016893635,0.00033433177,72.87312
24.068840433535758,35.050724689208764,75.1399,1123200.0247836113,-0.008333873,-0.01612945,72.79106
24.268116089179838,35.07971042955572,81.07262,5615999.781131744,-0.019005891,-0.008466009,72.80545
24.264492787947336,35.06521739309379,75.914215,2678400.0643730164,-0.013258692,-0.016674941,73.23066
24.51086948471318,35.141304337922854,75.965324,5529600.07982254,-0.017192297,0.0021499898,73.690704
24.641304357168043,34.938405387540406,81.3883,2159999.936914444,-0.0027830899,-0.011008084,72.97915
24.442029139218562,35.043478080275,76.86345,5356800.128746033,-0.015562598,-0.0023876708,72.997055
24.579710091518006,35.06884069756067,84.24473,4406400.123596191,-0.022306144,0.0012601824,72.38965
24.521739153231497,35.18115965909355,80.50853,6307200.133895874,-0.003948033,-0.016165223,72.23742
24.782608845879178,35.07246365433351,80.82854,14601599.979400635,0.014130566,-0.0033894042,71.365685
24.271739312019278,35.0833337340226,74.97577,4060799.9472141266,-0.023079682,-0.0019280501,73.199745
24.40579730278949,34.98550712868071,82.545616,10540799.757957458,0.012509903,-0.026723081,72.21777
24.409420342711783,35.02898555779556,73.23672,2851200.015449524,-0.0154527165,-0.0059533147,73.265465
24.85869584610084,35.31159408476158,76.05999,12787199.670410156,0.025287334,-0.013233492,72.414215
24.264492787947336,35.06521739309379,75.914215,10972800.458335876,0.015508791,-0.0056639966,72.93571
24.134057993885538,35.130434787333385,80.741425,10627199.459266663,0.016970308,-0.0070735635,73.50879
24.55072462237475,35.07608730649443,88.70044,9935999.654960632,0.013303006,-0.009717191,72.4027
24.268116089179838,35.07971042955572,81.07262,15724800.484085083,0.009951299,-0.016759152,72.26956
24.351449221508126,35.36231895652174,77.53338,15206400.082397461,0.022391865,-0.022190358,73.00962
24.369565205050215,35.10507235145331,81.59638,777599.9855160713,-0.014093354,-0.0052511953,72.580574
24.171296292717127,35.10648163098043,78.049835,17884799.598312378,0.0026849154,-0.0137954,72.49669
24.528985389862203,35.079710263267266,73.800804,10799999.95880127,0.016972648,-0.012261668,73.596115
24.728260869121893,35.15579704180788,79.23173,13910400.175094604,0.024772711,-0.00936312,71.98708
24.40217392316393,35.07246365433351,77.73675,6134400.182819366,-0.013541561,-0.007878035,72.87051
24.171296292717127,35.10648163098043,78.049835,4319999.873828888,-0.02941864,-0.014135277,73.251595
24.586956589458925,35.03623181903528,81.050644,16243199.788856506,0.0068007708,-0.025311494,71.775826
24.409420185925658,35.126811301460926,78.58091,13391999.773406982,0.019469036,-0.0021372298,72.432045
24.17028990870767,35.119565206509655,75.23819,2937599.9909877777,-0.04122947,-0.025222944,72.78335
24.57608686867857,35.22463755910878,78.28966,6566399.786281586,-0.010138672,0.003107742,72.613205
24.728260869121893,35.15579704180788,79.23173,5875199.981975555,-0.019417882,0.0066321804,72.10425
24.55072462237475,35.07608730649443,88.70044,7171199.889278412,0.013762953,-0.005512925,72.53804
24.171296292717127,35.10648163098043,78.049835,6134400.182819366,-0.017899182,-0.013012899,73.514465
24.514492864338745,35.152173737341,77.98083,14774400.478935242,0.019890845,-0.011487922,72.54061
24.655797039477626,35.09782643790763,82.953125,11231999.562263489,0.014110051,-0.017642638,71.80124
24.286231733018653,35.16304365074164,82.86601,9590399.752807617,0.022822428,-0.004072137,73.175934
24.32608705359737,35.05434782738719,80.59564,5011200.226593018,-0.013988804,-0.01942836,72.51432
24.369565205050215,35.10507235145331,81.59638,8553600.046348572,0.008777566,-0.0036460496,72.75294
24.586956589458925,35.03623181903528,81.050644,1209599.9317646027,-0.00725282,0.007186967,72.349174
24.655797039477626,35.09782643790763,82.953125,10195199.855804443,0.013374615,-0.011206429,71.73151
24.55072462237475,35.07608730649443,88.70044,6825599.987125397,0.013652554,-0.006651098,72.513596
24.17028990870767,35.119565206509655,75.23819,14169600.375938416,0.01565519,-0.007058899,72.27222
24.52536253285706,35.05797113185407,79.99595,7430400.090122223,0.0008139983,-0.011351386,72.17592
24.46739112421217,35.10507235145331,77.031204,5356800.128746033,-0.008887041,-0.012565494,73.12588
24.525362323808892,35.01449270273921,80.76379,14774400.478935242,0.014493965,-0.019432433,71.85733
24.471014503837736,35.137681214861566,84.09494,6998399.938201904,-0.01842548,0.0050488673,72.41582
24.641304357168043,34.938405387540406,81.3883,13651199.974250793,0.017266244,-0.028877204,71.25411
24.235507135886934,35.09782643790763,86.62735,12441599.768257141,0.018373746,-0.0210573,73.03397
24.62318819070881,35.09782625650204,81.14894,5702400.030899048,-0.024425596,0.0024427506,71.94895
24.677536062942007,35.07971042955572,84.775665,12614400.267791748,0.0070196614,-0.018632889,71.62572
24.373188349496587,35.09782609021359,73.044136,1814400.0347614288,-0.015079066,0.0055128327,73.16826
24.51086948471318,35.141304337922854,75.965324,3974399.971675873,-0.01558372,-0.0065960186,73.64145
24.282608510179216,35.10869565592019,73.044136,7430400.090122223,-0.02308466,-0.0027679764,72.755035
24.75362311542571,35.148550251468535,82.31272,10886399.660110474,0.008842915,-0.011512173,71.70395
24.369565205050215,35.10507235145331,81.59638,18403200.0,0.0055029355,-0.025070442,72.44892
24.521739153231497,35.18115965909355,80.50853,1036799.9806880951,0.0008918084,-0.009984231,72.14625
24.340579735906957,35.22101461745307,78.71513,11059200.15964508,0.020169366,-0.016303893,73.01464
24.242753659958876,34.931159481553294,83.59315,15292799.783706665,0.0024933629,-0.0147317145,72.2395
24.275362351941567,35.02173896397893,79.32639,7689599.742507935,-0.012233347,-0.006931739,73.11165
24.75362311542571,35.148550251468535,82.31272,8726399.99742508,-0.0067553893,0.010219693,71.4797
24.068840433535758,35.17753635462667,82.62194,12700799.969100952,0.029392764,-0.018308595,73.31867
24.152173912100075,34.942029039701325,85.189964,7948799.943351746,-0.01588763,0.007676175,72.36871
24.822463669968496,35.11956556932083,79.471794,15551999.984550476,0.02069199,-0.020194083,71.80598
24.782608584568965,35.06521774078783,85.492004,11491199.7631073,0.013341451,-0.022205964,71.34745
24.40217392316393,35.07246365433351,77.73675,12095999.866104126,0.015561691,-0.0037183706,72.87791
24.40217392316393,35.07246365433351,77.73675,18143999.79915619,-0.009570815,0.0029864889,73.34668
24.336956356281394,35.12681217825459,78.56935,4060799.9472141266,-0.020507753,-0.00015991088,73.05315
24.85869584610084,35.31159408476158,76.05999,6998399.938201904,-0.018142432,0.015605231,71.60048
24.278985653174068,35.159420527680346,80.15937,12873600.46863556,0.020373408,-0.0066210786,72.71379
24.32608705359737,35.05434782738719,80.59564,8639999.747657776,0.00761679,-0.014689645,72.90172
24.731883987437246,34.999999998854186,80.17734,12095999.866104126,0.007768661,-0.020881824,71.3671
24.171296292717127,35.10648163098043,78.049835,15292799.783706665,0.0112040285,-0.014144205,72.320625
24.60144921950647,34.9456523441682,85.40489,7775999.992275238,-0.019660283,0.0125157,72.08139
24.068840433535758,35.050724689208764,75.1399,16416000.288391113,0.009514296,-0.031285137,72.341
24.641304357168043,34.938405387540406,81.3883,16847999.891853333,0.0028810017,-0.029604254,71.45751
24.659420157792983,35.13768139626715,82.9603,4924799.976825714,-0.023431998,0.012432716,71.80884
24.62318819070881,35.09782625650204,81.14894,7257600.139045715,-0.017952051,0.009027612,71.7684
24.782608584568965,35.06521774078783,85.492004,4838399.727058411,-0.021881707,0.005739362,72.13616
24.24275355543479,35.275361916886446,83.709785,14083199.577713013,0.025348024,-0.02442429,72.34812
24.62318819070881,35.09782625650204,81.14894,3023999.9665260315,-0.016814414,0.0022317292,72.020744
24.40217392316393,35.07246365433351,77.73675,5875199.981975555,-0.014388107,-0.009995166,72.85897
24.15942034471344,35.02536261613985,84.04098,2764800.03991127,-0.018627036,-0.011774588,72.95937
24.731883987437246,34.999999998854186,80.17734,11491199.7631073,0.0074034203,-0.02255177,71.3725
24.659420157792983,35.13768139626715,82.9603,3887999.996137619,-0.023651846,0.00968711,71.87001
24.268116089179838,35.07971042955572,81.07262,17020800.39138794,0.0063900147,-0.017329149,72.23968
24.141304256647267,35.05072417522627,80.839714,1209599.9317646027,-0.018195014,-0.009389259,73.09226
24.278985574781007,35.18478260074926,85.36457,16156800.087547302,0.010725295,-0.01911875,71.7947
24.60144921950647,34.9456523441682,85.40489,13824000.4737854,0.026252864,-0.02364487,71.778305
24.06159400092239,35.235507653915,77.223785,4752000.025749207,-0.04259774,-0.047585912,73.118515
24.52536253285706,35.05797113185407,79.99595,5270399.878978729,-0.017237399,-0.0037984047,72.26234
24.373188532413735,34.85507217391305,83.68782,13651199.974250793,0.015678022,-0.032747626,71.239624
24.32608705359737,35.05434782738719,80.59564,11145599.860954285,0.015697608,-0.015065957,72.75826
24.3913043591697,35.05434799367564,86.750465,5184000.177669525,-0.029466212,0.0003867047,73.20795
24.49275373635028,35.04710138474188,79.64641,16329599.49016571,0.002059441,-0.018454375,72.51313
24.57246390714934,35.13405809180027,82.83649,11577599.464416504,0.01444103,-0.013350636,71.95104
24.655797039477626,35.09782643790763,82.953125,864000.0296115875,0.0049902406,0.0020589777,72.10493
24.3913043591697,35.05434799367564,86.750465,9849599.953651428,0.0147925485,-0.00075598434,72.832054
24.271739312019278,35.0833337340226,74.97577,10022400.453186035,0.0147107225,-0.009910971,72.96235
24.49275373635028,35.04710138474188,79.64641,345600.00498890877,0.0054134,0.005583383,72.255775
24.619565229179578,35.18478278215484,82.255135,16847999.891853333,0.0055811666,-0.014724314,72.28584
24.655797039477626,35.09782643790763,82.953125,15983999.588012695,0.008492084,-0.016764132,71.65952
24.340579657513896,35.072464168316,77.031204,10627199.459266663,0.01113851,-0.00621669,73.14803
24.43478277193275,35.06521686399416,78.38795,11059200.15964508,0.013172112,-0.0028805947,72.79013
24.32608705359737,35.05434782738719,80.59564,10022400.453186035,0.0154233575,-0.015391296,72.92131
24.264492787947336,35.06521739309379,75.914215,7516799.791431427,-0.0069878884,0.011418836,73.37393
24.521739153231497,35.18115965909355,80.50853,4838399.727058411,-0.012163859,-0.013445776,72.15103
24.340579657513896,35.072464168316,77.031204,5702400.030899048,-0.019626867,-0.015577156,73.26761
24.57608686867857,35.22463755910878,78.28966,12960000.169944763,0.02534929,-0.002556161,72.016785
24.822463669968496,35.11956556932083,79.471794,864000.0296115875,-0.015869435,0.014163643,72.584915
24.514492864338745,35.152173737341,77.98083,7343999.840354919,-0.0064159706,0.0029413975,72.62439
24.17028990870767,35.119565206509655,75.23819,12527999.469566345,0.019488025,-0.0035458514,72.358665
24.800724541980035,35.0326085145684,80.91604,17279999.49531555,-0.0050192103,-0.0032822192,71.35988
24.358695745580064,35.14492749121842,79.46463,3715200.0450611115,-0.01956309,-0.004954748,72.97471
24.5036234048686,34.94565269942081,84.86278,1728000.059223175,-0.003770277,-0.00040558074,72.55325
24.409420342711783,35.02898555779556,73.23672,15551999.984550476,0.0023532696,-0.019538797,73.20972
24.579710091518006,35.06884069756067,84.24473,6998399.938201904,-0.015178088,0.0055060405,72.143
24.409420342711783,35.02898555779556,73.23672,17971200.39653778,-0.008978624,-0.022071822,73.5646
24.52536253285706,35.05797113185407,79.99595,15033599.582862854,0.013386022,-0.014792638,72.23613
24.271739312019278,35.0833337340226,74.97577,3456000.11844635,-0.023789573,-0.0008071717,73.20545
24.43478277193275,35.06521686399416,78.38795,9071999.899578094,0.0054162405,-0.0015653782,72.83017
24.60144921950647,34.9456523441682,85.40489,17366400.293540955,0.0049958546,-0.017305048,71.24007
24.40217392316393,35.07246365433351,77.73675,3110399.9420642853,-0.0126597285,-0.012877533,72.77535
24.373188532413735,34.85507217391305,83.68782,4838399.727058411,-0.024113245,-0.01086428,71.86505
24.278985574781007,35.18478260074926,85.36457,8985600.19826889,0.013471628,-0.0069307853,73.126755
24.782608584568965,35.06521774078783,85.492004,15120000.381088257,0.0209133,-0.015425786,71.695496
24.626811465810288,35.05797113185407,83.9315,3283199.893140793,-0.015816037,0.005172438,72.43691
24.43478277193275,35.06521686399416,78.38795,16243199.788856506,0.006926555,-0.0094841495,72.97778
24.278985574781007,35.18478260074926,85.36457,9158400.149345398,0.016533809,-0.0073882435,73.147
24.55072462237475,35.07608730649443,88.70044,10368000.35533905,0.013499638,-0.0111739095,72.36435
24.503623143558386,34.916666955294566,80.479385,15897599.886703491,0.0034102164,-0.008020164,71.5221
24.880434869565217,35.11594208344836,73.60822,12527999.469566345,0.026719961,-0.01319493,73.593475
24.358695745580064,35.14492749121842,79.46463,5529600.07982254,-0.020130586,-0.0004816437,72.926445
24.365941903817713,35.11594190204278,77.940506,18403200.0,0.0010713786,-0.008929227,72.909744
24.423912946628306,35.13405791039468,84.735344,518399.99034404755,-0.017889451,0.014812397,72.04488
24.43478251062254,35.050724689208764,81.254395,3110399.9420642853,-0.0095844045,-0.01646722,72.17355
24.409420185925658,35.126811301460926,78.58091,2764800.03991127,-0.015218105,-0.009678856,72.78689
24.409420342711783,35.02898555779556,73.23672,12527999.469566345,0.019086316,-0.005998376,73.19686
24.525362323808892,35.01449270273921,80.76379,8294399.845504761,-0.011550628,0.013097102,71.98279
24.15942034471344,35.02536261613985,84.04098,4406400.123596191,-0.02070744,-0.0076947957,72.94899
24.85869584610084,35.31159408476158,76.05999,0.0,0.009984339,0.02078628,72.205536
24.33695651306752,35.26449269887389,75.24537,15206400.082397461,0.029210664,-0.016947567,72.22665
24.271739312019278,35.0833337340226,74.97577,5875199.981975555,-0.02104779,-0.00906474,73.24733
24.655797039477626,35.09782643790763,82.953125,6480000.084972382,-0.0073179305,0.0011478513,71.68268
24.293478074173446,35.130434424522214,78.52256,432000.01480579376,-0.024243727,-0.015398048,73.32383
24.409420342711783,35.02898555779556,73.23672,16416000.288391113,0.003766276,-0.019768942,73.23925
24.442029139218562,35.043478080275,76.86345,2332799.8879909515,-0.010393739,-0.0049476884,72.807625
24.134057993885538,35.130434787333385,80.741425,691200.0099778175,-0.03128896,-0.02258792,73.09507
24.33695651306752,35.26449269887389,75.24537,4492800.099134445,-0.07348829,-0.044326223,74.584564
24.655797039477626,35.09782643790763,82.953125,7257600.139045715,-0.0038526654,-0.00686248,71.60476
24.60144921950647,34.9456523441682,85.40489,11145599.860954285,0.023529513,-0.021283027,71.73537
24.3985509616347,35.079710263267266,82.39983,13564800.27294159,0.021266941,-0.010893645,72.27258
24.35507260113369,35.04710138474188,76.478294,8639999.747657776,0.004414441,-0.0031355023,73.445335
24.171296292717127,35.10648163098043,78.049835,14515200.27809143,0.01568238,-0.01271734,72.49301
24.286231733018653,35.16304365074164,82.86601,14687999.680709839,0.020305522,-0.017814942,72.26807
24.800724541980035,35.0326085145684,80.91604,12873600.46863556,0.024322564,0.004230318,71.204605
24.572463802625258,35.028985391507106,77.31845,8985600.19826889,0.0067176186,0.0031656954,73.3223
24.53985505838052,35.14492730981283,78.72631,15206400.082397461,0.0147538,-0.01744556,72.45578
24.619565229179578,35.18478278215484,82.255135,10281599.557113647,0.015930489,-0.012663038,71.86009
24.3913043591697,35.05434799367564,86.750465,11664000.262641907,0.018443659,-0.009859553,72.798
24.40579722439643,35.07608730649443,81.130585,8380800.095272064,0.014079442,-0.0005334802,72.58938
24.275362351941567,35.02173896397893,79.32639,1036799.9806880951,-0.029021546,-0.018716117,72.37374
24.286231733018653,35.16304365074164,82.86601,11059200.15964508,0.021626273,-0.012952065,73.093834
24.271739312019278,35.0833337340226,74.97577,12182399.56741333,0.015593981,-0.0090675205,72.85004
24.271739312019278,35.0833337340226,74.97577,8639999.747657776,0.009997057,-0.005034852,73.06812
24.286231733018653,35.16304365074164,82.86601,5788799.732208252,0.0011775792,-0.013221083,72.59748
24.623188347494935,34.98550731008629,86.27349,11318400.360488892,0.02912678,-0.0184939,71.89363
24.134057993885538,35.130434787333385,80.741425,5702400.030899048,-0.028676018,-0.006538703,73.66945
24.655797039477626,35.09782643790763,82.953125,1814400.0347614288,-0.0073769353,-0.0036890283,72.11166
24.782608845879178,35.07246365433351,80.82854,5702400.030899048,-0.017104473,0.0058028838,71.57908
24.528985389862203,35.079710263267266,73.800804,14083199.577713013,0.020734437,-0.014715653,73.40549
24.5036234048686,34.94565269942081,84.86278,18403200.0,-0.0012065098,-0.028832914,71.402214
24.40217392316393,35.07246365433351,77.73675,16761600.190544128,-0.001222983,-0.0032948172,73.1051
24.579710091518006,35.06884069756067,84.24473,11491199.7631073,0.017818494,-0.016416185,72.03412
24.442029139218562,35.043478080275,76.86345,14774400.478935242,0.014426222,-0.01084552,73.216415
24.49275373635028,34.95652190987481,78.13308,12182399.56741333,0.00838965,-0.0064755436,72.599014
24.282608510179216,35.10869565592019,73.044136,17625600.494384766,0.010044767,-0.025824936,73.1653
24.619565229179578,35.18478278215484,82.255135,10886399.660110474,0.015081786,-0.013911979,71.88521
24.365941903817713,35.11594190204278,77.940506,5788799.732208252,-0.024351351,-0.010351468,73.07777
24.336956356281394,35.12681217825459,78.56935,2505600.113296509,-0.017111458,-0.0059478115,73.01172
24.003623304347823,35.192029209683014,80.788605,17193599.794006348,0.011155166,-0.025872434,71.88994
24.782608845879178,35.07246365433351,80.82854,16416000.288391113,0.007720202,0.0008124248,71.538445
24.579710091518006,35.06884069756067,84.24473,14515200.27809143,0.014622418,-0.011099039,71.84063
24.40217392316393,35.07246365433351,77.73675,1555199.9710321426,0.0007878803,-0.0065879775,72.82362
24.278985574781007,35.18478260074926,85.36457,12787199.670410156,0.02635012,-0.018243965,72.9415
24.2137679164399,35.101449394680465,78.1842,4838399.727058411,-0.013157491,-0.018222347,73.305305
24.282608510179216,35.10869565592019,73.044136,3974399.971675873,-0.029225528,-0.014401622,73.28426
24.731884091961334,34.88405773852335,82.62194,3283199.893140793,-0.012398161,-0.0030217785,72.76332
24.572463802625258,35.028985391507106,77.31845,345600.00498890877,0.012864059,-0.00013065152,72.62896
24.72463775080654,35.097825908808005,83.506035,4924799.976825714,-0.014398932,0.0032707946,71.902084
24.518115930392057,35.170290078269815,76.7112,11491199.7631073,0.018563716,-0.010992918,72.6982
24.60144921950647,34.9456523441682,85.40489,1641599.9465703964,0.0022243075,0.0068730554,72.82083
24.351449221508126,35.36231895652174,77.53338,7862400.2420425415,0.028043872,0.005115045,72.995476
24.068840433535758,35.17753635462667,82.62194,9417600.350189209,0.020047247,-0.02703715,73.695114
24.33695651306752,35.26449269887389,75.24537,4233599.898290634,-0.07995234,-0.04770638,74.490005
24.358695745580064,35.14492749121842,79.46463,9676799.454116821,0.012607027,-0.000627893,72.901566
24.340579657513896,35.072464168316,77.031204,5875199.981975555,-0.01908864,-0.015308782,73.27043
24.16304339770124,35.14130418675153,77.183464,1900800.0102996826,-0.044869192,-0.054838836,72.830246
24.40579722439643,35.07608730649443,81.130585,13478399.474716187,0.020388762,-0.012427706,72.347885
24.409420342711783,35.02898555779556,73.23672,17798399.897003174,-0.005692333,-0.02170256,73.51372
24.442029139218562,35.043478080275,76.86345,9504000.051498413,-0.0050358586,-0.012373773,73.287025
24.822463669968496,35.11956556932083,79.471794,3542400.093984604,-0.017865691,0.010505432,71.99828
24.43478277193275,35.06521686399416,78.38795,11836799.665260315,0.013923176,-0.0023624552,72.7515
24.608695560661264,35.210145036629335,80.071884,1641599.9465703964,-0.02395393,-0.002918046,71.89022
24.423912946628306,35.16304383214723,83.815254,3801600.0205993652,-0.019681394,-0.0012397701,71.9636
24.275362351941567,35.02173896397893,79.32639,4752000.025749207,-0.025371823,-0.011944573,72.76278
24.85869584610084,35.31159408476158,76.05999,13564800.27294159,0.025574977,-0.014280604,72.778915
24.068840433535758,35.17753635462667,82.62194,2592000.0888347626,-0.024998888,-0.025905723,72.543175
24.47463793572534,35.15579704180788,74.131996,13651199.974250793,0.01845657,-0.014795501,73.04795
24.481884276880134,35.21376834109622,79.042,7171199.889278412,-0.018038094,0.004923161,72.639244
24.15942034471344,35.02536261613985,84.04098,10195199.855804443,0.015176656,-0.009874012,72.73208
24.503623143558386,34.916666955294566,80.479385,17625600.494384766,-0.009013973,0.008619744,71.63552
24.340579735906957,35.22101461745307,78.71513,15379199.48501587,0.019595336,-0.013522951,72.161125
24.275362351941567,35.02173896397893,79.32639,3456000.11844635,-0.02886904,-0.009176496,72.59632
24.49275373635028,35.04710138474188,79.64641,10368000.35533905,0.011750206,-0.004701348,72.36579
24.3985509616347,35.079710263267266,82.39983,259199.99517202377,0.0040113833,-0.010972433,72.22428
24.423912946628306,35.13405791039468,84.735344,9935999.654960632,0.0121826865,-0.014014605,72.851845
24.358695745580064,35.14492749121842,79.46463,11664000.262641907,0.015948445,-0.009034395,72.6374
24.655797039477626,35.09782643790763,82.953125,11404800.061798096,0.014522914,-0.018580997,71.807365
24.800724541980035,35.0326085145684,80.91604,1382400.019955635,0.0034061354,0.00090982066,73.09294
24.373188349496587,35.09782609021359,73.044136,2246400.0495672226,-0.011583649,0.007906811,73.14999
24.15942034471344,35.02536261613985,84.04098,14860800.180244446,0.014856642,-0.021666154,72.41347
24.271739312019278,35.0833337340226,74.97577,4233599.898290634,-0.022923727,-0.0025200471,73.20001
24.423912946628306,35.13405791039468,84.735344,16329599.49016571,0.0058363304,-0.016182233,72.13244
24.49275373635028,34.95652190987481,78.13308,17884799.598312378,-0.006035492,-0.010159664,73.0244
24.586956589458925,35.03623181903528,81.050644,14947199.88155365,0.013359021,-0.018700732,71.710266
24.32608705359737,35.05434782738719,80.59564,15292799.783706665,0.016497308,-0.014249453,72.486435
24.134057993885538,35.130434787333385,80.741425,5875199.981975555,-0.027979005,-0.006596664,73.7082
24.2137679164399,35.101449394680465,78.1842,12182399.56741333,0.016312249,-0.016932214,73.009705
24.068840433535758,35.17753635462667,82.62194,15033599.582862854,0.029030317,-0.015984463,72.62086
24.528985389862203,35.079710263267266,73.800804,11664000.262641907,0.016369658,-0.014929464,73.47206
24.43478251062254,35.050724689208764,81.254395,13737599.675559998,0.01917053,-0.014945056,72.14771
24.423912946628306,35.16304383214723,83.815254,2419199.8635292053,-0.02374785,-0.0053211646,71.90511
24.655797039477626,35.09782643790763,82.953125,7862400.2420425415,-0.0019092113,-0.009811727,71.59934
24.351449221508126,35.36231895652174,77.53338,6652800.036048889,0.012463277,0.00020572264,72.735535
24.46739112421217,35.10507235145331,77.031204,10195199.855804443,0.013885239,-0.004472821,72.94098
24.17028990870767,35.119565206509655,75.23819,15120000.381088257,0.011505136,-0.01290784,72.29523
24.731884091961334,34.88405773852335,82.62194,10454400.056648254,0.016661761,-0.017460823,70.80088
24.528985389862203,35.079710263267266,73.800804,14515200.27809143,0.019305374,-0.015965594,73.44434
24.268116089179838,35.07971042955572,81.07262,7775999.992275238,-0.008627057,-0.006055969,73.10008
24.423912946628306,35.13405791039468,84.735344,10713600.257492065,0.012523834,-0.016217692,72.86627
24.40579722439643,35.07608730649443,81.130585,9071999.899578094,0.014145916,-0.003927445,72.61315
24.40217392316393,35.07246365433351,77.73675,15724800.484085083,0.007227054,-0.0052992404,72.958
24.507246418659868,35.018115659512056,74.98295,16934399.593162537,0.00086102635,-0.015406564,74.23989
24.507246418659868,35.018115659512056,74.98295,8899199.948501587,0.009818202,0.005973545,73.833176
24.659420157792983,35.13768139626715,82.9603,6652800.036048889,-0.021466706,0.015241198,71.662476
24.152173912100075,34.942029039701325,85.189964,11059200.15964508,0.021542646,-0.013291702,72.332146
24.365941903817713,35.11594190204278,77.940506,5356800.128746033,-0.024538755,-0.010074802,73.082306
24.264492787947336,35.06521739309379,75.914215,4752000.025749207,-0.01682812,-0.0053849826,73.238174
24.264492787947336,35.06521739309379,75.914215,16847999.891853333,0.0047587343,-0.018702066,73.18393
24.49275373635028,34.95652190987481,78.13308,14601599.979400635,0.011798935,0.00897159,72.76077
24.068840433535758,35.050724689208764,75.1399,777599.9855160713,-0.0054938532,-0.02055272,72.80531
24.264492787947336,35.06521739309379,75.914215,11145599.860954285,0.015478106,-0.0061735427,72.91147
24.503623143558386,34.916666955294566,80.479385,5875199.981975555,-0.02880869,-0.009629626,72.6578
24.55434784521419,35.039855304907746,78.730316,18403200.0,-0.000887122,-0.01756897,73.33155
24.336956356281394,35.12681217825459,78.56935,2419199.8635292053,-0.016725156,-0.0064837513,73.0116
24.518115930392057,35.170290078269815,76.7112,4060799.9472141266,-0.018670086,0.0028401408,73.55755
24.586956589458925,35.03623181903528,81.050644,15724800.484085083,0.009309463,-0.023064567,71.728935
24.60144921950647,34.9456523441682,85.40489,5615999.781131744,-0.01881972,0.015749108,72.19547
24.731884091961334,34.88405773852335,82.62194,6566399.786281586,-0.012477752,0.014290864,71.4223
24.623188347494935,34.98550731008629,86.27349,604799.9658823013,0.0102029815,-0.0032194667,73.09032
24.5036234048686,34.94565269942081,84.86278,3369599.8686790466,-0.017985098,-0.0099124685,72.20309
24.57608686867857,35.22463755910878,78.28966,17279999.49531555,0.0078271665,-0.022213219,72.42636
24.586956589458925,35.03623181903528,81.050644,3801600.0205993652,-0.004094757,-0.0094619915,72.36118
24.336956356281394,35.12681217825459,78.56935,16070400.386238098,-0.0011924766,0.0006422545,72.39015
24.351449221508126,35.36231895652174,77.53338,13996799.876403809,0.027033634,-0.013431637,72.84702
24.60144921950647,34.9456523441682,85.40489,1036799.9806880951,0.009500604,0.0063500255,72.96388
24.177536001617764,35.01449252133363,77.3516,9417600.350189209,0.011552146,-0.017117677,73.099976
24.06159400092239,35.235507653915,77.223785,10799999.95880127,0.032380708,-0.02966324,74.3567
24.579710091518006,35.06884069756067,84.24473,17539199.696159363,-0.009960029,0.0023538778,71.65724
24.423912946628306,35.13405791039468,84.735344,17884799.598312378,-0.0018720068,-0.012799712,71.96148
24.481884276880134,35.21376834109622,79.042,13996799.876403809,0.014901787,-0.005781072,71.91385
24.572463802625258,35.028985391507106,77.31845,12268800.365638733,0.011894638,-0.010760089,72.85167
24.16304339770124,35.14130418675153,77.183464,7775999.992275238,0.015943294,-0.02060402,73.4265
24.52536253285706,35.05797113185407,79.99595,4406400.123596191,-0.018743038,-0.0018624859,72.30164
24.5036234048686,34.94565269942081,84.86278,691200.0099778175,0.011517938,0.0105825765,72.80079
24.55072462237475,35.07608730649443,88.70044,17279999.49531555,0.009493699,-0.027653402,72.10719
24.728260869121893,35.15579704180788,79.23173,3369599.8686790466,-0.018994361,-0.0025512194,72.17935
24.373188349496587,35.09782609021359,73.044136,17020800.39138794,0.008086048,-0.03654629,72.87768
24.49275373635028,35.04710138474188,79.64641,18143999.79915619,-0.010006405,-0.008553231,72.92624
24.880434869565217,35.11594208344836,73.60822,15897599.886703491,0.024896622,-0.012620762,73.5873
24.40579730278949,34.98550712868071,82.545616,9331199.551963806,0.00712673,-0.020020485,72.35572
24.626811465810288,35.05797113185407,83.9315,15465600.283241272,0.017602732,-0.010446189,71.61373
24.800724541980035,35.0326085145684,80.91604,11231999.562263489,0.021552691,-0.0020219497,71.16264
24.068840433535758,35.050724689208764,75.1399,8899199.948501587,-0.0062630214,-0.011231771,72.740204
24.677536062942007,35.07971042955572,84.775665,10368000.35533905,0.012775434,-0.013106914,71.872696
24.46739112421217,35.10507235145331,77.031204,8208000.144195557,-0.0037287958,0.0091637205,73.03493
24.275362351941567,35.02173896397893,79.32639,10195199.855804443,0.021134902,-0.01194926,73.04984
24.43478277193275,35.06521686399416,78.38795,5788799.732208252,-0.016023729,-0.0059605185,72.62598
24.572463802625258,35.028985391507106,77.31845,17884799.598312378,-0.005632423,-0.0038119974,73.93011
24.60144921950647,34.9456523441682,85.40489,3542400.093984604,-0.01868099,0.014232876,72.52808
24.659420157792983,35.13768139626715,82.9603,11318400.360488892,0.016351447,-0.010160258,71.88043
24.271739312019278,35.0833337340226,74.97577,3887999.996137619,-0.023241695,-0.0014474196,73.20051
24.152173912100075,34.942029039701325,85.189964,518399.99034404755,-0.00081128627,-0.0014708927,72.327446
24.409420264318722,35.137681214861566,85.684586,4492800.099134445,-0.030367874,0.0031787301,72.50243
24.369565205050215,35.10507235145331,81.59638,5615999.781131744,-0.023012497,-0.003387874,72.495186
24.46739112421217,35.10507235145331,77.031204,17279999.49531555,0.007167004,-0.011393586,73.31289
24.53985505838052,35.14492730981283,78.72631,8380800.095272064,-0.0049409047,0.007830387,72.41689
24.423912946628306,35.16304383214723,83.815254,18316800.298690796,0.007278135,-0.018122885,72.187744
24.202898613755877,35.17753635462667,82.22561,9676799.454116821,0.01983188,-0.007952398,73.529434
24.271739312019278,35.0833337340226,74.97577,17366400.293540955,0.009647729,-0.022237673,73.21462
24.068840433535758,35.050724689208764,75.1399,1641599.9465703964,-0.01489507,-0.00972067,72.8114
24.423912946628306,35.16304383214723,83.815254,18403200.0,0.0070151854,-0.017885296,72.17288
24.521739153231497,35.18115965909355,80.50853,11231999.562263489,0.00816725,-0.005856259,72.109924
24.369565205050215,35.10507235145331,81.59638,14687999.680709839,0.017495818,-0.007528458,72.305885
24.373188532413735,34.85507217391305,83.68782,2678400.0643730164,-0.020366635,0.002427943,71.83471
24.40579722439643,35.07608730649443,81.130585,12527999.469566345,0.017773354,-0.013501244,72.38735
24.5036234048686,34.94565269942081,84.86278,15120000.381088257,0.016332787,-0.033177577,72.028206
24.293478074173446,35.130434424522214,78.52256,14428799.479866028,0.013553742,-0.0078546535,72.31326
24.40579730278949,34.98550712868071,82.545616,15206400.082397461,0.0051634833,-0.029872606,71.68872
24.152173912100075,34.942029039701325,85.189964,11404800.061798096,0.02339333,-0.012727244,72.30551
24.171296292717127,35.10648163098043,78.049835,10627199.459266663,0.015187701,-0.019929286,73.43516
24.003623304347823,35.192029209683014,80.788605,9676799.454116821,0.0266118,-0.008403445,74.52144
24.62318819070881,35.09782625650204,81.14894,8553600.046348572,-0.0051787756,0.012117852,71.725266
24.782608584568965,35.06521774078783,85.492004,5011200.226593018,-0.022157341,0.006138117,72.086105
24.75362311542571,35.148550251468535,82.31272,6566399.786281586,-0.033049352,0.017621256,71.44027
24.141304256647267,35.05072417522627,80.839714,12873600.46863556,0.022568628,-0.013462381,72.93566
24.202898613755877,35.17753635462667,82.22561,345600.00498890877,-0.04030045,-0.03656973,72.48311
24.06159400092239,35.235507653915,77.223785,13737599.675559998,0.0339447,-0.025243403,72.745605
24.619565229179578,35.18478278215484,82.255135,11059200.15964508,0.014794342,-0.014329003,71.897125
24.442029139218562,35.043478080275,76.86345,17798399.897003174,0.002445273,-0.01290554,73.71894
24.528985389862203,35.079710263267266,73.800804,13305600.072097778,0.02174065,-0.0132140145,73.37281
24.471014503837736,35.137681214861566,84.09494,12700799.969100952,0.009337818,-0.012206024,72.43865
24.55072462237475,35.07608730649443,88.70044,5011200.226593018,-0.009464949,-0.0146194305,72.52275
24.278985653174068,35.159420527680346,80.15937,2851200.015449524,-0.027676452,-0.012210606,72.95474
24.16304339770124,35.14130418675153,77.183464,10972800.458335876,0.01960088,-0.014688928,73.264145
24.409420185925658,35.126811301460926,78.58091,2159999.936914444,-0.010904402,-0.012423584,72.80537
24.152173912100075,34.942029039701325,85.189964,8380800.095272064,-0.008798402,0.007385516,72.47117
24.579710091518006,35.06884069756067,84.24473,12355200.066947937,0.01958244,-0.015911648,71.990074
24.40579722439643,35.07608730649443,81.130585,6134400.182819366,-0.0028791875,-0.0051142694,72.31996
24.3913043591697,35.05434799367564,86.750465,15551999.984550476,0.0113426335,-0.016564006,72.04896
24.340579735906957,35.22101461745307,78.71513,18403200.0,0.0042487215,-0.030086769,71.84103
24.358695745580064,35.14492749121842,79.46463,8467199.796581268,0.0009228289,0.009663302,72.97309
24.619565229179578,35.18478278215484,82.255135,8985600.19826889,0.011663204,-0.013994571,71.8587
24.423912946628306,35.16304383214723,83.815254,2764800.03991127,-0.022785913,-0.005136897,71.918976
24.293478074173446,35.130434424522214,78.52256,17539199.696159363,0.005900923,-0.01067269,72.36372
24.423912946628306,35.16304383214723,83.815254,3283199.893140793,-0.021235712,-0.003575,71.93896
24.659420157792983,35.13768139626715,82.9603,8899199.948501587,0.0016151294,0.00406239,71.72127
24.62318819070881,35.09782625650204,81.14894,11664000.262641907,0.008322474,-0.014930682,71.786476
24.60144921950647,34.9456523441682,85.40489,7862400.2420425415,-0.019423317,0.011758072,72.058304
24.358695745580064,35.14492749121842,79.46463,11059200.15964508,0.0136737265,-0.009524614,72.697945
24.351449221508126,35.36231895652174,77.53338,18143999.79915619,0.012681043,-0.03282488,73.66204
24.576087129988778,34.96376817111452,80.53768,7603200.0411987305,-0.010211796,-0.002418778,71.92115
24.409420185925658,35.126811301460926,78.58091,5443199.830055237,-0.020503204,-0.012762306,72.82489
24.177536001617764,35.01449252133363,77.3516,12441599.768257141,0.021015506,-0.021156365,72.76781
24.880434869565217,35.11594208344836,73.60822,15811200.185394287,0.025331555,-0.012717929,73.58755
24.586956589458925,35.03623181903528,81.050644,17798399.897003174,0.0025503635,-0.025069775,72.070946
24.242753659958876,34.931159481553294,83.59315,7689599.742507935,0.0077125467,0.011225649,72.275795
24.40579722439643,35.07608730649443,81.130585,6912000.2368927,0.0070560295,-0.007237849,72.36864
24.3913043591697,35.05434799367564,86.750465,2246400.0495672226,-0.026030265,-0.022727102,72.759094
24.409420264318722,35.137681214861566,85.684586,7689599.742507935,-0.011439584,0.011336378,72.7507
24.471014503837736,35.137681214861566,84.09494,12787199.670410156,0.009533603,-0.011918971,72.42944
24.57246390714934,35.13405809180027,82.83649,7257600.139045715,-0.01987696,0.0056417407,71.8771
24.409420264318722,35.137681214861566,85.684586,3801600.0205993652,-0.02870128,-0.001406284,72.42917
24.152173912100075,34.942029039701325,85.189964,12441599.768257141,0.025457585,-0.011025574,72.321556
24.40579730278949,34.98550712868071,82.545616,18057600.097846985,-0.003300678,-0.02201972,71.90206
24.409420342711783,35.02898555779556,73.23672,432000.01480579376,-0.0026035495,0.010079272,73.37253
24.5036234048686,34.94565269942081,84.86278,4752000.025749207,-0.019524317,-0.0020775655,72.23836
24.43478277193275,35.06521686399416,78.38795,1296000.0444173813,-0.008346103,-0.013513638,72.49468
24.24275355543479,35.275361916886446,83.709785,16934399.593162537,0.01438929,-0.029673932,70.76202
24.152173912100075,34.942029039701325,85.189964,18143999.79915619,-0.0074399933,-0.019741591,71.80169
24.32608705359737,35.05434782738719,80.59564,4579200.074672699,-0.014881197,-0.019471183,72.46407
24.576087129988778,34.96376817111452,80.53768,4665599.775981903,-0.022344675,0.0023482563,72.59253
24.731883987437246,34.999999998854186,80.17734,4233599.898290634,-0.016175471,0.0063350284,72.55358
24.264492787947336,35.06521739309379,75.914215,3196799.917602539,-0.013930436,-0.014501601,73.22375
24.53985505838052,35.14492730981283,78.72631,16502399.989700317,0.00934965,-0.02193231,72.63185
24.731883987437246,34.999999998854186,80.17734,13996799.876403809,0.017077284,-0.009558292,71.390366
24.278985574781007,35.18478260074926,85.36457,9676799.454116821,0.023019837,-0.009406632,73.202866
24.72463775080654,35.097825908808005,83.506035,5270399.878978729,-0.011581007,0.006291556,71.84311
24.507246627708035,35.15217355593542,72.15966,14342399.778556824,0.016786544,-0.005380406,72.17829
24.57608686867857,35.22463755910878,78.28966,18316800.298690796,0.0053464547,-0.022361707,72.69508
24.481884276880134,35.21376834109622,79.042,11404800.061798096,0.017583095,-0.0070459284,72.32888
24.782608584568965,35.06521774078783,85.492004,6912000.2368927,-0.025618754,4.4964254e-05,71.67941
24.731884091961334,34.88405773852335,82.62194,17798399.897003174,0.002274692,-0.0032870192,71.366196
24.365941903817713,35.11594190204278,77.940506,7516799.791431427,-0.01934119,-0.0058202054,73.03419
24.518115930392057,35.170290078269815,76.7112,2159999.936914444,-0.0153485015,-0.0014992263,73.53392
24.068840433535758,35.17753635462667,82.62194,13305600.072097778,0.030439122,-0.01597766,73.155846
24.623188347494935,34.98550731008629,86.27349,14860800.180244446,0.027102197,-0.025745535,71.822075
24.24275355543479,35.275361916886446,83.709785,7775999.992275238,-0.00069332495,0.0014986265,72.87222
24.40217392316393,35.07246365433351,77.73675,3542400.093984604,-0.013555463,-0.014093867,72.77409
24.369565205050215,35.10507235145331,81.59638,3715200.0450611115,-0.022479165,-0.00789017,72.55182
24.177536001617764,35.01449252133363,77.3516,11750399.96395111,0.019601947,-0.02098424,72.871155
24.85869584610084,35.31159408476158,76.05999,259199.99517202377,0.011592524,0.02043616,72.10109
24.40217392316393,35.07246365433351,77.73675,5788799.732208252,-0.014679514,-0.010607105,72.855354
24.369565205050215,35.10507235145331,81.59638,6998399.938201904,-0.010987703,-0.0053881966,72.60848
24.471014503837736,35.137681214861566,84.09494,6652800.036048889,-0.020474203,0.002539144,72.37287
24.409420264318722,35.137681214861566,85.684586,8380800.095272064,-0.003213998,0.0036975662,72.81937
24.782608584568965,35.06521774078783,85.492004,2246400.0495672226,-0.0047191456,0.0016894517,72.7001
24.728260869121893,35.15579704180788,79.23173,8035200.193119049,0.0054691546,0.011054867,71.92953
24.514492864338745,35.152173737341,77.98083,14601599.979400635,0.021397674,-0.010626016,72.53006
24.286231733018653,35.16304365074164,82.86601,11923200.463485718,0.022571875,-0.014729274,72.9204
24.608695560661264,35.210145036629335,80.071884,8726399.99742508,0.0047712103,0.012540511,72.116135
24.17028990870767,35.119565206509655,75.23819,7343999.840354919,-0.006556716,-0.0014783675,73.1263
24.141304256647267,35.05072417522627,80.839714,691200.0099778175,-0.017142162,-0.0044617197,73.048706
24.518115930392057,35.170290078269815,76.7112,1123200.0247836113,-0.014532249,0.0052590338,73.527435
24.16304339770124,35.14130418675153,77.183464,14860800.180244446,0.015320485,-0.010362737,72.34235
24.782608584568965,35.06521774078783,85.492004,6566399.786281586,-0.024878234,0.0020704232,71.73401
24.15217408195171,35.09782609021359,90.079155,18057600.097846985,0.007839667,-0.032011874,70.95074
24.264492787947336,35.06521739309379,75.914215,5443199.830055237,-0.015277397,-0.00017341226,73.28099
24.068840433535758,35.17753635462667,82.62194,4233599.898290634,-0.032772377,-0.02069945,72.93468
24.800724541980035,35.0326085145684,80.91604,16502399.989700317,0.009088781,0.00071014324,71.291466
24.423912946628306,35.13405791039468,84.735344,10281599.557113647,0.012717202,-0.01518409,72.86714
24.068840433535758,35.17753635462667,82.62194,9590399.752807617,0.020919768,-0.026935915,73.6973
24.677536062942007,35.07971042955572,84.775665,13478399.474716187,0.011058535,-0.0123753585,71.5697
24.880434869565217,35.11594208344836,73.60822,13737599.675559998,0.03190699,-0.007124773,73.586075
24.619565229179578,35.18478278215484,82.255135,6652800.036048889,-0.00552471,-0.010870976,71.617714
24.340579657513896,35.072464168316,77.031204,6652800.036048889,-0.01701415,-0.012008553,73.26227
24.60144921950647,34.9456523441682,85.40489,10540799.757957458,0.020397257,-0.017316451,71.75187
24.268116089179838,35.07971042955572,81.07262,2332799.8879909515,-0.025639642,-0.007935297,72.7753
24.507246418659868,35.018115659512056,74.98295,3369599.8686790466,-0.01439812,-0.0050311694,73.07547
24.782608845879178,35.07246365433351,80.82854,17193599.794006348,-0.00012750924,0.010931476,71.61233
24.369565205050215,35.10507235145331,81.59638,17971200.39653778,0.0061435346,-0.023369612,72.452034
24.235507135886934,35.09782643790763,86.62735,12355200.066947937,0.01829814,-0.021037273,73.03635
24.409420342711783,35.02898555779556,73.23672,2332799.8879909515,-0.012690131,-0.006726778,73.3295
24.659420157792983,35.13768139626715,82.9603,7862400.2420425415,-0.011364758,0.012034282,71.643845
24.60144921950647,34.9456523441682,85.40489,3715200.0450611115,-0.019169979,0.014394692,72.49656
24.33695651306752,35.26449269887389,75.24537,16329599.49016571,0.021285374,-0.025266947,72.32343
24.264492787947336,35.06521739309379,75.914215,15897599.886703491,0.003428787,-0.015886702,73.039635
24.49275373635028,35.04710138474188,79.64641,172800.00249445438,0.0033986978,0.004968538,72.25333
24.85869584610084,35.31159408476158,76.05999,14601599.979400635,0.026064504,-0.016498154,73.13529
24.409420264318722,35.097825908808005,75.01247,16934399.593162537,0.009974264,-0.015440946,73.14737
24.880434869565217,35.11594208344836,73.60822,7775999.992275238,-0.012213372,0.018509384,73.89097
24.003623304347823,35.192029209683014,80.788605,13219200.370788574,0.028788114,-0.014466716,73.44983
24.278985653174068,35.159420527680346,80.15937,3196799.917602539,-0.028939016,-0.010934867,72.98
24.655797039477626,35.09782643790763,82.953125,7775999.992275238,-0.0022824295,-0.009915227,71.59713
24.340579735906957,35.22101461745307,78.71513,3369599.8686790466,-0.016346578,-0.01161259,72.80063
24.55434784521419,35.039855304907746,78.730316,9763200.252342224,0.011273921,-0.007560225,72.494194
24.53985505838052,35.14492730981283,78.72631,9158400.149345398,0.0040905233,0.003832635,72.451866
24.275362351941567,35.02173896397893,79.32639,4233599.898290634,-0.027556416,-0.00979102,72.70494
24.33695651306752,35.26449269887389,75.24537,3196799.917602539,-0.08933694,-0.053386346,74.09003
24.32608705359737,35.05434782738719,80.59564,12009600.164794922,0.016918782,-0.015108416,72.66037
24.822463669968496,35.11956556932083,79.471794,14601599.979400635,0.024804387,-0.014701165,71.68106
24.507246418659868,35.018115659512056,74.98295,7171199.889278412,-0.0063023902,0.0150401415,73.81991
24.423912946628306,35.16304383214723,83.815254,9417600.350189209,0.01569504,-0.009928521,72.78808
24.60144921950647,34.9456523441682,85.40489,12441599.768257141,0.027061291,-0.024406867,71.79268
24.2137679164399,35.101449394680465,78.1842,6998399.938201904,-0.007345978,-0.015717696,73.533134
24.409420185925658,35.126811301460926,78.58091,12182399.56741333,0.016715873,-0.0041068885,72.570015
24.514492864338745,35.152173737341,77.98083,950400.0051498413,-0.013045091,0.0015761917,72.844696
24.235507135886934,35.09782643790763,86.62735,16934399.593162537,0.004546933,-0.025670553,71.77481
24.06159400092239,35.235507653915,77.223785,5270399.878978729,-0.030589744,-0.04150285,73.3267
24.72463775080654,35.097825908808005,83.506035,1382400.019955635,-0.0027437694,0.0004813848,72.356384
24.171296292717127,35.10648163098043,78.049835,5702400.030899048,-0.021857247,-0.012800848,73.45413
24.528985389862203,35.079710263267266,73.800804,16070400.386238098,0.011177696,-0.024306817,73.654144
24.15217408195171,35.09782609021359,90.079155,172800.00249445438,-0.0046181567,-0.011548964,73.16344
24.423912946628306,35.16304383214723,83.815254,8985600.19826889,0.014416497,-0.010178877,72.7672
24.278985653174068,35.159420527680346,80.15937,9417600.350189209,0.011841504,-0.0037754402,73.21799
24.619565229179578,35.18478278215484,82.255135,12960000.169944763,0.0146053005,-0.015215181,71.98798
24.49275373635028,35.04710138474188,79.64641,13910400.175094604,0.011418041,-0.0151938535,72.28881
24.782608845879178,35.07246365433351,80.82854,3628800.0695228577,-0.020139314,-0.0016495306,72.30046
24.503623143558386,34.916666955294566,80.479385,12873600.46863556,0.013667565,-0.0054254187,71.63529
24.35507260113369,35.04710138474188,76.478294,11664000.262641907,0.005637128,-0.00930511,73.132706
24.85869584610084,35.31159408476158,76.05999,14428799.479866028,0.026232596,-0.015931176,73.09533
24.171296292717127,35.10648163098043,78.049835,13478399.474716187,0.017988758,-0.012573164,72.798164
24.525362323808892,35.01449270273921,80.76379,1468799.9954938889,-0.0054768883,0.008880839,72.35472
24.15217408195171,35.09782609021359,90.079155,10799999.95880127,0.023821887,-0.013375236,72.43875
24.275362351941567,35.02173896397893,79.32639,14342399.778556824,0.019958636,-0.014459856,72.68462
24.17028990870767,35.119565206509655,75.23819,1468799.9954938889,-0.034477755,-0.033637725,72.63591
24.068840433535758,35.050724689208764,75.1399,9417600.350189209,0.000632938,-0.010689359,72.539536
24.60144921950647,34.9456523441682,85.40489,18143999.79915619,-0.0023051724,-0.0031160265,71.22201
24.268116089179838,35.07971042955572,81.07262,9071999.899578094,0.0039045885,-0.003794943,73.058014
24.608695560661264,35.210145036629335,80.071884,3542400.093984604,-0.026240379,-0.001784212,71.9073
24.49275373635028,35.04710138474188,79.64641,5443199.830055237,-0.020263422,-0.00014404021,72.33918
24.409420264318722,35.097825908808005,75.01247,3196799.917602539,-0.0220421,-0.008458313,73.49594
24.586956589458925,35.03623181903528,81.050644,1814400.0347614288,-0.0045203418,-0.0044751083,72.38022
24.35507260113369,35.04710138474188,76.478294,1468799.9954938889,-0.0044544823,-0.0071888138,73.03624
24.677536062942007,35.07971042955572,84.775665,1900800.0102996826,-0.012448981,0.0038231555,72.4397
24.619565229179578,35.18478278215484,82.255135,11145599.860954285,0.014670152,-0.014529437,71.90344
24.576087129988778,34.96376817111452,80.53768,16675200.489234924,0.013147257,-0.019952193,71.71789
24.55072462237475,35.07608730649443,88.70044,8553600.046348572,-0.00032976642,-0.011386363,72.40476
24.293478074173446,35.130434424522214,78.52256,16243199.788856506,0.0062314663,-0.013726464,72.27605
24.340579657513896,35.072464168316,77.031204,5270399.878978729,-0.020836383,-0.015815556,73.24908
24.47463793572534,35.15579704180788,74.131996,10627199.459266663,0.015194863,-0.015417682,73.43823
24.409420264318722,35.137681214861566,85.684586,5875199.981975555,-0.025842838,0.012705473,72.59521
24.49275373635028,35.04710138474188,79.64641,6739199.737358093,-0.017270692,0.00097225374,72.286125
24.43478251062254,35.050724689208764,81.254395,8899199.948501587,0.0034722425,0.005830513,72.42469
24.177536001617764,35.01449252133363,77.3516,9071999.899578094,0.008349894,-0.017079629,73.11616
24.336956356281394,35.12681217825459,78.56935,17020800.39138794,-0.0063304454,0.0073702247,72.476395
24.43478251062254,35.050724689208764,81.254395,16329599.49016571,0.00840239,-0.019854607,72.23656
24.40217392316393,35.07246365433351,77.73675,15638399.68585968,0.007953342,-0.0049477285,72.94701
24.40579730278949,34.98550712868071,82.545616,1728000.059223175,-0.0139178485,-0.003836858,72.203415
24.373188349496587,35.09782609021359,73.044136,16588799.691009521,0.009947084,-0.03615406,72.88995
24.75362311542571,35.148550251468535,82.31272,12960000.169944763,0.012141675,-0.020583019,71.56672
24.57246390714934,35.13405809180027,82.83649,8208000.144195557,-0.0073230267,0.0067240763,71.94432
24.423912946628306,35.16304383214723,83.815254,5702400.030899048,-0.006033551,-0.007243513,72.329994
24.507246627708035,35.15217355593542,72.15966,8639999.747657776,0.013678879,0.0028580464,72.97837
24.43478251062254,35.050724689208764,81.254395,10281599.557113647,0.012995781,-0.012506902,72.3731
24.351449221508126,35.36231895652174,77.53338,1209599.9317646027,-0.10262493,-0.09594958,72.25796
24.822463669968496,35.11956556932083,79.471794,5529600.07982254,-0.0029071346,0.0179663,71.63843
24.518115930392057,35.170290078269815,76.7112,777599.9855160713,-0.01446164,0.009525605,73.52785
24.409420264318722,35.097825908808005,75.01247,3628800.0695228577,-0.023229998,-0.006369897,73.49586
24.55072462237475,35.07608730649443,88.70044,16588799.691009521,0.009405887,-0.026039911,72.03513
24.579710091518006,35.06884069756067,84.24473,12960000.169944763,0.019495908,-0.014411338,71.96351
24.3913043591697,35.05434799367564,86.750465,10627199.459266663,0.018281378,-0.00756515,72.85116
24.3913043591697,35.05434799367564,86.750465,18403200.0,-0.01011024,-0.008108942,71.47148
24.340579657513896,35.072464168316,77.031204,12182399.56741333,0.01344879,-0.0019740546,72.94944
24.623188347494935,34.98550731008629,86.27349,4665599.775981903,-0.020631157,-6.9589354e-05,72.20471
24.49275373635028,34.95652190987481,78.13308,8467199.796581268,-0.013611622,0.006442013,73.32786
24.358695745580064,35.14492749121842,79.46463,17452799.99485016,0.0011360645,-0.015935807,72.15425
24.880434869565217,35.11594208344836,73.60822,7084800.187969208,-0.015540369,0.019448744,73.912056
24.800724541980035,35.0326085145684,80.91604,12009600.164794922,0.0237601,0.0017893254,71.17205
24.822463669968496,35.11956556932083,79.471794,14687999.680709839,0.024584856,-0.015106317,71.6963
24.33695651306752,35.26449269887389,75.24537,345600.00498890877,-0.10112659,-0.0294454,73.33651
24.351449221508126,35.36231895652174,77.53338,1814400.0347614288,-0.09348544,-0.097317904,72.28803
24.286231733018653,35.16304365074164,82.86601,7862400.2420425415,0.008525915,-0.009107584,72.84689
24.481884276880134,35.21376834109622,79.042,11923200.463485718,0.018184766,-0.0049486803,72.25681
24.677536062942007,35.07971042955572,84.775665,12095999.866104126,0.008566191,-0.01942827,71.6594
24.2137679164399,35.101449394680465,78.1842,6047999.933052063,-0.007930908,-0.01751212,73.473564
24.481884276880134,35.21376834109622,79.042,9590399.752807617,0.013384307,0.001403634,72.477936
24.471014503837736,35.137681214861566,84.09494,13305600.072097778,0.010696994,-0.010317072,72.36513
24.521739153231497,35.18115965909355,80.50853,17193599.794006348,0.012625849,-0.017559273,72.197586
24.24275355543479,35.275361916886446,83.709785,18057600.097846985,0.009203808,-0.033897243,70.61919
24.514492864338745,35.152173737341,77.98083,3628800.0695228577,-0.015557971,-0.0060031293,72.96236
24.5036234048686,34.94565269942081,84.86278,10108800.15449524,0.00912101,-0.016523996,72.02841
24.409420264318722,35.097825908808005,75.01247,2592000.0888347626,-0.020330008,-0.010652686,73.504326
24.152173912100075,34.942029039701325,85.189964,6047999.933052063,-0.025861524,-0.010333756,72.20851
24.57246390714934,35.13405809180027,82.83649,5270399.878978729,-0.023671895,-0.0070989737,71.92316
24.576087129988778,34.96376817111452,80.53768,3542400.093984604,-0.01784413,-0.0017231144,72.83794
24.442029139218562,35.043478080275,76.86345,17625600.494384766,0.0026105233,-0.0125675835,73.66867
24.35507260113369,35.04710138474188,76.478294,5788799.732208252,-0.01442761,-0.010970732,73.27039
24.75362311542571,35.148550251468535,82.31272,11836799.665260315,0.009481216,-0.018225163,71.70008
24.62318819070881,35.09782625650204,81.14894,1555199.9710321426,-0.010193475,0.0056065666,71.921234
24.340579657513896,35.072464168316,77.031204,17884799.598312378,0.0023479238,-0.012316832,73.26297
24.62318819070881,35.09782625650204,81.14894,8726399.99742508,-0.0032573082,0.011301793,71.729454
24.409420264318722,35.137681214861566,85.684586,12441599.768257141,0.017998217,-0.012513695,72.75711
24.264492787947336,35.06521739309379,75.914215,3023999.9665260315,-0.013674457,-0.015348949,73.226105
24.17028990870767,35.119565206509655,75.23819,14428799.479866028,0.0144560225,-0.008617127,72.27674
24.278985574781007,35.18478260074926,85.36457,16588799.691009521,0.008015307,-0.019227337,71.59473
24.365941903817713,35.11594190204278,77.940506,9763200.252342224,0.00467303,-0.0025788918,73.07714
24.800724541980035,35.0326085145684,80.91604,4838399.727058411,-0.013515469,-0.006687305,71.994095
24.43478277193275,35.06521686399416,78.38795,15897599.886703491,0.007148152,-0.007183402,72.91886
24.49275373635028,35.04710138474188,79.64641,17193599.794006348,-0.0009530969,-0.015386809,72.69159
24.608695560661264,35.210145036629335,80.071884,1036799.9806880951,-0.024552912,-0.003762466,71.914085
24.75362311542571,35.148550251468535,82.31272,9244799.850654602,0.0023669302,0.0034775157,71.532265
24.55072462237475,35.07608730649443,88.70044,2246400.0495672226,-0.0050912574,-0.027844382,73.05457
24.55434784521419,35.039855304907746,78.730316,3628800.0695228577,-0.007862911,-0.0044484166,72.66078
24.373188349496587,35.09782609021359,73.044136,12095999.866104126,0.0172129,-0.019479543,72.761955
24.15217408195171,35.09782609021359,90.079155,3456000.11844635,-0.013022244,-0.019957608,73.165695
24.2137679164399,35.101449394680465,78.1842,13996799.876403809,0.020181954,-0.015953109,72.61064
24.340579657513896,35.072464168316,77.031204,14428799.479866028,0.01662898,-0.005863307,72.85111
24.521739153231497,35.18115965909355,80.50853,1209599.9317646027,-0.001380112,-0.00988221,72.14483
24.177536001617764,35.01449252133363,77.3516,2332799.8879909515,-0.010373216,-0.0126727,72.94718
24.626811465810288,35.05797113185407,83.9315,4060799.9472141266,-0.017272592,0.0049879323,72.403824
24.49275373635028,35.04710138474188,79.64641,2764800.03991127,-0.014439929,-0.0040348545,72.2822
24.75362311542571,35.148550251468535,82.31272,12787199.670410156,0.0116019305,-0.020778935,71.588425
24.152173912100075,34.942029039701325,85.189964,15811200.185394287,0.007357277,-0.019568581,72.20061
24.06159400092239,35.235507653915,77.223785,15897599.886703491,0.021476107,-0.033228546,71.86424
24.822463669968496,35.11956556932083,79.471794,17366400.293540955,0.015123412,-0.024728855,71.95182
24.822463669968496,35.11956556932083,79.471794,9590399.752807617,0.010340454,-0.0068140468,71.520256
24.521739153231497,35.18115965909355,80.50853,5615999.781131744,-0.0101557635,-0.015644087,72.18677
24.235507135886934,35.09782643790763,86.62735,13996799.876403809,0.019801755,-0.020379469,72.87127
24.43478277193275,35.06521686399416,78.38795,12095999.866104126,0.014238223,-0.00158998,72.73662
24.293478074173446,35.130434424522214,78.52256,6652800.036048889,-0.012377568,-0.01749968,73.18464
24.33695651306752,35.26449269887389,75.24537,12355200.066947937,0.028682968,-0.020252386,73.10216
24.235507135886934,35.09782643790763,86.62735,12614400.267791748,0.018533545,-0.021082312,73.02738
24.278985653174068,35.159420527680346,80.15937,6912000.2368927,-0.011987712,-0.016161324,73.14643
24.40217392316393,35.07246365433351,77.73675,13046399.871253967,0.018029973,-0.000597951,72.83772
24.503623143558386,34.916666955294566,80.479385,15206400.082397461,0.007829314,-0.0065401634,71.53143
24.471014503837736,35.137681214861566,84.09494,16070400.386238098,0.00029181316,-0.0138748605,72.11559
24.782608584568965,35.06521774078783,85.492004,864000.0296115875,0.008746879,0.0026122816,72.9814
24.409420185925658,35.126811301460926,78.58091,1987199.9858379364,-0.0090757795,-0.013029922,72.81144
24.47463793572534,35.15579704180788,74.131996,1900800.0102996826,0.0008058995,-0.0086204,73.494095
24.60144921950647,34.9456523441682,85.40489,4319999.873828888,-0.019790217,0.014564158,72.37354
24.55072462237475,35.07608730649443,88.70044,17884799.598312378,0.009461321,-0.028334884,72.15557
24.576087129988778,34.96376817111452,80.53768,17452799.99485016,0.012010554,-0.021409612,71.80064
24.32608705359737,35.05434782738719,80.59564,86400.00124722719,-0.023382861,-0.021419467,72.50135
24.55072462237475,35.07608730649443,88.70044,13824000.4737854,0.022947311,-0.013494184,71.88961
24.623188347494935,34.98550731008629,86.27349,12268800.365638733,0.03289297,-0.021407353,71.93538
24.24275355543479,35.275361916886446,83.709785,6134400.182819366,-0.031469196,-0.030787846,72.0716
24.286231733018653,35.16304365074164,82.86601,1209599.9317646027,0.00883539,-0.00801944,72.29476
24.52536253285706,35.05797113185407,79.99595,13046399.871253967,0.012803797,-0.017555133,72.04541
24.507246627708035,35.15217355593542,72.15966,15120000.381088257,0.010761736,-0.006305784,72.1021
24.49275373635028,34.95652190987481,78.13308,8985600.19826889,-0.013470516,0.00053862063,73.22338
24.423912946628306,35.13405791039468,84.735344,16847999.891853333,0.0047402196,-0.016038936,72.10809
24.55072462237475,35.07608730649443,88.70044,6912000.2368927,0.014077887,-0.0062362384,72.52087
24.442029139218562,35.043478080275,76.86345,10540799.757957458,0.002424959,-0.012908071,73.201965
24.49275373635028,34.95652190987481,78.13308,6566399.786281586,-0.01156792,0.008848426,73.202446
24.880434869565217,35.11594208344836,73.60822,8035200.193119049,-0.00949483,0.017185424,73.847984
24.731884091961334,34.88405773852335,82.62194,7689599.742507935,-0.012583952,0.008086255,71.16766
24.731884091961334,34.88405773852335,82.62194,10886399.660110474,0.017863598,-0.017425507,70.79778
24.177536001617764,35.01449252133363,77.3516,4319999.873828888,-0.014227387,-0.014726926,72.967476
24.293478074173446,35.130434424522214,78.52256,13564800.27294159,0.014875969,-0.008566648,72.52045
24.782608845879178,35.07246365433351,80.82854,259199.99517202377,0.0041202605,0.0029968512,72.77638
24.55434784521419,35.039855304907746,78.730316,11923200.463485718,0.013996694,-0.011098539,72.1857
24.40217392316393,35.07246365433351,77.73675,16934399.593162537,-0.0025366396,-0.0020586941,73.131516
24.271739312019278,35.0833337340226,74.97577,11923200.463485718,0.014061216,-0.010469908,72.86404
24.481884276880134,35.21376834109622,79.042,18316800.298690796,-0.015532374,-0.019393489,72.54081
24.242753659958876,34.931159481553294,83.59315,5529600.07982254,-0.011021327,-0.0034593549,72.12466
24.242753659958876,34.931159481553294,83.59315,7343999.840354919,0.006814575,0.010408923,72.24907
24.442029139218562,35.043478080275,76.86345,6134400.182819366,-0.011523448,-0.008120511,73.09007
24.271739312019278,35.0833337340226,74.97577,345600.00498890877,-0.036878176,0.006858361,73.28054
24.60144921950647,34.9456523441682,85.40489,1209599.9317646027,0.008073747,0.00613074,72.920685
24.503623143558386,34.916666955294566,80.479385,3542400.093984604,-0.018639244,-0.016262734,73.156456
24.275362351941567,35.02173896397893,79.32639,9676799.454116821,0.017031804,-0.008706812,73.09303
24.49275373635028,34.95652190987481,78.13308,15379199.48501587,0.0025931578,0.0043250066,72.804474
24.503623143558386,34.916666955294566,80.479385,16934399.593162537,-0.005483441,0.0013513365,71.5697
24.373188532413735,34.85507217391305,83.68782,1468799.9954938889,-0.0050168373,0.007809454,72.009445
24.24275355543479,35.275361916886446,83.709785,8553600.046348572,0.013325049,0.009491903,73.238304
24.72463775080654,35.097825908808005,83.506035,5702400.030899048,-0.0075806417,0.009447677,71.782425
24.242753659958876,34.931159481553294,83.59315,15983999.588012695,-0.00090740994,-0.017213902,72.19805
24.15217408195171,35.09782609021359,90.079155,7171199.889278412,0.016354807,-0.007225396,72.47901
24.659420157792983,35.13768139626715,82.9603,6912000.2368927,-0.020088047,0.014744623,71.64334
24.655797039477626,35.09782643790763,82.953125,15206400.082397461,0.013026122,-0.01695684,71.597275
24.2137679164399,35.101449394680465,78.1842,345600.00498890877,0.005378565,-0.019448813,73.32963
24.235507135886934,35.09782643790763,86.62735,9935999.654960632,0.0080623515,-0.018888174,72.853516
24.518115930392057,35.170290078269815,76.7112,6566399.786281586,-0.012233455,-0.008472687,73.195335
24.507246627708035,35.15217355593542,72.15966,11145599.860954285,0.021287773,-0.010726079,72.94211
24.55072462237475,35.07608730649443,88.70044,11231999.562263489,0.015291454,-0.0142499115,72.18892
24.782608584568965,35.06521774078783,85.492004,9590399.752807617,0.0107479915,-0.0046476917,71.48323
24.358695745580064,35.14492749121842,79.46463,16243199.788856506,0.0055503715,-0.014644086,72.15855
24.268116089179838,35.07971042955572,81.07262,5184000.177669525,-0.021500234,-0.006550084,72.75975
24.340579735906957,35.22101461745307,78.71513,2419199.8635292053,-0.008412816,-0.01944105,72.81998
24.141304256647267,35.05072417522627,80.839714,15292799.783706665,0.013559891,-0.016189296,72.32982
24.43478277193275,35.06521686399416,78.38795,14774400.478935242,0.011240786,0.0038175485,72.77406
24.134057993885538,35.130434787333385,80.741425,15033599.582862854,0.014072109,-0.008315364,72.37557
24.423912946628306,35.16304383214723,83.815254,3542400.093984604,-0.02045342,-0.0024087839,71.94981
24.60144921950647,34.9456523441682,85.40489,17798399.897003174,0.0023369826,-0.009999191,71.2091
24.365941903817713,35.11594190204278,77.940506,10540799.757957458,0.0113236755,-0.0045389133,72.98976
24.659420157792983,35.13768139626715,82.9603,13737599.675559998,0.018335346,-0.010511506,71.743416
24.731883987437246,34.999999998854186,80.17734,4838399.727058411,-0.015592806,0.0034774905,72.3526
24.423912946628306,35.16304383214723,83.815254,4406400.123596191,-0.017675534,0.00013298169,72.022224
24.264492787947336,35.06521739309379,75.914215,2332799.8879909515,-0.013173979,-0.017345777,73.233925
24.619565229179578,35.18478278215484,82.255135,11318400.360488892,0.014476193,-0.0149002485,71.91632
24.423912946628306,35.16304383214723,83.815254,11491199.7631073,0.013367157,-0.014920859,72.796906
24.278985574781007,35.18478260074926,85.36457,1036799.9806880951,-0.055207454,-0.020986259,71.70465
24.33695651306752,35.26449269887389,75.24537,17971200.39653778,0.013452986,-0.030671934,72.55089
24.369565205050215,35.10507235145331,81.59638,15379199.48501587,0.01107526,-0.011835501,72.341446
24.782608845879178,35.07246365433351,80.82854,3456000.11844635,-0.020040315,-0.0016934127,72.3493
24.471014503837736,35.137681214861566,84.09494,1296000.0444173813,-0.0053443834,-0.0021925913,71.96273
24.471014503837736,35.137681214861566,84.09494,17712000.19569397,-0.004282873,-0.010127656,72.096466
24.782608845879178,35.07246365433351,80.82854,8380800.095272064,-0.0015257858,0.010621252,71.375145
24.369565205050215,35.10507235145331,81.59638,13391999.773406982,0.02200162,-0.0093768,72.44277
24.728260869121893,35.15579704180788,79.23173,3887999.996137619,-0.020257197,0.0015157554,72.14902
24.271739312019278,35.0833337340226,74.97577,14774400.478935242,0.018906988,-0.012968618,72.957924
24.72463775080654,35.097825908808005,83.506035,16502399.989700317,0.0047024693,-0.023889823,71.75585
24.619565229179578,35.18478278215484,82.255135,15983999.588012695,0.007193869,-0.01578026,72.14475
24.134057993885538,35.130434787333385,80.741425,12009600.164794922,0.019270107,-0.00949979,73.226654
24.340579735906957,35.22101461745307,78.71513,11231999.562263489,0.020364895,-0.016172532,73.01174
24.53985505838052,35.14492730981283,78.72631,8035200.193119049,-0.009318151,0.009010115,72.39085
24.003623304347823,35.192029209683014,80.788605,3456000.11844635,-0.050050348,-0.040689014,72.60299
24.72463775080654,35.097825908808005,83.506035,16156800.087547302,0.006437015,-0.022155404,71.72537
24.2137679164399,35.101449394680465,78.1842,10108800.15449524,0.016006088,-0.0077506807,73.39736
24.43478277193275,35.06521686399416,78.38795,13910400.175094604,0.01549907,0.0074598812,72.70464
24.503623143558386,34.916666955294566,80.479385,6393599.835205078,-0.031175561,-0.0035890676,72.507065
24.800724541980035,35.0326085145684,80.91604,12700799.969100952,0.024382995,0.0038811555,71.20054
24.40217392316393,35.07246365433351,77.73675,17625600.494384766,-0.0072694123,0.0023542447,73.24563
24.518115930392057,35.170290078269815,76.7112,9071999.899578094,0.012812033,-0.0066836504,72.97015
24.62318819070881,35.09782625650204,81.14894,2592000.0888347626,-0.015386384,0.002112044,72.00557
24.282608510179216,35.10869565592019,73.044136,6566399.786281586,-0.02674172,-0.008039504,72.90699
24.60144921950647,34.9456523441682,85.40489,11491199.7631073,0.024817253,-0.022909055,71.7456
24.655797039477626,35.09782643790763,82.953125,13996799.876403809,0.014816983,-0.019030107,71.63916
24.358695745580064,35.14492749121842,79.46463,8639999.747657776,0.003104642,0.008576182,72.97067
24.202898613755877,35.17753635462667,82.22561,5184000.177669525,-0.03161885,-0.012994317,72.91731
24.177536001617764,35.01449252133363,77.3516,1641599.9465703964,-0.0034635067,-0.017457878,72.977196
24.731884091961334,34.88405773852335,82.62194,12527999.469566345,0.017510142,-0.014035596,70.95501
24.579710091518006,35.06884069756067,84.24473,7257600.139045715,-0.013441768,0.0061949836,72.115555
24.60144921950647,34.9456523441682,85.40489,1728000.059223175,0.0008276254,0.0072070723,72.8028
24.586956589458925,35.03623181903528,81.050644,6220799.884128571,-0.013198618,0.0015813005,72.06825
24.471014503837736,35.137681214861566,84.09494,16847999.891853333,0.0003312081,-0.012661729,72.11262
24.358695745580064,35.14492749121842,79.46463,12009600.164794922,0.017392527,-0.007727243,72.61279
24.471014503837736,35.137681214861566,84.09494,3887999.996137619,-0.020831749,-0.0044382587,72.068214
24.409420264318722,35.137681214861566,85.684586,15120000.381088257,0.017967347,-0.005918567,72.3312
24.409420185925658,35.126811301460926,78.58091,5875199.981975555,-0.017448954,-0.014090883,72.81987
24.507246418659868,35.018115659512056,74.98295,18143999.79915619,-0.008363001,-0.0085998885,74.55062
24.202898613755877,35.17753635462667,82.22561,7430400.090122223,-0.009254184,0.0053757504,73.34633
24.677536062942007,35.07971042955572,84.775665,16588799.691009521,-0.00085823983,-0.014619406,71.72176
24.141304256647267,35.05072417522627,80.839714,11836799.665260315,0.018326666,-0.015137119,73.12556
24.33695651306752,35.26449269887389,75.24537,3801600.0205993652,-0.087147884,-0.051828936,74.32756
24.17028990870767,35.119565206509655,75.23819,4579200.074672699,-0.037377067,-0.01736132,73.03809
24.365941903817713,35.11594190204278,77.940506,4924799.976825714,-0.024595141,-0.009897638,73.07422
24.880434869565217,35.11594208344836,73.60822,11231999.562263489,0.020125963,-0.015495749,73.52835
24.171296292717127,35.10648163098043,78.049835,1814400.0347614288,-0.032230996,-0.014864113,73.128494
24.06159400092239,35.235507653915,77.223785,4147199.9227523804,-0.053413026,-0.05368632,72.89525
24.282608510179216,35.10869565592019,73.044136,16675200.489234924,0.0131283365,-0.025985511,73.12724
24.282608510179216,35.10869565592019,73.044136,8380800.095272064,-0.024953678,-0.0008058315,72.615715
24.85869584610084,35.31159408476158,76.05999,10627199.459266663,0.01820314,-0.014153935,71.9023
24.16304339770124,35.14130418675153,77.183464,6998399.938201904,0.009098297,-0.02467099,73.34429
24.514492864338745,35.152173737341,77.98083,345600.00498890877,-0.01242815,0.0055664135,72.84573
24.068840433535758,35.17753635462667,82.62194,950400.0051498413,-0.027578354,-0.01229226,72.209404
24.608695560661264,35.210145036629335,80.071884,11664000.262641907,0.013275998,-0.0036591804,71.855965
24.152173912100075,34.942029039701325,85.189964,15724800.484085083,0.00786683,-0.019360129,72.215836
24.782608584568965,35.06521774078783,85.492004,6307200.133895874,-0.023990035,0.003889068,71.77819
24.47463793572534,35.15579704180788,74.131996,864000.0296115875,-0.0069869794,0.0045844004,73.57904
24.521739153231497,35.18115965909355,80.50853,9071999.899578094,0.0029954463,0.010000663,72.26006
24.57608686867857,35.22463755910878,78.28966,9331199.551963806,0.008715732,0.0032142624,72.420456
24.659420157792983,35.13768139626715,82.9603,17193599.794006348,0.006086344,-0.014070049,72.13071
24.579710091518006,35.06884069756067,84.24473,18230399.500465393,-0.011087611,0.004932478,71.72203
24.5036234048686,34.94565269942081,84.86278,4406400.123596191,-0.020016693,-0.0037931586,72.20948
24.731883987437246,34.999999998854186,80.17734,5529600.07982254,-0.014027812,0.00083102845,72.090195
24.655797039477626,35.09782643790763,82.953125,12873600.46863556,0.013958506,-0.02111152,71.75435
24.409420264318722,35.097825908808005,75.01247,5356800.128746033,-0.025941476,-0.0033493564,73.53394
24.282608510179216,35.10869565592019,73.044136,15033599.582862854,0.019378513,-0.012725661,72.89518
24.409420264318722,35.097825908808005,75.01247,7948799.943351746,-0.0038767047,0.004420767,73.53554
24.579710091518006,35.06884069756067,84.24473,86400.00124722719,-0.020455692,0.0060191257,72.28741
24.72463775080654,35.097825908808005,83.506035,3801600.0205993652,-0.017879233,-0.0006687371,72.130035
24.16304339770124,35.14130418675153,77.183464,4060799.9472141266,-0.03804999,-0.041160733,73.05377
24.49275373635028,34.95652190987481,78.13308,6998399.938201904,-0.010835908,0.011120663,73.28534
24.518115930392057,35.170290078269815,76.7112,8639999.747657776,0.006969383,-0.007224583,72.97319
24.351449221508126,35.36231895652174,77.53338,2851200.015449524,-0.081829794,-0.09141837,72.3673
24.15942034471344,35.02536261613985,84.04098,7430400.090122223,-0.003201902,-0.014700841,72.87308
24.2137679164399,35.101449394680465,78.1842,3801600.0205993652,-0.014005888,-0.019207926,73.223175
24.286231733018653,35.16304365074164,82.86601,2851200.015449524,-0.007378973,-0.014624873,72.31988
24.641304357168043,34.938405387540406,81.3883,4492800.099134445,-0.011985034,-0.0051152557,72.291466
24.43478251062254,35.050724689208764,81.254395,3715200.0450611115,-0.013173033,-0.013462499,72.19674
24.579710091518006,35.06884069756067,84.24473,10627199.459266663,0.0134328585,-0.015525091,72.07632
24.40217392316393,35.07246365433351,77.73675,13910400.175094604,0.018819515,0.0017565889,72.83108
24.728260869121893,35.15579704180788,79.23173,2419199.8635292053,-0.017395165,-0.0037529087,72.19563
24.623188347494935,34.98550731008629,86.27349,13651199.974250793,0.032616366,-0.021932578,71.91387
24.15942034471344,35.02536261613985,84.04098,18230399.500465393,-0.0005690679,-0.02122401,71.71251
24.177536001617764,35.01449252133363,77.3516,7257600.139045715,-0.0038456544,-0.019722512,73.38568
24.528985389862203,35.079710263267266,73.800804,6307200.133895874,-0.012214322,-0.009075817,73.66151
24.40217392316393,35.07246365433351,77.73675,13132799.572563171,0.018256258,-0.00028506946,72.83589
24.278985653174068,35.159420527680346,80.15937,7516799.791431427,-0.010373205,-0.014241764,73.2127
24.409420185925658,35.126811301460926,78.58091,3887999.996137619,-0.020130374,-0.010007851,72.81058
24.507246627708035,35.15217355593542,72.15966,9590399.752807617,0.019728469,-0.004503224,72.928314
24.626811465810288,35.05797113185407,83.9315,9158400.149345398,0.004300911,0.0046640616,71.85069
24.626811465810288,35.05797113185407,83.9315,18403200.0,0.006389212,-0.011681063,71.66079
24.409420185925658,35.126811301460926,78.58091,18403200.0,0.011581579,-0.02136369,72.89084
24.365941903817713,35.11594190204278,77.940506,1382400.019955635,-0.01254436,-0.0059534675,73.04522
24.503623143558386,34.916666955294566,80.479385,1814400.0347614288,-0.003618028,-0.012309236,72.869934
24.85869584610084,35.31159408476158,76.05999,12355200.066947937,0.025036033,-0.012981497,72.23925
24.282608510179216,35.10869565592019,73.044136,10195199.855804443,0.0005330667,-0.0058251023,72.563354
24.32608705359737,35.05434782738719,80.59564,9849599.953651428,0.014928075,-0.015374942,72.93591
24.3985509616347,35.079710263267266,82.39983,14601599.979400635,0.020350937,-0.012161683,72.21498
24.659420157792983,35.13768139626715,82.9603,16761600.190544128,0.007880613,-0.014697311,72.05909
24.49275373635028,35.04710138474188,79.64641,14687999.680709839,0.008050496,-0.016978975,72.37128
24.43478251062254,35.050724689208764,81.254395,17452799.99485016,0.0054892916,-0.021185528,72.3182
24.06159400092239,35.235507653915,77.223785,14774400.478935242,0.031090086,-0.027515223,72.208374
24.52536253285706,35.05797113185407,79.99595,7948799.943351746,0.0038675386,-0.010809386,72.20769
24.286231733018653,35.16304365074164,82.86601,13391999.773406982,0.024069104,-0.014765209,72.586296
24.40579730278949,34.98550712868071,82.545616,1036799.9806880951,-0.006766606,0.0036752843,72.120514
24.409420342711783,35.02898555779556,73.23672,2159999.936914444,-0.0123426765,-0.0064333407,73.346375
24.3913043591697,35.05434799367564,86.750465,16329599.49016571,0.010927048,-0.016909143,71.955246
24.24275355543479,35.275361916886446,83.709785,4752000.025749207,-0.048845246,-0.05073639,71.68157
24.586956589458925,35.03623181903528,81.050644,8035200.193119049,-0.008613177,0.017486582,71.77961
24.507246418659868,35.018115659512056,74.98295,6652800.036048889,-0.009403415,0.00998254,73.75652
24.507246418659868,35.018115659512056,74.98295,8985600.19826889,0.010268994,0.004982927,73.828224
24.282608510179216,35.10869565592019,73.044136,3801600.0205993652,-0.02953688,-0.014121186,73.294174
24.3913043591697,35.05434799367564,86.750465,15120000.381088257,0.01286855,-0.014550839,72.12492
24.49275373635028,35.04710138474188,79.64641,2073599.9613761902,-0.010550801,-0.0011859052,72.249306
24.293478074173446,35.130434424522214,78.52256,8553600.046348572,-0.0028925203,0.00096524786,73.28466
24.586956589458925,35.03623181903528,81.050644,7430400.090122223,-0.008858986,0.016204651,71.84582
24.442029139218562,35.043478080275,76.86345,1900800.0102996826,-0.0067860074,-0.0023001796,72.79794
24.068840433535758,35.050724689208764,75.1399,15120000.381088257,0.016118746,-0.029288767,71.88256
24.282608510179216,35.10869565592019,73.044136,15811200.185394287,0.014636379,-0.021045908,73.03368
24.003623304347823,35.192029209683014,80.788605,14515200.27809143,0.023127336,-0.019542536,72.76165
24.576087129988778,34.96376817111452,80.53768,5270399.878978729,-0.02229239,0.003155454,72.44428
24.518115930392057,35.170290078269815,76.7112,1814400.0347614288,-0.015293911,-0.00072716456,73.53584
24.141304256647267,35.05072417522627,80.839714,9849599.953651428,0.0038001947,-0.0117999,73.47892
24.731883987437246,34.999999998854186,80.17734,2937599.9909877777,-0.013909642,0.0028542676,72.85261
24.43478277193275,35.06521686399416,78.38795,11491199.7631073,0.013569955,-0.0028276462,72.769775
24.586956589458925,35.03623181903528,81.050644,10627199.459266663,0.009241417,-0.011060268,71.75968
24.365941903817713,35.11594190204278,77.940506,3110399.9420642853,-0.021666676,-0.009825595,72.94402
24.623188347494935,34.98550731008629,86.27349,13737599.675559998,0.032372676,-0.022112167,71.90788
24.423912946628306,35.13405791039468,84.735344,11923200.463485718,0.01193263,-0.016203351,72.75243
24.782608584568965,35.06521774078783,85.492004,14774400.478935242,0.022232909,-0.015561085,71.58009
24.235507135886934,35.09782643790763,86.62735,4147199.9227523804,-0.023450367,0.0044915853,72.997086
24.60144921950647,34.9456523441682,85.40489,691200.0099778175,0.010356128,0.0076424913,73.0548
24.373188532413735,34.85507217391305,83.68782,14774400.478935242,0.010799807,-0.036957346,70.99149
24.503623143558386,34.916666955294566,80.479385,17107200.092697144,-0.006790407,0.0034050248,71.58423
24.171296292717127,35.10648163098043,78.049835,10368000.35533905,0.015263297,-0.018847425,73.47465
24.242753659958876,34.931159481553294,83.59315,1123200.0247836113,-0.011415549,-0.0035836715,71.9047
24.619565229179578,35.18478278215484,82.255135,9158400.149345398,0.012608526,-0.013619037,71.86551
24.40579730278949,34.98550712868071,82.545616,14860800.180244446,0.006567547,-0.029830461,71.704636
24.33695651306752,35.26449269887389,75.24537,5184000.177669525,-0.056212485,-0.0363575,74.823395
24.423912946628306,35.13405791039468,84.735344,8812800.247192383,0.0033424161,-0.008249423,72.74591
24.53985505838052,35.14492730981283,78.72631,2246400.0495672226,-0.010467052,-0.00019698218,72.45835
24.134057993885538,35.130434787333385,80.741425,3628800.0695228577,-0.033864878,-0.010195717,73.08467
24.409420264318722,35.097825908808005,75.01247,4233599.898290634,-0.024910122,-0.0041274494,73.506645
24.53985505838052,35.14492730981283,78.72631,7430400.090122223,-0.015748989,0.010255493,72.3514
24.55072462237475,35.07608730649443,88.70044,6480000.084972382,0.009898495,-0.008780757,72.48505
24.3985509616347,35.079710263267266,82.39983,10627199.459266663,0.01119253,-0.014410056,72.55639
24.518115930392057,35.170290078269815,76.7112,7775999.992275238,-0.0046334006,-0.011517912,72.99467
24.57608686867857,35.22463755910878,78.28966,14687999.680709839,0.019752266,-0.009549284,72.22554
24.579710091518006,35.06884069756067,84.24473,8294399.845504761,-0.0003668107,0.0054109814,72.04299
24.409420264318722,35.097825908808005,75.01247,8899199.948501587,0.010608107,0.0017242553,73.49815
24.068840433535758,35.050724689208764,75.1399,14860800.180244446,0.017301714,-0.02853269,71.82624
24.202898613755877,35.17753635462667,82.22561,259199.99517202377,-0.040594555,-0.036725022,72.49308
24.16304339770124,35.14130418675153,77.183464,8121599.894428253,0.01865581,-0.018793376,73.45392
24.880434869565217,35.11594208344836,73.60822,10627199.459266663,0.020616937,-0.010890631,73.48043
24.06159400092239,35.235507653915,77.223785,7171199.889278412,0.017909016,-0.026064904,74.1967
24.068840433535758,35.050724689208764,75.1399,9504000.051498413,0.002042964,-0.010760233,72.509125
24.278985653174068,35.159420527680346,80.15937,4147199.9227523804,-0.02984526,-0.009107627,73.04424
24.242753659958876,34.931159481553294,83.59315,15724800.484085083,-0.00028958544,-0.01669258,72.21265
24.579710091518006,35.06884069756067,84.24473,18143999.79915619,-0.011096213,0.0051605245,71.71158
24.641304357168043,34.938405387540406,81.3883,15983999.588012695,0.0058525447,-0.027190903,71.36925
24.358695745580064,35.14492749121842,79.46463,9244799.850654602,0.010034848,0.0036763498,72.94218
24.340579657513896,35.072464168316,77.031204,16329599.49016571,0.0066245478,-0.015017562,73.01575
24.17028990870767,35.119565206509655,75.23819,1036799.9806880951,-0.03479126,-0.0332343,72.7084
24.264492787947336,35.06521739309379,75.914215,9763200.252342224,0.014518667,0.0020924644,73.1388
24.15217408195171,35.09782609021359,90.079155,10454400.056648254,0.024188813,-0.009952286,72.490456
24.572463802625258,35.028985391507106,77.31845,4147199.9227523804,-0.019074902,-0.0009620646,73.11141
24.46739112421217,35.10507235145331,77.031204,9763200.252342224,0.011739869,-0.0005824864,72.975075
24.659420157792983,35.13768139626715,82.9603,10454400.056648254,0.011571983,-0.009755837,71.81183
24.268116089179838,35.07971042955572,81.07262,2851200.015449524,-0.024977759,-0.008377492,72.775215
24.46739112421217,35.10507235145331,77.031204,2073599.9613761902,-0.0021431781,-0.008790558,73.09939
24.282608510179216,35.10869565592019,73.044136,14083199.577713013,0.023807356,-0.0075659435,72.675224
24.586956589458925,35.03623181903528,81.050644,17279999.49531555,0.0040716697,-0.025884768,71.96412
24.55434784521419,35.039855304907746,78.730316,5875199.981975555,-0.013920628,-0.0033393195,72.69933
24.623188347494935,34.98550731008629,86.27349,9244799.850654602,0.017696027,-0.0034961067,72.08265
24.608695560661264,35.210145036629335,80.071884,8639999.747657776,0.003936177,0.012836369,72.1119
24.336956356281394,35.12681217825459,78.56935,6047999.933052063,-0.021148633,-0.0008376604,73.0325
24.85869584610084,35.31159408476158,76.05999,5356800.128746033,-0.012410872,0.020397194,71.875336
24.507246418659868,35.018115659512056,74.98295,7689599.742507935,-0.0017622523,0.016559053,73.84992
24.242753659958876,34.931159481553294,83.59315,6480000.084972382,-0.0014488064,0.0052367896,72.19907
24.336956356281394,35.12681217825459,78.56935,17798399.897003174,-0.009206604,0.006900248,72.510056
24.442029139218562,35.043478080275,76.86345,14169600.375938416,0.014436593,-0.0103855,73.14213
24.880434869565217,35.11594208344836,73.60822,6307200.133895874,-0.01875985,0.018437782,73.788086
24.51086948471318,35.141304337922854,75.965324,3887999.996137619,-0.015343413,-0.006699847,73.63942
24.373188349496587,35.09782609021359,73.044136,1728000.059223175,-0.015405789,0.0046733096,73.17111
24.525362323808892,35.01449270273921,80.76379,10281599.557113647,0.007814072,-0.009744871,71.8974
24.068840433535758,35.050724689208764,75.1399,10972800.458335876,0.0187991,-0.01780766,72.11917
24.134057993885538,35.130434787333385,80.741425,11318400.360488892,0.017127352,-0.010390295,73.357796
24.134057993885538,35.130434787333385,80.741425,10713600.257492065,0.016905583,-0.00768633,73.48929
24.409420342711783,35.02898555779556,73.23672,2764800.03991127,-0.014807612,-0.006238465,73.27724
24.40217392316393,35.07246365433351,77.73675,12009600.164794922,0.0154087655,-0.003946393,72.88323
24.423912946628306,35.16304383214723,83.815254,4924799.976825714,-0.014779724,-0.0014696848,72.11832
24.3985509616347,35.079710263267266,82.39983,14169600.375938416,0.021568606,-0.010907587,72.22974
24.423912946628306,35.16304383214723,83.815254,9935999.654960632,0.016745595,-0.010178473,72.81768
24.068840433535758,35.17753635462667,82.62194,7430400.090122223,-0.00017531216,-0.025155766,73.61146
24.800724541980035,35.0326085145684,80.91604,17020800.39138794,-0.00097556785,-0.0026463792,71.3251
24.626811465810288,35.05797113185407,83.9315,13305600.072097778,0.023604844,-0.012951514,71.790115
24.340579735906957,35.22101461745307,78.71513,15983999.588012695,0.016430032,-0.018044997,72.14432
24.278985574781007,35.18478260074926,85.36457,864000.0296115875,-0.056339554,-0.021643199,71.70007
24.579710091518006,35.06884069756067,84.24473,17193599.794006348,-0.008836675,-0.0012334501,71.648
24.572463802625258,35.028985391507106,77.31845,12700799.969100952,0.014097661,-0.009880027,72.85053
24.880434869565217,35.11594208344836,73.60822,2764800.03991127,-0.016970761,0.003106553,73.597015
24.40217392316393,35.07246365433351,77.73675,1036799.9806880951,0.007559387,-0.0030231345,72.833984
24.141304256647267,35.05072417522627,80.839714,5961600.231742859,-0.020822823,0.00052896794,73.277405
24.623188347494935,34.98550731008629,86.27349,7603200.0411987305,-0.009997662,0.012186145,72.29639
24.40217392316393,35.07246365433351,77.73675,6480000.084972382,-0.0125602335,-0.0045767017,72.88742
24.728260869121893,35.15579704180788,79.23173,9849599.953651428,0.011813097,-0.0054195626,71.769585
24.659420157792983,35.13768139626715,82.9603,9331199.551963806,0.0061587654,-0.0020125601,71.737335
24.003623304347823,35.192029209683014,80.788605,7948799.943351746,0.007965876,0.0049963295,74.22628
24.57246390714934,35.13405809180027,82.83649,12355200.066947937,0.016683748,-0.013097916,71.94689
24.423912946628306,35.13405791039468,84.735344,13824000.4737854,0.01572984,-0.012139285,72.40132
24.358695745580064,35.14492749121842,79.46463,4319999.873828888,-0.019218508,-0.0041004512,72.978226
24.40217392316393,35.07246365433351,77.73675,11059200.15964508,0.014594747,-0.0059805205,72.95057
24.728260869121893,35.15579704180788,79.23173,10108800.15449524,0.012295477,-0.0076528285,71.75314
24.365941903817713,35.11594190204278,77.940506,1900800.0102996826,-0.015961766,-0.010572724,72.99596
24.572463802625258,35.028985391507106,77.31845,18057600.097846985,-0.007730961,-0.0017532306,74.005585
24.481884276880134,35.21376834109622,79.042,7775999.992275238,-0.01050926,0.0068879668,72.61701
24.782608845879178,35.07246365433351,80.82854,4233599.898290634,-0.019649312,-0.0012707068,72.11213
24.06159400092239,35.235507653915,77.223785,18230399.500465393,0.006175557,-0.036456957,71.70608
24.57246390714934,35.13405809180027,82.83649,3369599.8686790466,-0.016326774,-0.012323154,71.874374
24.55434784521419,35.039855304907746,78.730316,12355200.066947937,0.014687931,-0.010966791,72.18342
24.40579730278949,34.98550712868071,82.545616,4492800.099134445,-0.025741715,-0.0061836997,72.53574
24.626811465810288,35.05797113185407,83.9315,11664000.262641907,0.0197503,-0.017396644,71.82138
24.365941903817713,35.11594190204278,77.940506,10108800.15449524,0.008181829,-0.0031624828,73.04309
24.442029139218562,35.043478080275,76.86345,16502399.989700317,0.0052441526,-0.012594171,73.4085
24.52536253285706,35.05797113185407,79.99595,6220799.884128571,-0.009897564,-0.0073102806,72.18686
24.514492864338745,35.152173737341,77.98083,5097599.927902222,-0.017672442,-0.0028482117,72.926346
24.278985653174068,35.159420527680346,80.15937,18143999.79915619,-0.009351719,-0.012301691,71.723335
24.152173912100075,34.942029039701325,85.189964,1382400.019955635,0.0001617223,-0.019229276,72.35869
24.85869584610084,35.31159408476158,76.05999,11318400.360488892,0.020891154,-0.014571803,71.983795
24.514492864338745,35.152173737341,77.98083,8121599.894428253,0.0028779134,0.0043713157,72.65097
24.177536001617764,35.01449252133363,77.3516,12182399.56741333,0.020347968,-0.021130284,72.80767
24.822463669968496,35.11956556932083,79.471794,10713600.257492065,0.0120831,-0.01588262,71.37868
24.57246390714934,35.13405809180027,82.83649,10799999.95880127,0.013450773,-0.012407407,71.96823
24.15217408195171,35.09782609021359,90.079155,6134400.182819366,0.0075662117,-0.016581794,72.56967
24.340579657513896,35.072464168316,77.031204,2764800.03991127,-0.020831112,-0.014709603,73.007774
24.15942034471344,35.02536261613985,84.04098,4492800.099134445,-0.020714775,-0.0073855836,72.94517
24.40217392316393,35.07246365433351,77.73675,8812800.247192383,0.0061426517,0.0025995458,73.01988
24.282608510179216,35.10869565592019,73.044136,9504000.051498413,-0.012250688,-0.002007584,72.55321
24.340579735906957,35.22101461745307,78.71513,1123200.0247836113,-0.011032801,-0.021348517,72.89256
24.608695560661264,35.210145036629335,80.071884,9417600.350189209,0.0105683915,0.008975347,72.12844
24.286231733018653,35.16304365074164,82.86601,1987199.9858379364,0.0029253997,-0.013707506,72.266335
24.271739312019278,35.0833337340226,74.97577,16934399.593162537,0.010996137,-0.022353252,73.19666
24.068840433535758,35.17753635462667,82.62194,1900800.0102996826,-0.020571776,-0.024587644,72.390915
24.481884276880134,35.21376834109622,79.042,5702400.030899048,-0.020964548,-0.005366943,72.59153
24.822463669968496,35.11956556932083,79.471794,2505600.113296509,-0.014057655,0.015099256,72.31368
24.49275373635028,34.95652190987481,78.13308,17366400.293540955,-0.0033191144,-0.010333622,72.94274
24.880434869565217,35.11594208344836,73.60822,15120000.381088257,0.028866332,-0.009345569,73.584854
24.800724541980035,35.0326085145684,80.91604,3801600.0205993652,-0.012215365,-0.0035399161,72.47839
24.677536062942007,35.07971042955572,84.775665,4665599.775981903,-0.010988563,-0.008554174,72.31742
24.72463775080654,35.097825908808005,83.506035,1555199.9710321426,-0.006127782,0.0010338067,72.34772
24.659420157792983,35.13768139626715,82.9603,10108800.15449524,0.010204531,-0.008814871,71.78096
24.46739112421217,35.10507235145331,77.031204,10108800.15449524,0.013535794,-0.003797694,72.94822
24.373188349496587,35.09782609021359,73.044136,11059200.15964508,0.017559363,-0.016499955,72.94505
24.641304357168043,34.938405387540406,81.3883,10540799.757957458,0.010988964,-0.023713594,71.331856
24.286231733018653,35.16304365074164,82.86601,13046399.871253967,0.024154466,-0.014650848,72.66757
24.271739312019278,35.0833337340226,74.97577,12009600.164794922,0.014557613,-0.009999087,72.85927
24.55072462237475,35.07608730649443,88.70044,10195199.855804443,0.0134670995,-0.01048938,72.38539
24.278985653174068,35.159420527680346,80.15937,4579200.074672699,-0.029337682,-0.00861503,73.07346
24.16304339770124,35.14130418675153,77.183464,16934399.593162537,0.014832728,-0.018943885,72.22494
24.373188349496587,35.09782609021359,73.044136,259199.99517202377,-0.009001013,-0.0061575994,73.25551
24.068840433535758,35.17753635462667,82.62194,12527999.469566345,0.02902492,-0.018962195,73.36231
24.528985389862203,35.079710263267266,73.800804,3023999.9665260315,-0.01605004,-0.009982849,73.590675
24.275362351941567,35.02173896397893,79.32639,13996799.876403809,0.02129559,-0.014327195,72.72124
24.503623143558386,34.916666955294566,80.479385,13305600.072097778,0.014812885,-0.0024429,71.60865
24.40579730278949,34.98550712868071,82.545616,13391999.773406982,0.013903484,-0.027814416,71.87183
24.33695651306752,35.26449269887389,75.24537,4147199.9227523804,-0.08184378,-0.04873687,74.458
24.409420185925658,35.126811301460926,78.58091,259199.99517202377,-0.0015196651,-0.0059129316,72.825424
24.507246418659868,35.018115659512056,74.98295,18316800.298690796,-0.011009462,-0.0072222827,74.592674
24.623188347494935,34.98550731008629,86.27349,3974399.971675873,-0.019202638,-0.00031815562,72.336426
24.728260869121893,35.15579704180788,79.23173,12268800.365638733,0.021665175,-0.009321442,71.770996
24.264492787947336,35.06521739309379,75.914215,2073599.9613761902,-0.013433799,-0.01727664,73.23504
24.481884276880134,35.21376834109622,79.042,15983999.588012695,0.0021530688,-0.019756574,71.9691
24.75362311542571,35.148550251468535,82.31272,18316800.298690796,-0.01753601,0.009322184,72.43654
24.731884091961334,34.88405773852335,82.62194,7775999.992275238,-0.012556825,0.006785673,71.14898
24.16304339770124,35.14130418675153,77.183464,13910400.175094604,0.019189628,-0.005464702,72.564186
24.43478277193275,35.06521686399416,78.38795,0.0,-0.010140147,-0.010964964,72.570305
24.423912946628306,35.13405791039468,84.735344,14428799.479866028,0.014373969,-0.012119884,72.28869
24.507246418659868,35.018115659512056,74.98295,13651199.974250793,0.01738513,-0.0034373114,73.69289
24.40579730278949,34.98550712868071,82.545616,3628800.0695228577,-0.022811726,-0.0076537356,72.48876
24.068840433535758,35.17753635462667,82.62194,10540799.757957458,0.024125095,-0.025184726,73.68234
24.800724541980035,35.0326085145684,80.91604,4147199.9227523804,-0.0131878555,-0.0044235373,72.33377
24.43478251062254,35.050724689208764,81.254395,10540799.757957458,0.013391098,-0.014660824,72.35724
24.521739153231497,35.18115965909355,80.50853,2159999.936914444,-0.011401959,-0.006351685,72.14048
24.202898613755877,35.17753635462667,82.22561,16847999.891853333,0.008199712,-0.021280423,71.38047
24.53985505838052,35.14492730981283,78.72631,1814400.0347614288,-0.005097531,-0.0020997748,72.419556
24.731883987437246,34.999999998854186,80.17734,4665599.775981903,-0.015817542,0.004482234,72.41455
24.068840433535758,35.050724689208764,75.1399,1382400.019955635,-0.01146356,-0.012790794,72.79523
24.268116089179838,35.07971042955572,81.07262,15638399.68585968,0.010681707,-0.0167131,72.271774
24.822463669968496,35.11956556932083,79.471794,950400.0051498413,-0.015636865,0.01421863,72.576965
24.75362311542571,35.148550251468535,82.31272,1900800.0102996826,-0.035750486,0.023278043,71.82893
24.507246418659868,35.018115659512056,74.98295,12700799.969100952,0.0153258145,-0.0054596774,73.65758
24.51086948471318,35.141304337922854,75.965324,4579200.074672699,-0.017593976,-0.0047543235,73.66412
24.202898613755877,35.17753635462667,82.22561,7516799.791431427,-0.007831752,0.00587967,73.359314
24.003623304347823,35.192029209683014,80.788605,9935999.654960632,0.026903987,-0.010559054,74.51724
24.641304357168043,34.938405387540406,81.3883,2851200.015449524,-0.007945333,-0.006211319,72.86606
24.15217408195171,35.09782609021359,90.079155,11836799.665260315,0.024023248,-0.018437212,72.281876
24.46739112421217,35.10507235145331,77.031204,17193599.794006348,0.0070996135,-0.011763329,73.29265
24.365941903817713,35.11594190204278,77.940506,12700799.969100952,0.018992621,-0.0032483023,72.62498
24.47463793572534,35.15579704180788,74.131996,2592000.0888347626,-0.0051806048,-0.00935775,73.414955
24.85869584610084,35.31159408476158,76.05999,604799.9658823013,0.012711873,0.019494176,71.994995
24.43478277193275,35.06521686399416,78.38795,5529600.07982254,-0.01640603,-0.007618185,72.599976
24.85869584610084,35.31159408476158,76.05999,13910400.175094604,0.025953546,-0.0148691945,72.92657
24.655797039477626,35.09782643790763,82.953125,6134400.182819366,-0.009376343,0.0023684409,71.73379
24.518115930392057,35.170290078269815,76.7112,3369599.8686790466,-0.016203228,0.0019375896,73.538315
24.3913043591697,35.05434799367564,86.750465,4319999.873828888,-0.029659197,-0.010052688,73.13269
24.521739153231497,35.18115965909355,80.50853,4924799.976825714,-0.012137454,-0.013767313,72.15436
24.60144921950647,34.9456523441682,85.40489,14256000.07724762,0.024082266,-0.024210071,71.77767
24.576087129988778,34.96376817111452,80.53768,518399.99034404755,0.0025780667,0.012212752,72.71712
24.16304339770124,35.14130418675153,77.183464,345600.00498890877,-0.049471006,-0.054959334,72.83095
24.85869584610084,35.31159408476158,76.05999,11491199.7631073,0.021816446,-0.014234183,72.01199
24.282608510179216,35.10869565592019,73.044136,17452799.99485016,0.010990182,-0.026033452,73.1624
24.278985574781007,35.18478260074926,85.36457,14342399.778556824,0.022129953,-0.019054422,72.5605
24.365941903817713,35.11594190204278,77.940506,604799.9658823013,-0.011618346,0.0041211555,73.10264
24.572463802625258,35.028985391507106,77.31845,9590399.752807617,0.009837829,-0.0037052687,73.286095
24.822463669968496,35.11956556932083,79.471794,9676799.454116821,0.010545313,-0.008018859,71.508095
24.358695745580064,35.14492749121842,79.46463,17193599.794006348,0.002642544,-0.015293829,72.15785
24.442029139218562,35.043478080275,76.86345,4060799.9472141266,-0.014904831,-0.0026798528,72.85859
24.75362311542571,35.148550251468535,82.31272,12355200.066947937,0.010441095,-0.020345379,71.64489
24.15217408195171,35.09782609021359,90.079155,11318400.360488892,0.023495432,-0.017067565,72.35608
24.275362351941567,35.02173896397893,79.32639,7775999.992275238,-0.011530362,-0.0062113823,73.1214
24.268116089179838,35.07971042955572,81.07262,15983999.588012695,0.008095246,-0.016876988,72.26619
24.731884091961334,34.88405773852335,82.62194,5702400.030899048,-0.01669981,0.008529844,71.668335
24.409420185925658,35.126811301460926,78.58091,6307200.133895874,-0.012906924,-0.014985824,72.8113
24.53985505838052,35.14492730981283,78.72631,4319999.873828888,-0.018301122,0.0041128206,72.506355
24.623188347494935,34.98550731008629,86.27349,2159999.936914444,-0.0014888756,-0.004316169,72.7527
24.365941903817713,35.11594190204278,77.940506,9590399.752807617,0.0026575327,-0.0025408184,73.090256
24.06159400092239,35.235507653915,77.223785,5875199.981975555,-0.014373928,-0.034745872,73.59202
24.503623143558386,34.916666955294566,80.479385,12960000.169944763,0.0139680505,-0.0047758976,71.62885
24.579710091518006,35.06884069756067,84.24473,15120000.381088257,0.008597106,-0.010802332,71.78509
24.507246627708035,35.15217355593542,72.15966,13478399.474716187,0.020750668,-0.0058242073,72.33771
24.5036234048686,34.94565269942081,84.86278,15551999.984550476,0.0146039445,-0.03401851,71.92939
24.5036234048686,34.94565269942081,84.86278,6134400.182819366,-0.008445457,-0.0018404704,72.45165
24.282608510179216,35.10869565592019,73.044136,2332799.8879909515,-0.028859966,-0.010012984,73.20352
24.43478277193275,35.06521686399416,78.38795,16416000.288391113,0.0067701805,-0.010190861,73.00907
24.822463669968496,35.11956556932083,79.471794,18316800.298690796,0.01346059,-0.025734844,72.03049
24.800724541980035,35.0326085145684,80.91604,5356800.128746033,-0.011853114,-0.005088059,71.74788
24.134057993885538,35.130434787333385,80.741425,1296000.0444173813,-0.027460814,-0.026490638,73.028854
24.49275373635028,34.95652190987481,78.13308,1036799.9806880951,-0.0048220605,0.0071026934,72.77397
24.003623304347823,35.192029209683014,80.788605,17279999.49531555,0.010811796,-0.025877481,71.88734
24.409420264318722,35.097825908808005,75.01247,16070400.386238098,0.010353668,-0.014532721,73.10063
24.152173912100075,34.942029039701325,85.189964,3542400.093984604,-0.018652499,-0.022687908,72.49763
24.576087129988778,34.96376817111452,80.53768,8726399.99742508,0.004767483,-0.012942478,71.76984
24.782608845879178,35.07246365433351,80.82854,6739199.737358093,-0.013274603,0.011355709,71.384415
24.655797039477626,35.09782643790763,82.953125,14256000.07724762,0.015144484,-0.018546129,71.61674
24.5036234048686,34.94565269942081,84.86278,6825599.987125397,-0.0032266974,-0.0045004524,72.4867
24.2137679164399,35.101449394680465,78.1842,16156800.087547302,0.012503661,-0.021545528,72.32177
24.40217392316393,35.07246365433351,77.73675,2592000.0888347626,-0.010616798,-0.010896286,72.791245
24.528985389862203,35.079710263267266,73.800804,8121599.894428253,-0.010987926,-0.0016469378,73.76534
24.358695745580064,35.14492749121842,79.46463,17366400.293540955,0.0016982146,-0.01571614,72.154564
24.068840433535758,35.17753635462667,82.62194,17884799.598312378,0.019991197,-0.026752403,71.6763
24.271739312019278,35.0833337340226,74.97577,1209599.9317646027,-0.029363059,-0.00065942854,73.219124
24.53985505838052,35.14492730981283,78.72631,12182399.56741333,0.020678932,-0.007565001,72.2536
24.49275373635028,34.95652190987481,78.13308,2937599.9909877777,-0.013080578,0.00091710547,72.78633
24.271739312019278,35.0833337340226,74.97577,4665599.775981903,-0.022854943,-0.0044324417,73.20597
24.177536001617764,35.01449252133363,77.3516,6825599.987125397,-0.005508814,-0.019554893,73.4044
24.731883987437246,34.999999998854186,80.17734,17193599.794006348,0.004672928,-0.014748896,71.60963
24.576087129988778,34.96376817111452,80.53768,5011200.226593018,-0.022584882,0.0027568745,72.50736
24.731883987437246,34.999999998854186,80.17734,14601599.979400635,0.016318865,-0.007563742,71.39246
24.47463793572534,35.15579704180788,74.131996,16934399.593162537,0.014583524,-0.019726861,73.060196
24.373188532413735,34.85507217391305,83.68782,14860800.180244446,0.010259226,-0.03725736,70.98494
24.5036234048686,34.94565269942081,84.86278,7775999.992275238,-0.012137484,0.0027484316,72.31715
24.880434869565217,35.11594208344836,73.60822,17452799.99485016,0.011010312,0.0030946624,73.57171
24.242753659958876,34.931159481553294,83.59315,3023999.9665260315,-0.009575307,-0.012254583,71.9602
24.358695745580064,35.14492749121842,79.46463,7430400.090122223,-0.007204067,0.012104119,72.91942
24.43478277193275,35.06521686399416,78.38795,2851200.015449524,-0.015102591,-0.009585436,72.5187
24.521739153231497,35.18115965909355,80.50853,1296000.0444173813,-0.0025447942,-0.009754835,72.144615
24.619565229179578,35.18478278215484,82.255135,14515200.27809143,0.011424931,-0.015214071,72.038414
24.171296292717127,35.10648163098043,78.049835,1296000.0444173813,-0.03158588,-0.013959484,73.12406
24.880434869565217,35.11594208344836,73.60822,14169600.375938416,0.03166577,-0.0067477543,73.58243
24.503623143558386,34.916666955294566,80.479385,12182399.56741333,0.01109124,-0.010522844,71.709274
24.275362351941567,35.02173896397893,79.32639,13391999.773406982,0.022805793,-0.014051119,72.79082
24.57608686867857,35.22463755910878,78.28966,1296000.0444173813,-0.0004507564,0.0017474894,72.74356
24.423912946628306,35.13405791039468,84.735344,9504000.051498413,0.010144331,-0.012148222,72.81689
24.40217392316393,35.07246365433351,77.73675,7775999.992275238,-0.006106425,0.0051108794,72.959915
24.17028990870767,35.119565206509655,75.23819,1987199.9858379364,-0.036411844,-0.03214585,72.634476
24.35507260113369,35.04710138474188,76.478294,12268800.365638733,0.00556208,-0.006685405,73.08432
24.235507135886934,35.09782643790763,86.62735,11923200.463485718,0.01789924,-0.020893352,73.03883
24.608695560661264,35.210145036629335,80.071884,6134400.182819366,-0.019037157,0.006904057,71.95924
24.62318819070881,35.09782625650204,81.14894,12527999.469566345,0.011486489,-0.01425359,71.86852
24.409420264318722,35.137681214861566,85.684586,3283199.893140793,-0.02736443,-0.0052466653,72.35753
24.677536062942007,35.07971042955572,84.775665,11836799.665260315,0.010157496,-0.018920979,71.68229
24.659420157792983,35.13768139626715,82.9603,1468799.9954938889,-0.018377706,0.0050644553,71.83259
24.278985574781007,35.18478260074926,85.36457,7775999.992275238,-0.015901502,-0.0071735764,72.997665
24.43478277193275,35.06521686399416,78.38795,6739199.737358093,-0.015224408,0.00087181106,72.71726
24.579710091518006,35.06884069756067,84.24473,3196799.917602539,-0.023235403,-0.0029616514,72.4265
24.623188347494935,34.98550731008629,86.27349,16934399.593162537,0.012704076,-0.026151089,71.38313
24.677536062942007,35.07971042955572,84.775665,4233599.898290634,-0.01139738,-0.0065791085,72.354034
24.528985389862203,35.079710263267266,73.800804,2937599.9909877777,-0.015236758,-0.01015266,73.590454
24.286231733018653,35.16304365074164,82.86601,10540799.757957458,0.022095837,-0.010387301,73.16779
24.152173912100075,34.942029039701325,85.189964,7862400.2420425415,-0.016850002,0.007382499,72.34709
24.62318819070881,35.09782625650204,81.14894,7689599.742507935,-0.014571641,0.010561436,71.74013
24.800724541980035,35.0326085145684,80.91604,11491199.7631073,0.02234064,-0.0007912703,71.16114
24.264492787947336,35.06521739309379,75.914215,10368000.35533905,0.015793823,-0.0024892827,73.033226
24.141304256647267,35.05072417522627,80.839714,864000.0296115875,-0.01736899,-0.0064429296,73.06413
24.33695651306752,35.26449269887389,75.24537,12873600.46863556,0.029870784,-0.018278906,72.89662
24.528985389862203,35.079710263267266,73.800804,2073599.9613761902,-0.013986498,-0.015712632,73.63762
24.06159400092239,35.235507653915,77.223785,12355200.066947937,0.03240194,-0.026358606,73.61036
24.57608686867857,35.22463755910878,78.28966,13132799.572563171,0.025522482,-0.002460951,72.0349
24.423912946628306,35.16304383214723,83.815254,5356800.128746033,-0.010619573,-0.004523348,72.22998
24.369565205050215,35.10507235145331,81.59638,10368000.35533905,0.016482785,-0.012537565,72.693634
24.16304339770124,35.14130418675153,77.183464,432000.01480579376,-0.048908435,-0.05534049,72.830376
24.47463793572534,35.15579704180788,74.131996,7171199.889278412,-0.009419806,-0.014126876,73.52236
24.55434784521419,35.039855304907746,78.730316,12182399.56741333,0.0143842455,-0.011036001,72.18003
24.85869584610084,35.31159408476158,76.05999,17884799.598312378,0.023372253,-0.021741128,73.53604
24.235507135886934,35.09782643790763,86.62735,2246400.0495672226,-0.00637443,0.01808742,72.368904
24.586956589458925,35.03623181903528,81.050644,12873600.46863556,0.02019617,-0.01060972,71.74159
24.46739112421217,35.10507235145331,77.031204,11145599.860954285,0.01707754,-0.008733723,72.85677
24.782608584568965,35.06521774078783,85.492004,9676799.454116821,0.011026304,-0.006103714,71.48083
24.641304357168043,34.938405387540406,81.3883,8812800.247192383,0.0011394694,-0.018877601,71.463745
24.423912946628306,35.13405791039468,84.735344,5443199.830055237,-0.024745028,-0.0029023355,72.42011
24.152173912100075,34.942029039701325,85.189964,5529600.07982254,-0.025354903,-0.0155072715,72.28071
24.55434784521419,35.039855304907746,78.730316,2419199.8635292053,-0.005986605,-0.010921963,72.46682
24.51086948471318,35.141304337922854,75.965324,6739199.737358093,-0.008778982,0.008078544,73.57275
24.655797039477626,35.09782643790763,82.953125,8121599.894428253,-0.0003077574,-0.008637195,71.610596
24.423912946628306,35.16304383214723,83.815254,10454400.056648254,0.0165142,-0.0114137065,72.83696
24.293478074173446,35.130434424522214,78.52256,864000.0296115875,-0.021966573,-0.018649338,73.27714
24.202898613755877,35.17753635462667,82.22561,5356800.128746033,-0.030538164,-0.012146184,72.95362
24.55434784521419,35.039855304907746,78.730316,8208000.144195557,0.010501558,0.0007367772,72.591446
24.340579657513896,35.072464168316,77.031204,6739199.737358093,-0.016841307,-0.011394041,73.26053
24.202898613755877,35.17753635462667,82.22561,17712000.19569397,0.0018938705,-0.019882645,71.289795
24.782608584568965,35.06521774078783,85.492004,9763200.252342224,0.011212392,-0.0075404625,71.477974
24.423912946628306,35.16304383214723,83.815254,13132799.572563171,0.014433013,-0.014058489,72.5478
24.53985505838052,35.14492730981283,78.72631,6998399.938201904,-0.018736262,0.010348428,72.34282
24.409420264318722,35.137681214861566,85.684586,6393599.835205078,-0.022028875,0.015484635,72.64251
24.202898613755877,35.17753635462667,82.22561,10972800.458335876,0.020882823,-0.017826479,73.3396
24.40579730278949,34.98550712868071,82.545616,172800.00249445438,-0.0009062402,0.011289341,72.132416
24.62318819070881,35.09782625650204,81.14894,4752000.025749207,-0.024775635,0.0021807961,72.05206
24.659420157792983,35.13768139626715,82.9603,11404800.061798096,0.016799282,-0.010134289,71.88409
24.278985653174068,35.159420527680346,80.15937,10108800.15449524,0.016528523,-0.0079727005,73.11833
24.46739112421217,35.10507235145331,77.031204,18143999.79915619,0.00822361,-0.006924956,73.541534
24.579710091518006,35.06884069756067,84.24473,8380800.095272064,0.0010449663,0.004759652,72.041954
24.24275355543479,35.275361916886446,83.709785,1209599.9317646027,-0.054261677,-0.065979354,71.4986
24.423912946628306,35.16304383214723,83.815254,12268800.365638733,0.012350202,-0.015561454,72.69836
24.731883987437246,34.999999998854186,80.17734,15465600.283241272,0.007936798,-0.009471046,71.39864
24.51086948471318,35.141304337922854,75.965324,18143999.79915619,0.00090387464,-0.020239247,73.35982
24.340579657513896,35.072464168316,77.031204,6566399.786281586,-0.017202288,-0.012574879,73.26403
24.49275373635028,35.04710138474188,79.64641,1987199.9858379364,-0.009685691,-0.000567141,72.24767
24.880434869565217,35.11594208344836,73.60822,5011200.226593018,-0.021771919,0.01299692,73.55619
24.782608584568965,35.06521774078783,85.492004,10799999.95880127,0.01157582,-0.019543175,71.41487
24.134057993885538,35.130434787333385,80.741425,3023999.9665260315,-0.031913258,-0.0162716,72.98109
24.278985574781007,35.18478260074926,85.36457,13391999.773406982,0.026140284,-0.01872079,72.80578
24.503623143558386,34.916666955294566,80.479385,3110399.9420642853,-0.016609188,-0.01656101,73.13526
24.409420264318722,35.097825908808005,75.01247,6307200.133895874,-0.020233553,-0.0014872486,73.54082
24.800724541980035,35.0326085145684,80.91604,10713600.257492065,0.020412493,-0.0033897245,71.17792
24.503623143558386,34.916666955294566,80.479385,6047999.933052063,-0.02966021,-0.007802019,72.60726
24.5036234048686,34.94565269942081,84.86278,2073599.9613761902,-0.00811667,-0.0052255355,72.44226
24.003623304347823,35.192029209683014,80.788605,7430400.090122223,-0.004592605,0.004148344,74.05897
24.728260869121893,35.15579704180788,79.23173,11318400.360488892,0.015743766,-0.009576319,71.7263
24.271739312019278,35.0833337340226,74.97577,17971200.39653778,0.0055661313,-0.020642051,73.26938
24.275362351941567,35.02173896397893,79.32639,1296000.0444173813,-0.02848532,-0.018865967,72.37675
24.503623143558386,34.916666955294566,80.479385,8467199.796581268,-0.02653164,0.015014262,72.051956
24.528985389862203,35.079710263267266,73.800804,3887999.996137619,-0.021905247,-0.0077939257,73.64409
24.85869584610084,35.31159408476158,76.05999,10799999.95880127,0.018640012,-0.014660452,71.919624
24.15942034471344,35.02536261613985,84.04098,4665599.775981903,-0.020577952,-0.0068650926,72.936485
24.271739312019278,35.0833337340226,74.97577,4147199.9227523804,-0.02299913,-0.0022107093,73.19974
24.55072462237475,35.07608730649443,88.70044,4665599.775981903,-0.010925878,-0.015822249,72.573105
24.72463775080654,35.097825908808005,83.506035,1641599.9465703964,-0.007717047,0.0013279608,72.34353
24.659420157792983,35.13768139626715,82.9603,10886399.660110474,0.013852945,-0.010138253,71.85135
24.15217408195171,35.09782609021359,90.079155,13824000.4737854,0.0289757,-0.012190523,71.95914
24.373188349496587,35.09782609021359,73.044136,17712000.19569397,0.0053126495,-0.034856282,72.91702
24.35507260113369,35.04710138474188,76.478294,12182399.56741333,0.0054836646,-0.007154518,73.09004
24.5036234048686,34.94565269942081,84.86278,18143999.79915619,-0.0001324974,-0.030386312,71.392746
24.202898613755877,35.17753635462667,82.22561,2851200.015449524,-0.03929797,-0.025014738,72.55065
24.507246627708035,35.15217355593542,72.15966,11404800.061798096,0.021012368,-0.01170044,72.9013
24.409420185925658,35.126811301460926,78.58091,9244799.850654602,0.014988992,-0.0008671116,72.878174
24.507246627708035,35.15217355593542,72.15966,15551999.984550476,0.004147984,-0.0095417425,72.08213
24.514492864338745,35.152173737341,77.98083,7257600.139045715,-0.007256761,0.0025086016,72.626526
24.481884276880134,35.21376834109622,79.042,1123200.0247836113,0.0018590987,-0.006853711,72.85487
24.068840433535758,35.050724689208764,75.1399,10195199.855804443,0.01215842,-0.013377173,72.30031
24.503623143558386,34.916666955294566,80.479385,12527999.469566345,0.012321427,-0.008089876,71.6675
24.33695651306752,35.26449269887389,75.24537,9935999.654960632,0.027001534,-0.02496401,73.87439
24.5036234048686,34.94565269942081,84.86278,13910400.175094604,0.021461817,-0.031050893,72.189415
24.57246390714934,35.13405809180027,82.83649,3196799.917602539,-0.015770871,-0.012591636,71.87176
24.822463669968496,35.11956556932083,79.471794,4924799.976825714,-0.009237666,0.015483351,71.69409
24.2137679164399,35.101449394680465,78.1842,16847999.891853333,0.010696106,-0.021132559,72.39636
24.268116089179838,35.07971042955572,81.07262,8380800.095272064,-0.0048273504,-0.0019074949,73.07593
24.3985509616347,35.079710263267266,82.39983,18143999.79915619,0.017839212,-0.017791864,72.38725
24.782608845879178,35.07246365433351,80.82854,7862400.2420425415,-0.009433601,0.013317954,71.380806
24.49275373635028,35.04710138474188,79.64641,17279999.49531555,-0.0015704185,-0.014931394,72.71276
24.268116089179838,35.07971042955572,81.07262,15206400.082397461,0.014727382,-0.01635303,72.29746
24.52536253285706,35.05797113185407,79.99595,2851200.015449524,-0.0154358,-0.008075941,72.26555
24.49275373635028,34.95652190987481,78.13308,3801600.0205993652,-0.014743965,0.0028275857,72.84068
24.268116089179838,35.07971042955572,81.07262,1987199.9858379364,-0.026109789,-0.006731944,72.77572
24.880434869565217,35.11594208344836,73.60822,3801600.0205993652,-0.01393944,0.0072931135,73.549805
24.40579722439643,35.07608730649443,81.130585,7430400.090122223,0.011266435,-0.004620867,72.44389
24.369565205050215,35.10507235145331,81.59638,5875199.981975555,-0.021286968,-0.003942062,72.51462
24.507246627708035,35.15217355593542,72.15966,2419199.8635292053,-0.023341749,-0.0132173225,72.83982
24.35507260113369,35.04710138474188,76.478294,11404800.061798096,0.0061793365,-0.009909278,73.1589
24.16304339770124,35.14130418675153,77.183464,2246400.0495672226,-0.044294156,-0.05320438,72.853096
24.409420185925658,35.126811301460926,78.58091,8812800.247192383,0.011889469,-0.0039624665,72.867615
24.51086948471318,35.141304337922854,75.965324,15033599.582862854,0.014797218,-0.012543514,73.11831
24.507246627708035,35.15217355593542,72.15966,3542400.093984604,-0.02823501,-0.008879097,72.61195
24.822463669968496,35.11956556932083,79.471794,5875199.981975555,0.00025985762,0.018873572,71.62394
24.2137679164399,35.101449394680465,78.1842,3283199.893140793,-0.012992859,-0.019678438,73.22559
24.608695560661264,35.210145036629335,80.071884,8553600.046348572,0.0030895732,0.013101189,72.107216
24.409420185925658,35.126811301460926,78.58091,6566399.786281586,-0.009699173,-0.015132638,72.80456
24.15217408195171,35.09782609021359,90.079155,2764800.03991127,-0.0068877526,-0.019864416,73.28931
24.626811465810288,35.05797113185407,83.9315,11750399.96395111,0.020055246,-0.01736246,71.82118
24.47463793572534,35.15579704180788,74.131996,6134400.182819366,-0.019467346,-0.011622796,73.44457
24.579710091518006,35.06884069756067,84.24473,13046399.871253967,0.019447308,-0.014170067,71.95888
24.659420157792983,35.13768139626715,82.9603,3369599.8686790466,-0.022406,0.007044116,71.88737
24.351449221508126,35.36231895652174,77.53338,5702400.030899048,-0.019274015,-0.020460082,72.66352
24.481884276880134,35.21376834109622,79.042,3715200.0450611115,-0.012922939,-0.011328304,72.75266
24.521739153231497,35.18115965909355,80.50853,9590399.752807617,0.005417254,0.010399425,72.2167
24.134057993885538,35.130434787333385,80.741425,4233599.898290634,-0.03362848,-0.0063958224,73.24067
24.72463775080654,35.097825908808005,83.506035,11923200.463485718,0.017634481,-0.017700976,71.57887
24.003623304347823,35.192029209683014,80.788605,11491199.7631073,0.027692955,-0.015526528,74.218155
24.800724541980035,35.0326085145684,80.91604,16243199.788856506,0.012548741,0.0008433508,71.27166
24.152173912100075,34.942029039701325,85.189964,5961600.231742859,-0.02596144,-0.011270829,72.21909
24.33695651306752,35.26449269887389,75.24537,6220799.884128571,-0.032468952,-0.030290646,75.0888
24.3985509616347,35.079710263267266,82.39983,5443199.830055237,-0.014310818,0.008554216,72.32829
24.822463669968496,35.11956556932083,79.471794,7862400.2420425415,0.0035207532,0.017245784,71.64986
24.235507135886934,35.09782643790763,86.62735,17452799.99485016,-0.00067037717,-0.02618474,71.61759
24.85869584610084,35.31159408476158,76.05999,11145599.860954285,0.020014234,-0.014804481,71.95957
24.728260869121893,35.15579704180788,79.23173,14169600.375938416,0.024203984,-0.009515163,72.02562
24.655797039477626,35.09782643790763,82.953125,12441599.768257141,0.014591683,-0.021326218,71.78805
24.068840433535758,35.050724689208764,75.1399,4924799.976825714,-0.019637164,-0.016024292,73.460815
24.586956589458925,35.03623181903528,81.050644,7948799.943351746,-0.008653358,0.017703712,71.78649
24.409420342711783,35.02898555779556,73.23672,16675200.489234924,0.003554348,-0.020248752,73.26676
24.3913043591697,35.05434799367564,86.750465,13564800.27294159,0.021518383,-0.006176385,72.47453
24.579710091518006,35.06884069756067,84.24473,15033599.582862854,0.009597231,-0.01081734,71.79303
24.423912946628306,35.13405791039468,84.735344,3542400.093984604,-0.025240462,0.0043604714,72.156876
24.47463793572534,35.15579704180788,74.131996,14428799.479866028,0.021092396,-0.013077512,73.04505
24.503623143558386,34.916666955294566,80.479385,3456000.11844635,-0.01828013,-0.016338794,73.156296
24.43478277193275,35.06521686399416,78.38795,7862400.2420425415,-0.008988358,0.003370142,72.77907
24.619565229179578,35.18478278215484,82.255135,12614400.267791748,0.0147138,-0.015567167,71.98038
24.521739153231497,35.18115965909355,80.50853,14687999.680709839,0.016383143,-0.006729156,72.008514
24.068840433535758,35.050724689208764,75.1399,14601599.979400635,0.0184252,-0.027821274,71.781784
24.728260869121893,35.15579704180788,79.23173,11923200.463485718,0.019331336,-0.009173945,71.74597
24.57246390714934,35.13405809180027,82.83649,12527999.469566345,0.017178591,-0.012946326,71.946266
24.782608845879178,35.07246365433351,80.82854,5443199.830055237,-0.017748035,0.003906315,71.66372
24.43478251062254,35.050724689208764,81.254395,9331199.551963806,0.0077991635,0.00053368043,72.42437
24.782608584568965,35.06521774078783,85.492004,11664000.262641907,0.013828481,-0.022601351,71.32641
24.336956356281394,35.12681217825459,78.56935,4492800.099134445,-0.020873256,-0.00015799701,73.06892
24.72463775080654,35.097825908808005,83.506035,5615999.781131744,-0.00836166,0.008961609,71.79344
24.152173912100075,34.942029039701325,85.189964,16847999.891853333,0.0012577884,-0.020310337,72.00399
24.49275373635028,35.04710138474188,79.64641,10886399.660110474,0.012264555,-0.008934567,72.347374
24.268116089179838,35.07971042955572,81.07262,259199.99517202377,-0.03431811,0.0046406407,72.76806
24.17028990870767,35.119565206509655,75.23819,15811200.185394287,0.009626817,-0.016094798,72.33662
24.40579722439643,35.07608730649443,81.130585,15897599.886703491,0.010943312,-0.014249936,72.44919
24.171296292717127,35.10648163098043,78.049835,18143999.79915619,0.00043978915,-0.013818104,72.55368
24.3913043591697,35.05434799367564,86.750465,604799.9658823013,-0.02779987,-0.01680484,72.59953
24.518115930392057,35.170290078269815,76.7112,6047999.933052063,-0.015487436,-0.0041391673,73.32364
24.503623143558386,34.916666955294566,80.479385,14342399.778556824,0.012582714,-0.0010757372,71.56757
24.264492787947336,35.06521739309379,75.914215,6652800.036048889,-0.010324333,0.009223146,73.36319
24.351449221508126,35.36231895652174,77.53338,10195199.855804443,0.02626898,-0.003135032,73.293816
24.286231733018653,35.16304365074164,82.86601,2073599.9613761902,0.0019338019,-0.0140106715,72.26782
24.278985574781007,35.18478260074926,85.36457,10627199.459266663,0.025912287,-0.014078442,73.24907
24.528985389862203,35.079710263267266,73.800804,4319999.873828888,-0.023710117,-0.0068676276,73.68557
24.286231733018653,35.16304365074164,82.86601,4319999.873828888,-0.012104653,-0.0125266295,72.509415
24.134057993885538,35.130434787333385,80.741425,17193599.794006348,0.004328765,-0.010352995,71.694565
24.49275373635028,35.04710138474188,79.64641,2678400.0643730164,-0.014153495,-0.0039477013,72.27687
24.351449221508126,35.36231895652174,77.53338,9590399.752807617,0.027286513,0.00036467146,73.33206
24.503623143558386,34.916666955294566,80.479385,1641599.9465703964,-0.0009803697,-0.011244394,72.83153
24.340579735906957,35.22101461745307,78.71513,10281599.557113647,0.019747015,-0.015391743,73.03893
24.659420157792983,35.13768139626715,82.9603,86400.00124722719,-0.014365129,0.011578266,71.85422
24.800724541980035,35.0326085145684,80.91604,5097599.927902222,-0.012921508,-0.006404372,71.86624
24.286231733018653,35.16304365074164,82.86601,2592000.0888347626,-0.0044135116,-0.014763124,72.29534
24.340579657513896,35.072464168316,77.031204,3283199.893140793,-0.021243487,-0.014239952,73.037544
24.235507135886934,35.09782643790763,86.62735,7257600.139045715,-0.01453213,-0.015360143,72.898674
24.47463793572534,35.15579704180788,74.131996,17539199.696159363,0.013111969,-0.020006666,73.0441
24.514492864338745,35.152173737341,77.98083,16243199.788856506,0.007667059,-0.020237876,72.68664
24.33695651306752,35.26449269887389,75.24537,8985600.19826889,0.026845645,-0.022743162,74.33819
24.800724541980035,35.0326085145684,80.91604,5875199.981975555,-0.008218486,0.0004651677,71.55319
24.626811465810288,35.05797113185407,83.9315,604799.9658823013,-0.0017916746,0.017048083,72.44768
24.409420342711783,35.02898555779556,73.23672,0.0,-0.0002552308,0.013877574,73.36363
24.57608686867857,35.22463755910878,78.28966,15811200.185394287,0.012713583,-0.017947096,72.31248
24.507246627708035,35.15217355593542,72.15966,4579200.074672699,-0.031348623,-0.001096298,72.65286
24.068840433535758,35.050724689208764,75.1399,12700799.969100952,0.022645984,-0.021771116,71.80045
24.55434784521419,35.039855304907746,78.730316,4060799.9472141266,-0.010108843,-0.0020891987,72.71284
24.06159400092239,35.235507653915,77.223785,17020800.39138794,0.01106628,-0.036619067,71.71585
24.16304339770124,35.14130418675153,77.183464,7343999.840354919,0.012582986,-0.022944523,73.382
24.134057993885538,35.130434787333385,80.741425,5615999.781131744,-0.029010072,-0.0064570345,73.64842
24.171296292717127,35.10648163098043,78.049835,5443199.830055237,-0.023907285,-0.01297866,73.41415
24.521739153231497,35.18115965909355,80.50853,1814400.0347614288,-0.008740921,-0.007920945,72.1446
24.47463793572534,35.15579704180788,74.131996,15465600.283241272,0.020482242,-0.013416657,73.060455
24.40217392316393,35.07246365433351,77.73675,8726399.99742508,0.005129425,0.0031277882,73.015945
24.242753659958876,34.931159481553294,83.59315,3196799.917602539,-0.009646703,-0.012425991,71.96308
24.800724541980035,35.0326085145684,80.91604,7775999.992275238,-0.00090231374,0.013820337,71.24194
24.47463793572534,35.15579704180788,74.131996,12009600.164794922,0.013775982,-0.016195355,73.17719
24.40579730278949,34.98550712868071,82.545616,5097599.927902222,-0.027759328,-0.004151446,72.547165
24.641304357168043,34.938405387540406,81.3883,432000.01480579376,0.007926861,-0.0036070002,72.91361
24.52536253285706,35.05797113185407,79.99595,18316800.298690796,0.007842507,-0.01845664,72.75708
24.5036234048686,34.94565269942081,84.86278,7430400.090122223,-0.008592054,-0.0017090095,72.40558
24.525362323808892,35.01449270273921,80.76379,7343999.840354919,-0.020546168,0.014062658,72.09419
24.514492864338745,35.152173737341,77.98083,7948799.943351746,0.0006027594,0.004538006,72.6404
24.35507260113369,35.04710138474188,76.478294,3974399.971675873,-0.015631218,-0.011173759,73.11657
24.576087129988778,34.96376817111452,80.53768,5702400.030899048,-0.021118075,0.0041199434,72.341064
24.15217408195171,35.09782609021359,90.079155,1468799.9954938889,0.008290628,-0.015874175,73.35173
24.409420264318722,35.137681214861566,85.684586,5529600.07982254,-0.028114252,0.010200278,72.56854
24.62318819070881,35.09782625650204,81.14894,4924799.976825714,-0.025051087,0.0021589217,72.039795
24.409420264318722,35.097825908808005,75.01247,5529600.07982254,-0.0255153,-0.0032777227,73.53657
24.35507260113369,35.04710138474188,76.478294,7603200.0411987305,-0.004567921,-0.012155019,73.40485
24.141304256647267,35.05072417522627,80.839714,6998399.938201904,-0.018641971,0.0036907103,73.39811
24.51086948471318,35.141304337922854,75.965324,1555199.9710321426,-0.011488378,-0.002635588,73.57923
24.528985389862203,35.079710263267266,73.800804,1555199.9710321426,-0.010777298,-0.018973412,73.68893
24.423912946628306,35.13405791039468,84.735344,16416000.288391113,0.005713053,-0.016220398,72.12937
24.528985389862203,35.079710263267266,73.800804,18316800.298690796,-0.003453277,-0.026451843,73.96694
24.423912946628306,35.16304383214723,83.815254,16761600.190544128,0.0074900985,-0.017300218,72.220795
24.3913043591697,35.05434799367564,86.750465,8985600.19826889,0.0051682424,0.008003259,72.81835
24.608695560661264,35.210145036629335,80.071884,6825599.987125397,-0.013758659,0.010805823,71.98141
24.442029139218562,35.043478080275,76.86345,4752000.025749207,-0.016159553,-0.0009396337,72.9254
24.49275373635028,35.04710138474188,79.64641,11491199.7631073,0.01274509,-0.012222078,72.30846
24.358695745580064,35.14492749121842,79.46463,3023999.9665260315,-0.01914265,-0.0060303714,72.95343
24.278985653174068,35.159420527680346,80.15937,86400.00124722719,-0.030262165,-0.018973334,72.96635
24.503623143558386,34.916666955294566,80.479385,2764800.03991127,-0.014367353,-0.016387746,73.0848
24.514492864338745,35.152173737341,77.98083,10627199.459266663,0.015184775,-0.011983363,72.58804
24.43478251062254,35.050724689208764,81.254395,11836799.665260315,0.014715491,-0.016428731,72.27525
24.731884091961334,34.88405773852335,82.62194,5097599.927902222,-0.017972447,0.0040457896,71.9015
24.351449221508126,35.36231895652174,77.53338,8121599.894428253,0.028453454,0.004175901,73.070885
24.340579657513896,35.072464168316,77.031204,11577599.464416504,0.011815377,-0.004573417,73.02504
24.278985653174068,35.159420527680346,80.15937,13824000.4737854,0.017338624,-0.00679377,72.4449
24.503623143558386,34.916666955294566,80.479385,12441599.768257141,0.011986848,-0.008738222,71.67715
24.655797039477626,35.09782643790763,82.953125,12960000.169944763,0.013878066,-0.021001955,71.74633
24.507246627708035,35.15217355593542,72.15966,3456000.11844635,-0.027862351,-0.009306515,72.62009
24.57246390714934,35.13405809180027,82.83649,16934399.593162537,0.0051305313,-0.012333475,72.082565
24.336956356281394,35.12681217825459,78.56935,10799999.95880127,0.014649216,-0.008609168,72.93717
24.336956356281394,35.12681217825459,78.56935,3628800.0695228577,-0.020224001,-0.0006668819,73.03461
24.24275355543479,35.275361916886446,83.709785,12355200.066947937,0.027827641,-0.02217292,73.01441
24.340579657513896,35.072464168316,77.031204,12355200.066947937,0.014043326,-0.0015267059,72.92965
24.481884276880134,35.21376834109622,79.042,9935999.654960632,0.015094498,-0.0016879058,72.45058
24.782608845879178,35.07246365433351,80.82854,11318400.360488892,0.020113949,-0.007998055,71.289566
24.068840433535758,35.050724689208764,75.1399,259199.99517202377,-0.0054810084,-0.025529442,72.8677
24.278985574781007,35.18478260074926,85.36457,13996799.876403809,0.02403969,-0.019032488,72.658165
24.134057993885538,35.130434787333385,80.741425,6220799.884128571,-0.026352648,-0.0061547616,73.77103
24.57246390714934,35.13405809180027,82.83649,2419199.8635292053,-0.013285577,-0.012658048,71.853714
24.626811465810288,35.05797113185407,83.9315,18316800.298690796,0.0069391355,-0.011519687,71.649895
24.57608686867857,35.22463755910878,78.28966,6998399.938201904,-0.010447759,0.0073631443,72.6061
24.677536062942007,35.07971042955572,84.775665,13651199.974250793,0.012337377,-0.010874661,71.556404
24.068840433535758,35.050724689208764,75.1399,5011200.226593018,-0.019540977,-0.01635475,73.46081
24.409420185925658,35.126811301460926,78.58091,16934399.593162537,0.013176193,-0.015102629,72.68624
24.141304256647267,35.05072417522627,80.839714,11491199.7631073,0.016342117,-0.0154949315,73.18803
24.57608686867857,35.22463755910878,78.28966,10454400.056648254,0.019305352,-0.0039508743,72.17665
24.40579730278949,34.98550712868071,82.545616,11318400.360488892,0.014453918,-0.027478287,72.09039
24.202898613755877,35.17753635462667,82.22561,16156800.087547302,0.011638725,-0.021090087,71.55856
24.409420264318722,35.137681214861566,85.684586,9935999.654960632,0.009549301,-0.012459641,72.989105
24.32608705359737,35.05434782738719,80.59564,12527999.469566345,0.018584311,-0.015205616,72.635864
24.177536001617764,35.01449252133363,77.3516,11491199.7631073,0.01936907,-0.020825958,72.90744
24.278985574781007,35.18478260074926,85.36457,11923200.463485718,0.02510561,-0.01754113,73.11858
24.49275373635028,35.04710138474188,79.64641,12441599.768257141,0.01386936,-0.014598152,72.23235
24.235507135886934,35.09782643790763,86.62735,14428799.479866028,0.01951378,-0.020142997,72.77191
24.481884276880134,35.21376834109622,79.042,10022400.453186035,0.015401974,-0.0024405299,72.44399
24.351449221508126,35.36231895652174,77.53338,3369599.8686790466,-0.076339036,-0.08269656,72.422585
24.171296292717127,35.10648163098043,78.049835,3974399.971675873,-0.030469649,-0.014398802,73.21804
24.75362311542571,35.148550251468535,82.31272,15292799.783706665,0.012969108,-0.012611425,71.62144
24.51086948471318,35.141304337922854,75.965324,3628800.0695228577,-0.014786694,-0.006836652,73.635704
24.409420264318722,35.137681214861566,85.684586,10886399.660110474,0.011884088,-0.015984155,72.970535
24.409420264318722,35.097825908808005,75.01247,10627199.459266663,0.015596569,-0.008986419,73.37359
24.47463793572534,35.15579704180788,74.131996,17452799.99485016,0.013357803,-0.020067954,73.04744
24.55072462237475,35.07608730649443,88.70044,14515200.27809143,0.020076519,-0.017587883,71.870224
24.55072462237475,35.07608730649443,88.70044,18057600.097846985,0.009523269,-0.028162768,72.16469
24.40579722439643,35.07608730649443,81.130585,8121599.894428253,0.0137652345,-0.0007487908,72.55899
24.340579657513896,35.072464168316,77.031204,691200.0099778175,-0.010610279,-0.008832077,73.148506
24.731884091961334,34.88405773852335,82.62194,777599.9855160713,0.0031379852,0.0145840105,73.267296
24.43478277193275,35.06521686399416,78.38795,6825599.987125397,-0.015082188,0.0013557193,72.723755
24.641304357168043,34.938405387540406,81.3883,12355200.066947937,0.014658131,-0.028269371,71.3051
24.507246418659868,35.018115659512056,74.98295,16156800.087547302,0.0049465466,-0.016276244,73.99162
24.55434784521419,35.039855304907746,78.730316,2937599.9909877777,-0.005455848,-0.009637227,72.54823
24.75362311542571,35.148550251468535,82.31272,13737599.675559998,0.014661519,-0.017408831,71.502266
24.340579735906957,35.22101461745307,78.71513,14687999.680709839,0.022379097,-0.00898893,72.26918
24.880434869565217,35.11594208344836,73.60822,11491199.7631073,0.020402536,-0.016656727,73.54908
24.43478277193275,35.06521686399416,78.38795,3974399.971675873,-0.016481,-0.010317892,72.514465
24.003623304347823,35.192029209683014,80.788605,8899199.948501587,0.022816973,-0.0008422695,74.4532
24.586956589458925,35.03623181903528,81.050644,15811200.185394287,0.008856863,-0.02351257,71.734245
24.369565205050215,35.10507235145331,81.59638,13305600.072097778,0.022081878,-0.009630343,72.45339
24.528985389862203,35.079710263267266,73.800804,10972800.458335876,0.01623027,-0.013515903,73.57027
24.409420264318722,35.097825908808005,75.01247,11318400.360488892,0.0153485425,-0.009877052,73.28984
24.068840433535758,35.050724689208764,75.1399,2678400.0643730164,-0.024528097,-0.0042901468,72.97951
24.85869584610084,35.31159408476158,76.05999,3283199.893140793,-0.006653752,0.013930578,72.05062
24.278985574781007,35.18478260074926,85.36457,3715200.0450611115,-0.055024028,-0.0080437865,72.12229
24.40217392316393,35.07246365433351,77.73675,5011200.226593018,-0.01642676,-0.013923787,72.825615
24.32608705359737,35.05434782738719,80.59564,2764800.03991127,-0.019936785,-0.022853956,72.3667
24.278985574781007,35.18478260074926,85.36457,6047999.933052063,-0.046560712,-0.011921801,72.76186
24.365941903817713,35.11594190204278,77.940506,18143999.79915619,0.0015335307,-0.007903421,72.86785
24.286231733018653,35.16304365074164,82.86601,8380800.095272064,0.013195936,-0.0044967467,72.95523
24.782608845879178,35.07246365433351,80.82854,7430400.090122223,-0.01212598,0.013089882,71.373634
24.528985389862203,35.079710263267266,73.800804,13132799.572563171,0.021599911,-0.013042996,73.37237
24.268116089179838,35.07971042955572,81.07262,6047999.933052063,-0.015440326,-0.01086491,72.87874
24.481884276880134,35.21376834109622,79.042,691200.0099778175,0.0072436035,-0.0024071988,72.83308
24.53985505838052,35.14492730981283,78.72631,9935999.654960632,0.0103508085,-0.001317706,72.42744
24.43478251062254,35.050724689208764,81.254395,15033599.582862854,0.013902403,-0.016365334,72.13042
24.373188349496587,35.09782609021359,73.044136,3974399.971675873,-0.016967427,-0.007443933,73.02672
24.152173912100075,34.942029039701325,85.189964,9504000.051498413,0.012466995,-0.0061238986,72.54055
24.264492787947336,35.06521739309379,75.914215,2937599.9909877777,-0.013558343,-0.015733799,73.2273
24.271739312019278,35.0833337340226,74.97577,1814400.0347614288,-0.027990699,-0.0024155313,73.21561
24.782608584568965,35.06521774078783,85.492004,17971200.39653778,-0.0025319085,-0.017648172,72.1163
24.572463802625258,35.028985391507106,77.31845,6307200.133895874,-0.0154042505,0.00035224576,73.46333
24.518115930392057,35.170290078269815,76.7112,11664000.262641907,0.019212537,-0.01092633,72.68141
24.677536062942007,35.07971042955572,84.775665,7603200.0411987305,0.0070052315,-0.0036235144,71.926285
24.171296292717127,35.10648163098043,78.049835,10195199.855804443,0.015279314,-0.01798028,73.499115
24.782608845879178,35.07246365433351,80.82854,3023999.9665260315,-0.018986333,-0.0017736992,72.46698
24.782608845879178,35.07246365433351,80.82854,2937599.9909877777,-0.01861567,-0.0017783437,72.48993
24.659420157792983,35.13768139626715,82.9603,18143999.79915619,0.0005218908,-0.012194084,72.279854
24.728260869121893,35.15579704180788,79.23173,11836799.665260315,0.018749643,-0.009171115,71.74139
24.731883987437246,34.999999998854186,80.17734,7430400.090122223,-0.0043103397,0.002368873,71.59647
24.47463793572534,35.15579704180788,74.131996,2764800.03991127,-0.007616937,-0.008816313,73.39537
24.46739112421217,35.10507235145331,77.031204,6998399.938201904,-0.0013034493,-0.00606394,73.03662
24.409420264318722,35.137681214861566,85.684586,11145599.860954285,0.012583148,-0.016059678,72.945
24.15217408195171,35.09782609021359,90.079155,6480000.084972382,0.010836028,-0.014141345,72.52914
24.52536253285706,35.05797113185407,79.99595,5356800.128746033,-0.016787052,-0.004072964,72.25588
24.623188347494935,34.98550731008629,86.27349,172800.00249445438,0.010037389,-0.0024185525,73.21944
24.423912946628306,35.13405791039468,84.735344,7084800.187969208,-0.015520055,0.0008841357,72.618935
24.202898613755877,35.17753635462667,82.22561,17798399.897003174,0.0011250712,-0.01975229,71.28804
24.3913043591697,35.05434799367564,86.750465,6566399.786281586,-0.018262222,0.015183974,73.050285
24.572463802625258,35.028985391507106,77.31845,5356800.128746033,-0.019902121,-0.0021057157,73.40519
24.268116089179838,35.07971042955572,81.07262,7948799.943351746,-0.008017752,-0.0044909306,73.095055
24.40217392316393,35.07246365433351,77.73675,4406400.123596191,-0.015688226,-0.014646353,72.80127
24.52536253285706,35.05797113185407,79.99595,9763200.252342224,0.010550126,-0.010648416,72.169014
24.641304357168043,34.938405387540406,81.3883,5097599.927902222,-0.009114075,-0.009535896,72.052536
24.242753659958876,34.931159481553294,83.59315,691200.0099778175,-0.013555385,0.0034051873,71.92575
24.800724541980035,35.0326085145684,80.91604,7257600.139045715,-0.0012040175,0.014468031,71.28803
24.068840433535758,35.17753635462667,82.62194,15206400.082397461,0.028486414,-0.016843121,72.56109
24.47463793572534,35.15579704180788,74.131996,4492800.099134445,-0.021143802,-0.008030219,73.302505
24.264492787947336,35.06521739309379,75.914215,5529600.07982254,-0.014993917,0.0005286578,73.287506
24.275362351941567,35.02173896397893,79.32639,10022400.453186035,0.02012822,-0.01100464,73.06393
24.442029139218562,35.043478080275,76.86345,10627199.459266663,0.0030441172,-0.012943512,73.19102
24.365941903817713,35.11594190204278,77.940506,18057600.097846985,0.0017686896,-0.0076260455,72.85443
24.57246390714934,35.13405809180027,82.83649,6220799.884128571,-0.024404291,-0.0027054735,71.903824
24.358695745580064,35.14492749121842,79.46463,17971200.39653778,-0.0034216568,-0.01713455,72.184296
24.514492864338745,35.152173737341,77.98083,14515200.27809143,0.022101237,-0.01024111,72.52519
24.471014503837736,35.137681214861566,84.09494,3974399.971675873,-0.021202814,-0.004208221,72.07345
24.35507260113369,35.04710138474188,76.478294,14083199.577713013,0.010234904,0.008105891,73.10576
24.576087129988778,34.96376817111452,80.53768,8467199.796581268,0.0014262311,-0.011039102,71.79797
24.57608686867857,35.22463755910878,78.28966,12095999.866104126,0.023227924,-0.0043932656,71.964096
24.60144921950647,34.9456523441682,85.40489,6998399.938201904,-0.017254323,0.017598141,72.2073
24.264492787947336,35.06521739309379,75.914215,1987199.9858379364,-0.013572894,-0.017112872,73.23514
24.576087129988778,34.96376817111452,80.53768,14947199.88155365,0.02074917,-0.011993762,71.64674
24.068840433535758,35.050724689208764,75.1399,17539199.696159363,0.0010393597,-0.029280042,72.88501
24.369565205050215,35.10507235145331,81.59638,8812800.247192383,0.011409694,-0.00505869,72.76824
24.619565229179578,35.18478278215484,82.255135,1296000.0444173813,-8.3222985e-06,0.00080619706,71.53346
24.202898613755877,35.17753635462667,82.22561,12095999.866104126,0.02303732,-0.016398458,73.098816
24.507246418659868,35.018115659512056,74.98295,11059200.15964508,0.008109966,-0.010098638,73.670944
24.15942034471344,35.02536261613985,84.04098,6307200.133895874,-0.006787602,-0.011687595,72.85624
24.822463669968496,35.11956556932083,79.471794,15897599.886703491,0.018629825,-0.022021681,71.828514
24.235507135886934,35.09782643790763,86.62735,15379199.48501587,0.01643941,-0.021069039,72.447975
24.373188349496587,35.09782609021359,73.044136,9590399.752807617,0.01344431,-0.0110273305,73.00323
24.40217392316393,35.07246365433351,77.73675,13219200.370788574,0.018463373,2.1866523e-05,72.834335
24.40579722439643,35.07608730649443,81.130585,12700799.969100952,0.01835751,-0.013454298,72.381584
24.340579657513896,35.072464168316,77.031204,15897599.886703491,0.009038888,-0.01348708,72.97474
24.282608510179216,35.10869565592019,73.044136,518399.99034404755,-0.037673622,0.010494006,73.08221
24.626811465810288,35.05797113185407,83.9315,432000.01480579376,-0.0034308173,0.01764068,72.449524
24.43478251062254,35.050724689208764,81.254395,10799999.95880127,0.013584694,-0.01604481,72.34152
24.528985389862203,35.079710263267266,73.800804,16243199.788856506,0.0106005,-0.024405716,73.67818
24.782608584568965,35.06521774078783,85.492004,12441599.768257141,0.015492022,-0.023982929,71.22658
24.62318819070881,35.09782625650204,81.14894,10886399.660110474,0.0039482415,-0.013238594,71.73629
24.72463775080654,35.097825908808005,83.506035,777599.9855160713,0.0066111498,-0.00026370585,72.38549
24.24275355543479,35.275361916886446,83.709785,6480000.084972382,-0.026067361,-0.024010604,72.22351
24.3913043591697,35.05434799367564,86.750465,17279999.49531555,0.0065813325,-0.012647202,71.814186
24.3985509616347,35.079710263267266,82.39983,15724800.484085083,0.01283174,-0.0187434,72.293205
24.518115930392057,35.170290078269815,76.7112,14169600.375938416,0.022400402,-0.007849004,72.749146
24.293478074173446,35.130434424522214,78.52256,12960000.169944763,0.015240567,-0.009450959,72.684074
24.16304339770124,35.14130418675153,77.183464,10368000.35533905,0.022659034,-0.01411875,73.36941
24.351449221508126,35.36231895652174,77.53338,10368000.35533905,0.02586592,-0.0043649497,73.27283
24.521739153231497,35.18115965909355,80.50853,259199.99517202377,0.0052223746,-0.010409934,72.17204
24.15942034471344,35.02536261613985,84.04098,6047999.933052063,-0.009683706,-0.009974441,72.85879
24.626811465810288,35.05797113185407,83.9315,13910400.175094604,0.025061648,-0.010677516,71.72807
24.782608584568965,35.06521774078783,85.492004,15897599.886703491,0.015564118,-0.016770184,71.91304
24.33695651306752,35.26449269887389,75.24537,14687999.680709839,0.031092018,-0.014591472,72.28385
24.278985653174068,35.159420527680346,80.15937,4406400.123596191,-0.029601403,-0.00879854,73.062
24.202898613755877,35.17753635462667,82.22561,8294399.845504761,0.0057868194,0.006527541,73.46384
24.365941903817713,35.11594190204278,77.940506,9244799.850654602,-0.0017389283,-0.0029398976,73.106346
24.72463775080654,35.097825908808005,83.506035,8553600.046348572,-0.0020486452,0.0042530634,71.652145
24.507246418659868,35.018115659512056,74.98295,15638399.68585968,0.008648546,-0.014508836,73.844246
24.177536001617764,35.01449252133363,77.3516,17452799.99485016,-0.0035061538,-0.020137243,72.978035
24.55072462237475,35.07608730649443,88.70044,12441599.768257141,0.021056268,-0.0134772975,71.99794
24.177536001617764,35.01449252133363,77.3516,2937599.9909877777,-0.014311966,-0.010529064,72.90916
24.409420264318722,35.097825908808005,75.01247,15983999.588012695,0.010698998,-0.014129335,73.09935
24.782608584568965,35.06521774078783,85.492004,14342399.778556824,0.02224661,-0.01693055,71.43789
24.481884276880134,35.21376834109622,79.042,1382400.019955635,-0.0017637499,-0.009162318,72.8708
24.579710091518006,35.06884069756067,84.24473,3974399.971675873,-0.022783685,-0.00028589834,72.41762
24.471014503837736,35.137681214861566,84.09494,10886399.660110474,0.007693352,-0.015861815,72.57585
24.351449221508126,35.36231895652174,77.53338,15120000.381088257,0.02281461,-0.021606617,72.99351
24.75362311542571,35.148550251468535,82.31272,16675200.489234924,-0.0038376562,-0.009676922,71.9412
24.507246627708035,35.15217355593542,72.15966,4665599.775981903,-0.031415746,-0.000221923,72.66583
24.619565229179578,35.18478278215484,82.255135,6307200.133895874,-0.010100249,-0.00956429,71.62504
24.53985505838052,35.14492730981283,78.72631,3715200.0450611115,-0.017184395,0.003513325,72.5084
24.409420342711783,35.02898555779556,73.23672,16588799.691009521,0.003786914,-0.019980375,73.25629
24.2137679164399,35.101449394680465,78.1842,15724800.484085083,0.014930999,-0.02086655,72.32308
24.152173912100075,34.942029039701325,85.189964,1814400.0347614288,-0.005696304,-0.02159608,72.42176
24.35507260113369,35.04710138474188,76.478294,7084800.187969208,-0.0077453926,-0.013555147,73.367836
24.373188532413735,34.85507217391305,83.68782,6566399.786281586,-0.01632233,-0.021671034,71.89467
24.275362351941567,35.02173896397893,79.32639,16156800.087547302,0.0064427573,-0.01711894,72.684006
24.85869584610084,35.31159408476158,76.05999,3456000.11844635,-0.008753847,0.01343537,72.05299
24.268116089179838,35.07971042955572,81.07262,11491199.7631073,0.014004696,-0.016523974,72.87137
24.800724541980035,35.0326085145684,80.91604,15120000.381088257,0.016769776,0.00074775005,71.15901
24.782608845879178,35.07246365433351,80.82854,8208000.144195557,-0.0045971386,0.011952812,71.37915
24.003623304347823,35.192029209683014,80.788605,7171199.889278412,-0.011400912,0.0026146043,73.969215
24.528985389862203,35.079710263267266,73.800804,8812800.247192383,0.002593955,-0.003691014,73.779274
24.3985509616347,35.079710263267266,82.39983,3628800.0695228577,-0.014993537,0.010714632,72.32668
24.373188532413735,34.85507217391305,83.68782,13391999.773406982,0.01601898,-0.031915262,71.33041
24.518115930392057,35.170290078269815,76.7112,13478399.474716187,0.024298104,-0.0075000282,72.70666
24.586956589458925,35.03623181903528,81.050644,14515200.27809143,0.01532669,-0.016562678,71.71035
24.40217392316393,35.07246365433351,77.73675,2678400.0643730164,-0.011098146,-0.011235494,72.7879
24.409420264318722,35.137681214861566,85.684586,2246400.0495672226,-0.02565905,-0.008577455,72.25039
24.409420264318722,35.097825908808005,75.01247,7862400.2420425415,-0.0049441494,0.00433485,73.53661
24.55072462237475,35.07608730649443,88.70044,13910400.175094604,0.022711035,-0.01389215,71.88483
24.677536062942007,35.07971042955572,84.775665,16675200.489234924,-0.0011659786,-0.014685191,71.72007
24.06159400092239,35.235507653915,77.223785,3023999.9665260315,-0.065953255,-0.058549903,72.54409
24.15217408195171,35.09782609021359,90.079155,3974399.971675873,-0.013511572,-0.019802501,73.03945
24.782608845879178,35.07246365433351,80.82854,5011200.226593018,-0.018503599,0.0011618859,71.82361
24.423912946628306,35.16304383214723,83.815254,10799999.95880127,0.015659614,-0.012635963,72.83674
24.423912946628306,35.16304383214723,83.815254,11836799.665260315,0.012562882,-0.015519701,72.758835
24.202898613755877,35.17753635462667,82.22561,2592000.0888347626,-0.038814485,-0.027372511,72.5259
24.55434784521419,35.039855304907746,78.730316,14342399.778556824,0.016757641,-0.009976756,72.4433
24.32608705359737,35.05434782738719,80.59564,16588799.691009521,0.008954501,-0.016362365,72.50886
24.271739312019278,35.0833337340226,74.97577,16243199.788856506,0.011520514,-0.020033803,73.15879
24.53985505838052,35.14492730981283,78.72631,18316800.298690796,0.006009357,-0.02024949,73.06526
24.409420264318722,35.097825908808005,75.01247,1900800.0102996826,-0.017916042,-0.010437781,73.507675
24.351449221508126,35.36231895652174,77.53338,17539199.696159363,0.017104972,-0.029060567,73.548874
24.619565229179578,35.18478278215484,82.255135,16243199.788856506,0.006581461,-0.015416337,72.17927
24.409420342711783,35.02898555779556,73.23672,8380800.095272064,-0.006543182,0.01424171,73.264145
24.800724541980035,35.0326085145684,80.91604,7430400.090122223,-0.0013868883,0.014593691,71.271736
24.55434784521419,35.039855304907746,78.730316,14515200.27809143,0.016145468,-0.010145314,72.46568
24.423912946628306,35.13405791039468,84.735344,4579200.074672699,-0.02596622,-0.0009416314,72.298805
24.40579730278949,34.98550712868071,82.545616,5615999.781131744,-0.028961882,-0.0021352042,72.541115
24.655797039477626,35.09782643790763,82.953125,4492800.099134445,-0.018508978,-0.00051206816,71.984955
24.481884276880134,35.21376834109622,79.042,12355200.066947937,0.018653795,-0.0029035453,72.17991
24.409420342711783,35.02898555779556,73.23672,4233599.898290634,-0.017469395,0.0041910093,73.08615
24.49275373635028,34.95652190987481,78.13308,12614400.267791748,0.010198923,-0.004811763,72.6114
24.46739112421217,35.10507235145331,77.031204,3628800.0695228577,-0.011374898,-0.013789041,73.15622
24.507246627708035,35.15217355593542,72.15966,2159999.936914444,-0.022289425,-0.013790779,72.914604
24.525362323808892,35.01449270273921,80.76379,259199.99517202377,0.0029072426,0.013592537,72.1988
24.677536062942007,35.07971042955572,84.775665,15379199.48501587,0.008412104,-0.01104356,71.606895
24.623188347494935,34.98550731008629,86.27349,9935999.654960632,0.02359296,-0.009247577,72.031105
24.731884091961334,34.88405773852335,82.62194,3542400.093984604,-0.012352459,-0.002988914,72.648636
24.47463793572534,35.15579704180788,74.131996,6047999.933052063,-0.019956592,-0.011487469,73.43707
24.528985389862203,35.079710263267266,73.800804,6393599.835205078,-0.011436492,-0.008832099,73.66003
24.268116089179838,35.07971042955572,81.07262,172800.00249445438,-0.03496088,0.0047528027,72.767624
24.40217392316393,35.07246365433351,77.73675,2851200.015449524,-0.011867929,-0.011913804,72.781845
24.33695651306752,35.26449269887389,75.24537,12787199.670410156,0.029682312,-0.018597774,72.931885
24.586956589458925,35.03623181903528,81.050644,8553600.046348572,-0.0070986934,0.013932409,71.75162
24.85869584610084,35.31159408476158,76.05999,11750399.96395111,0.023139937,-0.013683138,72.06362
24.32608705359737,35.05434782738719,80.59564,7948799.943351746,0.004091531,-0.015112486,72.81769
24.068840433535758,35.17753635462667,82.62194,17020800.39138794,0.022146158,-0.025810378,71.91426
24.518115930392057,35.170290078269815,76.7112,8380800.095272064,0.0030290112,-0.0083334,72.97418
24.677536062942007,35.07971042955572,84.775665,2332799.8879909515,-0.015190922,0.0023643076,72.405014
24.32608705359737,35.05434782738719,80.59564,12268800.365638733,0.017715026,-0.015167633,72.64596
24.409420342711783,35.02898555779556,73.23672,14169600.375938416,0.011868881,-0.009368401,73.17818
24.409420264318722,35.137681214861566,85.684586,14687999.680709839,0.019769058,-0.004677874,72.405075
24.677536062942007,35.07971042955572,84.775665,6912000.2368927,0.006999487,-0.0027435897,71.989494
24.49275373635028,34.95652190987481,78.13308,10108800.15449524,-0.00808366,-0.009199323,72.90165
24.16304339770124,35.14130418675153,77.183464,604799.9658823013,-0.04793433,-0.05599059,72.8273
24.728260869121893,35.15579704180788,79.23173,4924799.976825714,-0.022398334,0.0061185025,72.12379
24.47463793572534,35.15579704180788,74.131996,10972800.458335876,0.014372857,-0.015640235,73.3656
24.57608686867857,35.22463755910878,78.28966,15465600.283241272,0.014640655,-0.01567328,72.293335
24.47463793572534,35.15579704180788,74.131996,17193599.794006348,0.014134059,-0.019849164,73.05515
24.15942034471344,35.02536261613985,84.04098,5529600.07982254,-0.01562107,-0.0072353724,72.881454
24.373188532413735,34.85507217391305,83.68782,10713600.257492065,0.0039048605,-0.021105364,72.1471
24.35507260113369,35.04710138474188,76.478294,1900800.0102996826,-0.010323867,-0.0075362157,73.03962
24.06159400092239,35.235507653915,77.223785,12009600.164794922,0.0319673,-0.027515559,73.80893
24.572463802625258,35.028985391507106,77.31845,11231999.562263489,0.009337777,-0.012702122,72.99154
24.242753659958876,34.931159481553294,83.59315,10108800.15449524,0.011518726,-0.0025071986,72.29067
24.068840433535758,35.17753635462667,82.62194,8467199.796581268,0.012346428,-0.02659261,73.67521
24.43478277193275,35.06521686399416,78.38795,2159999.936914444,-0.013031069,-0.010358909,72.52005
24.57246390714934,35.13405809180027,82.83649,11059200.15964508,0.013587272,-0.012924489,71.96047
24.351449221508126,35.36231895652174,77.53338,5788799.732208252,-0.01608013,-0.018252792,72.66781
24.471014503837736,35.137681214861566,84.09494,8726399.99742508,-0.0036439113,-0.001716543,72.58318
24.068840433535758,35.17753635462667,82.62194,16675200.489234924,0.023225382,-0.02475171,72.03144
24.40217392316393,35.07246365433351,77.73675,1814400.0347614288,-0.002825398,-0.007867385,72.81846
24.62318819070881,35.09782625650204,81.14894,4060799.9472141266,-0.022149384,0.0021311017,72.063965
24.52536253285706,35.05797113185407,79.99595,1987199.9858379364,-0.014027029,-0.0058671683,72.224174
24.62318819070881,35.09782625650204,81.14894,14601599.979400635,0.012428913,-0.010325529,71.85855
24.351449221508126,35.36231895652174,77.53338,1728000.059223175,-0.09467197,-0.09728084,72.28298
24.442029139218562,35.043478080275,76.86345,12787199.670410156,0.010322237,-0.013081506,73.03026
24.373188349496587,35.09782609021359,73.044136,10108800.15449524,0.017855626,-0.01146315,73.00914
24.655797039477626,35.09782643790763,82.953125,9244799.850654602,0.012408126,-0.0062186094,71.67875
24.171296292717127,35.10648163098043,78.049835,86400.00124722719,-0.039363556,-0.0077577513,73.16099
24.641304357168043,34.938405387540406,81.3883,13478399.474716187,0.017237836,-0.029019518,71.25419
24.33695651306752,35.26449269887389,75.24537,13391999.773406982,0.030886233,-0.016380174,72.68492
24.52536253285706,35.05797113185407,79.99595,13996799.876403809,0.014821753,-0.0135965925,72.13162
24.3913043591697,35.05434799367564,86.750465,3196799.917602539,-0.026611667,-0.020441053,72.89208
24.731884091961334,34.88405773852335,82.62194,15638399.68585968,-0.0017650202,-0.00077599287,71.29975
24.623188347494935,34.98550731008629,86.27349,9331199.551963806,0.01862676,-0.0042800503,72.07781
24.43478277193275,35.06521686399416,78.38795,1987199.9858379364,-0.0121291615,-0.010976573,72.51613
24.619565229179578,35.18478278215484,82.255135,17625600.494384766,0.0040329266,-0.014745725,72.45442
24.286231733018653,35.16304365074164,82.86601,16156800.087547302,0.013014404,-0.024104996,71.89082
24.62318819070881,35.09782625650204,81.14894,13132799.572563171,0.012662161,-0.012320429,71.905594
24.46739112421217,35.10507235145331,77.031204,12009600.164794922,0.020325547,-0.009450708,72.80576
24.242753659958876,34.931159481553294,83.59315,18230399.500465393,-0.00066922605,-0.015518287,71.99645
24.282608510179216,35.10869565592019,73.044136,5097599.927902222,-0.027781416,-0.015048828,73.14929
24.33695651306752,35.26449269887389,75.24537,12700799.969100952,0.029489683,-0.01891939,72.96687
24.521739153231497,35.18115965909355,80.50853,86400.00124722719,0.0040230136,-0.011135252,72.17929
24.75362311542571,35.148550251468535,82.31272,1123200.0247836113,-0.03509999,0.025692813,71.82865
24.442029139218562,35.043478080275,76.86345,3974399.971675873,-0.014706839,-0.0030774595,72.85189
24.17028990870767,35.119565206509655,75.23819,3023999.9665260315,-0.04159131,-0.02452151,72.80075
24.55072462237475,35.07608730649443,88.70044,16502399.989700317,0.009481948,-0.025855308,72.02601
24.43478277193275,35.06521686399416,78.38795,3110399.9420642853,-0.0153977275,-0.009790909,72.51476
24.2137679164399,35.101449394680465,78.1842,1900800.0102996826,-0.0038322099,-0.021128291,73.29342
24.202898613755877,35.17753635462667,82.22561,9244799.850654602,0.017650325,-0.0024196543,73.53686
24.40579722439643,35.07608730649443,81.130585,10886399.660110474,0.0132593475,-0.013091976,72.47201
24.3985509616347,35.079710263267266,82.39983,5702400.030899048,-0.011601299,0.006115035,72.33322
24.782608584568965,35.06521774078783,85.492004,9935999.654960632,0.01137406,-0.010292111,71.47092
24.16304339770124,35.14130418675153,77.183464,1123200.0247836113,-0.046070047,-0.05676829,72.81527
24.608695560661264,35.210145036629335,80.071884,16329599.49016571,0.008735459,-0.013112463,72.45323
24.731883987437246,34.999999998854186,80.17734,18403200.0,0.010685042,-0.015435973,71.80417
24.268116089179838,35.07971042955572,81.07262,13824000.4737854,0.021997448,-0.014545452,72.558945
24.278985653174068,35.159420527680346,80.15937,16761600.190544128,-0.0023132786,-0.016048029,71.846825
24.152173912100075,34.942029039701325,85.189964,11664000.262641907,0.02450576,-0.012271058,72.29696
24.373188349496587,35.09782609021359,73.044136,13564800.27294159,0.020351259,-0.02231535,72.68038
24.235507135886934,35.09782643790763,86.62735,3369599.8686790466,-0.016075227,0.009904796,72.7918
24.507246627708035,35.15217355593542,72.15966,0.0,-0.018535316,-0.0007740287,73.68326
24.655797039477626,35.09782643790763,82.953125,2332799.8879909515,-0.013282284,-0.0030524302,72.12496
24.507246418659868,35.018115659512056,74.98295,3456000.11844635,-0.015177522,-0.004272541,73.0833
24.32608705359737,35.05434782738719,80.59564,5270399.878978729,-0.012984782,-0.019323912,72.54785
24.242753659958876,34.931159481553294,83.59315,9071999.899578094,0.010185802,0.010108067,72.352425
24.293478074173446,35.130434424522214,78.52256,950400.0051498413,-0.021539167,-0.019189656,73.26762
24.286231733018653,35.16304365074164,82.86601,3801600.0205993652,-0.013185512,-0.013088087,72.444115
24.15217408195171,35.09782609021359,90.079155,345600.00498890877,-0.00026924536,-0.011887686,73.20797
24.423912946628306,35.13405791039468,84.735344,864000.0296115875,-0.019141413,0.0141361635,72.06662
24.880434869565217,35.11594208344836,73.60822,2592000.0888347626,-0.016372468,0.0027634078,73.60099
24.358695745580064,35.14492749121842,79.46463,12527999.469566345,0.018825132,-0.0050795022,72.56931
24.677536062942007,35.07971042955572,84.775665,8899199.948501587,0.011787187,-0.008631751,71.927
24.409420264318722,35.097825908808005,75.01247,11923200.463485718,0.017005373,-0.008679258,73.209175
24.275362351941567,35.02173896397893,79.32639,3023999.9665260315,-0.028761178,-0.01061395,72.53314
24.528985389862203,35.079710263267266,73.800804,5529600.07982254,-0.023293823,-0.009141032,73.70109
24.32608705359737,35.05434782738719,80.59564,6652800.036048889,-0.001985129,-0.01794842,72.70084
24.373188349496587,35.09782609021359,73.044136,7171199.889278412,-0.002929695,-0.013419298,73.01413
24.579710091518006,35.06884069756067,84.24473,11145599.860954285,0.016126385,-0.016108444,72.05501
24.235507135886934,35.09782643790763,86.62735,13478399.474716187,0.019497022,-0.020792475,72.954834
24.782608845879178,35.07246365433351,80.82854,15292799.783706665,0.0072474536,-0.0075915605,71.4176
24.521739153231497,35.18115965909355,80.50853,1555199.9710321426,-0.0058998503,-0.009035133,72.14488
24.365941903817713,35.11594190204278,77.940506,6652800.036048889,-0.022961441,-0.009144813,73.04942
24.409420342711783,35.02898555779556,73.23672,11577599.464416504,0.013554312,-0.011380438,73.25509
24.409420264318722,35.097825908808005,75.01247,12182399.56741333,0.01790608,-0.00797466,73.17793
24.003623304347823,35.192029209683014,80.788605,14687999.680709839,0.021986589,-0.020533072,72.672905
24.409420342711783,35.02898555779556,73.23672,17366400.293540955,-0.0004266724,-0.021562647,73.39778
24.202898613755877,35.17753635462667,82.22561,5097599.927902222,-0.03214392,-0.013366036,72.899315
24.06159400092239,35.235507653915,77.223785,16761600.190544128,0.013023965,-0.03635677,71.73506
24.49275373635028,35.04710138474188,79.64641,5875199.981975555,-0.0194358,9.204727e-05,72.31632
24.003623304347823,35.192029209683014,80.788605,4752000.025749207,-0.051646717,-0.025320115,73.04865
24.576087129988778,34.96376817111452,80.53768,18057600.097846985,0.011281569,-0.022610838,71.88369
24.068840433535758,35.050724689208764,75.1399,3196799.917602539,-0.025208026,-0.006094139,73.11172
24.5036234048686,34.94565269942081,84.86278,9244799.850654602,0.004857812,-0.0030910214,71.97339
24.518115930392057,35.170290078269815,76.7112,17020800.39138794,0.007788155,-0.017479599,72.959694
24.409420264318722,35.097825908808005,75.01247,15551999.984550476,0.013133043,-0.011551566,73.095436
24.373188532413735,34.85507217391305,83.68782,16070400.386238098,0.0033557992,-0.03791309,70.995255
24.579710091518006,35.06884069756067,84.24473,6134400.182819366,-0.018645607,0.0041804444,72.226074
24.572463802625258,35.028985391507106,77.31845,12355200.066947937,0.012319021,-0.010575239,72.84854
24.85869584610084,35.31159408476158,76.05999,6825599.987125397,-0.018395137,0.01649006,71.62568
24.507246627708035,35.15217355593542,72.15966,6912000.2368927,-0.018112738,0.015240362,73.02917
24.15217408195171,35.09782609021359,90.079155,16675200.489234924,0.012853093,-0.028087927,71.04653
24.728260869121893,35.15579704180788,79.23173,15120000.381088257,0.021056037,-0.011366099,72.1836
24.60144921950647,34.9456523441682,85.40489,15465600.283241272,0.014214408,-0.026184106,71.72041
24.423912946628306,35.13405791039468,84.735344,9331199.551963806,0.00883445,-0.011275986,72.79971
24.35507260113369,35.04710138474188,76.478294,2937599.9909877777,-0.015813977,-0.009178894,73.060616
24.525362323808892,35.01449270273921,80.76379,7257600.139045715,-0.020978596,0.013938113,72.107635
24.202898613755877,35.17753635462667,82.22561,1987199.9858379364,-0.0375166,-0.03237216,72.476776
24.271739312019278,35.0833337340226,74.97577,7343999.840354919,-0.009944078,-0.007901996,73.202774
24.731884091961334,34.88405773852335,82.62194,6652800.036048889,-0.012243126,0.014546366,71.40148
24.60144921950647,34.9456523441682,85.40489,518399.99034404755,0.00992725,0.00863125,73.103386
24.442029139218562,35.043478080275,76.86345,5184000.177669525,-0.015965465,-0.0016700001,72.975845
24.141304256647267,35.05072417522627,80.839714,8639999.747657776,-0.009199902,-0.004849908,73.540985
24.579710091518006,35.06884069756067,84.24473,6393599.835205078,-0.017819315,0.0043946677,72.20272
24.782608845879178,35.07246365433351,80.82854,5356800.128746033,-0.017922856,0.0032975688,71.694244
24.57246390714934,35.13405809180027,82.83649,13737599.675559998,0.01801282,-0.01114787,71.93646
24.141304256647267,35.05072417522627,80.839714,17712000.19569397,-0.0026652925,-0.014219953,72.072586
24.340579657513896,35.072464168316,77.031204,6998399.938201904,-0.016372588,-0.009273883,73.25592
24.521739153231497,35.18115965909355,80.50853,8121599.894428253,0.0034242328,-0.001927224,72.3224
24.340579657513896,35.072464168316,77.031204,3369599.8686790466,-0.021259576,-0.014240336,73.04505
24.32608705359737,35.05434782738719,80.59564,2937599.9909877777,-0.019199051,-0.022116356,72.368904
24.880434869565217,35.11594208344836,73.60822,1987199.9858379364,-0.012337238,0.0025289506,73.599304
24.782608845879178,35.07246365433351,80.82854,14515200.27809143,0.014892954,-0.003510938,71.361496
24.152173912100075,34.942029039701325,85.189964,4060799.9472141266,-0.019409884,-0.022756997,72.460754
24.068840433535758,35.17753635462667,82.62194,10454400.056648254,0.023892507,-0.025412055,73.68662
24.53985505838052,35.14492730981283,78.72631,2592000.0888347626,-0.013323389,0.0012785341,72.47942
24.481884276880134,35.21376834109622,79.042,6134400.182819366,-0.021942083,-0.0019427752,72.607994
24.3985509616347,35.079710263267266,82.39983,3110399.9420642853,-0.014676236,0.0076466156,72.32325
24.3913043591697,35.05434799367564,86.750465,17798399.897003174,-0.00017714128,-0.009951562,71.67056
24.336956356281394,35.12681217825459,78.56935,13391999.773406982,0.016916309,-0.0015731538,72.4884
24.525362323808892,35.01449270273921,80.76379,13564800.27294159,0.01765853,-0.016314305,71.792046
24.525362323808892,35.01449270273921,80.76379,9763200.252342224,0.0053663496,-0.004259879,71.91681
24.53985505838052,35.14492730981283,78.72631,5443199.830055237,-0.020675406,0.005973095,72.4545
24.40579722439643,35.07608730649443,81.130585,9504000.051498413,0.01394801,-0.0074209534,72.593834
24.572463802625258,35.028985391507106,77.31845,10799999.95880127,0.009770721,-0.012396991,73.08138
24.40579722439643,35.07608730649443,81.130585,4579200.074672699,-0.013787735,0.0020077317,72.30993
24.268116089179838,35.07971042955572,81.07262,345600.00498890877,-0.033663966,0.0044213585,72.76884
24.15217408195171,35.09782609021359,90.079155,3196799.917602539,-0.011368558,-0.020007713,73.21919
24.626811465810288,35.05797113185407,83.9315,7775999.992275238,-0.016056154,0.011566626,71.8812
24.619565229179578,35.18478278215484,82.255135,11664000.262641907,0.014332466,-0.015467823,71.94058
24.141304256647267,35.05072417522627,80.839714,13651199.974250793,0.022910528,-0.0133052,72.7611
24.2137679164399,35.101449394680465,78.1842,6480000.084972382,-0.006933477,-0.017328558,73.51397
24.85869584610084,35.31159408476158,76.05999,4492800.099134445,-0.01306067,0.015919982,71.98739
24.423912946628306,35.13405791039468,84.735344,1382400.019955635,-0.021934401,0.012223265,72.08387
24.068840433535758,35.17753635462667,82.62194,11404800.061798096,0.02633523,-0.022647237,73.59359
24.373188532413735,34.85507217391305,83.68782,14428799.479866028,0.012770858,-0.03565085,71.03556
24.782608584568965,35.06521774078783,85.492004,16675200.489234924,0.009837896,-0.01791598,72.025024
24.235507135886934,35.09782643790763,86.62735,172800.00249445438,-0.007494841,0.025443899,71.69713
24.40579722439643,35.07608730649443,81.130585,7343999.840354919,0.010722531,-0.00519842,72.42939
24.409420342711783,35.02898555779556,73.23672,5097599.927902222,-0.023996014,0.006821823,73.07388
24.268116089179838,35.07971042955572,81.07262,7257600.139045715,-0.009189226,-0.010735594,73.086205
24.373188349496587,35.09782609021359,73.044136,17971200.39653778,0.004433237,-0.034020312,72.95316
24.373188532413735,34.85507217391305,83.68782,4406400.123596191,-0.024742018,-0.007359855,71.83454
24.202898613755877,35.17753635462667,82.22561,9331199.551963806,0.018235162,-0.0035310416,73.53788
24.32608705359737,35.05434782738719,80.59564,3023999.9665260315,-0.0188239,-0.02176612,72.37059
24.365941903817713,35.11594190204278,77.940506,6480000.084972382,-0.023404814,-0.009679474,73.055984
24.293478074173446,35.130434424522214,78.52256,5702400.030899048,-0.01798205,-0.016434766,73.16796
24.85869584610084,35.31159408476158,76.05999,11577599.464416504,0.022274815,-0.0140485875,72.027855
24.152173912100075,34.942029039701325,85.189964,13219200.370788574,0.023014423,-0.0107569285,72.37512
24.24275355543479,35.275361916886446,83.709785,17366400.293540955,0.012661478,-0.03115617,70.65124
24.141304256647267,35.05072417522627,80.839714,11750399.96395111,0.017849816,-0.015252231,73.14099
24.655797039477626,35.09782643790763,82.953125,11923200.463485718,0.015111877,-0.020599235,71.80986
24.43478251062254,35.050724689208764,81.254395,6566399.786281586,-0.013895206,-0.009588422,72.19217
24.514492864338745,35.152173737341,77.98083,13391999.773406982,0.02616225,-0.008300103,72.47509
24.40579722439643,35.07608730649443,81.130585,1209599.9317646027,0.00015411153,-0.010959974,72.34706
24.608695560661264,35.210145036629335,80.071884,6307200.133895874,-0.017887529,0.00788335,71.96221
24.373188532413735,34.85507217391305,83.68782,172800.00249445438,0.014904462,0.006356976,72.16439
24.507246627708035,35.15217355593542,72.15966,345600.00498890877,-0.018111598,-0.004683381,73.5139
24.75362311542571,35.148550251468535,82.31272,5529600.07982254,-0.044523753,0.013896419,71.48035
24.43478251062254,35.050724689208764,81.254395,3023999.9665260315,-0.008983299,-0.016733829,72.17158
24.503623143558386,34.916666955294566,80.479385,18230399.500465393,-0.0072544813,0.011600752,71.70345
24.623188347494935,34.98550731008629,86.27349,15638399.68585968,0.021955136,-0.026178004,71.71378
24.521739153231497,35.18115965909355,80.50853,864000.0296115875,0.002917897,-0.009946143,72.14936
24.3985509616347,35.079710263267266,82.39983,11577599.464416504,0.01592909,-0.014196914,72.460236
24.471014503837736,35.137681214861566,84.09494,6566399.786281586,-0.020979002,0.0018524798,72.36208
24.518115930392057,35.170290078269815,76.7112,6998399.938201904,-0.0099686645,-0.011423873,73.09916
24.16304339770124,35.14130418675153,77.183464,13824000.4737854,0.01938249,-0.0052695824,72.58744
24.286231733018653,35.16304365074164,82.86601,12095999.866104126,0.02290285,-0.01479646,72.88262
24.731884091961334,34.88405773852335,82.62194,8380800.095272064,-0.009783372,-0.0034678131,71.02641
24.409420264318722,35.137681214861566,85.684586,6134400.182819366,-0.02394377,0.014317468,72.61824
24.731883987437246,34.999999998854186,80.17734,18057600.097846985,0.010884691,-0.014442056,71.75506
24.358695745580064,35.14492749121842,79.46463,1296000.0444173813,-0.01376567,-0.0015519839,72.80179
24.75362311542571,35.148550251468535,82.31272,6825599.987125397,-0.029612929,0.01695206,71.42979
24.40217392316393,35.07246365433351,77.73675,16243199.788856506,0.0028954837,-0.0057717143,73.02891
24.141304256647267,35.05072417522627,80.839714,13132799.572563171,0.02302375,-0.013244264,72.881836
24.46739112421217,35.10507235145331,77.031204,3369599.8686790466,-0.010760047,-0.013846075,73.14346
24.40579722439643,35.07608730649443,81.130585,5011200.226593018,-0.013587933,0.0018380568,72.310974
24.35507260113369,35.04710138474188,76.478294,6998399.938201904,-0.008233372,-0.013525197,73.3615
24.659420157792983,35.13768139626715,82.9603,13046399.871253967,0.018817857,-0.009490967,71.80427
24.85869584610084,35.31159408476158,76.05999,18403200.0,0.022927243,-0.021258404,73.66798
24.351449221508126,35.36231895652174,77.53338,17279999.49531555,0.0186745,-0.027703362,73.481476
24.373188349496587,35.09782609021359,73.044136,7084800.187969208,-0.0030613765,-0.013413474,73.01755
24.731884091961334,34.88405773852335,82.62194,10713600.257492065,0.017591557,-0.017461,70.79673
24.003623304347823,35.192029209683014,80.788605,6912000.2368927,-0.018207092,0.00048435573,73.876976
24.134057993885538,35.130434787333385,80.741425,3456000.11844635,-0.03352955,-0.011758022,73.048904
24.503623143558386,34.916666955294566,80.479385,1468799.9954938889,0.0017385893,-0.010259742,72.79627
24.43478277193275,35.06521686399416,78.38795,5961600.231742859,-0.015830357,-0.0047014123,72.64397
24.35507260113369,35.04710138474188,76.478294,15292799.783706665,0.006206611,0.0027112952,73.20295
24.373188532413735,34.85507217391305,83.68782,16502399.989700317,0.002821954,-0.036377877,71.0052
24.202898613755877,35.17753635462667,82.22561,5788799.732208252,-0.027594864,-0.00933321,73.044624
24.340579657513896,35.072464168316,77.031204,8208000.144195557,-0.009462949,0.003748197,73.26541
24.514492864338745,35.152173737341,77.98083,15724800.484085083,0.011200707,-0.01740079,72.624054
24.626811465810288,35.05797113185407,83.9315,17020800.39138794,0.011221621,-0.013746539,71.58826
24.336956356281394,35.12681217825459,78.56935,2764800.03991127,-0.01820204,-0.0043196883,73.013306
24.24275355543479,35.275361916886446,83.709785,15983999.588012695,0.017390091,-0.02770391,71.209145
24.409420264318722,35.137681214861566,85.684586,11836799.665260315,0.015155163,-0.014833799,72.85134
24.5036234048686,34.94565269942081,84.86278,13219200.370788574,0.023401339,-0.029883502,72.24847
24.2137679164399,35.101449394680465,78.1842,1468799.9954938889,0.00058193505,-0.021382753,73.312675
24.586956589458925,35.03623181903528,81.050644,11404800.061798096,0.013524624,-0.009670403,71.76159
24.275362351941567,35.02173896397893,79.32639,11923200.463485718,0.023027383,-0.013829147,72.92796
24.3913043591697,35.05434799367564,86.750465,15379199.48501587,0.011799637,-0.015888251,72.07705
24.55434784521419,35.039855304907746,78.730316,12441599.768257141,0.014852475,-0.010922508,72.18723
24.373188349496587,35.09782609021359,73.044136,17107200.092697144,0.0077305827,-0.036437795,72.87813
24.880434869565217,35.11594208344836,73.60822,9244799.850654602,0.011400128,0.004006996,73.55913
24.5036234048686,34.94565269942081,84.86278,16934399.593162537,0.005921237,-0.036182262,71.513245
24.57608686867857,35.22463755910878,78.28966,15897599.886703491,0.012281623,-0.018440418,72.31659
24.152173912100075,34.942029039701325,85.189964,17193599.794006348,-0.0009657964,-0.020053681,71.94318
24.46739112421217,35.10507235145331,77.031204,8380800.095272064,-0.0024350323,0.009787839,73.03369
24.800724541980035,35.0326085145684,80.91604,8380800.095272064,0.0051094387,0.00990922,71.20346
24.32608705359737,35.05434782738719,80.59564,3110399.9420642853,-0.018451761,-0.021434434,72.37262
24.471014503837736,35.137681214861566,84.09494,86400.00124722719,0.012121851,0.0040748813,71.932785
24.271739312019278,35.0833337340226,74.97577,16847999.891853333,0.0111698415,-0.022134395,73.19341
24.340579735906957,35.22101461745307,78.71513,1209599.9317646027,-0.0103057325,-0.021810101,72.88151
24.340579657513896,35.072464168316,77.031204,16156800.087547302,0.0075018443,-0.014582178,72.998665
24.068840433535758,35.17753635462667,82.62194,12268800.365638733,0.028439734,-0.019893717,73.42459
24.40579730278949,34.98550712868071,82.545616,8812800.247192383,0.0006955974,-0.01542851,72.37207
24.06159400092239,35.235507653915,77.223785,11577599.464416504,0.031811956,-0.028928665,74.033356
24.586956589458925,35.03623181903528,81.050644,17539199.696159363,0.0034425668,-0.02553113,72.01828
24.471014503837736,35.137681214861566,84.09494,777599.9855160713,0.0035292525,0.0007891697,71.93583
24.06159400092239,35.235507653915,77.223785,1987199.9858379364,-0.07464489,-0.05397784,72.32559
24.365941903817713,35.11594190204278,77.940506,1296000.0444173813,-0.01213206,-0.00485898,73.05278
24.409420185925658,35.126811301460926,78.58091,1123200.0247836113,0.00075445697,-0.010873418,72.81962
24.507246627708035,35.15217355593542,72.15966,15292799.783706665,0.007818392,-0.007691879,72.09259
24.409420342711783,35.02898555779556,73.23672,7257600.139045715,-0.0125242025,0.017104616,73.2998
24.134057993885538,35.130434787333385,80.741425,14169600.375938416,0.01887903,-0.0033933604,72.703606
24.49275373635028,34.95652190987481,78.13308,14515200.27809143,0.012299642,0.008719731,72.7556
24.068840433535758,35.17753635462667,82.62194,8208000.144195557,0.009434603,-0.026291242,73.66623
24.528985389862203,35.079710263267266,73.800804,15983999.588012695,0.011586726,-0.024035314,73.64194
24.782608584568965,35.06521774078783,85.492004,15811200.185394287,0.016206611,-0.016590448,71.893616
24.43478277193275,35.06521686399416,78.38795,864000.0296115875,-0.0073970295,-0.013575381,72.498184
24.17028990870767,35.119565206509655,75.23819,518399.99034404755,-0.03885661,-0.030790502,72.87967
24.5036234048686,34.94565269942081,84.86278,1296000.0444173813,0.0029212758,0.005754433,72.68308
24.293478074173446,35.130434424522214,78.52256,18403200.0,0.0014391392,-0.013490653,72.37231
24.5036234048686,34.94565269942081,84.86278,6652800.036048889,-0.003500551,-0.004093406,72.490234
24.576087129988778,34.96376817111452,80.53768,17366400.293540955,0.0120724905,-0.021237494,71.789795
24.340579735906957,35.22101461745307,78.71513,15206400.082397461,0.020432014,-0.0122303385,72.17725
24.641304357168043,34.938405387540406,81.3883,4406400.123596191,-0.012161277,-0.0045147203,72.32696
24.16304339770124,35.14130418675153,77.183464,3715200.0450611115,-0.039860412,-0.043470353,73.009926
24.62318819070881,35.09782625650204,81.14894,11145599.860954285,0.005363157,-0.014004478,71.74781
24.278985653174068,35.159420527680346,80.15937,10972800.458335876,0.017757682,-0.009908119,72.95762
24.641304357168043,34.938405387540406,81.3883,8639999.747657776,-0.00054743513,-0.018969778,71.48349
24.655797039477626,35.09782643790763,82.953125,5443199.830055237,-0.013743777,0.0014724722,71.84383
24.003623304347823,35.192029209683014,80.788605,16675200.489234924,0.01279306,-0.026037006,71.94352
24.507246418659868,35.018115659512056,74.98295,10972800.458335876,0.0080805775,-0.00993694,73.67564
24.409420185925658,35.126811301460926,78.58091,12095999.866104126,0.01664761,-0.0042883456,72.582985
24.3985509616347,35.079710263267266,82.39983,12787199.670410156,0.019761667,-0.012328297,72.34162
24.43478277193275,35.06521686399416,78.38795,8985600.19826889,0.0045112036,-0.001190925,72.82755
24.626811465810288,35.05797113185407,83.9315,1728000.059223175,-0.0024270862,0.009312762,72.41795
24.57608686867857,35.22463755910878,78.28966,11836799.665260315,0.022565166,-0.004929929,71.96719
24.5036234048686,34.94565269942081,84.86278,9849599.953651428,0.0075056497,-0.013777187,72.00702
24.06159400092239,35.235507653915,77.223785,12873600.46863556,0.033289205,-0.025261613,73.29011
24.518115930392057,35.170290078269815,76.7112,11231999.562263489,0.017771116,-0.011040712,72.72982
24.16304339770124,35.14130418675153,77.183464,11318400.360488892,0.018796626,-0.014140371,73.19719
24.351449221508126,35.36231895652174,77.53338,15551999.984550476,0.020886322,-0.024146983,73.07499
24.068840433535758,35.17753635462667,82.62194,9158400.149345398,0.01845765,-0.027064318,73.69081
24.43478251062254,35.050724689208764,81.254395,345600.00498890877,-0.0011121556,0.004975899,72.07353
24.626811465810288,35.05797113185407,83.9315,2073599.9613761902,-0.0059341677,0.0072757695,72.42246
24.822463669968496,35.11956556932083,79.471794,12700799.969100952,0.020693272,-0.013051409,71.37551
24.2137679164399,35.101449394680465,78.1842,2246400.0495672226,-0.0071183294,-0.020743553,73.27609
24.47463793572534,35.15579704180788,74.131996,7257600.139045715,-0.008362297,-0.014306722,73.52992
24.40579730278949,34.98550712868071,82.545616,9676799.454116821,0.00971449,-0.022702074,72.32839
24.409420342711783,35.02898555779556,73.23672,8985600.19826889,0.0030911155,0.008254402,73.26134
24.47463793572534,35.15579704180788,74.131996,5961600.231742859,-0.020390976,-0.011369733,73.42923
24.373188532413735,34.85507217391305,83.68782,2764800.03991127,-0.020932205,0.002048303,71.82568
24.293478074173446,35.130434424522214,78.52256,14774400.478935242,0.012714291,-0.008696187,72.25756
24.626811465810288,35.05797113185407,83.9315,17107200.092697144,0.0112074055,-0.013599092,71.58744
24.40579722439643,35.07608730649443,81.130585,2073599.9613761902,-0.006571438,-0.011413589,72.345085
24.55434784521419,35.039855304907746,78.730316,2159999.936914444,-0.0068169907,-0.009866467,72.43411
24.340579735906957,35.22101461745307,78.71513,3715200.0450611115,-0.019103967,-0.009426335,72.78598
24.641304357168043,34.938405387540406,81.3883,6998399.938201904,-0.0020673983,-0.017987901,71.62204
24.55434784521419,35.039855304907746,78.730316,6652800.036048889,-0.0070319995,-0.0025733318,72.63905
24.49275373635028,34.95652190987481,78.13308,1987199.9858379364,-0.01149036,0.0009895256,72.7241
24.49275373635028,34.95652190987481,78.13308,7862400.2420425415,-0.012410112,0.011211349,73.37094
24.43478277193275,35.06521686399416,78.38795,8035200.193119049,-0.0070955902,0.002991837,72.78676
24.57246390714934,35.13405809180027,82.83649,1641599.9465703964,-0.008841023,-0.009575974,71.798294
24.822463669968496,35.11956556932083,79.471794,18143999.79915619,0.014491169,-0.025488487,72.02764
24.677536062942007,35.07971042955572,84.775665,691200.0099778175,0.003578337,0.0070939264,72.5662
24.52536253285706,35.05797113185407,79.99595,15379199.48501587,0.011951733,-0.016166966,72.2677
24.677536062942007,35.07971042955572,84.775665,6393599.835205078,0.002711868,-0.0040609557,72.058044
24.800724541980035,35.0326085145684,80.91604,6480000.084972382,-0.002990324,0.008837781,71.39798
24.507246418659868,35.018115659512056,74.98295,14428799.479866028,0.01594329,-0.006499921,73.70545
24.33695651306752,35.26449269887389,75.24537,1728000.059223175,-0.09340904,-0.04652044,73.54637
24.340579735906957,35.22101461745307,78.71513,777599.9855160713,-0.014329787,-0.018897,72.948135
24.40217392316393,35.07246365433351,77.73675,2505600.113296509,-0.010062337,-0.01056014,72.7947
24.608695560661264,35.210145036629335,80.071884,4319999.873828888,-0.025169052,-0.00041854102,71.9373
24.49275373635028,35.04710138474188,79.64641,15551999.984550476,0.004010005,-0.019161075,72.43333
24.677536062942007,35.07971042955572,84.775665,950400.0051498413,0.00065388903,0.0067492104,72.5396
24.268116089179838,35.07971042955572,81.07262,4579200.074672699,-0.023047049,-0.0055105044,72.74254
24.340579735906957,35.22101461745307,78.71513,4492800.099134445,-0.021704942,-0.006959251,72.770454
24.55072462237475,35.07608730649443,88.70044,13391999.773406982,0.023499105,-0.012274934,71.91918
24.409420342711783,35.02898555779556,73.23672,12787199.670410156,0.020131331,-0.0040663835,73.18587
24.06159400092239,35.235507653915,77.223785,7689599.742507935,0.026009694,-0.025232578,74.39963
24.528985389862203,35.079710263267266,73.800804,11577599.464416504,0.016203536,-0.014888028,73.48325
24.24275355543479,35.275361916886446,83.709785,14342399.778556824,0.024133898,-0.024833312,72.2098
24.134057993885538,35.130434787333385,80.741425,1728000.059223175,-0.026515529,-0.026969543,72.980675
24.409420342711783,35.02898555779556,73.23672,7948799.943351746,-0.014531422,0.018150974,73.280815
24.53985505838052,35.14492730981283,78.72631,4492800.099134445,-0.018651891,0.0042802365,72.50328
24.442029139218562,35.043478080275,76.86345,2073599.9613761902,-0.008439615,-0.0034131082,72.8033
24.423912946628306,35.16304383214723,83.815254,6047999.933052063,-0.0007675737,-0.0094497055,72.428925
24.293478074173446,35.130434424522214,78.52256,10281599.557113647,0.012955457,-0.0044342773,73.15844
24.373188349496587,35.09782609021359,73.044136,17193599.794006348,0.0073532257,-0.036324732,72.87978
24.15217408195171,35.09782609021359,90.079155,14169600.375938416,0.02808857,-0.012766095,71.85617
24.293478074173446,35.130434424522214,78.52256,3801600.0205993652,-0.022934485,-0.014123065,73.127075
24.40217392316393,35.07246365433351,77.73675,13651199.974250793,0.019023204,0.0013222476,72.830315
24.75362311542571,35.148550251468535,82.31272,4060799.9472141266,-0.045601852,0.013174448,71.66274
24.579710091518006,35.06884069756067,84.24473,7775999.992275238,-0.00814525,0.0070766467,72.06699
24.15217408195171,35.09782609021359,90.079155,2332799.8879909515,-0.0011453815,-0.019177837,73.33409
24.15217408195171,35.09782609021359,90.079155,13305600.072097778,0.028845638,-0.013221623,72.079704
24.47463793572534,35.15579704180788,74.131996,10713600.257492065,0.01496643,-0.015470529,73.42021
24.373188532413735,34.85507217391305,83.68782,17971200.39653778,0.0032436997,-0.033546478,70.96269
24.40217392316393,35.07246365433351,77.73675,17020800.39138794,-0.0031803623,-0.0014169784,73.14496
24.15942034471344,35.02536261613985,84.04098,1555199.9710321426,-0.015413012,-0.0011451496,72.93014
24.3985509616347,35.079710263267266,82.39983,11836799.665260315,0.017017363,-0.013925346,72.433525
24.507246627708035,35.15217355593542,72.15966,3023999.9665260315,-0.025981579,-0.01117469,72.687744
24.75362311542571,35.148550251468535,82.31272,11923200.463485718,0.009609602,-0.018685654,71.69277
24.340579657513896,35.072464168316,77.031204,259199.99517202377,-0.011059806,-0.0054590963,73.20875
24.525362323808892,35.01449270273921,80.76379,2678400.0643730164,-0.009293906,-0.0030513639,72.43043
24.514492864338745,35.152173737341,77.98083,17193599.794006348,0.0035568383,-0.022667984,72.83284
24.235507135886934,35.09782643790763,86.62735,4838399.727058411,-0.026454147,0.0008141217,73.09438
24.340579735906957,35.22101461745307,78.71513,8208000.144195557,0.009872269,-0.008894,73.028885
24.576087129988778,34.96376817111452,80.53768,15465600.283241272,0.018939994,-0.0146953855,71.66491
24.800724541980035,35.0326085145684,80.91604,11059200.15964508,0.02108787,-0.0026786355,71.16614
24.641304357168043,34.938405387540406,81.3883,16243199.788856506,0.0038979333,-0.028013488,71.39469
24.24275355543479,35.275361916886446,83.709785,13910400.175094604,0.026096854,-0.024185548,72.43438
24.677536062942007,35.07971042955572,84.775665,17625600.494384766,-0.0055980347,-0.014202239,71.69131
24.15217408195171,35.09782609021359,90.079155,7603200.0411987305,0.019097328,-0.0025160033,72.47226
24.49275373635028,35.04710138474188,79.64641,6825599.987125397,-0.01708648,0.0011826544,72.28609
24.731884091961334,34.88405773852335,82.62194,16243199.788856506,-0.004503444,-0.010288874,71.35161
24.340579735906957,35.22101461745307,78.71513,7171199.889278412,-0.001908239,-0.01324214,73.02671
24.623188347494935,34.98550731008629,86.27349,12527999.469566345,0.033418063,-0.021542566,71.94554
24.409420264318722,35.097825908808005,75.01247,13737599.675559998,0.022431007,-0.0038138395,73.08452
24.282608510179216,35.10869565592019,73.044136,6652800.036048889,-0.025877103,-0.007286707,72.89181
24.423912946628306,35.13405791039468,84.735344,5184000.177669525,-0.025577765,-0.002910302,72.385185
24.365941903817713,35.11594190204278,77.940506,7689599.742507935,-0.018288705,-0.0053851195,73.03884
24.731884091961334,34.88405773852335,82.62194,4406400.123596191,-0.015393864,-6.460957e-05,72.22502
24.365941903817713,35.11594190204278,77.940506,4838399.727058411,-0.024577212,-0.009886723,73.070724
24.282608510179216,35.10869565592019,73.044136,11491199.7631073,0.015313018,-0.010690741,72.529976
24.880434869565217,35.11594208344836,73.60822,14601599.979400635,0.03053693,-0.008000739,73.58196
24.57608686867857,35.22463755910878,78.28966,518399.99034404755,-0.0056619532,0.012893278,72.81295
24.57608686867857,35.22463755910878,78.28966,18403200.0,0.00505537,-0.02229987,72.72699
24.55434784521419,35.039855304907746,78.730316,4579200.074672699,-0.012706753,-0.0013274187,72.745056
24.731883987437246,34.999999998854186,80.17734,11145599.860954285,0.008557474,-0.022246948,71.38846
24.358695745580064,35.14492749121842,79.46463,259199.99517202377,-0.017329633,0.0072243484,72.77008
24.659420157792983,35.13768139626715,82.9603,16502399.989700317,0.008951694,-0.014678391,72.015854
24.659420157792983,35.13768139626715,82.9603,2159999.936914444,-0.020505678,0.0034949216,71.883354
24.33695651306752,35.26449269887389,75.24537,17452799.99485016,0.015488535,-0.029002843,72.51671
24.572463802625258,35.028985391507106,77.31845,11750399.96395111,0.009913262,-0.011918677,72.900986
24.409420342711783,35.02898555779556,73.23672,11836799.665260315,0.014619557,-0.011072641,73.237465
24.55072462237475,35.07608730649443,88.70044,259199.99517202377,0.02281792,-0.019750617,73.24383
24.60144921950647,34.9456523441682,85.40489,2505600.113296509,-0.010907359,0.011163894,72.675446
24.423912946628306,35.16304383214723,83.815254,6307200.133895874,0.0031708162,-0.010498144,72.497475
24.5036234048686,34.94565269942081,84.86278,11836799.665260315,0.022158936,-0.02434892,72.202034
24.728260869121893,35.15579704180788,79.23173,14687999.680709839,0.022725977,-0.010303024,72.10695
24.51086948471318,35.141304337922854,75.965324,15292799.783706665,0.013031134,-0.01416453,73.1316
24.286231733018653,35.16304365074164,82.86601,1900800.0102996826,0.0038703624,-0.013344271,72.26577
24.728260869121893,35.15579704180788,79.23173,518399.99034404755,0.0037963632,0.010176777,72.058685
24.202898613755877,35.17753635462667,82.22561,15638399.68585968,0.013961686,-0.019613745,71.7549
24.822463669968496,35.11956556932083,79.471794,12095999.866104126,0.01769171,-0.014626423,71.33699
24.55434784521419,35.039855304907746,78.730316,3887999.996137619,-0.009195283,-0.002849456,72.69454
24.152173912100075,34.942029039701325,85.189964,16156800.087547302,0.005351469,-0.02017055,72.13637
24.514492864338745,35.152173737341,77.98083,4233599.898290634,-0.01707064,-0.003823353,72.97458
24.141304256647267,35.05072417522627,80.839714,10886399.660110474,0.01241493,-0.0152390655,73.302124
24.171296292717127,35.10648163098043,78.049835,16329599.49016571,0.006743489,-0.01545269,72.25861
24.340579657513896,35.072464168316,77.031204,7948799.943351746,-0.012110356,0.0010023597,73.259544
24.52536253285706,35.05797113185407,79.99595,6912000.2368927,-0.0033364482,-0.010275591,72.16155
24.40217392316393,35.07246365433351,77.73675,10540799.757957458,0.0145833045,-0.006251665,72.98802
24.336956356281394,35.12681217825459,78.56935,15638399.68585968,0.0029253326,-0.0017632945,72.34163
24.49275373635028,34.95652190987481,78.13308,13219200.370788574,0.011716638,-0.0014668703,72.65531
24.351449221508126,35.36231895652174,77.53338,5356800.128746033,-0.03179007,-0.029536469,72.6449
24.471014503837736,35.137681214861566,84.09494,13391999.773406982,0.0108588785,-0.010086475,72.35303
24.572463802625258,35.028985391507106,77.31845,3801600.0205993652,-0.018164478,-0.0014971998,73.01346
24.40579730278949,34.98550712868071,82.545616,12268800.365638733,0.015964694,-0.026925152,71.97267
24.43478277193275,35.06521686399416,78.38795,9331199.551963806,0.0077817906,-0.0024840534,72.83563
24.293478074173446,35.130434424522214,78.52256,12527999.469566345,0.014929486,-0.0100618005,72.78868
24.336956356281394,35.12681217825459,78.56935,3974399.971675873,-0.020459399,-0.00021011196,73.04938
24.521739153231497,35.18115965909355,80.50853,4752000.025749207,-0.012164243,-0.013108255,72.147804
24.55072462237475,35.07608730649443,88.70044,16329599.49016571,0.00975916,-0.025493642,72.00797
24.55072462237475,35.07608730649443,88.70044,8294399.845504761,-0.0009185821,-0.010607554,72.43916
24.271739312019278,35.0833337340226,74.97577,16329599.49016571,0.011615099,-0.020199915,73.1656
24.068840433535758,35.17753635462667,82.62194,2332799.8879909515,-0.02289262,-0.025957765,72.48422
24.33695651306752,35.26449269887389,75.24537,864000.0296115875,-0.1000329,-0.03705603,73.36653
24.340579735906957,35.22101461745307,78.71513,10540799.757957458,0.019845963,-0.016017072,73.02827
24.358695745580064,35.14492749121842,79.46463,7775999.992275238,-0.005395446,0.012288218,72.94953
24.40579730278949,34.98550712868071,82.545616,1900800.0102996826,-0.015378267,-0.005128203,72.233795
24.282608510179216,35.10869565592019,73.044136,2851200.015449524,-0.029936247,-0.012236239,73.26875
24.268116089179838,35.07971042955572,81.07262,2419199.8635292053,-0.025530986,-0.008116249,72.775314
24.641304357168043,34.938405387540406,81.3883,7257600.139045715,-0.0032497793,-0.018774692,71.60033
24.608695560661264,35.210145036629335,80.071884,6739199.737358093,-0.014507987,0.010341359,71.97704
24.423912946628306,35.16304383214723,83.815254,5529600.07982254,-0.008448765,-0.0059072953,72.27952
24.57608686867857,35.22463755910878,78.28966,2764800.03991127,-0.0097540915,-0.007970095,72.66129
24.782608584568965,35.06521774078783,85.492004,7603200.0411987305,-0.021527342,0.0011506816,71.578026
24.17028990870767,35.119565206509655,75.23819,14256000.07724762,0.015258415,-0.0075619984,72.27346
24.72463775080654,35.097825908808005,83.506035,2592000.0888347626,-0.016330272,0.0028067408,72.28979
24.442029139218562,35.043478080275,76.86345,16416000.288391113,0.0057038777,-0.012719393,73.39525
24.518115930392057,35.170290078269815,76.7112,3023999.9665260315,-0.015514437,0.00077103777,73.53044
24.336956356281394,35.12681217825459,78.56935,13737599.675559998,0.01688608,-0.00015654508,72.420135
24.5036234048686,34.94565269942081,84.86278,1814400.0347614288,-0.0049535222,-0.0016773371,72.52516
24.340579657513896,35.072464168316,77.031204,4492800.099134445,-0.021546956,-0.015316337,73.17571
24.409420342711783,35.02898555779556,73.23672,4838399.727058411,-0.020649675,0.00649059,73.064415
24.576087129988778,34.96376817111452,80.53768,3801600.0205993652,-0.01911262,-0.000153373,72.79091
24.235507135886934,35.09782643790763,86.62735,11491199.7631073,0.017236268,-0.020722525,73.02422
24.3913043591697,35.05434799367564,86.750465,8639999.747657776,0.0010785498,0.010987857,72.82957
24.57246390714934,35.13405809180027,82.83649,14515200.27809143,0.014701799,-0.010374825,71.94428
24.503623143558386,34.916666955294566,80.479385,2937599.9909877777,-0.015576202,-0.016546404,73.113304
24.576087129988778,34.96376817111452,80.53768,7430400.090122223,-0.012039807,-0.0006327238,71.95263
24.677536062942007,35.07971042955572,84.775665,13824000.4737854,0.013512794,-0.009514421,71.54353
24.782608584568965,35.06521774078783,85.492004,10627199.459266663,0.011363957,-0.018347075,71.428314
24.171296292717127,35.10648163098043,78.049835,345600.00498890877,-0.036771484,-0.00930276,73.16132
24.141304256647267,35.05072417522627,80.839714,8812800.247192383,-0.007403072,-0.005943168,73.54393
24.40579722439643,35.07608730649443,81.130585,10540799.757957458,0.013261978,-0.012638915,72.50356
24.52536253285706,35.05797113185407,79.99595,14428799.479866028,0.014848109,-0.013287028,72.17709
24.52536253285706,35.05797113185407,79.99595,15897599.886703491,0.009980861,-0.017964557,72.32101
24.655797039477626,35.09782643790763,82.953125,3196799.917602539,-0.017585613,-0.0019152714,72.10438
24.141304256647267,35.05072417522627,80.839714,16070400.386238098,0.008214297,-0.017306348,72.18762
24.286231733018653,35.16304365074164,82.86601,1814400.0347614288,0.0047594924,-0.012917662,72.26613
24.373188532413735,34.85507217391305,83.68782,1900800.0102996826,-0.012227986,0.005989874,71.94382
24.293478074173446,35.130434424522214,78.52256,9417600.350189209,0.009473499,0.0027640765,73.26472
24.85869584610084,35.31159408476158,76.05999,9504000.051498413,0.015940715,-0.0030351682,71.78104
24.423912946628306,35.13405791039468,84.735344,11577599.464416504,0.011755489,-0.016648201,72.79883
24.43478277193275,35.06521686399416,78.38795,13219200.370788574,0.016000886,0.005083547,72.68783
24.57608686867857,35.22463755910878,78.28966,11750399.96395111,0.022366162,-0.0050713243,71.970795
24.278985653174068,35.159420527680346,80.15937,4060799.9472141266,-0.02988875,-0.009219898,73.03827
24.60144921950647,34.9456523441682,85.40489,17452799.99485016,0.0046827514,-0.016013676,71.229324
24.423912946628306,35.13405791039468,84.735344,2678400.0643730164,-0.025760517,0.0070411395,72.09674
24.528985389862203,35.079710263267266,73.800804,4579200.074672699,-0.024609637,-0.006687806,73.704834
24.43478251062254,35.050724689208764,81.254395,5011200.226593018,-0.01827348,-0.008272566,72.24832
24.521739153231497,35.18115965909355,80.50853,10022400.453186035,0.0072591715,0.0071604,72.182495
24.60144921950647,34.9456523441682,85.40489,3283199.893140793,-0.017578922,0.013833359,72.57074
24.278985653174068,35.159420527680346,80.15937,11923200.463485718,0.019198114,-0.008632695,72.840065
24.55072462237475,35.07608730649443,88.70044,15811200.185394287,0.011740759,-0.024255065,71.95573
24.278985574781007,35.18478260074926,85.36457,5529600.07982254,-0.050095946,-0.012225641,72.63388
24.49275373635028,35.04710138474188,79.64641,12095999.866104126,0.013526747,-0.013987966,72.25605
24.275362351941567,35.02173896397893,79.32639,11750399.96395111,0.022927424,-0.013922861,72.940384
24.15942034471344,35.02536261613985,84.04098,3023999.9665260315,-0.018784441,-0.012107898,72.96385
24.55072462237475,35.07608730649443,88.70044,14860800.180244446,0.01797025,-0.019873118,71.87991
24.003623304347823,35.192029209683014,80.788605,11577599.464416504,0.027805887,-0.015474878,74.18878
24.409420342711783,35.02898555779556,73.23672,15033599.582862854,0.004537463,-0.017288474,73.204155
24.49275373635028,35.04710138474188,79.64641,5270399.878978729,-0.020433437,-0.00019621477,72.346985
24.481884276880134,35.21376834109622,79.042,16675200.489234924,-0.0004234016,-0.021815006,72.05121
24.3985509616347,35.079710263267266,82.39983,9676799.454116821,0.008971769,-0.0106076915,72.61765
24.40579730278949,34.98550712868071,82.545616,4233599.898290634,-0.024827547,-0.0067913774,72.52596
24.572463802625258,35.028985391507106,77.31845,1382400.019955635,-0.000543952,0.00012486987,72.63661
24.62318819070881,35.09782625650204,81.14894,13824000.4737854,0.013460573,-0.010211451,71.9034
24.40579722439643,35.07608730649443,81.130585,4752000.025749207,-0.013938293,0.0021462515,72.31012
24.5036234048686,34.94565269942081,84.86278,9935999.654960632,0.007966671,-0.014823092,72.014435
24.340579735906957,35.22101461745307,78.71513,5356800.128746033,-0.018459223,-0.0077198334,72.83734
24.57608686867857,35.22463755910878,78.28966,5615999.781131744,-0.009936176,-0.006562981,72.60165
24.068840433535758,35.17753635462667,82.62194,16847999.891853333,0.02267211,-0.025334703,71.97181
24.35507260113369,35.04710138474188,76.478294,17539199.696159363,0.005777329,-0.0048691826,73.49402
24.340579657513896,35.072464168316,77.031204,15206400.082397461,0.013496172,-0.009411972,72.91244
24.293478074173446,35.130434424522214,78.52256,10368000.35533905,0.012863111,-0.0051775547,73.14578
24.06159400092239,35.235507653915,77.223785,3456000.11844635,-0.06190811,-0.057842292,72.66754
24.35507260113369,35.04710138474188,76.478294,16156800.087547302,0.0019436181,-0.0070964424,73.250984
24.572463802625258,35.028985391507106,77.31845,15897599.886703491,0.0016716011,-0.01270454,73.20042
24.369565205050215,35.10507235145331,81.59638,1814400.0347614288,-0.01637661,-0.013289427,72.59132
24.340579735906957,35.22101461745307,78.71513,10108800.15449524,0.019656066,-0.014762351,73.04705
24.471014503837736,35.137681214861566,84.09494,8985600.19826889,-0.0010221526,-0.0048021404,72.59841
24.16304339770124,35.14130418675153,77.183464,9504000.051498413,0.026864778,-0.013737857,73.46225
24.15942034471344,35.02536261613985,84.04098,15292799.783706665,0.01267069,-0.022426609,72.29616
24.46739112421217,35.10507235145331,77.031204,17798399.897003174,0.0077811163,-0.00880806,73.445
24.351449221508126,35.36231895652174,77.53338,12873600.46863556,0.02739178,-0.009322872,72.89752
24.43478277193275,35.06521686399416,78.38795,2332799.8879909515,-0.01378588,-0.0099032875,72.52212
24.134057993885538,35.130434787333385,80.741425,1468799.9954938889,-0.026853338,-0.026983513,73.008606
24.782608584568965,35.06521774078783,85.492004,12009600.164794922,0.014665481,-0.023303716,71.28073
24.800724541980035,35.0326085145684,80.91604,17712000.19569397,-0.008411985,0.00021306984,71.45578
24.43478251062254,35.050724689208764,81.254395,13305600.072097778,0.018593531,-0.015068775,72.175285
24.514492864338745,35.152173737341,77.98083,2764800.03991127,-0.014996622,-0.009293726,72.922264
24.880434869565217,35.11594208344836,73.60822,172800.00249445438,0.007844919,0.0043067536,73.40331
24.471014503837736,35.137681214861566,84.09494,5875199.981975555,-0.024675857,-0.0028249705,72.27768
24.572463802625258,35.028985391507106,77.31845,14601599.979400635,0.014585584,-0.0049576117,73.003006
24.503623143558386,34.916666955294566,80.479385,10627199.459266663,0.006515702,-0.006037605,71.9033
24.75362311542571,35.148550251468535,82.31272,6652800.036048889,-0.031889044,0.017469501,71.436874
24.409420264318722,35.097825908808005,75.01247,1036799.9806880951,-0.01723905,-0.0072454475,73.50137
24.242753659958876,34.931159481553294,83.59315,2851200.015449524,-0.009563588,-0.012031354,71.95748
24.514492864338745,35.152173737341,77.98083,11923200.463485718,0.018798593,-0.010824095,72.47401
24.507246418659868,35.018115659512056,74.98295,0.0,0.013786174,-0.0038502216,72.65723
24.278985574781007,35.18478260074926,85.36457,518399.99034404755,-0.059049807,-0.022229373,71.70385
24.57608686867857,35.22463755910878,78.28966,10627199.459266663,0.019990213,-0.004498522,72.1367
24.17028990870767,35.119565206509655,75.23819,5011200.226593018,-0.03219077,-0.017537732,73.061195
24.782608845879178,35.07246365433351,80.82854,16588799.691009521,0.0074260943,0.004428846,71.557785
24.264492787947336,35.06521739309379,75.914215,6393599.835205078,-0.011206321,0.007557382,73.350044
24.507246418659868,35.018115659512056,74.98295,518399.99034404755,0.014497375,-0.0033640433,72.749306
24.507246627708035,35.15217355593542,72.15966,16847999.891853333,0.007715976,-0.01115342,72.07796
24.49275373635028,34.95652190987481,78.13308,18316800.298690796,-0.010555275,-0.009141324,73.11954
24.365941903817713,35.11594190204278,77.940506,4233599.898290634,-0.023976777,-0.009810034,73.02943
24.55434784521419,35.039855304907746,78.730316,10454400.056648254,0.012222925,-0.010256812,72.3826
24.619565229179578,35.18478278215484,82.255135,15292799.783706665,0.009180728,-0.016119901,72.08138
24.822463669968496,35.11956556932083,79.471794,2937599.9909877777,-0.015923899,0.012644794,72.189415
24.471014503837736,35.137681214861566,84.09494,8467199.796581268,-0.006355699,0.001277769,72.56468
24.365941903817713,35.11594190204278,77.940506,518399.99034404755,-0.0119267665,0.00498375,73.1083
24.271739312019278,35.0833337340226,74.97577,9849599.953651428,0.01542257,-0.008796779,72.972115
24.3913043591697,35.05434799367564,86.750465,12441599.768257141,0.020010892,-0.007529691,72.69234
24.782608845879178,35.07246365433351,80.82854,12095999.866104126,0.019774195,-0.008878017,71.31416
24.572463802625258,35.028985391507106,77.31845,10108800.15449524,0.0105621815,-0.008840678,73.215546
24.06159400092239,35.235507653915,77.223785,8553600.046348572,0.032460324,-0.024939423,74.6106
24.293478074173446,35.130434424522214,78.52256,8035200.193119049,-0.009139728,-0.0055047506,73.251816
24.53985505838052,35.14492730981283,78.72631,2159999.936914444,-0.00954964,-0.000611878,72.45184
24.24275355543479,35.275361916886446,83.709785,1728000.059223175,-0.057016283,-0.0659394,71.46505
24.17028990870767,35.119565206509655,75.23819,16502399.989700317,0.008891089,-0.017515272,72.47329
24.409420264318722,35.097825908808005,75.01247,2851200.015449524,-0.021097217,-0.0099190995,73.50024
24.15942034471344,35.02536261613985,84.04098,13824000.4737854,0.018375713,-0.019767402,72.615906
24.62318819070881,35.09782625650204,81.14894,1900800.0102996826,-0.013047926,0.0031229807,71.95686
24.57608686867857,35.22463755910878,78.28966,12614400.267791748,0.024649803,-0.0031335428,71.986626
24.336956356281394,35.12681217825459,78.56935,8726399.99742508,0.005159527,-0.00368221,73.13369
24.46739112421217,35.10507235145331,77.031204,3456000.11844635,-0.010979179,-0.013868788,73.14793
24.271739312019278,35.0833337340226,74.97577,12355200.066947937,0.016664416,-0.0081936605,72.841484
24.423912946628306,35.16304383214723,83.815254,8553600.046348572,0.013492724,-0.010384725,72.75402
24.282608510179216,35.10869565592019,73.044136,10022400.453186035,-0.0028710105,-0.0048276447,72.55986
24.576087129988778,34.96376817111452,80.53768,3456000.11844635,-0.017430771,-0.0023220778,72.85166
24.5036234048686,34.94565269942081,84.86278,13824000.4737854,0.02179597,-0.030916547,72.1981
24.278985653174068,35.159420527680346,80.15937,5443199.830055237,-0.025706403,-0.008668561,73.118675
24.731884091961334,34.88405773852335,82.62194,7257600.139045715,-0.012127139,0.013023966,71.263016
24.85869584610084,35.31159408476158,76.05999,7689599.742507935,-0.011785172,0.012645887,71.55241
24.586956589458925,35.03623181903528,81.050644,13046399.871253967,0.020034917,-0.011151437,71.73663
24.47463793572534,35.15579704180788,74.131996,13910400.175094604,0.019304853,-0.014532328,73.04413
24.619565229179578,35.18478278215484,82.255135,12009600.164794922,0.014448371,-0.015747838,71.95986
24.2137679164399,35.101449394680465,78.1842,172800.00249445438,0.004899444,-0.018954676,73.31826
24.003623304347823,35.192029209683014,80.788605,7084800.187969208,-0.013682928,0.0019639237,73.938705
24.271739312019278,35.0833337340226,74.97577,17452799.99485016,0.009231672,-0.02203014,73.21958
24.3985509616347,35.079710263267266,82.39983,5184000.177669525,-0.01597903,0.010629268,72.32345
24.43478277193275,35.06521686399416,78.38795,8380800.095272064,-0.0028539337,0.0017263927,72.80253
24.55434784521419,35.039855304907746,78.730316,6912000.2368927,-0.0035004243,-0.00186498,72.62241
24.15217408195171,35.09782609021359,90.079155,16588799.691009521,0.013284838,-0.027791021,71.063805
24.655797039477626,35.09782643790763,82.953125,14601599.979400635,0.015076386,-0.017932527,71.5964
24.15217408195171,35.09782609021359,90.079155,10368000.35533905,0.024271516,-0.009023732,72.502
24.659420157792983,35.13768139626715,82.9603,6047999.933052063,-0.022791896,0.01490593,71.716
24.75362311542571,35.148550251468535,82.31272,518399.99034404755,-0.037537485,0.02841418,71.83826
24.32608705359737,35.05434782738719,80.59564,3196799.917602539,-0.018087544,-0.021125268,72.37501
24.507246418659868,35.018115659512056,74.98295,11750399.96395111,0.01043359,-0.009397641,73.64662
24.2137679164399,35.101449394680465,78.1842,3715200.0450611115,-0.0139035545,-0.019287683,73.221695
24.268116089179838,35.07971042955572,81.07262,16588799.691009521,0.0062015187,-0.017187975,72.25841
24.134057993885538,35.130434787333385,80.741425,12700799.969100952,0.021918062,-0.005742207,73.09952
24.32608705359737,35.05434782738719,80.59564,345600.00498890877,-0.021964349,-0.021914024,72.48459
24.3913043591697,35.05434799367564,86.750465,13737599.675559998,0.02105318,-0.006627992,72.43611
24.521739153231497,35.18115965909355,80.50853,16502399.989700317,0.011690689,-0.019277347,72.08957
24.57246390714934,35.13405809180027,82.83649,3974399.971675873,-0.018648542,-0.010841003,71.88843
24.275362351941567,35.02173896397893,79.32639,17193599.794006348,0.00030503422,-0.01770065,72.80311
24.264492787947336,35.06521739309379,75.914215,7603200.0411987305,-0.0064917356,0.011368855,73.37201
24.369565205050215,35.10507235145331,81.59638,11664000.262641907,0.019913148,-0.012416892,72.580025
24.619565229179578,35.18478278215484,82.255135,10627199.459266663,0.015537819,-0.013297502,71.87059
24.586956589458925,35.03623181903528,81.050644,2678400.0643730164,0.0025078468,-0.013537552,72.38995
24.003623304347823,35.192029209683014,80.788605,6307200.133895874,-0.032718606,-0.006012328,73.654785
24.293478074173446,35.130434424522214,78.52256,9331199.551963806,0.008518785,0.0031859078,73.27176
24.32608705359737,35.05434782738719,80.59564,15983999.588012695,0.011904571,-0.015380839,72.51183
24.286231733018653,35.16304365074164,82.86601,13219200.370788574,0.024157623,-0.014679924,72.62716
24.409420264318722,35.097825908808005,75.01247,15379199.48501587,0.014362542,-0.0103447735,73.09415
24.586956589458925,35.03623181903528,81.050644,3023999.9665260315,0.0017439686,-0.01300844,72.38484
24.369565205050215,35.10507235145331,81.59638,4147199.9227523804,-0.022921853,-0.006310096,72.51965
24.15217408195171,35.09782609021359,90.079155,2851200.015449524,-0.007923517,-0.019927425,73.2773
24.40217392316393,35.07246365433351,77.73675,86400.00124722719,0.010682646,0.0023510791,72.8938
24.242753659958876,34.931159481553294,83.59315,777599.9855160713,-0.012996018,0.0018306165,71.91774
24.15217408195171,35.09782609021359,90.079155,3542400.093984604,-0.013369862,-0.019931888,73.14622
24.271739312019278,35.0833337340226,74.97577,15638399.68585968,0.013784898,-0.016530108,73.09068
24.57246390714934,35.13405809180027,82.83649,3023999.9665260315,-0.015250944,-0.012773279,71.869286
24.514492864338745,35.152173737341,77.98083,11059200.15964508,0.015413025,-0.012246121,72.54307
24.60144921950647,34.9456523441682,85.40489,9590399.752807617,0.013148155,-0.007353278,71.78242
24.57608686867857,35.22463755910878,78.28966,8553600.046348572,-0.002187185,0.009491909,72.520676
24.3985509616347,35.079710263267266,82.39983,18403200.0,0.017657934,-0.01768978,72.37558
24.282608510179216,35.10869565592019,73.044136,16329599.49016571,0.012779865,-0.025901837,73.09724
24.822463669968496,35.11956556932083,79.471794,7430400.090122223,0.0038611908,0.019168846,71.641556
24.51086948471318,35.141304337922854,75.965324,8380800.095272064,-0.0054513104,0.009217041,73.35448
24.677536062942007,35.07971042955572,84.775665,16156800.087547302,0.0012948029,-0.013998274,71.709694
24.731884091961334,34.88405773852335,82.62194,8035200.193119049,-0.011991885,0.0025034053,71.09434
24.5036234048686,34.94565269942081,84.86278,12700799.969100952,0.02364186,-0.02843679,72.264145
24.336956356281394,35.12681217825459,78.56935,16934399.593162537,-0.0059962906,0.007035845,72.47184
24.141304256647267,35.05072417522627,80.839714,5788799.732208252,-0.02123914,-0.0007293569,73.26105
24.85869584610084,35.31159408476158,76.05999,9158400.149345398,0.013095954,0.0015743207,71.729355
24.822463669968496,35.11956556932083,79.471794,1382400.019955635,-0.014401928,0.015311262,72.527466
24.525362323808892,35.01449270273921,80.76379,15897599.886703491,0.008929929,-0.022126121,71.95053
24.518115930392057,35.170290078269815,76.7112,4838399.727058411,-0.020511787,0.0017367341,73.53443
24.49275373635028,35.04710138474188,79.64641,7430400.090122223,-0.015762921,0.003909542,72.3042
24.068840433535758,35.17753635462667,82.62194,15638399.68585968,0.026961327,-0.019342342,72.407295
24.17028990870767,35.119565206509655,75.23819,6480000.084972382,-0.012271628,-0.012507807,73.09377
24.409420342711783,35.02898555779556,73.23672,1296000.0444173813,-0.0100575015,0.00016300287,73.38739
24.619565229179578,35.18478278215484,82.255135,13564800.27294159,0.01376164,-0.014668545,72.002594
24.53985505838052,35.14492730981283,78.72631,5270399.878978729,-0.020351157,0.0055202567,72.467766
24.579710091518006,35.06884069756067,84.24473,15206400.082397461,0.00756575,-0.010789929,71.77715
24.268116089179838,35.07971042955572,81.07262,16847999.891853333,0.006245652,-0.01730341,72.24865
24.3913043591697,35.05434799367564,86.750465,10540799.757957458,0.018146222,-0.0069822716,72.85078
24.481884276880134,35.21376834109622,79.042,3196799.917602539,-0.011385899,-0.012128105,72.81976
24.35507260113369,35.04710138474188,76.478294,12095999.866104126,0.005433824,-0.0075910203,73.09619
24.171296292717127,35.10648163098043,78.049835,12355200.066947937,0.017594375,-0.016140606,73.10246
24.32608705359737,35.05434782738719,80.59564,9244799.850654602,0.011768496,-0.015066134,72.94743
24.293478074173446,35.130434424522214,78.52256,4838399.727058411,-0.020987898,-0.014470505,73.16262
24.003623304347823,35.192029209683014,80.788605,1123200.0247836113,-0.04555907,-0.051564433,72.27757
24.619565229179578,35.18478278215484,82.255135,1382400.019955635,-0.0015799962,0.0010101027,71.54599
24.471014503837736,35.137681214861566,84.09494,2073599.9613761902,-0.015278056,-0.006395626,72.00757
24.286231733018653,35.16304365074164,82.86601,17539199.696159363,0.008431876,-0.025478953,71.640015
24.409420185925658,35.126811301460926,78.58091,12355200.066947937,0.016945751,-0.0037350254,72.544525
24.507246418659868,35.018115659512056,74.98295,17020800.39138794,0.00041602552,-0.0151274055,74.26544
24.579710091518006,35.06884069756067,84.24473,11836799.665260315,0.01894534,-0.016495816,72.013985
24.32608705359737,35.05434782738719,80.59564,1209599.9317646027,-0.02139958,-0.025061527,72.42737
24.619565229179578,35.18478278215484,82.255135,16156800.087547302,0.0067731217,-0.015542341,72.167
24.24275355543479,35.275361916886446,83.709785,8985600.19826889,0.018959438,0.009493342,73.39548
24.40579722439643,35.07608730649443,81.130585,5443199.830055237,-0.011108119,-6.852113e-05,72.31275
24.32608705359737,35.05434782738719,80.59564,12095999.866104126,0.017170383,-0.015128966,72.65492
24.40579722439643,35.07608730649443,81.130585,15206400.082397461,0.015688421,-0.01195652,72.35064
24.782608845879178,35.07246365433351,80.82854,6566399.786281586,-0.013811849,0.010776872,71.399734
24.731883987437246,34.999999998854186,80.17734,16588799.691009521,-0.0018115081,-0.013011506,71.54699
24.57608686867857,35.22463755910878,78.28966,1814400.0347614288,-0.002616793,-0.0043262644,72.72503
24.53985505838052,35.14492730981283,78.72631,9417600.350189209,0.006467838,0.0021453868,72.45097
24.177536001617764,35.01449252133363,77.3516,17020800.39138794,0.00035431236,-0.021231538,72.902145
24.40217392316393,35.07246365433351,77.73675,6047999.933052063,-0.013815243,-0.008627076,72.86654
24.503623143558386,34.916666955294566,80.479385,6480000.084972382,-0.031498224,-0.0024635447,72.48229
24.17028990870767,35.119565206509655,75.23819,14947199.88155365,0.0121668745,-0.011886608,72.28994
24.369565205050215,35.10507235145331,81.59638,10972800.458335876,0.017654235,-0.012825018,72.63226
24.677536062942007,35.07971042955572,84.775665,3542400.093984604,-0.012752194,-0.0025313515,72.37465
24.271739312019278,35.0833337340226,74.97577,12268800.365638733,0.016126905,-0.008620076,72.84566
24.659420157792983,35.13768139626715,82.9603,1814400.0347614288,-0.019989204,0.0041906214,71.86065
24.731884091961334,34.88405773852335,82.62194,15551999.984550476,-0.0009566359,0.00047993194,71.293365
24.003623304347823,35.192029209683014,80.788605,18316800.298690796,0.005308209,-0.026844746,71.98533
24.608695560661264,35.210145036629335,80.071884,11059200.15964508,0.013378529,-0.0035764156,71.936844
24.608695560661264,35.210145036629335,80.071884,5443199.830055237,-0.02240704,0.0034539304,71.95632
24.608695560661264,35.210145036629335,80.071884,8899199.948501587,0.0063923374,0.01185476,72.12312
24.57608686867857,35.22463755910878,78.28966,2159999.936914444,-0.0052338764,-0.0064780163,72.70792
24.264492787947336,35.06521739309379,75.914215,12527999.469566345,0.017357837,-0.0031072171,72.79008
24.40217392316393,35.07246365433351,77.73675,5097599.927902222,-0.016372621,-0.013723938,72.82888
24.2137679164399,35.101449394680465,78.1842,950400.0051498413,0.0045464598,-0.021015547,73.331825
24.57608686867857,35.22463755910878,78.28966,11923200.463485718,0.022775847,-0.0047679283,71.96491
24.286231733018653,35.16304365074164,82.86601,15465600.283241272,0.016214466,-0.02127527,72.0683
24.33695651306752,35.26449269887389,75.24537,16588799.691009521,0.019479975,-0.026575634,72.37199
24.53985505838052,35.14492730981283,78.72631,5184000.177669525,-0.020171802,0.005321052,72.473694
24.340579657513896,35.072464168316,77.031204,1728000.059223175,-0.016420837,-0.015735842,73.03451
24.177536001617764,35.01449252133363,77.3516,4233599.898290634,-0.014381837,-0.01431377,72.95555
24.623188347494935,34.98550731008629,86.27349,15811200.185394287,0.020748451,-0.026014077,71.67647
24.340579657513896,35.072464168316,77.031204,7516799.791431427,-0.014901217,-0.003953376,73.25336
24.47463793572534,35.15579704180788,74.131996,4665599.775981903,-0.021558449,-0.008709822,73.31001
24.35507260113369,35.04710138474188,76.478294,15379199.48501587,0.0056504253,0.001584847,73.207344
24.579710091518006,35.06884069756067,84.24473,172800.00249445438,-0.020559657,0.0057848906,72.29452
24.40579722439643,35.07608730649443,81.130585,17539199.696159363,0.008238986,-0.017544163,72.588326
24.340579735906957,35.22101461745307,78.71513,1987199.9858379364,-0.0070777982,-0.022058938,72.8264
24.442029139218562,35.043478080275,76.86345,16847999.891853333,0.0037646852,-0.012164483,73.471664
24.481884276880134,35.21376834109622,79.042,2073599.9613761902,-0.008214738,-0.012704371,72.89491
24.278985653174068,35.159420527680346,80.15937,10454400.056648254,0.017250316,-0.009217087,73.05266
24.60144921950647,34.9456523441682,85.40489,3110399.9420642853,-0.016561333,0.01344107,72.59618
24.152173912100075,34.942029039701325,85.189964,6739199.737358093,-0.023071915,-0.0023559034,72.17104
24.60144921950647,34.9456523441682,85.40489,4060799.9472141266,-0.019687455,0.014541653,72.427605
24.286231733018653,35.16304365074164,82.86601,5615999.781131744,-0.00056773797,-0.012941131,72.59138
24.518115930392057,35.170290078269815,76.7112,4319999.873828888,-0.019594051,0.002665631,73.55809
24.442029139218562,35.043478080275,76.86345,17279999.49531555,0.0028641243,-0.012106471,73.573326
24.242753659958876,34.931159481553294,83.59315,14947199.88155365,0.005917432,-0.012440888,72.26436
24.49275373635028,35.04710138474188,79.64641,16070400.386238098,0.0025005415,-0.018962426,72.47855
24.53985505838052,35.14492730981283,78.72631,5097599.927902222,-0.019984879,0.0051400093,72.47913
24.286231733018653,35.16304365074164,82.86601,1123200.0247836113,0.009068498,-0.0070522716,72.30259
24.731883987437246,34.999999998854186,80.17734,12009600.164794922,0.0075083915,-0.021265173,71.36626
24.2137679164399,35.101449394680465,78.1842,3369599.8686790466,-0.0132317655,-0.019600704,73.22346
24.57246390714934,35.13405809180027,82.83649,13132799.572563171,0.01835864,-0.012169838,71.942024
24.518115930392057,35.170290078269815,76.7112,8294399.845504761,0.0017571002,-0.008786052,72.975075
24.608695560661264,35.210145036629335,80.071884,12095999.866104126,0.014162611,-0.0018008323,71.83665
24.47463793572534,35.15579704180788,74.131996,17712000.19569397,0.012812305,-0.01943319,73.03603
24.3913043591697,35.05434799367564,86.750465,17193599.794006348,0.0074114483,-0.013123816,71.83302
24.46739112421217,35.10507235145331,77.031204,16243199.788856506,0.008005692,-0.013868477,73.10489
24.003623304347823,35.192029209683014,80.788605,13737599.675559998,0.027351461,-0.01575947,73.17489
24.409420185925658,35.126811301460926,78.58091,17884799.598312378,0.012215996,-0.01951901,72.80856
24.409420185925658,35.126811301460926,78.58091,10540799.757957458,0.018448781,-0.0023512794,72.800415
24.177536001617764,35.01449252133363,77.3516,9504000.051498413,0.012302255,-0.0172015,73.096756
24.800724541980035,35.0326085145684,80.91604,14860800.180244446,0.018586732,0.0038052574,71.14994
24.579710091518006,35.06884069756067,84.24473,8467199.796581268,0.0024437495,0.003998025,72.041664
24.442029139218562,35.043478080275,76.86345,11404800.061798096,0.0069003943,-0.01339351,73.09181
24.177536001617764,35.01449252133363,77.3516,6566399.786281586,-0.006674841,-0.019396411,73.39174
24.409420264318722,35.097825908808005,75.01247,11145599.860954285,0.015237464,-0.009857506,73.31267
24.35507260113369,35.04710138474188,76.478294,17625600.494384766,0.005545046,-0.004776977,73.51563
24.800724541980035,35.0326085145684,80.91604,12527999.469566345,0.02436923,0.003509468,71.194214
24.369565205050215,35.10507235145331,81.59638,10713600.257492065,0.017041134,-0.012823349,72.65752
24.358695745580064,35.14492749121842,79.46463,14947199.88155365,0.013967393,-0.0111892335,72.10595
24.278985653174068,35.159420527680346,80.15937,15897599.886703491,0.00013170764,-0.014505085,71.85977
24.336956356281394,35.12681217825459,78.56935,1468799.9954938889,-0.013906453,-0.009218112,73.02653
24.271739312019278,35.0833337340226,74.97577,6825599.987125397,-0.01535733,-0.008748297,73.23911
24.880434869565217,35.11594208344836,73.60822,5097599.927902222,-0.022676501,0.013500613,73.56458
24.60144921950647,34.9456523441682,85.40489,17971200.39653778,0.0003288053,-0.0066125253,71.21184
24.268116089179838,35.07971042955572,81.07262,12268800.365638733,0.017718498,-0.015938062,72.792725
24.53985505838052,35.14492730981283,78.72631,8294399.845504761,-0.0060473755,0.008157579,72.41062
24.51086948471318,35.141304337922854,75.965324,6566399.786281586,-0.009480935,0.0078483345,73.60057
24.3985509616347,35.079710263267266,82.39983,12182399.56741333,0.018218242,-0.013452355,72.39904
24.06159400092239,35.235507653915,77.223785,4233599.898290634,-0.05208706,-0.05293224,72.92589
24.43478277193275,35.06521686399416,78.38795,15206400.082397461,0.008919423,-0.00031788368,72.821396
24.576087129988778,34.96376817111452,80.53768,15811200.185394287,0.017149502,-0.016719509,71.674194
24.177536001617764,35.01449252133363,77.3516,15465600.283241272,0.017233722,-0.019349454,72.61204
24.369565205050215,35.10507235145331,81.59638,17193599.794006348,0.006493246,-0.021258915,72.518234
24.423912946628306,35.16304383214723,83.815254,16243199.788856506,0.006109629,-0.017937053,72.16061
24.880434869565217,35.11594208344836,73.60822,15551999.984550476,0.02651796,-0.012592059,73.58734
24.340579657513896,35.072464168316,77.031204,2419199.8635292053,-0.019986328,-0.015351916,73.00417
24.655797039477626,35.09782643790763,82.953125,10281599.557113647,0.013210539,-0.011704786,71.73786
24.677536062942007,35.07971042955572,84.775665,9849599.953651428,0.012694776,-0.012002045,71.91348
24.340579735906957,35.22101461745307,78.71513,17366400.293540955,0.010851815,-0.025181694,72.04226
24.242753659958876,34.931159481553294,83.59315,8899199.948501587,0.009491511,0.011035667,72.353226
24.528985389862203,35.079710263267266,73.800804,1987199.9858379364,-0.014166828,-0.016592417,73.6457
24.53985505838052,35.14492730981283,78.72631,7343999.840354919,-0.016459659,0.010335317,72.34797
24.586956589458925,35.03623181903528,81.050644,9849599.953651428,0.006080944,-0.005207763,71.74924
24.2137679164399,35.101449394680465,78.1842,13132799.572563171,0.018521853,-0.015690794,72.806755
24.85869584610084,35.31159408476158,76.05999,8467199.796581268,0.0024426356,0.008661037,71.61763
24.336956356281394,35.12681217825459,78.56935,1296000.0444173813,-0.013994828,-0.008833883,73.03347
24.3985509616347,35.079710263267266,82.39983,6912000.2368927,0.009012602,-0.00038255285,72.38173
24.507246418659868,35.018115659512056,74.98295,11923200.463485718,0.011483006,-0.008713897,73.64466
24.49275373635028,34.95652190987481,78.13308,6047999.933052063,-0.014004469,0.0060086995,73.09545
24.572463802625258,35.028985391507106,77.31845,17107200.092697144,-0.0010580719,-0.013001531,73.61022
24.152173912100075,34.942029039701325,85.189964,13737599.675559998,0.020282928,-0.011707148,72.3943
24.16304339770124,35.14130418675153,77.183464,7862400.2420425415,0.016591787,-0.020142542,73.43421
24.134057993885538,35.130434787333385,80.741425,12441599.768257141,0.02105217,-0.0072771683,73.148926
24.72463775080654,35.097825908808005,83.506035,2419199.8635292053,-0.015788708,0.002908188,72.30193
24.528985389862203,35.079710263267266,73.800804,10713600.257492065,0.017371181,-0.0115903355,73.608894
24.43478251062254,35.050724689208764,81.254395,4924799.976825714,-0.018112525,-0.008325528,72.24751
24.521739153231497,35.18115965909355,80.50853,15551999.984550476,0.01297158,-0.015387569,72.019104
24.271739312019278,35.0833337340226,74.97577,10281599.557113647,0.013550296,-0.011376437,72.94886
24.40217392316393,35.07246365433351,77.73675,1987199.9858379364,-0.005057279,-0.008585921,72.813835
24.202898613755877,35.17753635462667,82.22561,3110399.9420642853,-0.039543666,-0.022754708,72.57771
24.423912946628306,35.13405791039468,84.735344,16588799.691009521,0.005419472,-0.016223786,72.12234
24.06159400092239,35.235507653915,77.223785,4579200.074672699,-0.04605917,-0.049500197,73.05265
24.5036234048686,34.94565269942081,84.86278,1468799.9954938889,0.00012897328,0.003411984,72.63449
24.677536062942007,35.07971042955572,84.775665,5443199.830055237,-0.00784919,-0.00867451,72.20873
24.141304256647267,35.05072417522627,80.839714,8035200.193119049,-0.014372237,-0.0009491835,73.506996
24.576087129988778,34.96376817111452,80.53768,14860800.180244446,0.020917661,-0.011680007,71.64278
24.06159400092239,35.235507653915,77.223785,8726399.99742508,0.032917712,-0.024931269,74.630974
24.576087129988778,34.96376817111452,80.53768,4924799.976825714,-0.022594724,0.0026497599,72.52858
24.33695651306752,35.26449269887389,75.24537,10713600.257492065,0.026181448,-0.024345407,73.6105
24.286231733018653,35.16304365074164,82.86601,13305600.072097778,0.02412514,-0.014714757,72.60679
24.134057993885538,35.130434787333385,80.741425,6652800.036048889,-0.023420725,-0.0043904027,73.82035
24.55434784521419,35.039855304907746,78.730316,5356800.128746033,-0.014897175,-0.0026455764,72.73378
24.528985389862203,35.079710263267266,73.800804,4752000.025749207,-0.024974156,-0.0067637553,73.71322
24.264492787947336,35.06521739309379,75.914215,6134400.182819366,-0.012277305,0.005583084,73.333336
24.068840433535758,35.050724689208764,75.1399,4492800.099134445,-0.020485893,-0.014175501,73.42645
24.62318819070881,35.09782625650204,81.14894,3542400.093984604,-0.01931249,0.0021231337,72.04375
24.49275373635028,35.04710138474188,79.64641,1728000.059223175,-0.0064784214,0.0013851668,72.24705
24.471014503837736,35.137681214861566,84.09494,9071999.899578094,-0.00019355118,-0.0058005815,72.60264
24.35507260113369,35.04710138474188,76.478294,17798399.897003174,0.0045264065,-0.0048146173,73.559296
24.17028990870767,35.119565206509655,75.23819,10540799.757957458,0.017795699,-0.0030805292,72.724754
24.518115930392057,35.170290078269815,76.7112,9158400.149345398,0.013742322,-0.0067805825,72.96839
24.242753659958876,34.931159481553294,83.59315,7430400.090122223,0.0071646236,0.0106658535,72.25528
24.293478074173446,35.130434424522214,78.52256,7516799.791431427,-0.011528626,-0.012024948,73.21943
24.409420264318722,35.097825908808005,75.01247,16588799.691009521,0.009576645,-0.015735703,73.118454
24.514492864338745,35.152173737341,77.98083,11664000.262641907,0.017411016,-0.011384573,72.4899
24.068840433535758,35.050724689208764,75.1399,12441599.768257141,0.022241574,-0.021371065,71.84017
24.409420342711783,35.02898555779556,73.23672,4752000.025749207,-0.019876607,0.006302298,73.06387
24.336956356281394,35.12681217825459,78.56935,8899199.948501587,0.0070795566,-0.0040855603,73.13711
24.40217392316393,35.07246365433351,77.73675,12873600.46863556,0.017541781,-0.0012279749,72.84226
24.24275355543479,35.275361916886446,83.709785,9676799.454116821,0.024161043,0.0036000526,73.527695
24.336956356281394,35.12681217825459,78.56935,5788799.732208252,-0.02210816,-0.0009234445,73.04482
24.40579722439643,35.07608730649443,81.130585,15638399.68585968,0.012463843,-0.013512511,72.40799
24.5036234048686,34.94565269942081,84.86278,10195199.855804443,0.00981191,-0.017198324,72.03481
24.53985505838052,35.14492730981283,78.72631,11923200.463485718,0.019757729,-0.007486608,72.25741
24.340579735906957,35.22101461745307,78.71513,14601599.979400635,0.022609564,-0.00859086,72.290985
24.579710091518006,35.06884069756067,84.24473,10540799.757957458,0.01308997,-0.01539625,72.0779
24.141304256647267,35.05072417522627,80.839714,17452799.99485016,-0.0002709888,-0.015431799,72.08121
24.782608845879178,35.07246365433351,80.82854,12268800.365638733,0.019389223,-0.009261938,71.32253
24.51086948471318,35.141304337922854,75.965324,3715200.0450611115,-0.014942981,-0.0068167187,73.63655
24.46739112421217,35.10507235145331,77.031204,9590399.752807617,0.010514135,0.001260065,72.98699
24.152173912100075,34.942029039701325,85.189964,7775999.992275238,-0.017669942,0.006993132,72.32578
24.16304339770124,35.14130418675153,77.183464,11491199.7631073,0.018637128,-0.01357805,73.16258
24.641304357168043,34.938405387540406,81.3883,6480000.084972382,-0.00091296434,-0.016010841,71.684685
24.202898613755877,35.17753635462667,82.22561,17884799.598312378,0.00033862516,-0.019638015,71.28756
24.51086948471318,35.141304337922854,75.965324,14515200.27809143,0.018264242,-0.009872224,73.09449
24.275362351941567,35.02173896397893,79.32639,6134400.182819366,-0.017778154,-0.016953347,72.890915
24.782608845879178,35.07246365433351,80.82854,10022400.453186035,0.014855737,-0.0040133046,71.31372
24.358695745580064,35.14492749121842,79.46463,10886399.660110474,0.013307987,-0.009170335,72.72129
24.24275355543479,35.275361916886446,83.709785,3801600.0205993652,-0.05923885,-0.05801759,71.572914
24.75362311542571,35.148550251468535,82.31272,16847999.891853333,-0.005882457,-0.0072443252,71.99556
24.340579735906957,35.22101461745307,78.71513,11664000.262641907,0.021063125,-0.015414763,73.00261
24.49275373635028,34.95652190987481,78.13308,864000.0296115875,-0.003375493,0.008537164,72.79758
24.336956356281394,35.12681217825459,78.56935,16156800.087547302,-0.001866594,0.001334602,72.40049
24.16304339770124,35.14130418675153,77.183464,12441599.768257141,0.019299237,-0.008510521,72.95433
24.235507135886934,35.09782643790763,86.62735,16329599.49016571,0.010063626,-0.02407522,72.02407
24.55434784521419,35.039855304907746,78.730316,16675200.489234924,0.0047525913,-0.019691415,72.86833
24.782608845879178,35.07246365433351,80.82854,8812800.247192383,0.006025225,0.006070995,71.35959
24.068840433535758,35.17753635462667,82.62194,8985600.19826889,0.017187687,-0.02700966,73.68751
24.576087129988778,34.96376817111452,80.53768,9849599.953651428,0.012893712,-0.017356578,71.67508
24.731883987437246,34.999999998854186,80.17734,17020800.39138794,0.0024299286,-0.014299681,71.58953
24.43478277193275,35.06521686399416,78.38795,6480000.084972382,-0.0154841915,-0.0008052867,72.69546
24.677536062942007,35.07971042955572,84.775665,5529600.07982254,-0.007141281,-0.008374881,72.19471
24.278985653174068,35.159420527680346,80.15937,13046399.871253967,0.020236474,-0.0064233597,72.67722
24.17028990870767,35.119565206509655,75.23819,0.0,-0.047382742,-0.02606651,73.1054
24.264492787947336,35.06521739309379,75.914215,5702400.030899048,-0.014328152,0.0019668676,73.300865
24.152173912100075,34.942029039701325,85.189964,5443199.830055237,-0.02504316,-0.016252125,72.29373
24.608695560661264,35.210145036629335,80.071884,12960000.169944763,0.017258402,0.0017017163,71.92017
24.75362311542571,35.148550251468535,82.31272,6480000.084972382,-0.034212135,0.017690497,71.443535
24.336956356281394,35.12681217825459,78.56935,11145599.860954285,0.014865082,-0.008646205,72.89064
24.351449221508126,35.36231895652174,77.53338,3974399.971675873,-0.06789199,-0.06799338,72.49914
24.481884276880134,35.21376834109622,79.042,5097599.927902222,-0.018551845,-0.008873841,72.59932
24.409420185925658,35.126811301460926,78.58091,2505600.113296509,-0.013729282,-0.010773331,72.79304
24.003623304347823,35.192029209683014,80.788605,18057600.097846985,0.006749993,-0.026549501,71.94013
24.507246418659868,35.018115659512056,74.98295,15033599.582862854,0.012893869,-0.010749247,73.73959
24.507246627708035,35.15217355593542,72.15966,16156800.087547302,0.0017838478,-0.011954883,72.07109
24.268116089179838,35.07971042955572,81.07262,12182399.56741333,0.017257662,-0.016039088,72.80093
24.351449221508126,35.36231895652174,77.53338,4752000.025749207,-0.050826795,-0.046108663,72.59506
24.340579657513896,35.072464168316,77.031204,12787199.670410156,0.015501799,-0.0012330152,72.88593
24.141304256647267,35.05072417522627,80.839714,6220799.884128571,-0.02023694,0.0021222546,73.304955
24.49275373635028,35.04710138474188,79.64641,15033599.582862854,0.0063730627,-0.01809113,72.39925
24.528985389862203,35.079710263267266,73.800804,1036799.9806880951,-0.0014713779,-0.017653745,73.737274
24.3913043591697,35.05434799367564,86.750465,2419199.8635292053,-0.025919873,-0.022840807,72.77613
24.271739312019278,35.0833337340226,74.97577,2937599.9909877777,-0.025564525,-0.0011656107,73.21279
24.336956356281394,35.12681217825459,78.56935,18143999.79915619,-0.010328714,0.0052401107,72.53863
24.62318819070881,35.09782625650204,81.14894,15897599.886703491,0.0069335364,-0.016923605,71.86966
24.782608584568965,35.06521774078783,85.492004,4924799.976825714,-0.022032723,0.005942342,72.11106
24.336956356281394,35.12681217825459,78.56935,10195199.855804443,0.0143763255,-0.0073744785,73.02243
24.521739153231497,35.18115965909355,80.50853,7516799.791431427,0.0049701724,-0.010355886,72.325615
24.57608686867857,35.22463755910878,78.28966,13996799.876403809,0.023806658,-0.004765329,72.14118
24.55434784521419,35.039855304907746,78.730316,16502399.989700317,0.0051117484,-0.018945344,72.82635
24.579710091518006,35.06884069756067,84.24473,17712000.19569397,-0.010447599,0.0037995488,71.66818
24.85869584610084,35.31159408476158,76.05999,15206400.082397461,0.024217062,-0.019559018,73.21952
24.626811465810288,35.05797113185407,83.9315,10108800.15449524,0.012192823,-0.010459112,71.85951
24.782608845879178,35.07246365433351,80.82854,7343999.840354919,-0.012322947,0.012912291,71.37219
24.471014503837736,35.137681214861566,84.09494,18230399.500465393,-0.010351501,-0.007464247,72.06484
24.278985574781007,35.18478260074926,85.36457,5875199.981975555,-0.04792565,-0.01213032,72.72217
24.373188532413735,34.85507217391305,83.68782,5270399.878978729,-0.022889782,-0.014433844,71.88575
24.626811465810288,35.05797113185407,83.9315,6825599.987125397,-0.018360022,0.0046854867,72.03215
24.608695560661264,35.210145036629335,80.071884,13564800.27294159,0.01791942,0.00056135235,72.04551
24.242753659958876,34.931159481553294,83.59315,3715200.0450611115,-0.010279264,-0.012460144,71.976616
24.51086948471318,35.141304337922854,75.965324,6134400.182819366,-0.012452669,0.0064203697,73.65708
24.43478251062254,35.050724689208764,81.254395,18403200.0,0.00031745434,-0.019622855,72.44312
24.202898613755877,35.17753635462667,82.22561,11836799.665260315,0.022374343,-0.017192861,73.15477
24.358695745580064,35.14492749121842,79.46463,3369599.8686790466,-0.01956873,-0.005478441,72.966194
24.641304357168043,34.938405387540406,81.3883,10454400.056648254,0.010897338,-0.02332822,71.332535
24.373188532413735,34.85507217391305,83.68782,3628800.0695228577,-0.024269708,-0.0020976206,71.79147
24.623188347494935,34.98550731008629,86.27349,13132799.572563171,0.03355792,-0.021464795,71.94234
24.40217392316393,35.07246365433351,77.73675,4492800.099134445,-0.015888397,-0.014597883,72.80486
24.373188532413735,34.85507217391305,83.68782,9158400.149345398,-0.012064993,-0.005067041,72.23035
24.3913043591697,35.05434799367564,86.750465,432000.01480579376,-0.028008092,-0.016046364,72.583565
24.57246390714934,35.13405809180027,82.83649,11231999.562263489,0.01378423,-0.013144024,71.95644
24.340579735906957,35.22101461745307,78.71513,11836799.665260315,0.021402765,-0.014941487,72.99596
24.423912946628306,35.16304383214723,83.815254,17107200.092697144,0.008323168,-0.01736246,72.25557
24.57608686867857,35.22463755910878,78.28966,13910400.175094604,0.024178319,-0.004320003,72.13003
24.72463775080654,35.097825908808005,83.506035,7603200.0411987305,-0.011297077,6.330293e-05,71.64414
24.528985389862203,35.079710263267266,73.800804,8553600.046348572,-0.004244514,-0.003003182,73.77959
24.351449221508126,35.36231895652174,77.53338,17107200.092697144,0.01939942,-0.027024927,73.43393
24.51086948471318,35.141304337922854,75.965324,4233599.898290634,-0.016424619,-0.006066002,73.64964
24.275362351941567,35.02173896397893,79.32639,10281599.557113647,0.021520134,-0.012356933,73.042984
24.514492864338745,35.152173737341,77.98083,8726399.99742508,0.010470388,0.0014531063,72.684105
24.47463793572534,35.15579704180788,74.131996,1814400.0347614288,0.0009188652,-0.008041337,73.50335
24.641304357168043,34.938405387540406,81.3883,8467199.796581268,-0.0020705462,-0.019120678,71.50219
24.365941903817713,35.11594190204278,77.940506,5875199.981975555,-0.024291147,-0.010376431,73.07579
24.423912946628306,35.16304383214723,83.815254,10022400.453186035,0.016805645,-0.010315627,72.822075
24.373188349496587,35.09782609021359,73.044136,15292799.783706665,0.01564549,-0.02965738,72.906235
24.15217408195171,35.09782609021359,90.079155,10886399.660110474,0.023735056,-0.014129663,72.42498
24.60144921950647,34.9456523441682,85.40489,3456000.11844635,-0.01836617,0.014122588,72.54294
24.336956356281394,35.12681217825459,78.56935,13305600.072097778,0.016862836,-0.0019388571,72.50696
24.49275373635028,35.04710138474188,79.64641,2246400.0495672226,-0.011976253,-0.0023038583,72.25464
24.880434869565217,35.11594208344836,73.60822,15983999.588012695,0.024430439,-0.012455039,73.586876
24.40579722439643,35.07608730649443,81.130585,14687999.680709839,0.01917822,-0.010647852,72.31648
24.677536062942007,35.07971042955572,84.775665,345600.00498890877,0.005882513,0.0072298395,72.593346
24.49275373635028,35.04710138474188,79.64641,9676799.454116821,0.008223893,0.0017048903,72.386154
24.43478251062254,35.050724689208764,81.254395,12441599.768257141,0.016226588,-0.015533358,72.234764
24.409420264318722,35.137681214861566,85.684586,691200.0099778175,-0.025977846,0.005090329,72.19263
24.33695651306752,35.26449269887389,75.24537,16934399.593162537,0.017537406,-0.02773664,72.43753
24.731883987437246,34.999999998854186,80.17734,13651199.974250793,0.01638059,-0.011095397,71.394325
24.507246627708035,35.15217355593542,72.15966,9417600.350189209,0.019457994,-0.0034627542,72.92694
24.57246390714934,35.13405809180027,82.83649,8553600.046348572,-0.0010580793,0.0040958337,71.9786
24.134057993885538,35.130434787333385,80.741425,4752000.025749207,-0.032180548,-0.005411258,73.39795
24.822463669968496,35.11956556932083,79.471794,7084800.187969208,0.0044164676,0.01976683,71.632774
24.659420157792983,35.13768139626715,82.9603,13478399.474716187,0.018482104,-0.010051882,71.763245
24.49275373635028,35.04710138474188,79.64641,17452799.99485016,-0.0029947497,-0.013910482,72.755585
24.06159400092239,35.235507653915,77.223785,1382400.019955635,-0.08035807,-0.047700934,72.26599
24.003623304347823,35.192029209683014,80.788605,17971200.39653778,0.0072522573,-0.026439222,71.927895
24.55434784521419,35.039855304907746,78.730316,7948799.943351746,0.009052454,0.0008506216,72.592
24.57246390714934,35.13405809180027,82.83649,691200.0099778175,-0.004903268,0.0019110278,71.7854
24.43478277193275,35.06521686399416,78.38795,10886399.660110474,0.013011081,-0.0028642258,72.79777
24.202898613755877,35.17753635462667,82.22561,13651199.974250793,0.023536598,-0.012758097,72.66733
24.15217408195171,35.09782609021359,90.079155,14687999.680709839,0.02549455,-0.015485635,71.67518
24.728260869121893,35.15579704180788,79.23173,5011200.226593018,-0.022367917,0.006214356,72.12344
24.35507260113369,35.04710138474188,76.478294,8467199.796581268,0.002647128,-0.0046199337,73.44465
24.282608510179216,35.10869565592019,73.044136,13132799.572563171,0.02321754,-0.0063824216,72.49798
24.275362351941567,35.02173896397893,79.32639,0.0,-0.031048961,-0.016866853,72.4768
24.409420264318722,35.097825908808005,75.01247,1209599.9317646027,-0.017288,-0.0080978125,73.499985
24.677536062942007,35.07971042955572,84.775665,2851200.015449524,-0.01509637,0.0006483104,72.38144
24.336956356281394,35.12681217825459,78.56935,15983999.588012695,-0.0004650429,9.667128e-07,72.37981
24.608695560661264,35.210145036629335,80.071884,4492800.099134445,-0.024845619,6.071292e-05,71.942986
24.481884276880134,35.21376834109622,79.042,8121599.894428253,-0.0050100572,0.007436331,72.59437
24.3985509616347,35.079710263267266,82.39983,13737599.675559998,0.021500915,-0.010736782,72.258705
24.40579722439643,35.07608730649443,81.130585,17366400.293540955,0.008702356,-0.016750347,72.582436
24.579710091518006,35.06884069756067,84.24473,13132799.572563171,0.019388728,-0.013929132,71.953926
24.17028990870767,35.119565206509655,75.23819,17625600.494384766,0.003972862,-0.018485988,72.9503
24.728260869121893,35.15579704180788,79.23173,17020800.39138794,0.010080975,-0.01399556,72.645546
24.731884091961334,34.88405773852335,82.62194,12614400.267791748,0.017639171,-0.013676073,70.967995
24.619565229179578,35.18478278215484,82.255135,17452799.99485016,0.0045530554,-0.014705999,72.416626
24.358695745580064,35.14492749121842,79.46463,8380800.095272064,-0.00011400506,0.010154172,72.973206
24.351449221508126,35.36231895652174,77.53338,5011200.226593018,-0.043250225,-0.038902886,72.61977
24.3913043591697,35.05434799367564,86.750465,15897599.886703491,0.010967651,-0.017278858,72.00197
24.572463802625258,35.028985391507106,77.31845,10886399.660110474,0.009644724,-0.012559073,73.06317
24.293478074173446,35.130434424522214,78.52256,2764800.03991127,-0.02156176,-0.017478295,73.138336
24.068840433535758,35.050724689208764,75.1399,8467199.796581268,-0.008675743,-0.012882026,72.91752
24.5036234048686,34.94565269942081,84.86278,2419199.8635292053,-0.011544161,-0.008803846,72.34482
24.43478251062254,35.050724689208764,81.254395,9158400.149345398,0.00615979,0.0029350924,72.42758
24.49275373635028,35.04710138474188,79.64641,7343999.840354919,-0.015993774,0.0033939923,72.299805
24.72463775080654,35.097825908808005,83.506035,14687999.680709839,0.016180206,-0.018841317,71.481094
24.514492864338745,35.152173737341,77.98083,5702400.030899048,-0.01649119,-0.0030843318,72.84068
24.06159400092239,35.235507653915,77.223785,10713600.257492065,0.03246483,-0.029574642,74.38566
24.171296292717127,35.10648163098043,78.049835,7689599.742507935,-0.005911518,-0.016570773,73.64042
24.35507260113369,35.04710138474188,76.478294,7948799.943351746,-0.0021384172,-0.009663641,73.42616
24.33695651306752,35.26449269887389,75.24537,7775999.992275238,0.012359552,-0.023244279,74.93867
24.336956356281394,35.12681217825459,78.56935,17625600.494384766,-0.008582104,0.00747415,72.50087
24.641304357168043,34.938405387540406,81.3883,8294399.845504761,-0.0033256225,-0.019292595,71.51955
24.340579657513896,35.072464168316,77.031204,9935999.654960632,0.009899855,-0.000651421,73.22338
24.659420157792983,35.13768139626715,82.9603,15120000.381088257,0.016000079,-0.012231607,71.78552
24.134057993885538,35.130434787333385,80.741425,14428799.479866028,0.017298475,-0.0045787953,72.61051
24.40217392316393,35.07246365433351,77.73675,7516799.791431427,-0.008300688,0.004149685,72.94441
24.800724541980035,35.0326085145684,80.91604,2419199.8635292053,-0.0051573776,-0.0076366123,72.88441
24.47463793572534,35.15579704180788,74.131996,9071999.899578094,0.015617911,-0.012968717,73.64712
24.235507135886934,35.09782643790763,86.62735,12527999.469566345,0.018451879,-0.021072544,73.03098
24.60144921950647,34.9456523441682,85.40489,2592000.0888347626,-0.01192731,0.011571921,72.664185
24.481884276880134,35.21376834109622,79.042,2246400.0495672226,-0.0090051815,-0.012980385,72.89271
24.171296292717127,35.10648163098043,78.049835,3110399.9420642853,-0.03276024,-0.0148996,73.17396
24.134057993885538,35.130434787333385,80.741425,5788799.732208252,-0.028333433,-0.006587197,73.6894
24.15942034471344,35.02536261613985,84.04098,18143999.79915619,-7.63759e-05,-0.021358822,71.71255
24.271739312019278,35.0833337340226,74.97577,9071999.899578094,0.014419198,-0.0052261977,73.027794
24.514492864338745,35.152173737341,77.98083,15292799.783706665,0.015007798,-0.014613057,72.580536
24.271739312019278,35.0833337340226,74.97577,15465600.283241272,0.01468176,-0.015770257,73.065735
24.068840433535758,35.050724689208764,75.1399,6825599.987125397,-0.005220838,-0.019434484,73.26065
24.177536001617764,35.01449252133363,77.3516,9849599.953651428,0.014974916,-0.017777601,73.08224
24.43478251062254,35.050724689208764,81.254395,8380800.095272064,-0.0019459315,0.0076489635,72.38575
24.409420342711783,35.02898555779556,73.23672,18316800.298690796,-0.013708085,-0.02102948,73.671326
24.442029139218562,35.043478080275,76.86345,6480000.084972382,-0.00895194,-0.011255357,73.12556
24.75362311542571,35.148550251468535,82.31272,12095999.866104126,0.009902785,-0.019484414,71.675575
24.52536253285706,35.05797113185407,79.99595,2937599.9909877777,-0.015491001,-0.0077215545,72.26974
24.503623143558386,34.916666955294566,80.479385,7343999.840354919,-0.032831617,0.008015748,72.24809
24.33695651306752,35.26449269887389,75.24537,13478399.474716187,0.031028757,-0.016073657,72.65067
24.655797039477626,35.09782643790763,82.953125,17971200.39653778,-0.002179943,-0.013333667,71.886925
24.282608510179216,35.10869565592019,73.044136,10799999.95880127,0.010727469,-0.00849971,72.56538
24.619565229179578,35.18478278215484,82.255135,17712000.19569397,0.0037093945,-0.014750751,72.472885
24.55072462237475,35.07608730649443,88.70044,12873600.46863556,0.02271685,-0.012487425,71.959984
24.514492864338745,35.152173737341,77.98083,1036799.9806880951,-0.013370063,0.0005907146,72.849724
24.409420264318722,35.097825908808005,75.01247,5184000.177669525,-0.026254147,-0.0033796038,73.530716
24.141304256647267,35.05072417522627,80.839714,3542400.093984604,-0.024029776,-0.010445723,73.197624
24.677536062942007,35.07971042955572,84.775665,11318400.360488892,0.013054691,-0.01676324,71.7443
24.358695745580064,35.14492749121842,79.46463,14515200.27809143,0.016635563,-0.007806737,72.159874
24.369565205050215,35.10507235145331,81.59638,16675200.489234924,0.0053077415,-0.020617234,72.5261
24.46739112421217,35.10507235145331,77.031204,950400.0051498413,0.011967333,-0.00073874556,73.029854
24.43478277193275,35.06521686399416,78.38795,6912000.2368927,-0.014900636,0.0017963932,72.72986
24.55434784521419,35.039855304907746,78.730316,9331199.551963806,0.011165215,-0.004934488,72.54745
24.365941903817713,35.11594190204278,77.940506,2851200.015449524,-0.020977106,-0.010341054,72.94045
24.409420264318722,35.137681214861566,85.684586,11664000.262641907,0.014417546,-0.015308002,72.877075
24.242753659958876,34.931159481553294,83.59315,2678400.0643730164,-0.00960036,-0.0117675215,71.95452
24.53985505838052,35.14492730981283,78.72631,7171199.889278412,-0.01770917,0.010405846,72.34357
24.731884091961334,34.88405773852335,82.62194,13564800.27294159,0.018121723,-0.0079216305,71.10616
24.514492864338745,35.152173737341,77.98083,9676799.454116821,0.01590129,-0.006985564,72.67176
24.365941903817713,35.11594190204278,77.940506,5443199.830055237,-0.024510983,-0.010133605,73.08225
24.35507260113369,35.04710138474188,76.478294,8553600.046348572,0.003541369,-0.0038389703,73.44539
24.576087129988778,34.96376817111452,80.53768,4233599.898290634,-0.021073814,0.0015591322,72.69702
24.608695560661264,35.210145036629335,80.071884,16502399.989700317,0.008921981,-0.012392735,72.46383
24.3913043591697,35.05434799367564,86.750465,10195199.855804443,0.017030625,-0.004151755,72.843864
24.72463775080654,35.097825908808005,83.506035,16761600.190544128,0.0034707058,-0.024762088,71.76968
24.525362323808892,35.01449270273921,80.76379,13910400.175094604,0.017041283,-0.0171031,71.80066
24.365941903817713,35.11594190204278,77.940506,2592000.0888347626,-0.020039372,-0.010958865,72.94596
24.409420185925658,35.126811301460926,78.58091,8553600.046348572,0.009859495,-0.006221655,72.854034
24.40579730278949,34.98550712868071,82.545616,5356800.128746033,-0.028458618,-0.0031247167,72.5465
24.293478074173446,35.130434424522214,78.52256,777599.9855160713,-0.022411741,-0.018058546,73.28675
24.134057993885538,35.130434787333385,80.741425,13564800.27294159,0.021821072,-0.0024428833,72.894775
24.626811465810288,35.05797113185407,83.9315,6134400.182819366,-0.019634962,0.00075222505,72.136345
24.659420157792983,35.13768139626715,82.9603,3628800.0695228577,-0.023124088,0.008462211,71.87977
24.40217392316393,35.07246365433351,77.73675,3456000.11844635,-0.0133849345,-0.013902396,72.77332
24.134057993885538,35.130434787333385,80.741425,14083199.577713013,0.019388434,-0.0030890303,72.73328
24.423912946628306,35.16304383214723,83.815254,5011200.226593018,-0.014093608,-0.0019895583,72.13871
24.202898613755877,35.17753635462667,82.22561,8553600.046348572,0.00992248,0.0049912035,73.49235
24.49275373635028,34.95652190987481,78.13308,17107200.092697144,-0.003375426,-0.010036213,72.915115
24.141304256647267,35.05072417522627,80.839714,3715200.0450611115,-0.02413537,-0.010495994,73.19963
24.507246418659868,35.018115659512056,74.98295,1468799.9954938889,0.0077982154,-0.0065509332,72.90166
24.507246418659868,35.018115659512056,74.98295,4060799.9472141266,-0.020284258,4.4973567e-05,73.156425
24.134057993885538,35.130434787333385,80.741425,10454400.056648254,0.017124994,-0.005722751,73.54758
24.800724541980035,35.0326085145684,80.91604,6393599.835205078,-0.0036369935,0.007732619,71.41588
24.503623143558386,34.916666955294566,80.479385,14083199.577713013,0.013738837,-0.0003896188,71.578186
24.340579657513896,35.072464168316,77.031204,3628800.0695228577,-0.021290023,-0.01435763,73.07108
24.57246390714934,35.13405809180027,82.83649,17798399.897003174,-0.0021629483,-0.009644631,72.16306
24.271739312019278,35.0833337340226,74.97577,3369599.8686790466,-0.023990575,-0.00078591146,73.20672
24.52536253285706,35.05797113185407,79.99595,7603200.0411987305,0.0019536726,-0.0113278255,72.185684
24.282608510179216,35.10869565592019,73.044136,5875199.981975555,-0.027031697,-0.012211993,73.02497
24.409420264318722,35.097825908808005,75.01247,8553600.046348572,0.0059223007,0.0035387794,73.517006
24.3913043591697,35.05434799367564,86.750465,13219200.370788574,0.021759668,-0.0058619063,72.54798
24.85869584610084,35.31159408476158,76.05999,15120000.381088257,0.024572201,-0.019062491,73.21181
24.264492787947336,35.06521739309379,75.914215,8380800.095272064,0.00012272224,0.009898342,73.328354
24.52536253285706,35.05797113185407,79.99595,4492800.099134445,-0.018814385,-0.001933719,72.30007
24.32608705359737,35.05434782738719,80.59564,2159999.936914444,-0.02184124,-0.025205093,72.37317
24.409420264318722,35.097825908808005,75.01247,14083199.577713013,0.021923747,-0.004010289,73.08298
24.608695560661264,35.210145036629335,80.071884,2159999.936914444,-0.024757829,-0.0018240632,71.89353
24.358695745580064,35.14492749121842,79.46463,12787199.670410156,0.019120583,-0.003850962,72.53701
24.442029139218562,35.043478080275,76.86345,13824000.4737854,0.013697129,-0.010797454,73.10265
24.340579735906957,35.22101461745307,78.71513,16761600.190544128,0.013193851,-0.022543507,72.1243
24.46739112421217,35.10507235145331,77.031204,1036799.9806880951,0.011222603,-0.001433257,73.03903
24.677536062942007,35.07971042955572,84.775665,5011200.226593018,-0.010214921,-0.009249197,72.27443
24.576087129988778,34.96376817111452,80.53768,9590399.752807617,0.011806319,-0.016779194,71.692276
24.60144921950647,34.9456523441682,85.40489,9244799.850654602,0.007965399,-0.0027638106,71.7856
24.52536253285706,35.05797113185407,79.99595,16847999.891853333,0.009713322,-0.019264752,72.47383
24.619565229179578,35.18478278215484,82.255135,7171199.889278412,0.00065401196,-0.012679845,71.63251
24.731883987437246,34.999999998854186,80.17734,172800.00249445438,0.009295551,0.0018535363,72.90963
24.481884276880134,35.21376834109622,79.042,2937599.9909877777,-0.010787062,-0.012567697,72.84811
24.275362351941567,35.02173896397893,79.32639,3801600.0205993652,-0.028573703,-0.008962022,72.64689
24.46739112421217,35.10507235145331,77.031204,18057600.097846985,0.008127775,-0.0073889997,73.51691
24.528985389862203,35.079710263267266,73.800804,3974399.971675873,-0.022268627,-0.0075600576,73.652626
24.72463775080654,35.097825908808005,83.506035,7862400.2420425415,-0.011049781,0.0016005551,71.64295
24.528985389862203,35.079710263267266,73.800804,5788799.732208252,-0.020897117,-0.010026058,73.68556
24.60144921950647,34.9456523441682,85.40489,16847999.891853333,0.0059225745,-0.023019915,71.34899
24.409420185925658,35.126811301460926,78.58091,16156800.087547302,0.013075011,-0.012075011,72.591644
24.24275355543479,35.275361916886446,83.709785,12700799.969100952,0.028291214,-0.022846792,72.90949
24.423912946628306,35.16304383214723,83.815254,7689599.742507935,0.013250403,-0.01036969,72.72186
24.365941903817713,35.11594190204278,77.940506,11577599.464416504,0.015017109,-0.006165021,72.827576
24.340579735906957,35.22101461745307,78.71513,3628800.0695228577,-0.018484395,-0.009911086,72.789696
24.55072462237475,35.07608730649443,88.70044,15206400.082397461,0.015623519,-0.021859666,71.90151
24.528985389862203,35.079710263267266,73.800804,16934399.593162537,0.008135609,-0.023910446,73.76938
24.32608705359737,35.05434782738719,80.59564,17625600.494384766,0.004801469,-0.015986847,72.47347
24.068840433535758,35.050724689208764,75.1399,17366400.293540955,0.0027337018,-0.029630827,72.80391
24.423912946628306,35.13405791039468,84.735344,7775999.992275238,-0.0097748265,-0.0015778858,72.666595
24.57246390714934,35.13405809180027,82.83649,16156800.087547302,0.00806508,-0.013130689,72.043945
24.728260869121893,35.15579704180788,79.23173,14515200.27809143,0.023272302,-0.00996956,72.07888
24.423912946628306,35.13405791039468,84.735344,17020800.39138794,0.004064195,-0.015779138,72.094955
24.40579730278949,34.98550712868071,82.545616,8380800.095272064,-0.006298911,-0.011610037,72.36417
24.373188349496587,35.09782609021359,73.044136,14860800.180244446,0.016429514,-0.029914064,72.85955
24.134057993885538,35.130434787333385,80.741425,12614400.267791748,0.021660741,-0.006251841,73.116394
24.152173912100075,34.942029039701325,85.189964,10195199.855804443,0.017091988,-0.012673242,72.452065
24.2137679164399,35.101449394680465,78.1842,5702400.030899048,-0.009456307,-0.017599637,73.4289
24.264492787947336,35.06521739309379,75.914215,5356800.128746033,-0.015535187,-0.0008630324,73.27463
24.17028990870767,35.119565206509655,75.23819,15033599.582862854,0.011827478,-0.012405518,72.292496
24.5036234048686,34.94565269942081,84.86278,4579200.074672699,-0.019844022,-0.0028748019,72.22218
24.373188532413735,34.85507217391305,83.68782,3542400.093984604,-0.024085488,-0.0016203579,71.79019
24.528985389862203,35.079710263267266,73.800804,17020800.39138794,0.0072522108,-0.02447187,73.78051
24.55072462237475,35.07608730649443,88.70044,7343999.840354919,0.0122024305,-0.0055586044,72.54237
24.782608845879178,35.07246365433351,80.82854,7084800.187969208,-0.012662947,0.012297359,71.3712
24.293478074173446,35.130434424522214,78.52256,8726399.99742508,-0.00022599846,0.0024493714,73.29
24.507246627708035,35.15217355593542,72.15966,11836799.665260315,0.0213364,-0.011013247,72.80096
24.514492864338745,35.152173737341,77.98083,8553600.046348572,0.008482054,0.0026248,72.67672
24.481884276880134,35.21376834109622,79.042,6825599.987125397,-0.020585276,0.0031363787,72.63711
24.641304357168043,34.938405387540406,81.3883,10195199.855804443,0.01049299,-0.022154303,71.33826
24.271739312019278,35.0833337340226,74.97577,10368000.35533905,0.013164725,-0.011801459,72.94458
24.49275373635028,35.04710138474188,79.64641,17107200.092697144,-0.00040324777,-0.015807867,72.67069
24.202898613755877,35.17753635462667,82.22561,17971200.39653778,-0.00046198815,-0.019543415,71.28832
24.068840433535758,35.17753635462667,82.62194,7084800.187969208,-0.004500676,-0.024513757,73.567535
24.278985653174068,35.159420527680346,80.15937,6220799.884128571,-0.017741933,-0.012435857,73.12789
24.525362323808892,35.01449270273921,80.76379,3456000.11844635,-0.012396935,-0.0026435358,72.49193
24.423912946628306,35.16304383214723,83.815254,14947199.88155365,0.011246402,-0.016275508,72.1923
24.003623304347823,35.192029209683014,80.788605,1900800.0102996826,-0.043255128,-0.05299706,72.341324
24.177536001617764,35.01449252133363,77.3516,14256000.07724762,0.023725199,-0.019047603,72.560555
24.608695560661264,35.210145036629335,80.071884,3801600.0205993652,-0.0259806,-0.0015056543,71.91695
24.626811465810288,35.05797113185407,83.9315,3801600.0205993652,-0.016988076,0.0052393107,72.420975
24.264492787947336,35.06521739309379,75.914215,4492800.099134445,-0.016902976,-0.0071446933,73.22825
24.365941903817713,35.11594190204278,77.940506,17452799.99485016,0.0041966476,-0.0066491226,72.76702
24.40579722439643,35.07608730649443,81.130585,172800.00249445438,-0.0009623058,-0.008889018,72.34846
24.268116089179838,35.07971042955572,81.07262,3715200.0450611115,-0.02389481,-0.006798649,72.76356
24.177536001617764,35.01449252133363,77.3516,12960000.169944763,0.022556758,-0.02101321,72.68767
24.15942034471344,35.02536261613985,84.04098,3715200.0450611115,-0.01970952,-0.010586642,72.96638
24.728260869121893,35.15579704180788,79.23173,6566399.786281586,-0.012816101,0.0076439055,72.05416
24.409420264318722,35.137681214861566,85.684586,18057600.097846985,0.018068677,-0.008435627,71.78677
24.268116089179838,35.07971042955572,81.07262,5961600.231742859,-0.016196586,-0.010390896,72.86234
24.373188349496587,35.09782609021359,73.044136,14774400.478935242,0.01672167,-0.029666139,72.84746
24.782608584568965,35.06521774078783,85.492004,5184000.177669525,-0.022336591,0.006481753,72.036995
24.525362323808892,35.01449270273921,80.76379,8726399.99742508,-0.005455099,0.0099548865,71.95495
24.16304339770124,35.14130418675153,77.183464,12009600.164794922,0.01879371,-0.011041494,73.05353
24.47463793572534,35.15579704180788,74.131996,13737599.675559998,0.018734781,-0.014732258,73.04629
24.655797039477626,35.09782643790763,82.953125,2851200.015449524,-0.016283385,-0.0023212712,72.11838
24.271739312019278,35.0833337340226,74.97577,7171199.889278412,-0.011981279,-0.008205861,73.217094
24.626811465810288,35.05797113185407,83.9315,8726399.99742508,-0.0037391745,0.010661042,71.835915
24.60144921950647,34.9456523441682,85.40489,1468799.9954938889,0.0048586763,0.00637133,72.859055
24.3913043591697,35.05434799367564,86.750465,14860800.180244446,0.014342397,-0.012943331,72.17858
24.62318819070881,35.09782625650204,81.14894,17020800.39138794,0.008008275,-0.019213373,72.09554
24.62318819070881,35.09782625650204,81.14894,4406400.123596191,-0.023734562,0.0021828734,72.06526
24.268116089179838,35.07971042955572,81.07262,17712000.19569397,0.006250182,-0.016693084,72.200905
24.55072462237475,35.07608730649443,88.70044,2159999.936914444,-0.004093863,-0.027536718,73.0678
24.003623304347823,35.192029209683014,80.788605,16761600.190544128,0.012555843,-0.026001574,71.93004
24.822463669968496,35.11956556932083,79.471794,14860800.180244446,0.024035867,-0.01600245,71.72496
24.409420264318722,35.097825908808005,75.01247,11750399.96395111,0.01640783,-0.009145619,73.23159
24.5036234048686,34.94565269942081,84.86278,1987199.9858379364,-0.0071254075,-0.0041040955,72.46937
24.340579735906957,35.22101461745307,78.71513,10627199.459266663,0.01988059,-0.016146539,73.02528
24.579710091518006,35.06884069756067,84.24473,3542400.093984604,-0.023136612,-0.0018392345,72.429054
24.3913043591697,35.05434799367564,86.750465,15724800.484085083,0.011078056,-0.017033258,72.02401
24.171296292717127,35.10648163098043,78.049835,17366400.293540955,0.0057240594,-0.013801353,72.392914
24.068840433535758,35.17753635462667,82.62194,11491199.7631073,0.026551556,-0.022384528,73.57999
24.62318819070881,35.09782625650204,81.14894,15033599.582862854,0.010645879,-0.012029065,71.837006
24.514492864338745,35.152173737341,77.98083,17798399.897003174,0.00041799992,-0.022847725,72.967384
24.340579657513896,35.072464168316,77.031204,17020800.39138794,0.00441185,-0.014221165,73.10288
24.15217408195171,35.09782609021359,90.079155,17798399.897003174,0.008536834,-0.031287536,70.94014
24.202898613755877,35.17753635462667,82.22561,10454400.056648254,0.020711385,-0.015600678,73.43892
24.572463802625258,35.028985391507106,77.31845,5184000.177669525,-0.020165373,-0.001997672,73.37386
24.40579730278949,34.98550712868071,82.545616,6480000.084972382,-0.0280715,-0.0006319769,72.47608
24.373188532413735,34.85507217391305,83.68782,3369599.8686790466,-0.023630653,-0.00072247535,71.790634
24.52536253285706,35.05797113185407,79.99595,5615999.781131744,-0.0151236355,-0.0049395487,72.23499
24.514492864338745,35.152173737341,77.98083,13910400.175094604,0.025624666,-0.008516729,72.496124
24.55072462237475,35.07608730649443,88.70044,4406400.123596191,-0.011363205,-0.017134754,72.619514
24.85869584610084,35.31159408476158,76.05999,1382400.019955635,0.01216856,0.018213958,71.902084
24.171296292717127,35.10648163098043,78.049835,11664000.262641907,0.016315019,-0.019390866,73.25189
24.47463793572534,35.15579704180788,74.131996,3887999.996137619,-0.018310387,-0.0060529383,73.303764
24.471014503837736,35.137681214861566,84.09494,5529600.07982254,-0.025802191,-0.0039133253,72.23607
24.134057993885538,35.130434787333385,80.741425,86400.00124722719,-0.035454124,-0.018863747,73.141106
24.471014503837736,35.137681214861566,84.09494,14342399.778556824,0.010312529,-0.009039307,72.21584
24.282608510179216,35.10869565592019,73.044136,12700799.969100952,0.020925663,-0.007632237,72.46764
24.15942034471344,35.02536261613985,84.04098,3456000.11844635,-0.019269962,-0.011471875,72.96738
24.503623143558386,34.916666955294566,80.479385,7084800.187969208,-0.032848105,0.005227489,72.31458
24.822463669968496,35.11956556932083,79.471794,8121599.894428253,0.00391943,0.015189863,71.650055
24.53985505838052,35.14492730981283,78.72631,13046399.871253967,0.02293673,-0.008324515,72.28438
24.40579722439643,35.07608730649443,81.130585,15551999.984550476,0.013063284,-0.013217591,72.39495
24.782608845879178,35.07246365433351,80.82854,4665599.775981903,-0.01901615,-0.0003197817,71.95619
24.275362351941567,35.02173896397893,79.32639,14601599.979400635,0.0186751,-0.014576735,72.66208
24.60144921950647,34.9456523441682,85.40489,16934399.593162537,0.005792765,-0.022305828,71.32619
24.202898613755877,35.17753635462667,82.22561,14428799.479866028,0.02013534,-0.0142292995,72.329956
24.141304256647267,35.05072417522627,80.839714,11059200.15964508,0.013597168,-0.015445802,73.26911
24.15217408195171,35.09782609021359,90.079155,9071999.899578094,0.02404214,0.0029016975,72.554375
24.72463775080654,35.097825908808005,83.506035,5011200.226593018,-0.013761319,0.0040048817,71.88649
24.782608845879178,35.07246365433351,80.82854,11145599.860954285,0.019720718,-0.007879034,71.28858
24.141304256647267,35.05072417522627,80.839714,16156800.087547302,0.007719567,-0.017368462,72.176216
24.518115930392057,35.170290078269815,76.7112,18057600.097846985,0.0016930476,-0.0171802,73.14296
24.728260869121893,35.15579704180788,79.23173,11231999.562263489,0.0153527185,-0.009692779,71.72559
24.62318819070881,35.09782625650204,81.14894,5097599.927902222,-0.025160663,0.0021387944,72.02405
24.47463793572534,35.15579704180788,74.131996,9244799.850654602,0.016841019,-0.012886332,73.638985
24.731883987437246,34.999999998854186,80.17734,15638399.68585968,0.0052761864,-0.01015538,71.41106
24.782608845879178,35.07246365433351,80.82854,17366400.293540955,-0.0032772645,0.010754985,71.6229
24.275362351941567,35.02173896397893,79.32639,13478399.474716187,0.022648226,-0.014095636,72.78098
24.423912946628306,35.13405791039468,84.735344,4060799.9472141266,-0.025425341,0.0018913522,72.22269
24.619565229179578,35.18478278215484,82.255135,4233599.898290634,-0.02124786,-0.005470017,71.702866
24.51086948471318,35.141304337922854,75.965324,17366400.293540955,0.005190283,-0.020054527,73.279
24.06159400092239,35.235507653915,77.223785,10108800.15449524,0.032975614,-0.028186506,74.547455
24.731883987437246,34.999999998854186,80.17734,13737599.675559998,0.01663007,-0.010668805,71.39327
24.623188347494935,34.98550731008629,86.27349,8121599.894428253,-0.0018840432,0.009086089,72.21165
24.40579722439643,35.07608730649443,81.130585,0.0,-0.0032260977,-0.008508317,72.3474
24.3913043591697,35.05434799367564,86.750465,12268800.365638733,0.019517964,-0.008134352,72.719696
24.626811465810288,35.05797113185407,83.9315,14515200.27809143,0.024408199,-0.009200597,71.662926
24.655797039477626,35.09782643790763,82.953125,13564800.27294159,0.014091462,-0.01989921,71.6837
24.623188347494935,34.98550731008629,86.27349,2592000.0888347626,-0.008015104,-0.0035523027,72.66092
24.57246390714934,35.13405809180027,82.83649,3542400.093984604,-0.016931467,-0.011974782,71.877495
24.336956356281394,35.12681217825459,78.56935,9676799.454116821,0.013086442,-0.005840984,73.08961
24.782608584568965,35.06521774078783,85.492004,11404800.061798096,0.013088649,-0.021987543,71.35734
24.40579730278949,34.98550712868071,82.545616,13046399.871253967,0.014986062,-0.027243095,71.9065
24.52536253285706,35.05797113185407,79.99595,10454400.056648254,0.010843623,-0.013667053,72.113266
24.572463802625258,35.028985391507106,77.31845,2332799.8879909515,-0.0108542815,-0.003927838,72.68277
24.608695560661264,35.210145036629335,80.071884,13478399.474716187,0.017982157,0.0009502033,72.02617
24.481884276880134,35.21376834109622,79.042,15897599.886703491,0.0024796538,-0.019384695,71.96145
24.242753659958876,34.931159481553294,83.59315,14515200.27809143,0.010731583,-0.009217445,72.29937
24.5036234048686,34.94565269942081,84.86278,2332799.8879909515,-0.010758162,-0.008063685,72.36717
24.608695560661264,35.210145036629335,80.071884,1987199.9858379364,-0.024413146,-0.0021213554,71.89233
24.880434869565217,35.11594208344836,73.60822,11750399.96395111,0.02148432,-0.016611805,73.56662
24.2137679164399,35.101449394680465,78.1842,16588799.691009521,0.0110305585,-0.021384895,72.36
24.507246418659868,35.018115659512056,74.98295,4319999.873828888,-0.021967262,0.0010041269,73.200516
24.340579657513896,35.072464168316,77.031204,11836799.665260315,0.012404399,-0.0033317748,72.991745
24.55434784521419,35.039855304907746,78.730316,259199.99517202377,-0.0020441078,0.011067726,72.37357
24.152173912100075,34.942029039701325,85.189964,14428799.479866028,0.01603578,-0.014305633,72.37675
24.06159400092239,35.235507653915,77.223785,10368000.35533905,0.032777306,-0.028910281,74.48698
24.15217408195171,35.09782609021359,90.079155,5097599.927902222,-0.0040948726,-0.019536106,72.753525
24.641304357168043,34.938405387540406,81.3883,9849599.953651428,0.009418996,-0.020701291,71.35613
24.24275355543479,35.275361916886446,83.709785,3715200.0450611115,-0.05994933,-0.058551207,71.56517
24.47463793572534,35.15579704180788,74.131996,9331199.551963806,0.017315071,-0.012866925,73.633286
24.373188349496587,35.09782609021359,73.044136,3801600.0205993652,-0.017457906,-0.005504852,73.03373
24.43478277193275,35.06521686399416,78.38795,5615999.781131744,-0.016269244,-0.007104244,72.60843
24.619565229179578,35.18478278215484,82.255135,2505600.113296509,-0.016427618,-0.0007107984,71.67616
24.521739153231497,35.18115965909355,80.50853,777599.9855160713,0.0037716962,-0.00990865,72.15161
24.57246390714934,35.13405809180027,82.83649,17625600.494384766,-0.00045156106,-0.010236325,72.1414
24.782608584568965,35.06521774078783,85.492004,7430400.090122223,-0.023491278,0.00011885539,71.601974
24.340579735906957,35.22101461745307,78.71513,2851200.015449524,-0.011593476,-0.015841173,72.81552
24.75362311542571,35.148550251468535,82.31272,7171199.889278412,-0.025446296,0.0154610835,71.416115
24.15217408195171,35.09782609021359,90.079155,15292799.783706665,0.021392483,-0.020185208,71.44925
24.507246627708035,35.15217355593542,72.15966,12009600.164794922,0.0215729,-0.010271603,72.75271
24.171296292717127,35.10648163098043,78.049835,259199.99517202377,-0.037619896,-0.00877453,73.162476
24.5036234048686,34.94565269942081,84.86278,16588799.691009521,0.008283285,-0.036177173,71.60645
24.235507135886934,35.09782643790763,86.62735,17798399.897003174,-0.004020896,-0.02618968,71.5479
24.134057993885538,35.130434787333385,80.741425,2159999.936914444,-0.027430803,-0.024941852,72.94932
24.134057993885538,35.130434787333385,80.741425,14687999.680709839,0.015773648,-0.006075578,72.51221
24.177536001617764,35.01449252133363,77.3516,15551999.984550476,0.016434075,-0.019568926,72.622375
24.507246418659868,35.018115659512056,74.98295,7084800.187969208,-0.006607361,0.014314669,73.811905
24.782608584568965,35.06521774078783,85.492004,5702400.030899048,-0.022672132,0.0065952893,71.902405
24.16304339770124,35.14130418675153,77.183464,5615999.781131744,-0.01606169,-0.031492822,73.226685
24.528985389862203,35.079710263267266,73.800804,17452799.99485016,0.0058813635,-0.023307247,73.83746
24.46739112421217,35.10507235145331,77.031204,13478399.474716187,0.022392059,-0.0071482062,72.850464
24.365941903817713,35.11594190204278,77.940506,8639999.747657776,-0.009462122,-0.004154823,73.09691
24.286231733018653,35.16304365074164,82.86601,4579200.074672699,-0.0105564445,-0.012419488,72.53541
24.409420185925658,35.126811301460926,78.58091,18230399.500465393,0.011730708,-0.020886734,72.86122
24.15217408195171,35.09782609021359,90.079155,3887999.996137619,-0.013694234,-0.019825166,73.061775
24.579710091518006,35.06884069756067,84.24473,14083199.577713013,0.01727512,-0.011687804,71.88013
24.586956589458925,35.03623181903528,81.050644,10454400.056648254,0.008717548,-0.010678045,71.758026
24.278985574781007,35.18478260074926,85.36457,2073599.9613761902,-0.0520956,-0.013853615,71.79879
24.152173912100075,34.942029039701325,85.189964,5097599.927902222,-0.023437489,-0.018856201,72.344345
24.507246418659868,35.018115659512056,74.98295,6220799.884128571,-0.014945772,0.00550856,73.67427
24.47463793572534,35.15579704180788,74.131996,8208000.144195557,0.005304266,-0.013958484,73.62322
24.52536253285706,35.05797113185407,79.99595,6393599.835205078,-0.008230519,-0.008080967,72.17626
24.579710091518006,35.06884069756067,84.24473,8208000.144195557,-0.0017716028,0.005949572,72.04484
24.521739153231497,35.18115965909355,80.50853,8726399.99742508,0.0022390895,0.0068894327,72.28739
24.579710091518006,35.06884069756067,84.24473,8985600.19826889,0.009422092,-0.0023856834,72.05039
24.655797039477626,35.09782643790763,82.953125,13478399.474716187,0.01398012,-0.020076167,71.692986
24.373188532413735,34.85507217391305,83.68782,7171199.889278412,-0.014561035,-0.01913125,71.91627
24.641304357168043,34.938405387540406,81.3883,2246400.0495672226,-0.0035093278,-0.010582279,72.97083
24.442029139218562,35.043478080275,76.86345,345600.00498890877,0.0032225754,0.0051454585,72.75468
24.782608584568965,35.06521774078783,85.492004,18143999.79915619,-0.004280392,-0.017422374,72.13608
24.15942034471344,35.02536261613985,84.04098,3196799.917602539,-0.018937942,-0.012010006,72.96594
24.35507260113369,35.04710138474188,76.478294,8380800.095272064,0.0017489009,-0.0054581594,73.443146
24.358695745580064,35.14492749121842,79.46463,16416000.288391113,0.0050198156,-0.014523549,72.16624
24.800724541980035,35.0326085145684,80.91604,15551999.984550476,0.014539355,-0.0021698633,71.194115
24.503623143558386,34.916666955294566,80.479385,8899199.948501587,-0.020514075,0.015102489,72.02188
24.409420342711783,35.02898555779556,73.23672,10627199.459266663,0.0140958335,-0.0053232405,73.301575
24.5036234048686,34.94565269942081,84.86278,16243199.788856506,0.010719499,-0.035590634,71.716255
24.572463802625258,35.028985391507106,77.31845,5529600.07982254,-0.019457202,-0.002081791,73.43076
24.481884276880134,35.21376834109622,79.042,2419199.8635292053,-0.009585679,-0.013064783,72.88669
24.365941903817713,35.11594190204278,77.940506,17798399.897003174,0.0026710238,-0.007006935,72.815575
24.423912946628306,35.16304383214723,83.815254,5097599.927902222,-0.013336245,-0.0025649797,72.160194
24.202898613755877,35.17753635462667,82.22561,7862400.2420425415,-0.0018192045,0.0071053654,73.40857
24.268116089179838,35.07971042955572,81.07262,7084800.187969208,-0.009378005,-0.011844104,73.06891
24.521739153231497,35.18115965909355,80.50853,11923200.463485718,0.009279493,-0.008163303,72.08148
24.782608584568965,35.06521774078783,85.492004,10713600.257492065,0.011453414,-0.018981662,71.42173
24.46739112421217,35.10507235145331,77.031204,6825599.987125397,-0.00061868876,-0.008187216,73.04047
24.286231733018653,35.16304365074164,82.86601,2505600.113296509,-0.0033609495,-0.014745852,72.28864
24.507246627708035,35.15217355593542,72.15966,8294399.845504761,0.008124085,0.0065915613,73.01454
24.52536253285706,35.05797113185407,79.99595,2764800.03991127,-0.0154056735,-0.008342354,72.2612
24.677536062942007,35.07971042955572,84.775665,18143999.79915619,-0.009826016,-0.013034061,71.734665
24.57246390714934,35.13405809180027,82.83649,5529600.07982254,-0.024241973,-0.006241993,71.922806
24.351449221508126,35.36231895652174,77.53338,7948799.943351746,0.028241552,0.004810026,73.0204
24.576087129988778,34.96376817111452,80.53768,8899199.948501587,0.0067096874,-0.013992805,71.752464
24.268116089179838,35.07971042955572,81.07262,6393599.835205078,-0.012549184,-0.012417769,72.94873
24.2137679164399,35.101449394680465,78.1842,2678400.0643730164,-0.010314703,-0.020254627,73.25249
24.373188532413735,34.85507217391305,83.68782,10281599.557113647,0.0011305138,-0.017705847,72.22819
24.521739153231497,35.18115965909355,80.50853,9244799.850654602,0.003708899,0.010724101,72.245636
24.3985509616347,35.079710263267266,82.39983,5961600.231742859,-0.007911403,0.003631825,72.33805
24.134057993885538,35.130434787333385,80.741425,0.0,-0.035935834,-0.01862546,73.14665
24.177536001617764,35.01449252133363,77.3516,14342399.778556824,0.023542732,-0.018903872,72.558525
24.242753659958876,34.931159481553294,83.59315,1728000.059223175,-0.010256287,-0.009044373,71.92276
24.235507135886934,35.09782643790763,86.62735,15724800.484085083,0.014478434,-0.022029476,72.29916
24.677536062942007,35.07971042955572,84.775665,14342399.778556824,0.0153187625,-0.0072066197,71.519
24.235507135886934,35.09782643790763,86.62735,15551999.984550476,0.015512247,-0.021514256,72.37508
24.579710091518006,35.06884069756067,84.24473,13564800.27294159,0.018865786,-0.012785697,71.92422
24.40217392316393,35.07246365433351,77.73675,10022400.453186035,0.014101036,-0.005121894,73.01861
24.06159400092239,35.235507653915,77.223785,1468799.9954938889,-0.07947912,-0.04872699,72.27059
24.782608584568965,35.06521774078783,85.492004,3715200.0450611115,-0.017883774,0.0039829025,72.43213
24.351449221508126,35.36231895652174,77.53338,6307200.133895874,0.0022769645,-0.0060756654,72.69985
24.822463669968496,35.11956556932083,79.471794,1987199.9858379364,-0.013284285,0.016636167,72.43058
24.235507135886934,35.09782643790763,86.62735,13046399.871253967,0.019003076,-0.0210286,72.99997
24.514492864338745,35.152173737341,77.98083,2937599.9909877777,-0.014835428,-0.008789739,72.929474
24.293478074173446,35.130434424522214,78.52256,13219200.370788574,0.015173309,-0.009087475,72.61511
24.52536253285706,35.05797113185407,79.99595,7257600.139045715,-0.00045344234,-0.01117954,72.168205
24.15942034471344,35.02536261613985,84.04098,15638399.68585968,0.010553254,-0.023023518,72.19248
24.373188349496587,35.09782609021359,73.044136,17366400.293540955,0.006584335,-0.036023967,72.88692
24.43478277193275,35.06521686399416,78.38795,6134400.182819366,-0.015690677,-0.0033829818,72.661865
24.16304339770124,35.14130418675153,77.183464,17884799.598312378,0.010364497,-0.019422272,72.43773
24.507246627708035,35.15217355593542,72.15966,9331199.551963806,0.019271955,-0.0028729653,72.92815
24.55072462237475,35.07608730649443,88.70044,10108800.15449524,0.013445094,-0.010188857,72.39308
24.35507260113369,35.04710138474188,76.478294,2505600.113296509,-0.014832061,-0.0082646385,73.0496
24.47463793572534,35.15579704180788,74.131996,12960000.169944763,0.0158762,-0.015679488,73.07803
24.49275373635028,34.95652190987481,78.13308,14256000.07724762,0.013125841,0.007252003,72.7391
24.282608510179216,35.10869565592019,73.044136,9763200.252342224,-0.007638,-0.003272093,72.55509
24.800724541980035,35.0326085145684,80.91604,0.0,-0.005856544,0.0015952825,73.07504
24.442029139218562,35.043478080275,76.86345,10886399.660110474,0.0046755467,-0.0130675845,73.15693
24.503623143558386,34.916666955294566,80.479385,8208000.144195557,-0.029117316,0.0141251795,72.08063
24.286231733018653,35.16304365074164,82.86601,17279999.49531555,0.009418849,-0.025462097,71.66917
24.619565229179578,35.18478278215484,82.255135,3196799.917602539,-0.017775763,-0.0033317218,71.6926
24.57608686867857,35.22463755910878,78.28966,604799.9658823013,-0.004457418,0.011919461,72.800865
24.278985574781007,35.18478260074926,85.36457,12960000.169944763,0.02646115,-0.018380104,72.903275
24.282608510179216,35.10869565592019,73.044136,259199.99517202377,-0.044674166,0.014308779,73.12571
24.521739153231497,35.18115965909355,80.50853,6739199.737358093,0.0007935576,-0.015540609,72.27603
24.608695560661264,35.210145036629335,80.071884,4924799.976825714,-0.023922205,0.0014413432,71.95266
24.576087129988778,34.96376817111452,80.53768,8639999.747657776,0.0037037376,-0.0123527795,71.778915
24.514492864338745,35.152173737341,77.98083,13564800.27294159,0.026251785,-0.008264637,72.48171
24.731883987437246,34.999999998854186,80.17734,14256000.07724762,0.017083898,-0.008592138,71.38987
24.525362323808892,35.01449270273921,80.76379,6652800.036048889,-0.022927828,0.012644824,72.21249
24.481884276880134,35.21376834109622,79.042,2505600.113296509,-0.009821899,-0.0130475,72.88229
24.2137679164399,35.101449394680465,78.1842,11491199.7631073,0.014744513,-0.017118776,73.14616
24.268116089179838,35.07971042955572,81.07262,4924799.976825714,-0.022383869,-0.005857248,72.74653
24.586956589458925,35.03623181903528,81.050644,2937599.9909877777,0.0021102913,-0.013278164,72.38641
24.15942034471344,35.02536261613985,84.04098,11491199.7631073,0.01396036,-0.015382674,72.73586
24.409420264318722,35.097825908808005,75.01247,7430400.090122223,-0.009393055,0.003261439,73.53857
24.57246390714934,35.13405809180027,82.83649,17971200.39653778,-0.0039604753,-0.009000825,72.18725
24.880434869565217,35.11594208344836,73.60822,2678400.0643730164,-0.016596045,0.0029293695,73.59921
24.15942034471344,35.02536261613985,84.04098,345600.00498890877,-0.0058484115,0.01630916,72.91953
24.3913043591697,35.05434799367564,86.750465,12787199.670410156,0.021011733,-0.0064781466,72.63215
24.409420185925658,35.126811301460926,78.58091,0.0,-0.0050925165,-0.0053900387,72.84465
24.40217392316393,35.07246365433351,77.73675,18316800.298690796,-0.010008007,0.0025267974,73.38463
24.275362351941567,35.02173896397893,79.32639,5875199.981975555,-0.018985428,-0.016744835,72.86362
24.068840433535758,35.17753635462667,82.62194,13132799.572563171,0.030189706,-0.01662583,73.20374
24.409420264318722,35.097825908808005,75.01247,13651199.974250793,0.02243238,-0.003866544,73.08567
24.271739312019278,35.0833337340226,74.97577,11750399.96395111,0.013136741,-0.011384046,72.87371
24.177536001617764,35.01449252133363,77.3516,12268800.365638733,0.02055484,-0.021144515,72.79451
24.57608686867857,35.22463755910878,78.28966,7171199.889278412,-0.010454729,0.008771724,72.601074
24.586956589458925,35.03623181903528,81.050644,3542400.093984604,-0.0018595643,-0.010643866,72.37175
24.3985509616347,35.079710263267266,82.39983,3196799.917602539,-0.01472101,0.008201427,72.32501
24.641304357168043,34.938405387540406,81.3883,10886399.660110474,0.011296885,-0.02513249,71.33311
24.507246627708035,35.15217355593542,72.15966,11664000.262641907,0.02109414,-0.011615373,72.84519
24.278985574781007,35.18478260074926,85.36457,12441599.768257141,0.025876373,-0.017985526,73.016205
24.423912946628306,35.16304383214723,83.815254,10195199.855804443,0.016806884,-0.010676989,72.82966
24.471014503837736,35.137681214861566,84.09494,18403200.0,-0.012545016,-0.006210775,72.05081
24.623188347494935,34.98550731008629,86.27349,11750399.96395111,0.031059522,-0.020323332,71.90592
24.286231733018653,35.16304365074164,82.86601,9504000.051498413,0.022618122,-0.0035980335,73.166885
24.16304339770124,35.14130418675153,77.183464,13651199.974250793,0.019673979,-0.0050298963,72.63464
24.369565205050215,35.10507235145331,81.59638,11059200.15964508,0.017896825,-0.012799082,72.624466
24.293478074173446,35.130434424522214,78.52256,11836799.665260315,0.0133826155,-0.010842219,72.92245
24.278985653174068,35.159420527680346,80.15937,2937599.9909877777,-0.028038446,-0.01184628,72.96143
24.782608845879178,35.07246365433351,80.82854,2073599.9613761902,-0.01175569,-0.0013600877,72.68643
24.60144921950647,34.9456523441682,85.40489,5270399.878978729,-0.019287042,0.015042518,72.217
24.275362351941567,35.02173896397893,79.32639,10368000.35533905,0.021835597,-0.012719225,73.03626
24.731883987437246,34.999999998854186,80.17734,11231999.562263489,0.008200044,-0.022416867,71.383575
24.235507135886934,35.09782643790763,86.62735,11231999.562263489,0.016561301,-0.02059942,73.00666
24.728260869121893,35.15579704180788,79.23173,13996799.876403809,0.02459664,-0.009396989,71.99986
24.409420185925658,35.126811301460926,78.58091,10627199.459266663,0.01837134,-0.0027718209,72.79043
24.55072462237475,35.07608730649443,88.70044,2073599.9613761902,-0.002993051,-0.027157975,73.0804
24.278985574781007,35.18478260074926,85.36457,8467199.796581268,0.002027262,-0.006325747,73.067184
24.626811465810288,35.05797113185407,83.9315,5184000.177669525,-0.01905724,0.0010382528,72.27026
24.275362351941567,35.02173896397893,79.32639,6912000.2368927,-0.015511196,-0.01381918,72.99761
24.152173912100075,34.942029039701325,85.189964,18403200.0,-0.008951321,-0.019705333,71.76455
24.340579657513896,35.072464168316,77.031204,8553600.046348572,-0.005059637,0.00645119,73.27238
24.134057993885538,35.130434787333385,80.741425,3196799.917602539,-0.03268121,-0.014389493,73.0043
24.177536001617764,35.01449252133363,77.3516,8467199.796581268,0.002760997,-0.018043699,73.17971
24.518115930392057,35.170290078269815,76.7112,8467199.796581268,0.00433396,-0.007914832,72.973656
24.351449221508126,35.36231895652174,77.53338,12527999.469566345,0.026645934,-0.009513505,72.9397
24.659420157792983,35.13768139626715,82.9603,1987199.9858379364,-0.020351782,0.0037950412,71.87327
24.52536253285706,35.05797113185407,79.99595,14256000.07724762,0.014937315,-0.013255034,72.15901
24.619565229179578,35.18478278215484,82.255135,15465600.283241272,0.008662408,-0.016156374,72.09407
24.43478251062254,35.050724689208764,81.254395,7516799.791431427,-0.008639574,-0.00065709185,72.258194
24.33695651306752,35.26449269887389,75.24537,432000.01480579376,-0.10105445,-0.03074755,73.33748
24.242753659958876,34.931159481553294,83.59315,9676799.454116821,0.011683913,0.0036524506,72.32322
24.608695560661264,35.210145036629335,80.071884,10281599.557113647,0.013783278,0.0017079837,72.06197
24.358695745580064,35.14492749121842,79.46463,2246400.0495672226,-0.016406935,-0.0066148806,72.90124
24.608695560661264,35.210145036629335,80.071884,10454400.056648254,0.01385355,0.00020063762,72.03706
24.06159400092239,35.235507653915,77.223785,5961600.231742859,-0.011946857,-0.033858456,73.63185
24.409420264318722,35.097825908808005,75.01247,2246400.0495672226,-0.019167066,-0.010949219,73.50814
24.659420157792983,35.13768139626715,82.9603,14601599.979400635,0.017549304,-0.01177831,71.735275
24.16304339770124,35.14130418675153,77.183464,11577599.464416504,0.018605523,-0.013233965,73.145004
24.49275373635028,35.04710138474188,79.64641,604799.9658823013,0.006582191,0.00607258,72.26014
24.659420157792983,35.13768139626715,82.9603,691200.0099778175,-0.013542779,0.008076009,71.81735
24.409420264318722,35.097825908808005,75.01247,2332799.8879909515,-0.019473009,-0.010953611,73.507515
24.358695745580064,35.14492749121842,79.46463,11491199.7631073,0.015199728,-0.009433454,72.65158
24.340579735906957,35.22101461745307,78.71513,10972800.458335876,0.020090565,-0.0163308,73.01628
24.358695745580064,35.14492749121842,79.46463,1555199.9710321426,-0.013947342,-0.0037869504,72.82789
24.5036234048686,34.94565269942081,84.86278,12787199.670410156,0.023667496,-0.028735163,72.26407
24.423912946628306,35.16304383214723,83.815254,3456000.11844635,-0.020712875,-0.0028092945,71.94598
24.242753659958876,34.931159481553294,83.59315,6912000.2368927,0.0036061965,0.00841835,72.22253
24.521739153231497,35.18115965909355,80.50853,17798399.897003174,0.011753859,-0.016505571,72.3347
24.481884276880134,35.21376834109622,79.042,4406400.123596191,-0.015561629,-0.010559306,72.66082
24.358695745580064,35.14492749121842,79.46463,1468799.9954938889,-0.013826802,-0.003103449,72.81875
24.518115930392057,35.170290078269815,76.7112,4579200.074672699,-0.020255417,0.0022864663,73.55102
24.579710091518006,35.06884069756067,84.24473,6566399.786281586,-0.017198097,0.0046157897,72.186554
24.731884091961334,34.88405773852335,82.62194,12787199.670410156,0.01791943,-0.012900215,70.99413
24.514492864338745,35.152173737341,77.98083,9417600.350189209,0.015387634,-0.0046809576,72.6842
24.880434869565217,35.11594208344836,73.60822,13391999.773406982,0.031362735,-0.007902786,73.590225
24.626811465810288,35.05797113185407,83.9315,9331199.551963806,0.006849656,0.0016795518,71.856224
24.242753659958876,34.931159481553294,83.59315,4147199.9227523804,-0.011220377,-0.011701362,71.997734
24.3985509616347,35.079710263267266,82.39983,17971200.39653778,0.018209796,-0.017859912,72.398964
24.75362311542571,35.148550251468535,82.31272,15724800.484085083,0.008717759,-0.013715159,71.7001
24.278985653174068,35.159420527680346,80.15937,3283199.893140793,-0.029172644,-0.010685261,72.98587
24.340579657513896,35.072464168316,77.031204,13305600.072097778,0.016804466,-0.0021799197,72.84862
24.40217392316393,35.07246365433351,77.73675,7603200.0411987305,-0.007633839,0.00454273,72.94952
24.16304339770124,35.14130418675153,77.183464,10454400.056648254,0.022127535,-0.014256017,73.35581
24.85869584610084,35.31159408476158,76.05999,518399.99034404755,0.012531698,0.019743452,72.01773
24.264492787947336,35.06521739309379,75.914215,15379199.48501587,0.0059812535,-0.012411509,72.94928
24.53985505838052,35.14492730981283,78.72631,10540799.757957458,0.013878966,-0.004686864,72.37151
24.880434869565217,35.11594208344836,73.60822,18230399.500465393,-0.0049923845,0.013104697,73.59493
24.731884091961334,34.88405773852335,82.62194,10368000.35533905,0.016187495,-0.017444633,70.80369
24.782608845879178,35.07246365433351,80.82854,2419199.8635292053,-0.015211135,-0.0016399827,72.61846
24.235507135886934,35.09782643790763,86.62735,5961600.231742859,-0.021811098,-0.005601242,73.0706
24.409420342711783,35.02898555779556,73.23672,5961600.231742859,-0.024803862,0.008182727,73.17538
24.46739112421217,35.10507235145331,77.031204,2937599.9909877777,-0.009257633,-0.013024151,73.12161
24.068840433535758,35.050724689208764,75.1399,12527999.469566345,0.022384468,-0.021491151,71.82635
24.369565205050215,35.10507235145331,81.59638,7948799.943351746,0.0005394034,-0.0024321629,72.6939
24.57246390714934,35.13405809180027,82.83649,9504000.051498413,0.011411551,-0.005271867,72.01471
24.171296292717127,35.10648163098043,78.049835,14687999.680709839,0.014874646,-0.01296629,72.44776
24.365941903817713,35.11594190204278,77.940506,7603200.0411987305,-0.018832311,-0.005586216,73.03611
24.528985389862203,35.079710263267266,73.800804,2246400.0495672226,-0.013090875,-0.013825873,73.62262
24.32608705359737,35.05434782738719,80.59564,1814400.0347614288,-0.022111926,-0.0258321,72.387825
24.373188532413735,34.85507217391305,83.68782,7689599.742507935,-0.016058367,-0.012658166,71.96332
24.242753659958876,34.931159481553294,83.59315,3456000.11844635,-0.009882566,-0.012549661,71.96862
24.423912946628306,35.16304383214723,83.815254,3369599.8686790466,-0.020973843,-0.003200693,71.94238
24.409420264318722,35.097825908808005,75.01247,5702400.030899048,-0.024983957,-0.0031365296,73.53857
24.177536001617764,35.01449252133363,77.3516,17193599.794006348,-0.001265537,-0.020868322,72.93542
24.579710091518006,35.06884069756067,84.24473,9244799.850654602,0.011344904,-0.0060447995,72.05753
24.271739312019278,35.0833337340226,74.97577,12614400.267791748,0.018251818,-0.007117518,72.830696
24.43478251062254,35.050724689208764,81.254395,9763200.252342224,0.011015685,-0.005993679,72.40473
24.152173912100075,34.942029039701325,85.189964,12614400.267791748,0.025160644,-0.010833919,72.333435
24.514492864338745,35.152173737341,77.98083,9244799.850654602,0.014666906,-0.0030601248,72.688866
24.340579735906957,35.22101461745307,78.71513,3542400.093984604,-0.017813455,-0.010438101,72.79344
24.336956356281394,35.12681217825459,78.56935,1209599.9317646027,-0.014118224,-0.008552896,73.03741
24.293478074173446,35.130434424522214,78.52256,2937599.9909877777,-0.022068545,-0.016720667,73.131966
24.423912946628306,35.16304383214723,83.815254,9071999.899578094,0.0146640465,-0.010119658,72.77075
24.286231733018653,35.16304365074164,82.86601,17452799.99485016,0.0087793395,-0.025461005,71.64869
24.528985389862203,35.079710263267266,73.800804,2159999.936914444,-0.013543382,-0.014746869,73.6299
24.659420157792983,35.13768139626715,82.9603,17884799.598312378,0.0022775978,-0.012566779,72.24241
24.003623304347823,35.192029209683014,80.788605,16934399.593162537,0.012048608,-0.025929956,71.90856
24.282608510179216,35.10869565592019,73.044136,2592000.0888347626,-0.02936723,-0.011283794,73.23936
24.60144921950647,34.9456523441682,85.40489,10108800.15449524,0.017647717,-0.013470478,71.77387
24.507246418659868,35.018115659512056,74.98295,13564800.27294159,0.017358502,-0.0033882847,73.69055
24.264492787947336,35.06521739309379,75.914215,18057600.097846985,0.00064819306,-0.017879914,73.33175
24.340579657513896,35.072464168316,77.031204,7603200.0411987305,-0.014492866,-0.002971095,73.25404
24.17028990870767,35.119565206509655,75.23819,7430400.090122223,-0.005890142,-0.0002742866,73.12667
24.365941903817713,35.11594190204278,77.940506,4406400.123596191,-0.024236739,-0.009854166,73.04382
24.340579657513896,35.072464168316,77.031204,1987199.9858379364,-0.018029433,-0.015920073,73.01778
24.728260869121893,35.15579704180788,79.23173,13219200.370788574,0.025339255,-0.00947709,71.88616
24.409420264318722,35.097825908808005,75.01247,13219200.370788574,0.021768581,-0.0046392893,73.097466
24.068840433535758,35.17753635462667,82.62194,13478399.474716187,0.03063559,-0.015378932,73.10696
24.49275373635028,34.95652190987481,78.13308,17452799.99485016,-0.0035034865,-0.0103766825,72.9538
24.471014503837736,35.137681214861566,84.09494,5097599.927902222,-0.025917549,-0.0040666284,72.18373
24.141304256647267,35.05072417522627,80.839714,12700799.969100952,0.022104017,-0.013686061,72.969475
24.43478251062254,35.050724689208764,81.254395,3887999.996137619,-0.01405637,-0.012429416,72.20545
24.423912946628306,35.13405791039468,84.735344,3283199.893140793,-0.025382273,0.005286026,72.13167
24.409420342711783,35.02898555779556,73.23672,10368000.35533905,0.011364276,-0.0048388597,73.30344
24.40579722439643,35.07608730649443,81.130585,345600.00498890877,0.00067220256,-0.009227112,72.349785
24.3913043591697,35.05434799367564,86.750465,14601599.979400635,0.01607297,-0.011222076,72.23633
24.24275355543479,35.275361916886446,83.709785,6825599.987125397,-0.019916374,-0.016878232,72.38924
24.518115930392057,35.170290078269815,76.7112,2678400.0643730164,-0.015245367,-0.000505575,73.52864
24.278985574781007,35.18478260074926,85.36457,13478399.474716187,0.025957568,-0.018782467,72.78579
24.503623143558386,34.916666955294566,80.479385,7689599.742507935,-0.03211759,0.011030455,72.16897
24.85869584610084,35.31159408476158,76.05999,12960000.169944763,0.025283879,-0.013452901,72.49302
24.134057993885538,35.130434787333385,80.741425,10281599.557113647,0.01727095,-0.0042418456,73.58544
24.2137679164399,35.101449394680465,78.1842,4147199.9227523804,-0.014163911,-0.018881485,73.23757
24.586956589458925,35.03623181903528,81.050644,16761600.190544128,0.0051128194,-0.026172882,71.85893
24.880434869565217,35.11594208344836,73.60822,10713600.257492065,0.020765528,-0.011322301,73.4862
24.003623304347823,35.192029209683014,80.788605,17798399.897003174,0.0082461,-0.026228024,71.90796
24.641304357168043,34.938405387540406,81.3883,3110399.9420642853,-0.009396438,-0.0042668693,72.799095
24.282608510179216,35.10869565592019,73.044136,11750399.96395111,0.016622929,-0.010311717,72.508896
24.528985389862203,35.079710263267266,73.800804,14947199.88155365,0.017393202,-0.0178602,73.495514
24.409420264318722,35.137681214861566,85.684586,1814400.0347614288,-0.025214162,-0.0063739344,72.23315
24.242753659958876,34.931159481553294,83.59315,17712000.19569397,0.0028889868,-0.014867179,72.07159
24.503623143558386,34.916666955294566,80.479385,518399.99034404755,0.013608824,-0.008855091,72.68665
24.72463775080654,35.097825908808005,83.506035,950400.0051498413,0.004795557,-0.00025514048,72.37867
24.358695745580064,35.14492749121842,79.46463,7343999.840354919,-0.007664621,0.0118811,72.9113
24.442029139218562,35.043478080275,76.86345,13478399.474716187,0.012639388,-0.01153972,73.06956
24.242753659958876,34.931159481553294,83.59315,10713600.257492065,0.011368815,-0.008415034,72.25828
24.481884276880134,35.21376834109622,79.042,13651199.974250793,0.016818501,-0.0034358827,71.94862
24.525362323808892,35.01449270273921,80.76379,12873600.46863556,0.018022498,-0.014715387,71.802025
24.659420157792983,35.13768139626715,82.9603,1036799.9806880951,-0.015267935,0.0063926186,71.811066
24.507246418659868,35.018115659512056,74.98295,345600.00498890877,0.014539456,-0.003403524,72.71878
24.55072462237475,35.07608730649443,88.70044,4838399.727058411,-0.0103418045,-0.015152419,72.54613
24.177536001617764,35.01449252133363,77.3516,10886399.660110474,0.018932458,-0.020109298,72.98732
24.409420185925658,35.126811301460926,78.58091,4924799.976825714,-0.022157088,-0.011479698,72.8283
24.202898613755877,35.17753635462667,82.22561,4319999.873828888,-0.036445424,-0.015912026,72.74823
24.782608845879178,35.07246365433351,80.82854,6480000.084972382,-0.0141321905,0.010442353,71.40988
24.514492864338745,35.152173737341,77.98083,4579200.074672699,-0.017632462,-0.0031003896,72.966034
24.518115930392057,35.170290078269815,76.7112,14256000.07724762,0.02196553,-0.008113803,72.75342
24.202898613755877,35.17753635462667,82.22561,11145599.860954285,0.021046346,-0.018065851,73.30328
24.373188349496587,35.09782609021359,73.044136,5011200.226593018,-0.012259677,-0.013077367,73.04403
24.3913043591697,35.05434799367564,86.750465,2851200.015449524,-0.026045863,-0.02212086,72.83137
24.525362323808892,35.01449270273921,80.76379,13132799.572563171,0.01806236,-0.0153456945,71.79483
24.33695651306752,35.26449269887389,75.24537,3456000.11844635,-0.08910392,-0.05319997,74.19311
24.278985653174068,35.159420527680346,80.15937,2246400.0495672226,-0.02467708,-0.015628291,72.89745
24.15217408195171,35.09782609021359,90.079155,12182399.56741333,0.024981843,-0.018044164,72.23887
24.528985389862203,35.079710263267266,73.800804,10454400.056648254,0.017303348,-0.010943972,73.645905
24.235507135886934,35.09782643790763,86.62735,11059200.15964508,0.015951037,-0.020492677,72.9914
24.242753659958876,34.931159481553294,83.59315,4406400.123596191,-0.011831589,-0.010828303,72.01571
24.358695745580064,35.14492749121842,79.46463,2764800.03991127,-0.018474698,-0.006412138,72.940254
24.40579722439643,35.07608730649443,81.130585,16588799.691009521,0.009314416,-0.015057705,72.54219
24.62318819070881,35.09782625650204,81.14894,7343999.840354919,-0.017357811,0.00936641,71.76198
24.3985509616347,35.079710263267266,82.39983,9071999.899578094,0.011153519,-0.0044833478,72.621475
24.822463669968496,35.11956556932083,79.471794,8380800.095272064,0.0048291907,0.01233671,71.64391
24.40217392316393,35.07246365433351,77.73675,259199.99517202377,0.011296006,0.0019619684,72.87892
24.235507135886934,35.09782643790763,86.62735,3196799.917602539,-0.01428299,0.011255606,72.73488
24.731884091961334,34.88405773852335,82.62194,15724800.484085083,-0.0024788491,-0.002130391,71.3064
24.282608510179216,35.10869565592019,73.044136,3887999.996137619,-0.029382229,-0.014261592,73.28972
24.336956356281394,35.12681217825459,78.56935,16329599.49016571,-0.0030579232,0.0028005615,72.42047
24.659420157792983,35.13768139626715,82.9603,1209599.9317646027,-0.016531356,0.005789397,71.81627
24.521739153231497,35.18115965909355,80.50853,17107200.092697144,0.012545621,-0.017819175,72.18131
24.677536062942007,35.07971042955572,84.775665,16243199.788856506,0.0007594414,-0.01416705,71.71517
24.282608510179216,35.10869565592019,73.044136,13305600.072097778,0.023850322,-0.0061906856,72.52042
24.271739312019278,35.0833337340226,74.97577,17193599.794006348,0.010324355,-0.022490837,73.20651
24.003623304347823,35.192029209683014,80.788605,2937599.9909877777,-0.047487095,-0.04609917,72.48025
24.525362323808892,35.01449270273921,80.76379,16761600.190544128,0.006119836,-0.022868719,72.04759
24.782608584568965,35.06521774078783,85.492004,11750399.96395111,0.014056914,-0.022785567,71.31532
24.55434784521419,35.039855304907746,78.730316,15033599.582862854,0.013197981,-0.011247229,72.53302
24.365941903817713,35.11594190204278,77.940506,16243199.788856506,0.0093979295,-0.00818683,72.62849
24.351449221508126,35.36231895652174,77.53338,8899199.948501587,0.02800308,0.0021896511,73.26875
24.677536062942007,35.07971042955572,84.775665,11577599.464416504,0.011791872,-0.017969262,71.710724
24.293478074173446,35.130434424522214,78.52256,6912000.2368927,-0.011748526,-0.016692195,73.19405
24.52536253285706,35.05797113185407,79.99595,172800.00249445438,-0.0033338666,0.0025507198,72.14339
24.626811465810288,35.05797113185407,83.9315,14428799.479866028,0.024697065,-0.009324225,71.671074
24.278985574781007,35.18478260074926,85.36457,4752000.025749207,-0.053392157,-0.010883907,72.41033
24.242753659958876,34.931159481553294,83.59315,3887999.996137619,-0.01062363,-0.01225562,71.98379
24.409420264318722,35.097825908808005,75.01247,3023999.9665260315,-0.021573007,-0.009239228,73.49776
24.369565205050215,35.10507235145331,81.59638,6480000.084972382,-0.015819587,-0.0055798795,72.56882
24.268116089179838,35.07971042955572,81.07262,18143999.79915619,0.004884016,-0.015794707,72.19749
24.340579735906957,35.22101461745307,78.71513,172800.00249445438,-0.019737191,-0.014501888,73.097466
24.481884276880134,35.21376834109622,79.042,18403200.0,-0.016654663,-0.01911921,72.58144
24.53985505838052,35.14492730981283,78.72631,13824000.4737854,0.022529755,-0.010508226,72.340996
24.15217408195171,35.09782609021359,90.079155,5356800.128746033,-0.0010293759,-0.019259563,72.69837
24.623188347494935,34.98550731008629,86.27349,5356800.128746033,-0.020191472,-0.0009631226,72.151764
24.608695560661264,35.210145036629335,80.071884,7948799.943351746,-0.002955921,0.014035508,72.065155
24.340579657513896,35.072464168316,77.031204,14342399.778556824,0.01681423,-0.005551072,72.846535
24.442029139218562,35.043478080275,76.86345,17107200.092697144,0.0030985642,-0.012049427,73.52987
24.202898613755877,35.17753635462667,82.22561,18316800.298690796,-0.0037238002,-0.019428307,71.30361
24.60144921950647,34.9456523441682,85.40489,8985600.19826889,0.0023916364,0.00052762777,71.800446
24.15942034471344,35.02536261613985,84.04098,777599.9855160713,-0.008457717,0.010552958,72.9171
24.003623304347823,35.192029209683014,80.788605,4665599.775981903,-0.051900372,-0.02638364,73.01509
24.409420264318722,35.137681214861566,85.684586,11231999.562263489,0.012846801,-0.016012898,72.93501
24.16304339770124,35.14130418675153,77.183464,3801600.0205993652,-0.03947159,-0.042880297,73.02079
24.278985574781007,35.18478260074926,85.36457,6825599.987125397,-0.036868334,-0.010005543,72.89794
24.880434869565217,35.11594208344836,73.60822,6825599.987125397,-0.012659479,0.01846518,73.88411
24.278985653174068,35.159420527680346,80.15937,1641599.9465703964,-0.022585288,-0.01955342,72.82913
24.171296292717127,35.10648163098043,78.049835,5615999.781131744,-0.02257394,-0.012842683,73.441025
24.619565229179578,35.18478278215484,82.255135,1468799.9954938889,-0.0032209158,0.0011832747,71.559296
24.72463775080654,35.097825908808005,83.506035,8639999.747657776,-0.00050001964,0.003886051,71.65258
24.35507260113369,35.04710138474188,76.478294,3023999.9665260315,-0.01587772,-0.009389466,73.0635
24.068840433535758,35.050724689208764,75.1399,12009600.164794922,0.021526571,-0.020821363,71.9156
24.47463793572534,35.15579704180788,74.131996,777599.9855160713,-0.008113999,0.0057819597,73.58342
24.731883987437246,34.999999998854186,80.17734,1555199.9710321426,-0.007988676,0.0017511183,73.10142
24.49275373635028,35.04710138474188,79.64641,8380800.095272064,-0.009227388,0.008720885,72.36833
24.278985574781007,35.18478260074926,85.36457,10022400.453186035,0.025169723,-0.011103172,73.23092
24.235507135886934,35.09782643790763,86.62735,518399.99034404755,-0.0053735264,0.024739863,71.74737
24.623188347494935,34.98550731008629,86.27349,4319999.873828888,-0.020149827,-2.0214356e-05,72.26339
24.423912946628306,35.16304383214723,83.815254,14083199.577713013,0.015807446,-0.013488652,72.3527
24.423912946628306,35.13405791039468,84.735344,11491199.7631073,0.011769578,-0.0167078,72.808975
24.782608845879178,35.07246365433351,80.82854,12182399.56741333,0.019585956,-0.009064613,71.31832
24.525362323808892,35.01449270273921,80.76379,4752000.025749207,-0.020237088,0.0061681382,72.49274
24.340579657513896,35.072464168316,77.031204,8035200.193119049,-0.011306055,0.0019598547,73.26143
24.351449221508126,35.36231895652174,77.53338,950400.0051498413,-0.10699681,-0.09464366,72.24989
24.409420342711783,35.02898555779556,73.23672,4924799.976825714,-0.021669336,0.006634449,73.06626
24.369565205050215,35.10507235145331,81.59638,10454400.056648254,0.016599016,-0.012648124,72.68455
24.5036234048686,34.94565269942081,84.86278,17625600.494384766,0.0021609776,-0.03368064,71.40597
24.518115930392057,35.170290078269815,76.7112,17712000.19569397,0.004610773,-0.01705437,73.07128
24.507246418659868,35.018115659512056,74.98295,11577599.464416504,0.009452054,-0.009959154,73.65034
24.134057993885538,35.130434787333385,80.741425,2332799.8879909515,-0.02819866,-0.023541728,72.944595
24.52536253285706,35.05797113185407,79.99595,432000.01480579376,5.6274235e-05,0.0031000483,72.15595
24.471014503837736,35.137681214861566,84.09494,8639999.747657776,-0.0045453086,-0.0006928956,72.57734
24.46739112421217,35.10507235145331,77.031204,11836799.665260315,0.019688394,-0.009491183,72.811424
24.264492787947336,35.06521739309379,75.914215,9071999.899578094,0.00901982,0.007073184,73.24852
24.278985653174068,35.159420527680346,80.15937,3542400.093984604,-0.029671729,-0.010067193,73.00312
24.507246418659868,35.018115659512056,74.98295,14774400.478935242,0.014360759,-0.008908721,73.71848
24.278985574781007,35.18478260074926,85.36457,17798399.897003174,-0.0031137355,-0.016370544,71.26689
24.572463802625258,35.028985391507106,77.31845,5702400.030899048,-0.018823251,-0.0018918337,73.449936
24.677536062942007,35.07971042955572,84.775665,11231999.562263489,0.013338065,-0.01634179,71.75635
24.623188347494935,34.98550731008629,86.27349,16588799.691009521,0.015126497,-0.02587155,71.467705
24.351449221508126,35.36231895652174,77.53338,15638399.68585968,0.020592328,-0.024521103,73.09144
24.619565229179578,35.18478278215484,82.255135,10540799.757957458,0.015672456,-0.013111046,71.866905
24.518115930392057,35.170290078269815,76.7112,11750399.96395111,0.019560633,-0.0108804945,72.67443
24.202898613755877,35.17753635462667,82.22561,10540799.757957458,0.020722527,-0.01613939,73.42386
24.40217392316393,35.07246365433351,77.73675,14947199.88155365,0.013587359,-0.00093036797,72.874016
24.3985509616347,35.079710263267266,82.39983,6480000.084972382,0.0013407171,1.9619241e-05,72.352646
24.3913043591697,35.05434799367564,86.750465,6393599.835205078,-0.020212766,0.013942312,73.07693
24.152173912100075,34.942029039701325,85.189964,9590399.752807617,0.013339061,-0.007284837,72.532776
24.586956589458925,35.03623181903528,81.050644,6480000.084972382,-0.012031607,0.0047697965,72.01972
24.655797039477626,35.09782643790763,82.953125,691200.0099778175,0.005178131,0.0041297623,72.10953
24.822463669968496,35.11956556932083,79.471794,12960000.169944763,0.021907166,-0.012544086,71.40259
24.47463793572534,35.15579704180788,74.131996,4233599.898290634,-0.020217795,-0.0070280572,73.297806
24.365941903817713,35.11594190204278,77.940506,2505600.113296509,-0.019656245,-0.0111389905,72.94972
24.572463802625258,35.028985391507106,77.31845,3456000.11844635,-0.016891982,-0.002619762,72.91808
24.242753659958876,34.931159481553294,83.59315,5097599.927902222,-0.012452725,-0.006923576,72.08004
24.358695745580064,35.14492749121842,79.46463,12268800.365638733,0.018250922,-0.0064406814,72.59351
24.579710091518006,35.06884069756067,84.24473,1123200.0247836113,-0.020099886,0.0009783246,72.34636
24.373188532413735,34.85507217391305,83.68782,11318400.360488892,0.007237496,-0.024604792,71.999
24.278985653174068,35.159420527680346,80.15937,13219200.370788574,0.01992102,-0.00631415,72.635
24.72463775080654,35.097825908808005,83.506035,15551999.984550476,0.01002197,-0.020054113,71.63073
24.373188349496587,35.09782609021359,73.044136,10281599.557113647,0.01853272,-0.011971375,73.00698
24.782608845879178,35.07246365433351,80.82854,17712000.19569397,-0.008847199,0.009265715,71.64397
24.641304357168043,34.938405387540406,81.3883,5961600.231742859,-0.0026567057,-0.013966348,71.78612
24.369565205050215,35.10507235145331,81.59638,604799.9658823013,-0.014891028,-0.0032546418,72.58226
24.572463802625258,35.028985391507106,77.31845,11836799.665260315,0.010154923,-0.011730675,72.88937
24.171296292717127,35.10648163098043,78.049835,16675200.489234924,0.006612031,-0.015009753,72.2855
24.782608584568965,35.06521774078783,85.492004,9331199.551963806,0.009218527,-0.0003578812,71.48789
24.72463775080654,35.097825908808005,83.506035,5529600.07982254,-0.009166352,0.008385358,71.805
24.286231733018653,35.16304365074164,82.86601,345600.00498890877,0.008187551,0.0030075917,72.41505
24.655797039477626,35.09782643790763,82.953125,10799999.95880127,0.013140511,-0.014950596,71.77659
24.068840433535758,35.17753635462667,82.62194,4924799.976825714,-0.02920536,-0.01998896,73.09757
24.52536253285706,35.05797113185407,79.99595,3542400.093984604,-0.016670603,-0.0041435994,72.293106
24.177536001617764,35.01449252133363,77.3516,17366400.293540955,-0.0027808174,-0.02040296,72.96494
24.518115930392057,35.170290078269815,76.7112,864000.0296115875,-0.014445346,0.008462212,73.52679
24.423912946628306,35.16304383214723,83.815254,3887999.996137619,-0.019423127,-0.00089187175,71.9693
24.340579657513896,35.072464168316,77.031204,5615999.781131744,-0.01989353,-0.015668806,73.26527
24.35507260113369,35.04710138474188,76.478294,7862400.2420425415,-0.0027694516,-0.010381196,73.4213
24.46739112421217,35.10507235145331,77.031204,8035200.193119049,-0.0045493655,0.007945555,73.03518
24.518115930392057,35.170290078269815,76.7112,5875199.981975555,-0.016630676,-0.0028550457,73.36468
24.503623143558386,34.916666955294566,80.479385,15033599.582862854,0.008814411,-0.005393371,71.53762
24.677536062942007,35.07971042955572,84.775665,11923200.463485718,0.00960087,-0.019147567,71.67406
24.731884091961334,34.88405773852335,82.62194,16761600.190544128,-0.0032455921,-0.013825532,71.39151
24.85869584610084,35.31159408476158,76.05999,950400.0051498413,0.012892302,0.018647656,71.92982
24.586956589458925,35.03623181903528,81.050644,16675200.489234924,0.00532908,-0.02612807,71.84297
24.369565205050215,35.10507235145331,81.59638,13824000.4737854,0.021355003,-0.008082878,72.38649
24.57608686867857,35.22463755910878,78.28966,12787199.670410156,0.025047474,-0.0027921088,72.00054
24.003623304347823,35.192029209683014,80.788605,1036799.9806880951,-0.046314478,-0.05093894,72.26974
24.068840433535758,35.17753635462667,82.62194,6393599.835205078,-0.013074838,-0.02289598,73.44171
24.525362323808892,35.01449270273921,80.76379,14515200.27809143,0.01544554,-0.018691765,71.83694
24.85869584610084,35.31159408476158,76.05999,8639999.747657776,0.0056015775,0.007254733,71.64416
24.068840433535758,35.17753635462667,82.62194,13651199.974250793,0.030770471,-0.014856989,73.05714
24.16304339770124,35.14130418675153,77.183464,11404800.061798096,0.01869953,-0.013881201,73.179985
24.423912946628306,35.16304383214723,83.815254,16416000.288391113,0.0064844415,-0.017673053,72.17909
24.373188349496587,35.09782609021359,73.044136,0.0,-0.008356951,-0.0048362855,73.28128
24.85869584610084,35.31159408476158,76.05999,4147199.9227523804,-0.013128735,0.01411888,72.02164
24.800724541980035,35.0326085145684,80.91604,2678400.0643730164,-0.0066808276,-0.0072839,72.81998
24.202898613755877,35.17753635462667,82.22561,12182399.56741333,0.023256227,-0.01610934,73.07995
24.728260869121893,35.15579704180788,79.23173,9158400.149345398,0.01057121,0.0026232465,71.829926
24.177536001617764,35.01449252133363,77.3516,10195199.855804443,0.016985837,-0.018590935,73.05992
24.822463669968496,35.11956556932083,79.471794,5097599.927902222,-0.007403534,0.016304757,71.67391
24.57246390714934,35.13405809180027,82.83649,2159999.936914444,-0.012093466,-0.012147127,71.839615
24.409420342711783,35.02898555779556,73.23672,10454400.056648254,0.012328068,-0.0050583854,73.30344
24.268116089179838,35.07971042955572,81.07262,13391999.773406982,0.021807386,-0.014608543,72.6478
24.43478277193275,35.06521686399416,78.38795,1728000.059223175,-0.010614842,-0.012062509,72.5077
24.202898613755877,35.17753635462667,82.22561,950400.0051498413,-0.0382632,-0.036094613,72.444244
24.731883987437246,34.999999998854186,80.17734,3456000.11844635,-0.015484653,0.0050724805,72.74403
24.731884091961334,34.88405773852335,82.62194,14515200.27809143,0.011637574,0.0020162356,71.21518
24.5036234048686,34.94565269942081,84.86278,4665599.775981903,-0.019703604,-0.0024598092,72.229836
24.576087129988778,34.96376817111452,80.53768,15983999.588012695,0.01619857,-0.017620552,71.67956
24.46739112421217,35.10507235145331,77.031204,13305600.072097778,0.02261696,-0.0073165353,72.84082
24.782608584568965,35.06521774078783,85.492004,16502399.989700317,0.011143241,-0.017758306,72.00895
24.373188532413735,34.85507217391305,83.68782,15379199.48501587,0.006842496,-0.03852947,70.974236
24.16304339770124,35.14130418675153,77.183464,14601599.979400635,0.01657553,-0.008631295,72.39484
24.49275373635028,34.95652190987481,78.13308,10972800.458335876,-0.00066914037,-0.010034347,72.7
24.2137679164399,35.101449394680465,78.1842,1123200.0247836113,0.0035044886,-0.021249449,73.32631
24.49275373635028,34.95652190987481,78.13308,16070400.386238098,-0.004820857,-0.004628022,72.84607
24.782608845879178,35.07246365433351,80.82854,2159999.936914444,-0.012717966,-0.0014482355,72.67125
24.336956356281394,35.12681217825459,78.56935,17193599.794006348,-0.006980788,0.007788176,72.48401
24.06159400092239,35.235507653915,77.223785,9590399.752807617,0.03328386,-0.026550671,74.62745
24.068840433535758,35.050724689208764,75.1399,11318400.360488892,0.020130306,-0.019316224,72.04837
24.373188349496587,35.09782609021359,73.044136,2851200.015449524,-0.016095575,0.005827983,73.10741
24.16304339770124,35.14130418675153,77.183464,10195199.855804443,0.02374946,-0.01386168,73.39459
24.358695745580064,35.14492749121842,79.46463,17107200.092697144,0.0030301735,-0.015101029,72.160286
24.514492864338745,35.152173737341,77.98083,6739199.737358093,-0.011472955,-0.00035968237,72.66799
24.141304256647267,35.05072417522627,80.839714,13996799.876403809,0.021980576,-0.013693087,72.67144
24.40579730278949,34.98550712868071,82.545616,0.0,-0.001236666,0.011261992,72.14038
24.3913043591697,35.05434799367564,86.750465,11491199.7631073,0.018367527,-0.0100512,72.8145
24.365941903817713,35.11594190204278,77.940506,0.0,-0.014607534,0.0078637665,73.147804
24.33695651306752,35.26449269887389,75.24537,6480000.084972382,-0.023593131,-0.02822139,75.119934
24.641304357168043,34.938405387540406,81.3883,6825599.987125397,-0.0014207512,-0.01736352,71.63946
24.60144921950647,34.9456523441682,85.40489,4147199.9227523804,-0.019742731,0.014553936,72.40962
24.068840433535758,35.17753635462667,82.62194,10022400.453186035,0.022611503,-0.026371976,73.69799
24.369565205050215,35.10507235145331,81.59638,4233599.898290634,-0.023066644,-0.0060039116,72.51342
24.52536253285706,35.05797113185407,79.99595,17020800.39138794,0.009923985,-0.019331293,72.50822
24.423912946628306,35.13405791039468,84.735344,6566399.786281586,-0.018547412,0.0005492312,72.56549
24.171296292717127,35.10648163098043,78.049835,14342399.778556824,0.016353412,-0.012518756,72.540985
24.677536062942007,35.07971042955572,84.775665,13305600.072097778,0.009798942,-0.01390928,71.5826
24.518115930392057,35.170290078269815,76.7112,11404800.061798096,0.018271543,-0.011015488,72.70794
24.528985389862203,35.079710263267266,73.800804,604799.9658823013,0.0019034743,-0.017975084,73.76295
24.15942034471344,35.02536261613985,84.04098,1900800.0102996826,-0.01725547,-0.0056520198,72.93856
24.518115930392057,35.170290078269815,76.7112,5011200.226593018,-0.020407144,0.0012730486,73.517525
24.068840433535758,35.17753635462667,82.62194,4752000.025749207,-0.030459315,-0.019996671,73.056725
24.579710091518006,35.06884069756067,84.24473,7948799.943351746,-0.0057748742,0.0069127935,72.05558
24.32608705359737,35.05434782738719,80.59564,6307200.133895874,-0.0049522035,-0.018435182,72.67115
24.152173912100075,34.942029039701325,85.189964,9935999.654960632,0.01581826,-0.011006629,72.49068
24.15217408195171,35.09782609021359,90.079155,3801600.0205993652,-0.013773058,-0.019850073,73.0837
24.15217408195171,35.09782609021359,90.079155,7948799.943351746,0.02085584,0.0006942954,72.481514
24.46739112421217,35.10507235145331,77.031204,2505600.113296509,-0.006616056,-0.011211535,73.106895
24.373188349496587,35.09782609021359,73.044136,4233599.898290634,-0.014633838,-0.009338841,73.02216
24.264492787947336,35.06521739309379,75.914215,15292799.783706665,0.006566543,-0.011732906,72.93486
24.293478074173446,35.130434424522214,78.52256,4579200.074672699,-0.021555714,-0.014087897,73.15483
24.85869584610084,35.31159408476158,76.05999,7862400.2420425415,-0.008977,0.011961499,71.55663
24.49275373635028,34.95652190987481,78.13308,2764800.03991127,-0.012953393,0.00060327444,72.77276
24.171296292717127,35.10648163098043,78.049835,10972800.458335876,0.015258659,-0.02067571,73.378296
24.880434869565217,35.11594208344836,73.60822,6047999.933052063,-0.021675613,0.017979521,73.730965
24.373188349496587,35.09782609021359,73.044136,12787199.670410156,0.018769192,-0.0209779,72.674736
24.33695651306752,35.26449269887389,75.24537,4924799.976825714,-0.06257497,-0.039073378,74.73673
24.278985574781007,35.18478260074926,85.36457,13564800.27294159,0.02573387,-0.018839777,72.76554
24.728260869121893,35.15579704180788,79.23173,4752000.025749207,-0.022336993,0.005833167,72.12461
24.409420342711783,35.02898555779556,73.23672,14687999.680709839,0.0065236464,-0.015141275,73.195244
24.55072462237475,35.07608730649443,88.70044,14947199.88155365,0.01739815,-0.02040702,71.88433
24.409420264318722,35.097825908808005,75.01247,1728000.059223175,-0.017452683,-0.009969976,73.50576
24.15217408195171,35.09782609021359,90.079155,18403200.0,0.0069225933,-0.03288208,70.98813
24.800724541980035,35.0326085145684,80.91604,10195199.855804443,0.019925557,-0.0027687596,71.20036
24.62318819070881,35.09782625650204,81.14894,2937599.9909877777,-0.016480602,0.0022285068,72.01765
24.2137679164399,35.101449394680465,78.1842,4752000.025749207,-0.013389982,-0.018302826,73.29443
24.53985505838052,35.14492730981283,78.72631,13910400.175094604,0.022277549,-0.0108532775,72.3476
24.268116089179838,35.07971042955572,81.07262,5529600.07982254,-0.019609988,-0.008019881,72.7939
24.358695745580064,35.14492749121842,79.46463,14601599.979400635,0.01618525,-0.008487675,72.145454
24.43478277193275,35.06521686399416,78.38795,16329599.49016571,0.006860316,-0.009875847,72.9933
24.15942034471344,35.02536261613985,84.04098,7257600.139045715,-0.0029182658,-0.015138105,72.87424
24.32608705359737,35.05434782738719,80.59564,17279999.49531555,0.006138269,-0.016173365,72.481735
24.47463793572534,35.15579704180788,74.131996,16588799.691009521,0.016390333,-0.017539175,73.064095
24.822463669968496,35.11956556932083,79.471794,7257600.139045715,0.004159957,0.019546028,71.63717
24.47463793572534,35.15579704180788,74.131996,11231999.562263489,0.013949102,-0.01582372,73.31221
24.336956356281394,35.12681217825459,78.56935,8639999.747657776,0.004150942,-0.0034494866,73.129974
24.278985653174068,35.159420527680346,80.15937,7430400.090122223,-0.010598954,-0.0148836635,73.20186
24.15217408195171,35.09782609021359,90.079155,3369599.8686790466,-0.012570456,-0.01998016,73.1844
24.51086948471318,35.141304337922854,75.965324,7343999.840354919,-0.00888031,0.008493967,73.471596
24.782608845879178,35.07246365433351,80.82854,8294399.845504761,-0.003092263,0.011337573,71.37738
24.268116089179838,35.07971042955572,81.07262,15033599.582862854,0.01631997,-0.016133158,72.31636
24.518115930392057,35.170290078269815,76.7112,14428799.479866028,0.020979691,-0.008781169,72.761314
24.782608584568965,35.06521774078783,85.492004,13996799.876403809,0.02111775,-0.01886312,71.337135
24.677536062942007,35.07971042955572,84.775665,1555199.9710321426,-0.008233208,0.005061645,72.47373
24.235507135886934,35.09782643790763,86.62735,1900800.0102996826,-0.0048027746,0.01992622,72.222885
24.46739112421217,35.10507235145331,77.031204,16156800.087547302,0.008260127,-0.013866438,73.09083
24.677536062942007,35.07971042955572,84.775665,8035200.193119049,0.0067331474,-0.0050065415,71.91213
24.152173912100075,34.942029039701325,85.189964,9331199.551963806,0.01032359,-0.003624715,72.55164
24.171296292717127,35.10648163098043,78.049835,13046399.871253967,0.018103238,-0.013461525,72.92323
24.33695651306752,35.26449269887389,75.24537,13824000.4737854,0.03147605,-0.014974132,72.52089
24.471014503837736,35.137681214861566,84.09494,4406400.123596191,-0.023335993,-0.0036064675,72.10759
24.268116089179838,35.07971042955572,81.07262,518399.99034404755,-0.032359444,0.0036942898,72.771
24.507246418659868,35.018115659512056,74.98295,5702400.030899048,-0.020003784,0.0020786491,73.54592
24.152173912100075,34.942029039701325,85.189964,18230399.500465393,-0.007972285,-0.019740688,71.789444
24.340579657513896,35.072464168316,77.031204,5011200.226593018,-0.021304004,-0.01574851,73.22973
24.2137679164399,35.101449394680465,78.1842,5615999.781131744,-0.0098821,-0.01763694,73.41663
24.06159400092239,35.235507653915,77.223785,15638399.68585968,0.024159009,-0.031798884,71.92394
24.423912946628306,35.13405791039468,84.735344,11145599.860954285,0.012017008,-0.01671938,72.84258
24.503623143558386,34.916666955294566,80.479385,7775999.992275238,-0.03179477,0.011660877,72.15144
24.24275355543479,35.275361916886446,83.709785,11491199.7631073,0.02615561,-0.018230246,73.25371
24.369565205050215,35.10507235145331,81.59638,691200.0099778175,-0.014450189,-0.004257445,72.58127
24.235507135886934,35.09782643790763,86.62735,17625600.494384766,-0.0023825355,-0.026207523,71.57932
24.728260869121893,35.15579704180788,79.23173,7948799.943351746,0.004702367,0.011136047,71.93605
24.286231733018653,35.16304365074164,82.86601,13564800.27294159,0.023884317,-0.0149177555,72.54502
24.53985505838052,35.14492730981283,78.72631,4579200.074672699,-0.018834308,0.004371059,72.50119
24.278985574781007,35.18478260074926,85.36457,17625600.494384766,-0.0010732897,-0.017171184,71.28528
24.576087129988778,34.96376817111452,80.53768,17193599.794006348,0.012213366,-0.020909986,71.76916
24.358695745580064,35.14492749121842,79.46463,16070400.386238098,0.0062291715,-0.014776722,72.14724
24.409420264318722,35.137681214861566,85.684586,0.0,-0.028949246,0.009768719,72.121666
24.507246627708035,35.15217355593542,72.15966,13564800.27294159,0.020447228,-0.005777292,72.31819
24.264492787947336,35.06521739309379,75.914215,3887999.996137619,-0.015596189,-0.010744808,73.21873
24.822463669968496,35.11956556932083,79.471794,15724800.484085083,0.019672513,-0.02116917,71.81811
24.369565205050215,35.10507235145331,81.59638,11923200.463485718,0.020759182,-0.012180697,72.56503
24.782608584568965,35.06521774078783,85.492004,13478399.474716187,0.018672593,-0.022010714,71.229935
24.518115930392057,35.170290078269815,76.7112,13910400.175094604,0.023448803,-0.007355243,72.73483
24.293478074173446,35.130434424522214,78.52256,12441599.768257141,0.014796594,-0.0101855565,72.80765
24.782608845879178,35.07246365433351,80.82854,6134400.182819366,-0.015561614,0.008723727,71.46788
24.286231733018653,35.16304365074164,82.86601,10108800.15449524,0.022803284,-0.0075278506,73.19562
24.409420342711783,35.02898555779556,73.23672,8899199.948501587,0.0012202747,0.00910274,73.25996
24.51086948471318,35.141304337922854,75.965324,5875199.981975555,-0.014797252,0.004850185,73.67836
24.53985505838052,35.14492730981283,78.72631,15638399.68585968,0.012110926,-0.019511405,72.50472
24.880434869565217,35.11594208344836,73.60822,4752000.025749207,-0.018585071,0.011557305,73.538666
24.43478277193275,35.06521686399416,78.38795,12182399.56741333,0.014357276,-0.0012411969,72.73153
24.43478251062254,35.050724689208764,81.254395,7171199.889278412,-0.010598116,-0.0050204834,72.21664
24.49275373635028,35.04710138474188,79.64641,12614400.267791748,0.013947491,-0.01480514,72.224945
24.2137679164399,35.101449394680465,78.1842,518399.99034404755,0.005579749,-0.019967848,73.33531
24.373188349496587,35.09782609021359,73.044136,3369599.8686790466,-0.01761844,5.3563155e-05,73.06275
24.47463793572534,35.15579704180788,74.131996,5615999.781131744,-0.021619722,-0.010996101,73.3948
24.423912946628306,35.13405791039468,84.735344,5356800.128746033,-0.025068633,-0.00296548,72.40857
24.373188349496587,35.09782609021359,73.044136,9504000.051498413,0.012520827,-0.010972695,73.00167
24.235507135886934,35.09782643790763,86.62735,1123200.0247836113,-0.0038102604,0.022945642,71.914856
24.503623143558386,34.916666955294566,80.479385,7603200.0411987305,-0.03237901,0.010352068,72.18747
24.471014503837736,35.137681214861566,84.09494,16156800.087547302,0.00022297353,-0.013866574,72.11491
24.525362323808892,35.01449270273921,80.76379,13305600.072097778,0.017961994,-0.015740355,71.7921
24.53985505838052,35.14492730981283,78.72631,10799999.95880127,0.015158713,-0.0057241404,72.343544
24.528985389862203,35.079710263267266,73.800804,1641599.9465703964,-0.011599153,-0.018574739,73.68016
24.3985509616347,35.079710263267266,82.39983,9244799.850654602,0.010238303,-0.0064371107,72.6238
24.576087129988778,34.96376817111452,80.53768,6998399.938201904,-0.015493665,0.0030402853,72.04054
24.626811465810288,35.05797113185407,83.9315,8380800.095272064,-0.009961437,0.012913027,71.83478
24.33695651306752,35.26449269887389,75.24537,15465600.283241272,0.027735569,-0.018745415,72.22464
24.373188532413735,34.85507217391305,83.68782,14947199.88155365,0.009704091,-0.037539348,70.97998
24.2137679164399,35.101449394680465,78.1842,10454400.056648254,0.015213702,-0.011476368,73.34151
24.47463793572534,35.15579704180788,74.131996,6220799.884128571,-0.01891873,-0.011776717,73.4517
24.134057993885538,35.130434787333385,80.741425,5961600.231742859,-0.02760866,-0.006561948,73.7258
24.235507135886934,35.09782643790763,86.62735,8639999.747657776,-0.0067029037,-0.01845232,72.77761
24.235507135886934,35.09782643790763,86.62735,9504000.051498413,0.0033005886,-0.018264111,72.80752
24.35507260113369,35.04710138474188,76.478294,1209599.9317646027,-0.00036674365,-0.0069187954,73.037895
24.40579730278949,34.98550712868071,82.545616,9158400.149345398,0.005315451,-0.018530766,72.364716
24.43478277193275,35.06521686399416,78.38795,8639999.747657776,0.0004435815,0.00048768427,72.8142
24.409420264318722,35.137681214861566,85.684586,172800.00249445438,-0.028030004,0.009030035,72.14323
24.17028990870767,35.119565206509655,75.23819,2851200.015449524,-0.040819548,-0.025922397,72.7661
24.003623304347823,35.192029209683014,80.788605,11231999.562263489,0.027397867,-0.015541477,74.29879
24.51086948471318,35.141304337922854,75.965324,10540799.757957458,0.013456475,-0.007249331,73.19014
24.619565229179578,35.18478278215484,82.255135,14169600.375938416,0.012346895,-0.014799664,72.02355
24.282608510179216,35.10869565592019,73.044136,1123200.0247836113,-0.031310998,0.00202023,73.05691
24.5036234048686,34.94565269942081,84.86278,11577599.464416504,0.021172032,-0.023014823,72.16736
24.264492787947336,35.06521739309379,75.914215,3715200.0450611115,-0.01512954,-0.011718055,73.21887
24.351449221508126,35.36231895652174,77.53338,16243199.788856506,0.019828508,-0.025845299,73.21318
24.202898613755877,35.17753635462667,82.22561,14860800.180244446,0.017831063,-0.016044289,72.11888
24.72463775080654,35.097825908808005,83.506035,5184000.177669525,-0.0123461075,0.005529443,71.85699
24.365941903817713,35.11594190204278,77.940506,12873600.46863556,0.019583333,-0.0027000783,72.59862
24.579710091518006,35.06884069756067,84.24473,1468799.9954938889,-0.020349406,-0.0012461087,72.35849
24.40217392316393,35.07246365433351,77.73675,7689599.742507935,-0.006902106,0.0048637837,72.95467
24.264492787947336,35.06521739309379,75.914215,7862400.2420425415,-0.0047535636,0.011044777,73.36282
24.409420264318722,35.097825908808005,75.01247,9849599.953651428,0.016770294,-0.0049302503,73.43739
24.423912946628306,35.16304383214723,83.815254,7775999.992275238,0.013278039,-0.010350186,72.72751
24.47463793572534,35.15579704180788,74.131996,6393599.835205078,-0.01762709,-0.012135277,73.46499
24.85869584610084,35.31159408476158,76.05999,5875199.981975555,-0.014394619,0.02060274,71.79299
24.40579730278949,34.98550712868071,82.545616,6220799.884128571,-0.028867058,-0.000651245,72.50358
24.2137679164399,35.101449394680465,78.1842,3887999.996137619,-0.014083147,-0.01912722,73.225494
24.608695560661264,35.210145036629335,80.071884,8467199.796581268,0.0022344626,0.013335025,72.10214
24.677536062942007,35.07971042955572,84.775665,13391999.773406982,0.010418741,-0.0131445825,71.57623
24.003623304347823,35.192029209683014,80.788605,14256000.07724762,0.024748497,-0.01810876,72.89771
24.43478277193275,35.06521686399416,78.38795,14083199.577713013,0.014920047,0.0073493687,72.71525
24.880434869565217,35.11594208344836,73.60822,17625600.494384766,0.008051576,0.0054430347,73.573814
24.57608686867857,35.22463755910878,78.28966,18057600.097846985,0.006112123,-0.022448735,72.60784
24.782608584568965,35.06521774078783,85.492004,950400.0051498413,0.008827461,0.0021522609,72.96528
24.278985574781007,35.18478260074926,85.36457,2332799.8879909515,-0.052297264,-0.011943849,71.83681
24.822463669968496,35.11956556932083,79.471794,8899199.948501587,0.007509524,0.004540638,71.60751
24.282608510179216,35.10869565592019,73.044136,16070400.386238098,0.013462827,-0.023857059,73.06831
24.51086948471318,35.141304337922854,75.965324,691200.0099778175,-0.0081446655,0.006265917,73.48698
24.579710091518006,35.06884069756067,84.24473,12268800.365638733,0.019542083,-0.016067892,71.99364
24.202898613755877,35.17753635462667,82.22561,1123200.0247836113,-0.03780601,-0.035903424,72.4424
24.278985653174068,35.159420527680346,80.15937,15206400.082397461,0.005970165,-0.011830984,71.95769
24.782608584568965,35.06521774078783,85.492004,17712000.19569397,0.00016957521,-0.01787579,72.09177
24.278985653174068,35.159420527680346,80.15937,5529600.07982254,-0.025020577,-0.008872112,73.12136
24.16304339770124,35.14130418675153,77.183464,1555199.9710321426,-0.045317143,-0.056055255,72.816925
24.15217408195171,35.09782609021359,90.079155,16329599.49016571,0.014665799,-0.026773376,71.122665
24.659420157792983,35.13768139626715,82.9603,16934399.593162537,0.007186845,-0.014530912,72.08773
24.525362323808892,35.01449270273921,80.76379,18403200.0,0.003186157,-0.018826246,72.27686
24.586956589458925,35.03623181903528,81.050644,3110399.9420642853,0.0012875833,-0.0126785375,72.383125
24.43478277193275,35.06521686399416,78.38795,14860800.180244446,0.010732796,0.0030741827,72.78285
24.340579735906957,35.22101461745307,78.71513,6220799.884128571,-0.011364698,-0.011273062,72.96624
24.782608584568965,35.06521774078783,85.492004,259199.99517202377,0.0053343084,0.0066071423,73.08697
24.369565205050215,35.10507235145331,81.59638,3283199.893140793,-0.0222588,-0.009630689,72.57927
24.15942034471344,35.02536261613985,84.04098,4060799.9472141266,-0.020332865,-0.009126902,72.960556
24.423912946628306,35.13405791039468,84.735344,12614400.267791748,0.013316795,-0.014628047,72.638504
24.46739112421217,35.10507235145331,77.031204,1123200.0247836113,0.010374578,-0.0021313187,73.04787
24.365941903817713,35.11594190204278,77.940506,864000.0296115875,-0.011186723,0.0010139067,73.085625
24.72463775080654,35.097825908808005,83.506035,15811200.185394287,0.008369671,-0.020694355,71.67701
24.521739153231497,35.18115965909355,80.50853,15811200.185394287,0.012181561,-0.017401256,72.030464
24.068840433535758,35.17753635462667,82.62194,11145599.860954285,0.02568214,-0.023431176,73.629326
24.40217392316393,35.07246365433351,77.73675,16416000.288391113,0.0014917627,-0.0052333344,73.05383
24.423912946628306,35.16304383214723,83.815254,2073599.9613761902,-0.024627585,-0.0048725996,71.892334
24.373188349496587,35.09782609021359,73.044136,691200.0099778175,-0.008604277,-0.005048642,73.21845
24.336956356281394,35.12681217825459,78.56935,11664000.262641907,0.015388308,-0.0077146236,72.82132
24.068840433535758,35.050724689208764,75.1399,2764800.03991127,-0.024853911,-0.0044230185,72.99986
24.17028990870767,35.119565206509655,75.23819,3715200.0450611115,-0.04254573,-0.01966059,72.93213
24.358695745580064,35.14492749121842,79.46463,7948799.943351746,-0.0042634644,0.011959549,72.96079
24.52536253285706,35.05797113185407,79.99595,14169600.375938416,0.014930012,-0.01331735,72.14989
24.068840433535758,35.17753635462667,82.62194,14342399.778556824,0.030548705,-0.014061503,72.848015
24.52536253285706,35.05797113185407,79.99595,3110399.9420642853,-0.015691575,-0.0068102004,72.27751
24.2137679164399,35.101449394680465,78.1842,12268800.365638733,0.016527394,-0.016809778,72.99208
24.507246627708035,35.15217355593542,72.15966,4492800.099134445,-0.031249464,-0.0019456465,72.641014
24.57246390714934,35.13405809180027,82.83649,15551999.984550476,0.009396395,-0.012019139,72.004814
24.336956356281394,35.12681217825459,78.56935,14169600.375938416,0.015932102,0.0009049014,72.35473
24.782608584568965,35.06521774078783,85.492004,6047999.933052063,-0.0232348,0.0054290355,71.82718
24.423912946628306,35.13405791039468,84.735344,15292799.783706665,0.0092302505,-0.014059981,72.18082
24.17028990870767,35.119565206509655,75.23819,15897599.886703491,0.0094756745,-0.016379729,72.346664
24.423912946628306,35.13405791039468,84.735344,5788799.732208252,-0.023075726,-0.0021330705,72.46585
24.503623143558386,34.916666955294566,80.479385,11923200.463485718,0.010430193,-0.011900056,71.74461
24.152173912100075,34.942029039701325,85.189964,86400.00124722719,-0.0131581575,0.011711031,72.39811
24.134057993885538,35.130434787333385,80.741425,11231999.562263489,0.017001014,-0.010197522,73.37568
24.503623143558386,34.916666955294566,80.479385,6566399.786281586,-0.031793036,-0.0013268618,72.45767
24.15942034471344,35.02536261613985,84.04098,12527999.469566345,0.018611249,-0.01744312,72.717865
24.152173912100075,34.942029039701325,85.189964,3887999.996137619,-0.019116722,-0.022847606,72.47472
24.503623143558386,34.916666955294566,80.479385,13910400.175094604,0.01433152,-0.00033460185,71.584755
24.268116089179838,35.07971042955572,81.07262,7343999.840354919,-0.009135768,-0.010061191,73.092354
24.235507135886934,35.09782643790763,86.62735,12182399.56741333,0.018148841,-0.020986175,73.03927
24.373188532413735,34.85507217391305,83.68782,1728000.059223175,-0.009555735,0.006769958,71.97067
24.278985653174068,35.159420527680346,80.15937,7862400.2420425415,-0.0087114535,-0.01074234,73.25025
24.268116089179838,35.07971042955572,81.07262,15120000.381088257,0.015536314,-0.016248515,72.306244
24.85869584610084,35.31159408476158,76.05999,1209599.9317646027,0.012571527,0.018301813,71.90667
24.358695745580064,35.14492749121842,79.46463,9763200.252342224,0.012849698,-0.001496126,72.89118
24.275362351941567,35.02173896397893,79.32639,1123200.0247836113,-0.028825,-0.018815957,72.37388
24.880434869565217,35.11594208344836,73.60822,3974399.971675873,-0.014543738,0.008038725,73.54201
24.351449221508126,35.36231895652174,77.53338,2332799.8879909515,-0.087187134,-0.09605138,72.323074
24.57246390714934,35.13405809180027,82.83649,172800.00249445438,-0.007443413,0.0065735113,71.86419
24.655797039477626,35.09782643790763,82.953125,15120000.381088257,0.013459977,-0.017075213,71.59413
24.282608510179216,35.10869565592019,73.044136,3628800.0695228577,-0.029824838,-0.013839975,73.29988
24.43478251062254,35.050724689208764,81.254395,9071999.899578094,0.005286807,0.004012897,72.427734
24.619565229179578,35.18478278215484,82.255135,12787199.670410156,0.014693446,-0.0154022835,71.9843
24.16304339770124,35.14130418675153,77.183464,14687999.680709839,0.016158035,-0.00918654,72.37657
24.731884091961334,34.88405773852335,82.62194,259199.99517202377,-0.0022146516,0.015838778,73.33312
24.528985389862203,35.079710263267266,73.800804,15120000.381088257,0.016489713,-0.01885916,73.51854
24.525362323808892,35.01449270273921,80.76379,432000.01480579376,0.0034171045,0.0135398675,72.223656
24.507246627708035,35.15217355593542,72.15966,17884799.598312378,0.007657297,-0.009682514,72.11271
24.286231733018653,35.16304365074164,82.86601,7171199.889278412,0.0069247503,-0.01419032,72.72454
24.202898613755877,35.17753635462667,82.22561,7084800.187969208,-0.014473915,0.0027614865,73.29151
24.423912946628306,35.13405791039468,84.735344,11318400.360488892,0.0118597075,-0.016759709,72.82725
24.2137679164399,35.101449394680465,78.1842,2592000.0888347626,-0.00976469,-0.020346116,73.25722
24.800724541980035,35.0326085145684,80.91604,4319999.873828888,-0.01349505,-0.005126993,72.25328
24.586956589458925,35.03623181903528,81.050644,2332799.8879909515,0.00097564235,-0.011916745,72.39045
24.340579657513896,35.072464168316,77.031204,15811200.185394287,0.009598926,-0.013026552,72.96698
24.471014503837736,35.137681214861566,84.09494,1987199.9858379364,-0.01452978,-0.0060247807,72.00332
24.286231733018653,35.16304365074164,82.86601,14601599.979400635,0.020713301,-0.017481007,72.28985
24.177536001617764,35.01449252133363,77.3516,10540799.757957458,0.01827075,-0.019423319,73.027565
24.623188347494935,34.98550731008629,86.27349,3887999.996137619,-0.018883679,-0.0004414469,72.35621
24.264492787947336,35.06521739309379,75.914215,17712000.19569397,0.004028674,-0.017999716,73.280754
24.728260869121893,35.15579704180788,79.23173,9676799.454116821,0.011506889,-0.0035978481,71.78272
24.293478074173446,35.130434424522214,78.52256,4924799.976825714,-0.020790085,-0.014627602,73.1645
24.659420157792983,35.13768139626715,82.9603,14515200.27809143,0.017701097,-0.011694167,71.73099
24.46739112421217,35.10507235145331,77.031204,9158400.149345398,0.006329203,0.0059210435,73.01148
24.608695560661264,35.210145036629335,80.071884,11923200.463485718,0.013704903,-0.0026603797,71.83955
24.409420264318722,35.097825908808005,75.01247,4060799.9472141266,-0.024426304,-0.0046196254,73.50256
24.3913043591697,35.05434799367564,86.750465,13910400.175094604,0.02036274,-0.007267613,72.3968
24.3985509616347,35.079710263267266,82.39983,13305600.072097778,0.020814449,-0.011285417,72.29475
24.442029139218562,35.043478080275,76.86345,12873600.46863556,0.010591295,-0.012927851,73.03292
24.271739312019278,35.0833337340226,74.97577,4406400.123596191,-0.022817098,-0.0032155598,73.201454
24.264492787947336,35.06521739309379,75.914215,16761600.190544128,0.0045130514,-0.018604795,73.17322
24.171296292717127,35.10648163098043,78.049835,7516799.791431427,-0.0069606863,-0.016649608,73.63315
24.782608845879178,35.07246365433351,80.82854,16156800.087547302,0.0069459584,-0.0046128845,71.50962
24.3913043591697,35.05434799367564,86.750465,11145599.860954285,0.0184118,-0.009793533,72.83847
24.141304256647267,35.05072417522627,80.839714,10108800.15449524,0.0062516965,-0.012969347,73.44157
24.40579730278949,34.98550712868071,82.545616,7343999.840354919,-0.021476664,-0.0037851138,72.37509
24.57608686867857,35.22463755910878,78.28966,11318400.360488892,0.02152965,-0.0054131364,72.00954
24.134057993885538,35.130434787333385,80.741425,2073599.9613761902,-0.027119078,-0.025529837,72.95353
24.528985389862203,35.079710263267266,73.800804,16675200.489234924,0.010644756,-0.022178084,73.735886
24.503623143558386,34.916666955294566,80.479385,10195199.855804443,0.0018885918,0.0007211445,71.94261
24.06159400092239,35.235507653915,77.223785,9849599.953651428,0.033144765,-0.02739215,74.59438
24.659420157792983,35.13768139626715,82.9603,7171199.889278412,-0.01818588,0.0139759015,71.63042
24.15942034471344,35.02536261613985,84.04098,16588799.691009521,0.0046135914,-0.024096666,71.90733
24.880434869565217,35.11594208344836,73.60822,12441599.768257141,0.026020207,-0.0139441695,73.592316
24.242753659958876,34.931159481553294,83.59315,8985600.19826889,0.009840377,0.010623161,72.35332
24.608695560661264,35.210145036629335,80.071884,8208000.144195557,-0.00035739318,0.013843344,72.084854
24.264492787947336,35.06521739309379,75.914215,7689599.742507935,-0.0059527904,0.011286415,73.369514
24.141304256647267,35.05072417522627,80.839714,18143999.79915619,-0.0072175004,-0.011542136,72.06254
24.16304339770124,35.14130418675153,77.183464,4665599.775981903,-0.032468364,-0.037375763,73.12966
24.202898613755877,35.17753635462667,82.22561,7171199.889278412,-0.013244651,0.0034910971,73.305664
24.40579722439643,35.07608730649443,81.130585,9935999.654960632,0.013659893,-0.010395054,72.56016
24.3985509616347,35.079710263267266,82.39983,2678400.0643730164,-0.014156386,0.004719911,72.30589
24.275362351941567,35.02173896397893,79.32639,3887999.996137619,-0.028430354,-0.009036684,72.659096
24.46739112421217,35.10507235145331,77.031204,13132799.572563171,0.022693839,-0.007578904,72.83129
24.528985389862203,35.079710263267266,73.800804,1468799.9954938889,-0.009919014,-0.019337464,73.69761
24.47463793572534,35.15579704180788,74.131996,13305600.072097778,0.017237179,-0.015126085,73.05901
24.340579657513896,35.072464168316,77.031204,9244799.850654602,0.0042665023,0.0061765015,73.26739
24.409420342711783,35.02898555779556,73.23672,12009600.164794922,0.015431156,-0.010461265,73.226074
24.351449221508126,35.36231895652174,77.53338,4665599.775981903,-0.053138405,-0.04854209,72.585754
24.46739112421217,35.10507235145331,77.031204,9504000.051498413,0.009802513,0.0022102753,72.99253
24.358695745580064,35.14492749121842,79.46463,12873600.46863556,0.019167535,-0.0035072044,72.524086
24.3913043591697,35.05434799367564,86.750465,345600.00498890877,-0.028143756,-0.015664574,72.57657
24.521739153231497,35.18115965909355,80.50853,10972800.458335876,0.00819445,-0.0036683436,72.12251
24.171296292717127,35.10648163098043,78.049835,7257600.139045715,-0.008502409,-0.01636807,73.619
24.373188349496587,35.09782609021359,73.044136,14428799.479866028,0.017920943,-0.028310487,72.7943
24.57608686867857,35.22463755910878,78.28966,4406400.123596191,-0.011897393,-0.011426512,72.5771
24.351449221508126,35.36231895652174,77.53338,16934399.593162537,0.019840878,-0.026541213,73.3861
24.32608705359737,35.05434782738719,80.59564,15033599.582862854,0.018250868,-0.014126433,72.47935
24.358695745580064,35.14492749121842,79.46463,13219200.370788574,0.019177873,-0.0026326217,72.46103
24.623188347494935,34.98550731008629,86.27349,13046399.871253967,0.033624664,-0.021465542,71.94514
24.278985653174068,35.159420527680346,80.15937,13391999.773406982,0.019414544,-0.0063068196,72.587105
24.626811465810288,35.05797113185407,83.9315,3887999.996137619,-0.01709051,0.005186583,72.41598
24.481884276880134,35.21376834109622,79.042,7603200.0411987305,-0.013006769,0.006454922,72.62621
24.068840433535758,35.17753635462667,82.62194,16070400.386238098,0.025350915,-0.021901734,72.24961
24.264492787947336,35.06521739309379,75.914215,17884799.598312378,0.0025699344,-0.017897125,73.304276
24.75362311542571,35.148550251468535,82.31272,4233599.898290634,-0.046181098,0.012330584,71.63476
24.579710091518006,35.06884069756067,84.24473,6912000.2368927,-0.015654705,0.005292507,72.15204
24.340579735906957,35.22101461745307,78.71513,6047999.933052063,-0.012957837,-0.01047351,72.941666
24.57608686867857,35.22463755910878,78.28966,10972800.458335876,0.020902302,-0.00519556,72.064705
24.409420342711783,35.02898555779556,73.23672,8812800.247192383,-0.0011156686,0.010013733,73.25915
24.503623143558386,34.916666955294566,80.479385,2592000.0888347626,-0.012951255,-0.01604944,73.05095
24.47463793572534,35.15579704180788,74.131996,2332799.8879909515,-0.001707945,-0.009600854,73.44502
24.3913043591697,35.05434799367564,86.750465,3023999.9665260315,-0.026278898,-0.021400502,72.859856
24.62318819070881,35.09782625650204,81.14894,777599.9855160713,-0.0014437251,0.013042217,71.88706
24.43478277193275,35.06521686399416,78.38795,18316800.298690796,-0.007838141,-0.003952954,73.44351
24.49275373635028,34.95652190987481,78.13308,11577599.464416504,0.0044418164,-0.00848107,72.62212
24.51086948471318,35.141304337922854,75.965324,13564800.27294159,0.021568581,-0.0082183,73.04905
24.659420157792983,35.13768139626715,82.9603,11231999.562263489,0.015877176,-0.010176271,71.87596
24.43478277193275,35.06521686399416,78.38795,5097599.927902222,-0.01706617,-0.009481577,72.56288
24.242753659958876,34.931159481553294,83.59315,15811200.185394287,-0.00058679655,-0.016924359,72.207695
24.800724541980035,35.0326085145684,80.91604,7603200.0411987305,-0.0013577379,0.01436626,71.256485
24.202898613755877,35.17753635462667,82.22561,15206400.082397461,0.016037615,-0.017705625,71.95066
24.171296292717127,35.10648163098043,78.049835,5097599.927902222,-0.026143886,-0.013356216,73.359505
24.822463669968496,35.11956556932083,79.471794,8467199.796581268,0.005224658,0.0112105245,71.64014
24.3913043591697,35.05434799367564,86.750465,7343999.840354919,-0.010157298,0.017318506,72.94391
24.409420264318722,35.137681214861566,85.684586,9676799.454116821,0.008510416,-0.010531787,72.972176
24.57246390714934,35.13405809180027,82.83649,4838399.727058411,-0.022270236,-0.008319724,71.91597
24.53985505838052,35.14492730981283,78.72631,14169600.375938416,0.02126808,-0.011995509,72.3674
24.521739153231497,35.18115965909355,80.50853,11059200.15964508,0.00817422,-0.00446977,72.118164
24.141304256647267,35.05072417522627,80.839714,2678400.0643730164,-0.022766061,-0.010455234,73.173
24.2137679164399,35.101449394680465,78.1842,12614400.267791748,0.017361162,-0.016282178,72.91991
24.60144921950647,34.9456523441682,85.40489,6912000.2368927,-0.017041389,0.01785317,72.21137
24.17028990870767,35.119565206509655,75.23819,10972800.458335876,0.017393395,-0.0043045143,72.64262
24.242753659958876,34.931159481553294,83.59315,5270399.878978729,-0.012105241,-0.0056180563,72.098076
24.373188349496587,35.09782609021359,73.044136,16156800.087547302,0.012485256,-0.03315243,72.912476
24.06159400092239,35.235507653915,77.223785,18403200.0,0.0060487054,-0.036614187,71.709496
24.365941903817713,35.11594190204278,77.940506,12009600.164794922,0.01634688,-0.0053841593,72.74858
24.800724541980035,35.0326085145684,80.91604,2764800.03991127,-0.0071843527,-0.0069863833,72.79767
24.503623143558386,34.916666955294566,80.479385,16416000.288391113,-0.00088843703,-0.004568845,71.536606
24.068840433535758,35.17753635462667,82.62194,13996799.876403809,0.03082276,-0.0141539145,72.95463
24.32608705359737,35.05434782738719,80.59564,604799.9658823013,-0.021211013,-0.022794457,72.46873
24.626811465810288,35.05797113185407,83.9315,14256000.07724762,0.025067754,-0.009671299,71.68889
24.40579730278949,34.98550712868071,82.545616,15120000.381088257,0.0054609105,-0.029873597,71.691185
24.641304357168043,34.938405387540406,81.3883,14256000.07724762,0.016484905,-0.02771238,71.2737
24.16304339770124,35.14130418675153,77.183464,3110399.9420642853,-0.04199466,-0.04774314,72.93749
24.282608510179216,35.10869565592019,73.044136,15120000.381088257,0.018838612,-0.013496362,72.91303
24.60144921950647,34.9456523441682,85.40489,15551999.984550476,0.013428735,-0.026246423,71.70614
24.880434869565217,35.11594208344836,73.60822,15206400.082397461,0.028380021,-0.010224612,73.585464
24.409420185925658,35.126811301460926,78.58091,6047999.933052063,-0.015791032,-0.014533635,72.81695
24.49275373635028,34.95652190987481,78.13308,8553600.046348572,-0.013680395,0.0055182776,73.31431
24.32608705359737,35.05434782738719,80.59564,13737599.675559998,0.02157172,-0.014786465,72.56053
24.471014503837736,35.137681214861566,84.09494,17625600.494384766,-0.0034563653,-0.010446325,72.09992
24.275362351941567,35.02173896397893,79.32639,2419199.8635292053,-0.028188262,-0.014172209,72.45617
24.576087129988778,34.96376817111452,80.53768,14601599.979400635,0.021206882,-0.011078155,71.62955
24.40579722439643,35.07608730649443,81.130585,3456000.11844635,-0.010482054,-0.003487561,72.32557
24.373188532413735,34.85507217391305,83.68782,864000.0296115875,0.0064164884,0.008818155,72.086105
24.242753659958876,34.931159481553294,83.59315,5443199.830055237,-0.011462748,-0.0042028595,72.11594
24.55072462237475,35.07608730649443,88.70044,7257600.139045715,0.013110384,-0.005479751,72.54111
24.003623304347823,35.192029209683014,80.788605,8380800.095272064,0.016267827,0.0033322042,74.34568
24.528985389862203,35.079710263267266,73.800804,15033599.582862854,0.01694946,-0.018345436,73.50688
24.55072462237475,35.07608730649443,88.70044,6566399.786281586,0.011083748,-0.008210333,72.491585
24.576087129988778,34.96376817111452,80.53768,11577599.464416504,0.01863673,-0.01663348,71.655014
24.46739112421217,35.10507235145331,77.031204,14342399.778556824,0.019013505,-0.0082365535,72.89774
24.677536062942007,35.07971042955572,84.775665,7516799.791431427,0.0071964283,-0.0034015188,71.93172
24.409420264318722,35.097825908808005,75.01247,17020800.39138794,0.009965535,-0.0154037755,73.15763
24.43478251062254,35.050724689208764,81.254395,10195199.855804443,0.012792092,-0.011612596,72.37844
24.46739112421217,35.10507235145331,77.031204,14256000.07724762,0.019511055,-0.007976651,72.89272
24.373188349496587,35.09782609021359,73.044136,16070400.386238098,0.0131154675,-0.032196976,72.91624
24.43478251062254,35.050724689208764,81.254395,3974399.971675873,-0.014481671,-0.011918353,72.20994
24.373188349496587,35.09782609021359,73.044136,1209599.9317646027,-0.014370292,-0.0014146483,73.188896
24.880434869565217,35.11594208344836,73.60822,7171199.889278412,-0.015609924,0.01954073,73.91732
24.55434784521419,35.039855304907746,78.730316,16847999.891853333,0.0044657495,-0.020252911,72.910385
24.75362311542571,35.148550251468535,82.31272,7257600.139045715,-0.024509043,0.015093907,71.4133
24.51086948471318,35.141304337922854,75.965324,13910400.175094604,0.0210189,-0.008297622,73.06642
24.003623304347823,35.192029209683014,80.788605,6480000.084972382,-0.028871,-0.004004861,73.71918
24.85869584610084,35.31159408476158,76.05999,2073599.9613761902,0.008600542,0.018082093,71.94461
24.514492864338745,35.152173737341,77.98083,4406400.123596191,-0.017399944,-0.003404011,72.97198
24.57246390714934,35.13405809180027,82.83649,6998399.938201904,-0.021692846,0.0036174464,71.87669
24.55072462237475,35.07608730649443,88.70044,17539199.696159363,0.009498494,-0.02813845,72.13068
24.171296292717127,35.10648163098043,78.049835,4406400.123596191,-0.029135436,-0.014063027,73.26161
24.46739112421217,35.10507235145331,77.031204,12441599.768257141,0.021702774,-0.008953361,72.80411
24.369565205050215,35.10507235145331,81.59638,6134400.182819366,-0.01907264,-0.0047092214,72.53777
24.003623304347823,35.192029209683014,80.788605,3715200.0450611115,-0.05108083,-0.037756838,72.67852
24.53985505838052,35.14492730981283,78.72631,259199.99517202377,0.0020015463,0.008123469,72.26595
24.608695560661264,35.210145036629335,80.071884,8121599.894428253,-0.0012243874,0.01394454,72.078514
24.202898613755877,35.17753635462667,82.22561,11577599.464416504,0.02176718,-0.017794408,73.21051
24.293478074173446,35.130434424522214,78.52256,17798399.897003174,0.005220987,-0.011361783,72.358315
24.572463802625258,35.028985391507106,77.31845,14774400.478935242,0.013114005,-0.0051242393,73.015755
24.655797039477626,35.09782643790763,82.953125,12700799.969100952,0.014180796,-0.021270556,71.769226
24.49275373635028,35.04710138474188,79.64641,8467199.796581268,-0.008150339,0.0087797,72.37351
24.264492787947336,35.06521739309379,75.914215,5788799.732208252,-0.013943676,0.0026976387,73.30757
24.16304339770124,35.14130418675153,77.183464,5270399.878978729,-0.022951655,-0.033632897,73.19579
24.572463802625258,35.028985391507106,77.31845,13219200.370788574,0.016455844,-0.008752584,72.88761
24.47463793572534,35.15579704180788,74.131996,10799999.95880127,0.014751181,-0.015525762,73.40202
24.141304256647267,35.05072417522627,80.839714,10799999.95880127,0.011803042,-0.015093552,73.318596
24.242753659958876,34.931159481553294,83.59315,14342399.778556824,0.01256654,-0.007943675,72.31386
24.068840433535758,35.17753635462667,82.62194,7862400.2420425415,0.005245328,-0.025829377,73.64829
24.275362351941567,35.02173896397893,79.32639,11059200.15964508,0.022744466,-0.014111463,72.98697
24.235507135886934,35.09782643790763,86.62735,777599.9855160713,-0.004417535,0.024025515,71.807915
24.52536253285706,35.05797113185407,79.99595,864000.0296115875,0.0003766045,0.0026580254,72.18826
24.423912946628306,35.13405791039468,84.735344,14083199.577713013,0.015459897,-0.011987101,72.35072
24.264492787947336,35.06521739309379,75.914215,2592000.0888347626,-0.013194166,-0.016910598,73.23164
24.171296292717127,35.10648163098043,78.049835,11923200.463485718,0.016843826,-0.018248996,73.199104
24.235507135886934,35.09782643790763,86.62735,2937599.9909877777,-0.0117104165,0.013284664,72.64311
24.731883987437246,34.999999998854186,80.17734,10281599.557113647,0.012631044,-0.017684551,71.46209
24.586956589458925,35.03623181903528,81.050644,5443199.830055237,-0.014782805,-0.0046063922,72.19269
24.171296292717127,35.10648163098043,78.049835,2246400.0495672226,-0.03308569,-0.015044494,73.144615
24.51086948471318,35.141304337922854,75.965324,13651199.974250793,0.02150375,-0.008188482,73.05342
24.409420185925658,35.126811301460926,78.58091,5011200.226593018,-0.022023417,-0.011642909,72.82799
24.47463793572534,35.15579704180788,74.131996,11836799.665260315,0.013686601,-0.016142597,73.2031
24.72463775080654,35.097825908808005,83.506035,1123200.0247836113,0.0021685138,-9.9229626e-05,72.37004
24.655797039477626,35.09782643790763,82.953125,7603200.0411987305,-0.0028727353,-0.009575902,71.59551
24.409420264318722,35.137681214861566,85.684586,3110399.9420642853,-0.026999384,-0.006417781,72.334076
24.409420264318722,35.137681214861566,85.684586,12960000.169944763,0.020257702,-0.009981267,72.67621
24.800724541980035,35.0326085145684,80.91604,11577599.464416504,0.022608124,-0.0003462378,71.1617
24.068840433535758,35.050724689208764,75.1399,2592000.0888347626,-0.02411776,-0.0042392435,72.959984
24.06159400092239,35.235507653915,77.223785,1900800.0102996826,-0.075403936,-0.05322106,72.31344
24.800724541980035,35.0326085145684,80.91604,4060799.9472141266,-0.012986787,-0.004115372,72.3721
24.626811465810288,35.05797113185407,83.9315,9763200.252342224,0.010779804,-0.005708594,71.86244
24.293478074173446,35.130434424522214,78.52256,8899199.948501587,0.00248532,0.003385182,73.29079
24.278985574781007,35.18478260074926,85.36457,17539199.696159363,-0.00011125952,-0.017522896,71.29826
24.57246390714934,35.13405809180027,82.83649,10108800.15449524,0.0133796185,-0.009625917,71.99594
24.278985574781007,35.18478260074926,85.36457,11318400.360488892,0.02506471,-0.016509023,73.207565
24.068840433535758,35.17753635462667,82.62194,5011200.226593018,-0.028500497,-0.020025965,73.118065
24.16304339770124,35.14130418675153,77.183464,13737599.675559998,0.019543642,-0.0051244358,72.61095
24.409420185925658,35.126811301460926,78.58091,4665599.775981903,-0.022238493,-0.011097023,72.82803
24.47463793572534,35.15579704180788,74.131996,8812800.247192383,0.013428744,-0.012891125,73.65103
24.655797039477626,35.09782643790763,82.953125,14687999.680709839,0.014937248,-0.017781844,71.593506
24.068840433535758,35.050724689208764,75.1399,9071999.899578094,-0.0044228435,-0.010892175,72.670395
24.003623304347823,35.192029209683014,80.788605,18403200.0,0.00487699,-0.026914211,72.00304
24.525362323808892,35.01449270273921,80.76379,7084800.187969208,-0.021702979,0.013636313,72.13587
24.35507260113369,35.04710138474188,76.478294,1814400.0347614288,-0.009289492,-0.0074617118,73.03857
24.068840433535758,35.17753635462667,82.62194,2073599.9613761902,-0.021244649,-0.02539012,72.42745
24.278985653174068,35.159420527680346,80.15937,2332799.8879909515,-0.025114138,-0.015060728,72.90681
24.202898613755877,35.17753635462667,82.22561,15033599.582862854,0.01692176,-0.016870381,72.034065
24.271739312019278,35.0833337340226,74.97577,5961600.231742859,-0.020690408,-0.009167016,73.24938
24.24275355543479,35.275361916886446,83.709785,1987199.9858379364,-0.058777146,-0.06566007,71.46174
24.264492787947336,35.06521739309379,75.914215,7257600.139045715,-0.008233305,0.011319492,73.37637
24.62318819070881,35.09782625650204,81.14894,5356800.128746033,-0.025036085,0.0021601203,71.99489
24.55434784521419,35.039855304907746,78.730316,3369599.8686790466,-0.0066751465,-0.0064302487,72.621
24.3985509616347,35.079710263267266,82.39983,10454400.056648254,0.010422591,-0.014178567,72.5714
24.586956589458925,35.03623181903528,81.050644,6652800.036048889,-0.011236142,0.0070796628,71.986046
24.286231733018653,35.16304365074164,82.86601,3369599.8686790466,-0.011747912,-0.013832599,72.384125
24.33695651306752,35.26449269887389,75.24537,2246400.0495672226,-0.090259604,-0.050262198,73.71784
24.409420264318722,35.097825908808005,75.01247,10454400.056648254,0.015844082,-0.008433178,73.39047
24.507246627708035,35.15217355593542,72.15966,13824000.4737854,0.019319188,-0.005732474,72.26433
24.528985389862203,35.079710263267266,73.800804,9158400.149345398,0.009751717,-0.0049060415,73.769165
24.481884276880134,35.21376834109622,79.042,8208000.144195557,-0.0035880357,0.007493318,72.58813
24.55072462237475,35.07608730649443,88.70044,1123200.0247836113,0.013537595,-0.020947237,73.1728
24.32608705359737,35.05434782738719,80.59564,8726399.99742508,0.00818623,-0.014719883,72.910866
24.15942034471344,35.02536261613985,84.04098,15033599.582862854,0.0140466,-0.021971913,72.36854
24.62318819070881,35.09782625650204,81.14894,17366400.293540955,0.008523241,-0.018895501,72.180885
24.340579735906957,35.22101461745307,78.71513,11145599.860954285,0.020260695,-0.016250812,73.01315
24.423912946628306,35.13405791039468,84.735344,9849599.953651428,0.011909479,-0.013677098,72.846054
24.423912946628306,35.16304383214723,83.815254,2332799.8879909515,-0.023975495,-0.0052612573,71.90172
24.423912946628306,35.13405791039468,84.735344,9590399.752807617,0.010691289,-0.012557371,72.82494
24.278985574781007,35.18478260074926,85.36457,3456000.11844635,-0.054764695,-0.007841293,72.05885
24.365941903817713,35.11594190204278,77.940506,2246400.0495672226,-0.018277422,-0.01140398,72.96598
24.40579730278949,34.98550712868071,82.545616,17107200.092697144,0.003569305,-0.027031539,71.80122
24.46739112421217,35.10507235145331,77.031204,17452799.99485016,0.007339034,-0.010594159,73.35496
24.507246418659868,35.018115659512056,74.98295,6393599.835205078,-0.012871079,0.00722222,73.71033
24.47463793572534,35.15579704180788,74.131996,15120000.381088257,0.021248594,-0.012808301,73.05523
24.40217392316393,35.07246365433351,77.73675,2937599.9909877777,-0.012171902,-0.012246117,72.779274
24.423912946628306,35.16304383214723,83.815254,13391999.773406982,0.015241418,-0.013592178,72.49672
24.141304256647267,35.05072417522627,80.839714,6912000.2368927,-0.018831704,0.0037779356,73.38764
24.3985509616347,35.079710263267266,82.39983,86400.00124722719,0.0032277703,-0.011091473,72.234726
24.521739153231497,35.18115965909355,80.50853,4492800.099134445,-0.012080081,-0.01201601,72.13856
24.268116089179838,35.07971042955572,81.07262,18403200.0,0.0037395488,-0.015222797,72.21072
24.423912946628306,35.13405791039468,84.735344,15983999.588012695,0.0063966103,-0.015791241,72.14395
24.282608510179216,35.10869565592019,73.044136,10540799.757957458,0.008149624,-0.0068036206,72.5675
24.576087129988778,34.96376817111452,80.53768,11059200.15964508,0.017161213,-0.017162124,71.65397
24.068840433535758,35.17753635462667,82.62194,16156800.087547302,0.025032956,-0.022376858,72.21798
24.528985389862203,35.079710263267266,73.800804,14860800.180244446,0.017821167,-0.017403474,73.48447
24.85869584610084,35.31159408476158,76.05999,3715200.0450611115,-0.01121068,0.013156867,72.04844
24.235507135886934,35.09782643790763,86.62735,10713600.257492065,0.014275778,-0.020173004,72.953606
24.677536062942007,35.07971042955572,84.775665,14083199.577713013,0.0148265865,-0.007958433,71.527435
24.40579722439643,35.07608730649443,81.130585,18316800.298690796,0.0053638294,-0.020935746,72.64737
24.51086948471318,35.141304337922854,75.965324,7084800.187969208,-0.008375745,0.008293891,73.51405
24.351449221508126,35.36231895652174,77.53338,432000.01480579376,-0.11584646,-0.090736926,72.24859
24.46739112421217,35.10507235145331,77.031204,6912000.2368927,-0.00092191994,-0.007167057,73.03834
24.576087129988778,34.96376817111452,80.53768,6912000.2368927,-0.016017731,0.0035776794,72.059425
24.572463802625258,35.028985391507106,77.31845,17971200.39653778,-0.0066306926,-0.0027613575,73.96766
24.40579722439643,35.07608730649443,81.130585,13996799.876403809,0.020930884,-0.011186561,72.32391
24.32608705359737,35.05434782738719,80.59564,3715200.0450611115,-0.016280271,-0.019851105,72.3964
24.409420342711783,35.02898555779556,73.23672,6566399.786281586,-0.016698599,0.012063339,73.25953
24.33695651306752,35.26449269887389,75.24537,9244799.850654602,0.02754979,-0.023115212,74.19863
24.47463793572534,35.15579704180788,74.131996,13478399.474716187,0.01787432,-0.014929645,73.05256
24.57246390714934,35.13405809180027,82.83649,4233599.898290634,-0.019764695,-0.010069156,71.8968
24.351449221508126,35.36231895652174,77.53338,3542400.093984604,-0.074239284,-0.07891415,72.44343
24.003623304347823,35.192029209683014,80.788605,86400.00124722719,-0.061778538,-0.03830517,72.162926
24.800724541980035,35.0326085145684,80.91604,15638399.68585968,0.0143781975,-0.0021078559,71.2036
24.24275355543479,35.275361916886446,83.709785,6652800.036048889,-0.02308333,-0.02047103,72.305016
24.365941903817713,35.11594190204278,77.940506,8208000.144195557,-0.014142323,-0.004686731,73.06874
24.40579722439643,35.07608730649443,81.130585,5788799.732208252,-0.007464774,-0.0025276383,72.31477
24.521739153231497,35.18115965909355,80.50853,10886399.660110474,0.00821742,-0.0028029578,72.12702
24.275362351941567,35.02173896397893,79.32639,2937599.9909877777,-0.028696407,-0.011039998,72.52106
24.336956356281394,35.12681217825459,78.56935,12614400.267791748,0.016221428,-0.0045630205,72.65852
24.40579722439643,35.07608730649443,81.130585,16070400.386238098,0.010212902,-0.014589494,72.476456
24.409420342711783,35.02898555779556,73.23672,17884799.598312378,-0.0073233545,-0.02191787,73.53891
24.518115930392057,35.170290078269815,76.7112,12095999.866104126,0.021016961,-0.0105804,72.656425
24.141304256647267,35.05072417522627,80.839714,2419199.8635292053,-0.022134516,-0.010746177,73.16172
24.282608510179216,35.10869565592019,73.044136,10886399.660110474,0.011144282,-0.009244787,72.56333
24.134057993885538,35.130434787333385,80.741425,9331199.551963806,0.015365824,0.003951571,73.74609
24.282608510179216,35.10869565592019,73.044136,16761600.190544128,0.013324479,-0.02564702,73.13327
24.369565205050215,35.10507235145331,81.59638,4665599.775981903,-0.02394744,-0.0045411447,72.48762
24.35507260113369,35.04710138474188,76.478294,864000.0296115875,0.0050391257,-0.006310612,73.0474
24.409420264318722,35.137681214861566,85.684586,5615999.781131744,-0.0275928,0.010843201,72.574715
24.572463802625258,35.028985391507106,77.31845,15120000.381088257,0.009531025,-0.006441462,73.05015
24.24275355543479,35.275361916886446,83.709785,2851200.015449524,-0.06290383,-0.06312688,71.495476
24.409420342711783,35.02898555779556,73.23672,4579200.074672699,-0.0190127,0.0057754302,73.066605
24.40217392316393,35.07246365433351,77.73675,8467199.796581268,0.0019224174,0.00443776,73.00218
24.177536001617764,35.01449252133363,77.3516,9935999.654960632,0.015544975,-0.01796729,73.077576
24.60144921950647,34.9456523441682,85.40489,13478399.474716187,0.027249858,-0.02354111,71.78359
24.369565205050215,35.10507235145331,81.59638,8639999.747657776,0.009733871,-0.004074593,72.75894
24.576087129988778,34.96376817111452,80.53768,10799999.95880127,0.016248243,-0.017485986,71.65218
24.171296292717127,35.10648163098043,78.049835,15724800.484085083,0.008598281,-0.015026569,72.268616
24.33695651306752,35.26449269887389,75.24537,11836799.665260315,0.027479872,-0.022115052,73.28461
24.43478277193275,35.06521686399416,78.38795,2937599.9909877777,-0.015215639,-0.009641923,72.51738
24.641304357168043,34.938405387540406,81.3883,12527999.469566345,0.015209004,-0.028484793,71.294914
24.278985574781007,35.18478260074926,85.36457,1123200.0247836113,-0.05470176,-0.020574719,71.70835
24.33695651306752,35.26449269887389,75.24537,10799999.95880127,0.026180465,-0.024214124,73.5857
24.659420157792983,35.13768139626715,82.9603,10368000.35533905,0.01119625,-0.009596147,71.80375
24.202898613755877,35.17753635462667,82.22561,11318400.360488892,0.021282319,-0.018091295,73.26633
24.3985509616347,35.079710263267266,82.39983,17452799.99485016,0.019140188,-0.018227072,72.43811
24.3985509616347,35.079710263267266,82.39983,7862400.2420425415,0.01721526,0.0034034718,72.512
24.51086948471318,35.141304337922854,75.965324,9590399.752807617,0.008955192,7.323641e-05,73.28598
24.525362323808892,35.01449270273921,80.76379,1900800.0102996826,-0.008196529,0.0042841597,72.38039
24.5036234048686,34.94565269942081,84.86278,8467199.796581268,-0.0066106096,0.00813823,72.099785
24.373188532413735,34.85507217391305,83.68782,5011200.226593018,-0.023692876,-0.012302117,71.8749
24.507246627708035,35.15217355593542,72.15966,10281599.557113647,0.020975022,-0.0069987876,72.96322
24.16304339770124,35.14130418675153,77.183464,9849599.953651428,0.025748655,-0.013565591,73.435425
24.822463669968496,35.11956556932083,79.471794,13478399.474716187,0.024013618,-0.012148587,71.475334
24.608695560661264,35.210145036629335,80.071884,9676799.454116821,0.012078818,0.007044956,72.119446
24.5036234048686,34.94565269942081,84.86278,2159999.936914444,-0.009049464,-0.0062665204,72.41605
24.3913043591697,35.05434799367564,86.750465,13996799.876403809,0.019940313,-0.0076525435,72.37687
24.608695560661264,35.210145036629335,80.071884,16070400.386238098,0.008476213,-0.013847545,72.4367
24.503623143558386,34.916666955294566,80.479385,18403200.0,-0.005902566,0.011693664,71.72302
24.731883987437246,34.999999998854186,80.17734,13132799.572563171,0.013900528,-0.014303258,71.39395
24.423912946628306,35.16304383214723,83.815254,6566399.786281586,0.006701758,-0.010994166,72.55877
24.57246390714934,35.13405809180027,82.83649,6480000.084972382,-0.023879237,-0.00078171305,71.892784
24.572463802625258,35.028985391507106,77.31845,14947199.88155365,0.011405429,-0.0056166593,73.031075
24.800724541980035,35.0326085145684,80.91604,12182399.56741333,0.024067411,0.0024870392,71.179
24.15217408195171,35.09782609021359,90.079155,15379199.48501587,0.020780956,-0.020868791,71.41779
24.57608686867857,35.22463755910878,78.28966,2073599.9613761902,-0.004543364,-0.0060686646,72.71291
24.32608705359737,35.05434782738719,80.59564,11059200.15964508,0.015707906,-0.015087757,72.77167
24.271739312019278,35.0833337340226,74.97577,2764800.03991127,-0.026057474,-0.0014343765,73.214645
24.340579657513896,35.072464168316,77.031204,8639999.747657776,-0.00386478,0.006872794,73.273476
24.423912946628306,35.13405791039468,84.735344,17279999.49531555,0.0026806183,-0.015169086,72.06785
24.731884091961334,34.88405773852335,82.62194,7430400.090122223,-0.012369119,0.011404584,71.22459
24.608695560661264,35.210145036629335,80.071884,2332799.8879909515,-0.02513035,-0.0016404921,71.89411
24.782608845879178,35.07246365433351,80.82854,1728000.059223175,-0.0072160847,-0.00078373495,72.73496
24.068840433535758,35.17753635462667,82.62194,4579200.074672699,-0.03148558,-0.02011754,73.01603
24.75362311542571,35.148550251468535,82.31272,11231999.562263489,0.008893363,-0.014149733,71.71969
24.49275373635028,34.95652190987481,78.13308,15206400.082397461,0.005114628,0.006347592,72.79472
24.49275373635028,35.04710138474188,79.64641,13737599.675559998,0.01204887,-0.0150681175,72.27062
24.62318819070881,35.09782625650204,81.14894,10022400.453186035,0.0021118708,-0.007347675,71.736046
24.57608686867857,35.22463755910878,78.28966,15638399.68585968,0.013638692,-0.016866488,72.303566
24.677536062942007,35.07971042955572,84.775665,16329599.49016571,0.0002814792,-0.014311269,71.71906
24.507246418659868,35.018115659512056,74.98295,9504000.051498413,0.0116088465,-0.0004832698,73.790634
24.507246418659868,35.018115659512056,74.98295,13391999.773406982,0.017203031,-0.0034606801,73.68499
24.15217408195171,35.09782609021359,90.079155,17107200.092697144,0.010906884,-0.029379448,70.97868
24.880434869565217,35.11594208344836,73.60822,9071999.899578094,0.008738624,0.0062273317,73.59615
24.373188349496587,35.09782609021359,73.044136,14515200.27809143,0.017627575,-0.02869497,72.80801
24.655797039477626,35.09782643790763,82.953125,11318400.360488892,0.014323728,-0.018125767,71.80461
24.340579657513896,35.072464168316,77.031204,13824000.4737854,0.017298121,-0.0037906617,72.83408
24.177536001617764,35.01449252133363,77.3516,16156800.087547302,0.009908631,-0.02112223,72.71975
24.336956356281394,35.12681217825459,78.56935,6480000.084972382,-0.018164892,-0.0002815826,73.01632
24.507246418659868,35.018115659512056,74.98295,8467199.796581268,0.0064204093,0.010904587,73.85087
24.507246627708035,35.15217355593542,72.15966,6134400.182819366,-0.02545331,0.012907095,72.93914
24.619565229179578,35.18478278215484,82.255135,9763200.252342224,0.015315555,-0.012536921,71.86309
24.268116089179838,35.07971042955572,81.07262,6480000.084972382,-0.011920761,-0.012663832,72.9664
24.55434784521419,35.039855304907746,78.730316,10195199.855804443,0.011809733,-0.009492533,72.42651
24.619565229179578,35.18478278215484,82.255135,3542400.093984604,-0.018617924,-0.004231251,71.69706
24.177536001617764,35.01449252133363,77.3516,15120000.381088257,0.019991644,-0.018684339,72.579765
24.373188532413735,34.85507217391305,83.68782,18316800.298690796,0.002269242,-0.03229937,70.95326
24.576087129988778,34.96376817111452,80.53768,8035200.193119049,-0.0046643615,-0.0070229964,71.85283
24.728260869121893,35.15579704180788,79.23173,5270399.878978729,-0.022014882,0.006381051,72.12167
24.141304256647267,35.05072417522627,80.839714,15120000.381088257,0.0149020385,-0.015854817,72.370514
24.47463793572534,35.15579704180788,74.131996,12873600.46863556,0.015551463,-0.015819002,73.08414
24.271739312019278,35.0833337340226,74.97577,5702400.030899048,-0.02167365,-0.008752309,73.24215
24.278985574781007,35.18478260074926,85.36457,13824000.4737854,0.024825603,-0.018976599,72.70263
24.62318819070881,35.09782625650204,81.14894,6998399.938201904,-0.019518662,0.007855539,71.789856
24.068840433535758,35.17753635462667,82.62194,604799.9658823013,-0.035978727,-0.004211995,72.15139
24.57246390714934,35.13405809180027,82.83649,2246400.0495672226,-0.012525693,-0.012359241,71.84494
24.655797039477626,35.09782643790763,82.953125,6652800.036048889,-0.006369721,-0.00013415515,71.65986
24.141304256647267,35.05072417522627,80.839714,16847999.891853333,0.0039912164,-0.01711498,72.11139
24.62318819070881,35.09782625650204,81.14894,12355200.066947937,0.011043953,-0.01463123,71.8531
24.72463775080654,35.097825908808005,83.506035,10713600.257492065,0.01277178,-0.0155268125,71.60228
24.623188347494935,34.98550731008629,86.27349,13996799.876403809,0.03149494,-0.022824273,71.88913
24.731884091961334,34.88405773852335,82.62194,4665599.775981903,-0.016707476,0.001342678,72.09859
24.16304339770124,35.14130418675153,77.183464,2937599.9909877777,-0.04252047,-0.048949294,72.918396
24.32608705359737,35.05434782738719,80.59564,5961600.231742859,-0.008113764,-0.018797837,72.63519
24.659420157792983,35.13768139626715,82.9603,3023999.9665260315,-0.021421045,0.0051560774,71.894264
24.409420342711783,35.02898555779556,73.23672,13824000.4737854,0.016370758,-0.00500891,73.17087
24.3913043591697,35.05434799367564,86.750465,7257600.139045715,-0.010939706,0.017356163,72.95434
24.46739112421217,35.10507235145331,77.031204,16329599.49016571,0.0077754986,-0.013842724,73.11943
24.423912946628306,35.13405791039468,84.735344,0.0,-0.017961424,0.014629164,72.00154
24.60144921950647,34.9456523441682,85.40489,2332799.8879909515,-0.008655891,0.010286849,72.69904
24.576087129988778,34.96376817111452,80.53768,4752000.025749207,-0.022474404,0.0024509043,72.5712
24.782608845879178,35.07246365433351,80.82854,15811200.185394287,0.005596485,-0.009192435,71.472305
24.2137679164399,35.101449394680465,78.1842,13305600.072097778,0.018900095,-0.015595714,72.767944
24.351449221508126,35.36231895652174,77.53338,12009600.164794922,0.025176987,-0.010318076,73.0152
24.409420342711783,35.02898555779556,73.23672,10022400.453186035,0.012373826,-0.000902758,73.2978
24.15942034471344,35.02536261613985,84.04098,5443199.830055237,-0.01646075,-0.0069425274,72.88684
24.3985509616347,35.079710263267266,82.39983,15811200.185394287,0.012551537,-0.019114997,72.30632
24.481884276880134,35.21376834109622,79.042,13391999.773406982,0.017832417,-0.002210754,71.98522
24.49275373635028,35.04710138474188,79.64641,11145599.860954285,0.012423262,-0.010580616,72.333496
24.626811465810288,35.05797113185407,83.9315,17798399.897003174,0.009747107,-0.011790119,71.60216
24.576087129988778,34.96376817111452,80.53768,5184000.177669525,-0.022431538,0.0030069528,72.4652
24.351449221508126,35.36231895652174,77.53338,6134400.182819366,-0.0035658628,-0.0098637715,72.68715
24.2137679164399,35.101449394680465,78.1842,7084800.187969208,-0.007499445,-0.015137475,73.53336
24.275362351941567,35.02173896397893,79.32639,5184000.177669525,-0.022959247,-0.014133735,72.80235
24.782608845879178,35.07246365433351,80.82854,8553600.046348572,0.0016509257,0.008939242,71.36956
24.85869584610084,35.31159408476158,76.05999,10540799.757957458,0.018045552,-0.013771104,71.89397
24.579710091518006,35.06884069756067,84.24473,15638399.68585968,0.0022411607,-0.010619039,71.73768
24.525362323808892,35.01449270273921,80.76379,11059200.15964508,0.011414677,-0.011922063,71.87039
24.62318819070881,35.09782625650204,81.14894,16934399.593162537,0.007796483,-0.019246098,72.074196
24.619565229179578,35.18478278215484,82.255135,14342399.778556824,0.011892486,-0.014985286,72.03073
24.271739312019278,35.0833337340226,74.97577,13564800.27294159,0.021997914,-0.0073975287,72.83079
24.373188532413735,34.85507217391305,83.68782,14256000.07724762,0.01361974,-0.03497518,71.06899
24.782608845879178,35.07246365433351,80.82854,11750399.96395111,0.020306293,-0.008314844,71.299614
24.40217392316393,35.07246365433351,77.73675,5529600.07982254,-0.015507244,-0.012135563,72.84508
24.202898613755877,35.17753635462667,82.22561,864000.0296115875,-0.038525112,-0.036156774,72.4466
24.32608705359737,35.05434782738719,80.59564,5529600.07982254,-0.011515006,-0.019160157,72.58195
24.576087129988778,34.96376817111452,80.53768,14687999.680709839,0.021144351,-0.0112193525,71.63414
24.49275373635028,34.95652190987481,78.13308,11491199.7631073,0.0037629344,-0.008748002,72.62979
24.068840433535758,35.17753635462667,82.62194,14947199.88155365,0.029281963,-0.015602155,72.6503
24.24275355543479,35.275361916886446,83.709785,16502399.989700317,0.015819412,-0.02860458,70.9357
24.5036234048686,34.94565269942081,84.86278,8121599.894428253,-0.011635616,0.006953864,72.20904
24.373188349496587,35.09782609021359,73.044136,13132799.572563171,0.019737365,-0.021377767,72.66275
24.503623143558386,34.916666955294566,80.479385,4406400.123596191,-0.021859538,-0.015767634,73.05453
24.53985505838052,35.14492730981283,78.72631,18230399.500465393,0.006443709,-0.020457389,73.03643
24.626811465810288,35.05797113185407,83.9315,11404800.061798096,0.018607868,-0.017303199,71.82403
24.35507260113369,35.04710138474188,76.478294,17366400.293540955,0.0057885684,-0.005263117,73.4518
24.242753659958876,34.931159481553294,83.59315,3542400.093984604,-0.009997319,-0.012546383,71.970955
24.503623143558386,34.916666955294566,80.479385,10022400.453186035,-0.00061276555,0.0035801777,71.95671
24.3913043591697,35.05434799367564,86.750465,12873600.46863556,0.021227702,-0.0062789405,72.616066
24.47463793572534,35.15579704180788,74.131996,13564800.27294159,0.018171504,-0.014857331,73.05003
24.528985389862203,35.079710263267266,73.800804,3628800.0695228577,-0.020774804,-0.008574527,73.62029
24.293478074173446,35.130434424522214,78.52256,8121599.894428253,-0.008352861,-0.004328328,73.25805
24.75362311542571,35.148550251468535,82.31272,2937599.9909877777,-0.039723538,0.019584302,71.79718
24.271739312019278,35.0833337340226,74.97577,10627199.459266663,0.012281125,-0.012684815,72.93204
24.728260869121893,35.15579704180788,79.23173,5702400.030899048,-0.020442884,0.006534201,72.11177
24.340579657513896,35.072464168316,77.031204,6047999.933052063,-0.01856792,-0.014903249,73.27102
24.423912946628306,35.16304383214723,83.815254,12700799.969100952,0.013088528,-0.014951108,72.62722
24.134057993885538,35.130434787333385,80.741425,9676799.454116821,0.0168894,0.0012436397,73.699844
24.731884091961334,34.88405773852335,82.62194,11231999.562263489,0.017841604,-0.01723826,70.80966
24.24275355543479,35.275361916886446,83.709785,8639999.747657776,0.014595585,0.009755772,73.273384
24.53985505838052,35.14492730981283,78.72631,8639999.747657776,-0.0016783737,0.006709595,72.43361
24.55434784521419,35.039855304907746,78.730316,15897599.886703491,0.0074000377,-0.015460275,72.685585
24.731884091961334,34.88405773852335,82.62194,16416000.288391113,-0.0043586753,-0.012207406,71.36697
24.518115930392057,35.170290078269815,76.7112,4147199.9227523804,-0.018996987,0.0028080572,73.55843
24.60144921950647,34.9456523441682,85.40489,2678400.0643730164,-0.012875192,0.0119549595,72.6531
24.528985389862203,35.079710263267266,73.800804,12960000.169944763,0.021316398,-0.01296233,73.37444
24.068840433535758,35.050724689208764,75.1399,1814400.0347614288,-0.01702534,-0.00792365,72.82843
24.49275373635028,34.95652190987481,78.13308,6307200.133895874,-0.012630589,0.007349192,73.14867
24.43478251062254,35.050724689208764,81.254395,5443199.830055237,-0.0183823,-0.008654265,72.24242
24.40217392316393,35.07246365433351,77.73675,9071999.899578094,0.0088890735,0.00083282404,73.02907
24.06159400092239,35.235507653915,77.223785,18316800.298690796,0.006090749,-0.03652432,71.707726
24.471014503837736,35.137681214861566,84.09494,14515200.27809143,0.009516502,-0.009279292,72.19491
24.3913043591697,35.05434799367564,86.750465,10108800.15449524,0.016582677,-0.0033423575,72.841156
24.514492864338745,35.152173737341,77.98083,5529600.07982254,-0.016958002,-0.003049151,72.86877
24.235507135886934,35.09782643790763,86.62735,4665599.775981903,-0.026153192,0.0016740784,73.07841
24.134057993885538,35.130434787333385,80.741425,15206400.082397461,0.013417911,-0.009442877,72.30607
24.423912946628306,35.13405791039468,84.735344,7171199.889278412,-0.0149539,0.0007490185,72.62615
24.471014503837736,35.137681214861566,84.09494,12960000.169944763,0.009934887,-0.011355042,72.40972
24.521739153231497,35.18115965909355,80.50853,13564800.27294159,0.017035104,-0.0024477746,72.02715
24.46739112421217,35.10507235145331,77.031204,432000.01480579376,0.014131313,0.0025831256,72.976654
24.3985509616347,35.079710263267266,82.39983,10886399.660110474,0.012480902,-0.014537191,72.53172
24.52536253285706,35.05797113185407,79.99595,15724800.484085083,0.010536833,-0.01744697,72.30161
24.728260869121893,35.15579704180788,79.23173,6998399.938201904,-0.0070824213,0.00889717,72.01425
24.003623304347823,35.192029209683014,80.788605,8121599.894428253,0.011575725,0.0045761,74.27676
24.3985509616347,35.079710263267266,82.39983,10368000.35533905,0.010079097,-0.014004845,72.57838
24.3913043591697,35.05434799367564,86.750465,13132799.572563171,0.02168829,-0.0059026536,72.56554
24.24275355543479,35.275361916886446,83.709785,5356800.128746033,-0.04158017,-0.043631427,71.80657
24.15217408195171,35.09782609021359,90.079155,17625600.494384766,0.009047894,-0.030802479,70.94102
24.514492864338745,35.152173737341,77.98083,3110399.9420642853,-0.0148127,-0.00816812,72.93764
24.521739153231497,35.18115965909355,80.50853,2332799.8879909515,-0.012238227,-0.0057551926,72.13666
24.358695745580064,35.14492749121842,79.46463,9071999.899578094,0.008354666,0.0052494556,72.95344
24.16304339770124,35.14130418675153,77.183464,8467199.796581268,0.021695446,-0.017113412,73.47128
24.525362323808892,35.01449270273921,80.76379,2764800.03991127,-0.009473048,-0.0034374772,72.43735
24.351449221508126,35.36231895652174,77.53338,15897599.886703491,0.01998924,-0.025343543,73.14156
24.373188532413735,34.85507217391305,83.68782,14083199.577713013,0.014363494,-0.034307793,71.10987
24.003623304347823,35.192029209683014,80.788605,13046399.871253967,0.029002864,-0.014288163,73.539215
24.51086948471318,35.141304337922854,75.965324,5184000.177669525,-0.018248256,-0.0007238593,73.68784
24.51086948471318,35.141304337922854,75.965324,6998399.938201904,-0.008337643,0.008248572,73.52875
24.75362311542571,35.148550251468535,82.31272,11750399.96395111,0.009364247,-0.017727409,71.70638
24.62318819070881,35.09782625650204,81.14894,17625600.494384766,0.008345971,-0.018560722,72.242615
24.525362323808892,35.01449270273921,80.76379,15551999.984550476,0.010679832,-0.021452889,71.920815
24.2137679164399,35.101449394680465,78.1842,5875199.981975555,-0.008642625,-0.017545745,73.45227
24.423912946628306,35.13405791039468,84.735344,11404800.061798096,0.011804959,-0.016745202,72.81847
24.731883987437246,34.999999998854186,80.17734,17366400.293540955,0.006777901,-0.015034571,71.63445
24.32608705359737,35.05434782738719,80.59564,14428799.479866028,0.021094272,-0.014309531,72.494835
24.141304256647267,35.05072417522627,80.839714,11145599.860954285,0.014169287,-0.015507624,73.25267
24.442029139218562,35.043478080275,76.86345,17539199.696159363,0.0026714988,-0.012414945,73.64402
24.518115930392057,35.170290078269815,76.7112,13824000.4737854,0.023709219,-0.0072919726,72.72956
24.293478074173446,35.130434424522214,78.52256,13737599.675559998,0.014667369,-0.00829535,72.4739
24.068840433535758,35.17753635462667,82.62194,12009600.164794922,0.02782663,-0.020764556,73.48228
24.264492787947336,35.06521739309379,75.914215,14947199.88155365,0.009079197,-0.008842433,72.881546
24.24275355543479,35.275361916886446,83.709785,5097599.927902222,-0.044693083,-0.046986863,71.745056
24.62318819070881,35.09782625650204,81.14894,1209599.9317646027,-0.0058283955,0.009118965,71.89563
24.16304339770124,35.14130418675153,77.183464,15551999.984550476,0.0129543,-0.015264934,72.23704
24.134057993885538,35.130434787333385,80.741425,9849599.953651428,0.0172261,-0.00029448885,73.67102
24.503623143558386,34.916666955294566,80.479385,10108800.15449524,0.0006801672,0.0021566334,71.9498
24.51086948471318,35.141304337922854,75.965324,3542400.093984604,-0.014661737,-0.0068360064,73.63524
24.60144921950647,34.9456523441682,85.40489,4924799.976825714,-0.019574434,0.0146867605,72.26035
24.49275373635028,35.04710138474188,79.64641,3023999.9665260315,-0.015189443,-0.0038341284,72.29867
24.586956589458925,35.03623181903528,81.050644,13910400.175094604,0.017675595,-0.014122494,71.71563
24.782608845879178,35.07246365433351,80.82854,16329599.49016571,0.007583728,-0.0010639019,71.52875
24.373188349496587,35.09782609021359,73.044136,6739199.737358093,-0.00396996,-0.013334628,73.03407
24.409420264318722,35.137681214861566,85.684586,9590399.752807617,0.00808063,-0.009799272,72.964745
24.655797039477626,35.09782643790763,82.953125,5356800.128746033,-0.014283154,0.0012538475,71.857506
24.33695651306752,35.26449269887389,75.24537,11231999.562263489,0.026463646,-0.023487283,73.4653
24.528985389862203,35.079710263267266,73.800804,16156800.087547302,0.010835277,-0.024448836,73.66624
24.782608845879178,35.07246365433351,80.82854,7689599.742507935,-0.010932226,0.0134121915,71.3786
24.16304339770124,35.14130418675153,77.183464,7689599.742507935,0.015301898,-0.02107046,73.41829
24.17028990870767,35.119565206509655,75.23819,2505600.113296509,-0.03887014,-0.02860949,72.70132
24.75362311542571,35.148550251468535,82.31272,10540799.757957458,0.009016763,-0.0089611,71.67256
24.235507135886934,35.09782643790763,86.62735,3283199.893140793,-0.015175201,0.010577561,72.763794
24.32608705359737,35.05434782738719,80.59564,7603200.0411987305,0.0029032584,-0.015804851,72.77932
24.409420342711783,35.02898555779556,73.23672,9331199.551963806,0.0076453183,0.005079875,73.271515
24.60144921950647,34.9456523441682,85.40489,13391999.773406982,0.027398013,-0.023567202,71.78544
24.60144921950647,34.9456523441682,85.40489,9417600.350189209,0.010865711,-0.0050617848,71.78281
24.17028990870767,35.119565206509655,75.23819,10108800.15449524,0.01833253,-0.0012514694,72.79755
24.55434784521419,35.039855304907746,78.730316,10022400.453186035,0.011558361,-0.008816903,72.454735
24.655797039477626,35.09782643790763,82.953125,1900800.0102996826,-0.008610565,-0.0036483258,72.11484
24.373188532413735,34.85507217391305,83.68782,6998399.938201904,-0.014703885,-0.020466795,71.907005
24.278985653174068,35.159420527680346,80.15937,8639999.747657776,0.00078591704,-0.0027116966,73.267235
24.3985509616347,35.079710263267266,82.39983,1555199.9710321426,-0.006320432,-0.0034374697,72.22488
24.51086948471318,35.141304337922854,75.965324,7775999.992275238,-0.009133529,0.009110939,73.41144
24.358695745580064,35.14492749121842,79.46463,12355200.066947937,0.018475242,-0.005985396,72.586174
24.481884276880134,35.21376834109622,79.042,13824000.4737854,0.015935969,-0.0045233592,71.929115
24.2137679164399,35.101449394680465,78.1842,9504000.051498413,0.0148229115,-0.00053942204,73.46618
24.55072462237475,35.07608730649443,88.70044,12268800.365638733,0.020231497,-0.013893431,72.01581
24.49275373635028,35.04710138474188,79.64641,15724800.484085083,0.0033882111,-0.019237936,72.44579
24.423912946628306,35.16304383214723,83.815254,4752000.025749207,-0.015954912,-0.0006284248,72.08111
24.409420185925658,35.126811301460926,78.58091,10454400.056648254,0.018500334,-0.0019238172,72.809944
24.782608845879178,35.07246365433351,80.82854,10281599.557113647,0.016023956,-0.0054288274,71.304825
24.409420342711783,35.02898555779556,73.23672,15292799.783706665,0.0036147907,-0.018250657,73.20778
24.152173912100075,34.942029039701325,85.189964,16243199.788856506,0.0048528966,-0.020261671,72.11975
24.481884276880134,35.21376834109622,79.042,14342399.778556824,0.012475284,-0.008615943,71.89617
24.171296292717127,35.10648163098043,78.049835,950400.0051498413,-0.032348417,-0.012683749,73.135345
24.32608705359737,35.05434782738719,80.59564,13391999.773406982,0.021044903,-0.015000239,72.5927
24.677536062942007,35.07971042955572,84.775665,17107200.092697144,-0.0026486553,-0.014749957,71.70147
24.47463793572534,35.15579704180788,74.131996,1036799.9806880951,-0.0029937364,0.002244175,73.56925
24.619565229179578,35.18478278215484,82.255135,7257600.139045715,0.0015265085,-0.012939867,71.63882
24.373188532413735,34.85507217391305,83.68782,17539199.696159363,0.0039229505,-0.033995807,70.98299
24.655797039477626,35.09782643790763,82.953125,17539199.696159363,0.0022559427,-0.015064916,71.84177
24.731884091961334,34.88405773852335,82.62194,7084800.187969208,-0.011939187,0.014111089,71.30178
24.40217392316393,35.07246365433351,77.73675,604799.9658823013,0.010876054,0.00022513233,72.85337
24.62318819070881,35.09782625650204,81.14894,1382400.019955635,-0.008124184,0.0073049567,71.90639
24.264492787947336,35.06521739309379,75.914215,16243199.788856506,0.0031730235,-0.017432962,73.098114
24.800724541980035,35.0326085145684,80.91604,5529600.07982254,-0.010856617,-0.0036252132,71.67634
24.800724541980035,35.0326085145684,80.91604,8208000.144195557,0.0027604382,0.01128541,71.2113
24.52536253285706,35.05797113185407,79.99595,7343999.840354919,0.00019606203,-0.011290431,72.17175
24.49275373635028,34.95652190987481,78.13308,259199.99517202377,-0.0003957972,0.011901551,72.8786
24.17028990870767,35.119565206509655,75.23819,14687999.680709839,0.013270494,-0.010262525,72.28291
24.16304339770124,35.14130418675153,77.183464,11923200.463485718,0.018719621,-0.011528369,73.072365
24.72463775080654,35.097825908808005,83.506035,11059200.15964508,0.0152347535,-0.016417025,71.60325
24.06159400092239,35.235507653915,77.223785,4924799.976825714,-0.03884843,-0.045587488,73.18607
24.731883987437246,34.999999998854186,80.17734,17279999.49531555,0.0057588834,-0.014918031,71.62144
24.85869584610084,35.31159408476158,76.05999,16847999.891853333,0.020546056,-0.024815815,73.33172
24.503623143558386,34.916666955294566,80.479385,13132799.572563171,0.014474256,-0.0035432577,71.61775
24.507246418659868,35.018115659512056,74.98295,8121599.894428253,0.0020892099,0.014433028,73.85597
24.409420185925658,35.126811301460926,78.58091,17539199.696159363,0.012730915,-0.017895378,72.76186
24.286231733018653,35.16304365074164,82.86601,12614400.267791748,0.023791902,-0.014729956,72.76676
24.800724541980035,35.0326085145684,80.91604,15379199.48501587,0.015163453,-0.0016095173,71.177284
24.572463802625258,35.028985391507106,77.31845,2592000.0888347626,-0.012513969,-0.0045378357,72.72149
24.655797039477626,35.09782643790763,82.953125,3628800.0695228577,-0.018768907,-0.0014534788,72.07693
24.24275355543479,35.275361916886446,83.709785,13824000.4737854,0.026444124,-0.02407637,72.47566
24.471014503837736,35.137681214861566,84.09494,6480000.084972382,-0.02148123,0.0011652946,72.35133
24.608695560661264,35.210145036629335,80.071884,17452799.99485016,0.006042624,-0.006991476,72.549355
24.264492787947336,35.06521739309379,75.914215,10454400.056648254,0.0157889,-0.0030521154,73.01841
24.880434869565217,35.11594208344836,73.60822,7516799.791431427,-0.011314947,0.018613651,73.91584
24.40579722439643,35.07608730649443,81.130585,950400.0051498413,0.001587566,-0.010399718,72.34924
24.373188349496587,35.09782609021359,73.044136,5356800.128746033,-0.014051616,-0.014961865,73.058655
24.373188532413735,34.85507217391305,83.68782,11836799.665260315,0.010410251,-0.027037976,71.85638
24.068840433535758,35.050724689208764,75.1399,17971200.39653778,-0.004200369,-0.029345693,73.07064
24.282608510179216,35.10869565592019,73.044136,14601599.979400635,0.02175914,-0.009785742,72.79862
24.409420264318722,35.137681214861566,85.684586,12527999.469566345,0.018405546,-0.012116544,72.74354
24.134057993885538,35.130434787333385,80.741425,14515200.27809143,0.016775914,-0.0050496366,72.578255
24.731884091961334,34.88405773852335,82.62194,7948799.943351746,-0.012272123,0.003977928,71.11227
24.731884091961334,34.88405773852335,82.62194,345600.00498890877,-0.00065324083,0.015713468,73.319595
24.275362351941567,35.02173896397893,79.32639,16761600.190544128,0.0022361912,-0.017934263,72.7527
24.619565229179578,35.18478278215484,82.255135,9071999.899578094,0.01213624,-0.013810484,71.86271
24.068840433535758,35.17753635462667,82.62194,6825599.987125397,-0.0077217147,-0.023957675,73.52582
24.52536253285706,35.05797113185407,79.99595,8208000.144195557,0.0050518066,-0.010212919,72.22218
24.16304339770124,35.14130418675153,77.183464,11145599.860954285,0.019109419,-0.014515044,73.23107
24.51086948471318,35.141304337922854,75.965324,172800.00249445438,-0.008319352,0.011037275,73.46232
24.17028990870767,35.119565206509655,75.23819,17279999.49531555,0.006425908,-0.018267537,72.78605
24.286231733018653,35.16304365074164,82.86601,12009600.164794922,0.022736378,-0.014771188,72.90158
24.068840433535758,35.050724689208764,75.1399,5443199.830055237,-0.01867105,-0.017900452,73.42859
24.358695745580064,35.14492749121842,79.46463,13824000.4737854,0.018714745,-0.0035018492,72.31719
24.340579657513896,35.072464168316,77.031204,16243199.788856506,0.007047249,-0.014831929,73.00706
24.423912946628306,35.13405791039468,84.735344,950400.0051498413,-0.019562993,0.013880538,72.07077
24.275362351941567,35.02173896397893,79.32639,15983999.588012695,0.007919364,-0.016697587,72.66852
24.409420264318722,35.137681214861566,85.684586,6652800.036048889,-0.020152096,0.016046463,72.66646
24.141304256647267,35.05072417522627,80.839714,3887999.996137619,-0.024188787,-0.01048019,73.20085
24.268116089179838,35.07971042955572,81.07262,8121599.894428253,-0.0070393384,-0.003168935,73.08776
24.822463669968496,35.11956556932083,79.471794,10108800.15449524,0.011219306,-0.012762912,71.44861
24.47463793572534,35.15579704180788,74.131996,5184000.177669525,-0.022090815,-0.010321984,73.35024
24.43478251062254,35.050724689208764,81.254395,14687999.680709839,0.016188245,-0.015496008,72.12009
24.880434869565217,35.11594208344836,73.60822,9849599.953651428,0.01631625,-0.004845134,73.47638
24.40217392316393,35.07246365433351,77.73675,8035200.193119049,-0.0033725537,0.005400682,72.975914
24.619565229179578,35.18478278215484,82.255135,5961600.231742859,-0.014474455,-0.008379862,71.64033
24.782608845879178,35.07246365433351,80.82854,7603200.0411987305,-0.011454094,0.013352444,71.377014
24.177536001617764,35.01449252133363,77.3516,5356800.128746033,-0.012083668,-0.018357467,73.173164
24.525362323808892,35.01449270273921,80.76379,8553600.046348572,-0.007927079,0.011485962,71.96455
24.608695560661264,35.210145036629335,80.071884,3369599.8686790466,-0.026328988,-0.0018580621,71.90207
24.365941903817713,35.11594190204278,77.940506,9417600.350189209,0.00050744414,-0.0026714485,73.100136
24.177536001617764,35.01449252133363,77.3516,17107200.092697144,-0.00046969205,-0.021063542,72.91919
24.068840433535758,35.17753635462667,82.62194,12095999.866104126,0.028033448,-0.020480506,73.463615
24.72463775080654,35.097825908808005,83.506035,7689599.742507935,-0.011416841,0.00046814792,71.6432
24.49275373635028,35.04710138474188,79.64641,16675200.489234924,0.0013900101,-0.017489508,72.57441
24.15942034471344,35.02536261613985,84.04098,16243199.788856506,0.0065593626,-0.023897676,72.005455
24.880434869565217,35.11594208344836,73.60822,777599.9855160713,0.0066040754,0.0038148183,73.497894
24.55434784521419,35.039855304907746,78.730316,1900800.0102996826,-0.007426325,-0.0076889787,72.40872
24.49275373635028,35.04710138474188,79.64641,8985600.19826889,-0.0006104782,0.0072010183,72.393
24.17028990870767,35.119565206509655,75.23819,17020800.39138794,0.007726051,-0.018011592,72.667946
24.623188347494935,34.98550731008629,86.27349,12182399.56741333,0.032654617,-0.021309258,71.93086
24.171296292717127,35.10648163098043,78.049835,3542400.093984604,-0.031701595,-0.014683653,73.19037
24.677536062942007,35.07971042955572,84.775665,6566399.786281586,0.004536582,-0.0034103403,72.03371
24.365941903817713,35.11594190204278,77.940506,15206400.082397461,0.013563959,-0.009048259,72.54112
24.507246627708035,35.15217355593542,72.15966,172800.00249445438,-0.018155057,-0.0026877876,73.59648
24.507246627708035,35.15217355593542,72.15966,12873600.46863556,0.02170185,-0.0071211,72.49466
24.2137679164399,35.101449394680465,78.1842,10627199.459266663,0.014817378,-0.01304044,73.31064
24.655797039477626,35.09782643790763,82.953125,17884799.598312378,-0.0011932775,-0.013650915,71.878426
24.55434784521419,35.039855304907746,78.730316,9158400.149345398,0.0112393,-0.0037836004,72.56287
24.641304357168043,34.938405387540406,81.3883,5443199.830055237,-0.006492384,-0.011617556,71.93238
24.2137679164399,35.101449394680465,78.1842,1382400.019955635,0.0013953894,-0.02138585,73.31627
24.623188347494935,34.98550731008629,86.27349,10195199.855804443,0.024968572,-0.011199955,71.99918
24.655797039477626,35.09782643790763,82.953125,15379199.48501587,0.01206141,-0.016764734,71.60631
24.15217408195171,35.09782609021359,90.079155,2505600.113296509,-0.0035110526,-0.019533983,73.31919
24.481884276880134,35.21376834109622,79.042,9331199.551963806,0.011472063,0.0035507893,72.49918
24.528985389862203,35.079710263267266,73.800804,6998399.938201904,-0.012743115,-0.0067218533,73.67705
24.336956356281394,35.12681217825459,78.56935,172800.00249445438,-0.017879989,-0.003868538,73.0922
24.177536001617764,35.01449252133363,77.3516,2505600.113296509,-0.011806823,-0.011769969,72.9354
24.15217408195171,35.09782609021359,90.079155,15206400.082397461,0.022004519,-0.019492147,71.481125
24.242753659958876,34.931159481553294,83.59315,86400.00124722719,-0.019566033,0.014816722,72.05473
24.06159400092239,35.235507653915,77.223785,2505600.113296509,-0.0703067,-0.057356365,72.41952
24.528985389862203,35.079710263267266,73.800804,13478399.474716187,0.021740662,-0.013456574,73.37577
24.06159400092239,35.235507653915,77.223785,5615999.781131744,-0.0215334,-0.03753843,73.47528
24.481884276880134,35.21376834109622,79.042,9244799.850654602,0.010695696,0.004190078,72.50631
24.373188532413735,34.85507217391305,83.68782,11059200.15964508,0.00578342,-0.023216961,72.06556
24.659420157792983,35.13768139626715,82.9603,14947199.88155365,0.016645601,-0.012069907,71.76443
24.626811465810288,35.05797113185407,83.9315,10627199.459266663,0.014194557,-0.014896933,71.846245
24.40579730278949,34.98550712868071,82.545616,10195199.855804443,0.011700081,-0.025603516,72.26837
24.659420157792983,35.13768139626715,82.9603,4147199.9227523804,-0.023910955,0.0106509775,71.85794
24.52536253285706,35.05797113185407,79.99595,14947199.88155365,0.01369635,-0.014478289,72.228134
24.880434869565217,35.11594208344836,73.60822,6739199.737358093,-0.013122447,0.018413879,73.87119
24.340579735906957,35.22101461745307,78.71513,6998399.938201904,-0.0037132986,-0.0133832935,73.02586
24.3985509616347,35.079710263267266,82.39983,2246400.0495672226,-0.012502842,0.0016445653,72.27619
24.471014503837736,35.137681214861566,84.09494,8812800.247192383,-0.0027525425,-0.0027500615,72.58865
24.068840433535758,35.050724689208764,75.1399,7084800.187969208,-0.003986094,-0.01886078,73.24683
24.409420264318722,35.137681214861566,85.684586,15983999.588012695,0.015416179,-0.01043967,72.176315
24.141304256647267,35.05072417522627,80.839714,8899199.948501587,-0.006471131,-0.006480463,73.54404
24.503623143558386,34.916666955294566,80.479385,13046399.871253967,0.014239226,-0.0041463226,71.623024
24.60144921950647,34.9456523441682,85.40489,14169600.375938416,0.024594497,-0.024066603,71.777405
24.340579735906957,35.22101461745307,78.71513,7689599.742507935,0.0038748905,-0.0114267785,73.019875
24.525362323808892,35.01449270273921,80.76379,8639999.747657776,-0.0066880584,0.010767028,71.95951
24.641304357168043,34.938405387540406,81.3883,13391999.773406982,0.017176433,-0.029054744,71.2553
24.3985509616347,35.079710263267266,82.39983,18057600.097846985,0.018008409,-0.017825078,72.3928
24.641304357168043,34.938405387540406,81.3883,5356800.128746033,-0.007180512,-0.011143282,71.96089
24.782608584568965,35.06521774078783,85.492004,3283199.893140793,-0.015495375,0.003677344,72.517685
24.351449221508126,35.36231895652174,77.53338,14169600.375938416,0.026635475,-0.014574004,72.857124
24.271739312019278,35.0833337340226,74.97577,172800.00249445438,-0.04017967,0.00904754,73.30499
24.373188532413735,34.85507217391305,83.68782,7343999.840354919,-0.014766678,-0.017322961,71.9285
24.579710091518006,35.06884069756067,84.24473,4060799.9472141266,-0.022695817,2.9789284e-05,72.41326
24.880434869565217,35.11594208344836,73.60822,11059200.15964508,0.020564072,-0.013764154,73.5137
24.409420185925658,35.126811301460926,78.58091,9849599.953651428,0.017848635,0.00032366998,72.861244
24.782608584568965,35.06521774078783,85.492004,5961600.231742859,-0.023045652,0.005825119,71.84485
24.15217408195171,35.09782609021359,90.079155,6912000.2368927,0.014441539,-0.010043612,72.4926
24.782608584568965,35.06521774078783,85.492004,8639999.747657776,-0.00094879046,0.0068356413,71.49457
24.06159400092239,35.235507653915,77.223785,7603200.0411987305,0.024890166,-0.025321508,74.36917
24.340579657513896,35.072464168316,77.031204,2246400.0495672226,-0.019326214,-0.015657969,73.00731
24.51086948471318,35.141304337922854,75.965324,12873600.46863556,0.020689175,-0.009197729,73.01959
24.351449221508126,35.36231895652174,77.53338,10972800.458335876,0.02449892,-0.008372258,73.183395
24.52536253285706,35.05797113185407,79.99595,18143999.79915619,0.008512227,-0.018692799,72.724495
24.880434869565217,35.11594208344836,73.60822,10540799.757957458,0.020475864,-0.010357976,73.47537
24.731884091961334,34.88405773852335,82.62194,13132799.572563171,0.018376108,-0.011056136,71.0457
24.15217408195171,35.09782609021359,90.079155,11059200.15964508,0.023589965,-0.015482588,72.39716
24.608695560661264,35.210145036629335,80.071884,9331199.551963806,0.009968057,0.009546459,72.129524
24.409420185925658,35.126811301460926,78.58091,8726399.99742508,0.0112189,-0.004703779,72.86357
24.572463802625258,35.028985391507106,77.31845,9417600.350189209,0.009215483,-0.0017254781,73.30159
24.655797039477626,35.09782643790763,82.953125,6739199.737358093,-0.0059262738,-0.000938816,71.64941
24.003623304347823,35.192029209683014,80.788605,4579200.074672699,-0.052087575,-0.027443478,72.98183
24.40579730278949,34.98550712868071,82.545616,7171199.889278412,-0.023283426,-0.0028026495,72.3916
24.507246418659868,35.018115659512056,74.98295,13305600.072097778,0.017075429,-0.00357618,73.68182
24.242753659958876,34.931159481553294,83.59315,11750399.96395111,0.014976969,-0.0064478535,72.29107
24.336956356281394,35.12681217825459,78.56935,10368000.35533905,0.014500124,-0.007841373,72.99796
24.47463793572534,35.15579704180788,74.131996,7603200.0411987305,-0.004006911,-0.01481363,73.5636
24.409420264318722,35.097825908808005,75.01247,9417600.350189209,0.014808796,-0.0022278083,73.465355
24.43478277193275,35.06521686399416,78.38795,3456000.11844635,-0.015732147,-0.010090113,72.51134
24.782608584568965,35.06521774078783,85.492004,2678400.0643730164,-0.010293547,0.0027641975,72.62237
24.619565229179578,35.18478278215484,82.255135,5615999.781131744,-0.01815698,-0.0074572396,71.65899
24.623188347494935,34.98550731008629,86.27349,17020800.39138794,0.012135573,-0.026196701,71.36567
24.358695745580064,35.14492749121842,79.46463,7603200.0411987305,-0.0063295215,0.012340034,72.93535
24.503623143558386,34.916666955294566,80.479385,9417600.350189209,-0.011269577,0.011909701,71.996346
24.33695651306752,35.26449269887389,75.24537,1814400.0347614288,-0.09275412,-0.047238454,73.572235
24.278985574781007,35.18478260074926,85.36457,8812800.247192383,0.009998299,-0.0065995706,73.106476
24.351449221508126,35.36231895652174,77.53338,10627199.459266663,0.025228031,-0.0062096696,73.23671
24.481884276880134,35.21376834109622,79.042,5184000.177669525,-0.018928323,-0.008501027,72.59541
24.514492864338745,35.152173737341,77.98083,14428799.479866028,0.022764193,-0.009889338,72.52056
24.17028990870767,35.119565206509655,75.23819,13219200.370788574,0.018990241,-0.0035352,72.291245
24.728260869121893,35.15579704180788,79.23173,7171199.889278412,-0.004672248,0.009484577,71.998535
24.677536062942007,35.07971042955572,84.775665,1728000.059223175,-0.010532349,0.004444546,72.4562
24.340579735906957,35.22101461745307,78.71513,10022400.453186035,0.019593632,-0.014383212,73.051216
24.481884276880134,35.21376834109622,79.042,8294399.845504761,-0.0021687448,0.007511055,72.58176
24.55072462237475,35.07608730649443,88.70044,6739199.737358093,0.012992702,-0.007129277,72.50609
24.800724541980035,35.0326085145684,80.91604,10281599.557113647,0.019992348,-0.003001608,71.19681
24.40579730278949,34.98550712868071,82.545616,8294399.845504761,-0.0077491403,-0.010875449,72.36147
24.880434869565217,35.11594208344836,73.60822,7689599.742507935,-0.012656368,0.018753733,73.90143
24.53985505838052,35.14492730981283,78.72631,1728000.059223175,-0.0038367324,-0.0023428192,72.4098
24.731884091961334,34.88405773852335,82.62194,8899199.948501587,-0.0032949708,-0.011030588,70.93983
24.423912946628306,35.13405791039468,84.735344,2505600.113296509,-0.025714066,0.0075710807,72.09228
24.282608510179216,35.10869565592019,73.044136,16934399.593162537,0.013425453,-0.02519772,73.14362
24.800724541980035,35.0326085145684,80.91604,11404800.061798096,0.022072133,-0.001224245,71.16112
24.271739312019278,35.0833337340226,74.97577,518399.99034404755,-0.03403943,0.0049132826,73.260254
24.235507135886934,35.09782643790763,86.62735,16847999.891853333,0.005389275,-0.025504591,71.80681
24.43478251062254,35.050724689208764,81.254395,16502399.989700317,0.0081450045,-0.020063596,72.24948
24.286231733018653,35.16304365074164,82.86601,4752000.025749207,-0.009222485,-0.012402836,72.54968
24.351449221508126,35.36231895652174,77.53338,16329599.49016571,0.019869566,-0.025903968,73.23249
24.35507260113369,35.04710138474188,76.478294,14515200.27809143,0.009857284,0.0089522395,73.14583
24.423912946628306,35.16304383214723,83.815254,6912000.2368927,0.010297522,-0.010999404,72.6273
24.655797039477626,35.09782643790763,82.953125,7171199.889278412,-0.0041264743,-0.0058904514,71.609764
24.264492787947336,35.06521739309379,75.914215,16070400.386238098,0.0031324476,-0.01675108,73.06945
24.40579722439643,35.07608730649443,81.130585,1641599.9465703964,-0.00331093,-0.011654003,72.34478
24.409420342711783,35.02898555779556,73.23672,15465600.283241272,0.0027896352,-0.019082813,73.20914
24.641304357168043,34.938405387540406,81.3883,10713600.257492065,0.011144189,-0.024453329,71.33188
24.659420157792983,35.13768139626715,82.9603,4319999.873828888,-0.023934163,0.011156583,71.8486
24.782608584568965,35.06521774078783,85.492004,345600.00498890877,0.0059710294,0.006008313,73.07177
24.286231733018653,35.16304365074164,82.86601,6739199.737358093,0.006788362,-0.014987711,72.66547
24.340579657513896,35.072464168316,77.031204,11664000.262641907,0.011990866,-0.0041538384,73.01384
24.32608705359737,35.05434782738719,80.59564,11664000.262641907,0.016120577,-0.015041413,72.690094
24.134057993885538,35.130434787333385,80.741425,10540799.757957458,0.017045507,-0.006417252,73.528244
24.525362323808892,35.01449270273921,80.76379,3801600.0205993652,-0.014502324,-0.0004190877,72.50992
24.507246418659868,35.018115659512056,74.98295,9676799.454116821,0.011490289,-0.0020834664,73.77602
24.46739112421217,35.10507235145331,77.031204,12095999.866104126,0.02062996,-0.009395283,72.80399
24.822463669968496,35.11956556932083,79.471794,9244799.850654602,0.009180877,-0.0013586357,71.56732
24.33695651306752,35.26449269887389,75.24537,2678400.0643730164,-0.08964305,-0.052504428,73.88265
24.06159400092239,35.235507653915,77.223785,11750399.96395111,0.031818278,-0.028415715,73.94708
24.528985389862203,35.079710263267266,73.800804,12009600.164794922,0.017388865,-0.014800195,73.43234
24.525362323808892,35.01449270273921,80.76379,5961600.231742859,-0.023682632,0.010673061,72.33792
24.731883987437246,34.999999998854186,80.17734,12614400.267791748,0.010470929,-0.01789732,71.37989
24.619565229179578,35.18478278215484,82.255135,8812800.247192383,0.010736767,-0.014320163,71.84686
24.358695745580064,35.14492749121842,79.46463,15551999.984550476,0.009332193,-0.014395148,72.10759
24.06159400092239,35.235507653915,77.223785,11491199.7631073,0.031834383,-0.029143317,74.07463
24.55072462237475,35.07608730649443,88.70044,2332799.8879909515,-0.0059853606,-0.0280755,73.04074
24.655797039477626,35.09782643790763,82.953125,13737599.675559998,0.014366094,-0.019544851,71.66528
24.33695651306752,35.26449269887389,75.24537,6739199.737358093,-0.014947921,-0.026475495,75.13081
24.275362351941567,35.02173896397893,79.32639,8208000.144195557,-0.006579295,-0.0035337592,73.15427
24.235507135886934,35.09782643790763,86.62735,5529600.07982254,-0.02464969,-0.0028193807,73.10325
24.481884276880134,35.21376834109622,79.042,4319999.873828888,-0.015207164,-0.010664832,72.67141
24.880434869565217,35.11594208344836,73.60822,16156800.087547302,0.023572389,-0.011528466,73.58549
24.293478074173446,35.130434424522214,78.52256,12095999.866104126,0.014060289,-0.010637596,72.87681
24.53985505838052,35.14492730981283,78.72631,17020800.39138794,0.00904762,-0.022168742,72.72653
24.586956589458925,35.03623181903528,81.050644,4233599.898290634,-0.007933471,-0.007910961,72.333336
24.43478277193275,35.06521686399416,78.38795,10368000.35533905,0.0123263,-0.003028188,72.81911
24.278985653174068,35.159420527680346,80.15937,3110399.9420642853,-0.028671581,-0.01121011,72.974014
24.731884091961334,34.88405773852335,82.62194,3887999.996137619,-0.012998827,-0.0022424366,72.48321
24.626811465810288,35.05797113185407,83.9315,864000.0296115875,7.0482492e-06,0.015704088,72.43948
24.24275355543479,35.275361916886446,83.709785,8467199.796581268,0.011986829,0.009094669,73.201706
24.271739312019278,35.0833337340226,74.97577,15033599.582862854,0.017351199,-0.013976727,72.99836
24.46739112421217,35.10507235145331,77.031204,12787199.670410156,0.022433598,-0.008268949,72.814415
24.619565229179578,35.18478278215484,82.255135,9331199.551963806,0.013524029,-0.0132362805,71.86799
24.202898613755877,35.17753635462667,82.22561,12700799.969100952,0.024303952,-0.014372973,72.96001
24.528985389862203,35.079710263267266,73.800804,9071999.899578094,0.008503759,-0.0044296347,73.77268
24.731883987437246,34.999999998854186,80.17734,2592000.0888347626,-0.013280533,0.002034063,72.92667
24.141304256647267,35.05072417522627,80.839714,5443199.830055237,-0.022097174,-0.0034635775,73.23437
24.134057993885538,35.130434787333385,80.741425,12527999.469566345,0.021370124,-0.006766367,73.132835
24.40217392316393,35.07246365433351,77.73675,14256000.07724762,0.017800782,0.0017019273,72.83705
24.782608845879178,35.07246365433351,80.82854,12614400.267791748,0.018651534,-0.010023963,71.33823
24.677536062942007,35.07971042955572,84.775665,10195199.855804443,0.012555888,-0.012731243,71.88949
24.423912946628306,35.13405791039468,84.735344,8294399.845504761,-0.003474556,-0.0048136218,72.70033
24.75362311542571,35.148550251468535,82.31272,16502399.989700317,-0.0016276948,-0.0116059035,71.88975
24.152173912100075,34.942029039701325,85.189964,2332799.8879909515,-0.012438789,-0.021861127,72.48588
24.242753659958876,34.931159481553294,83.59315,7862400.2420425415,0.0077844337,0.011475471,72.29061
24.141304256647267,35.05072417522627,80.839714,13391999.773406982,0.023150258,-0.013190106,72.82369
24.24275355543479,35.275361916886446,83.709785,12614400.267791748,0.028210009,-0.022707934,72.93655
24.608695560661264,35.210145036629335,80.071884,86400.00124722719,-0.03088577,-0.0032500578,72.04951
24.62318819070881,35.09782625650204,81.14894,8985600.19826889,-0.00076731667,0.008801072,71.73697
24.271739312019278,35.0833337340226,74.97577,14601599.979400635,0.019838547,-0.012256034,72.93235
24.3985509616347,35.079710263267266,82.39983,6307200.133895874,-0.0018905438,0.00090429606,72.346245
24.369565205050215,35.10507235145331,81.59638,2332799.8879909515,-0.019541424,-0.013291372,72.59928
24.068840433535758,35.050724689208764,75.1399,3023999.9665260315,-0.025305703,-0.0052501205,73.06527
24.507246627708035,35.15217355593542,72.15966,10022400.453186035,0.020460682,-0.006230101,72.94818
24.235507135886934,35.09782643790763,86.62735,11577599.464416504,0.017407259,-0.020758335,73.0286
24.43478277193275,35.06521686399416,78.38795,86400.00124722719,-0.009649798,-0.011258954,72.56102
24.5036234048686,34.94565269942081,84.86278,16847999.891853333,0.0064871404,-0.036253877,71.53438
24.35507260113369,35.04710138474188,76.478294,9071999.899578094,0.008209767,-0.0011764169,73.43219
24.003623304347823,35.192029209683014,80.788605,15379199.48501587,0.017600063,-0.024098558,72.34501
24.40217392316393,35.07246365433351,77.73675,12182399.56741333,0.015730688,-0.0034811767,72.872795
24.641304357168043,34.938405387540406,81.3883,4752000.025749207,-0.011097241,-0.0070392396,72.18613
24.62318819070881,35.09782625650204,81.14894,14774400.478935242,0.011800472,-0.010876348,71.84833
24.264492787947336,35.06521739309379,75.914215,17625600.494384766,0.0045582764,-0.018095503,73.27015
24.282608510179216,35.10869565592019,73.044136,12441599.768257141,0.019546822,-0.008504828,72.46696
24.40579730278949,34.98550712868071,82.545616,9504000.051498413,0.0085849445,-0.021421991,72.3435
24.278985574781007,35.18478260074926,85.36457,15120000.381088257,0.017097343,-0.018876096,72.280975
24.731884091961334,34.88405773852335,82.62194,12700799.969100952,0.017777564,-0.013298107,70.98106
24.677536062942007,35.07971042955572,84.775665,4752000.025749207,-0.010858487,-0.008816281,72.30772
24.373188532413735,34.85507217391305,83.68782,7516799.791431427,-0.0152945705,-0.015121328,71.94405
24.242753659958876,34.931159481553294,83.59315,6393599.835205078,-0.0025401674,0.004490621,72.19402
24.57246390714934,35.13405809180027,82.83649,13651199.974250793,0.01818271,-0.011293197,71.93702
24.286231733018653,35.16304365074164,82.86601,17193599.794006348,0.009713534,-0.025468351,71.68096
24.15217408195171,35.09782609021359,90.079155,8294399.845504761,0.022219855,0.0029072259,72.50144
24.57246390714934,35.13405809180027,82.83649,14687999.680709839,0.013672436,-0.010428993,71.95064
24.06159400092239,35.235507653915,77.223785,8208000.144195557,0.030825995,-0.024970764,74.547745
24.3913043591697,35.05434799367564,86.750465,15292799.783706665,0.012105407,-0.015481245,72.09228
24.35507260113369,35.04710138474188,76.478294,4406400.123596191,-0.015623052,-0.011226257,73.15175
24.55434784521419,35.039855304907746,78.730316,1296000.0444173813,-0.005572159,0.00039719418,72.37937
24.518115930392057,35.170290078269815,76.7112,16847999.891853333,0.008210644,-0.017568685,72.937225
24.503623143558386,34.916666955294566,80.479385,2505600.113296509,-0.012157265,-0.01580593,73.03243
24.85869584610084,35.31159408476158,76.05999,9849599.953651428,0.017246986,-0.007580705,71.8245
24.49275373635028,34.95652190987481,78.13308,15551999.984550476,0.00014870241,0.0020113988,72.81453
24.800724541980035,35.0326085145684,80.91604,17539199.696159363,-0.0075417124,-0.0018072827,71.41327
24.141304256647267,35.05072417522627,80.839714,2764800.03991127,-0.022949412,-0.010386758,73.176445
24.641304357168043,34.938405387540406,81.3883,11491199.7631073,0.012197239,-0.02689525,71.33564
24.782608845879178,35.07246365433351,80.82854,345600.00498890877,0.0044415668,0.0029966007,72.784584
24.242753659958876,34.931159481553294,83.59315,13910400.175094604,0.016366532,-0.0050801346,72.34741
24.442029139218562,35.043478080275,76.86345,777599.9855160713,0.0044549536,0.0033053895,72.74723
24.731883987437246,34.999999998854186,80.17734,9504000.051498413,0.012703447,-0.012776889,71.530556
24.3913043591697,35.05434799367564,86.750465,18316800.298690796,-0.008675627,-0.008228572,71.49878
24.442029139218562,35.043478080275,76.86345,16243199.788856506,0.0067039616,-0.012948841,73.37143
24.47463793572534,35.15579704180788,74.131996,8985600.19826889,0.014920903,-0.012977149,73.649536
24.731883987437246,34.999999998854186,80.17734,13391999.773406982,0.015335934,-0.01257753,71.396034
24.659420157792983,35.13768139626715,82.9603,8812800.247192383,0.0005346015,0.0052245427,71.71706
24.626811465810288,35.05797113185407,83.9315,6047999.933052063,-0.019712843,0.00046558678,72.14854
24.2137679164399,35.101449394680465,78.1842,1641599.9465703964,-0.0011493973,-0.021321995,73.30523
24.55434784521419,35.039855304907746,78.730316,13564800.27294159,0.017148666,-0.010019869,72.32785
24.271739312019278,35.0833337340226,74.97577,15120000.381088257,0.016803136,-0.014321949,73.01206
24.264492787947336,35.06521739309379,75.914215,1900800.0102996826,-0.013727728,-0.01686595,73.23513
24.068840433535758,35.050724689208764,75.1399,10022400.453186035,0.009896262,-0.012486696,72.34719
24.33695651306752,35.26449269887389,75.24537,5443199.830055237,-0.050354175,-0.0342179,74.90458
24.677536062942007,35.07971042955572,84.775665,8812800.247192383,0.011234587,-0.008247353,71.925285
24.365941903817713,35.11594190204278,77.940506,11404800.061798096,0.014553819,-0.0062536895,72.857635
24.373188349496587,35.09782609021359,73.044136,6307200.133895874,-0.0076755285,-0.014217582,73.05539
24.481884276880134,35.21376834109622,79.042,12182399.56741333,0.018484458,-0.0036831321,72.21217
24.17028990870767,35.119565206509655,75.23819,8294399.845504761,0.004633017,0.007336441,73.06979
24.40579722439643,35.07608730649443,81.130585,13132799.572563171,0.019611891,-0.013065284,72.364395
24.619565229179578,35.18478278215484,82.255135,2764800.03991127,-0.017137852,-0.0017968547,71.68511
24.576087129988778,34.96376817111452,80.53768,2159999.936914444,-0.0113942735,-0.009443587,72.91524
24.782608584568965,35.06521774078783,85.492004,5875199.981975555,-0.022890456,0.0061525684,71.86327
24.52536253285706,35.05797113185407,79.99595,3283199.893140793,-0.016013317,-0.0057434207,72.284424
24.264492787947336,35.06521739309379,75.914215,10195199.855804443,0.015675476,-0.0012902291,73.06332
24.528985389862203,35.079710263267266,73.800804,4665599.775981903,-0.024822354,-0.0067052264,73.70953
24.677536062942007,35.07971042955572,84.775665,9935999.654960632,0.012592211,-0.012195986,71.90863
24.278985574781007,35.18478260074926,85.36457,7516799.791431427,-0.022429254,-0.007846244,72.973404
24.782608845879178,35.07246365433351,80.82854,5875199.981975555,-0.01655567,0.007044496,71.52969
24.43478277193275,35.06521686399416,78.38795,9244799.850654602,0.0070543364,-0.0022160793,72.834236
24.409420342711783,35.02898555779556,73.23672,12960000.169944763,0.020244312,-0.0032829205,73.17998
24.17028990870767,35.119565206509655,75.23819,5788799.732208252,-0.020750105,-0.017023968,73.074905
24.521739153231497,35.18115965909355,80.50853,9763200.252342224,0.0062428806,0.00942273,72.20264
24.35507260113369,35.04710138474188,76.478294,13651199.974250793,0.00949355,0.004920292,73.07329
24.365941903817713,35.11594190204278,77.940506,11231999.562263489,0.0140834935,-0.00618931,72.88654
24.608695560661264,35.210145036629335,80.071884,518399.99034404755,-0.02710123,-0.0033429926,71.984825
24.141304256647267,35.05072417522627,80.839714,14601599.979400635,0.018751377,-0.014791401,72.50579
24.442029139218562,35.043478080275,76.86345,1814400.0347614288,-0.005868528,-0.0017449614,72.79448
24.728260869121893,35.15579704180788,79.23173,8467199.796581268,0.008355888,0.009374797,71.895
24.471014503837736,35.137681214861566,84.09494,16416000.288391113,0.00026276708,-0.013599532,72.11364
24.32608705359737,35.05434782738719,80.59564,5097599.927902222,-0.013702523,-0.019400828,72.52532
24.068840433535758,35.050724689208764,75.1399,8639999.747657776,-0.008131038,-0.012114011,72.84716
24.177536001617764,35.01449252133363,77.3516,18316800.298690796,-0.010571722,-0.017126406,73.045235
24.336956356281394,35.12681217825459,78.56935,8208000.144195557,-0.0011038035,-0.0019036178,73.095726
24.572463802625258,35.028985391507106,77.31845,2246400.0495672226,-0.010237649,-0.0036004195,72.6725
24.60144921950647,34.9456523441682,85.40489,5097599.927902222,-0.019447401,0.014825177,72.23611
24.409420264318722,35.097825908808005,75.01247,14601599.979400635,0.01973531,-0.005585284,73.0865
24.373188349496587,35.09782609021359,73.044136,604799.9658823013,-0.008035559,-0.005331913,73.22504
24.068840433535758,35.050724689208764,75.1399,345600.00498890877,-0.005019713,-0.024883552,72.85427
24.32608705359737,35.05434782738719,80.59564,8899199.948501587,0.009374544,-0.0148141645,72.926956
24.43478277193275,35.06521686399416,78.38795,12700799.969100952,0.015211098,0.0016767615,72.70306
24.514492864338745,35.152173737341,77.98083,6998399.938201904,-0.009534117,0.0010784161,72.6412
24.471014503837736,35.137681214861566,84.09494,13046399.871253967,0.010135137,-0.011081731,72.39921
24.49275373635028,35.04710138474188,79.64641,8639999.747657776,-0.0057914257,0.008610942,72.38242
24.15942034471344,35.02536261613985,84.04098,9590399.752807617,0.015386693,-0.005507917,72.7357
24.351449221508126,35.36231895652174,77.53338,17020800.39138794,0.019654889,-0.026759358,73.409966
24.822463669968496,35.11956556932083,79.471794,11577599.464416504,0.015114974,-0.015832467,71.33083
24.731884091961334,34.88405773852335,82.62194,2332799.8879909515,-0.011238061,0.001724734,73.07317
24.17028990870767,35.119565206509655,75.23819,11059200.15964508,0.017384155,-0.00446592,72.62537
24.141304256647267,35.05072417522627,80.839714,14515200.27809143,0.01932017,-0.014616203,72.52949
24.202898613755877,35.17753635462667,82.22561,16243199.788856506,0.011248857,-0.021222986,71.53088
24.409420264318722,35.097825908808005,75.01247,7689599.742507935,-0.0065721124,0.004052078,73.53793
24.141304256647267,35.05072417522627,80.839714,4665599.775981903,-0.023696061,-0.0086668655,73.20531
24.528985389862203,35.079710263267266,73.800804,2678400.0643730164,-0.01353446,-0.010998249,73.59598
24.202898613755877,35.17753635462667,82.22561,7343999.840354919,-0.010632813,0.004805254,73.33306
24.49275373635028,34.95652190987481,78.13308,5184000.177669525,-0.017809786,0.0037805983,72.948235
24.068840433535758,35.050724689208764,75.1399,3801600.0205993652,-0.023560774,-0.010112233,73.278564
24.57608686867857,35.22463755910878,78.28966,7948799.943351746,-0.0080912635,0.011670014,72.56556
24.586956589458925,35.03623181903528,81.050644,18316800.298690796,-2.5156885e-05,-0.023568017,72.1689
24.369565205050215,35.10507235145331,81.59638,17452799.99485016,0.006731266,-0.021697957,72.49602
24.57246390714934,35.13405809180027,82.83649,1728000.059223175,-0.009437222,-0.010194164,71.80567
24.608695560661264,35.210145036629335,80.071884,13910400.175094604,0.017102145,-0.0016320674,72.12328
24.514492864338745,35.152173737341,77.98083,3283199.893140793,-0.014935698,-0.007471679,72.94625
24.822463669968496,35.11956556932083,79.471794,13132799.572563171,0.022671979,-0.012310941,71.42419
24.409420264318722,35.137681214861566,85.684586,6220799.884128571,-0.023302685,0.014764901,72.62626
24.731883987437246,34.999999998854186,80.17734,7516799.791431427,-0.0039223284,0.0014170129,71.589714
24.171296292717127,35.10648163098043,78.049835,8553600.046348572,0.0024330467,-0.01463728,73.64269
24.53985505838052,35.14492730981283,78.72631,9590399.752807617,0.007876884,0.0009798687,72.44629
24.358695745580064,35.14492749121842,79.46463,2159999.936914444,-0.016021185,-0.0065025324,72.893
24.442029139218562,35.043478080275,76.86345,13910400.175094604,0.013918925,-0.010655532,73.11203
24.171296292717127,35.10648163098043,78.049835,7084800.187969208,-0.0096190795,-0.015931152,73.607605
24.800724541980035,35.0326085145684,80.91604,15033599.582862854,0.017389333,0.0017659166,71.15498
24.641304357168043,34.938405387540406,81.3883,14601599.979400635,0.0155463945,-0.02687993,71.29185
24.3985509616347,35.079710263267266,82.39983,6393599.835205078,-0.0002799444,0.00041363388,72.34916
24.572463802625258,35.028985391507106,77.31845,7603200.0411987305,-0.005450763,0.009074778,73.34074
24.57608686867857,35.22463755910878,78.28966,14601599.979400635,0.020327833,-0.008868465,72.215866
24.75362311542571,35.148550251468535,82.31272,14256000.07724762,0.015788073,-0.01438747,71.50596
24.373188532413735,34.85507217391305,83.68782,7430400.090122223,-0.014994372,-0.016264323,71.93584
24.641304357168043,34.938405387540406,81.3883,17798399.897003174,0.008363923,-0.028582426,71.51714
24.340579657513896,35.072464168316,77.031204,8294399.845504761,-0.00843842,0.004552666,73.26739
24.409420342711783,35.02898555779556,73.23672,11318400.360488892,0.012815198,-0.010890778,73.27204
24.409420264318722,35.137681214861566,85.684586,7343999.840354919,-0.014810305,0.014073104,72.72329
24.409420342711783,35.02898555779556,73.23672,1814400.0347614288,-0.011477597,-0.004680043,73.37164
24.068840433535758,35.17753635462667,82.62194,10799999.95880127,0.024802001,-0.024457796,73.66474
24.619565229179578,35.18478278215484,82.255135,13219200.370788574,0.014339935,-0.014935456,71.99367
24.481884276880134,35.21376834109622,79.042,1900800.0102996826,-0.007136654,-0.012202043,72.89335
24.503623143558386,34.916666955294566,80.479385,2678400.0643730164,-0.013687033,-0.016242824,73.06847
24.507246418659868,35.018115659512056,74.98295,7948799.943351746,0.00043436512,0.015646894,73.85531
24.57608686867857,35.22463755910878,78.28966,18230399.500465393,0.0056190807,-0.022405168,72.66456
24.40217392316393,35.07246365433351,77.73675,15033599.582862854,0.012921965,-0.0014458951,72.88134
24.586956589458925,35.03623181903528,81.050644,16588799.691009521,0.005569445,-0.026046583,71.827736
24.264492787947336,35.06521739309379,75.914215,8294399.845504761,-0.00089259073,0.010132886,73.33563
24.282608510179216,35.10869565592019,73.044136,691200.0099778175,-0.035579152,0.008061168,73.064476
24.351449221508126,35.36231895652174,77.53338,9331199.551963806,0.027568104,0.0012746272,73.32366
24.15942034471344,35.02536261613985,84.04098,17366400.293540955,0.0021861196,-0.023138432,71.75414
24.626811465810288,35.05797113185407,83.9315,13478399.474716187,0.02410864,-0.012272563,71.774796
24.15942034471344,35.02536261613985,84.04098,604799.9658823013,-0.007071521,0.012972694,72.91669
24.235507135886934,35.09782643790763,86.62735,16070400.386238098,0.012103301,-0.023190228,72.14202
24.33695651306752,35.26449269887389,75.24537,10368000.35533905,0.02639652,-0.024756616,73.71675
24.43478277193275,35.06521686399416,78.38795,5356800.128746033,-0.016688578,-0.008509766,72.58399
24.728260869121893,35.15579704180788,79.23173,11577599.464416504,0.017117148,-0.009287385,71.731346
24.55434784521419,35.039855304907746,78.730316,15465600.283241272,0.010118816,-0.013012214,72.60053
24.528985389862203,35.079710263267266,73.800804,172800.00249445438,-0.0014914833,-0.022500813,73.76247
24.40579730278949,34.98550712868071,82.545616,15465600.283241272,0.004525613,-0.029829806,71.68739
24.43478277193275,35.06521686399416,78.38795,10108800.15449524,0.011747669,-0.003182454,72.82791
24.514492864338745,35.152173737341,77.98083,6652800.036048889,-0.012050688,-0.00080157164,72.67932
24.731884091961334,34.88405773852335,82.62194,12441599.768257141,0.017395847,-0.014377898,70.942154
24.51086948471318,35.141304337922854,75.965324,1468799.9954938889,-0.011042502,-0.001986144,73.56933
24.351449221508126,35.36231895652174,77.53338,14860800.180244446,0.024077436,-0.01971552,72.94688
24.47463793572534,35.15579704180788,74.131996,2246400.0495672226,-0.0008528009,-0.009571252,73.455055
24.16304339770124,35.14130418675153,77.183464,3023999.9665260315,-0.042260125,-0.048350357,72.92784
24.177536001617764,35.01449252133363,77.3516,15206400.082397461,0.019370658,-0.018811017,72.58649
24.481884276880134,35.21376834109622,79.042,10886399.660110474,0.017036153,-0.0073345527,72.379395
24.507246627708035,35.15217355593542,72.15966,8208000.144195557,0.006406136,0.0075410167,73.02261
24.49275373635028,34.95652190987481,78.13308,5270399.878978729,-0.01762557,0.003859206,72.95999
24.528985389862203,35.079710263267266,73.800804,864000.0296115875,0.00040701777,-0.01756421,73.74988
24.5036234048686,34.94565269942081,84.86278,11664000.262641907,0.021539737,-0.02344861,72.1792
24.35507260113369,35.04710138474188,76.478294,17971200.39653778,0.0025943052,-0.0051529417,73.60277
24.373188532413735,34.85507217391305,83.68782,9244799.850654602,-0.01089954,-0.0059121735,72.24227
24.518115930392057,35.170290078269815,76.7112,2332799.8879909515,-0.015283283,-0.0013859821,73.53183
24.72463775080654,35.097825908808005,83.506035,11577599.464416504,0.017455786,-0.017169695,71.59526
24.47463793572534,35.15579704180788,74.131996,14774400.478935242,0.021515187,-0.012635039,73.04959
24.15942034471344,35.02536261613985,84.04098,8639999.747657776,0.0041167084,-0.0051643215,72.78724
24.72463775080654,35.097825908808005,83.506035,12441599.768257141,0.016895426,-0.018720213,71.53848
24.822463669968496,35.11956556932083,79.471794,6480000.084972382,0.0038877632,0.019741174,71.62087
24.53985505838052,35.14492730981283,78.72631,18403200.0,0.0055459235,-0.020029575,73.095055
24.17028990870767,35.119565206509655,75.23819,13651199.974250793,0.017800903,-0.004597012,72.273544
24.579710091518006,35.06884069756067,84.24473,13219200.370788574,0.019318478,-0.013690183,71.94863
24.507246418659868,35.018115659512056,74.98295,9590399.752807617,0.011570215,-0.0013024621,73.78341
24.16304339770124,35.14130418675153,77.183464,8726399.99742508,0.023904704,-0.016014641,73.47764
24.068840433535758,35.050724689208764,75.1399,12182399.56741333,0.021808755,-0.021039905,71.8844
24.340579735906957,35.22101461745307,78.71513,12268800.365638733,0.022280395,-0.013358647,72.963036
24.141304256647267,35.05072417522627,80.839714,7689599.742507935,-0.016363677,0.0011172649,73.475586
24.177536001617764,35.01449252133363,77.3516,5788799.732208252,-0.010486238,-0.018930782,73.26966
24.278985653174068,35.159420527680346,80.15937,6652800.036048889,-0.013537545,-0.015230063,73.13283
24.626811465810288,35.05797113185407,83.9315,10195199.855804443,0.012472797,-0.011417689,71.85792
24.608695560661264,35.210145036629335,80.071884,1814400.0347614288,-0.024133358,-0.0025035217,71.89091
24.40217392316393,35.07246365433351,77.73675,9504000.051498413,0.012191946,-0.0022680014,73.03327
24.278985574781007,35.18478260074926,85.36457,3542400.093984604,-0.054880194,-0.007867251,72.07953
24.626811465810288,35.05797113185407,83.9315,6220799.884128571,-0.01953093,0.0010964447,72.12404
24.481884276880134,35.21376834109622,79.042,14083199.577713013,0.014334505,-0.006459249,71.907845
24.202898613755877,35.17753635462667,82.22561,15897599.886703491,0.01279225,-0.02049158,71.65053
24.53985505838052,35.14492730981283,78.72631,3456000.11844635,-0.01666402,0.0031927312,72.50593
24.481884276880134,35.21376834109622,79.042,7430400.090122223,-0.0152486,0.0059235664,72.63335
24.481884276880134,35.21376834109622,79.042,6739199.737358093,-0.02101235,0.0026010722,72.63486
24.336956356281394,35.12681217825459,78.56935,2332799.8879909515,-0.016337607,-0.0069994563,73.01165
24.728260869121893,35.15579704180788,79.23173,1382400.019955635,-0.0043723993,0.004253707,72.12966
24.336956356281394,35.12681217825459,78.56935,13564800.27294159,0.016960196,-0.0008423161,72.45286
24.3913043591697,35.05434799367564,86.750465,1209599.9317646027,-0.027282935,-0.01937222,72.66446
24.626811465810288,35.05797113185407,83.9315,15638399.68585968,0.016107727,-0.011085983,71.610794
24.40217392316393,35.07246365433351,77.73675,18230399.500465393,-0.0098108165,0.002796534,73.36535
24.275362351941567,35.02173896397893,79.32639,3974399.971675873,-0.02825715,-0.0091593955,72.671036
24.15217408195171,35.09782609021359,90.079155,9331199.551963806,0.02434152,0.0013637152,72.56312
24.286231733018653,35.16304365074164,82.86601,0.0,0.007279968,0.0066128243,72.48813
24.576087129988778,34.96376817111452,80.53768,6134400.182819366,-0.019517194,0.00503649,72.23898
24.57608686867857,35.22463755910878,78.28966,11059200.15964508,0.021071589,-0.0052931225,72.049095
24.52536253285706,35.05797113185407,79.99595,1382400.019955635,-0.006650068,-0.0005171336,72.21197
24.24275355543479,35.275361916886446,83.709785,8208000.144195557,0.0075991154,0.0071214903,73.08437
24.619565229179578,35.18478278215484,82.255135,3801600.0205993652,-0.019549496,-0.0047607655,71.700195
24.822463669968496,35.11956556932083,79.471794,18057600.097846985,0.014901126,-0.025374902,72.023186
24.572463802625258,35.028985391507106,77.31845,604799.9658823013,0.010724712,0.00025028083,72.6408
24.55072462237475,35.07608730649443,88.70044,4060799.9472141266,-0.011404242,-0.019444136,72.689766
24.528985389862203,35.079710263267266,73.800804,2419199.8635292053,-0.012778848,-0.012389211,73.60977
24.782608584568965,35.06521774078783,85.492004,18316800.298690796,-0.0059567913,-0.017117646,72.158424
24.278985574781007,35.18478260074926,85.36457,14601599.979400635,0.020502724,-0.019007443,72.477394
24.340579657513896,35.072464168316,77.031204,864000.0296115875,-0.011041731,-0.010427235,73.125465
24.3913043591697,35.05434799367564,86.750465,16070400.386238098,0.010951091,-0.017295614,71.98231
24.2137679164399,35.101449394680465,78.1842,10368000.35533905,0.015430039,-0.010611892,73.35632
24.134057993885538,35.130434787333385,80.741425,14774400.478935242,0.015304415,-0.0066200187,72.47852
24.409420264318722,35.097825908808005,75.01247,6739199.737358093,-0.016263213,0.000298379,73.539604
24.626811465810288,35.05797113185407,83.9315,12355200.066947937,0.021420624,-0.016319454,71.82375
24.068840433535758,35.17753635462667,82.62194,15724800.484085083,0.026640307,-0.019866819,72.37595
24.514492864338745,35.152173737341,77.98083,16329599.49016571,0.0072016492,-0.020614317,72.69803
24.202898613755877,35.17753635462667,82.22561,14774400.478935242,0.018292103,-0.015645094,72.161476
24.202898613755877,35.17753635462667,82.22561,86400.00124722719,-0.0411582,-0.03718072,72.51632
24.2137679164399,35.101449394680465,78.1842,1036799.9806880951,0.004066892,-0.02114748,73.32924
24.626811465810288,35.05797113185407,83.9315,691200.0099778175,-0.0010835789,0.016661426,72.445526
24.471014503837736,35.137681214861566,84.09494,432000.01480579376,0.00868267,0.0025483663,71.92795
24.373188349496587,35.09782609021359,73.044136,7257600.139045715,-0.0028720312,-0.013440553,73.0111
24.35507260113369,35.04710138474188,76.478294,12527999.469566345,0.005964406,-0.0050674593,73.069916
24.40217392316393,35.07246365433351,77.73675,15983999.588012695,0.0050490256,-0.0059184926,72.99257
24.507246418659868,35.018115659512056,74.98295,14342399.778556824,0.01625782,-0.0059563406,73.70383
24.268116089179838,35.07971042955572,81.07262,4406400.123596191,-0.023249172,-0.005564076,72.74476
24.623188347494935,34.98550731008629,86.27349,6825599.987125397,-0.014531482,0.0064330935,72.30322
24.423912946628306,35.16304383214723,83.815254,2505600.113296509,-0.023514826,-0.005340703,71.90858
24.152173912100075,34.942029039701325,85.189964,8121599.894428253,-0.013499372,0.00793759,72.41175
