x,y,z,t,u_pred,v_pred,Z0
24.271739312019278,35.0833337340226,74.97577,9244799.850654602,0.017492501,-0.006310098,73.8604
24.340579657513896,35.072464168316,77.031204,18316800.298690796,-0.0071361475,-0.01488186,76.73383
24.365941903817713,35.11594190204278,77.940506,9676799.454116821,0.0023611411,-0.0052778125,74.1301
24.340579735906957,35.22101461745307,78.71513,7084800.187969208,0.008106519,-0.020829502,71.698555
24.278985653174068,35.159420527680346,80.15937,10886399.660110474,0.030041719,-0.010889832,72.93482
24.619565229179578,35.18478278215484,82.255135,8208000.144195557,0.021580014,-0.022364158,72.59848
24.409420264318722,35.137681214861566,85.684586,8899199.948501587,0.016141012,-0.004249297,71.36845
24.275362351941567,35.02173896397893,79.32639,4060799.9472141266,-0.067297354,-0.014458589,70.30076
24.35507260113369,35.04710138474188,76.478294,9590399.752807617,0.010631744,-0.0018289201,74.58296
24.52536253285706,35.05797113185407,79.99595,13564800.27294159,0.020047475,-0.025062677,74.51285
24.242753659958876,34.931159481553294,83.59315,13046399.871253967,0.04205129,-0.012576815,69.18858
24.358695745580064,35.14492749121842,79.46463,10540799.757957458,0.024735304,-0.008121561,73.63757
24.53985505838052,35.14492730981283,78.72631,13391999.773406982,0.02151603,-0.02420688,76.18292
24.62318819070881,35.09782625650204,81.14894,12873600.46863556,0.023216598,-0.016313449,73.52809
24.51086948471318,35.141304337922854,75.965324,13219200.370788574,0.019585006,-0.020611841,76.62014
24.782608845879178,35.07246365433351,80.82854,17452799.99485016,-0.0068793,0.009755781,73.93282
24.003623304347823,35.192029209683014,80.788605,2505600.113296509,-0.06323454,-0.09590143,71.12525
24.623188347494935,34.98550731008629,86.27349,8639999.747657776,0.011620274,0.00046535395,71.854095
24.62318819070881,35.09782625650204,81.14894,7084800.187969208,-0.01738521,0.0067861658,72.76641
24.242753659958876,34.931159481553294,83.59315,15465600.283241272,0.013778077,-0.033192452,69.538
24.242753659958876,34.931159481553294,83.59315,13737599.675559998,0.038066827,-0.015297256,69.162
24.358695745580064,35.14492749121842,79.46463,13046399.871253967,0.02328037,-0.011495475,75.34543
24.15217408195171,35.09782609021359,90.079155,1296000.0444173813,0.016205814,-0.046466384,73.90041
24.134057993885538,35.130434787333385,80.741425,432000.01480579376,-0.088116944,-0.070720136,69.16001
24.409420185925658,35.126811301460926,78.58091,9590399.752807617,0.020497179,-0.0019259006,73.82819
24.068840433535758,35.050724689208764,75.1399,1123200.0247836113,-0.03989179,-0.04680461,71.14952
24.268116089179838,35.07971042955572,81.07262,5615999.781131744,-0.048190583,-0.019393023,70.64365
24.264492787947336,35.06521739309379,75.914215,2678400.0643730164,-0.026534226,-0.01924682,70.97777
24.51086948471318,35.141304337922854,75.965324,5529600.07982254,-0.02857859,0.008096663,72.89123
24.641304357168043,34.938405387540406,81.3883,2159999.936914444,-0.0030546933,-0.01742319,71.633064
24.442029139218562,35.043478080275,76.86345,5356800.128746033,-0.025463898,-0.0053241365,72.22424
24.579710091518006,35.06884069756067,84.24473,4406400.123596191,-0.035721723,0.0028229374,72.54971
24.521739153231497,35.18115965909355,80.50853,6307200.133895874,0.004488766,-0.019779932,71.950066
24.782608845879178,35.07246365433351,80.82854,14601599.979400635,0.020615935,-0.013619997,74.30899
24.271739312019278,35.0833337340226,74.97577,4060799.9472141266,-0.057664517,-0.007025901,71.873604
24.40579730278949,34.98550712868071,82.545616,10540799.757957458,0.012678273,-0.031240314,71.61499
24.409420342711783,35.02898555779556,73.23672,2851200.015449524,-0.028287578,-0.011471424,73.27145
24.85869584610084,35.31159408476158,76.05999,12787199.670410156,0.038287915,-0.020251293,75.09326
24.264492787947336,35.06521739309379,75.914215,10972800.458335876,0.020273125,-0.0119427405,75.00891
24.134057993885538,35.130434787333385,80.741425,10627199.459266663,0.024459392,-0.0035537407,71.72618
24.55072462237475,35.07608730649443,88.70044,9935999.654960632,0.020918008,-0.024088752,72.7664
24.268116089179838,35.07971042955572,81.07262,15724800.484085083,0.0041256063,-0.02333659,73.889305
24.351449221508126,35.36231895652174,77.53338,15206400.082397461,0.030778304,-0.023244336,77.30469
24.369565205050215,35.10507235145331,81.59638,777599.9855160713,-0.016617488,-0.007983241,69.948814
24.171296292717127,35.10648163098043,78.049835,17884799.598312378,0.0014021248,-0.023573358,77.1833
24.528985389862203,35.079710263267266,73.800804,10799999.95880127,0.021604862,-0.022262778,74.55109
24.728260869121893,35.15579704180788,79.23173,13910400.175094604,0.02256638,-0.010252956,75.743256
24.40217392316393,35.07246365433351,77.73675,6134400.182819366,-0.028071519,-0.008489672,71.92171
24.171296292717127,35.10648163098043,78.049835,4319999.873828888,-0.05627242,-0.019414611,69.89015
24.586956589458925,35.03623181903528,81.050644,16243199.788856506,0.012514763,-0.027386885,72.96717
24.409420185925658,35.126811301460926,78.58091,13391999.773406982,0.023362458,-0.015730686,76.28046
24.17028990870767,35.119565206509655,75.23819,2937599.9909877777,-0.06586549,-0.041156616,70.52397
24.57608686867857,35.22463755910878,78.28966,6566399.786281586,-0.0123987645,0.01093461,72.66425
24.728260869121893,35.15579704180788,79.23173,5875199.981975555,-0.0137142725,0.008088879,72.59498
24.55072462237475,35.07608730649443,88.70044,7171199.889278412,0.014036236,-0.02012121,72.748436
24.171296292717127,35.10648163098043,78.049835,6134400.182819366,-0.04200777,-0.029101737,70.84786
24.514492864338745,35.152173737341,77.98083,14774400.478935242,0.018165462,-0.028681893,77.118774
24.655797039477626,35.09782643790763,82.953125,11231999.562263489,0.019373944,-0.022829589,72.25595
24.286231733018653,35.16304365074164,82.86601,9590399.752807617,0.045696996,-0.019859027,70.69643
24.32608705359737,35.05434782738719,80.59564,5011200.226593018,-0.021915037,-0.022027854,70.82474
24.369565205050215,35.10507235145331,81.59638,8553600.046348572,0.016968185,-0.013959128,71.70648
24.586956589458925,35.03623181903528,81.050644,1209599.9317646027,-0.0029370263,0.0010848548,71.20144
24.655797039477626,35.09782643790763,82.953125,10195199.855804443,0.018449903,-0.020730477,72.50998
24.55072462237475,35.07608730649443,88.70044,6825599.987125397,0.0140965115,-0.01981248,72.63416
24.17028990870767,35.119565206509655,75.23819,14169600.375938416,0.030849403,-0.01797143,75.22969
24.52536253285706,35.05797113185407,79.99595,7430400.090122223,0.0062151216,-0.025606152,72.727875
24.46739112421217,35.10507235145331,77.031204,5356800.128746033,-0.013747118,-0.02245051,72.2354
24.525362323808892,35.01449270273921,80.76379,14774400.478935242,0.020378403,-0.021540083,73.225136
24.471014503837736,35.137681214861566,84.09494,6998399.938201904,-0.015762184,0.0055021327,71.83628
24.641304357168043,34.938405387540406,81.3883,13651199.974250793,0.024511538,-0.031415712,72.95118
24.235507135886934,35.09782643790763,86.62735,12441599.768257141,0.029419571,-0.034284066,68.59965
24.62318819070881,35.09782625650204,81.14894,5702400.030899048,-0.021429755,-0.0001946073,72.28826
24.677536062942007,35.07971042955572,84.775665,12614400.267791748,0.013551936,-0.030843385,70.943756
24.373188349496587,35.09782609021359,73.044136,1814400.0347614288,-0.038762037,0.0067764614,73.02596
24.51086948471318,35.141304337922854,75.965324,3974399.971675873,-0.03324471,-0.008035574,72.10011
24.282608510179216,35.10869565592019,73.044136,7430400.090122223,-0.04963762,-0.0074314475,72.89372
24.75362311542571,35.148550251468535,82.31272,10886399.660110474,0.00954633,-0.021587543,73.176186
24.369565205050215,35.10507235145331,81.59638,18403200.0,0.0008878745,-0.019845545,72.67979
24.521739153231497,35.18115965909355,80.50853,1036799.9806880951,0.003916379,-0.020402763,70.695465
24.340579735906957,35.22101461745307,78.71513,11059200.15964508,0.026271187,-0.021167692,74.51149
24.242753659958876,34.931159481553294,83.59315,15292799.783706665,0.01582164,-0.031586498,69.47704
24.275362351941567,35.02173896397893,79.32639,7689599.742507935,-0.032509383,-0.017487638,71.738716
24.75362311542571,35.148550251468535,82.31272,8726399.99742508,-0.0039396808,0.008006932,73.4164
24.068840433535758,35.17753635462667,82.62194,12700799.969100952,0.038780216,-0.02542099,70.79142
24.152173912100075,34.942029039701325,85.189964,7948799.943351746,-0.017850041,0.008448681,70.37562
24.822463669968496,35.11956556932083,79.471794,15551999.984550476,0.017016096,-0.02377174,75.89699
24.782608584568965,35.06521774078783,85.492004,11491199.7631073,0.017521217,-0.029599562,71.77977
24.40217392316393,35.07246365433351,77.73675,12095999.866104126,0.015164418,-0.010629971,75.92471
24.40217392316393,35.07246365433351,77.73675,18143999.79915619,-0.017865438,0.0005930979,76.71759
24.336956356281394,35.12681217825459,78.56935,4060799.9472141266,-0.040048275,-0.00024318695,70.40842
24.85869584610084,35.31159408476158,76.05999,6998399.938201904,-0.025031898,0.03101145,76.12761
24.278985653174068,35.159420527680346,80.15937,12873600.46863556,0.025975171,-0.009770114,74.394585
24.32608705359737,35.05434782738719,80.59564,8639999.747657776,0.005479224,-0.02538567,71.98991
24.731883987437246,34.999999998854186,80.17734,12095999.866104126,0.011557639,-0.027543295,74.97838
24.171296292717127,35.10648163098043,78.049835,15292799.783706665,0.016034791,-0.023376219,77.63564
24.60144921950647,34.9456523441682,85.40489,7775999.992275238,-0.02233715,0.006700458,71.97195
24.068840433535758,35.050724689208764,75.1399,16416000.288391113,0.015171006,-0.05124188,75.88115
24.641304357168043,34.938405387540406,81.3883,16847999.891853333,0.013536116,-0.041696835,72.09725
24.659420157792983,35.13768139626715,82.9603,4924799.976825714,-0.023222856,0.018290214,72.42283
24.62318819070881,35.09782625650204,81.14894,7257600.139045715,-0.0162769,0.007858897,72.81433
24.782608584568965,35.06521774078783,85.492004,4838399.727058411,-0.044345003,0.005407879,73.28571
24.24275355543479,35.275361916886446,83.709785,14083199.577713013,0.03346834,-0.033021744,70.899864
24.62318819070881,35.09782625650204,81.14894,3023999.9665260315,-0.0222781,-0.00096569024,71.45647
24.40217392316393,35.07246365433351,77.73675,5875199.981975555,-0.02858809,-0.011795357,71.7777
24.15942034471344,35.02536261613985,84.04098,2764800.03991127,-0.0412692,-0.011657894,71.55841
24.731883987437246,34.999999998854186,80.17734,11491199.7631073,0.0113832075,-0.0287508,74.92941
24.659420157792983,35.13768139626715,82.9603,3887999.996137619,-0.023270346,0.014924186,72.358864
24.268116089179838,35.07971042955572,81.07262,17020800.39138794,0.0022425875,-0.026555523,73.78453
24.141304256647267,35.05072417522627,80.839714,1209599.9317646027,-0.08106226,-0.02628648,69.37344
24.278985574781007,35.18478260074926,85.36457,16156800.087547302,0.019529363,-0.030818623,70.09677
24.60144921950647,34.9456523441682,85.40489,13824000.4737854,0.031953197,-0.019256774,69.42374
24.06159400092239,35.235507653915,77.223785,4752000.025749207,-0.045590717,-0.065761685,70.03719
24.52536253285706,35.05797113185407,79.99595,5270399.878978729,-0.019700002,-0.016065206,71.60758
24.373188532413735,34.85507217391305,83.68782,13651199.974250793,0.022576833,-0.046371583,70.68373
24.32608705359737,35.05434782738719,80.59564,11145599.860954285,0.02180226,-0.025794614,72.919624
24.3913043591697,35.05434799367564,86.750465,5184000.177669525,-0.032905947,0.00061750226,72.0732
24.49275373635028,35.04710138474188,79.64641,16329599.49016571,0.0021890998,-0.025052354,74.89929
24.57246390714934,35.13405809180027,82.83649,11577599.464416504,0.02898945,-0.020975672,71.91743
24.655797039477626,35.09782643790763,82.953125,864000.0296115875,0.010990782,-0.0015682038,72.132164
24.3913043591697,35.05434799367564,86.750465,9849599.953651428,0.027490586,0.001830183,70.816185
24.271739312019278,35.0833337340226,74.97577,10022400.453186035,0.019869825,-0.014711175,74.224785
24.49275373635028,35.04710138474188,79.64641,345600.00498890877,0.010018181,0.0129963495,70.52477
24.619565229179578,35.18478278215484,82.255135,16847999.891853333,0.020610891,-0.031863127,71.30726
24.655797039477626,35.09782643790763,82.953125,15983999.588012695,0.022094842,-0.029294632,70.94038
24.340579657513896,35.072464168316,77.031204,10627199.459266663,0.013028163,-0.011523046,75.153625
24.43478277193275,35.06521686399416,78.38795,11059200.15964508,0.017380489,-0.0079909675,75.067825
24.32608705359737,35.05434782738719,80.59564,10022400.453186035,0.02032204,-0.028327037,72.499466
24.264492787947336,35.06521739309379,75.914215,7516799.791431427,-0.016517356,0.021651736,72.93691
24.521739153231497,35.18115965909355,80.50853,4838399.727058411,-0.0135437995,-0.017590534,71.13933
24.340579657513896,35.072464168316,77.031204,5702400.030899048,-0.03802171,-0.01794587,71.82543
24.57608686867857,35.22463755910878,78.28966,12960000.169944763,0.021355523,-0.01192195,76.696556
24.822463669968496,35.11956556932083,79.471794,864000.0296115875,-0.018568356,0.024493115,72.2604
24.514492864338745,35.152173737341,77.98083,7343999.840354919,-0.0049535297,0.011715317,73.11932
24.17028990870767,35.119565206509655,75.23819,12527999.469566345,0.035577487,-0.011775732,74.76258
24.800724541980035,35.0326085145684,80.91604,17279999.49531555,-0.0011416897,-0.007820364,74.05381
24.358695745580064,35.14492749121842,79.46463,3715200.0450611115,-0.044607226,-0.005427163,70.2736
24.5036234048686,34.94565269942081,84.86278,1728000.059223175,0.012412854,-0.004388623,72.6827
24.409420342711783,35.02898555779556,73.23672,15551999.984550476,0.007063329,-0.02571524,73.39852
24.579710091518006,35.06884069756067,84.24473,6998399.938201904,-0.02091999,0.008323681,72.28323
24.409420342711783,35.02898555779556,73.23672,17971200.39653778,-0.0048830546,-0.022487525,73.194595
24.52536253285706,35.05797113185407,79.99595,15033599.582862854,0.01953834,-0.02722719,74.487595
24.271739312019278,35.0833337340226,74.97577,3456000.11844635,-0.059198562,-0.0049474984,71.70385
24.43478277193275,35.06521686399416,78.38795,9071999.899578094,0.010102801,0.0018506162,73.80447
24.60144921950647,34.9456523441682,85.40489,17366400.293540955,0.013960792,-0.032665566,69.160065
24.40217392316393,35.07246365433351,77.73675,3110399.9420642853,-0.022099197,-0.020596523,70.743866
24.373188532413735,34.85507217391305,83.68782,4838399.727058411,-0.021754276,-0.014147203,71.81671
24.278985574781007,35.18478260074926,85.36457,8985600.19826889,0.026716365,-0.019125853,70.44264
24.782608584568965,35.06521774078783,85.492004,15120000.381088257,0.030644886,-0.034692537,69.95634
24.626811465810288,35.05797113185407,83.9315,3283199.893140793,-0.02051517,0.004256781,72.77988
24.43478277193275,35.06521686399416,78.38795,16243199.788856506,0.0050475374,-0.017752778,76.468346
24.278985574781007,35.18478260074926,85.36457,9158400.149345398,0.030968713,-0.019522373,70.422585
24.55072462237475,35.07608730649443,88.70044,10368000.35533905,0.026260745,-0.024322446,72.558556
24.503623143558386,34.916666955294566,80.479385,15897599.886703491,0.0073370356,-0.013853136,72.93672
24.880434869565217,35.11594208344836,73.60822,12527999.469566345,0.03529246,-0.020980902,73.62126
24.358695745580064,35.14492749121842,79.46463,5529600.07982254,-0.03731859,0.00504566,71.20221
24.365941903817713,35.11594190204278,77.940506,18403200.0,0.0007987395,-0.012776382,76.91707
24.423912946628306,35.13405791039468,84.735344,518399.99034404755,-0.026566517,0.01618708,71.10953
24.43478251062254,35.050724689208764,81.254395,3110399.9420642853,-0.007709101,-0.016697973,70.74624
24.409420185925658,35.126811301460926,78.58091,2764800.03991127,-0.01854311,-0.020073,70.042725
24.409420342711783,35.02898555779556,73.23672,12527999.469566345,0.021631362,-0.014080625,73.47276
24.525362323808892,35.01449270273921,80.76379,8294399.845504761,-0.009822767,0.008941108,72.967316
24.15942034471344,35.02536261613985,84.04098,4406400.123596191,-0.04407956,-0.019670025,70.691154
24.85869584610084,35.31159408476158,76.05999,0.0,0.013972508,0.03533867,75.52986
24.33695651306752,35.26449269887389,75.24537,15206400.082397461,0.030390998,-0.02532417,75.19308
24.271739312019278,35.0833337340226,74.97577,5875199.981975555,-0.04414359,-0.009780452,72.54997
24.655797039477626,35.09782643790763,82.953125,6480000.084972382,-0.01358724,-0.008505661,72.6417
24.293478074173446,35.130434424522214,78.52256,432000.01480579376,-0.036789898,-0.028896526,69.26944
24.409420342711783,35.02898555779556,73.23672,16416000.288391113,0.007623488,-0.01967566,73.32531
24.442029139218562,35.043478080275,76.86345,2332799.8879909515,-0.017271139,-0.0016371701,71.35336
24.134057993885538,35.130434787333385,80.741425,691200.0099778175,-0.08705716,-0.070605114,69.22239
24.33695651306752,35.26449269887389,75.24537,4492800.099134445,-0.08473387,-0.054115873,71.03616
24.655797039477626,35.09782643790763,82.953125,7257600.139045715,-0.006705433,-0.015165716,72.72745
24.60144921950647,34.9456523441682,85.40489,11145599.860954285,0.026051097,-0.016219232,70.852356
24.3985509616347,35.079710263267266,82.39983,13564800.27294159,0.023762032,-0.01294484,71.40908
24.35507260113369,35.04710138474188,76.478294,8639999.747657776,0.0012181848,0.0005432572,73.92976
24.171296292717127,35.10648163098043,78.049835,14515200.27809143,0.022325784,-0.021146331,77.31005
24.286231733018653,35.16304365074164,82.86601,14687999.680709839,0.03275023,-0.022832572,71.43458
24.800724541980035,35.0326085145684,80.91604,12873600.46863556,0.024997473,0.0050001144,74.50056
24.572463802625258,35.028985391507106,77.31845,8985600.19826889,0.0137312375,0.007405622,74.99718
24.53985505838052,35.14492730981283,78.72631,15206400.082397461,0.019372378,-0.035520945,76.5025
24.619565229179578,35.18478278215484,82.255135,10281599.557113647,0.028584603,-0.017737024,72.61201
24.3913043591697,35.05434799367564,86.750465,11664000.262641907,0.029380873,-0.011881892,69.97406
24.40579722439643,35.07608730649443,81.130585,8380800.095272064,0.02023236,-0.007931218,72.101776
24.275362351941567,35.02173896397893,79.32639,1036799.9806880951,-0.066900715,-0.025265247,69.80943
24.286231733018653,35.16304365074164,82.86601,11059200.15964508,0.04249332,-0.021799602,70.90661
24.271739312019278,35.0833337340226,74.97577,12182399.56741333,0.02567859,-0.020456746,74.92606
24.271739312019278,35.0833337340226,74.97577,8639999.747657776,0.008954627,-0.0046493597,73.586624
24.286231733018653,35.16304365074164,82.86601,5788799.732208252,0.0023716837,-0.043267097,70.62274
24.623188347494935,34.98550731008629,86.27349,11318400.360488892,0.031335007,-0.016050018,70.834206
24.134057993885538,35.130434787333385,80.741425,5702400.030899048,-0.08894135,-0.013002899,70.28782
24.655797039477626,35.09782643790763,82.953125,1814400.0347614288,-0.005576048,-0.008236244,72.246506
24.782608845879178,35.07246365433351,80.82854,5702400.030899048,-0.029340934,-0.0042536855,72.98797
24.528985389862203,35.079710263267266,73.800804,14083199.577713013,0.018547654,-0.020916086,74.74751
24.5036234048686,34.94565269942081,84.86278,18403200.0,0.005432483,-0.04356424,68.96886
24.40217392316393,35.07246365433351,77.73675,16761600.190544128,-0.0059191287,-0.0059566163,76.812225
24.579710091518006,35.06884069756067,84.24473,11491199.7631073,0.023087125,-0.020728692,71.1982
24.442029139218562,35.043478080275,76.86345,14774400.478935242,0.010515973,-0.016956829,76.64206
24.49275373635028,34.95652190987481,78.13308,12182399.56741333,0.011672096,-0.010638379,75.54361
24.282608510179216,35.10869565592019,73.044136,17625600.494384766,0.010891367,-0.025005784,72.59287
24.619565229179578,35.18478278215484,82.255135,10886399.660110474,0.029215712,-0.01991878,72.584305
24.365941903817713,35.11594190204278,77.940506,5788799.732208252,-0.040227395,-0.0131068565,71.556694
24.336956356281394,35.12681217825459,78.56935,2505600.113296509,-0.03365923,-0.006451264,69.66405
24.003623304347823,35.192029209683014,80.788605,17193599.794006348,0.009294974,-0.033023003,75.67352
24.782608845879178,35.07246365433351,80.82854,16416000.288391113,0.0090269465,-0.0042659864,73.980835
24.579710091518006,35.06884069756067,84.24473,14515200.27809143,0.017512433,-0.010722812,69.91022
24.40217392316393,35.07246365433351,77.73675,1555199.9710321426,0.0031525195,-0.012842037,70.44702
24.278985574781007,35.18478260074926,85.36457,12787199.670410156,0.04342054,-0.02370499,69.83319
24.2137679164399,35.101449394680465,78.1842,4838399.727058411,-0.03166906,-0.03271957,70.25028
24.282608510179216,35.10869565592019,73.044136,3974399.971675873,-0.067404285,-0.036779266,72.694916
24.731884091961334,34.88405773852335,82.62194,3283199.893140793,-0.016381092,-0.014195327,72.471954
24.572463802625258,35.028985391507106,77.31845,345600.00498890877,0.014431952,0.00412526,72.03774
24.72463775080654,35.097825908808005,83.506035,4924799.976825714,-0.02570859,0.0016502179,72.932945
24.518115930392057,35.170290078269815,76.7112,11491199.7631073,0.0136435535,-0.025777929,76.32547
24.60144921950647,34.9456523441682,85.40489,1641599.9465703964,0.0069592595,0.00545907,73.713425
24.351449221508126,35.36231895652174,77.53338,7862400.2420425415,0.038112752,-0.0018410087,72.620514
24.068840433535758,35.17753635462667,82.62194,9417600.350189209,0.033469357,-0.04998943,69.75885
24.33695651306752,35.26449269887389,75.24537,4233599.898290634,-0.08698726,-0.055162195,70.96995
24.358695745580064,35.14492749121842,79.46463,9676799.454116821,0.022557592,0.000102741644,73.132545
24.340579657513896,35.072464168316,77.031204,5875199.981975555,-0.037305366,-0.016518664,71.91857
24.16304339770124,35.14130418675153,77.183464,1900800.0102996826,-0.05336738,-0.04696537,69.05952
24.40579722439643,35.07608730649443,81.130585,13478399.474716187,0.024550188,-0.016479876,73.073746
24.409420342711783,35.02898555779556,73.23672,17798399.897003174,-0.0034390092,-0.022755831,73.19886
24.442029139218562,35.043478080275,76.86345,9504000.051498413,-0.0075062253,-0.019472878,74.81245
24.822463669968496,35.11956556932083,79.471794,3542400.093984604,-0.018783223,0.009678258,72.48543
24.43478277193275,35.06521686399416,78.38795,11836799.665260315,0.015188582,-0.0054105073,75.50504
24.608695560661264,35.210145036629335,80.071884,1641599.9465703964,-0.04472931,-0.0059799254,70.931625
24.423912946628306,35.16304383214723,83.815254,3801600.0205993652,-0.036171984,-0.014401656,71.31037
24.275362351941567,35.02173896397893,79.32639,4752000.025749207,-0.064226404,-0.018922899,70.40129
24.85869584610084,35.31159408476158,76.05999,13564800.27294159,0.040721513,-0.023155827,75.17443
24.068840433535758,35.17753635462667,82.62194,2592000.0888347626,-0.04853418,-0.06083278,71.68481
24.47463793572534,35.15579704180788,74.131996,13651199.974250793,0.024841394,-0.026102897,74.372826
24.481884276880134,35.21376834109622,79.042,7171199.889278412,-0.01575755,0.0090634,72.31119
24.15942034471344,35.02536261613985,84.04098,10195199.855804443,0.022389548,-0.03259331,69.4646
24.503623143558386,34.916666955294566,80.479385,17625600.494384766,-0.007682614,0.0026347544,72.83213
24.340579735906957,35.22101461745307,78.71513,15379199.48501587,0.024896447,-0.020011116,77.51777
24.275362351941567,35.02173896397893,79.32639,3456000.11844635,-0.068709,-0.013199601,70.208145
24.49275373635028,35.04710138474188,79.64641,10368000.35533905,0.019956307,-0.010236032,74.03814
24.3985509616347,35.079710263267266,82.39983,259199.99517202377,0.010285869,-0.015883002,70.75527
24.423912946628306,35.13405791039468,84.735344,9935999.654960632,0.030891344,-0.02086281,71.12893
24.358695745580064,35.14492749121842,79.46463,11664000.262641907,0.025004562,-0.013527721,74.3884
24.655797039477626,35.09782643790763,82.953125,11404800.061798096,0.019671107,-0.022751369,72.21264
24.800724541980035,35.0326085145684,80.91604,1382400.019955635,0.0023141094,-0.004104227,72.28358
24.373188349496587,35.09782609021359,73.044136,2246400.0495672226,-0.036955412,0.006703552,73.01826
24.15942034471344,35.02536261613985,84.04098,14860800.180244446,0.02484361,-0.03711934,69.52218
24.271739312019278,35.0833337340226,74.97577,4233599.898290634,-0.056811165,-0.007866316,71.92873
24.423912946628306,35.13405791039468,84.735344,16329599.49016571,0.014089188,-0.025049172,69.07697
24.49275373635028,34.95652190987481,78.13308,17884799.598312378,-0.009938337,-0.028118305,75.402794
24.586956589458925,35.03623181903528,81.050644,14947199.88155365,0.021829557,-0.015733097,73.10513
24.32608705359737,35.05434782738719,80.59564,15292799.783706665,0.008364629,-0.017061915,74.25479
24.134057993885538,35.130434787333385,80.741425,5875199.981975555,-0.086237565,-0.010673095,70.279015
24.2137679164399,35.101449394680465,78.1842,12182399.56741333,0.019712143,-0.02613322,75.330215
24.068840433535758,35.17753635462667,82.62194,15033599.582862854,0.037160154,-0.029837143,72.504234
24.528985389862203,35.079710263267266,73.800804,11664000.262641907,0.01927024,-0.025032982,74.60405
24.43478251062254,35.050724689208764,81.254395,13737599.675559998,0.02034655,-0.018212833,72.74067
24.423912946628306,35.16304383214723,83.815254,2419199.8635292053,-0.039826218,-0.01860081,71.05777
24.655797039477626,35.09782643790763,82.953125,7862400.2420425415,0.0005927086,-0.016111318,72.7725
24.351449221508126,35.36231895652174,77.53338,6652800.036048889,0.021756986,-0.011882637,71.88135
24.46739112421217,35.10507235145331,77.031204,10195199.855804443,0.014574541,-0.0035989396,75.253914
24.17028990870767,35.119565206509655,75.23819,15120000.381088257,0.024411034,-0.024659261,75.446724
24.731884091961334,34.88405773852335,82.62194,10454400.056648254,0.01874354,-0.0161716,73.584274
24.528985389862203,35.079710263267266,73.800804,14515200.27809143,0.016849602,-0.021599874,74.74315
24.268116089179838,35.07971042955572,81.07262,7775999.992275238,-0.032201026,-0.022473585,71.14905
24.423912946628306,35.13405791039468,84.735344,10713600.257492065,0.031153135,-0.022468038,70.781265
24.40579722439643,35.07608730649443,81.130585,9071999.899578094,0.024309048,-0.013081327,72.277
24.40217392316393,35.07246365433351,77.73675,15724800.484085083,0.002122756,-0.009823337,76.83094
24.507246418659868,35.018115659512056,74.98295,16934399.593162537,-0.004397854,-0.021493971,75.468895
24.507246418659868,35.018115659512056,74.98295,8899199.948501587,0.015008759,0.0046648216,74.693695
24.659420157792983,35.13768139626715,82.9603,6652800.036048889,-0.01488946,0.015865289,72.56495
24.152173912100075,34.942029039701325,85.189964,11059200.15964508,0.051387645,-0.036354948,69.01701
24.365941903817713,35.11594190204278,77.940506,5356800.128746033,-0.040966373,-0.013379533,71.34073
24.264492787947336,35.06521739309379,75.914215,4752000.025749207,-0.030486774,-0.002912242,71.52366
24.264492787947336,35.06521739309379,75.914215,16847999.891853333,0.0047005825,-0.020909023,76.43154
24.49275373635028,34.95652190987481,78.13308,14601599.979400635,0.014190974,0.006448323,75.86401
24.068840433535758,35.050724689208764,75.1399,777599.9855160713,-0.029280555,-0.059725817,71.20072
24.264492787947336,35.06521739309379,75.914215,11145599.860954285,0.01999443,-0.014436021,75.0936
24.503623143558386,34.916666955294566,80.479385,5875199.981975555,-0.04299434,-0.0139697045,72.22824
24.55434784521419,35.039855304907746,78.730316,18403200.0,0.002746649,-0.032579526,75.69024
24.336956356281394,35.12681217825459,78.56935,2419199.8635292053,-0.03304797,-0.006869491,69.633865
24.518115930392057,35.170290078269815,76.7112,4060799.9472141266,-0.03863093,0.00019642338,71.62527
24.586956589458925,35.03623181903528,81.050644,15724800.484085083,0.015512379,-0.02311084,73.00935
24.60144921950647,34.9456523441682,85.40489,5615999.781131744,-0.023749273,0.013839478,72.570915
24.731884091961334,34.88405773852335,82.62194,6566399.786281586,-0.009388592,0.017868688,73.14196
24.623188347494935,34.98550731008629,86.27349,604799.9658823013,0.016648902,-0.013430633,73.87617
24.5036234048686,34.94565269942081,84.86278,3369599.8686790466,-0.010853089,-0.014870815,72.4802
24.57608686867857,35.22463755910878,78.28966,17279999.49531555,0.015527975,-0.025099993,77.14141
24.586956589458925,35.03623181903528,81.050644,3801600.0205993652,-0.0058621354,-0.022020288,71.63616
24.336956356281394,35.12681217825459,78.56935,16070400.386238098,-0.0040440448,-0.0072104707,77.19375
24.351449221508126,35.36231895652174,77.53338,13996799.876403809,0.034523387,-0.01197454,76.8957
24.60144921950647,34.9456523441682,85.40489,1036799.9806880951,0.0163913,0.003236318,73.91736
24.177536001617764,35.01449252133363,77.3516,9417600.350189209,0.01922175,-0.036589626,73.289024
24.06159400092239,35.235507653915,77.223785,10799999.95880127,0.049533285,-0.04513714,73.410545
24.579710091518006,35.06884069756067,84.24473,17539199.696159363,-0.0063851736,0.0053583514,69.089905
24.423912946628306,35.13405791039468,84.735344,17884799.598312378,0.0024769865,-0.027115472,68.81605
24.481884276880134,35.21376834109622,79.042,13996799.876403809,0.015795333,-0.012808319,76.463875
24.572463802625258,35.028985391507106,77.31845,12268800.365638733,0.017645393,-0.024285506,76.57215
24.16304339770124,35.14130418675153,77.183464,7775999.992275238,0.02600573,-0.031745028,72.30118
24.52536253285706,35.05797113185407,79.99595,4406400.123596191,-0.023415796,-0.0120935775,71.29635
24.5036234048686,34.94565269942081,84.86278,691200.0099778175,0.026735142,0.009919543,72.732635
24.55072462237475,35.07608730649443,88.70044,17279999.49531555,0.021598157,-0.050671685,71.4645
24.728260869121893,35.15579704180788,79.23173,3369599.8686790466,-0.023810074,-0.0045031086,71.68693
24.373188349496587,35.09782609021359,73.044136,17020800.39138794,0.008595979,-0.03442199,72.7114
24.49275373635028,35.04710138474188,79.64641,18143999.79915619,-0.0076726787,-0.01877559,74.922066
24.880434869565217,35.11594208344836,73.60822,15897599.886703491,0.02395954,-0.023607776,73.599815
24.40579730278949,34.98550712868071,82.545616,9331199.551963806,0.008427706,-0.02472023,71.745514
24.626811465810288,35.05797113185407,83.9315,15465600.283241272,0.026133884,-0.013252556,70.09694
24.800724541980035,35.0326085145684,80.91604,11231999.562263489,0.026877722,-0.005401373,74.581314
24.068840433535758,35.050724689208764,75.1399,8899199.948501587,-0.011349913,-0.036415298,72.47693
24.677536062942007,35.07971042955572,84.775665,10368000.35533905,0.019245625,-0.026940953,72.05104
24.46739112421217,35.10507235145331,77.031204,8208000.144195557,-0.0086100325,0.0162601,73.79775
24.275362351941567,35.02173896397893,79.32639,10195199.855804443,0.021392265,-0.016280927,73.20317
24.43478277193275,35.06521686399416,78.38795,5788799.732208252,-0.029207323,-0.005264759,71.54205
24.572463802625258,35.028985391507106,77.31845,17884799.598312378,-0.009523585,-0.01764198,76.048515
24.60144921950647,34.9456523441682,85.40489,3542400.093984604,-0.025557224,0.016043011,73.176056
24.659420157792983,35.13768139626715,82.9603,11318400.360488892,0.021721266,-0.017406859,72.264786
24.271739312019278,35.0833337340226,74.97577,3887999.996137619,-0.058289345,-0.0062284805,71.82152
24.152173912100075,34.942029039701325,85.189964,518399.99034404755,-0.0061882623,-0.012638234,73.25267
24.409420264318722,35.137681214861566,85.684586,4492800.099134445,-0.044720802,0.0030165818,71.59542
24.369565205050215,35.10507235145331,81.59638,5615999.781131744,-0.03646886,-0.013156917,71.040985
24.46739112421217,35.10507235145331,77.031204,17279999.49531555,0.012212247,-0.030692786,76.87048
24.53985505838052,35.14492730981283,78.72631,8380800.095272064,0.0009042397,0.01762702,73.63226
24.423912946628306,35.16304383214723,83.815254,18316800.298690796,0.01962721,-0.028084263,69.89802
24.202898613755877,35.17753635462667,82.22561,9676799.454116821,0.03158445,-0.015211515,70.507286
24.271739312019278,35.0833337340226,74.97577,17366400.293540955,0.012143113,-0.025354099,75.33373
24.068840433535758,35.050724689208764,75.1399,1641599.9465703964,-0.054648,-0.030429602,71.13734
24.423912946628306,35.16304383214723,83.815254,18403200.0,0.019165304,-0.027968135,69.89603
24.521739153231497,35.18115965909355,80.50853,11231999.562263489,0.014570622,-0.010749321,73.723526
24.369565205050215,35.10507235145331,81.59638,14687999.680709839,0.020329148,-0.012359198,72.63263
24.373188532413735,34.85507217391305,83.68782,2678400.0643730164,-0.020350222,0.0021381415,71.36748
24.40579722439643,35.07608730649443,81.130585,12527999.469566345,0.023442246,-0.02029888,72.9643
24.5036234048686,34.94565269942081,84.86278,15120000.381088257,0.022455996,-0.037174698,69.2334
24.293478074173446,35.130434424522214,78.52256,14428799.479866028,0.009683803,-0.015351977,76.990715
24.40579730278949,34.98550712868071,82.545616,15206400.082397461,0.0008996576,-0.032749083,70.49362
24.152173912100075,34.942029039701325,85.189964,11404800.061798096,0.05415844,-0.036669645,68.77495
24.171296292717127,35.10648163098043,78.049835,10627199.459266663,0.024619214,-0.028723665,73.805504
24.003623304347823,35.192029209683014,80.788605,9676799.454116821,0.037743665,-0.008954279,70.42282
24.62318819070881,35.09782625650204,81.14894,8553600.046348572,-0.0017887466,0.009526176,73.14302
24.782608584568965,35.06521774078783,85.492004,5011200.226593018,-0.04449324,0.004953824,73.27322
24.75362311542571,35.148550251468535,82.31272,6566399.786281586,-0.027804267,0.01478653,72.951324
24.141304256647267,35.05072417522627,80.839714,12873600.46863556,0.01636867,-0.011495698,73.3159
24.202898613755877,35.17753635462667,82.22561,345600.00498890877,-0.042367164,-0.04458678,70.23711
24.06159400092239,35.235507653915,77.223785,13737599.675559998,0.04597186,-0.033746447,76.76588
24.619565229179578,35.18478278215484,82.255135,11059200.15964508,0.029136982,-0.02058499,72.56958
24.442029139218562,35.043478080275,76.86345,17798399.897003174,0.0027736388,-0.019882783,76.24236
24.528985389862203,35.079710263267266,73.800804,13305600.072097778,0.019978989,-0.02087086,74.71061
24.471014503837736,35.137681214861566,84.09494,12700799.969100952,0.023267986,-0.016637225,70.332794
24.55072462237475,35.07608730649443,88.70044,5011200.226593018,-0.021900926,-0.022421312,72.27766
24.278985653174068,35.159420527680346,80.15937,2851200.015449524,-0.071189106,-0.030775744,69.61195
24.16304339770124,35.14130418675153,77.183464,10972800.458335876,0.035739075,-0.02411085,74.36097
24.409420185925658,35.126811301460926,78.58091,2159999.936914444,-0.011616118,-0.023965772,69.85203
24.152173912100075,34.942029039701325,85.189964,8380800.095272064,-0.008099776,0.008388145,70.21855
24.579710091518006,35.06884069756067,84.24473,12355200.066947937,0.022753203,-0.016571097,70.83216
24.40579722439643,35.07608730649443,81.130585,6134400.182819366,-0.0044081323,-0.008407377,71.431526
24.3913043591697,35.05434799367564,86.750465,15551999.984550476,0.0132508315,-0.02133422,68.5358
24.340579735906957,35.22101461745307,78.71513,18403200.0,0.00903222,-0.031676006,77.23717
24.358695745580064,35.14492749121842,79.46463,8467199.796581268,0.008808687,0.012819834,72.46289
24.619565229179578,35.18478278215484,82.255135,8985600.19826889,0.02543882,-0.020097967,72.6083
24.423912946628306,35.16304383214723,83.815254,2764800.03991127,-0.039839294,-0.017748773,71.09976
24.293478074173446,35.130434424522214,78.52256,17539199.696159363,0.0064217336,-0.016554832,77.13889
24.423912946628306,35.16304383214723,83.815254,3283199.893140793,-0.03875565,-0.015836962,71.19243
24.659420157792983,35.13768139626715,82.9603,8899199.948501587,0.0077349897,0.002096597,72.71211
24.62318819070881,35.09782625650204,81.14894,11664000.262641907,0.016955089,-0.023608226,73.55242
24.60144921950647,34.9456523441682,85.40489,7862400.2420425415,-0.021821495,0.006093707,71.95906
24.358695745580064,35.14492749121842,79.46463,11059200.15964508,0.025013153,-0.011624839,73.9715
24.351449221508126,35.36231895652174,77.53338,18143999.79915619,0.01973488,-0.029902298,77.36356
24.576087129988778,34.96376817111452,80.53768,7603200.0411987305,-0.013947602,-0.00942624,72.971825
24.409420185925658,35.126811301460926,78.58091,5443199.830055237,-0.019744422,-0.015134633,71.333206
24.177536001617764,35.01449252133363,77.3516,12441599.768257141,0.032228686,-0.040119383,75.48129
24.880434869565217,35.11594208344836,73.60822,15811200.185394287,0.024455033,-0.023896225,73.5941
24.586956589458925,35.03623181903528,81.050644,17798399.897003174,0.0058463477,-0.033919346,73.023895
24.242753659958876,34.931159481553294,83.59315,7689599.742507935,0.013685357,0.02784577,70.716484
24.40579722439643,35.07608730649443,81.130585,6912000.2368927,0.0056980476,-0.011616163,71.653336
24.3913043591697,35.05434799367564,86.750465,2246400.0495672226,-0.032433253,-0.031827535,72.44676
24.409420264318722,35.137681214861566,85.684586,7689599.742507935,-0.006943479,0.013648018,71.48372
24.471014503837736,35.137681214861566,84.09494,12787199.670410156,0.02354236,-0.016227003,70.29541
24.57246390714934,35.13405809180027,82.83649,7257600.139045715,-0.0155136995,0.006713556,72.22365
24.409420264318722,35.137681214861566,85.684586,3801600.0205993652,-0.045230437,-0.0042134263,71.46188
24.152173912100075,34.942029039701325,85.189964,12441599.768257141,0.05567699,-0.032883924,68.11466
24.40579730278949,34.98550712868071,82.545616,18057600.097846985,-0.010881275,-0.0358502,70.80122
24.409420342711783,35.02898555779556,73.23672,432000.01480579376,-0.010116596,0.01609278,73.327194
24.5036234048686,34.94565269942081,84.86278,4752000.025749207,-0.019366935,-0.009278536,72.24426
24.43478277193275,35.06521686399416,78.38795,1296000.0444173813,-0.016274966,-0.020172648,70.47745
24.24275355543479,35.275361916886446,83.709785,16934399.593162537,0.025790885,-0.041760284,71.53016
24.152173912100075,34.942029039701325,85.189964,18143999.79915619,0.0030340478,-0.04303279,71.03095
24.32608705359737,35.05434782738719,80.59564,4579200.074672699,-0.023229595,-0.020358916,70.71321
24.576087129988778,34.96376817111452,80.53768,4665599.775981903,-0.029788751,0.00019436516,71.905426
24.731883987437246,34.999999998854186,80.17734,4233599.898290634,-0.027146552,0.0026225857,72.2928
24.264492787947336,35.06521739309379,75.914215,3196799.917602539,-0.027583968,-0.017598182,71.076294
24.53985505838052,35.14492730981283,78.72631,16502399.989700317,0.017282765,-0.039640833,76.470406
24.731883987437246,34.999999998854186,80.17734,13996799.876403809,0.020438388,-0.013547309,74.954
24.278985574781007,35.18478260074926,85.36457,9676799.454116821,0.03995039,-0.021353643,70.32933
24.72463775080654,35.097825908808005,83.506035,5270399.878978729,-0.022908121,0.0043397546,72.91572
24.507246627708035,35.15217355593542,72.15966,14342399.778556824,0.019637823,-0.0047216266,72.22493
24.57608686867857,35.22463755910878,78.28966,18316800.298690796,0.016123524,-0.024583649,76.75545
24.481884276880134,35.21376834109622,79.042,11404800.061798096,0.019117292,-0.012934979,75.071266
24.782608584568965,35.06521774078783,85.492004,6912000.2368927,-0.042600412,-0.0021062456,73.19368
24.731884091961334,34.88405773852335,82.62194,17798399.897003174,0.013869837,-0.017119672,71.145805
24.365941903817713,35.11594190204278,77.940506,7516799.791431427,-0.031326983,-0.008935228,72.517426
24.518115930392057,35.170290078269815,76.7112,2159999.936914444,-0.044401158,-0.003808193,70.69287
24.068840433535758,35.17753635462667,82.62194,13305600.072097778,0.039588585,-0.02459896,71.2218
24.623188347494935,34.98550731008629,86.27349,14860800.180244446,0.03400681,-0.025159534,69.0545
24.24275355543479,35.275361916886446,83.709785,7775999.992275238,0.016374918,-0.0034941286,70.28142
24.40217392316393,35.07246365433351,77.73675,3542400.093984604,-0.025580827,-0.0218791,70.84774
24.369565205050215,35.10507235145331,81.59638,3715200.0450611115,-0.0328304,-0.012396924,70.39261
24.177536001617764,35.01449252133363,77.3516,11750399.96395111,0.031644586,-0.040834863,74.91155
24.85869584610084,35.31159408476158,76.05999,259199.99517202377,0.014738306,0.03474842,75.674774
24.40217392316393,35.07246365433351,77.73675,5788799.732208252,-0.028715324,-0.012827728,71.73134
24.369565205050215,35.10507235145331,81.59638,6998399.938201904,-0.018650733,-0.011804085,71.39205
24.471014503837736,35.137681214861566,84.09494,6652800.036048889,-0.020640146,0.0024888292,71.85907
24.409420264318722,35.137681214861566,85.684586,8380800.095272064,0.006783858,0.004022762,71.44226
24.782608584568965,35.06521774078783,85.492004,2246400.0495672226,-0.013318993,0.0050191227,73.23689
24.728260869121893,35.15579704180788,79.23173,8035200.193119049,0.0137064215,0.013971434,73.81629
24.514492864338745,35.152173737341,77.98083,14601599.979400635,0.018464865,-0.028077219,77.0885
24.286231733018653,35.16304365074164,82.86601,11923200.463485718,0.041342646,-0.022073742,71.02716
24.608695560661264,35.210145036629335,80.071884,8726399.99742508,0.00818181,0.017140528,73.35987
24.17028990870767,35.119565206509655,75.23819,7343999.840354919,-0.018822484,-0.0029286146,72.835464
24.141304256647267,35.05072417522627,80.839714,691200.0099778175,-0.083405524,-0.023290344,69.467636
24.518115930392057,35.170290078269815,76.7112,1123200.0247836113,-0.05105483,0.007329693,70.57107
24.16304339770124,35.14130418675153,77.183464,14860800.180244446,0.032978088,-0.019843813,77.408775
24.782608584568965,35.06521774078783,85.492004,6566399.786281586,-0.04548495,-0.0019054189,73.18293
24.15217408195171,35.09782609021359,90.079155,18057600.097846985,0.013770696,-0.05689537,73.45757
24.264492787947336,35.06521739309379,75.914215,5443199.830055237,-0.029669065,0.006707739,71.857956
24.068840433535758,35.17753635462667,82.62194,4233599.898290634,-0.054800127,-0.06644328,71.04107
24.800724541980035,35.0326085145684,80.91604,16502399.989700317,0.013999276,-0.010616802,74.03823
24.423912946628306,35.13405791039468,84.735344,10281599.557113647,0.03170269,-0.021854706,70.97989
24.068840433535758,35.17753635462667,82.62194,9590399.752807617,0.03346927,-0.048063423,69.77571
24.677536062942007,35.07971042955572,84.775665,13478399.474716187,0.017431103,-0.026421167,70.51046
24.880434869565217,35.11594208344836,73.60822,13737599.675559998,0.036841586,-0.014164247,73.52211
24.619565229179578,35.18478278215484,82.255135,6652800.036048889,0.0012469776,-0.0131873,72.45671
24.340579657513896,35.072464168316,77.031204,6652800.036048889,-0.033537466,-0.0071108863,72.36837
24.60144921950647,34.9456523441682,85.40489,10540799.757957458,0.02460935,-0.015224628,71.11736
24.268116089179838,35.07971042955572,81.07262,2332799.8879909515,-0.0497352,-0.0038189366,70.00518
24.507246418659868,35.018115659512056,74.98295,3369599.8686790466,-0.016445227,-0.009318542,73.24427
24.782608845879178,35.07246365433351,80.82854,17193599.794006348,-0.002521444,0.007474117,73.93243
24.369565205050215,35.10507235145331,81.59638,17971200.39653778,0.0027994923,-0.021447022,72.69328
24.235507135886934,35.09782643790763,86.62735,12355200.066947937,0.02930605,-0.034385357,68.6203
24.409420342711783,35.02898555779556,73.23672,2332799.8879909515,-0.02645072,-0.011622153,73.28483
24.659420157792983,35.13768139626715,82.9603,7862400.2420425415,-0.0062921755,0.013726242,72.68974
24.60144921950647,34.9456523441682,85.40489,3715200.0450611115,-0.026176024,0.016125884,73.13181
24.33695651306752,35.26449269887389,75.24537,16329599.49016571,0.024786148,-0.03908461,75.03795
24.264492787947336,35.06521739309379,75.914215,15897599.886703491,0.0062108263,-0.020170107,76.37035
24.49275373635028,35.04710138474188,79.64641,172800.00249445438,0.008144606,0.012524767,70.54727
24.85869584610084,35.31159408476158,76.05999,14601599.979400635,0.041271616,-0.028484803,75.5679
24.409420264318722,35.097825908808005,75.01247,16934399.593162537,0.0074236505,-0.016481776,75.1252
24.880434869565217,35.11594208344836,73.60822,7775999.992275238,-0.011842206,0.021356529,73.54656
24.003623304347823,35.192029209683014,80.788605,13219200.370788574,0.029726718,-0.0116851255,73.72628
24.278985653174068,35.159420527680346,80.15937,3196799.917602539,-0.07248807,-0.028015532,69.77606
24.655797039477626,35.09782643790763,82.953125,7775999.992275238,-0.0005886592,-0.016291954,72.768616
24.340579735906957,35.22101461745307,78.71513,3369599.8686790466,-0.024435114,-0.025848377,70.406006
24.55434784521419,35.039855304907746,78.730316,9763200.252342224,0.030703591,-0.018382475,74.648506
24.53985505838052,35.14492730981283,78.72631,9158400.149345398,0.010051731,0.006639853,74.056145
24.275362351941567,35.02173896397893,79.32639,4233599.898290634,-0.066635385,-0.015327524,70.324615
24.33695651306752,35.26449269887389,75.24537,3196799.917602539,-0.089551404,-0.05835801,70.71516
24.32608705359737,35.05434782738719,80.59564,12009600.164794922,0.02133927,-0.022457685,73.27523
24.822463669968496,35.11956556932083,79.471794,14601599.979400635,0.023883313,-0.020079281,75.958046
24.507246418659868,35.018115659512056,74.98295,7171199.889278412,-0.005075857,0.019340266,74.13294
24.423912946628306,35.16304383214723,83.815254,9417600.350189209,0.040816046,-0.016035631,71.44018
24.60144921950647,34.9456523441682,85.40489,12441599.768257141,0.029474895,-0.01796078,70.14241
24.2137679164399,35.101449394680465,78.1842,6998399.938201904,-0.026760142,-0.022815,71.44218
24.409420185925658,35.126811301460926,78.58091,12182399.56741333,0.023570348,-0.01606134,75.590614
24.514492864338745,35.152173737341,77.98083,950400.0051498413,-0.022160769,-0.0071931407,70.40836
24.235507135886934,35.09782643790763,86.62735,16934399.593162537,0.012985323,-0.03863314,68.6094
24.06159400092239,35.235507653915,77.223785,5270399.878978729,-0.029788133,-0.0598525,70.195366
24.72463775080654,35.097825908808005,83.506035,1382400.019955635,-0.0021667778,-0.0017047748,72.71061
24.171296292717127,35.10648163098043,78.049835,5702400.030899048,-0.046969842,-0.027287908,70.59373
24.528985389862203,35.079710263267266,73.800804,16070400.386238098,0.0053182766,-0.02889654,74.522446
24.15217408195171,35.09782609021359,90.079155,172800.00249445438,0.014409522,-0.052193824,73.66711
24.423912946628306,35.16304383214723,83.815254,8985600.19826889,0.042212773,-0.016120266,71.53328
24.278985653174068,35.159420527680346,80.15937,9417600.350189209,0.021000786,-0.0047575347,72.08278
24.619565229179578,35.18478278215484,82.255135,12960000.169944763,0.024983814,-0.022204507,72.27244
24.49275373635028,35.04710138474188,79.64641,13910400.175094604,0.012389364,-0.018839333,74.90954
24.782608845879178,35.07246365433351,80.82854,3628800.0695228577,-0.027841832,-0.013290733,72.48897
24.503623143558386,34.916666955294566,80.479385,12873600.46863556,0.024514489,-0.0063587464,73.48692
24.35507260113369,35.04710138474188,76.478294,11664000.262641907,0.0044144876,-0.020709239,75.7528
24.85869584610084,35.31159408476158,76.05999,14428799.479866028,0.041567378,-0.027448293,75.48566
24.171296292717127,35.10648163098043,78.049835,13478399.474716187,0.025721328,-0.020501103,76.554886
24.525362323808892,35.01449270273921,80.76379,1468799.9954938889,-0.0010275729,0.009937575,70.8912
24.15217408195171,35.09782609021359,90.079155,10799999.95880127,0.048068102,-0.016969737,70.81237
24.275362351941567,35.02173896397893,79.32639,14342399.778556824,0.017141918,-0.019283738,75.67436
24.17028990870767,35.119565206509655,75.23819,1468799.9954938889,-0.06443234,-0.051637758,70.39409
24.068840433535758,35.050724689208764,75.1399,9417600.350189209,0.00074823946,-0.033239264,72.65798
24.60144921950647,34.9456523441682,85.40489,18143999.79915619,0.012136368,-0.03232433,69.022064
24.268116089179838,35.07971042955572,81.07262,9071999.899578094,-0.0051318146,-0.014588341,71.576744
24.608695560661264,35.210145036629335,80.071884,3542400.093984604,-0.045891415,0.004325485,71.051865
24.49275373635028,35.04710138474188,79.64641,5443199.830055237,-0.033467557,-0.0066888295,71.47316
24.409420264318722,35.097825908808005,75.01247,3196799.917602539,-0.04111929,-0.019244596,72.367905
24.586956589458925,35.03623181903528,81.050644,1814400.0347614288,-0.0014887489,-0.012113005,71.25365
24.35507260113369,35.04710138474188,76.478294,1468799.9954938889,-0.00065604225,-0.010399446,70.93169
24.677536062942007,35.07971042955572,84.775665,1900800.0102996826,-0.017962683,0.0046259984,72.99714
24.619565229179578,35.18478278215484,82.255135,11145599.860954285,0.029053219,-0.020893838,72.56108
24.576087129988778,34.96376817111452,80.53768,16675200.489234924,0.019221038,-0.02735911,73.02431
24.55072462237475,35.07608730649443,88.70044,8553600.046348572,0.0041994154,-0.023559555,73.14462
24.293478074173446,35.130434424522214,78.52256,16243199.788856506,0.0053590685,-0.018395796,77.382706
24.340579657513896,35.072464168316,77.031204,5270399.878978729,-0.039565396,-0.020513289,71.6049
24.47463793572534,35.15579704180788,74.131996,10627199.459266663,0.02238667,-0.02644226,74.63232
24.409420264318722,35.137681214861566,85.684586,5875199.981975555,-0.035320718,0.014117172,71.60399
24.49275373635028,35.04710138474188,79.64641,6739199.737358093,-0.026842725,-0.0037684217,72.21179
24.43478251062254,35.050724689208764,81.254395,8899199.948501587,0.0062386356,0.0014223978,72.31931
24.177536001617764,35.01449252133363,77.3516,9071999.899578094,0.013949832,-0.036944237,73.04177
24.336956356281394,35.12681217825459,78.56935,17020800.39138794,-0.009465143,-0.00083632395,77.12279
24.43478251062254,35.050724689208764,81.254395,16329599.49016571,0.0074682385,-0.023562942,72.560555
24.40217392316393,35.07246365433351,77.73675,15638399.68585968,0.0030578189,-0.0094469115,76.83117
24.40579730278949,34.98550712868071,82.545616,1728000.059223175,-0.013997171,0.006917296,71.19196
24.373188349496587,35.09782609021359,73.044136,16588799.691009521,0.0097881835,-0.035116356,72.72021
24.75362311542571,35.148550251468535,82.31272,12960000.169944763,0.0133765,-0.024437353,72.79118
24.57246390714934,35.13405809180027,82.83649,8208000.144195557,0.0017696023,0.0074069332,72.290665
24.423912946628306,35.16304383214723,83.815254,5702400.030899048,-0.0066733807,-0.020143628,71.66938
24.507246627708035,35.15217355593542,72.15966,8639999.747657776,0.021807423,0.006273212,72.78844
24.43478251062254,35.050724689208764,81.254395,10281599.557113647,0.018837608,-0.02042225,72.585075
24.351449221508126,35.36231895652174,77.53338,1209599.9317646027,-0.13468808,-0.13615386,72.12075
24.822463669968496,35.11956556932083,79.471794,5529600.07982254,0.0043806434,0.0142781185,72.980354
24.518115930392057,35.170290078269815,76.7112,777599.9855160713,-0.054675143,0.013377773,70.60377
24.409420264318722,35.097825908808005,75.01247,3628800.0695228577,-0.039605398,-0.015634123,72.54049
24.55072462237475,35.07608730649443,88.70044,16588799.691009521,0.023911152,-0.047385562,71.41272
24.579710091518006,35.06884069756067,84.24473,12960000.169944763,0.022430712,-0.013181534,70.563774
24.3913043591697,35.05434799367564,86.750465,10627199.459266663,0.030058146,-0.008259058,70.480995
24.3913043591697,35.05434799367564,86.750465,18403200.0,-0.0072748177,-0.014784884,68.46105
24.340579657513896,35.072464168316,77.031204,12182399.56741333,0.014910571,-0.013320621,76.0149
24.623188347494935,34.98550731008629,86.27349,4665599.775981903,-0.028699841,-0.009170629,72.95138
24.49275373635028,34.95652190987481,78.13308,8467199.796581268,-0.019732565,0.012922892,74.06007
24.358695745580064,35.14492749121842,79.46463,17452799.99485016,0.0017401874,-0.019771457,76.20047
24.880434869565217,35.11594208344836,73.60822,7084800.187969208,-0.0153214745,0.024204714,73.5522
24.800724541980035,35.0326085145684,80.91604,12009600.164794922,0.025079435,-0.00080969,74.53587
24.822463669968496,35.11956556932083,79.471794,14687999.680709839,0.023396034,-0.020362832,75.957664
24.33695651306752,35.26449269887389,75.24537,345600.00498890877,-0.12466577,-0.040266942,70.309135
24.351449221508126,35.36231895652174,77.53338,1814400.0347614288,-0.124847695,-0.13007724,71.93863
24.286231733018653,35.16304365074164,82.86601,7862400.2420425415,0.030749306,-0.03376359,70.61323
24.481884276880134,35.21376834109622,79.042,11923200.463485718,0.01919706,-0.011278346,75.3942
24.677536062942007,35.07971042955572,84.775665,12095999.866104126,0.013844976,-0.031604964,71.1962
24.2137679164399,35.101449394680465,78.1842,6047999.933052063,-0.029522974,-0.03325614,70.88272
24.481884276880134,35.21376834109622,79.042,9590399.752807617,0.016010692,-0.00015244447,73.79812
24.471014503837736,35.137681214861566,84.09494,13305600.072097778,0.025086824,-0.013844777,70.07426
24.521739153231497,35.18115965909355,80.50853,17193599.794006348,0.028049737,-0.023622278,74.27886
24.24275355543479,35.275361916886446,83.709785,18057600.097846985,0.017667143,-0.04478425,71.83783
24.514492864338745,35.152173737341,77.98083,3628800.0695228577,-0.029345725,-0.011878725,71.06706
24.5036234048686,34.94565269942081,84.86278,10108800.15449524,0.020358052,-0.028208122,70.964066
24.409420264318722,35.097825908808005,75.01247,2592000.0888347626,-0.043324042,-0.023705658,72.14078
24.152173912100075,34.942029039701325,85.189964,6047999.933052063,-0.027370002,-0.013980463,70.81592
24.57246390714934,35.13405809180027,82.83649,5270399.878978729,-0.022573471,-0.0048848987,72.077614
24.576087129988778,34.96376817111452,80.53768,3542400.093984604,-0.022593766,-0.006132312,71.632454
24.442029139218562,35.043478080275,76.86345,17625600.494384766,0.004424412,-0.018869262,76.27255
24.35507260113369,35.04710138474188,76.478294,5788799.732208252,-0.02693231,-0.015338112,72.19273
24.75362311542571,35.148550251468535,82.31272,11836799.665260315,0.008145845,-0.02621954,73.03533
24.62318819070881,35.09782625650204,81.14894,1555199.9710321426,-0.005182922,0.002446577,71.22564
24.340579657513896,35.072464168316,77.031204,17884799.598312378,-0.006684985,-0.016999237,76.825775
24.62318819070881,35.09782625650204,81.14894,8726399.99742508,0.0005976707,0.008091876,73.18504
24.409420264318722,35.137681214861566,85.684586,12441599.768257141,0.030539967,-0.013189644,69.86443
24.264492787947336,35.06521739309379,75.914215,3023999.9665260315,-0.027059447,-0.018326405,71.0439
24.17028990870767,35.119565206509655,75.23819,14428799.479866028,0.029190816,-0.019835144,75.291504
24.278985574781007,35.18478260074926,85.36457,16588799.691009521,0.015423438,-0.03168296,70.08072
24.365941903817713,35.11594190204278,77.940506,9763200.252342224,0.0036259666,-0.00559498,74.19383
24.800724541980035,35.0326085145684,80.91604,4838399.727058411,-0.028101016,-0.01672275,72.86937
24.43478277193275,35.06521686399416,78.38795,15897599.886703491,0.0065225177,-0.015243776,76.49166
24.49275373635028,35.04710138474188,79.64641,17193599.794006348,-0.0022342429,-0.023455624,74.88246
24.608695560661264,35.210145036629335,80.071884,1036799.9806880951,-0.04140978,-0.0099322125,71.02125
24.75362311542571,35.148550251468535,82.31272,9244799.850654602,0.0039118305,4.4874847e-05,73.396675
24.55072462237475,35.07608730649443,88.70044,2246400.0495672226,-0.006511342,-0.023993943,71.99332
24.55434784521419,35.039855304907746,78.730316,3628800.0695228577,-0.01690529,-0.013903849,71.321396
24.373188349496587,35.09782609021359,73.044136,12095999.866104126,0.023363288,-0.040394623,73.14289
24.15217408195171,35.09782609021359,90.079155,3456000.11844635,-0.015632145,-0.035083275,73.55876
24.2137679164399,35.101449394680465,78.1842,13996799.876403809,0.022667684,-0.027210232,76.886566
24.340579657513896,35.072464168316,77.031204,14428799.479866028,0.014304139,-0.006710913,76.749504
24.521739153231497,35.18115965909355,80.50853,1209599.9317646027,0.00023017079,-0.018808149,70.66717
24.177536001617764,35.01449252133363,77.3516,2332799.8879909515,-0.05664629,-0.03283786,69.9474
24.626811465810288,35.05797113185407,83.9315,4060799.9472141266,-0.024610724,0.002542302,72.7446
24.49275373635028,35.04710138474188,79.64641,2764800.03991127,-0.019695066,-0.0060326494,70.842026
24.75362311542571,35.148550251468535,82.31272,12787199.670410156,0.012217639,-0.025090564,72.83547
24.152173912100075,34.942029039701325,85.189964,15811200.185394287,0.025163583,-0.03918988,69.19181
24.06159400092239,35.235507653915,77.223785,15897599.886703491,0.025654752,-0.047768515,77.42665
24.822463669968496,35.11956556932083,79.471794,17366400.293540955,0.011950677,-0.030662358,75.471306
24.822463669968496,35.11956556932083,79.471794,9590399.752807617,0.020242317,-0.015184812,74.992065
24.521739153231497,35.18115965909355,80.50853,5615999.781131744,-0.0049015097,-0.019953847,71.57273
24.235507135886934,35.09782643790763,86.62735,13996799.876403809,0.03302011,-0.032999326,68.493645
24.43478277193275,35.06521686399416,78.38795,12095999.866104126,0.014817389,-0.0040870197,75.63919
24.293478074173446,35.130434424522214,78.52256,6652800.036048889,-0.030802388,-0.019088421,71.541504
24.33695651306752,35.26449269887389,75.24537,12355200.066947937,0.02516487,-0.037986774,75.06661
24.235507135886934,35.09782643790763,86.62735,12614400.267791748,0.029717617,-0.034061376,68.56383
24.278985653174068,35.159420527680346,80.15937,6912000.2368927,-0.043279883,-0.028013863,71.25027
24.40217392316393,35.07246365433351,77.73675,13046399.871253967,0.016711898,-0.0047662966,76.38636
24.503623143558386,34.916666955294566,80.479385,15206400.082397461,0.014403852,-0.0108197555,73.11474
24.471014503837736,35.137681214861566,84.09494,16070400.386238098,0.010011042,-0.0210661,69.39183
24.782608584568965,35.06521774078783,85.492004,864000.0296115875,0.017666493,0.0053056274,73.39111
24.409420185925658,35.126811301460926,78.58091,1987199.9858379364,-0.009567358,-0.024983976,69.808395
24.47463793572534,35.15579704180788,74.131996,1900800.0102996826,-0.021588318,-0.023650814,72.2993
24.60144921950647,34.9456523441682,85.40489,4319999.873828888,-0.02603824,0.015677594,72.97702
24.55072462237475,35.07608730649443,88.70044,17884799.598312378,0.020190429,-0.05308171,71.38706
24.576087129988778,34.96376817111452,80.53768,17452799.99485016,0.016729062,-0.03207275,73.03752
24.32608705359737,35.05434782738719,80.59564,86400.00124722719,-0.033618215,-0.027057122,69.96065
24.55072462237475,35.07608730649443,88.70044,13824000.4737854,0.04594509,-0.028925557,70.99146
24.623188347494935,34.98550731008629,86.27349,12268800.365638733,0.034904607,-0.014612507,70.353836
24.24275355543479,35.275361916886446,83.709785,6134400.182819366,-0.02485076,-0.045491066,70.78871
24.286231733018653,35.16304365074164,82.86601,1209599.9317646027,0.02295205,-0.018405572,70.17427
24.52536253285706,35.05797113185407,79.99595,13046399.871253967,0.018394215,-0.026039742,74.47812
24.507246627708035,35.15217355593542,72.15966,15120000.381088257,0.010855727,-0.010657184,72.2429
24.49275373635028,34.95652190987481,78.13308,8985600.19826889,-0.01807833,0.003713498,74.25658
24.423912946628306,35.13405791039468,84.735344,16847999.891853333,0.010116002,-0.026019923,68.99888
24.55072462237475,35.07608730649443,88.70044,6912000.2368927,0.014387747,-0.01984705,72.66085
24.442029139218562,35.043478080275,76.86345,10540799.757957458,-0.0014814176,-0.021457959,75.417015
24.49275373635028,34.95652190987481,78.13308,6566399.786281586,-0.029800508,0.019273013,72.6666
24.880434869565217,35.11594208344836,73.60822,8035200.193119049,-0.0089626275,0.019045059,73.536674
24.731884091961334,34.88405773852335,82.62194,7689599.742507935,-0.009233106,0.01190039,73.30533
24.731884091961334,34.88405773852335,82.62194,10886399.660110474,0.01980759,-0.0165108,73.54851
24.177536001617764,35.01449252133363,77.3516,4319999.873828888,-0.06841828,-0.03353804,70.324844
24.293478074173446,35.130434424522214,78.52256,13564800.27294159,0.012820866,-0.016142916,76.448715
24.782608845879178,35.07246365433351,80.82854,259199.99517202377,0.015734062,-0.0025816895,72.19154
24.55434784521419,35.039855304907746,78.730316,11923200.463485718,0.024739608,-0.023970626,75.609985
24.40217392316393,35.07246365433351,77.73675,16934399.593162537,-0.008584302,-0.005611349,76.80678
24.271739312019278,35.0833337340226,74.97577,11923200.463485718,0.023808517,-0.024065867,74.87902
24.481884276880134,35.21376834109622,79.042,18316800.298690796,-0.006926898,-0.02477752,76.25019
24.242753659958876,34.931159481553294,83.59315,5529600.07982254,-0.01807097,0.006752886,70.93349
24.242753659958876,34.931159481553294,83.59315,7343999.840354919,0.009561468,0.025590178,70.75384
24.442029139218562,35.043478080275,76.86345,6134400.182819366,-0.022229426,-0.010649908,72.65068
24.271739312019278,35.0833337340226,74.97577,345600.00498890877,-0.070515245,0.004809916,71.31834
24.60144921950647,34.9456523441682,85.40489,1209599.9317646027,0.014273999,0.0034857355,73.8577
24.503623143558386,34.916666955294566,80.479385,3542400.093984604,-0.03077035,-0.015685003,71.46851
24.275362351941567,35.02173896397893,79.32639,9676799.454116821,0.01500608,-0.013644818,72.906845
24.49275373635028,34.95652190987481,78.13308,15379199.48501587,0.0036224686,-0.001305202,75.83646
24.503623143558386,34.916666955294566,80.479385,16934399.593162537,-0.00359096,-0.005384203,72.81284
24.373188532413735,34.85507217391305,83.68782,1468799.9954938889,-0.0021311417,0.016668968,71.363
24.24275355543479,35.275361916886446,83.709785,8553600.046348572,0.030667773,0.0077827163,70.199135
24.72463775080654,35.097825908808005,83.506035,5702400.030899048,-0.01972844,0.0076319426,72.90399
24.242753659958876,34.931159481553294,83.59315,15983999.588012695,0.010331467,-0.036531646,69.73713
24.15217408195171,35.09782609021359,90.079155,7171199.889278412,0.035174057,-0.009228002,73.115166
24.659420157792983,35.13768139626715,82.9603,6912000.2368927,-0.013636187,0.015176374,72.59264
24.655797039477626,35.09782643790763,82.953125,15206400.082397461,0.023210302,-0.025407039,71.15587
24.2137679164399,35.101449394680465,78.1842,345600.00498890877,0.004557498,-0.031225089,69.496666
24.235507135886934,35.09782643790763,86.62735,9935999.654960632,0.017726537,-0.033246245,69.726845
24.518115930392057,35.170290078269815,76.7112,6566399.786281586,-0.021000158,-0.009728905,73.004166
24.507246627708035,35.15217355593542,72.15966,11145599.860954285,0.026518233,-0.0132986605,72.53842
24.55072462237475,35.07608730649443,88.70044,11231999.562263489,0.032811087,-0.025732532,72.170166
24.782608584568965,35.06521774078783,85.492004,9590399.752807617,0.016082158,-0.0034999065,72.775635
24.358695745580064,35.14492749121842,79.46463,16243199.788856506,0.0068348534,-0.02179521,76.31794
24.268116089179838,35.07971042955572,81.07262,5184000.177669525,-0.04951172,-0.016667075,70.56459
24.340579735906957,35.22101461745307,78.71513,2419199.8635292053,-0.014431857,-0.035053436,70.406006
24.141304256647267,35.05072417522627,80.839714,15292799.783706665,0.0051765107,-0.018430851,74.686745
24.43478277193275,35.06521686399416,78.38795,14774400.478935242,0.012170961,-0.0014897194,76.4901
24.134057993885538,35.130434787333385,80.741425,15033599.582862854,0.012130141,-0.0095576085,75.272575
24.423912946628306,35.16304383214723,83.815254,3542400.093984604,-0.0376718,-0.014981475,71.249146
24.60144921950647,34.9456523441682,85.40489,17798399.897003174,0.0133876335,-0.032062642,69.085175
24.365941903817713,35.11594190204278,77.940506,10540799.757957458,0.0126350485,-0.009855006,74.75191
24.659420157792983,35.13768139626715,82.9603,13737599.675559998,0.030358696,-0.020138606,71.53822
24.731883987437246,34.999999998854186,80.17734,4838399.727058411,-0.02831829,0.0012365356,72.479004
24.423912946628306,35.16304383214723,83.815254,4406400.123596191,-0.03069504,-0.014602751,71.45748
24.264492787947336,35.06521739309379,75.914215,2332799.8879909515,-0.026831437,-0.019310307,70.905975
24.619565229179578,35.18478278215484,82.255135,11318400.360488892,0.028805003,-0.02144228,72.541985
24.423912946628306,35.16304383214723,83.815254,11491199.7631073,0.032060258,-0.021798726,70.79835
24.278985574781007,35.18478260074926,85.36457,1036799.9806880951,-0.079550445,-0.034035992,70.35858
24.33695651306752,35.26449269887389,75.24537,17971200.39653778,0.016555488,-0.041423712,75.07389
24.369565205050215,35.10507235145331,81.59638,15379199.48501587,0.011811882,-0.014850166,72.62074
24.782608845879178,35.07246365433351,80.82854,3456000.11844635,-0.027255464,-0.013487801,72.45767
24.471014503837736,35.137681214861566,84.09494,1296000.0444173813,-0.0024946928,-0.012955725,71.21002
24.471014503837736,35.137681214861566,84.09494,17712000.19569397,-0.00067753345,-0.020097077,69.268524
24.782608845879178,35.07246365433351,80.82854,8380800.095272064,0.0026814453,0.0029498283,74.06603
24.369565205050215,35.10507235145331,81.59638,13391999.773406982,0.029743377,-0.014671758,72.58635
24.728260869121893,35.15579704180788,79.23173,3887999.996137619,-0.021957546,-0.0013795979,71.825226
24.271739312019278,35.0833337340226,74.97577,14774400.478935242,0.021713313,-0.012426786,74.99025
24.72463775080654,35.097825908808005,83.506035,16502399.989700317,0.016537145,-0.036566187,70.44741
24.619565229179578,35.18478278215484,82.255135,15983999.588012695,0.02314949,-0.03133712,71.54414
24.134057993885538,35.130434787333385,80.741425,12009600.164794922,0.02169468,-0.0058635212,72.686356
24.340579735906957,35.22101461745307,78.71513,11231999.562263489,0.025799582,-0.020672724,74.66568
24.53985505838052,35.14492730981283,78.72631,8035200.193119049,-0.0039896183,0.020262053,73.45365
24.003623304347823,35.192029209683014,80.788605,3456000.11844635,-0.07529104,-0.088258654,71.096176
24.72463775080654,35.097825908808005,83.506035,16156800.087547302,0.01779428,-0.03598365,70.57672
24.2137679164399,35.101449394680465,78.1842,10108800.15449524,0.02011557,-0.0029792376,73.576324
24.43478277193275,35.06521686399416,78.38795,13910400.175094604,0.013918448,0.0030162223,76.3436
24.503623143558386,34.916666955294566,80.479385,6393599.835205078,-0.042914648,-0.008120399,72.431244
24.800724541980035,35.0326085145684,80.91604,12700799.969100952,0.024792915,0.00395485,74.50548
24.40217392316393,35.07246365433351,77.73675,17625600.494384766,-0.014351167,-0.0007170066,76.77042
24.518115930392057,35.170290078269815,76.7112,9071999.899578094,0.019600632,-0.012629885,74.57522
24.62318819070881,35.09782625650204,81.14894,2592000.0888347626,-0.0195769,-0.0011576023,71.359085
24.282608510179216,35.10869565592019,73.044136,6566399.786281586,-0.06130359,-0.019123357,72.92582
24.60144921950647,34.9456523441682,85.40489,11491199.7631073,0.027160555,-0.017013334,70.68019
24.655797039477626,35.09782643790763,82.953125,13996799.876403809,0.023335628,-0.022131309,71.53043
24.358695745580064,35.14492749121842,79.46463,8639999.747657776,0.011702374,0.011113873,72.55837
24.202898613755877,35.17753635462667,82.22561,5184000.177669525,-0.059830207,-0.02959634,70.43884
24.177536001617764,35.01449252133363,77.3516,1641599.9465703964,-0.04318629,-0.043740567,69.93662
24.731884091961334,34.88405773852335,82.62194,12527999.469566345,0.021612972,-0.014028322,73.05548
24.579710091518006,35.06884069756067,84.24473,7257600.139045715,-0.016630586,0.008572442,72.259705
24.60144921950647,34.9456523441682,85.40489,1728000.059223175,0.0052112043,0.006029116,73.68568
24.586956589458925,35.03623181903528,81.050644,6220799.884128571,-0.011321612,-0.010518767,72.40045
24.471014503837736,35.137681214861566,84.09494,16847999.891853333,0.0058014207,-0.021817788,69.33579
24.358695745580064,35.14492749121842,79.46463,12009600.164794922,0.024813494,-0.013531499,74.6337
24.471014503837736,35.137681214861566,84.09494,3887999.996137619,-0.03215872,-0.013040572,71.66618
24.409420264318722,35.137681214861566,85.684586,15120000.381088257,0.03510306,-0.012111548,69.07874
24.409420185925658,35.126811301460926,78.58091,5875199.981975555,-0.015920874,-0.015050989,71.552864
24.507246418659868,35.018115659512056,74.98295,18143999.79915619,-0.014587965,-0.0168855,75.10608
24.202898613755877,35.17753635462667,82.22561,7430400.090122223,-0.012097213,0.004478814,70.46136
24.677536062942007,35.07971042955572,84.775665,16588799.691009521,0.01129012,-0.034173083,69.11557
24.141304256647267,35.05072417522627,80.839714,11836799.665260315,0.013260916,-0.012073554,72.44603
24.33695651306752,35.26449269887389,75.24537,3801600.0205993652,-0.08889568,-0.056727868,70.8585
24.17028990870767,35.119565206509655,75.23819,4579200.074672699,-0.0668163,-0.031972557,71.41051
24.365941903817713,35.11594190204278,77.940506,4924799.976825714,-0.0416797,-0.013203796,71.122284
24.880434869565217,35.11594208344836,73.60822,11231999.562263489,0.03047226,-0.024665188,73.67864
24.171296292717127,35.10648163098043,78.049835,1814400.0347614288,-0.0553368,-0.006150026,69.53434
24.06159400092239,35.235507653915,77.223785,4147199.9227523804,-0.05955336,-0.07103041,69.87958
24.282608510179216,35.10869565592019,73.044136,16675200.489234924,0.015975375,-0.025907077,72.32109
24.282608510179216,35.10869565592019,73.044136,8380800.095272064,-0.042767715,-0.0031784885,72.918846
24.85869584610084,35.31159408476158,76.05999,10627199.459266663,0.018819742,-0.015473068,75.66486
24.16304339770124,35.14130418675153,77.183464,6998399.938201904,0.0129885,-0.03473315,71.898384
24.514492864338745,35.152173737341,77.98083,345600.00498890877,-0.02465501,0.0015001986,70.4435
24.068840433535758,35.17753635462667,82.62194,950400.0051498413,-0.0655545,-0.038827863,71.63474
24.608695560661264,35.210145036629335,80.071884,11664000.262641907,0.0146137625,-0.010921925,74.736786
24.152173912100075,34.942029039701325,85.189964,15724800.484085083,0.026018437,-0.03880893,69.1168
24.782608584568965,35.06521774078783,85.492004,6307200.133895874,-0.046257842,-0.0010721069,73.18381
24.47463793572534,35.15579704180788,74.131996,864000.0296115875,-0.029472698,0.0045758765,72.38985
24.521739153231497,35.18115965909355,80.50853,9071999.899578094,0.0114659965,0.014280352,72.880165
24.57608686867857,35.22463755910878,78.28966,9331199.551963806,0.0066792294,0.0024306308,74.517746
24.659420157792983,35.13768139626715,82.9603,17193599.794006348,0.023351483,-0.03039258,70.47255
24.579710091518006,35.06884069756067,84.24473,18230399.500465393,-0.010141138,0.011786407,69.029945
24.5036234048686,34.94565269942081,84.86278,4406400.123596191,-0.017063942,-0.010266174,72.31667
24.731883987437246,34.999999998854186,80.17734,5529600.07982254,-0.02722774,0.0010836385,72.70186
24.655797039477626,35.09782643790763,82.953125,12873600.46863556,0.02187423,-0.023027327,71.84888
24.409420264318722,35.097825908808005,75.01247,5356800.128746033,-0.036059033,-0.0018941201,73.16769
24.282608510179216,35.10869565592019,73.044136,15033599.582862854,0.026981518,-0.015856665,72.27192
24.409420264318722,35.097825908808005,75.01247,7948799.943351746,-0.011502624,0.020283505,74.00628
24.579710091518006,35.06884069756067,84.24473,86400.00124722719,-0.029472914,0.0019865185,72.18084
24.72463775080654,35.097825908808005,83.506035,3801600.0205993652,-0.030028168,-0.0019314326,72.96343
24.16304339770124,35.14130418675153,77.183464,4060799.9472141266,-0.040441196,-0.04825591,69.9008
24.49275373635028,34.95652190987481,78.13308,6998399.938201904,-0.026168931,0.021193366,73.03306
24.518115930392057,35.170290078269815,76.7112,8639999.747657776,0.014743557,-0.012475334,74.27075
24.351449221508126,35.36231895652174,77.53338,2851200.015449524,-0.10149923,-0.111122996,71.56725
24.15942034471344,35.02536261613985,84.04098,7430400.090122223,-0.0064262412,-0.040662687,69.707855
24.2137679164399,35.101449394680465,78.1842,3801600.0205993652,-0.031429153,-0.029713172,69.85751
24.286231733018653,35.16304365074164,82.86601,2851200.015449524,-0.003191691,-0.033157725,70.318504
24.641304357168043,34.938405387540406,81.3883,4492800.099134445,-0.016538221,-0.012012973,72.29745
24.43478251062254,35.050724689208764,81.254395,3715200.0450611115,-0.013775803,-0.014759753,70.93091
24.579710091518006,35.06884069756067,84.24473,10627199.459266663,0.023052692,-0.02295297,71.581635
24.40217392316393,35.07246365433351,77.73675,13910400.175094604,0.016388532,-0.0014056079,76.66866
24.728260869121893,35.15579704180788,79.23173,2419199.8635292053,-0.02194535,-0.004072506,71.556984
24.623188347494935,34.98550731008629,86.27349,13651199.974250793,0.037319556,-0.017339032,69.57194
24.15942034471344,35.02536261613985,84.04098,18230399.500465393,0.0056156255,-0.041290242,71.41542
24.177536001617764,35.01449252133363,77.3516,7257600.139045715,-0.02438793,-0.041798245,71.72582
24.528985389862203,35.079710263267266,73.800804,6307200.133895874,-0.048174094,-0.02555393,73.90181
24.40217392316393,35.07246365433351,77.73675,13132799.572563171,0.016817134,-0.0042578317,76.42128
24.278985653174068,35.159420527680346,80.15937,7516799.791431427,-0.028004888,-0.021567162,71.3728
24.409420185925658,35.126811301460926,78.58091,3887999.996137619,-0.02576397,-0.01567028,70.53326
24.507246627708035,35.15217355593542,72.15966,9590399.752807617,0.028826885,-0.009227511,72.621216
24.626811465810288,35.05797113185407,83.9315,9158400.149345398,0.0029648542,0.0017881934,72.42737
24.626811465810288,35.05797113185407,83.9315,18403200.0,0.01532853,-0.013047986,69.565384
24.409420185925658,35.126811301460926,78.58091,18403200.0,0.016122622,-0.024737496,76.67962
24.365941903817713,35.11594190204278,77.940506,1382400.019955635,-0.02839386,-0.0082624,69.792336
24.503623143558386,34.916666955294566,80.479385,1814400.0347614288,-0.0060538165,-0.006777838,70.93025
24.85869584610084,35.31159408476158,76.05999,12355200.066947937,0.035922993,-0.019192524,75.13744
24.282608510179216,35.10869565592019,73.044136,10195199.855804443,-0.0023024045,-0.011763282,72.977325
24.32608705359737,35.05434782738719,80.59564,9849599.953651428,0.019245801,-0.028219976,72.437614
24.3985509616347,35.079710263267266,82.39983,14601599.979400635,0.02128195,-0.01218383,71.22361
24.659420157792983,35.13768139626715,82.9603,16761600.190544128,0.02582356,-0.030056763,70.557465
24.49275373635028,35.04710138474188,79.64641,14687999.680709839,0.009808604,-0.020242706,74.95291
24.43478251062254,35.050724689208764,81.254395,17452799.99485016,0.0031776577,-0.021793343,72.61162
24.06159400092239,35.235507653915,77.223785,14774400.478935242,0.038228024,-0.03559201,77.225586
24.52536253285706,35.05797113185407,79.99595,7948799.943351746,0.010838624,-0.021215428,72.9785
24.286231733018653,35.16304365074164,82.86601,13391999.773406982,0.04099837,-0.020611845,71.23939
24.40579730278949,34.98550712868071,82.545616,1036799.9806880951,-0.0047747083,0.018119656,71.16208
24.409420342711783,35.02898555779556,73.23672,2159999.936914444,-0.025839332,-0.010673374,73.29253
24.3913043591697,35.05434799367564,86.750465,16329599.49016571,0.011685472,-0.0204168,68.40887
24.24275355543479,35.275361916886446,83.709785,4752000.025749207,-0.064155266,-0.073982686,71.70447
24.586956589458925,35.03623181903528,81.050644,8035200.193119049,-0.0054191165,0.009326683,73.03306
24.507246418659868,35.018115659512056,74.98295,6652800.036048889,-0.009288985,0.016498834,74.01229
24.507246418659868,35.018115659512056,74.98295,8985600.19826889,0.015777692,0.0033460166,74.731125
24.282608510179216,35.10869565592019,73.044136,3801600.0205993652,-0.06798227,-0.036879513,72.66972
24.3913043591697,35.05434799367564,86.750465,15120000.381088257,0.01567847,-0.0197802,68.60969
24.49275373635028,35.04710138474188,79.64641,2073599.9613761902,-0.0105994195,-0.0010034032,70.71639
24.293478074173446,35.130434424522214,78.52256,8553600.046348572,-0.0063378997,0.004694158,72.68151
24.586956589458925,35.03623181903528,81.050644,7430400.090122223,-0.0067112856,0.0047123544,72.82848
24.442029139218562,35.043478080275,76.86345,1900800.0102996826,-0.0125297755,0.0028895177,71.28056
24.068840433535758,35.050724689208764,75.1399,15120000.381088257,0.025899867,-0.05160785,75.63867
24.282608510179216,35.10869565592019,73.044136,15811200.185394287,0.021617834,-0.023708142,72.22044
24.003623304347823,35.192029209683014,80.788605,14515200.27809143,0.022839678,-0.022521846,75.19172
24.576087129988778,34.96376817111452,80.53768,5270399.878978729,-0.033359792,-7.330999e-05,72.0795
24.518115930392057,35.170290078269815,76.7112,1814400.0347614288,-0.0461269,-0.0016154833,70.61462
24.141304256647267,35.05072417522627,80.839714,9849599.953651428,-0.006961461,-0.012191694,71.22235
24.731883987437246,34.999999998854186,80.17734,2937599.9909877777,-0.023950525,0.0013471916,71.893875
24.43478277193275,35.06521686399416,78.38795,11491199.7631073,0.015957508,-0.0069114417,75.316635
24.586956589458925,35.03623181903528,81.050644,10627199.459266663,0.023386851,-0.01974333,73.43679
24.365941903817713,35.11594190204278,77.940506,3110399.9420642853,-0.038452704,-0.012028538,70.24749
24.623188347494935,34.98550731008629,86.27349,13737599.675559998,0.03718862,-0.017882694,69.5257
24.423912946628306,35.13405791039468,84.735344,11923200.463485718,0.027195206,-0.022096243,70.22737
24.782608584568965,35.06521774078783,85.492004,14774400.478935242,0.030188609,-0.034167755,70.08496
24.235507135886934,35.09782643790763,86.62735,4147199.9227523804,-0.02336783,0.0036950484,71.28293
24.60144921950647,34.9456523441682,85.40489,691200.0099778175,0.019108173,0.0038447957,74.03833
24.373188532413735,34.85507217391305,83.68782,14774400.478935242,0.016651448,-0.051900785,70.532364
24.503623143558386,34.916666955294566,80.479385,17107200.092697144,-0.0049755126,-0.0032397993,72.811195
24.171296292717127,35.10648163098043,78.049835,10368000.35533905,0.024744155,-0.027484667,73.59703
24.242753659958876,34.931159481553294,83.59315,1123200.0247836113,-0.0452541,0.012636045,71.73134
24.619565229179578,35.18478278215484,82.255135,9158400.149345398,0.025920285,-0.019302733,72.60909
24.40579730278949,34.98550712868071,82.545616,14860800.180244446,0.0021041632,-0.03127755,70.53317
24.33695651306752,35.26449269887389,75.24537,5184000.177669525,-0.07300305,-0.051246043,71.20979
24.423912946628306,35.13405791039468,84.735344,8812800.247192383,0.017601492,-0.012173966,71.462234
24.53985505838052,35.14492730981283,78.72631,2246400.0495672226,-0.0064339265,-0.003599722,70.60194
24.134057993885538,35.130434787333385,80.741425,3628800.0695228577,-0.09483439,-0.043117184,70.17502
24.409420264318722,35.097825908808005,75.01247,4233599.898290634,-0.03791717,-0.010655265,72.77768
24.53985505838052,35.14492730981283,78.72631,7430400.090122223,-0.012338679,0.021763166,73.140755
24.55072462237475,35.07608730649443,88.70044,6480000.084972382,0.010754881,-0.019934334,72.54091
24.3985509616347,35.079710263267266,82.39983,10627199.459266663,0.024539007,-0.03138038,71.61854
24.518115930392057,35.170290078269815,76.7112,7775999.992275238,-0.00029172748,-0.012077045,73.71307
24.57608686867857,35.22463755910878,78.28966,14687999.680709839,0.017800657,-0.014596283,77.14099
24.579710091518006,35.06884069756067,84.24473,8294399.845504761,0.0036985576,0.0039633177,72.16823
24.409420264318722,35.097825908808005,75.01247,8899199.948501587,0.0074839033,0.016305344,74.35876
24.068840433535758,35.050724689208764,75.1399,14860800.180244446,0.028146729,-0.05346943,75.536804
24.202898613755877,35.17753635462667,82.22561,259199.99517202377,-0.04261278,-0.044186648,70.23835
24.16304339770124,35.14130418675153,77.183464,8121599.894428253,0.030745732,-0.029021412,72.484436
24.880434869565217,35.11594208344836,73.60822,10627199.459266663,0.029113887,-0.019597575,73.654076
24.06159400092239,35.235507653915,77.223785,7171199.889278412,0.03632688,-0.044390064,70.72132
24.068840433535758,35.050724689208764,75.1399,9504000.051498413,0.002976779,-0.032860056,72.69303
24.278985653174068,35.159420527680346,80.15937,4147199.9227523804,-0.07477176,-0.022835597,70.27371
24.242753659958876,34.931159481553294,83.59315,15724800.484085083,0.01151742,-0.035161596,69.6354
24.579710091518006,35.06884069756067,84.24473,18143999.79915619,-0.0096084215,0.0113484785,69.03201
24.641304357168043,34.938405387540406,81.3883,15983999.588012695,0.016550697,-0.035643134,72.26569
24.358695745580064,35.14492749121842,79.46463,9244799.850654602,0.019445427,0.0046852436,72.893166
24.340579657513896,35.072464168316,77.031204,16329599.49016571,0.0027559623,-0.01829395,76.94704
24.17028990870767,35.119565206509655,75.23819,1036799.9806880951,-0.067080066,-0.05409767,70.49548
24.264492787947336,35.06521739309379,75.914215,9763200.252342224,0.016059352,0.00579454,74.28498
24.15217408195171,35.09782609021359,90.079155,10454400.056648254,0.049646042,-0.012820933,71.02772
24.572463802625258,35.028985391507106,77.31845,4147199.9227523804,-0.02725092,-0.004192762,72.162254
24.46739112421217,35.10507235145331,77.031204,9763200.252342224,0.011530457,0.0047356,74.93123
24.659420157792983,35.13768139626715,82.9603,10454400.056648254,0.019685142,-0.01672694,72.4696
24.268116089179838,35.07971042955572,81.07262,2851200.015449524,-0.051255163,-0.008390166,70.10732
24.46739112421217,35.10507235145331,77.031204,2073599.9613761902,0.0048170425,-0.022971459,70.97843
24.282608510179216,35.10869565592019,73.044136,14083199.577713013,0.03013942,-0.012827713,72.50321
24.586956589458925,35.03623181903528,81.050644,17279999.49531555,0.007966973,-0.03276638,72.96418
24.55434784521419,35.039855304907746,78.730316,5875199.981975555,-0.015620116,-0.008938335,72.32404
24.623188347494935,34.98550731008629,86.27349,9244799.850654602,0.022179462,-0.005993601,71.64498
24.608695560661264,35.210145036629335,80.071884,8639999.747657776,0.0075434465,0.017848518,73.328926
24.336956356281394,35.12681217825459,78.56935,6047999.933052063,-0.033305045,0.00023323111,71.41931
24.85869584610084,35.31159408476158,76.05999,5356800.128746033,-0.02476288,0.03980638,76.03392
24.507246418659868,35.018115659512056,74.98295,7689599.742507935,0.00012544915,0.01834914,74.259705
24.242753659958876,34.931159481553294,83.59315,6480000.084972382,-0.0047226846,0.017845856,70.84314
24.336956356281394,35.12681217825459,78.56935,17798399.897003174,-0.014110535,0.0019603241,76.933174
24.442029139218562,35.043478080275,76.86345,14169600.375938416,0.010489808,-0.017951228,76.588684
24.880434869565217,35.11594208344836,73.60822,6307200.133895874,-0.027192872,0.022548541,73.528725
24.51086948471318,35.141304337922854,75.965324,3887999.996137619,-0.033170458,-0.008839976,72.05486
24.373188349496587,35.09782609021359,73.044136,1728000.059223175,-0.03949297,0.006397251,73.02798
24.525362323808892,35.01449270273921,80.76379,10281599.557113647,0.022845343,-0.015575323,73.2898
24.068840433535758,35.050724689208764,75.1399,10972800.458335876,0.031541675,-0.034708146,73.43515
24.134057993885538,35.130434787333385,80.741425,11318400.360488892,0.021786287,-0.007380221,72.15204
24.134057993885538,35.130434787333385,80.741425,10713600.257492065,0.024002664,-0.0042959712,71.773735
24.409420342711783,35.02898555779556,73.23672,2764800.03991127,-0.027984407,-0.011793554,73.27204
24.40217392316393,35.07246365433351,77.73675,12009600.164794922,0.015158804,-0.010957297,75.877304
24.423912946628306,35.16304383214723,83.815254,4924799.976825714,-0.02324137,-0.016451765,71.568
24.3985509616347,35.079710263267266,82.39983,14169600.375938416,0.023000073,-0.011930283,71.29841
24.423912946628306,35.16304383214723,83.815254,9935999.654960632,0.038680814,-0.016954742,71.29797
24.068840433535758,35.17753635462667,82.62194,7430400.090122223,0.008191131,-0.06438798,69.61011
24.800724541980035,35.0326085145684,80.91604,17020800.39138794,0.0043624938,-0.009529777,74.02582
24.626811465810288,35.05797113185407,83.9315,13305600.072097778,0.028752401,-0.013508286,70.85309
24.340579735906957,35.22101461745307,78.71513,15983999.588012695,0.021686746,-0.027742885,77.58702
24.278985574781007,35.18478260074926,85.36457,864000.0296115875,-0.07914479,-0.034952026,70.33101
24.579710091518006,35.06884069756067,84.24473,17193599.794006348,-0.004870955,0.00048933364,69.15237
24.572463802625258,35.028985391507106,77.31845,12700799.969100952,0.01895491,-0.020298515,76.65264
24.880434869565217,35.11594208344836,73.60822,2764800.03991127,-0.036288094,0.006658485,73.56371
24.40217392316393,35.07246365433351,77.73675,1036799.9806880951,0.013104647,-0.008081999,70.40659
24.141304256647267,35.05072417522627,80.839714,5961600.231742859,-0.08718036,-0.0004638657,70.00409
24.623188347494935,34.98550731008629,86.27349,7603200.0411987305,-0.01092821,0.0058206636,72.125015
24.40217392316393,35.07246365433351,77.73675,6480000.084972382,-0.026933458,-0.0037502125,72.12569
24.728260869121893,35.15579704180788,79.23173,9849599.953651428,0.02256971,-0.008863185,74.78283
24.659420157792983,35.13768139626715,82.9603,9331199.551963806,0.012988154,-0.0058946647,72.673836
24.003623304347823,35.192029209683014,80.788605,7948799.943351746,0.018773986,0.0028964654,69.67617
24.57246390714934,35.13405809180027,82.83649,12355200.066947937,0.029735986,-0.020675082,71.692314
24.423912946628306,35.13405791039468,84.735344,13824000.4737854,0.02845762,-0.01463031,69.51454
24.358695745580064,35.14492749121842,79.46463,4319999.873828888,-0.04399753,-0.0031309724,70.613
24.40217392316393,35.07246365433351,77.73675,11059200.15964508,0.016294291,-0.012982767,75.31942
24.728260869121893,35.15579704180788,79.23173,10108800.15449524,0.023006674,-0.012140453,74.89693
24.365941903817713,35.11594190204278,77.940506,1900800.0102996826,-0.030294675,-0.011687171,69.863914
24.572463802625258,35.028985391507106,77.31845,18057600.097846985,-0.011541851,-0.016251009,76.01526
24.481884276880134,35.21376834109622,79.042,7775999.992275238,-0.008426521,0.012633113,72.64909
24.782608845879178,35.07246365433351,80.82854,4233599.898290634,-0.02933145,-0.012613449,72.61421
24.06159400092239,35.235507653915,77.223785,18230399.500465393,0.010526743,-0.053743664,76.766464
24.57246390714934,35.13405809180027,82.83649,3369599.8686790466,-0.019186579,-0.010803338,71.72409
24.55434784521419,35.039855304907746,78.730316,12355200.066947937,0.023947079,-0.02171252,75.7064
24.40579730278949,34.98550712868071,82.545616,4492800.099134445,-0.037388388,-0.0013038144,71.64802
24.626811465810288,35.05797113185407,83.9315,11664000.262641907,0.02230844,-0.017864037,71.43261
24.365941903817713,35.11594190204278,77.940506,10108800.15449524,0.008285737,-0.007182818,74.445335
24.442029139218562,35.043478080275,76.86345,16502399.989700317,0.0051121637,-0.022980079,76.49491
24.52536253285706,35.05797113185407,79.99595,6220799.884128571,-0.008857623,-0.024932593,72.07218
24.514492864338745,35.152173737341,77.98083,5097599.927902222,-0.027385246,-0.0042849444,71.826866
24.278985653174068,35.159420527680346,80.15937,18143999.79915619,-0.008069616,-0.018684696,75.488556
24.152173912100075,34.942029039701325,85.189964,1382400.019955635,-0.0016444512,-0.025462978,72.8611
24.85869584610084,35.31159408476158,76.05999,11318400.360488892,0.025627274,-0.017012253,75.43326
24.514492864338745,35.152173737341,77.98083,8121599.894428253,0.00878715,0.011382597,73.562614
24.177536001617764,35.01449252133363,77.3516,12182399.56741333,0.032041077,-0.040515583,75.262825
24.822463669968496,35.11956556932083,79.471794,10713600.257492065,0.021724954,-0.03014166,75.49997
24.57246390714934,35.13405809180027,82.83649,10799999.95880127,0.02873727,-0.019603863,72.115974
24.15217408195171,35.09782609021359,90.079155,6134400.182819366,0.015252989,-0.01968522,73.298645
24.340579657513896,35.072464168316,77.031204,2764800.03991127,-0.033959817,-0.019437801,70.77109
24.15942034471344,35.02536261613985,84.04098,4492800.099134445,-0.043543313,-0.019805796,70.648926
24.40217392316393,35.07246365433351,77.73675,8812800.247192383,0.0033576302,0.008949066,73.766884
24.282608510179216,35.10869565592019,73.044136,9504000.051498413,-0.018319756,-0.0046209693,72.983345
24.340579735906957,35.22101461745307,78.71513,1123200.0247836113,-0.015893433,-0.034842644,70.50513
24.608695560661264,35.210145036629335,80.071884,9417600.350189209,0.012594663,0.009732405,73.63898
24.286231733018653,35.16304365074164,82.86601,1987199.9858379364,0.012081087,-0.027699217,70.2242
24.271739312019278,35.0833337340226,74.97577,16934399.593162537,0.013890747,-0.024681363,75.286545
24.068840433535758,35.17753635462667,82.62194,1900800.0102996826,-0.047955196,-0.056034524,71.76493
24.481884276880134,35.21376834109622,79.042,5702400.030899048,-0.026654605,-0.0037328638,71.46405
24.822463669968496,35.11956556932083,79.471794,2505600.113296509,-0.0203433,0.01801173,72.3687
24.49275373635028,34.95652190987481,78.13308,17366400.293540955,-0.008205257,-0.027135339,75.51057
24.880434869565217,35.11594208344836,73.60822,15120000.381088257,0.029779518,-0.018026207,73.54167
24.800724541980035,35.0326085145684,80.91604,3801600.0205993652,-0.02650844,-0.017558075,72.58962
24.677536062942007,35.07971042955572,84.775665,4665599.775981903,-0.021535035,-0.013313353,72.8975
24.72463775080654,35.097825908808005,83.506035,1555199.9710321426,-0.006647505,-0.0007062033,72.737854
24.659420157792983,35.13768139626715,82.9603,10108800.15449524,0.01852979,-0.0153405145,72.54422
24.46739112421217,35.10507235145331,77.031204,10108800.15449524,0.014070846,-0.0019569062,75.19044
24.373188349496587,35.09782609021359,73.044136,11059200.15964508,0.025049612,-0.037001316,73.18705
24.641304357168043,34.938405387540406,81.3883,10540799.757957458,0.022082543,-0.03386401,73.63306
24.286231733018653,35.16304365074164,82.86601,13046399.871253967,0.041511122,-0.020742632,71.18506
24.271739312019278,35.0833337340226,74.97577,12009600.164794922,0.024418982,-0.02306487,74.89603
24.55072462237475,35.07608730649443,88.70044,10195199.855804443,0.024316665,-0.02418914,72.64173
24.278985653174068,35.159420527680346,80.15937,4579200.074672699,-0.07420561,-0.02277365,70.4983
24.16304339770124,35.14130418675153,77.183464,16934399.593162537,0.018050283,-0.026962686,77.60168
24.373188349496587,35.09782609021359,73.044136,259199.99517202377,-0.050725702,-0.00085242465,73.01869
24.068840433535758,35.17753635462667,82.62194,12527999.469566345,0.038374912,-0.025824498,70.68448
24.528985389862203,35.079710263267266,73.800804,3023999.9665260315,-0.04893208,-0.032005195,72.848076
24.275362351941567,35.02173896397893,79.32639,13996799.876403809,0.01935529,-0.01954344,75.518166
24.503623143558386,34.916666955294566,80.479385,13305600.072097778,0.023868328,-0.0011191219,73.476715
24.40579730278949,34.98550712868071,82.545616,13391999.773406982,0.011567298,-0.03037285,70.83527
24.33695651306752,35.26449269887389,75.24537,4147199.9227523804,-0.08753131,-0.05549633,70.94763
24.409420185925658,35.126811301460926,78.58091,259199.99517202377,-0.0021193288,-0.024676442,69.67625
24.507246418659868,35.018115659512056,74.98295,18316800.298690796,-0.017428845,-0.017677825,75.05607
24.623188347494935,34.98550731008629,86.27349,3974399.971675873,-0.025114153,-0.009840917,73.17546
24.728260869121893,35.15579704180788,79.23173,12268800.365638733,0.02494417,-0.013027292,75.54843
24.264492787947336,35.06521739309379,75.914215,2073599.9613761902,-0.027524892,-0.018662296,70.84817
24.481884276880134,35.21376834109622,79.042,15983999.588012695,0.0019862056,-0.025246806,76.7916
24.75362311542571,35.148550251468535,82.31272,18316800.298690796,-0.013965797,0.008107958,71.27248
24.731884091961334,34.88405773852335,82.62194,7775999.992275238,-0.0095412135,0.0105998125,73.31321
24.16304339770124,35.14130418675153,77.183464,13910400.175094604,0.03961201,-0.0150309205,76.98023
24.43478277193275,35.06521686399416,78.38795,0.0,-0.018135782,-0.021162644,70.53936
24.423912946628306,35.13405791039468,84.735344,14428799.479866028,0.027132507,-0.014942449,69.36432
24.507246418659868,35.018115659512056,74.98295,13651199.974250793,0.02133603,-0.011507802,75.92769
24.40579730278949,34.98550712868071,82.545616,3628800.0695228577,-0.03234892,-0.0012945309,71.53738
24.068840433535758,35.17753635462667,82.62194,10540799.757957458,0.031960513,-0.0376467,69.921196
24.800724541980035,35.0326085145684,80.91604,4147199.9227523804,-0.028193753,-0.017543402,72.678764
24.43478251062254,35.050724689208764,81.254395,10540799.757957458,0.018802641,-0.022906207,72.6248
24.521739153231497,35.18115965909355,80.50853,2159999.936914444,-0.017751865,-0.009227626,70.514336
24.202898613755877,35.17753635462667,82.22561,16847999.891853333,0.010420952,-0.026845898,73.14843
24.53985505838052,35.14492730981283,78.72631,1814400.0347614288,0.0023032427,-0.0051887,70.55174
24.731883987437246,34.999999998854186,80.17734,4665599.775981903,-0.028145153,0.0015653241,72.425705
24.068840433535758,35.050724689208764,75.1399,1382400.019955635,-0.047518563,-0.038043898,71.1313
24.268116089179838,35.07971042955572,81.07262,15638399.68585968,0.004736677,-0.023038596,73.8875
24.822463669968496,35.11956556932083,79.471794,950400.0051498413,-0.018711325,0.024620852,72.26389
24.75362311542571,35.148550251468535,82.31272,1900800.0102996826,-0.033577617,0.023410209,72.229515
24.507246418659868,35.018115659512056,74.98295,12700799.969100952,0.020251092,-0.015622534,75.798225
24.51086948471318,35.141304337922854,75.965324,4579200.074672699,-0.032822657,-0.0021293983,72.418015
24.202898613755877,35.17753635462667,82.22561,7516799.791431427,-0.009243369,0.0050833207,70.46702
24.003623304347823,35.192029209683014,80.788605,9935999.654960632,0.03596615,-0.010052428,70.56232
24.641304357168043,34.938405387540406,81.3883,2851200.015449524,-0.012170505,-0.013055917,71.82637
24.15217408195171,35.09782609021359,90.079155,11836799.665260315,0.04580191,-0.0253363,70.369064
24.46739112421217,35.10507235145331,77.031204,17193599.794006348,0.011645475,-0.031453393,76.88676
24.365941903817713,35.11594190204278,77.940506,12700799.969100952,0.016345216,-0.011125639,76.18139
24.47463793572534,35.15579704180788,74.131996,2592000.0888347626,-0.023086641,-0.028897982,72.333115
24.85869584610084,35.31159408476158,76.05999,604799.9658823013,0.015747974,0.03426721,75.83125
24.43478277193275,35.06521686399416,78.38795,5529600.07982254,-0.029416423,-0.008082598,71.4021
24.85869584610084,35.31159408476158,76.05999,13910400.175094604,0.041404065,-0.024698596,75.27489
24.655797039477626,35.09782643790763,82.953125,6134400.182819366,-0.016388517,-0.0056175776,72.609276
24.518115930392057,35.170290078269815,76.7112,3369599.8686790466,-0.040712643,-0.0020588897,71.22074
24.3913043591697,35.05434799367564,86.750465,4319999.873828888,-0.035021838,-0.012046594,72.08013
24.521739153231497,35.18115965909355,80.50853,4924799.976825714,-0.01279987,-0.01797061,71.18652
24.60144921950647,34.9456523441682,85.40489,14256000.07724762,0.031516463,-0.021524787,69.273315
24.576087129988778,34.96376817111452,80.53768,518399.99034404755,0.005284723,0.014121236,71.29984
24.16304339770124,35.14130418675153,77.183464,345600.00498890877,-0.058421906,-0.051211555,69.02329
24.85869584610084,35.31159408476158,76.05999,11491199.7631073,0.027209686,-0.019052807,75.373116
24.282608510179216,35.10869565592019,73.044136,17452799.99485016,0.012057075,-0.024495844,72.52958
24.278985574781007,35.18478260074926,85.36457,14342399.778556824,0.036947835,-0.025839575,69.998764
24.365941903817713,35.11594190204278,77.940506,604799.9658823013,-0.029062647,0.0022693109,69.82722
24.572463802625258,35.028985391507106,77.31845,9590399.752807617,0.016561415,-0.005618196,75.38514
24.822463669968496,35.11956556932083,79.471794,9676799.454116821,0.020386722,-0.016773403,75.037094
24.358695745580064,35.14492749121842,79.46463,17193599.794006348,0.00277856,-0.020103812,76.24471
24.442029139218562,35.043478080275,76.86345,4060799.9472141266,-0.024819266,-0.0042196363,71.69592
24.75362311542571,35.148550251468535,82.31272,12355200.066947937,0.009716671,-0.026249543,72.936775
24.15217408195171,35.09782609021359,90.079155,11318400.360488892,0.04636736,-0.022292737,70.54849
24.275362351941567,35.02173896397893,79.32639,7775999.992275238,-0.03059886,-0.016670082,71.79559
24.268116089179838,35.07971042955572,81.07262,15983999.588012695,0.0026519634,-0.024200216,73.886635
24.731884091961334,34.88405773852335,82.62194,5702400.030899048,-0.015379377,0.010885743,72.98912
24.409420185925658,35.126811301460926,78.58091,6307200.133895874,-0.0115837455,-0.015005123,71.773346
24.53985505838052,35.14492730981283,78.72631,4319999.873828888,-0.021802198,0.009224866,71.24873
24.623188347494935,34.98550731008629,86.27349,2159999.936914444,-0.0010096878,-0.014674578,73.598434
24.365941903817713,35.11594190204278,77.940506,9590399.752807617,0.0010584369,-0.00500774,74.06601
24.06159400092239,35.235507653915,77.223785,5875199.981975555,-0.0078098886,-0.05283455,70.394165
24.503623143558386,34.916666955294566,80.479385,12960000.169944763,0.024382986,-0.005165361,73.48589
24.579710091518006,35.06884069756067,84.24473,15120000.381088257,0.011887882,-0.012638476,69.70805
24.507246627708035,35.15217355593542,72.15966,13478399.474716187,0.025906652,-0.0047150515,72.22248
24.5036234048686,34.94565269942081,84.86278,15551999.984550476,0.021457154,-0.03874218,69.21965
24.5036234048686,34.94565269942081,84.86278,6134400.182819366,-0.011910692,-0.014463,71.93606
24.282608510179216,35.10869565592019,73.044136,2332799.8879909515,-0.07445133,-0.026774745,72.49073
24.43478277193275,35.06521686399416,78.38795,16416000.288391113,0.004452303,-0.018299486,76.455986
24.822463669968496,35.11956556932083,79.471794,18316800.298690796,0.011815708,-0.031050365,75.30418
24.800724541980035,35.0326085145684,80.91604,5356800.128746033,-0.02462108,-0.013253152,73.01987
24.134057993885538,35.130434787333385,80.741425,1296000.0444173813,-0.08509064,-0.06856789,69.398254
24.49275373635028,34.95652190987481,78.13308,1036799.9806880951,-0.01653948,0.01981778,71.47837
24.003623304347823,35.192029209683014,80.788605,17279999.49531555,0.0089871045,-0.032780223,75.645294
24.409420264318722,35.097825908808005,75.01247,16070400.386238098,0.008708116,-0.019340444,75.2027
24.152173912100075,34.942029039701325,85.189964,3542400.093984604,-0.020381715,-0.02789871,71.76966
24.576087129988778,34.96376817111452,80.53768,8726399.99742508,0.007682128,-0.018921353,73.417625
24.782608845879178,35.07246365433351,80.82854,6739199.737358093,-0.022035103,0.008983156,73.36072
24.655797039477626,35.09782643790763,82.953125,14256000.07724762,0.023532271,-0.022269942,71.45085
24.5036234048686,34.94565269942081,84.86278,6825599.987125397,-0.004562732,-0.019048177,71.78127
24.2137679164399,35.101449394680465,78.1842,16156800.087547302,0.013301428,-0.034724522,77.61557
24.40217392316393,35.07246365433351,77.73675,2592000.0888347626,-0.015817057,-0.018694613,70.63167
24.528985389862203,35.079710263267266,73.800804,8121599.894428253,-0.01901313,-0.013666879,74.10883
24.358695745580064,35.14492749121842,79.46463,17366400.293540955,0.0021011084,-0.019865744,76.21639
24.068840433535758,35.17753635462667,82.62194,17884799.598312378,0.023888202,-0.033632625,73.3447
24.271739312019278,35.0833337340226,74.97577,1209599.9317646027,-0.06187619,-0.002372805,71.30475
24.53985505838052,35.14492730981283,78.72631,12182399.56741333,0.020281378,-0.022778168,75.76266
24.49275373635028,34.95652190987481,78.13308,2937599.9909877777,-0.03521495,0.0061052814,71.33295
24.271739312019278,35.0833337340226,74.97577,4665599.775981903,-0.0538758,-0.009715933,72.07906
24.177536001617764,35.01449252133363,77.3516,6825599.987125397,-0.033390675,-0.042361546,71.46157
24.731883987437246,34.999999998854186,80.17734,17193599.794006348,0.00795044,-0.03188945,74.94646
24.576087129988778,34.96376817111452,80.53768,5011200.226593018,-0.032031726,0.00025051646,72.001205
24.731883987437246,34.999999998854186,80.17734,14601599.979400635,0.017924957,-0.013875708,74.921555
24.47463793572534,35.15579704180788,74.131996,16934399.593162537,0.021495974,-0.034716416,73.991936
24.373188532413735,34.85507217391305,83.68782,14860800.180244446,0.015902402,-0.052315813,70.50843
24.5036234048686,34.94565269942081,84.86278,7775999.992275238,-0.0089584105,-0.008483201,71.548325
24.880434869565217,35.11594208344836,73.60822,17452799.99485016,0.012704624,-0.0028536096,73.596855
24.242753659958876,34.931159481553294,83.59315,3023999.9665260315,-0.023872808,-0.009718772,71.273224
24.358695745580064,35.14492749121842,79.46463,7430400.090122223,-0.011185836,0.018577848,71.93237
24.43478277193275,35.06521686399416,78.38795,2851200.015449524,-0.027625274,-0.017624006,70.68012
24.521739153231497,35.18115965909355,80.50853,1296000.0444173813,-0.0016925931,-0.0179342,70.65269
24.619565229179578,35.18478278215484,82.255135,14515200.27809143,0.024206165,-0.026757307,71.945816
24.171296292717127,35.10648163098043,78.049835,1296000.0444173813,-0.055274818,-0.0025608689,69.48021
24.880434869565217,35.11594208344836,73.60822,14169600.375938416,0.03530067,-0.014671519,73.507904
24.503623143558386,34.916666955294566,80.479385,12182399.56741333,0.02578621,-0.015308522,73.49232
24.275362351941567,35.02173896397893,79.32639,13391999.773406982,0.022103554,-0.021317773,75.20923
24.57608686867857,35.22463755910878,78.28966,1296000.0444173813,-0.0061514378,-0.0043721944,70.41255
24.423912946628306,35.13405791039468,84.735344,9504000.051498413,0.027783532,-0.018573519,71.290405
24.40217392316393,35.07246365433351,77.73675,7775999.992275238,-0.014603633,0.011087006,73.00885
24.17028990870767,35.119565206509655,75.23819,1987199.9858379364,-0.06295137,-0.048363183,70.35264
24.35507260113369,35.04710138474188,76.478294,12268800.365638733,0.0052251853,-0.017740548,75.97965
24.235507135886934,35.09782643790763,86.62735,11923200.463485718,0.029002018,-0.034695636,68.74996
24.608695560661264,35.210145036629335,80.071884,6134400.182819366,-0.02400713,0.019086624,72.22045
24.62318819070881,35.09782625650204,81.14894,12527999.469566345,0.021211661,-0.018229,73.54744
24.409420264318722,35.137681214861566,85.684586,3283199.893140793,-0.044939462,-0.009786818,71.31693
24.677536062942007,35.07971042955572,84.775665,11836799.665260315,0.014583459,-0.03131526,71.32106
24.659420157792983,35.13768139626715,82.9603,1468799.9954938889,-0.021846022,0.0070560146,72.063644
24.278985574781007,35.18478260074926,85.36457,7775999.992275238,-0.015626304,-0.021012757,70.48143
24.43478277193275,35.06521686399416,78.38795,6739199.737358093,-0.026965823,0.0045486726,72.15051
24.579710091518006,35.06884069756067,84.24473,3196799.917602539,-0.036352176,-0.004635852,72.64198
24.623188347494935,34.98550731008629,86.27349,16934399.593162537,0.025935687,-0.03627004,68.89756
24.677536062942007,35.07971042955572,84.775665,4233599.898290634,-0.025022563,-0.010713015,72.96982
24.528985389862203,35.079710263267266,73.800804,2937599.9909877777,-0.04939143,-0.033204857,72.815
24.286231733018653,35.16304365074164,82.86601,10540799.757957458,0.043885022,-0.020694409,70.82752
24.152173912100075,34.942029039701325,85.189964,7862400.2420425415,-0.019464895,0.0079975,70.404976
24.62318819070881,35.09782625650204,81.14894,7689599.742507935,-0.012599517,0.010112129,72.92692
24.800724541980035,35.0326085145684,80.91604,11491199.7631073,0.026253406,-0.0041156374,74.5668
24.264492787947336,35.06521739309379,75.914215,10368000.35533905,0.01953241,-0.0036944114,74.67074
24.141304256647267,35.05072417522627,80.839714,864000.0296115875,-0.082486555,-0.02448187,69.42983
24.33695651306752,35.26449269887389,75.24537,12873600.46863556,0.026675478,-0.029952921,75.14482
24.528985389862203,35.079710263267266,73.800804,2073599.9613761902,-0.04944661,-0.045121927,72.609436
24.06159400092239,35.235507653915,77.223785,12355200.066947937,0.048564892,-0.036983553,75.494606
24.57608686867857,35.22463755910878,78.28966,13132799.572563171,0.021791369,-0.011614643,76.75756
24.423912946628306,35.16304383214723,83.815254,5356800.128746033,-0.014795292,-0.018566899,71.63528
24.369565205050215,35.10507235145331,81.59638,10368000.35533905,0.03202539,-0.021629397,71.98242
24.16304339770124,35.14130418675153,77.183464,432000.01480579376,-0.058440376,-0.050936397,69.00876
24.47463793572534,35.15579704180788,74.131996,7171199.889278412,-0.013487656,-0.01901503,73.610596
24.55434784521419,35.039855304907746,78.730316,12182399.56741333,0.024225112,-0.02265317,75.671394
24.85869584610084,35.31159408476158,76.05999,17884799.598312378,0.0317733,-0.042529445,76.27627
24.235507135886934,35.09782643790763,86.62735,2246400.0495672226,-0.00023061782,0.026924029,71.703415
24.586956589458925,35.03623181903528,81.050644,12873600.46863556,0.029236425,-0.007631317,73.4031
24.46739112421217,35.10507235145331,77.031204,11145599.860954285,0.017798359,-0.01645831,75.89037
24.782608584568965,35.06521774078783,85.492004,9676799.454116821,0.016756859,-0.005139146,72.73436
24.641304357168043,34.938405387540406,81.3883,8812800.247192383,0.008773994,-0.034251038,73.463264
24.423912946628306,35.13405791039468,84.735344,5443199.830055237,-0.037581656,-0.0064396076,71.59836
24.152173912100075,34.942029039701325,85.189964,5529600.07982254,-0.025475163,-0.02011067,70.92103
24.55434784521419,35.039855304907746,78.730316,2419199.8635292053,-0.011803042,-0.01658389,71.11897
24.51086948471318,35.141304337922854,75.965324,6739199.737358093,-0.020933297,0.020696204,73.43695
24.655797039477626,35.09782643790763,82.953125,8121599.894428253,0.0043244883,-0.01509111,72.77774
24.423912946628306,35.16304383214723,83.815254,10454400.056648254,0.036319025,-0.018710084,71.13508
24.293478074173446,35.130434424522214,78.52256,864000.0296115875,-0.035492513,-0.031220827,69.23857
24.202898613755877,35.17753635462667,82.22561,5356800.128746033,-0.05865467,-0.027832601,70.43018
24.55434784521419,35.039855304907746,78.730316,8208000.144195557,0.0232645,-0.00366484,73.74154
24.340579657513896,35.072464168316,77.031204,6739199.737358093,-0.033043038,-0.0057915933,72.42144
24.202898613755877,35.17753635462667,82.22561,17712000.19569397,0.0063443333,-0.025569297,73.26569
24.782608584568965,35.06521774078783,85.492004,9763200.252342224,0.017318236,-0.0068102367,72.69231
24.423912946628306,35.16304383214723,83.815254,13132799.572563171,0.030771825,-0.018301297,70.33345
24.53985505838052,35.14492730981283,78.72631,6998399.938201904,-0.01708696,0.021010637,72.90678
24.409420264318722,35.137681214861566,85.684586,6393599.835205078,-0.028800216,0.017094888,71.55852
24.202898613755877,35.17753635462667,82.22561,10972800.458335876,0.029983886,-0.02171855,70.7836
24.40579730278949,34.98550712868071,82.545616,172800.00249445438,0.0023016147,0.026935108,71.253845
24.62318819070881,35.09782625650204,81.14894,4752000.025749207,-0.022304233,-0.0010245182,71.9452
24.659420157792983,35.13768139626715,82.9603,11404800.061798096,0.021966215,-0.017468065,72.24342
24.278985653174068,35.159420527680346,80.15937,10108800.15449524,0.028978806,-0.006817192,72.45556
24.46739112421217,35.10507235145331,77.031204,18143999.79915619,0.019348059,-0.020933177,76.662735
24.579710091518006,35.06884069756067,84.24473,8380800.095272064,0.0053168684,0.0029936023,72.160774
24.24275355543479,35.275361916886446,83.709785,1209599.9317646027,-0.099091426,-0.123905465,72.577354
24.423912946628306,35.16304383214723,83.815254,12268800.365638733,0.030796906,-0.021200959,70.564606
24.731883987437246,34.999999998854186,80.17734,15465600.283241272,0.008455094,-0.02034976,74.88104
24.51086948471318,35.141304337922854,75.965324,18143999.79915619,0.011544509,-0.033244316,76.03193
24.340579657513896,35.072464168316,77.031204,6566399.786281586,-0.03401081,-0.008383397,72.315926
24.49275373635028,35.04710138474188,79.64641,1987199.9858379364,-0.009203326,-0.00012939796,70.699165
24.880434869565217,35.11594208344836,73.60822,5011200.226593018,-0.03899501,0.018018302,73.57609
24.782608584568965,35.06521774078783,85.492004,10799999.95880127,0.018415455,-0.02393717,72.15857
24.134057993885538,35.130434787333385,80.741425,3023999.9665260315,-0.09034577,-0.05138762,70.00724
24.278985574781007,35.18478260074926,85.36457,13391999.773406982,0.04237691,-0.023681335,69.88093
24.503623143558386,34.916666955294566,80.479385,3110399.9420642853,-0.026754607,-0.014285449,71.333046
24.409420264318722,35.097825908808005,75.01247,6307200.133895874,-0.030791987,0.007375395,73.462
24.800724541980035,35.0326085145684,80.91604,10713600.257492065,0.027491802,-0.0069156624,74.59914
24.503623143558386,34.916666955294566,80.479385,6047999.933052063,-0.043105286,-0.012291096,72.29463
24.5036234048686,34.94565269942081,84.86278,2073599.9613761902,0.0062555745,-0.009379473,72.651855
24.003623304347823,35.192029209683014,80.788605,7430400.090122223,-0.004577361,0.00070127286,69.56115
24.728260869121893,35.15579704180788,79.23173,11318400.360488892,0.02454351,-0.017289322,75.33331
24.271739312019278,35.0833337340226,74.97577,17971200.39653778,0.007982256,-0.024691362,75.3896
24.275362351941567,35.02173896397893,79.32639,1296000.0444173813,-0.066937774,-0.02389748,69.814354
24.503623143558386,34.916666955294566,80.479385,8467199.796581268,-0.02670018,0.015900468,73.16987
24.528985389862203,35.079710263267266,73.800804,3887999.996137619,-0.04471762,-0.023629233,73.230385
24.85869584610084,35.31159408476158,76.05999,10799999.95880127,0.0205944,-0.015094511,75.611176
24.15942034471344,35.02536261613985,84.04098,4665599.775981903,-0.042206567,-0.020178813,70.56819
24.271739312019278,35.0833337340226,74.97577,4147199.9227523804,-0.05726772,-0.007445868,71.90079
24.55072462237475,35.07608730649443,88.70044,4665599.775981903,-0.026369076,-0.023250546,72.227036
24.72463775080654,35.097825908808005,83.506035,1641599.9465703964,-0.008766465,-0.00024100766,72.75229
24.659420157792983,35.13768139626715,82.9603,10886399.660110474,0.020687316,-0.017204784,72.3692
24.15217408195171,35.09782609021359,90.079155,13824000.4737854,0.04778351,-0.023596365,70.58659
24.373188349496587,35.09782609021359,73.044136,17712000.19569397,0.006404724,-0.035068113,72.75441
24.35507260113369,35.04710138474188,76.478294,12182399.56741333,0.004776135,-0.018732272,75.949936
24.5036234048686,34.94565269942081,84.86278,18143999.79915619,0.007116556,-0.043713894,68.955055
24.202898613755877,35.17753635462667,82.22561,2851200.015449524,-0.05010065,-0.041284125,70.51598
24.507246627708035,35.15217355593542,72.15966,11404800.061798096,0.025958039,-0.014877304,72.50858
24.409420185925658,35.126811301460926,78.58091,9244799.850654602,0.018703893,-0.002540309,73.58862
24.507246627708035,35.15217355593542,72.15966,15551999.984550476,0.0051962547,-0.017301947,72.23984
24.514492864338745,35.152173737341,77.98083,7257600.139045715,-0.0064816326,0.011388149,73.07089
24.481884276880134,35.21376834109622,79.042,1123200.0247836113,0.007847022,-0.016155053,70.5119
24.068840433535758,35.050724689208764,75.1399,10195199.855804443,0.019933531,-0.03132259,73.01381
24.503623143558386,34.916666955294566,80.479385,12527999.469566345,0.02511473,-0.011254802,73.48925
24.33695651306752,35.26449269887389,75.24537,9935999.654960632,0.030531116,-0.047394905,74.322044
24.5036234048686,34.94565269942081,84.86278,13910400.175094604,0.022368435,-0.035105024,69.3922
24.57246390714934,35.13405809180027,82.83649,3196799.917602539,-0.01892395,-0.011763163,71.689766
24.822463669968496,35.11956556932083,79.471794,4924799.976825714,-0.0035831593,0.010926221,72.80463
24.2137679164399,35.101449394680465,78.1842,16847999.891853333,0.011482624,-0.036290158,77.48597
24.268116089179838,35.07971042955572,81.07262,8380800.095272064,-0.020961251,-0.017120462,71.35006
24.3985509616347,35.079710263267266,82.39983,18143999.79915619,0.016768627,-0.012182947,71.324394
24.782608845879178,35.07246365433351,80.82854,7862400.2420425415,-0.0060959086,0.008628065,73.85887
24.49275373635028,35.04710138474188,79.64641,17279999.49531555,-0.0027123466,-0.023143116,74.88347
24.268116089179838,35.07971042955572,81.07262,15206400.082397461,0.008498324,-0.021580074,73.85637
24.52536253285706,35.05797113185407,79.99595,2851200.015449524,-0.0193806,-0.015073501,70.94653
24.49275373635028,34.95652190987481,78.13308,3801600.0205993652,-0.037397925,0.007356385,71.413704
24.268116089179838,35.07971042955572,81.07262,1987199.9858379364,-0.048638117,-0.0004082024,69.934784
24.880434869565217,35.11594208344836,73.60822,3801600.0205993652,-0.031549957,0.013352737,73.63174
24.40579722439643,35.07608730649443,81.130585,7430400.090122223,0.011755312,-0.009919688,71.81396
24.369565205050215,35.10507235145331,81.59638,5875199.981975555,-0.035181206,-0.013896577,71.11384
24.507246627708035,35.15217355593542,72.15966,2419199.8635292053,-0.058698308,-0.03170384,71.94513
24.35507260113369,35.04710138474188,76.478294,11404800.061798096,0.0048107766,-0.020595621,75.642105
24.16304339770124,35.14130418675153,77.183464,2246400.0495672226,-0.05117811,-0.04652026,69.131294
24.409420185925658,35.126811301460926,78.58091,8812800.247192383,0.015724685,-0.0050551295,73.29354
24.51086948471318,35.141304337922854,75.965324,15033599.582862854,0.017680097,-0.030625567,76.5951
24.507246627708035,35.15217355593542,72.15966,3542400.093984604,-0.061070565,-0.019946013,72.03245
24.822463669968496,35.11956556932083,79.471794,5875199.981975555,0.008032629,0.016265498,73.091194
24.2137679164399,35.101449394680465,78.1842,3283199.893140793,-0.02918217,-0.028710544,69.74405
24.608695560661264,35.210145036629335,80.071884,8553600.046348572,0.006892912,0.018509185,73.29847
24.409420185925658,35.126811301460926,78.58091,6566399.786281586,-0.008780975,-0.0149839,71.90885
24.15217408195171,35.09782609021359,90.079155,2764800.03991127,-0.006192509,-0.040273916,73.61454
24.626811465810288,35.05797113185407,83.9315,11750399.96395111,0.022887422,-0.017654244,71.39918
24.47463793572534,35.15579704180788,74.131996,6134400.182819366,-0.025026564,-0.015943542,73.24568
24.579710091518006,35.06884069756067,84.24473,13046399.871253967,0.022368856,-0.012713801,70.5246
24.659420157792983,35.13768139626715,82.9603,3369599.8686790466,-0.022499193,0.012513658,72.3074
24.351449221508126,35.36231895652174,77.53338,5702400.030899048,-0.009398919,-0.03381146,71.4697
24.481884276880134,35.21376834109622,79.042,3715200.0450611115,-0.019402836,-0.018579908,70.3776
24.521739153231497,35.18115965909355,80.50853,9590399.752807617,0.011875469,0.013645632,73.04549
24.134057993885538,35.130434787333385,80.741425,4233599.898290634,-0.09752767,-0.034258123,70.28039
24.72463775080654,35.097825908808005,83.506035,11923200.463485718,0.01522911,-0.030069374,72.00096
24.003623304347823,35.192029209683014,80.788605,11491199.7631073,0.029140424,-0.012391545,71.723335
24.800724541980035,35.0326085145684,80.91604,16243199.788856506,0.017572558,-0.009764377,74.073746
24.152173912100075,34.942029039701325,85.189964,5961600.231742859,-0.027040903,-0.015070133,70.83164
24.33695651306752,35.26449269887389,75.24537,6220799.884128571,-0.039352167,-0.04815526,71.558525
24.3985509616347,35.079710263267266,82.39983,5443199.830055237,-0.014467202,0.003228819,71.11703
24.822463669968496,35.11956556932083,79.471794,7862400.2420425415,0.016668765,0.015088995,74.0025
24.235507135886934,35.09782643790763,86.62735,17452799.99485016,0.0054887794,-0.039367165,68.85704
24.85869584610084,35.31159408476158,76.05999,11145599.860954285,0.024262333,-0.0149205625,75.49404
24.728260869121893,35.15579704180788,79.23173,14169600.375938416,0.021438962,-0.010773856,75.76125
24.655797039477626,35.09782643790763,82.953125,12441599.768257141,0.021301534,-0.023041274,71.95859
24.068840433535758,35.050724689208764,75.1399,4924799.976825714,-0.06548995,-0.03434154,72.20583
24.586956589458925,35.03623181903528,81.050644,7948799.943351746,-0.0057205968,0.009021224,73.005196
24.409420342711783,35.02898555779556,73.23672,16675200.489234924,0.006583344,-0.019341681,73.29679
24.3913043591697,35.05434799367564,86.750465,13564800.27294159,0.02472401,-0.007994827,69.060974
24.579710091518006,35.06884069756067,84.24473,15033599.582862854,0.0127957575,-0.012393486,69.73533
24.423912946628306,35.13405791039468,84.735344,3542400.093984604,-0.03952239,-0.0032848977,71.29669
24.47463793572534,35.15579704180788,74.131996,14428799.479866028,0.027212951,-0.022838317,74.25114
24.503623143558386,34.916666955294566,80.479385,3456000.11844635,-0.0300246,-0.015438959,71.44211
24.43478277193275,35.06521686399416,78.38795,7862400.2420425415,-0.0136729255,0.008717548,72.967865
24.619565229179578,35.18478278215484,82.255135,12614400.267791748,0.025623746,-0.022297759,72.33741
24.521739153231497,35.18115965909355,80.50853,14687999.680709839,0.027763277,-0.013813533,74.44959
24.068840433535758,35.050724689208764,75.1399,14601599.979400635,0.030552622,-0.054210793,75.425
24.728260869121893,35.15579704180788,79.23173,11923200.463485718,0.024855018,-0.014860082,75.48219
24.57246390714934,35.13405809180027,82.83649,12527999.469566345,0.029824756,-0.020430118,71.64029
24.782608845879178,35.07246365433351,80.82854,5443199.830055237,-0.03000703,-0.0071638003,72.913376
24.43478251062254,35.050724689208764,81.254395,9331199.551963806,0.0123686325,-0.004974995,72.414566
24.782608584568965,35.06521774078783,85.492004,11664000.262641907,0.017422855,-0.030494705,71.68108
24.336956356281394,35.12681217825459,78.56935,4492800.099134445,-0.039516706,0.00027575903,70.64275
24.72463775080654,35.097825908808005,83.506035,5615999.781131744,-0.020280518,0.007039372,72.90487
24.152173912100075,34.942029039701325,85.189964,16847999.891853333,0.014820257,-0.041849773,70.09778
24.49275373635028,35.04710138474188,79.64641,10886399.660110474,0.019910445,-0.015689518,74.234566
24.268116089179838,35.07971042955572,81.07262,259199.99517202377,-0.046783786,0.0126276035,69.74423
24.17028990870767,35.119565206509655,75.23819,15811200.185394287,0.019736836,-0.028598621,75.588295
24.40579722439643,35.07608730649443,81.130585,15897599.886703491,0.010938546,-0.017931595,73.00193
24.171296292717127,35.10648163098043,78.049835,18143999.79915619,-0.00042871386,-0.02486289,77.06192
24.3913043591697,35.05434799367564,86.750465,604799.9658823013,-0.033278976,-0.027629301,73.001785
24.518115930392057,35.170290078269815,76.7112,6047999.933052063,-0.026582915,-0.007125415,72.72511
24.503623143558386,34.916666955294566,80.479385,14342399.778556824,0.020638485,-0.0014217626,73.34532
24.264492787947336,35.06521739309379,75.914215,6652800.036048889,-0.025068406,0.019485774,72.49609
24.351449221508126,35.36231895652174,77.53338,10195199.855804443,0.0395541,-0.0067891926,74.62965
24.286231733018653,35.16304365074164,82.86601,2073599.9613761902,0.010640537,-0.02843086,70.232605
24.278985574781007,35.18478260074926,85.36457,10627199.459266663,0.044578902,-0.024896137,70.08352
24.528985389862203,35.079710263267266,73.800804,4319999.873828888,-0.04405186,-0.02223467,73.41893
24.286231733018653,35.16304365074164,82.86601,4319999.873828888,-0.015523851,-0.039738636,70.49956
24.134057993885538,35.130434787333385,80.741425,17193599.794006348,0.00065649673,-0.012637813,75.1119
24.49275373635028,35.04710138474188,79.64641,2678400.0643730164,-0.018759359,-0.005609464,70.82775
24.351449221508126,35.36231895652174,77.53338,9590399.752807617,0.03949138,-0.0033595152,74.07406
24.503623143558386,34.916666955294566,80.479385,1641599.9465703964,-0.0021954142,-0.005599644,70.895065
24.340579735906957,35.22101461745307,78.71513,10281599.557113647,0.029886376,-0.021938808,73.8693
24.659420157792983,35.13768139626715,82.9603,86400.00124722719,-0.019177318,0.012447324,71.96089
24.800724541980035,35.0326085145684,80.91604,5097599.927902222,-0.026683506,-0.015420619,72.94361
24.286231733018653,35.16304365074164,82.86601,2592000.0888347626,0.0014398806,-0.031844866,70.288445
24.340579657513896,35.072464168316,77.031204,3283199.893140793,-0.036941875,-0.020040177,70.89507
24.235507135886934,35.09782643790763,86.62735,7257600.139045715,-0.012777932,-0.030664891,70.87688
24.47463793572534,35.15579704180788,74.131996,17539199.696159363,0.022589754,-0.031228114,73.967804
24.514492864338745,35.152173737341,77.98083,16243199.788856506,0.012931006,-0.03823513,77.2025
24.33695651306752,35.26449269887389,75.24537,8985600.19826889,0.032766145,-0.044130262,73.71705
24.800724541980035,35.0326085145684,80.91604,5875199.981975555,-0.019273002,-0.0063512027,73.182945
24.626811465810288,35.05797113185407,83.9315,604799.9658823013,0.0043241233,0.01467789,72.42321
24.409420342711783,35.02898555779556,73.23672,0.0,-0.008610047,0.019326359,73.32003
24.57608686867857,35.22463755910878,78.28966,15811200.185394287,0.011791034,-0.022483453,77.24058
24.507246627708035,35.15217355593542,72.15966,4579200.074672699,-0.058787886,-0.004560437,72.389885
24.068840433535758,35.050724689208764,75.1399,12700799.969100952,0.037129875,-0.042074468,74.453514
24.55434784521419,35.039855304907746,78.730316,4060799.9472141266,-0.019679353,-0.011164911,71.437225
24.06159400092239,35.235507653915,77.223785,17020800.39138794,0.016287373,-0.0538175,77.33656
24.16304339770124,35.14130418675153,77.183464,7343999.840354919,0.019227207,-0.03378514,72.07807
24.134057993885538,35.130434787333385,80.741425,5615999.781131744,-0.0901387,-0.014181588,70.29262
24.171296292717127,35.10648163098043,78.049835,5443199.830055237,-0.049600627,-0.025882099,70.44317
24.521739153231497,35.18115965909355,80.50853,1814400.0347614288,-0.012597147,-0.012357991,70.56533
24.47463793572534,35.15579704180788,74.131996,15465600.283241272,0.026657473,-0.022412468,74.10805
24.40217392316393,35.07246365433351,77.73675,8726399.99742508,0.0018653907,0.009728815,73.704254
24.242753659958876,34.931159481553294,83.59315,3196799.917602539,-0.023432367,-0.010033783,71.250626
24.800724541980035,35.0326085145684,80.91604,7775999.992275238,0.0012360811,0.011175096,73.97677
24.47463793572534,35.15579704180788,74.131996,12009600.164794922,0.019970998,-0.030767132,74.63917
24.40579730278949,34.98550712868071,82.545616,5097599.927902222,-0.04143822,-0.003174737,71.65497
24.641304357168043,34.938405387540406,81.3883,432000.01480579376,0.016616803,-0.010298051,71.50314
24.52536253285706,35.05797113185407,79.99595,18316800.298690796,0.013016589,-0.027043115,74.55525
24.5036234048686,34.94565269942081,84.86278,7430400.090122223,-0.007318601,-0.014643684,71.63137
24.525362323808892,35.01449270273921,80.76379,7343999.840354919,-0.020977046,0.005511325,72.64659
24.514492864338745,35.152173737341,77.98083,7948799.943351746,0.0058808997,0.01202164,73.4617
24.35507260113369,35.04710138474188,76.478294,3974399.971675873,-0.031104792,-0.014279455,71.49853
24.576087129988778,34.96376817111452,80.53768,5702400.030899048,-0.03436171,-0.00096852705,72.22077
24.15217408195171,35.09782609021359,90.079155,1468799.9954938889,0.014654774,-0.04586653,73.871124
24.409420264318722,35.137681214861566,85.684586,5529600.07982254,-0.038837437,0.011647185,71.62784
24.62318819070881,35.09782625650204,81.14894,4924799.976825714,-0.022151642,-0.0010710657,72.00242
24.409420264318722,35.097825908808005,75.01247,5529600.07982254,-0.03571238,-0.0004713554,73.22203
24.35507260113369,35.04710138474188,76.478294,7603200.0411987305,-0.01286957,-0.0075781457,73.25978
24.141304256647267,35.05072417522627,80.839714,6998399.938201904,-0.074672475,0.0028567314,70.25082
24.51086948471318,35.141304337922854,75.965324,1555199.9710321426,-0.031483587,-0.011518713,71.23156
24.528985389862203,35.079710263267266,73.800804,1555199.9710321426,-0.04652639,-0.05178627,72.63263
24.423912946628306,35.13405791039468,84.735344,16416000.288391113,0.013415223,-0.025275059,69.06495
24.528985389862203,35.079710263267266,73.800804,18316800.298690796,-0.007273797,-0.02998938,73.9654
24.423912946628306,35.16304383214723,83.815254,16761600.190544128,0.01819883,-0.028825115,69.95383
24.3913043591697,35.05434799367564,86.750465,8985600.19826889,0.019153869,0.015549752,71.15995
24.608695560661264,35.210145036629335,80.071884,6825599.987125397,-0.011926584,0.022540871,72.60295
24.442029139218562,35.043478080275,76.86345,4752000.025749207,-0.025849473,-0.0034092441,71.94153
24.49275373635028,35.04710138474188,79.64641,11491199.7631073,0.018400194,-0.019690521,74.43215
24.358695745580064,35.14492749121842,79.46463,3023999.9665260315,-0.043585192,-0.006746743,69.90389
24.278985653174068,35.159420527680346,80.15937,86400.00124722719,-0.06469557,-0.041323785,69.047844
24.503623143558386,34.916666955294566,80.479385,2764800.03991127,-0.022792581,-0.012776814,71.21865
24.514492864338745,35.152173737341,77.98083,10627199.459266663,0.020222643,-0.0231327,75.31441
24.43478251062254,35.050724689208764,81.254395,11836799.665260315,0.017433938,-0.025467202,72.75712
24.731884091961334,34.88405773852335,82.62194,5097599.927902222,-0.018208753,0.0035061333,72.88763
24.351449221508126,35.36231895652174,77.53338,8121599.894428253,0.038908865,-0.0016130935,72.80833
24.340579657513896,35.072464168316,77.031204,11577599.464416504,0.01334209,-0.016106691,75.71232
24.278985653174068,35.159420527680346,80.15937,13824000.4737854,0.021124184,-0.0093188435,75.05932
24.503623143558386,34.916666955294566,80.479385,12441599.768257141,0.02528284,-0.012399979,73.48982
24.655797039477626,35.09782643790763,82.953125,12960000.169944763,0.021990668,-0.022979371,71.82616
24.507246627708035,35.15217355593542,72.15966,3456000.11844635,-0.06087331,-0.021128658,72.01476
24.57246390714934,35.13405809180027,82.83649,16934399.593162537,0.016682556,-0.018536814,70.42909
24.336956356281394,35.12681217825459,78.56935,10799999.95880127,0.02064371,-0.013685118,74.41249
24.336956356281394,35.12681217825459,78.56935,3628800.0695228577,-0.03958564,-0.0013384111,70.177025
24.24275355543479,35.275361916886446,83.709785,12355200.066947937,0.03515059,-0.023041505,70.50971
24.340579657513896,35.072464168316,77.031204,12355200.066947937,0.015665289,-0.011789799,76.095894
24.481884276880134,35.21376834109622,79.042,9935999.654960632,0.018306857,-0.004899539,74.04886
24.782608845879178,35.07246365433351,80.82854,11318400.360488892,0.024573516,-0.016400099,74.49507
24.068840433535758,35.050724689208764,75.1399,259199.99517202377,-0.013186894,-0.079957634,71.290726
24.278985574781007,35.18478260074926,85.36457,13996799.876403809,0.039497316,-0.024858292,69.95467
24.134057993885538,35.130434787333385,80.741425,6220799.884128571,-0.07946625,-0.006084282,70.2698
24.57246390714934,35.13405809180027,82.83649,2419199.8635292053,-0.015467506,-0.015978824,71.56921
24.626811465810288,35.05797113185407,83.9315,18316800.298690796,0.01614804,-0.013061397,69.565025
24.57608686867857,35.22463755910878,78.28966,6998399.938201904,-0.0117233135,0.015903514,72.9498
24.677536062942007,35.07971042955572,84.775665,13651199.974250793,0.018641531,-0.025443036,70.42269
24.068840433535758,35.050724689208764,75.1399,5011200.226593018,-0.06400943,-0.03545994,72.21719
24.409420185925658,35.126811301460926,78.58091,16934399.593162537,0.017320715,-0.023240209,76.92875
24.141304256647267,35.05072417522627,80.839714,11491199.7631073,0.011317667,-0.012221996,72.188614
24.57608686867857,35.22463755910878,78.28966,10454400.056648254,0.014397204,-0.012104429,75.39945
24.40579730278949,34.98550712868071,82.545616,11318400.360488892,0.012394279,-0.03206467,71.445786
24.202898613755877,35.17753635462667,82.22561,16156800.087547302,0.014170539,-0.026929908,73.02443
24.409420264318722,35.137681214861566,85.684586,9935999.654960632,0.026693968,-0.015958656,71.04224
24.32608705359737,35.05434782738719,80.59564,12527999.469566345,0.021436077,-0.020064007,73.49461
24.177536001617764,35.01449252133363,77.3516,11491199.7631073,0.031270362,-0.0412365,74.711075
24.278985574781007,35.18478260074926,85.36457,11923200.463485718,0.043558527,-0.025204297,69.84775
24.49275373635028,35.04710138474188,79.64641,12441599.768257141,0.015918935,-0.020968176,74.675354
24.235507135886934,35.09782643790763,86.62735,14428799.479866028,0.032600597,-0.033302512,68.50212
24.481884276880134,35.21376834109622,79.042,10022400.453186035,0.018688418,-0.0059908517,74.111984
24.351449221508126,35.36231895652174,77.53338,3369599.8686790466,-0.087783694,-0.09801197,71.40511
24.171296292717127,35.10648163098043,78.049835,3974399.971675873,-0.056815486,-0.01768604,69.77364
24.75362311542571,35.148550251468535,82.31272,15292799.783706665,0.017144436,-0.02071894,72.20026
24.51086948471318,35.141304337922854,75.965324,3628800.0695228577,-0.032797378,-0.011161715,71.920876
24.409420264318722,35.137681214861566,85.684586,10886399.660110474,0.027363889,-0.019099921,70.58623
24.409420264318722,35.097825908808005,75.01247,10627199.459266663,0.016336113,-0.012048494,75.047905
24.47463793572534,35.15579704180788,74.131996,17452799.99485016,0.022654014,-0.030768957,73.97106
24.55072462237475,35.07608730649443,88.70044,14515200.27809143,0.04180324,-0.032495935,70.89674
24.55072462237475,35.07608730649443,88.70044,18057600.097846985,0.019994047,-0.053694095,71.348785
24.40579722439643,35.07608730649443,81.130585,8121599.894428253,0.018210402,-0.0075296126,72.02723
24.340579657513896,35.072464168316,77.031204,691200.0099778175,-0.01716628,-0.014428716,70.441895
24.731884091961334,34.88405773852335,82.62194,777599.9855160713,0.0050295107,0.009922788,71.88253
24.43478277193275,35.06521686399416,78.38795,6825599.987125397,-0.02646802,0.0052381027,72.21137
24.641304357168043,34.938405387540406,81.3883,12355200.066947937,0.024839276,-0.03409687,73.28629
24.507246418659868,35.018115659512056,74.98295,16156800.087547302,0.0002617091,-0.025236271,75.66892
24.55434784521419,35.039855304907746,78.730316,2937599.9909877777,-0.013313621,-0.017444223,71.190414
24.75362311542571,35.148550251468535,82.31272,13737599.675559998,0.018180143,-0.021418132,72.58586
24.340579735906957,35.22101461745307,78.71513,14687999.680709839,0.028148578,-0.01263174,77.312256
24.880434869565217,35.11594208344836,73.60822,11491199.7631073,0.03104924,-0.025810253,73.67827
24.43478277193275,35.06521686399416,78.38795,3974399.971675873,-0.030419428,-0.017223679,70.85875
24.003623304347823,35.192029209683014,80.788605,8899199.948501587,0.038407646,-0.0034806132,70.05329
24.586956589458925,35.03623181903528,81.050644,15811200.185394287,0.014939588,-0.023881823,73.00085
24.369565205050215,35.10507235145331,81.59638,13305600.072097778,0.029942203,-0.014998406,72.577705
24.528985389862203,35.079710263267266,73.800804,10972800.458335876,0.020767579,-0.024106164,74.563354
24.409420264318722,35.097825908808005,75.01247,11318400.360488892,0.0162162,-0.016240157,75.22951
24.068840433535758,35.050724689208764,75.1399,2678400.0643730164,-0.07490462,-0.014531955,71.41768
24.85869584610084,35.31159408476158,76.05999,3283199.893140793,-0.02083145,0.034910128,75.99414
24.278985574781007,35.18478260074926,85.36457,3715200.0450611115,-0.08959763,-0.022359468,71.0978
24.40217392316393,35.07246365433351,77.73675,5011200.226593018,-0.02924915,-0.019990288,71.35188
24.32608705359737,35.05434782738719,80.59564,2764800.03991127,-0.026695687,-0.023763519,70.296974
24.278985574781007,35.18478260074926,85.36457,6047999.933052063,-0.07013315,-0.028370026,70.78898
24.365941903817713,35.11594190204278,77.940506,18143999.79915619,0.00077872723,-0.012744971,77.0027
24.286231733018653,35.16304365074164,82.86601,8380800.095272064,0.03823347,-0.028169591,70.61966
24.782608845879178,35.07246365433351,80.82854,7430400.090122223,-0.013000093,0.011268238,73.667046
24.528985389862203,35.079710263267266,73.800804,13132799.572563171,0.020094503,-0.020936176,74.6986
24.268116089179838,35.07971042955572,81.07262,6047999.933052063,-0.046591397,-0.022802211,70.72235
24.481884276880134,35.21376834109622,79.042,691200.0099778175,0.016188243,-0.01193022,70.57925
24.53985505838052,35.14492730981283,78.72631,9935999.654960632,0.01555617,-0.008048411,74.52311
24.43478251062254,35.050724689208764,81.254395,15033599.582862854,0.014670411,-0.020021178,72.63078
24.373188349496587,35.09782609021359,73.044136,3974399.971675873,-0.034380835,-0.022122242,73.052055
24.152173912100075,34.942029039701325,85.189964,9504000.051498413,0.022682857,-0.011683535,69.79725
24.264492787947336,35.06521739309379,75.914215,2937599.9909877777,-0.026841845,-0.01861586,71.02769
24.271739312019278,35.0833337340226,74.97577,1814400.0347614288,-0.058048766,-0.0053410605,71.37063
24.782608584568965,35.06521774078783,85.492004,17971200.39653778,0.0029128008,-0.04072817,69.14516
24.572463802625258,35.028985391507106,77.31845,6307200.133895874,-0.01929089,0.0026585143,73.29342
24.518115930392057,35.170290078269815,76.7112,11664000.262641907,0.013122033,-0.026623774,76.42038
24.677536062942007,35.07971042955572,84.775665,7603200.0411987305,0.01765089,-0.01853219,72.66891
24.171296292717127,35.10648163098043,78.049835,10195199.855804443,0.024559658,-0.026511624,73.46447
24.782608845879178,35.07246365433351,80.82854,3023999.9665260315,-0.025140878,-0.013772812,72.38965
24.782608845879178,35.07246365433351,80.82854,2937599.9909877777,-0.024560321,-0.01375689,72.37777
24.659420157792983,35.13768139626715,82.9603,18143999.79915619,0.01768389,-0.032551613,70.41032
24.728260869121893,35.15579704180788,79.23173,11836799.665260315,0.024823938,-0.015303455,75.463646
24.731883987437246,34.999999998854186,80.17734,7430400.090122223,-0.0087748505,-0.006073229,73.53129
24.47463793572534,35.15579704180788,74.131996,2764800.03991127,-0.024066526,-0.028666303,72.34827
24.46739112421217,35.10507235145331,77.031204,6998399.938201904,-0.015185103,-0.0026134253,73.04745
24.409420264318722,35.137681214861566,85.684586,11145599.860954285,0.027208492,-0.019004837,70.45535
24.15217408195171,35.09782609021359,90.079155,6480000.084972382,0.022069555,-0.01658408,73.25474
24.52536253285706,35.05797113185407,79.99595,5356800.128746033,-0.01897094,-0.016796608,71.644875
24.623188347494935,34.98550731008629,86.27349,172800.00249445438,0.01648877,-0.012850024,73.99545
24.423912946628306,35.13405791039468,84.735344,7084800.187969208,-0.018756237,-0.0013201032,71.5401
24.202898613755877,35.17753635462667,82.22561,17798399.897003174,0.0058792457,-0.025435999,73.27589
24.3913043591697,35.05434799367564,86.750465,6566399.786281586,-0.016655024,0.017517025,71.99334
24.572463802625258,35.028985391507106,77.31845,5356800.128746033,-0.024639856,-0.0018115118,72.784035
24.268116089179838,35.07971042955572,81.07262,7948799.943351746,-0.029377822,-0.0208682,71.20529
24.40217392316393,35.07246365433351,77.73675,4406400.123596191,-0.028848697,-0.022453018,71.10981
24.52536253285706,35.05797113185407,79.99595,9763200.252342224,0.021999959,-0.021764237,73.69483
24.641304357168043,34.938405387540406,81.3883,5097599.927902222,-0.012305532,-0.01837701,72.45365
24.242753659958876,34.931159481553294,83.59315,691200.0099778175,-0.056636874,0.022270592,71.988785
24.800724541980035,35.0326085145684,80.91604,7257600.139045715,-0.004367709,0.011633933,73.74015
24.068840433535758,35.17753635462667,82.62194,15206400.082397461,0.036158368,-0.030850496,72.59665
24.47463793572534,35.15579704180788,74.131996,4492800.099134445,-0.031348135,-0.015647061,72.64608
24.264492787947336,35.06521739309379,75.914215,5529600.07982254,-0.029496107,0.007906621,71.90324
24.275362351941567,35.02173896397893,79.32639,10022400.453186035,0.01972615,-0.0153939985,73.10223
24.442029139218562,35.043478080275,76.86345,10627199.459266663,-0.0007602982,-0.021315172,75.46081
24.365941903817713,35.11594190204278,77.940506,18057600.097846985,0.0012614019,-0.01216805,77.02992
24.57246390714934,35.13405809180027,82.83649,6220799.884128571,-0.02304729,-0.00046687946,72.159996
24.358695745580064,35.14492749121842,79.46463,17971200.39653778,-0.001010634,-0.019544713,76.08027
24.514492864338745,35.152173737341,77.98083,14515200.27809143,0.018589001,-0.027799502,77.07177
24.471014503837736,35.137681214861566,84.09494,3974399.971675873,-0.032415245,-0.012781654,71.68611
24.35507260113369,35.04710138474188,76.478294,14083199.577713013,0.013712421,0.0085190665,76.366806
24.576087129988778,34.96376817111452,80.53768,8467199.796581268,0.002951052,-0.016967233,73.325165
24.57608686867857,35.22463755910878,78.28966,12095999.866104126,0.017638998,-0.014855038,76.35094
24.60144921950647,34.9456523441682,85.40489,6998399.938201904,-0.021527436,0.011024587,72.09609
24.264492787947336,35.06521739309379,75.914215,1987199.9858379364,-0.027838815,-0.018312335,70.82847
24.576087129988778,34.96376817111452,80.53768,14947199.88155365,0.026851755,-0.012670629,73.37785
24.068840433535758,35.050724689208764,75.1399,17539199.696159363,0.005885862,-0.04753482,75.6106
24.369565205050215,35.10507235145331,81.59638,8812800.247192383,0.021248445,-0.016123336,71.7476
24.619565229179578,35.18478278215484,82.255135,1296000.0444173813,0.002682425,0.0037659016,71.39836
24.202898613755877,35.17753635462667,82.22561,12095999.866104126,0.034899577,-0.02007908,71.28459
24.507246418659868,35.018115659512056,74.98295,11059200.15964508,0.01273796,-0.024399832,75.41761
24.15942034471344,35.02536261613985,84.04098,6307200.133895874,-0.020062897,-0.03426237,70.02413
24.822463669968496,35.11956556932083,79.471794,15897599.886703491,0.014610413,-0.025512889,75.837585
24.235507135886934,35.09782643790763,86.62735,15379199.48501587,0.027917515,-0.035073537,68.47367
24.373188349496587,35.09782609021359,73.044136,9590399.752807617,0.017795227,-0.020403057,73.181625
24.40217392316393,35.07246365433351,77.73675,13219200.370788574,0.016895995,-0.003780719,76.45478
24.40579722439643,35.07608730649443,81.130585,12700799.969100952,0.023800699,-0.019545674,72.99064
24.340579657513896,35.072464168316,77.031204,15897599.886703491,0.005188871,-0.016758539,76.92404
24.282608510179216,35.10869565592019,73.044136,518399.99034404755,-0.07629867,0.0015100725,72.568565
24.626811465810288,35.05797113185407,83.9315,432000.01480579376,0.0034783185,0.015521601,72.43387
24.43478251062254,35.050724689208764,81.254395,10799999.95880127,0.01836181,-0.024545483,72.66094
24.528985389862203,35.079710263267266,73.800804,16243199.788856506,0.00438679,-0.028883826,74.484245
24.782608584568965,35.06521774078783,85.492004,12441599.768257141,0.018180309,-0.03327137,71.22543
24.62318819070881,35.09782625650204,81.14894,10886399.660110474,0.015153004,-0.024268951,73.512695
24.72463775080654,35.097825908808005,83.506035,777599.9855160713,0.0130975135,-0.00461581,72.650215
24.24275355543479,35.275361916886446,83.709785,6480000.084972382,-0.016129937,-0.03647762,70.60829
24.3913043591697,35.05434799367564,86.750465,17279999.49531555,0.00885221,-0.01715758,68.26785
24.3985509616347,35.079710263267266,82.39983,15724800.484085083,0.01445435,-0.014996942,71.1179
24.518115930392057,35.170290078269815,76.7112,14169600.375938416,0.018809544,-0.025290709,77.2477
24.293478074173446,35.130434424522214,78.52256,12960000.169944763,0.014611561,-0.01703377,75.98373
24.16304339770124,35.14130418675153,77.183464,10368000.35533905,0.038356427,-0.020139504,73.86601
24.351449221508126,35.36231895652174,77.53338,10368000.35533905,0.039449293,-0.008106746,74.780785
24.521739153231497,35.18115965909355,80.50853,259199.99517202377,0.012670973,-0.023796596,70.80792
24.15942034471344,35.02536261613985,84.04098,6047999.933052063,-0.023705013,-0.03125404,70.09432
24.626811465810288,35.05797113185407,83.9315,13910400.175094604,0.029544279,-0.010829795,70.62923
24.782608584568965,35.06521774078783,85.492004,15897599.886703491,0.028303124,-0.03731898,69.67961
24.33695651306752,35.26449269887389,75.24537,14687999.680709839,0.030964462,-0.023056582,75.23594
24.278985653174068,35.159420527680346,80.15937,4406400.123596191,-0.074604586,-0.022592336,70.41
24.202898613755877,35.17753635462667,82.22561,8294399.845504761,0.014826594,0.0031843744,70.5027
24.365941903817713,35.11594190204278,77.940506,9244799.850654602,-0.0044848584,-0.0044513606,73.80624
24.72463775080654,35.097825908808005,83.506035,8553600.046348572,-0.0050324723,-0.0028272197,73.13229
24.507246418659868,35.018115659512056,74.98295,15638399.68585968,0.0066383965,-0.020015027,75.777405
24.177536001617764,35.01449252133363,77.3516,17452799.99485016,-0.0055061094,-0.040915515,77.24081
24.55072462237475,35.07608730649443,88.70044,12441599.768257141,0.040399157,-0.027459186,71.623184
24.177536001617764,35.01449252133363,77.3516,2937599.9909877777,-0.06555079,-0.029053058,69.99907
24.409420264318722,35.097825908808005,75.01247,15983999.588012695,0.0092822015,-0.018834222,75.21195
24.782608584568965,35.06521774078783,85.492004,14342399.778556824,0.02847007,-0.034097653,70.25577
24.481884276880134,35.21376834109622,79.042,1382400.019955635,0.0023141429,-0.018442053,70.463295
24.579710091518006,35.06884069756067,84.24473,3974399.971675873,-0.03576502,0.00056245737,72.612785
24.471014503837736,35.137681214861566,84.09494,10886399.660110474,0.021254491,-0.020879757,71.098015
24.351449221508126,35.36231895652174,77.53338,15120000.381088257,0.0310425,-0.022441775,77.280045
24.75362311542571,35.148550251468535,82.31272,16675200.489234924,0.00015134364,-0.012635618,71.668175
24.507246627708035,35.15217355593542,72.15966,4665599.775981903,-0.05816302,-0.003274627,72.430336
24.619565229179578,35.18478278215484,82.255135,6307200.133895874,-0.0047045797,-0.009784978,72.397194
24.53985505838052,35.14492730981283,78.72631,3715200.0450611115,-0.021547902,0.0066692345,70.968506
24.409420342711783,35.02898555779556,73.23672,16588799.691009521,0.0070207343,-0.019339297,73.30643
24.2137679164399,35.101449394680465,78.1842,15724800.484085083,0.015166812,-0.03276648,77.61091
24.152173912100075,34.942029039701325,85.189964,1814400.0347614288,-0.004831806,-0.027863603,72.687096
24.35507260113369,35.04710138474188,76.478294,7084800.187969208,-0.018585965,-0.012034208,72.936386
24.373188532413735,34.85507217391305,83.68782,6566399.786281586,-0.011644341,-0.024261024,71.91641
24.275362351941567,35.02173896397893,79.32639,16156800.087547302,0.001728557,-0.02968524,76.0242
24.85869584610084,35.31159408476158,76.05999,3456000.11844635,-0.023620829,0.03528706,75.986755
24.268116089179838,35.07971042955572,81.07262,11491199.7631073,0.02038331,-0.025070835,72.44175
24.800724541980035,35.0326085145684,80.91604,15120000.381088257,0.025230315,0.0010062158,74.315636
24.782608845879178,35.07246365433351,80.82854,8208000.144195557,-0.00024283677,0.005006304,74.00088
24.003623304347823,35.192029209683014,80.788605,7171199.889278412,-0.01861909,-0.0027366914,69.54965
24.528985389862203,35.079710263267266,73.800804,8812800.247192383,0.00090171024,-0.013517972,74.24841
24.3985509616347,35.079710263267266,82.39983,3628800.0695228577,-0.017671216,0.011535112,70.75086
24.373188532413735,34.85507217391305,83.68782,13391999.773406982,0.022519968,-0.04515819,70.68272
24.518115930392057,35.170290078269815,76.7112,13478399.474716187,0.01829614,-0.024110045,77.111145
24.586956589458925,35.03623181903528,81.050644,14515200.27809143,0.025384521,-0.011952497,73.16766
24.40217392316393,35.07246365433351,77.73675,2678400.0643730164,-0.017033465,-0.019036777,70.6497
24.409420264318722,35.137681214861566,85.684586,2246400.0495672226,-0.04620197,-0.015619807,70.99524
24.409420264318722,35.097825908808005,75.01247,7862400.2420425415,-0.013537556,0.019988798,73.97619
24.55072462237475,35.07608730649443,88.70044,13910400.175094604,0.045723464,-0.029238183,70.967735
24.677536062942007,35.07971042955572,84.775665,16675200.489234924,0.010638962,-0.034397926,69.08711
24.06159400092239,35.235507653915,77.223785,3023999.9665260315,-0.07701266,-0.07559705,69.73911
24.15217408195171,35.09782609021359,90.079155,3974399.971675873,-0.017504398,-0.031184588,73.52549
24.782608845879178,35.07246365433351,80.82854,5011200.226593018,-0.030318785,-0.010479461,72.79948
24.423912946628306,35.16304383214723,83.815254,10799999.95880127,0.03472783,-0.020014063,71.02189
24.423912946628306,35.16304383214723,83.815254,11836799.665260315,0.031244608,-0.021897767,70.69164
24.202898613755877,35.17753635462667,82.22561,2592000.0888347626,-0.048570503,-0.04245585,70.498024
24.55434784521419,35.039855304907746,78.730316,14342399.778556824,0.019248985,-0.018559624,75.89626
24.32608705359737,35.05434782738719,80.59564,16588799.691009521,0.0027657188,-0.022424743,74.08206
24.271739312019278,35.0833337340226,74.97577,16243199.788856506,0.015402246,-0.022675857,75.189575
24.53985505838052,35.14492730981283,78.72631,18316800.298690796,0.017639644,-0.027698267,76.05387
24.409420264318722,35.097825908808005,75.01247,1900800.0102996826,-0.04602791,-0.026172187,71.94033
24.351449221508126,35.36231895652174,77.53338,17539199.696159363,0.024764016,-0.02140849,77.4475
24.619565229179578,35.18478278215484,82.255135,16243199.788856506,0.022472678,-0.03146347,71.4672
24.409420342711783,35.02898555779556,73.23672,8380800.095272064,-0.0112839155,0.010349313,73.280655
24.800724541980035,35.0326085145684,80.91604,7430400.090122223,-0.0025512092,0.01199271,73.81968
24.55434784521419,35.039855304907746,78.730316,14515200.27809143,0.01842966,-0.019190498,75.89724
24.423912946628306,35.13405791039468,84.735344,4579200.074672699,-0.04015338,-0.0050434247,71.52926
24.40579730278949,34.98550712868071,82.545616,5615999.781131744,-0.043944504,-0.0050584264,71.61677
24.655797039477626,35.09782643790763,82.953125,4492800.099134445,-0.025335666,-0.0032541193,72.573494
24.481884276880134,35.21376834109622,79.042,12355200.066947937,0.019631276,-0.009606849,75.6505
24.409420342711783,35.02898555779556,73.23672,4233599.898290634,-0.0275102,0.0020052046,73.40555
24.49275373635028,34.95652190987481,78.13308,12614400.267791748,0.015172765,-0.0073789023,75.623
24.46739112421217,35.10507235145331,77.031204,3628800.0695228577,-0.01405004,-0.026454683,71.518654
24.507246627708035,35.15217355593542,72.15966,2159999.936914444,-0.058141466,-0.03210631,71.9717
24.525362323808892,35.01449270273921,80.76379,259199.99517202377,0.011424189,0.020005904,70.96542
24.677536062942007,35.07971042955572,84.775665,15379199.48501587,0.020914549,-0.02671815,69.58644
24.623188347494935,34.98550731008629,86.27349,9935999.654960632,0.027630407,-0.011344716,71.3955
24.731884091961334,34.88405773852335,82.62194,3542400.093984604,-0.01686611,-0.013158575,72.548874
24.47463793572534,35.15579704180788,74.131996,6047999.933052063,-0.026623946,-0.016393814,73.21203
24.528985389862203,35.079710263267266,73.800804,6393599.835205078,-0.047497462,-0.025037114,73.91053
24.268116089179838,35.07971042955572,81.07262,172800.00249445438,-0.046577606,0.012785908,69.75849
24.40217392316393,35.07246365433351,77.73675,2851200.015449524,-0.019261438,-0.01968874,70.68651
24.33695651306752,35.26449269887389,75.24537,12787199.670410156,0.026461491,-0.030874766,75.13345
24.586956589458925,35.03623181903528,81.050644,8553600.046348572,-0.002210252,0.00808581,73.18463
24.85869584610084,35.31159408476158,76.05999,11750399.96395111,0.030152684,-0.01996079,75.28773
24.32608705359737,35.05434782738719,80.59564,7948799.943351746,-0.0015974194,-0.02711235,71.72553
24.068840433535758,35.17753635462667,82.62194,17020800.39138794,0.025646068,-0.036402244,73.1715
24.518115930392057,35.170290078269815,76.7112,8380800.095272064,0.01083798,-0.012312524,74.0973
24.677536062942007,35.07971042955572,84.775665,2332799.8879909515,-0.023164634,0.0027083475,73.029045
24.32608705359737,35.05434782738719,80.59564,12268800.365638733,0.021385025,-0.021308318,73.384964
24.409420342711783,35.02898555779556,73.23672,14169600.375938416,0.015968261,-0.016052473,73.43864
24.409420264318722,35.137681214861566,85.684586,14687999.680709839,0.03608984,-0.008334752,69.17488
24.677536062942007,35.07971042955572,84.775665,6912000.2368927,0.0119062755,-0.018985085,72.63757
24.49275373635028,34.95652190987481,78.13308,10108800.15449524,-0.009825841,-0.013715118,74.65979
24.16304339770124,35.14130418675153,77.183464,604799.9658823013,-0.05839363,-0.050428513,68.98741
24.728260869121893,35.15579704180788,79.23173,4924799.976825714,-0.018772166,0.0047500823,72.19531
24.47463793572534,35.15579704180788,74.131996,10972800.458335876,0.021856612,-0.027795177,74.67429
24.57608686867857,35.22463755910878,78.28966,15465600.283241272,0.013560139,-0.019150138,77.22201
24.47463793572534,35.15579704180788,74.131996,17193599.794006348,0.02214189,-0.032277852,73.98105
24.15942034471344,35.02536261613985,84.04098,5529600.07982254,-0.03141472,-0.025478762,70.24318
24.373188532413735,34.85507217391305,83.68782,10713600.257492065,0.003702622,-0.037056666,71.02194
24.35507260113369,35.04710138474188,76.478294,1900800.0102996826,-0.0112992935,-0.011614777,71.0225
24.06159400092239,35.235507653915,77.223785,12009600.164794922,0.048818342,-0.03922085,75.06247
24.572463802625258,35.028985391507106,77.31845,11231999.562263489,0.014902748,-0.028096642,76.26714
24.242753659958876,34.931159481553294,83.59315,10108800.15449524,0.029710349,-0.0043556094,70.34941
24.068840433535758,35.17753635462667,82.62194,8467199.796581268,0.027775165,-0.05873396,69.66672
24.43478277193275,35.06521686399416,78.38795,2159999.936914444,-0.023324255,-0.018670209,70.584915
24.57246390714934,35.13405809180027,82.83649,11059200.15964508,0.028759819,-0.020309646,72.05454
24.351449221508126,35.36231895652174,77.53338,5788799.732208252,-0.0061442964,-0.031483244,71.499596
24.471014503837736,35.137681214861566,84.09494,8726399.99742508,0.010657471,-0.0025308244,71.75761
24.068840433535758,35.17753635462667,82.62194,16675200.489234924,0.026962582,-0.03638191,73.097565
24.40217392316393,35.07246365433351,77.73675,1814400.0347614288,-0.0021170825,-0.014724139,70.48475
24.62318819070881,35.09782625650204,81.14894,4060799.9472141266,-0.022979118,-0.00062081777,71.73804
24.52536253285706,35.05797113185407,79.99595,1987199.9858379364,-0.011729281,-0.011057336,70.77871
24.62318819070881,35.09782625650204,81.14894,14601599.979400635,0.02457982,-0.01799471,73.30323
24.351449221508126,35.36231895652174,77.53338,1728000.059223175,-0.1264609,-0.13114396,71.96725
24.442029139218562,35.043478080275,76.86345,12787199.670410156,0.006352823,-0.02353907,76.31134
24.373188349496587,35.09782609021359,73.044136,10108800.15449524,0.024106205,-0.022974554,73.19339
24.655797039477626,35.09782643790763,82.953125,9244799.850654602,0.016998772,-0.013178285,72.68908
24.171296292717127,35.10648163098043,78.049835,86400.00124722719,-0.05497453,0.0020530354,69.22057
24.641304357168043,34.938405387540406,81.3883,13478399.474716187,0.024424404,-0.032035504,72.99675
24.33695651306752,35.26449269887389,75.24537,13391999.773406982,0.027718501,-0.027645677,75.20067
24.52536253285706,35.05797113185407,79.99595,13996799.876403809,0.020870829,-0.025021426,74.52136
24.3913043591697,35.05434799367564,86.750465,3196799.917602539,-0.03269833,-0.026936915,72.21052
24.731884091961334,34.88405773852335,82.62194,15638399.68585968,-0.0014281608,-0.002737455,71.521774
24.623188347494935,34.98550731008629,86.27349,9331199.551963806,0.023215584,-0.0068165176,71.61412
24.43478277193275,35.06521686399416,78.38795,1987199.9858379364,-0.021968864,-0.019022804,70.56105
24.619565229179578,35.18478278215484,82.255135,17625600.494384766,0.018549656,-0.033439685,71.18707
24.286231733018653,35.16304365074164,82.86601,16156800.087547302,0.019661037,-0.026722644,71.528854
24.62318819070881,35.09782625650204,81.14894,13132799.572563171,0.024568163,-0.015255351,73.507065
24.46739112421217,35.10507235145331,77.031204,12009600.164794922,0.018146291,-0.020630285,76.35002
24.242753659958876,34.931159481553294,83.59315,18230399.500465393,0.010607375,-0.03539068,70.43922
24.282608510179216,35.10869565592019,73.044136,5097599.927902222,-0.06699662,-0.033252444,72.85189
24.33695651306752,35.26449269887389,75.24537,12700799.969100952,0.026221033,-0.03202203,75.121445
24.521739153231497,35.18115965909355,80.50853,86400.00124722719,0.012028502,-0.023663886,70.83051
24.75362311542571,35.148550251468535,82.31272,1123200.0247836113,-0.032121222,0.023270817,72.09585
24.442029139218562,35.043478080275,76.86345,3974399.971675873,-0.024625983,-0.0044318736,71.67133
24.17028990870767,35.119565206509655,75.23819,3023999.9665260315,-0.06632468,-0.040478345,70.5548
24.55072462237475,35.07608730649443,88.70044,16502399.989700317,0.024273004,-0.046914157,71.3956
24.43478277193275,35.06521686399416,78.38795,3110399.9420642853,-0.028711904,-0.017479837,70.71601
24.2137679164399,35.101449394680465,78.1842,1900800.0102996826,-0.014954932,-0.029387299,69.63809
24.202898613755877,35.17753635462667,82.22561,9244799.850654602,0.030410416,-0.009823158,70.49652
24.40579722439643,35.07608730649443,81.130585,10886399.660110474,0.023243362,-0.024316847,72.64285
24.3985509616347,35.079710263267266,82.39983,5702400.030899048,-0.011647977,0.00041244924,71.17083
24.782608584568965,35.06521774078783,85.492004,9935999.654960632,0.018134212,-0.010172211,72.60635
24.16304339770124,35.14130418675153,77.183464,1123200.0247836113,-0.057355586,-0.048984792,68.97467
24.608695560661264,35.210145036629335,80.071884,16329599.49016571,0.012393886,-0.017147452,75.10862
24.731883987437246,34.999999998854186,80.17734,18403200.0,0.016064478,-0.032544788,75.371376
24.268116089179838,35.07971042955572,81.07262,13824000.4737854,0.020574423,-0.020118397,73.5064
24.278985653174068,35.159420527680346,80.15937,16761600.190544128,-0.0041204207,-0.023755196,75.59738
24.152173912100075,34.942029039701325,85.189964,11664000.262641907,0.05537302,-0.0362334,68.59034
24.373188349496587,35.09782609021359,73.044136,13564800.27294159,0.025266103,-0.031653963,73.09424
24.235507135886934,35.09782643790763,86.62735,3369599.8686790466,-0.014654636,0.013789281,71.49207
24.507246627708035,35.15217355593542,72.15966,0.0,-0.08128585,0.006219821,72.79061
24.655797039477626,35.09782643790763,82.953125,2332799.8879909515,-0.015631251,-0.007713802,72.36224
24.507246418659868,35.018115659512056,74.98295,3456000.11844635,-0.017231163,-0.008259345,73.254944
24.32608705359737,35.05434782738719,80.59564,5270399.878978729,-0.020730559,-0.023537591,70.89205
24.242753659958876,34.931159481553294,83.59315,9071999.899578094,0.021832258,0.019621432,70.58427
24.293478074173446,35.130434424522214,78.52256,950400.0051498413,-0.035249475,-0.0315298,69.23683
24.286231733018653,35.16304365074164,82.86601,3801600.0205993652,-0.015184201,-0.037556615,70.43508
24.15217408195171,35.09782609021359,90.079155,345600.00498890877,0.016128417,-0.051292416,73.766945
24.423912946628306,35.13405791039468,84.735344,864000.0296115875,-0.028895613,0.013857646,71.02584
24.880434869565217,35.11594208344836,73.60822,2592000.0888347626,-0.035362136,0.006103888,73.550705
24.358695745580064,35.14492749121842,79.46463,12527999.469566345,0.024225306,-0.012568701,74.9992
24.677536062942007,35.07971042955572,84.775665,8899199.948501587,0.021254655,-0.020157628,72.588615
24.409420264318722,35.097825908808005,75.01247,11923200.463485718,0.019281907,-0.013407104,75.3268
24.275362351941567,35.02173896397893,79.32639,3023999.9665260315,-0.068759724,-0.014022443,70.126175
24.528985389862203,35.079710263267266,73.800804,5529600.07982254,-0.052000795,-0.027887225,73.78943
24.32608705359737,35.05434782738719,80.59564,6652800.036048889,-0.010096081,-0.032090615,71.27271
24.373188349496587,35.09782609021359,73.044136,7171199.889278412,-0.011729889,-0.028000414,73.17527
24.579710091518006,35.06884069756067,84.24473,11145599.860954285,0.023164442,-0.022053964,71.34878
24.235507135886934,35.09782643790763,86.62735,13478399.474716187,0.03213206,-0.03309023,68.486664
24.782608845879178,35.07246365433351,80.82854,15292799.783706665,0.017230755,-0.015410982,74.181564
24.521739153231497,35.18115965909355,80.50853,1555199.9710321426,-0.007432908,-0.015142076,70.6086
24.365941903817713,35.11594190204278,77.940506,6652800.036048889,-0.03791492,-0.0114474,71.99895
24.409420342711783,35.02898555779556,73.23672,11577599.464416504,0.01700528,-0.023327596,73.49097
24.409420264318722,35.097825908808005,75.01247,12182399.56741333,0.021089932,-0.011375207,75.35468
24.003623304347823,35.192029209683014,80.788605,14687999.680709839,0.02159651,-0.024521537,75.336
24.409420342711783,35.02898555779556,73.23672,17366400.293540955,0.0007672906,-0.021701831,73.22556
24.202898613755877,35.17753635462667,82.22561,5097599.927902222,-0.060253937,-0.030383501,70.44361
24.06159400092239,35.235507653915,77.223785,16761600.190544128,0.018055903,-0.05288772,77.390656
24.49275373635028,35.04710138474188,79.64641,5875199.981975555,-0.03247406,-0.006450925,71.69028
24.003623304347823,35.192029209683014,80.788605,4752000.025749207,-0.09316276,-0.064400956,70.64211
24.576087129988778,34.96376817111452,80.53768,18057600.097846985,0.014243184,-0.034886595,73.13387
24.068840433535758,35.050724689208764,75.1399,3196799.917602539,-0.078917444,-0.014976259,71.65107
24.5036234048686,34.94565269942081,84.86278,9244799.850654602,0.012715781,-0.009234037,71.17554
24.518115930392057,35.170290078269815,76.7112,17020800.39138794,0.016171975,-0.02849248,77.14286
24.409420264318722,35.097825908808005,75.01247,15551999.984550476,0.012463735,-0.015705772,75.26017
24.373188532413735,34.85507217391305,83.68782,16070400.386238098,0.00691377,-0.056969244,70.075134
24.579710091518006,35.06884069756067,84.24473,6134400.182819366,-0.030992549,0.006870603,72.348946
24.572463802625258,35.028985391507106,77.31845,12355200.066947937,0.017937316,-0.023559231,76.59004
24.85869584610084,35.31159408476158,76.05999,6825599.987125397,-0.023990262,0.03240918,76.12195
24.507246627708035,35.15217355593542,72.15966,6912000.2368927,-0.020662148,0.022046084,73.19348
24.15217408195171,35.09782609021359,90.079155,16675200.489234924,0.02350824,-0.048102874,72.51362
24.728260869121893,35.15579704180788,79.23173,15120000.381088257,0.017057708,-0.013883963,75.79371
24.60144921950647,34.9456523441682,85.40489,15465600.283241272,0.025016353,-0.029416919,69.10503
24.423912946628306,35.13405791039468,84.735344,9331199.551963806,0.02582347,-0.017265469,71.344315
24.35507260113369,35.04710138474188,76.478294,2937599.9909877777,-0.027050149,-0.013757281,71.266014
24.525362323808892,35.01449270273921,80.76379,7257600.139045715,-0.021692608,0.0050018746,72.61276
24.202898613755877,35.17753635462667,82.22561,1987199.9858379364,-0.04553583,-0.045249525,70.43089
24.271739312019278,35.0833337340226,74.97577,7343999.840354919,-0.020940602,-0.0062845126,73.08465
24.731884091961334,34.88405773852335,82.62194,6652800.036048889,-0.008942105,0.018126823,73.15731
24.60144921950647,34.9456523441682,85.40489,518399.99034404755,0.019733336,0.004694972,74.09918
24.442029139218562,35.043478080275,76.86345,5184000.177669525,-0.025755595,-0.0045004487,72.13789
24.141304256647267,35.05072417522627,80.839714,8639999.747657776,-0.03380758,-0.006843962,70.732414
24.579710091518006,35.06884069756067,84.24473,6393599.835205078,-0.028633703,0.007281512,72.331276
24.782608845879178,35.07246365433351,80.82854,5356800.128746033,-0.030142274,-0.007985942,72.889694
24.57246390714934,35.13405809180027,82.83649,13737599.675559998,0.028118473,-0.017795328,71.25958
24.141304256647267,35.05072417522627,80.839714,17712000.19569397,-0.008671287,-0.025253579,74.2856
24.340579657513896,35.072464168316,77.031204,6998399.938201904,-0.031392325,-0.001605384,72.58442
24.521739153231497,35.18115965909355,80.50853,8121599.894428253,0.013257135,0.0015049223,72.6548
24.340579657513896,35.072464168316,77.031204,3369599.8686790466,-0.03737526,-0.020193577,70.91673
24.32608705359737,35.05434782738719,80.59564,2937599.9909877777,-0.026282098,-0.022930752,70.333565
24.880434869565217,35.11594208344836,73.60822,1987199.9858379364,-0.026167724,0.005915817,73.52928
24.782608845879178,35.07246365433351,80.82854,14515200.27809143,0.021023061,-0.013214398,74.32217
24.152173912100075,34.942029039701325,85.189964,4060799.9472141266,-0.022523217,-0.028056473,71.47708
24.068840433535758,35.17753635462667,82.62194,10454400.056648254,0.032026436,-0.03851558,69.903114
24.53985505838052,35.14492730981283,78.72631,2592000.0888347626,-0.012418173,-0.0012933314,70.65664
24.481884276880134,35.21376834109622,79.042,6134400.182819366,-0.024941389,-8.158386e-06,71.72165
24.3985509616347,35.079710263267266,82.39983,3110399.9420642853,-0.017234087,0.0091329925,70.660034
24.3913043591697,35.05434799367564,86.750465,17798399.897003174,0.0025791638,-0.015675489,68.28024
24.336956356281394,35.12681217825459,78.56935,13391999.773406982,0.0154968,-0.009720355,76.28658
24.525362323808892,35.01449270273921,80.76379,13564800.27294159,0.02648303,-0.017043464,73.39125
24.525362323808892,35.01449270273921,80.76379,9763200.252342224,0.015824776,-0.008093461,73.24001
24.53985505838052,35.14492730981283,78.72631,5443199.830055237,-0.02188475,0.01343107,71.93827
24.40579722439643,35.07608730649443,81.130585,9504000.051498413,0.025485639,-0.017515369,72.3696
24.572463802625258,35.028985391507106,77.31845,10799999.95880127,0.015171945,-0.025618937,76.077835
24.40579722439643,35.07608730649443,81.130585,4579200.074672699,-0.015222024,0.0029938985,70.98928
24.268116089179838,35.07971042955572,81.07262,345600.00498890877,-0.046935897,0.01239652,69.7336
24.15217408195171,35.09782609021359,90.079155,3196799.917602539,-0.0128380805,-0.037132125,73.57527
24.626811465810288,35.05797113185407,83.9315,7775999.992275238,-0.018382616,0.008356566,72.582596
24.619565229179578,35.18478278215484,82.255135,11664000.262641907,0.028057266,-0.022196729,72.49636
24.141304256647267,35.05072417522627,80.839714,13651199.974250793,0.015752213,-0.012612697,73.95478
24.2137679164399,35.101449394680465,78.1842,6480000.084972382,-0.028695147,-0.030173764,71.12753
24.85869584610084,35.31159408476158,76.05999,4492800.099134445,-0.030855846,0.03926207,75.98822
24.423912946628306,35.13405791039468,84.735344,1382400.019955635,-0.033177625,0.009006029,70.94555
24.068840433535758,35.17753635462667,82.62194,11404800.061798096,0.033744927,-0.030580133,70.163216
24.373188532413735,34.85507217391305,83.68782,14428799.479866028,0.019367175,-0.05020834,70.61071
24.782608584568965,35.06521774078783,85.492004,16675200.489234924,0.021766307,-0.040210243,69.42133
24.235507135886934,35.09782643790763,86.62735,172800.00249445438,0.0053791776,0.031071503,71.47031
24.40579722439643,35.07608730649443,81.130585,7343999.840354919,0.010822108,-0.01032814,71.78679
24.409420342711783,35.02898555779556,73.23672,5097599.927902222,-0.032140482,0.0055397116,73.548416
24.268116089179838,35.07971042955572,81.07262,7257600.139045715,-0.038766224,-0.026222505,70.99315
24.373188349496587,35.09782609021359,73.044136,17971200.39653778,0.005516492,-0.035197135,72.79826
24.373188532413735,34.85507217391305,83.68782,4406400.123596191,-0.02324592,-0.010825768,71.76484
24.202898613755877,35.17753635462667,82.22561,9331199.551963806,0.030878276,-0.011010658,70.49669
24.32608705359737,35.05434782738719,80.59564,3023999.9665260315,-0.026084345,-0.02252946,70.35181
24.365941903817713,35.11594190204278,77.940506,6480000.084972382,-0.038588304,-0.0118632205,71.90695
24.293478074173446,35.130434424522214,78.52256,5702400.030899048,-0.03397831,-0.021715932,71.09936
24.85869584610084,35.31159408476158,76.05999,11577599.464416504,0.028140532,-0.01965627,75.343796
24.152173912100075,34.942029039701325,85.189964,13219200.370788574,0.052648704,-0.029116306,67.898605
24.24275355543479,35.275361916886446,83.709785,17366400.293540955,0.023214424,-0.04285522,71.622086
24.141304256647267,35.05072417522627,80.839714,11750399.96395111,0.012820555,-0.012121908,72.37972
24.655797039477626,35.09782643790763,82.953125,11923200.463485718,0.020552501,-0.02276887,72.0852
24.43478251062254,35.050724689208764,81.254395,6566399.786281586,-0.019886024,-0.018208679,71.63477
24.514492864338745,35.152173737341,77.98083,13391999.773406982,0.018315857,-0.026421044,76.76459
24.40579722439643,35.07608730649443,81.130585,1209599.9317646027,0.008585205,-0.019466631,70.08248
24.608695560661264,35.210145036629335,80.071884,6307200.133895874,-0.020903628,0.020169815,72.32051
24.373188532413735,34.85507217391305,83.68782,172800.00249445438,0.021851223,0.025553387,71.96711
24.507246627708035,35.15217355593542,72.15966,345600.00498890877,-0.071829185,-0.0025338382,72.642654
24.75362311542571,35.148550251468535,82.31272,5529600.07982254,-0.03692237,0.013607241,72.61509
24.43478251062254,35.050724689208764,81.254395,3023999.9665260315,-0.0067510605,-0.016920827,70.720116
24.503623143558386,34.916666955294566,80.479385,18230399.500465393,-0.008190867,0.006830698,72.88984
24.623188347494935,34.98550731008629,86.27349,15638399.68585968,0.031884905,-0.02965362,68.92765
24.521739153231497,35.18115965909355,80.50853,864000.0296115875,0.007196067,-0.02173325,70.722595
24.3985509616347,35.079710263267266,82.39983,11577599.464416504,0.02257277,-0.02589678,71.600685
24.471014503837736,35.137681214861566,84.09494,6566399.786281586,-0.021751389,0.001630012,71.86496
24.518115930392057,35.170290078269815,76.7112,6998399.938201904,-0.014792513,-0.011186823,73.24828
24.16304339770124,35.14130418675153,77.183464,13824000.4737854,0.03982871,-0.01485214,76.92658
24.286231733018653,35.16304365074164,82.86601,12095999.866104126,0.041334618,-0.021898076,71.05019
24.731884091961334,34.88405773852335,82.62194,8380800.095272064,-0.009154614,-0.00061170757,73.35815
24.409420264318722,35.137681214861566,85.684586,6134400.182819366,-0.032234784,0.015763741,71.58155
24.731883987437246,34.999999998854186,80.17734,18057600.097846985,0.0154985525,-0.03207295,75.20688
24.358695745580064,35.14492749121842,79.46463,1296000.0444173813,-0.043151397,0.0015177615,69.36261
24.75362311542571,35.148550251468535,82.31272,6825599.987125397,-0.025907341,0.01425852,73.044975
24.40217392316393,35.07246365433351,77.73675,16243199.788856506,-0.003313508,-0.010347217,76.82434
24.141304256647267,35.05072417522627,80.839714,13132799.572563171,0.016481481,-0.011648677,73.538574
24.46739112421217,35.10507235145331,77.031204,3369599.8686790466,-0.012770619,-0.026672319,71.41803
24.40579722439643,35.07608730649443,81.130585,5011200.226593018,-0.014005512,0.0016098153,71.120735
24.35507260113369,35.04710138474188,76.478294,6998399.938201904,-0.019369967,-0.012609802,72.88338
24.659420157792983,35.13768139626715,82.9603,13046399.871253967,0.0285963,-0.019098029,71.77014
24.85869584610084,35.31159408476158,76.05999,18403200.0,0.029228376,-0.05178291,76.07855
24.351449221508126,35.36231895652174,77.53338,17279999.49531555,0.025820378,-0.02158865,77.48587
24.373188349496587,35.09782609021359,73.044136,7084800.187969208,-0.011842839,-0.028275918,73.17698
24.731884091961334,34.88405773852335,82.62194,10713600.257492065,0.019421538,-0.016217582,73.56996
24.003623304347823,35.192029209683014,80.788605,6912000.2368927,-0.03319296,-0.007641256,69.57509
24.134057993885538,35.130434787333385,80.741425,3456000.11844635,-0.09363806,-0.04555786,70.132835
24.503623143558386,34.916666955294566,80.479385,1468799.9954938889,0.0017065555,-0.0045032464,70.86863
24.43478277193275,35.06521686399416,78.38795,5961600.231742859,-0.029046703,-0.0033325553,71.64243
24.35507260113369,35.04710138474188,76.478294,15292799.783706665,0.009118207,0.0041871015,76.44126
24.373188532413735,34.85507217391305,83.68782,16502399.989700317,0.005891349,-0.05762029,69.93734
24.202898613755877,35.17753635462667,82.22561,5788799.732208252,-0.053740207,-0.02219665,70.414696
24.340579657513896,35.072464168316,77.031204,8208000.144195557,-0.018149428,0.0154409185,73.4062
24.514492864338745,35.152173737341,77.98083,15724800.484085083,0.014655527,-0.035726335,77.20836
24.626811465810288,35.05797113185407,83.9315,17020800.39138794,0.021165706,-0.017705731,69.72592
24.336956356281394,35.12681217825459,78.56935,2764800.03991127,-0.035457563,-0.0051391423,69.76419
24.24275355543479,35.275361916886446,83.709785,15983999.588012695,0.028864725,-0.03995264,71.361786
24.409420264318722,35.137681214861566,85.684586,11836799.665260315,0.028044134,-0.01695066,70.12271
24.5036234048686,34.94565269942081,84.86278,13219200.370788574,0.023370499,-0.03384116,69.63809
24.2137679164399,35.101449394680465,78.1842,1468799.9954938889,-0.008969642,-0.03032551,69.61674
24.586956589458925,35.03623181903528,81.050644,11404800.061798096,0.02770269,-0.018472627,73.45619
24.275362351941567,35.02173896397893,79.32639,11923200.463485718,0.024329506,-0.023098253,74.31341
24.3913043591697,35.05434799367564,86.750465,15379199.48501587,0.014107067,-0.020917553,68.56403
24.55434784521419,35.039855304907746,78.730316,12441599.768257141,0.023824096,-0.021235432,75.72231
24.373188349496587,35.09782609021359,73.044136,17107200.092697144,0.008382319,-0.0343236,72.71246
24.880434869565217,35.11594208344836,73.60822,9244799.850654602,0.016458472,0.0043089148,73.534004
24.5036234048686,34.94565269942081,84.86278,16934399.593162537,0.013206268,-0.04185122,69.07714
24.57608686867857,35.22463755910878,78.28966,15897599.886703491,0.011544922,-0.023138385,77.24352
24.152173912100075,34.942029039701325,85.189964,17193599.794006348,0.011055112,-0.04227856,70.37599
24.46739112421217,35.10507235145331,77.031204,8380800.095272064,-0.0065313093,0.017302837,73.91487
24.800724541980035,35.0326085145684,80.91604,8380800.095272064,0.008491484,0.006302258,74.22438
24.32608705359737,35.05434782738719,80.59564,3110399.9420642853,-0.025893133,-0.022143926,70.37007
24.471014503837736,35.137681214861566,84.09494,86400.00124722719,0.01692161,-0.006573174,71.40593
24.271739312019278,35.0833337340226,74.97577,16847999.891853333,0.01417134,-0.024417356,75.27585
24.340579735906957,35.22101461745307,78.71513,1209599.9317646027,-0.015298586,-0.03532831,70.50112
24.340579657513896,35.072464168316,77.031204,16156800.087547302,0.0032851994,-0.01838208,76.94007
24.068840433535758,35.17753635462667,82.62194,12268800.365638733,0.037566572,-0.026568264,70.53838
24.40579730278949,34.98550712868071,82.545616,8812800.247192383,0.0027947947,-0.020486731,71.73927
24.06159400092239,35.235507653915,77.223785,11577599.464416504,0.049038805,-0.04170992,74.48477
24.586956589458925,35.03623181903528,81.050644,17539199.696159363,0.0068645477,-0.033440705,72.98734
24.471014503837736,35.137681214861566,84.09494,777599.9855160713,0.007967446,-0.0088733435,71.26945
24.06159400092239,35.235507653915,77.223785,1987199.9858379364,-0.09642354,-0.07580541,69.95327
24.365941903817713,35.11594190204278,77.940506,1296000.0444173813,-0.028251383,-0.0073823296,69.787056
24.409420185925658,35.126811301460926,78.58091,1123200.0247836113,-0.0014180057,-0.027326517,69.66276
24.507246627708035,35.15217355593542,72.15966,15292799.783706665,0.008361783,-0.013389312,72.24323
24.409420342711783,35.02898555779556,73.23672,7257600.139045715,-0.019593697,0.016675709,73.433235
24.134057993885538,35.130434787333385,80.741425,14169600.375938416,0.017952854,-0.00082165934,74.72752
24.49275373635028,34.95652190987481,78.13308,14515200.27809143,0.015129566,0.006685132,75.86097
24.068840433535758,35.17753635462667,82.62194,8208000.144195557,0.024206271,-0.060415205,69.63914
24.528985389862203,35.079710263267266,73.800804,15983999.588012695,0.005930461,-0.02866124,74.54101
24.782608584568965,35.06521774078783,85.492004,15811200.185394287,0.028786302,-0.036966186,69.709755
24.43478277193275,35.06521686399416,78.38795,864000.0296115875,-0.013777971,-0.020454485,70.452446
24.17028990870767,35.119565206509655,75.23819,518399.99034404755,-0.07092781,-0.057249513,70.68151
24.5036234048686,34.94565269942081,84.86278,1296000.0444173813,0.019539032,0.0025527924,72.70847
24.293478074173446,35.130434424522214,78.52256,18403200.0,0.003331229,-0.014827434,76.82344
24.5036234048686,34.94565269942081,84.86278,6652800.036048889,-0.005304303,-0.018532403,71.82282
24.576087129988778,34.96376817111452,80.53768,17366400.293540955,0.017016467,-0.03164698,73.02964
24.340579735906957,35.22101461745307,78.71513,15206400.082397461,0.02587659,-0.017561156,77.47939
24.641304357168043,34.938405387540406,81.3883,4406400.123596191,-0.016979288,-0.011279028,72.27455
24.16304339770124,35.14130418675153,77.183464,3715200.0450611115,-0.042779613,-0.048252087,69.70208
24.62318819070881,35.09782625650204,81.14894,11145599.860954285,0.01558898,-0.024916511,73.52964
24.278985653174068,35.159420527680346,80.15937,10972800.458335876,0.029858932,-0.01126083,72.992096
24.641304357168043,34.938405387540406,81.3883,8639999.747657776,0.0069387183,-0.033983935,73.422714
24.655797039477626,35.09782643790763,82.953125,5443199.830055237,-0.021518737,-0.0026173517,72.57168
24.003623304347823,35.192029209683014,80.788605,16675200.489234924,0.010952061,-0.034234393,75.80902
24.507246418659868,35.018115659512056,74.98295,10972800.458335876,0.012872102,-0.024223633,75.39698
24.409420185925658,35.126811301460926,78.58091,12095999.866104126,0.023612278,-0.016056865,75.5359
24.3985509616347,35.079710263267266,82.39983,12787199.670410156,0.023021048,-0.016697623,71.52418
24.43478277193275,35.06521686399416,78.38795,8985600.19826889,0.008644419,0.002588788,73.7473
24.626811465810288,35.05797113185407,83.9315,1728000.059223175,-0.0024067536,0.007160954,72.50503
24.57608686867857,35.22463755910878,78.28966,11836799.665260315,0.016625023,-0.015612129,76.232475
24.5036234048686,34.94565269942081,84.86278,9849599.953651428,0.01931496,-0.023570545,71.03095
24.06159400092239,35.235507653915,77.223785,12873600.46863556,0.048120454,-0.034727763,76.06671
24.518115930392057,35.170290078269815,76.7112,11231999.562263489,0.014671726,-0.024466865,76.17173
24.16304339770124,35.14130418675153,77.183464,11318400.360488892,0.034816593,-0.024720225,74.67401
24.351449221508126,35.36231895652174,77.53338,15551999.984550476,0.029886197,-0.025567751,77.39443
24.068840433535758,35.17753635462667,82.62194,9158400.149345398,0.032968927,-0.052744087,69.73533
24.43478251062254,35.050724689208764,81.254395,345600.00498890877,0.010010619,0.010271998,70.44628
24.626811465810288,35.05797113185407,83.9315,2073599.9613761902,-0.007477723,0.005744729,72.577034
24.822463669968496,35.11956556932083,79.471794,12700799.969100952,0.023765376,-0.02231168,75.88489
24.2137679164399,35.101449394680465,78.1842,2246400.0495672226,-0.019426748,-0.028762348,69.650795
24.47463793572534,35.15579704180788,74.131996,7257600.139045715,-0.01205074,-0.019156381,73.63759
24.40579730278949,34.98550712868071,82.545616,9676799.454116821,0.010760197,-0.027214848,71.72661
24.409420342711783,35.02898555779556,73.23672,8985600.19826889,0.0045832023,0.0057423674,73.282364
24.47463793572534,35.15579704180788,74.131996,5961600.231742859,-0.028020468,-0.016721893,73.17808
24.373188532413735,34.85507217391305,83.68782,2764800.03991127,-0.02100984,0.0012510177,71.38548
24.293478074173446,35.130434424522214,78.52256,14774400.478935242,0.008177364,-0.016044658,77.14634
24.626811465810288,35.05797113185407,83.9315,17107200.092697144,0.021096691,-0.017418653,69.70904
24.40579722439643,35.07608730649443,81.130585,2073599.9613761902,-0.0029944852,-0.018327523,70.22064
24.55434784521419,35.039855304907746,78.730316,2159999.936914444,-0.011222731,-0.014435153,71.08973
24.340579735906957,35.22101461745307,78.71513,3715200.0450611115,-0.028183881,-0.022177119,70.44663
24.641304357168043,34.938405387540406,81.3883,6998399.938201904,-0.0027602762,-0.03102861,72.96533
24.55434784521419,35.039855304907746,78.730316,6652800.036048889,-0.0023171902,-0.0074797757,72.808426
24.49275373635028,34.95652190987481,78.13308,1987199.9858379364,-0.028260399,0.008346409,71.342255
24.49275373635028,34.95652190987481,78.13308,7862400.2420425415,-0.021384731,0.019902498,73.71534
24.43478277193275,35.06521686399416,78.38795,8035200.193119049,-0.010350414,0.008378528,73.09287
24.57246390714934,35.13405809180027,82.83649,1641599.9465703964,-0.009429209,-0.01548975,71.489716
24.822463669968496,35.11956556932083,79.471794,18143999.79915619,0.011945879,-0.03107145,75.32791
24.677536062942007,35.07971042955572,84.775665,691200.0099778175,0.0060569085,0.0055317506,73.030685
24.52536253285706,35.05797113185407,79.99595,15379199.48501587,0.018370183,-0.028306797,74.468124
24.677536062942007,35.07971042955572,84.775665,6393599.835205078,0.005329404,-0.01856941,72.636246
24.800724541980035,35.0326085145684,80.91604,6480000.084972382,-0.012520906,0.0036424305,73.40299
24.507246418659868,35.018115659512056,74.98295,14428799.479866028,0.016909523,-0.011963401,75.93171
24.33695651306752,35.26449269887389,75.24537,1728000.059223175,-0.0978785,-0.056810547,70.49729
24.340579735906957,35.22101461745307,78.71513,777599.9855160713,-0.018505082,-0.032562964,70.5146
24.40217392316393,35.07246365433351,77.73675,2505600.113296509,-0.014532998,-0.01833915,70.6139
24.608695560661264,35.210145036629335,80.071884,4319999.873828888,-0.043563645,0.00817037,71.26411
24.49275373635028,35.04710138474188,79.64641,15551999.984550476,0.006055195,-0.023455802,74.937294
24.677536062942007,35.07971042955572,84.775665,950400.0051498413,0.0013943389,0.005532097,72.99475
24.268116089179838,35.07971042955572,81.07262,4579200.074672699,-0.051007997,-0.014651049,70.44887
24.340579735906957,35.22101461745307,78.71513,4492800.099134445,-0.031679507,-0.016884215,70.61557
24.55072462237475,35.07608730649443,88.70044,13391999.773406982,0.045762617,-0.027917188,71.151726
24.409420342711783,35.02898555779556,73.23672,12787199.670410156,0.022126192,-0.0124744475,73.466064
24.06159400092239,35.235507653915,77.223785,7689599.742507935,0.04634685,-0.04383458,70.81364
24.528985389862203,35.079710263267266,73.800804,11577599.464416504,0.019403063,-0.024988852,74.59927
24.24275355543479,35.275361916886446,83.709785,14342399.778556824,0.032880403,-0.034466248,70.97134
24.134057993885538,35.130434787333385,80.741425,1728000.059223175,-0.08461204,-0.06555237,69.54472
24.409420342711783,35.02898555779556,73.23672,7948799.943351746,-0.013496228,0.015092132,73.32122
24.53985505838052,35.14492730981283,78.72631,4492800.099134445,-0.021723546,0.009803917,71.34327
24.442029139218562,35.043478080275,76.86345,2073599.9613761902,-0.014599532,0.0008966252,71.309814
24.423912946628306,35.16304383214723,83.815254,6047999.933052063,0.002316106,-0.021295168,71.68707
24.293478074173446,35.130434424522214,78.52256,10281599.557113647,0.018029926,-0.0052544177,73.90388
24.373188349496587,35.09782609021359,73.044136,17193599.794006348,0.008108638,-0.03437895,72.714554
24.15217408195171,35.09782609021359,90.079155,14169600.375938416,0.04637886,-0.025479753,70.754715
24.293478074173446,35.130434424522214,78.52256,3801600.0205993652,-0.040208783,-0.020339325,70.113075
24.40217392316393,35.07246365433351,77.73675,13651199.974250793,0.016836956,-0.0019572824,76.60001
24.75362311542571,35.148550251468535,82.31272,4060799.9472141266,-0.04199237,0.013302453,72.41609
24.579710091518006,35.06884069756067,84.24473,7775999.992275238,-0.006676495,0.00775226,72.212395
24.15217408195171,35.09782609021359,90.079155,2332799.8879909515,0.0016306154,-0.04273152,73.68069
24.15217408195171,35.09782609021359,90.079155,13305600.072097778,0.04821732,-0.023058254,70.396805
24.47463793572534,35.15579704180788,74.131996,10713600.257492065,0.022281336,-0.026804976,74.64551
24.373188532413735,34.85507217391305,83.68782,17971200.39653778,0.0075216684,-0.055732626,69.93436
24.40217392316393,35.07246365433351,77.73675,17020800.39138794,-0.010097798,-0.0054967925,76.803665
24.15942034471344,35.02536261613985,84.04098,1555199.9710321426,-0.032773335,0.010434033,72.023186
24.3985509616347,35.079710263267266,82.39983,11836799.665260315,0.02237662,-0.023816664,71.59313
24.507246627708035,35.15217355593542,72.15966,3023999.9665260315,-0.060424704,-0.026949272,71.95368
24.75362311542571,35.148550251468535,82.31272,11923200.463485718,0.0082743615,-0.026351616,73.020615
24.340579657513896,35.072464168316,77.031204,259199.99517202377,-0.01678982,-0.012790479,70.485695
24.525362323808892,35.01449270273921,80.76379,2678400.0643730164,-0.014637377,-0.0061512664,71.124176
24.514492864338745,35.152173737341,77.98083,17193599.794006348,0.01155301,-0.035294358,77.08525
24.235507135886934,35.09782643790763,86.62735,4838399.727058411,-0.027060624,-0.0044514798,71.14739
24.340579735906957,35.22101461745307,78.71513,8208000.144195557,0.025480084,-0.019479297,72.428535
24.576087129988778,34.96376817111452,80.53768,15465600.283241272,0.024187092,-0.01625168,73.23136
24.800724541980035,35.0326085145684,80.91604,11059200.15964508,0.027212176,-0.006073743,74.58938
24.641304357168043,34.938405387540406,81.3883,16243199.788856506,0.015054101,-0.037834514,72.203026
24.24275355543479,35.275361916886446,83.709785,13910400.175094604,0.033818316,-0.0319778,70.852806
24.677536062942007,35.07971042955572,84.775665,17625600.494384766,0.002771657,-0.03389704,68.850685
24.15217408195171,35.09782609021359,90.079155,7603200.0411987305,0.042439952,-0.0048321225,72.96891
24.49275373635028,35.04710138474188,79.64641,6825599.987125397,-0.026017923,-0.0032513663,72.266556
24.731884091961334,34.88405773852335,82.62194,16243199.788856506,-0.0027293488,-0.017184846,71.30693
24.340579735906957,35.22101461745307,78.71513,7171199.889278412,0.009683959,-0.020750549,71.74984
24.623188347494935,34.98550731008629,86.27349,12527999.469566345,0.035884008,-0.014191505,70.20974
24.409420264318722,35.097825908808005,75.01247,13737599.675559998,0.024883438,-0.0064793415,75.40659
24.282608510179216,35.10869565592019,73.044136,6652800.036048889,-0.059373874,-0.017443944,72.92286
24.423912946628306,35.13405791039468,84.735344,5184000.177669525,-0.038809348,-0.0062685646,71.59061
24.365941903817713,35.11594190204278,77.940506,7689599.742507935,-0.029284906,-0.008361541,72.63503
24.731884091961334,34.88405773852335,82.62194,4406400.123596191,-0.018480986,-0.005119644,72.76083
24.365941903817713,35.11594190204278,77.940506,4838399.727058411,-0.041807543,-0.01312333,71.07836
24.282608510179216,35.10869565592019,73.044136,11491199.7631073,0.017747222,-0.022113744,72.88758
24.880434869565217,35.11594208344836,73.60822,14601599.979400635,0.033058908,-0.015350796,73.513054
24.57608686867857,35.22463755910878,78.28966,518399.99034404755,-0.007003464,0.0063652284,70.36854
24.57608686867857,35.22463755910878,78.28966,18403200.0,0.015818426,-0.024580102,76.7099
24.55434784521419,35.039855304907746,78.730316,4579200.074672699,-0.022191264,-0.009032894,71.62547
24.731883987437246,34.999999998854186,80.17734,11145599.860954285,0.012488902,-0.02805347,74.88861
24.358695745580064,35.14492749121842,79.46463,259199.99517202377,-0.04845686,0.010047557,69.34769
24.659420157792983,35.13768139626715,82.9603,16502399.989700317,0.027147636,-0.02994544,70.622795
24.659420157792983,35.13768139626715,82.9603,2159999.936914444,-0.024200965,0.0062871967,72.1273
24.33695651306752,35.26449269887389,75.24537,17452799.99485016,0.019948829,-0.039476115,75.0006
24.572463802625258,35.028985391507106,77.31845,11750399.96395111,0.015904618,-0.027524244,76.44296
24.409420342711783,35.02898555779556,73.23672,11836799.665260315,0.017522397,-0.022973944,73.488464
24.55072462237475,35.07608730649443,88.70044,259199.99517202377,0.0322648,-0.012898792,71.92596
24.60144921950647,34.9456523441682,85.40489,2505600.113296509,-0.01184015,0.011895508,73.4535
24.423912946628306,35.16304383214723,83.815254,6307200.133895874,0.0093051065,-0.021778781,71.6917
24.5036234048686,34.94565269942081,84.86278,11836799.665260315,0.02242204,-0.030840505,70.30294
24.728260869121893,35.15579704180788,79.23173,14687999.680709839,0.018883524,-0.012252063,75.7866
24.51086948471318,35.141304337922854,75.965324,15292799.783706665,0.016186396,-0.03418533,76.56309
24.286231733018653,35.16304365074164,82.86601,1900800.0102996826,0.013481641,-0.026909366,70.21617
24.728260869121893,35.15579704180788,79.23173,518399.99034404755,0.007610582,0.013884923,71.600105
24.202898613755877,35.17753635462667,82.22561,15638399.68585968,0.018151902,-0.025848754,72.89945
24.822463669968496,35.11956556932083,79.471794,12095999.866104126,0.022663854,-0.027361382,75.829704
24.55434784521419,35.039855304907746,78.730316,3887999.996137619,-0.018580694,-0.012200613,71.386894
24.152173912100075,34.942029039701325,85.189964,16156800.087547302,0.021825772,-0.04042531,69.497055
24.514492864338745,35.152173737341,77.98083,4233599.898290634,-0.028878208,-0.008531917,71.3585
24.141304256647267,35.05072417522627,80.839714,10886399.660110474,0.006586116,-0.012292512,71.78739
24.171296292717127,35.10648163098043,78.049835,16329599.49016571,0.006224666,-0.027641814,77.710594
24.340579657513896,35.072464168316,77.031204,7948799.943351746,-0.021822933,0.013078228,73.224075
24.52536253285706,35.05797113185407,79.99595,6912000.2368927,0.00037094206,-0.027751766,72.452545
24.40217392316393,35.07246365433351,77.73675,10540799.757957458,0.017306987,-0.01122468,74.98737
24.336956356281394,35.12681217825459,78.56935,15638399.68585968,0.00022928044,-0.008728102,77.16368
24.49275373635028,34.95652190987481,78.13308,13219200.370788574,0.018968726,-0.0012290999,75.71531
24.351449221508126,35.36231895652174,77.53338,5356800.128746033,-0.022636142,-0.043380905,71.36771
24.471014503837736,35.137681214861566,84.09494,13391999.773406982,0.025271624,-0.013497468,70.03846
24.572463802625258,35.028985391507106,77.31845,3801600.0205993652,-0.028173368,-0.005377285,72.009834
24.40579730278949,34.98550712868071,82.545616,12268800.365638733,0.0131730195,-0.0313766,71.171265
24.43478277193275,35.06521686399416,78.38795,9331199.551963806,0.013900964,-0.00040797703,73.97479
24.293478074173446,35.130434424522214,78.52256,12527999.469566345,0.015569676,-0.017583564,75.63542
24.336956356281394,35.12681217825459,78.56935,3974399.971675873,-0.04004236,-0.00041328743,70.36162
24.521739153231497,35.18115965909355,80.50853,4752000.025749207,-0.0142295435,-0.017181132,71.092674
24.55072462237475,35.07608730649443,88.70044,16329599.49016571,0.025079116,-0.045918677,71.35529
24.55072462237475,35.07608730649443,88.70044,8294399.845504761,0.0044209957,-0.023023516,73.11514
24.271739312019278,35.0833337340226,74.97577,16329599.49016571,0.01523474,-0.02300566,75.20292
24.068840433535758,35.17753635462667,82.62194,2332799.8879909515,-0.04750636,-0.05951568,71.73226
24.33695651306752,35.26449269887389,75.24537,864000.0296115875,-0.11312826,-0.048369814,70.37833
24.340579735906957,35.22101461745307,78.71513,10540799.757957458,0.028524116,-0.021934297,74.073006
24.358695745580064,35.14492749121842,79.46463,7775999.992275238,-0.004436221,0.017810542,72.09661
24.40579730278949,34.98550712868071,82.545616,1900800.0102996826,-0.016358871,0.0045849513,71.21148
24.282608510179216,35.10869565592019,73.044136,2851200.015449524,-0.07093498,-0.031832065,72.53694
24.268116089179838,35.07971042955572,81.07262,2419199.8635292053,-0.050013993,-0.0046419613,70.02245
24.641304357168043,34.938405387540406,81.3883,7257600.139045715,-0.002117131,-0.03150161,73.04176
24.608695560661264,35.210145036629335,80.071884,6739199.737358093,-0.013343006,0.022255527,72.55819
24.423912946628306,35.16304383214723,83.815254,5529600.07982254,-0.010869104,-0.019392695,71.654526
24.57608686867857,35.22463755910878,78.28966,2764800.03991127,-0.014848992,-0.014961947,70.652214
24.782608584568965,35.06521774078783,85.492004,7603200.0411987305,-0.029189203,0.0013721809,73.22751
24.17028990870767,35.119565206509655,75.23819,14256000.07724762,0.030303115,-0.01864203,75.25057
24.72463775080654,35.097825908808005,83.506035,2592000.0888347626,-0.024134662,0.0012803525,72.8939
24.442029139218562,35.043478080275,76.86345,16416000.288391113,0.0048199184,-0.023553122,76.51169
24.518115930392057,35.170290078269815,76.7112,3023999.9665260315,-0.041542698,-0.003441058,71.037224
24.336956356281394,35.12681217825459,78.56935,13737599.675559998,0.014335105,-0.008855145,76.5022
24.5036234048686,34.94565269942081,84.86278,1814400.0347614288,0.010883238,-0.0057257004,72.67589
24.340579657513896,35.072464168316,77.031204,4492800.099134445,-0.04068533,-0.022024464,71.2646
24.409420342711783,35.02898555779556,73.23672,4838399.727058411,-0.030031923,0.0049440805,73.51126
24.576087129988778,34.96376817111452,80.53768,3801600.0205993652,-0.024073437,-0.0038536228,71.69691
24.235507135886934,35.09782643790763,86.62735,11491199.7631073,0.028681837,-0.034541275,68.91858
24.3913043591697,35.05434799367564,86.750465,8639999.747657776,0.014297908,0.020206723,71.29763
24.57246390714934,35.13405809180027,82.83649,14515200.27809143,0.025849767,-0.017131738,71.009315
24.503623143558386,34.916666955294566,80.479385,2937599.9909877777,-0.024882626,-0.013581302,71.27637
24.576087129988778,34.96376817111452,80.53768,7430400.090122223,-0.017174345,-0.008076351,72.89737
24.677536062942007,35.07971042955572,84.775665,13824000.4737854,0.019854387,-0.024564043,70.33496
24.782608584568965,35.06521774078783,85.492004,10627199.459266663,0.01863901,-0.02179797,72.24987
24.171296292717127,35.10648163098043,78.049835,345600.00498890877,-0.05486018,0.0020251237,69.274734
24.141304256647267,35.05072417522627,80.839714,8812800.247192383,-0.029320467,-0.008105993,70.79224
24.40579722439643,35.07608730649443,81.130585,10540799.757957458,0.024186008,-0.023857888,72.572525
24.52536253285706,35.05797113185407,79.99595,14428799.479866028,0.02086344,-0.025636513,74.51446
24.52536253285706,35.05797113185407,79.99595,15897599.886703491,0.01658296,-0.029862128,74.44058
24.655797039477626,35.09782643790763,82.953125,3196799.917602539,-0.0237438,-0.0053610317,72.53329
24.141304256647267,35.05072417522627,80.839714,16070400.386238098,-0.0007595867,-0.02137683,74.67665
24.286231733018653,35.16304365074164,82.86601,1814400.0347614288,0.014839079,-0.02605911,70.208595
24.373188532413735,34.85507217391305,83.68782,1900800.0102996826,-0.010553241,0.011325432,71.29938
24.293478074173446,35.130434424522214,78.52256,9417600.350189209,0.010220453,0.004166197,73.29701
24.85869584610084,35.31159408476158,76.05999,9504000.051498413,0.017506143,0.0013757888,75.90702
24.423912946628306,35.13405791039468,84.735344,11577599.464416504,0.028063377,-0.022594936,70.38131
24.43478277193275,35.06521686399416,78.38795,13219200.370788574,0.01451038,0.0019993726,76.13097
24.57608686867857,35.22463755910878,78.28966,11750399.96395111,0.016349956,-0.01578977,76.19097
24.278985653174068,35.159420527680346,80.15937,4060799.9472141266,-0.07472558,-0.02305111,70.22767
24.60144921950647,34.9456523441682,85.40489,17452799.99485016,0.013857005,-0.032509834,69.147095
24.423912946628306,35.13405791039468,84.735344,2678400.0643730164,-0.038482506,-0.0013413299,71.06539
24.528985389862203,35.079710263267266,73.800804,4579200.074672699,-0.043810938,-0.021923695,73.520454
24.43478251062254,35.050724689208764,81.254395,5011200.226593018,-0.022700764,-0.013562527,71.277534
24.521739153231497,35.18115965909355,80.50853,10022400.453186035,0.01275249,0.008679364,73.21627
24.60144921950647,34.9456523441682,85.40489,3283199.893140793,-0.023783837,0.015630025,73.24327
24.278985653174068,35.159420527680346,80.15937,11923200.463485718,0.027483944,-0.012466267,73.669975
24.55072462237475,35.07608730649443,88.70044,15811200.185394287,0.028409168,-0.042484883,71.19948
24.278985574781007,35.18478260074926,85.36457,5529600.07982254,-0.079088,-0.029101022,70.9465
24.49275373635028,35.04710138474188,79.64641,12095999.866104126,0.016743101,-0.02110226,74.59561
24.275362351941567,35.02173896397893,79.32639,11750399.96395111,0.024418522,-0.022678494,74.19945
24.15942034471344,35.02536261613985,84.04098,3023999.9665260315,-0.042712163,-0.014522616,71.43209
24.55072462237475,35.07608730649443,88.70044,14860800.180244446,0.038193204,-0.035026576,70.93089
24.003623304347823,35.192029209683014,80.788605,11577599.464416504,0.029221728,-0.012362212,71.80713
24.409420342711783,35.02898555779556,73.23672,15033599.582862854,0.009973144,-0.022657752,73.421104
24.49275373635028,35.04710138474188,79.64641,5270399.878978729,-0.033523206,-0.0067270286,71.39781
24.481884276880134,35.21376834109622,79.042,16675200.489234924,0.00068909675,-0.02550451,76.71843
24.3985509616347,35.079710263267266,82.39983,9676799.454116821,0.026716515,-0.025641147,71.655266
24.40579730278949,34.98550712868071,82.545616,4233599.898290634,-0.03577129,-0.0009508543,71.62617
24.572463802625258,35.028985391507106,77.31845,1382400.019955635,-0.004847575,0.0021741427,71.730446
24.62318819070881,35.09782625650204,81.14894,13824000.4737854,0.02645541,-0.0146405175,73.425964
24.40579722439643,35.07608730649443,81.130585,4752000.025749207,-0.014876515,0.0027116444,71.04285
24.5036234048686,34.94565269942081,84.86278,9935999.654960632,0.019753763,-0.025278654,71.00934
24.340579735906957,35.22101461745307,78.71513,5356800.128746033,-0.024467569,-0.017251015,70.89428
24.57608686867857,35.22463755910878,78.28966,5615999.781131744,-0.015108317,-0.0038164891,72.02435
24.068840433535758,35.17753635462667,82.62194,16847999.891853333,0.026249766,-0.036466155,73.13562
24.35507260113369,35.04710138474188,76.478294,17539199.696159363,0.0061407536,-0.008175999,76.35089
24.340579657513896,35.072464168316,77.031204,15206400.082397461,0.010984868,-0.010274563,76.85748
24.293478074173446,35.130434424522214,78.52256,10368000.35533905,0.018314382,-0.006355934,73.965324
24.06159400092239,35.235507653915,77.223785,3456000.11844635,-0.07087417,-0.074471116,69.75757
24.35507260113369,35.04710138474188,76.478294,16156800.087547302,0.0030089952,-0.010185875,76.441864
24.572463802625258,35.028985391507106,77.31845,15897599.886703491,0.0031526722,-0.022585146,76.50717
24.369565205050215,35.10507235145331,81.59638,1814400.0347614288,-0.022432469,-0.020976208,69.98257
24.340579735906957,35.22101461745307,78.71513,10108800.15449524,0.030763436,-0.021821897,73.73917
24.471014503837736,35.137681214861566,84.09494,8985600.19826889,0.01338472,-0.0063492097,71.72329
24.16304339770124,35.14130418675153,77.183464,9504000.051498413,0.04081395,-0.01702683,73.27496
24.15942034471344,35.02536261613985,84.04098,15292799.783706665,0.021625727,-0.03896643,69.7623
24.46739112421217,35.10507235145331,77.031204,17798399.897003174,0.016414039,-0.02485196,76.7551
24.351449221508126,35.36231895652174,77.53338,12873600.46863556,0.03497765,-0.009770073,76.38964
24.43478277193275,35.06521686399416,78.38795,2332799.8879909515,-0.024581004,-0.018334907,70.608894
24.134057993885538,35.130434787333385,80.741425,1468799.9954938889,-0.08477762,-0.06750408,69.4551
24.782608584568965,35.06521774078783,85.492004,12009600.164794922,0.017487032,-0.03193093,71.479836
24.800724541980035,35.0326085145684,80.91604,17712000.19569397,-0.009391673,-0.0040248595,74.14966
24.43478251062254,35.050724689208764,81.254395,13305600.072097778,0.020719022,-0.019562934,72.762474
24.514492864338745,35.152173737341,77.98083,2764800.03991127,-0.028605197,-0.017089728,70.72716
24.880434869565217,35.11594208344836,73.60822,172800.00249445438,0.011459088,0.0116272345,73.7558
24.471014503837736,35.137681214861566,84.09494,5875199.981975555,-0.02881382,-0.0051785447,71.89959
24.572463802625258,35.028985391507106,77.31845,14601599.979400635,0.015572412,-0.009715375,76.71983
24.503623143558386,34.916666955294566,80.479385,10627199.459266663,0.017728135,-0.0047603287,73.4959
24.75362311542571,35.148550251468535,82.31272,6652800.036048889,-0.027159143,0.014629407,72.982796
24.409420264318722,35.097825908808005,75.01247,1036799.9806880951,-0.050619487,-0.022443507,71.84868
24.242753659958876,34.931159481553294,83.59315,2851200.015449524,-0.02447519,-0.009174768,71.29525
24.514492864338745,35.152173737341,77.98083,11923200.463485718,0.016648527,-0.029377315,76.13301
24.507246418659868,35.018115659512056,74.98295,0.0,0.026572345,-0.0037207082,73.35082
24.278985574781007,35.18478260074926,85.36457,518399.99034404755,-0.07824683,-0.036506,70.31034
24.57608686867857,35.22463755910878,78.28966,10627199.459266663,0.014743157,-0.013440423,75.52474
24.17028990870767,35.119565206509655,75.23819,5011200.226593018,-0.062263805,-0.031016238,71.69991
24.782608845879178,35.07246365433351,80.82854,16588799.691009521,0.0068910755,-0.0013651755,73.96236
24.264492787947336,35.06521739309379,75.914215,6393599.835205078,-0.026545603,0.017711397,72.36175
24.507246418659868,35.018115659512056,74.98295,518399.99034404755,0.02517884,-0.0047676936,73.15366
24.507246627708035,35.15217355593542,72.15966,16847999.891853333,0.008091403,-0.021726433,72.146614
24.49275373635028,34.95652190987481,78.13308,18316800.298690796,-0.012928896,-0.027757183,75.305916
24.365941903817713,35.11594190204278,77.940506,4233599.898290634,-0.042228807,-0.012372624,70.771996
24.55434784521419,35.039855304907746,78.730316,10454400.056648254,0.029409803,-0.024600778,75.02628
24.619565229179578,35.18478278215484,82.255135,15292799.783706665,0.024140354,-0.030123588,71.74672
24.822463669968496,35.11956556932083,79.471794,2937599.9909877777,-0.020441148,0.013988074,72.406586
24.471014503837736,35.137681214861566,84.09494,8467199.796581268,0.0074097905,0.0010737013,71.77921
24.365941903817713,35.11594190204278,77.940506,518399.99034404755,-0.029414449,0.0036520343,69.84395
24.271739312019278,35.0833337340226,74.97577,9849599.953651428,0.020106358,-0.012000352,74.145035
24.3913043591697,35.05434799367564,86.750465,12441599.768257141,0.027797043,-0.00873303,69.57628
24.782608845879178,35.07246365433351,80.82854,12095999.866104126,0.024860661,-0.015097909,74.48211
24.572463802625258,35.028985391507106,77.31845,10108800.15449524,0.016462937,-0.0164149,75.70234
24.06159400092239,35.235507653915,77.223785,8553600.046348572,0.052398507,-0.045013946,71.10335
24.293478074173446,35.130434424522214,78.52256,8035200.193119049,-0.016789984,-0.000601884,72.32321
24.53985505838052,35.14492730981283,78.72631,2159999.936914444,-0.0047599785,-0.004056804,70.5904
24.24275355543479,35.275361916886446,83.709785,1728000.059223175,-0.09812078,-0.11681984,72.58933
24.17028990870767,35.119565206509655,75.23819,16502399.989700317,0.016636273,-0.02684012,75.70481
24.409420264318722,35.097825908808005,75.01247,2851200.015449524,-0.04236157,-0.021935582,72.23447
24.15942034471344,35.02536261613985,84.04098,13824000.4737854,0.02802728,-0.03341208,69.2066
24.62318819070881,35.09782625650204,81.14894,1900800.0102996826,-0.01077484,0.00030604377,71.25581
24.57608686867857,35.22463755910878,78.28966,12614400.267791748,0.020047642,-0.012914803,76.56631
24.336956356281394,35.12681217825459,78.56935,8726399.99742508,0.0036990978,-0.0040089227,72.95842
24.46739112421217,35.10507235145331,77.031204,3456000.11844635,-0.013270985,-0.02661892,71.45127
24.271739312019278,35.0833337340226,74.97577,12355200.066947937,0.026843835,-0.017474383,74.95062
24.423912946628306,35.16304383214723,83.815254,8553600.046348572,0.042782713,-0.016909782,71.59918
24.282608510179216,35.10869565592019,73.044136,10022400.453186035,-0.0068996884,-0.010393675,72.98292
24.576087129988778,34.96376817111452,80.53768,3456000.11844635,-0.022113971,-0.0069445632,71.60965
24.5036234048686,34.94565269942081,84.86278,13824000.4737854,0.022464115,-0.03501987,69.41641
24.278985653174068,35.159420527680346,80.15937,5443199.830055237,-0.06824818,-0.026835341,70.8809
24.731884091961334,34.88405773852335,82.62194,7257600.139045715,-0.007921066,0.016677756,73.254845
24.85869584610084,35.31159408476158,76.05999,7689599.742507935,-0.016116846,0.024473533,76.12289
24.586956589458925,35.03623181903528,81.050644,13046399.871253967,0.029373072,-0.0071005933,73.383446
24.47463793572534,35.15579704180788,74.131996,13910400.175094604,0.025807954,-0.025143296,74.33126
24.619565229179578,35.18478278215484,82.255135,12009600.164794922,0.027137037,-0.022484567,72.44298
24.2137679164399,35.101449394680465,78.1842,172800.00249445438,0.00558573,-0.031071067,69.478584
24.003623304347823,35.192029209683014,80.788605,7084800.187969208,-0.023462664,-0.0042200573,69.55392
24.271739312019278,35.0833337340226,74.97577,17452799.99485016,0.011701589,-0.025351789,75.34211
24.3985509616347,35.079710263267266,82.39983,5184000.177669525,-0.01628181,0.0058515295,71.06271
24.43478277193275,35.06521686399416,78.38795,8380800.095272064,-0.003248442,0.006950794,73.3374
24.55434784521419,35.039855304907746,78.730316,6912000.2368927,0.0027211607,-0.0064216405,72.96752
24.15217408195171,35.09782609021359,90.079155,16588799.691009521,0.024185155,-0.047477547,72.44746
24.655797039477626,35.09782643790763,82.953125,14601599.979400635,0.023607869,-0.022940904,71.34297
24.15217408195171,35.09782609021359,90.079155,10368000.35533905,0.05006932,-0.011775602,71.085754
24.659420157792983,35.13768139626715,82.9603,6047999.933052063,-0.017843403,0.017827211,72.50503
24.75362311542571,35.148550251468535,82.31272,518399.99034404755,-0.031104948,0.022765387,71.969666
24.32608705359737,35.05434782738719,80.59564,3196799.917602539,-0.025708843,-0.021778222,70.38841
24.507246418659868,35.018115659512056,74.98295,11750399.96395111,0.014591606,-0.021896318,75.58257
24.2137679164399,35.101449394680465,78.1842,3715200.0450611115,-0.03117479,-0.02950959,69.83472
24.268116089179838,35.07971042955572,81.07262,16588799.691009521,0.0014637522,-0.025826186,73.84084
24.134057993885538,35.130434787333385,80.741425,12700799.969100952,0.02249336,-0.0009889714,73.32107
24.32608705359737,35.05434782738719,80.59564,345600.00498890877,-0.03227477,-0.026354473,69.91554
24.3913043591697,35.05434799367564,86.750465,13737599.675559998,0.02405436,-0.008904781,68.99375
24.521739153231497,35.18115965909355,80.50853,16502399.989700317,0.024814896,-0.022158284,74.36911
24.57246390714934,35.13405809180027,82.83649,3974399.971675873,-0.019710518,-0.008283328,71.85318
24.275362351941567,35.02173896397893,79.32639,17193599.794006348,-0.0035516508,-0.03283271,75.68191
24.264492787947336,35.06521739309379,75.914215,7603200.0411987305,-0.0153519735,0.02162582,72.981735
24.369565205050215,35.10507235145331,81.59638,11664000.262641907,0.031122435,-0.019810095,72.27769
24.619565229179578,35.18478278215484,82.255135,10627199.459266663,0.029105663,-0.01888505,72.60059
24.586956589458925,35.03623181903528,81.050644,2678400.0643730164,-0.0002808571,-0.02301475,71.36806
24.003623304347823,35.192029209683014,80.788605,6307200.133895874,-0.064334586,-0.022988807,69.77369
24.293478074173446,35.130434424522214,78.52256,9331199.551963806,0.008888427,0.0047395453,73.23597
24.32608705359737,35.05434782738719,80.59564,15983999.588012695,0.0043234974,-0.020237818,74.19806
24.286231733018653,35.16304365074164,82.86601,13219200.370788574,0.041328296,-0.020643413,71.21193
24.409420264318722,35.097825908808005,75.01247,15379199.48501587,0.014533544,-0.013088256,75.2797
24.586956589458925,35.03623181903528,81.050644,3023999.9665260315,-0.00087793544,-0.023941536,71.4361
24.369565205050215,35.10507235145331,81.59638,4147199.9227523804,-0.034398187,-0.010384664,70.54403
24.15217408195171,35.09782609021359,90.079155,2851200.015449524,-0.0076674484,-0.039691243,73.60488
24.40217392316393,35.07246365433351,77.73675,86400.00124722719,0.019867267,0.0012749024,70.52593
24.242753659958876,34.931159481553294,83.59315,777599.9855160713,-0.05417982,0.02034457,71.93155
24.15217408195171,35.09782609021359,90.079155,3542400.093984604,-0.016307045,-0.03440011,73.55362
24.271739312019278,35.0833337340226,74.97577,15638399.68585968,0.018189482,-0.016862974,75.09392
24.57246390714934,35.13405809180027,82.83649,3023999.9665260315,-0.018513784,-0.012786232,71.65787
24.514492864338745,35.152173737341,77.98083,11059200.15964508,0.01868315,-0.026980404,75.61515
24.60144921950647,34.9456523441682,85.40489,9590399.752807617,0.019426312,-0.010850456,71.45712
24.57608686867857,35.22463755910878,78.28966,8553600.046348572,-0.002719596,0.0131368935,73.94809
24.3985509616347,35.079710263267266,82.39983,18403200.0,0.016554559,-0.012320995,71.37076
24.282608510179216,35.10869565592019,73.044136,16329599.49016571,0.017886361,-0.02636195,72.26344
24.822463669968496,35.11956556932083,79.471794,7430400.090122223,0.015724495,0.018655771,73.76362
24.51086948471318,35.141304337922854,75.965324,8380800.095272064,-0.0060914867,0.021404572,74.2912
24.677536062942007,35.07971042955572,84.775665,16156800.087547302,0.014710868,-0.03224225,69.26944
24.731884091961334,34.88405773852335,82.62194,8035200.193119049,-0.010125916,0.0061469525,73.33362
24.5036234048686,34.94565269942081,84.86278,12700799.969100952,0.023679309,-0.032095432,69.879974
24.336956356281394,35.12681217825459,78.56935,16934399.593162537,-0.0090903565,-0.0013694353,77.13682
24.141304256647267,35.05072417522627,80.839714,5788799.732208252,-0.08815697,-0.0017244946,69.967285
24.85869584610084,35.31159408476158,76.05999,9158400.149345398,0.01563343,0.0073739365,75.95875
24.822463669968496,35.11956556932083,79.471794,1382400.019955635,-0.019260954,0.024655817,72.287575
24.525362323808892,35.01449270273921,80.76379,15897599.886703491,0.012751361,-0.027400509,73.08967
24.518115930392057,35.170290078269815,76.7112,4838399.727058411,-0.03486157,-0.00046612695,72.079865
24.49275373635028,35.04710138474188,79.64641,7430400.090122223,-0.01892209,0.0014215969,72.63971
24.068840433535758,35.17753635462667,82.62194,15638399.68585968,0.03325803,-0.033219974,72.79003
24.17028990870767,35.119565206509655,75.23819,6480000.084972382,-0.036895294,-0.01926924,72.54216
24.409420342711783,35.02898555779556,73.23672,1296000.0444173813,-0.021662515,0.0007144138,73.32516
24.619565229179578,35.18478278215484,82.255135,13564800.27294159,0.024334557,-0.022895306,72.15262
24.53985505838052,35.14492730981283,78.72631,5270399.878978729,-0.021779846,0.012643015,71.8244
24.579710091518006,35.06884069756067,84.24473,15206400.082397461,0.0109602045,-0.012852956,69.68123
24.268116089179838,35.07971042955572,81.07262,16847999.891853333,0.0018106103,-0.026305318,73.80871
24.3913043591697,35.05434799367564,86.750465,10540799.757957458,0.029952176,-0.007396333,70.520226
24.481884276880134,35.21376834109622,79.042,3196799.917602539,-0.018111344,-0.021221127,70.25799
24.35507260113369,35.04710138474188,76.478294,12095999.866104126,0.0044268295,-0.019547034,75.919304
24.171296292717127,35.10648163098043,78.049835,12355200.066947937,0.024254885,-0.024117932,75.45995
24.32608705359737,35.05434782738719,80.59564,9244799.850654602,0.013247274,-0.026756737,72.21814
24.293478074173446,35.130434424522214,78.52256,4838399.727058411,-0.037320655,-0.01983431,70.670525
24.003623304347823,35.192029209683014,80.788605,1123200.0247836113,-0.07082264,-0.09272803,70.77329
24.619565229179578,35.18478278215484,82.255135,1382400.019955635,0.0007285848,0.0041985363,71.395515
24.471014503837736,35.137681214861566,84.09494,2073599.9613761902,-0.016829915,-0.017323077,71.24756
24.286231733018653,35.16304365074164,82.86601,17539199.696159363,0.013942309,-0.025236506,71.64089
24.409420185925658,35.126811301460926,78.58091,12355200.066947937,0.023488976,-0.015988741,75.69859
24.507246418659868,35.018115659512056,74.98295,17020800.39138794,-0.005590804,-0.021685876,75.44423
24.579710091518006,35.06884069756067,84.24473,11836799.665260315,0.022968575,-0.019181643,71.05196
24.32608705359737,35.05434782738719,80.59564,1209599.9317646027,-0.030441996,-0.027186494,69.95502
24.619565229179578,35.18478278215484,82.255135,16156800.087547302,0.022713551,-0.03142915,71.4926
24.24275355543479,35.275361916886446,83.709785,8985600.19826889,0.03385627,0.008977888,70.166534
24.40579722439643,35.07608730649443,81.130585,5443199.830055237,-0.011454467,-0.0017272364,71.244
24.32608705359737,35.05434782738719,80.59564,12095999.866104126,0.021348653,-0.022085115,73.31176
24.40579722439643,35.07608730649443,81.130585,15206400.082397461,0.015930071,-0.015846197,73.04137
24.782608845879178,35.07246365433351,80.82854,6566399.786281586,-0.023796953,0.007209113,73.289665
24.731883987437246,34.999999998854186,80.17734,16588799.691009521,0.00321728,-0.030101348,74.87737
24.57608686867857,35.22463755910878,78.28966,1814400.0347614288,-0.008321945,-0.011363938,70.47389
24.53985505838052,35.14492730981283,78.72631,9417600.350189209,0.012275435,0.00182648,74.20731
24.177536001617764,35.01449252133363,77.3516,17020800.39138794,-0.0021995418,-0.04452868,77.4167
24.40217392316393,35.07246365433351,77.73675,6047999.933052063,-0.028269406,-0.009622518,71.87287
24.503623143558386,34.916666955294566,80.479385,6480000.084972382,-0.042777117,-0.0069403127,72.465996
24.17028990870767,35.119565206509655,75.23819,14947199.88155365,0.02570723,-0.023137446,75.409004
24.369565205050215,35.10507235145331,81.59638,10972800.458335876,0.0319734,-0.020854078,72.11089
24.677536062942007,35.07971042955572,84.775665,3542400.093984604,-0.027068902,-0.005802069,73.04194
24.271739312019278,35.0833337340226,74.97577,12268800.365638733,0.026286483,-0.018964168,74.93904
24.659420157792983,35.13768139626715,82.9603,1814400.0347614288,-0.023690797,0.0060383473,72.08886
24.731884091961334,34.88405773852335,82.62194,15551999.984550476,-0.00069762766,-0.0008485392,71.5599
24.003623304347823,35.192029209683014,80.788605,18316800.298690796,0.003978979,-0.027834099,75.22757
24.608695560661264,35.210145036629335,80.071884,11059200.15964508,0.01414693,-0.010128226,74.48348
24.608695560661264,35.210145036629335,80.071884,5443199.830055237,-0.035072546,0.014263932,71.81327
24.608695560661264,35.210145036629335,80.071884,8899199.948501587,0.009416971,0.015579357,73.42379
24.57608686867857,35.22463755910878,78.28966,2159999.936914444,-0.010687161,-0.013962515,70.52687
24.264492787947336,35.06521739309379,75.914215,12527999.469566345,0.023743307,-0.009223651,75.603745
24.40217392316393,35.07246365433351,77.73675,5097599.927902222,-0.029235687,-0.019407693,71.39048
24.2137679164399,35.101449394680465,78.1842,950400.0051498413,-0.0018705204,-0.031171814,69.57028
24.57608686867857,35.22463755910878,78.28966,11923200.463485718,0.016933449,-0.015394341,76.27291
24.286231733018653,35.16304365074164,82.86601,15465600.283241272,0.025088105,-0.025332224,71.503654
24.33695651306752,35.26449269887389,75.24537,16588799.691009521,0.024715394,-0.034846377,75.01026
24.53985505838052,35.14492730981283,78.72631,5184000.177669525,-0.021731682,0.012274271,71.76793
24.340579657513896,35.072464168316,77.031204,1728000.059223175,-0.025600959,-0.018581912,70.540855
24.177536001617764,35.01449252133363,77.3516,4233599.898290634,-0.06886929,-0.033053976,70.29608
24.623188347494935,34.98550731008629,86.27349,15811200.185394287,0.031396568,-0.030673567,68.91973
24.340579657513896,35.072464168316,77.031204,7516799.791431427,-0.02688234,0.0070808027,72.9264
24.47463793572534,35.15579704180788,74.131996,4665599.775981903,-0.03204948,-0.015489522,72.6971
24.35507260113369,35.04710138474188,76.478294,15379199.48501587,0.008283911,0.002796201,76.44349
24.579710091518006,35.06884069756067,84.24473,172800.00249445438,-0.029392388,0.0016234871,72.1749
24.40579722439643,35.07608730649443,81.130585,17539199.696159363,0.006296441,-0.021496076,73.02658
24.340579735906957,35.22101461745307,78.71513,1987199.9858379364,-0.012726102,-0.03689074,70.4414
24.442029139218562,35.043478080275,76.86345,16847999.891853333,0.0051490813,-0.022157472,76.424446
24.481884276880134,35.21376834109622,79.042,2073599.9613761902,-0.0103296,-0.022246867,70.322716
24.278985653174068,35.159420527680346,80.15937,10454400.056648254,0.030233815,-0.008667663,72.660545
24.60144921950647,34.9456523441682,85.40489,3110399.9420642853,-0.021972544,0.015129123,73.28878
24.152173912100075,34.942029039701325,85.189964,6739199.737358093,-0.028978642,-0.004772868,70.69428
24.60144921950647,34.9456523441682,85.40489,4060799.9472141266,-0.026402008,0.015964989,73.04387
24.286231733018653,35.16304365074164,82.86601,5615999.781131744,-0.00013772398,-0.04309133,70.616264
24.518115930392057,35.170290078269815,76.7112,4319999.873828888,-0.037544098,0.00042271987,71.77985
24.442029139218562,35.043478080275,76.86345,17279999.49531555,0.003293585,-0.022937603,76.33688
24.242753659958876,34.931159481553294,83.59315,14947199.88155365,0.020840138,-0.027860805,69.36791
24.49275373635028,35.04710138474188,79.64641,16070400.386238098,0.003460504,-0.024866179,74.91154
24.53985505838052,35.14492730981283,78.72631,5097599.927902222,-0.021690886,0.011922514,71.71194
24.286231733018653,35.16304365074164,82.86601,1123200.0247836113,0.023894113,-0.017102316,70.173096
24.731883987437246,34.999999998854186,80.17734,12009600.164794922,0.011359142,-0.02792557,74.9732
24.2137679164399,35.101449394680465,78.1842,3369599.8686790466,-0.029680166,-0.028837748,69.75918
24.57246390714934,35.13405809180027,82.83649,13132799.572563171,0.029482622,-0.019185103,71.453255
24.518115930392057,35.170290078269815,76.7112,8294399.845504761,0.009393873,-0.012265079,74.04082
24.608695560661264,35.210145036629335,80.071884,12095999.866104126,0.01590757,-0.009047706,74.875435
24.47463793572534,35.15579704180788,74.131996,17712000.19569397,0.02245775,-0.032229528,73.961266
24.3913043591697,35.05434799367564,86.750465,17193599.794006348,0.0095195435,-0.017436024,68.2751
24.46739112421217,35.10507235145331,77.031204,16243199.788856506,0.009890072,-0.03237758,77.01373
24.003623304347823,35.192029209683014,80.788605,13737599.675559998,0.027687076,-0.014531512,74.36973
24.409420185925658,35.126811301460926,78.58091,17884799.598312378,0.017184563,-0.023510285,76.80505
24.409420185925658,35.126811301460926,78.58091,10540799.757957458,0.023228992,-0.0072898865,74.49397
24.177536001617764,35.01449252133363,77.3516,9504000.051498413,0.020361451,-0.03656253,73.34933
24.800724541980035,35.0326085145684,80.91604,14860800.180244446,0.02602477,0.0035609212,74.36476
24.579710091518006,35.06884069756067,84.24473,8467199.796581268,0.006878007,0.0019325763,72.15308
24.442029139218562,35.043478080275,76.86345,11404800.061798096,0.0030094162,-0.022412844,75.81978
24.177536001617764,35.01449252133363,77.3516,6566399.786281586,-0.03848057,-0.042353507,71.3164
24.409420264318722,35.097825908808005,75.01247,11145599.860954285,0.016124375,-0.015609987,75.19172
24.35507260113369,35.04710138474188,76.478294,17625600.494384766,0.0055651106,-0.007753726,76.34391
24.800724541980035,35.0326085145684,80.91604,12527999.469566345,0.02469102,0.0028215535,74.51139
24.369565205050215,35.10507235145331,81.59638,10713600.257492065,0.03214111,-0.02122188,72.052536
24.358695745580064,35.14492749121842,79.46463,14947199.88155365,0.015399916,-0.018226426,76.18472
24.278985653174068,35.159420527680346,80.15937,15897599.886703491,-0.0013152473,-0.021914627,75.669685
24.336956356281394,35.12681217825459,78.56935,1468799.9954938889,-0.027930196,-0.008972451,69.42054
24.271739312019278,35.0833337340226,74.97577,6825599.987125397,-0.031420987,-0.0071686655,72.90221
24.880434869565217,35.11594208344836,73.60822,5097599.927902222,-0.040014904,0.01817004,73.569046
24.60144921950647,34.9456523441682,85.40489,17971200.39653778,0.012919543,-0.032073088,69.05245
24.268116089179838,35.07971042955572,81.07262,12268800.365638733,0.021492127,-0.024603568,72.81551
24.53985505838052,35.14492730981283,78.72631,8294399.845504761,-0.00029435754,0.018420298,73.5873
24.51086948471318,35.141304337922854,75.965324,6566399.786281586,-0.02194035,0.019229252,73.359406
24.3985509616347,35.079710263267266,82.39983,12182399.56741333,0.022399005,-0.0210521,71.576744
24.06159400092239,35.235507653915,77.223785,4233599.898290634,-0.057838116,-0.07041295,69.89995
24.43478277193275,35.06521686399416,78.38795,15206400.082397461,0.010244401,-0.006567966,76.51172
24.576087129988778,34.96376817111452,80.53768,15811200.185394287,0.022549517,-0.019448709,73.149376
24.177536001617764,35.01449252133363,77.3516,15465600.283241272,0.021632658,-0.034865726,77.509094
24.369565205050215,35.10507235145331,81.59638,17193599.794006348,0.0035049543,-0.02226277,72.67456
24.423912946628306,35.16304383214723,83.815254,16243199.788856506,0.016949192,-0.028064355,69.94988
24.880434869565217,35.11594208344836,73.60822,15551999.984550476,0.026282351,-0.022995465,73.574936
24.340579657513896,35.072464168316,77.031204,2419199.8635292053,-0.031570617,-0.019287512,70.690956
24.655797039477626,35.09782643790763,82.953125,10281599.557113647,0.018457243,-0.021247715,72.49033
24.677536062942007,35.07971042955572,84.775665,9849599.953651428,0.01991937,-0.025125377,72.293106
24.340579735906957,35.22101461745307,78.71513,17366400.293540955,0.014920205,-0.0341576,77.45015
24.242753659958876,34.931159481553294,83.59315,8899199.948501587,0.020831779,0.022733055,70.60275
24.528985389862203,35.079710263267266,73.800804,1987199.9858379364,-0.049141753,-0.046332713,72.60474
24.53985505838052,35.14492730981283,78.72631,7343999.840354919,-0.013399992,0.021712514,73.09496
24.586956589458925,35.03623181903528,81.050644,9849599.953651428,0.014403222,-0.011373736,73.39902
24.2137679164399,35.101449394680465,78.1842,13132799.572563171,0.02248617,-0.026385352,76.19487
24.85869584610084,35.31159408476158,76.05999,8467199.796581268,0.0054056607,0.017040754,76.05406
24.336956356281394,35.12681217825459,78.56935,1296000.0444173813,-0.0275851,-0.00856179,69.40566
24.3985509616347,35.079710263267266,82.39983,6912000.2368927,0.011861529,-0.007287409,71.404884
24.507246418659868,35.018115659512056,74.98295,11923200.463485718,0.015947822,-0.019971658,75.62409
24.49275373635028,34.95652190987481,78.13308,6047999.933052063,-0.034035098,0.01618138,72.257774
24.572463802625258,35.028985391507106,77.31845,17107200.092697144,-0.004674282,-0.023858488,76.226006
24.152173912100075,34.942029039701325,85.189964,13737599.675559998,0.048712052,-0.028472576,67.933846
24.16304339770124,35.14130418675153,77.183464,7862400.2420425415,0.027245939,-0.031159986,72.34648
24.134057993885538,35.130434787333385,80.741425,12441599.768257141,0.022256918,-0.0029145256,73.07316
24.72463775080654,35.097825908808005,83.506035,2419199.8635292053,-0.022358913,0.0015309043,72.87368
24.528985389862203,35.079710263267266,73.800804,10713600.257492065,0.021959478,-0.021377072,74.544395
24.43478251062254,35.050724689208764,81.254395,4924799.976825714,-0.022338573,-0.013364773,71.256996
24.521739153231497,35.18115965909355,80.50853,15551999.984550476,0.02538201,-0.018931057,74.438614
24.271739312019278,35.0833337340226,74.97577,10281599.557113647,0.019479133,-0.018339,74.340546
24.40217392316393,35.07246365433351,77.73675,1987199.9858379364,-0.0055183694,-0.015795838,70.51406
24.202898613755877,35.17753635462667,82.22561,3110399.9420642853,-0.05178951,-0.04019169,70.52665
24.423912946628306,35.13405791039468,84.735344,16588799.691009521,0.0120823365,-0.02563817,69.03979
24.06159400092239,35.235507653915,77.223785,4579200.074672699,-0.05006555,-0.067485675,69.98887
24.5036234048686,34.94565269942081,84.86278,1468799.9954938889,0.016828349,-0.00021101534,72.69968
24.677536062942007,35.07971042955572,84.775665,5443199.830055237,-0.010637306,-0.016562998,72.74735
24.141304256647267,35.05072417522627,80.839714,8035200.193119049,-0.050184924,-0.0020428784,70.54138
24.576087129988778,34.96376817111452,80.53768,14860800.180244446,0.027293805,-0.012275111,73.40407
24.06159400092239,35.235507653915,77.223785,8726399.99742508,0.052583165,-0.045404296,71.20026
24.576087129988778,34.96376817111452,80.53768,4924799.976825714,-0.03150774,0.00029836968,71.97631
24.33695651306752,35.26449269887389,75.24537,10713600.257492065,0.027039628,-0.0469688,74.642365
24.286231733018653,35.16304365074164,82.86601,13305600.072097778,0.041183345,-0.0206187,71.22559
24.134057993885538,35.130434787333385,80.741425,6652800.036048889,-0.06807616,-0.0003211908,70.28802
24.55434784521419,35.039855304907746,78.730316,5356800.128746033,-0.020956907,-0.008660212,72.01431
24.528985389862203,35.079710263267266,73.800804,4752000.025749207,-0.04445721,-0.0223555,73.581825
24.264492787947336,35.06521739309379,75.914215,6134400.182819366,-0.027724277,0.015334442,72.22519
24.068840433535758,35.050724689208764,75.1399,4492800.099134445,-0.072239816,-0.028810795,72.125824
24.62318819070881,35.09782625650204,81.14894,3542400.093984604,-0.023231287,-0.00060909055,71.59356
24.49275373635028,35.04710138474188,79.64641,1728000.059223175,-0.0047555566,0.0027108584,70.64717
24.471014503837736,35.137681214861566,84.09494,9071999.899578094,0.014177075,-0.007608928,71.70858
24.35507260113369,35.04710138474188,76.478294,17798399.897003174,0.0042162165,-0.006731041,76.32998
24.17028990870767,35.119565206509655,75.23819,10540799.757957458,0.03581802,-0.011342853,74.04934
24.518115930392057,35.170290078269815,76.7112,9158400.149345398,0.02025864,-0.012723543,74.63853
24.242753659958876,34.931159481553294,83.59315,7430400.090122223,0.0107157435,0.026223533,70.74444
24.293478074173446,35.130434424522214,78.52256,7516799.791431427,-0.024575967,-0.008283135,71.99704
24.409420264318722,35.097825908808005,75.01247,16588799.691009521,0.007483354,-0.018494055,75.152374
24.514492864338745,35.152173737341,77.98083,11664000.262641907,0.017033966,-0.029232077,75.99035
24.068840433535758,35.050724689208764,75.1399,12441599.768257141,0.03676246,-0.0422714,74.3031
24.409420342711783,35.02898555779556,73.23672,4752000.025749207,-0.029541183,0.004648378,73.49724
24.336956356281394,35.12681217825459,78.56935,8899199.948501587,0.00663241,-0.0047053546,73.082825
24.40217392316393,35.07246365433351,77.73675,12873600.46863556,0.016429372,-0.0058692545,76.31248
24.24275355543479,35.275361916886446,83.709785,9676799.454116821,0.033899266,0.0033691693,70.15989
24.336956356281394,35.12681217825459,78.56935,5788799.732208252,-0.034630474,0.00021334551,71.2996
24.40579722439643,35.07608730649443,81.130585,15638399.68585968,0.012635926,-0.017064128,73.01434
24.5036234048686,34.94565269942081,84.86278,10195199.855804443,0.020550756,-0.029410552,70.94019
24.53985505838052,35.14492730981283,78.72631,11923200.463485718,0.020058405,-0.023020584,75.650345
24.340579735906957,35.22101461745307,78.71513,14601599.979400635,0.028452747,-0.012042351,77.27678
24.579710091518006,35.06884069756067,84.24473,10540799.757957458,0.022983558,-0.022879142,71.62007
24.141304256647267,35.05072417522627,80.839714,17452799.99485016,-0.0073515996,-0.02529706,74.35978
24.782608845879178,35.07246365433351,80.82854,12268800.365638733,0.024943363,-0.0145073645,74.47709
24.51086948471318,35.141304337922854,75.965324,3715200.0450611115,-0.032943774,-0.010405641,71.96517
24.46739112421217,35.10507235145331,77.031204,9590399.752807617,0.00982137,0.007847574,74.79992
24.152173912100075,34.942029039701325,85.189964,7775999.992275238,-0.020953558,0.00742116,70.43343
24.16304339770124,35.14130418675153,77.183464,11491199.7631073,0.03458704,-0.024524488,74.83738
24.641304357168043,34.938405387540406,81.3883,6480000.084972382,-0.0040332563,-0.02957137,72.816025
24.202898613755877,35.17753635462667,82.22561,17884799.598312378,0.00539504,-0.025305059,73.28575
24.51086948471318,35.141304337922854,75.965324,14515200.27809143,0.019343108,-0.026323333,76.64446
24.275362351941567,35.02173896397893,79.32639,6134400.182819366,-0.0553192,-0.027258586,70.80702
24.782608845879178,35.07246365433351,80.82854,10022400.453186035,0.02201463,-0.012487002,74.44067
24.358695745580064,35.14492749121842,79.46463,10886399.660110474,0.02495378,-0.010628611,73.85741
24.24275355543479,35.275361916886446,83.709785,3801600.0205993652,-0.08475827,-0.08827621,72.16553
24.75362311542571,35.148550251468535,82.31272,16847999.891853333,-0.0025177859,-0.01020883,71.592834
24.340579735906957,35.22101461745307,78.71513,11664000.262641907,0.025385553,-0.018950924,75.06234
24.49275373635028,34.95652190987481,78.13308,864000.0296115875,-0.014482878,0.022330668,71.505104
24.336956356281394,35.12681217825459,78.56935,16156800.087547302,-0.0048679374,-0.006818529,77.19501
24.16304339770124,35.14130418675153,77.183464,12441599.768257141,0.036344215,-0.01871213,75.77274
24.235507135886934,35.09782643790763,86.62735,16329599.49016571,0.020083558,-0.037437398,68.47315
24.55434784521419,35.039855304907746,78.730316,16675200.489234924,0.006966185,-0.031273603,75.69798
24.782608845879178,35.07246365433351,80.82854,8812800.247192383,0.009607665,-0.0022201203,74.2081
24.068840433535758,35.17753635462667,82.62194,8985600.19826889,0.032231763,-0.054448243,69.71955
24.576087129988778,34.96376817111452,80.53768,9849599.953651428,0.02274406,-0.022450443,73.71093
24.731883987437246,34.999999998854186,80.17734,17020800.39138794,0.0062444657,-0.03164196,74.91872
24.43478277193275,35.06521686399416,78.38795,6480000.084972382,-0.028058413,0.0022004526,71.97241
24.677536062942007,35.07971042955572,84.775665,5529600.07982254,-0.009165499,-0.01681514,72.732025
24.278985653174068,35.159420527680346,80.15937,13046399.871253967,0.025500014,-0.009335384,74.52396
24.17028990870767,35.119565206509655,75.23819,0.0,-0.074462146,-0.061023634,70.91065
24.264492787947336,35.06521739309379,75.914215,5702400.030899048,-0.02910402,0.010231247,71.994804
24.152173912100075,34.942029039701325,85.189964,5443199.830055237,-0.025208902,-0.02101146,70.941864
24.608695560661264,35.210145036629335,80.071884,12960000.169944763,0.018829165,-0.0043564923,75.063576
24.75362311542571,35.148550251468535,82.31272,6480000.084972382,-0.028467458,0.014914179,72.91984
24.336956356281394,35.12681217825459,78.56935,11145599.860954285,0.020630706,-0.014948018,74.6578
24.351449221508126,35.36231895652174,77.53338,3974399.971675873,-0.07045205,-0.081627384,71.28159
24.481884276880134,35.21376834109622,79.042,5097599.927902222,-0.02609386,-0.008624028,71.09255
24.409420185925658,35.126811301460926,78.58091,2505600.113296509,-0.01569413,-0.021730449,69.9538
24.003623304347823,35.192029209683014,80.788605,18057600.097846985,0.0054307505,-0.029664502,75.34112
24.507246418659868,35.018115659512056,74.98295,15033599.582862854,0.0118973665,-0.015398525,75.87484
24.507246627708035,35.15217355593542,72.15966,16156800.087547302,0.0020536445,-0.023981772,72.21182
24.268116089179838,35.07971042955572,81.07262,12182399.56741333,0.021355566,-0.024780266,72.77355
24.351449221508126,35.36231895652174,77.53338,4752000.025749207,-0.045104127,-0.060297657,71.26392
24.340579657513896,35.072464168316,77.031204,12787199.670410156,0.01736414,-0.007791668,76.285034
24.141304256647267,35.05072417522627,80.839714,6220799.884128571,-0.0852052,0.0011069793,70.06116
24.49275373635028,35.04710138474188,79.64641,15033599.582862854,0.008412449,-0.021487005,74.95331
24.528985389862203,35.079710263267266,73.800804,1036799.9806880951,-0.042374026,-0.057396565,72.78311
24.3913043591697,35.05434799367564,86.750465,2419199.8635292053,-0.032313753,-0.031550698,72.3981
24.271739312019278,35.0833337340226,74.97577,2937599.9909877777,-0.058041055,-0.004676927,71.5819
24.336956356281394,35.12681217825459,78.56935,18143999.79915619,-0.015864406,0.0028045587,76.81702
24.62318819070881,35.09782625650204,81.14894,15897599.886703491,0.018940559,-0.026879288,73.110886
24.782608584568965,35.06521774078783,85.492004,4924799.976825714,-0.044416536,0.0051978417,73.279686
24.336956356281394,35.12681217825459,78.56935,10195199.855804443,0.019302238,-0.010597214,73.99172
24.521739153231497,35.18115965909355,80.50853,7516799.791431427,0.01365144,-0.009217117,72.4837
24.57608686867857,35.22463755910878,78.28966,13996799.876403809,0.021119146,-0.012145754,77.01074
24.55434784521419,35.039855304907746,78.730316,16502399.989700317,0.0075170062,-0.030641459,75.719604
24.579710091518006,35.06884069756067,84.24473,17712000.19569397,-0.0072090365,0.00751576,69.06598
24.85869584610084,35.31159408476158,76.05999,15206400.082397461,0.03874243,-0.032681677,75.8764
24.626811465810288,35.05797113185407,83.9315,10108800.15449524,0.011533208,-0.013727985,72.11705
24.782608845879178,35.07246365433351,80.82854,7343999.840354919,-0.014284402,0.011445567,73.627884
24.471014503837736,35.137681214861566,84.09494,18230399.500465393,-0.0064876415,-0.01878095,69.251465
24.278985574781007,35.18478260074926,85.36457,5875199.981975555,-0.07348433,-0.028723538,70.84286
24.373188532413735,34.85507217391305,83.68782,5270399.878978729,-0.01951436,-0.018004004,71.84507
24.626811465810288,35.05797113185407,83.9315,6825599.987125397,-0.026673991,0.0011538547,72.55545
24.608695560661264,35.210145036629335,80.071884,13564800.27294159,0.018847678,-0.0042317472,75.14011
24.242753659958876,34.931159481553294,83.59315,3715200.0450611115,-0.022897076,-0.009623516,71.177124
24.51086948471318,35.141304337922854,75.965324,6134400.182819366,-0.024517182,0.014928627,73.16737
24.43478251062254,35.050724689208764,81.254395,18403200.0,8.89115e-05,-0.020084668,72.74296
24.202898613755877,35.17753635462667,82.22561,11836799.665260315,0.03340054,-0.020707827,71.156685
24.358695745580064,35.14492749121842,79.46463,3369599.8686790466,-0.044267427,-0.006287433,70.082825
24.641304357168043,34.938405387540406,81.3883,10454400.056648254,0.021779852,-0.033966307,73.63813
24.373188532413735,34.85507217391305,83.68782,3628800.0695228577,-0.024091113,-0.0058047436,71.603615
24.623188347494935,34.98550731008629,86.27349,13132799.572563171,0.03737723,-0.014808673,69.862976
24.40217392316393,35.07246365433351,77.73675,4492800.099134445,-0.028974902,-0.022270821,71.14128
24.373188532413735,34.85507217391305,83.68782,9158400.149345398,-0.013970405,-0.014568951,71.734184
24.3913043591697,35.05434799367564,86.750465,432000.01480579376,-0.033082705,-0.027121715,73.07842
24.57246390714934,35.13405809180027,82.83649,11231999.562263489,0.028796908,-0.020627331,72.01058
24.340579735906957,35.22101461745307,78.71513,11836799.665260315,0.025514975,-0.018099133,75.2232
24.423912946628306,35.16304383214723,83.815254,17107200.092697144,0.019523699,-0.028746314,69.95017
24.57608686867857,35.22463755910878,78.28966,13910400.175094604,0.021395143,-0.01195522,76.98985
24.72463775080654,35.097825908808005,83.506035,7603200.0411987305,-0.019367673,0.0010858849,73.121605
24.528985389862203,35.079710263267266,73.800804,8553600.046348572,-0.007129371,-0.01382985,74.19339
24.351449221508126,35.36231895652174,77.53338,17107200.092697144,0.026475655,-0.021872286,77.50696
24.51086948471318,35.141304337922854,75.965324,4233599.898290634,-0.033279296,-0.005557008,72.23662
24.275362351941567,35.02173896397893,79.32639,10281599.557113647,0.022064568,-0.016717445,73.25458
24.514492864338745,35.152173737341,77.98083,8726399.99742508,0.017096635,0.0063408054,73.93733
24.47463793572534,35.15579704180788,74.131996,1814400.0347614288,-0.02177177,-0.022192132,72.299255
24.641304357168043,34.938405387540406,81.3883,8467199.796581268,0.0051992536,-0.03368317,73.379974
24.365941903817713,35.11594190204278,77.940506,5875199.981975555,-0.040071692,-0.012999203,71.59977
24.423912946628306,35.16304383214723,83.815254,10022400.453186035,0.0382982,-0.017203357,71.271866
24.373188349496587,35.09782609021359,73.044136,15292799.783706665,0.017519556,-0.031161435,72.86853
24.15217408195171,35.09782609021359,90.079155,10886399.660110474,0.047718737,-0.017962132,70.763145
24.60144921950647,34.9456523441682,85.40489,3456000.11844635,-0.025086123,0.015947223,73.198326
24.336956356281394,35.12681217825459,78.56935,13305600.072097778,0.015747512,-0.010013912,76.22919
24.49275373635028,35.04710138474188,79.64641,2246400.0495672226,-0.013227284,-0.0026047789,70.75011
24.880434869565217,35.11594208344836,73.60822,15983999.588012695,0.023522168,-0.02303791,73.60506
24.40579722439643,35.07608730649443,81.130585,14687999.680709839,0.01986806,-0.015016492,73.07366
24.677536062942007,35.07971042955572,84.775665,345600.00498890877,0.009888852,0.0056384467,73.103226
24.49275373635028,35.04710138474188,79.64641,9676799.454116821,0.015968116,-0.0013998561,73.74676
24.43478251062254,35.050724689208764,81.254395,12441599.768257141,0.018953487,-0.023504179,72.7754
24.409420264318722,35.137681214861566,85.684586,691200.0099778175,-0.052046005,-0.0071196593,70.845924
24.33695651306752,35.26449269887389,75.24537,16934399.593162537,0.022223229,-0.040027443,74.988914
24.731883987437246,34.999999998854186,80.17734,13651199.974250793,0.019827625,-0.015123837,74.971725
24.507246627708035,35.15217355593542,72.15966,9417600.350189209,0.02845904,-0.007014051,72.63911
24.57246390714934,35.13405809180027,82.83649,8553600.046348572,0.009175627,0.0042664297,72.30792
24.134057993885538,35.130434787333385,80.741425,4752000.025749207,-0.09718512,-0.026537944,70.316605
24.822463669968496,35.11956556932083,79.471794,7084800.187969208,0.014834942,0.01986154,73.58661
24.659420157792983,35.13768139626715,82.9603,13478399.474716187,0.029864013,-0.019630335,71.62597
24.49275373635028,35.04710138474188,79.64641,17452799.99485016,-0.0036933273,-0.022450887,74.887054
24.06159400092239,35.235507653915,77.223785,1382400.019955635,-0.11365533,-0.07269958,70.21938
24.003623304347823,35.192029209683014,80.788605,17971200.39653778,0.005894866,-0.030151334,75.37821
24.55434784521419,35.039855304907746,78.730316,7948799.943351746,0.020183913,-0.0032334551,73.58804
24.57246390714934,35.13405809180027,82.83649,691200.0099778175,-0.006938562,-0.00577889,71.43783
24.43478277193275,35.06521686399416,78.38795,10886399.660110474,0.017998753,-0.008127261,74.96462
24.202898613755877,35.17753635462667,82.22561,13651199.974250793,0.03730457,-0.018273246,72.098785
24.15217408195171,35.09782609021359,90.079155,14687999.680709839,0.042584803,-0.030134726,71.05734
24.728260869121893,35.15579704180788,79.23173,5011200.226593018,-0.01851109,0.005100267,72.229355
24.35507260113369,35.04710138474188,76.478294,8467199.796581268,-0.001361765,-0.00042545982,73.81524
24.282608510179216,35.10869565592019,73.044136,13132799.572563171,0.030256156,-0.014351167,72.73818
24.275362351941567,35.02173896397893,79.32639,0.0,-0.06933777,-0.02810312,69.95749
24.409420264318722,35.097825908808005,75.01247,1209599.9317646027,-0.049780797,-0.02390818,71.850266
24.677536062942007,35.07971042955572,84.775665,2851200.015449524,-0.026146334,-0.0006682556,73.054146
24.336956356281394,35.12681217825459,78.56935,15983999.588012695,-0.0031838752,-0.0075576603,77.19093
24.608695560661264,35.210145036629335,80.071884,4492800.099134445,-0.04292484,0.008963058,71.33131
24.481884276880134,35.21376834109622,79.042,8121599.894428253,-0.0036183447,0.013171839,72.84643
24.3985509616347,35.079710263267266,82.39983,13737599.675559998,0.023716588,-0.012480192,71.37816
24.40579722439643,35.07608730649443,81.130585,17366400.293540955,0.006645158,-0.021463603,73.01783
24.579710091518006,35.06884069756067,84.24473,13132799.572563171,0.022298902,-0.012264565,70.48539
24.17028990870767,35.119565206509655,75.23819,17625600.494384766,0.0081866905,-0.025502075,75.849396
24.728260869121893,35.15579704180788,79.23173,17020800.39138794,0.016431931,-0.020970643,75.563
24.731884091961334,34.88405773852335,82.62194,12614400.267791748,0.0214928,-0.013163153,73.02298
24.619565229179578,35.18478278215484,82.255135,17452799.99485016,0.018984172,-0.033018652,71.2034
24.358695745580064,35.14492749121842,79.46463,8380800.095272064,0.007272538,0.013625983,72.41543
24.351449221508126,35.36231895652174,77.53338,5011200.226593018,-0.03570882,-0.053077247,71.296135
24.3913043591697,35.05434799367564,86.750465,15897599.886703491,0.012124974,-0.021398123,68.480865
24.572463802625258,35.028985391507106,77.31845,10886399.660110474,0.015041402,-0.026346382,76.11885
24.293478074173446,35.130434424522214,78.52256,2764800.03991127,-0.038664427,-0.025271513,69.601524
24.068840433535758,35.050724689208764,75.1399,8467199.796581268,-0.018545743,-0.04022323,72.367966
24.5036234048686,34.94565269942081,84.86278,2419199.8635292053,0.0003595613,-0.013051022,72.61207
24.43478251062254,35.050724689208764,81.254395,9158400.149345398,0.010062037,-0.0020591617,72.37831
24.49275373635028,35.04710138474188,79.64641,7343999.840354919,-0.020075925,0.0006827526,72.58825
24.72463775080654,35.097825908808005,83.506035,14687999.680709839,0.02103532,-0.030485205,71.09837
24.514492864338745,35.152173737341,77.98083,5702400.030899048,-0.02504054,-0.00023067743,72.175766
24.06159400092239,35.235507653915,77.223785,10713600.257492065,0.049629226,-0.045453798,73.292915
24.171296292717127,35.10648163098043,78.049835,7689599.742507935,-0.018430233,-0.026280332,71.78983
24.35507260113369,35.04710138474188,76.478294,7948799.943351746,-0.008639008,-0.004471611,73.47929
24.33695651306752,35.26449269887389,75.24537,7775999.992275238,0.016444204,-0.045776565,72.64909
24.336956356281394,35.12681217825459,78.56935,17625600.494384766,-0.0128540695,0.0016247686,76.98459
24.641304357168043,34.938405387540406,81.3883,8294399.845504761,0.0036022775,-0.03336108,73.33539
24.340579657513896,35.072464168316,77.031204,9935999.654960632,0.009447407,-0.0008723736,74.666435
24.659420157792983,35.13768139626715,82.9603,15120000.381088257,0.030686025,-0.02605014,71.06675
24.134057993885538,35.130434787333385,80.741425,14428799.479866028,0.01619417,-0.0031858794,74.92652
24.40217392316393,35.07246365433351,77.73675,7516799.791431427,-0.018190958,0.009210965,72.820694
24.800724541980035,35.0326085145684,80.91604,2419199.8635292053,-0.013710652,-0.015424848,72.335434
24.47463793572534,35.15579704180788,74.131996,9071999.899578094,0.018730106,-0.016636536,74.193245
24.235507135886934,35.09782643790763,86.62735,12527999.469566345,0.029556777,-0.034175243,68.58082
24.60144921950647,34.9456523441682,85.40489,2592000.0888347626,-0.01359221,0.012483679,73.429344
24.481884276880134,35.21376834109622,79.042,2246400.0495672226,-0.012535214,-0.022620175,70.29228
24.171296292717127,35.10648163098043,78.049835,3110399.9420642853,-0.056441892,-0.013669115,69.602844
24.134057993885538,35.130434787333385,80.741425,5788799.732208252,-0.08764222,-0.011833761,70.283226
24.15942034471344,35.02536261613985,84.04098,18143999.79915619,0.005886715,-0.041472647,71.38948
24.271739312019278,35.0833337340226,74.97577,9071999.899578094,0.0156437,-0.0055323057,73.78013
24.514492864338745,35.152173737341,77.98083,15292799.783706665,0.016780471,-0.031295773,77.18377
24.271739312019278,35.0833337340226,74.97577,15465600.283241272,0.019431466,-0.014402028,75.068146
24.068840433535758,35.050724689208764,75.1399,6825599.987125397,-0.031115476,-0.051050905,72.24981
24.177536001617764,35.01449252133363,77.3516,9849599.953651428,0.024177078,-0.036844615,73.585045
24.43478251062254,35.050724689208764,81.254395,8380800.095272064,-0.0016062297,0.003179064,72.18163
24.409420342711783,35.02898555779556,73.23672,18316800.298690796,-0.008424446,-0.021755021,73.19961
24.442029139218562,35.043478080275,76.86345,6480000.084972382,-0.020076014,-0.013025366,72.851944
24.75362311542571,35.148550251468535,82.31272,12095999.866104126,0.008695649,-0.026459686,72.989235
24.52536253285706,35.05797113185407,79.99595,2937599.9909877777,-0.01986561,-0.015043385,70.962845
24.503623143558386,34.916666955294566,80.479385,7343999.840354919,-0.039159108,0.005673209,72.81051
24.33695651306752,35.26449269887389,75.24537,13478399.474716187,0.02793356,-0.027367566,75.20799
24.655797039477626,35.09782643790763,82.953125,17971200.39653778,0.01079138,-0.031851627,70.64199
24.282608510179216,35.10869565592019,73.044136,10799999.95880127,0.0112609975,-0.014693536,72.94132
24.619565229179578,35.18478278215484,82.255135,17712000.19569397,0.018318005,-0.033646803,71.18121
24.55072462237475,35.07608730649443,88.70044,12873600.46863556,0.043323077,-0.027568597,71.40263
24.514492864338745,35.152173737341,77.98083,1036799.9806880951,-0.022221621,-0.008441187,70.40949
24.409420264318722,35.097825908808005,75.01247,5184000.177669525,-0.03635257,-0.0032724738,73.11221
24.141304256647267,35.05072417522627,80.839714,3542400.093984604,-0.08659552,-0.021645319,69.49456
24.677536062942007,35.07971042955572,84.775665,11318400.360488892,0.016564611,-0.029869251,71.57286
24.358695745580064,35.14492749121842,79.46463,14515200.27809143,0.01802552,-0.015464336,76.06692
24.369565205050215,35.10507235145331,81.59638,16675200.489234924,0.0034303963,-0.021367613,72.64577
24.46739112421217,35.10507235145331,77.031204,950400.0051498413,0.027855491,-0.012147021,70.80668
24.43478277193275,35.06521686399416,78.38795,6912000.2368927,-0.02589332,0.0058744363,72.27287
24.55434784521419,35.039855304907746,78.730316,9331199.551963806,0.030319568,-0.013175383,74.40069
24.365941903817713,35.11594190204278,77.940506,2851200.015449524,-0.036714297,-0.012264892,70.14439
24.409420264318722,35.137681214861566,85.684586,11664000.262641907,0.02761658,-0.017710075,70.2026
24.242753659958876,34.931159481553294,83.59315,2678400.0643730164,-0.02525613,-0.008391518,71.31735
24.53985505838052,35.14492730981283,78.72631,7171199.889278412,-0.015363973,0.021453507,73.00198
24.731884091961334,34.88405773852335,82.62194,13564800.27294159,0.019148987,-0.00042741,72.61609
24.514492864338745,35.152173737341,77.98083,9676799.454116821,0.022198541,-0.00867296,74.606346
24.365941903817713,35.11594190204278,77.940506,5443199.830055237,-0.040819813,-0.013361961,71.384094
24.35507260113369,35.04710138474188,76.478294,8553600.046348572,-4.6040863e-05,0.00011131354,73.87231
24.576087129988778,34.96376817111452,80.53768,4233599.898290634,-0.02680083,-0.0010561869,71.79836
24.608695560661264,35.210145036629335,80.071884,16502399.989700317,0.0129692,-0.016394954,75.092766
24.3913043591697,35.05434799367564,86.750465,10195199.855804443,0.02912096,-0.0032244623,70.67193
24.72463775080654,35.097825908808005,83.506035,16761600.190544128,0.01541945,-0.036559965,70.35354
24.525362323808892,35.01449270273921,80.76379,13910400.175094604,0.02535151,-0.017883237,73.34526
24.365941903817713,35.11594190204278,77.940506,2592000.0888347626,-0.034842428,-0.012479138,70.0514
24.409420185925658,35.126811301460926,78.58091,8553600.046348572,0.013520338,-0.00709201,73.11905
24.40579730278949,34.98550712868071,82.545616,5356800.128746033,-0.04293808,-0.004149422,71.64001
24.293478074173446,35.130434424522214,78.52256,777599.9855160713,-0.035752866,-0.0308487,69.241776
24.134057993885538,35.130434787333385,80.741425,13564800.27294159,0.021188328,0.0021338183,74.17937
24.626811465810288,35.05797113185407,83.9315,6134400.182819366,-0.02910443,-0.002704993,72.537796
24.659420157792983,35.13768139626715,82.9603,3628800.0695228577,-0.022800911,0.013787717,72.335846
24.40217392316393,35.07246365433351,77.73675,3456000.11844635,-0.025000464,-0.021653626,70.82591
24.134057993885538,35.130434787333385,80.741425,14083199.577713013,0.018505916,-0.00015244633,74.655556
24.423912946628306,35.16304383214723,83.815254,5011200.226593018,-0.021716394,-0.016857952,71.58354
24.202898613755877,35.17753635462667,82.22561,8553600.046348572,0.02102439,0.00014718994,70.50448
24.49275373635028,34.95652190987481,78.13308,17107200.092697144,-0.007902559,-0.025822252,75.560844
24.141304256647267,35.05072417522627,80.839714,3715200.0450611115,-0.08739933,-0.020370312,69.52862
24.507246418659868,35.018115659512056,74.98295,1468799.9954938889,0.013527647,-0.012748912,73.06972
24.507246418659868,35.018115659512056,74.98295,4060799.9472141266,-0.020823237,-0.0013539772,73.35036
24.134057993885538,35.130434787333385,80.741425,10454400.056648254,0.02541098,-0.001884386,71.63561
24.800724541980035,35.0326085145684,80.91604,6393599.835205078,-0.013466448,0.0022697933,73.36913
24.503623143558386,34.916666955294566,80.479385,14083199.577713013,0.02183885,0.00048349425,73.396355
24.340579657513896,35.072464168316,77.031204,3628800.0695228577,-0.03854927,-0.020708185,70.984764
24.57246390714934,35.13405809180027,82.83649,17798399.897003174,0.0069739,-0.016944773,70.38361
24.271739312019278,35.0833337340226,74.97577,3369599.8686790466,-0.059236173,-0.00483498,71.68224
24.52536253285706,35.05797113185407,79.99595,7603200.0411987305,0.0078761075,-0.024257377,72.81445
24.282608510179216,35.10869565592019,73.044136,5875199.981975555,-0.06683588,-0.027881581,72.923004
24.409420264318722,35.097825908808005,75.01247,8553600.046348572,0.0012139603,0.01923715,74.22474
24.3913043591697,35.05434799367564,86.750465,13219200.370788574,0.025845218,-0.0070309453,69.20658
24.85869584610084,35.31159408476158,76.05999,15120000.381088257,0.039222505,-0.031918943,75.831955
24.264492787947336,35.06521739309379,75.914215,8380800.095272064,-0.003467843,0.019800363,73.407906
24.52536253285706,35.05797113185407,79.99595,4492800.099134445,-0.023314036,-0.012192499,71.322586
24.32608705359737,35.05434782738719,80.59564,2159999.936914444,-0.028268252,-0.026437685,70.1635
24.409420264318722,35.097825908808005,75.01247,14083199.577713013,0.023837207,-0.006053135,75.39394
24.608695560661264,35.210145036629335,80.071884,2159999.936914444,-0.04735708,-0.0028355569,70.912766
24.358695745580064,35.14492749121842,79.46463,12787199.670410156,0.02379639,-0.011967067,75.17594
24.442029139218562,35.043478080275,76.86345,13824000.4737854,0.009630093,-0.019543484,76.53893
24.340579735906957,35.22101461745307,78.71513,16761600.190544128,0.018085266,-0.03345264,77.54835
24.46739112421217,35.10507235145331,77.031204,1036799.9806880951,0.026388109,-0.013019431,70.80741
24.677536062942007,35.07971042955572,84.775665,5011200.226593018,-0.01734113,-0.014992006,72.83065
24.576087129988778,34.96376817111452,80.53768,9590399.752807617,0.020157566,-0.0223286,73.65911
24.60144921950647,34.9456523441682,85.40489,9244799.850654602,0.0124528,-0.0071246848,71.573326
24.52536253285706,35.05797113185407,79.99595,16847999.891853333,0.014495604,-0.031288292,74.42332
24.619565229179578,35.18478278215484,82.255135,7171199.889278412,0.009638509,-0.01793227,72.525925
24.731883987437246,34.999999998854186,80.17734,172800.00249445438,0.018162502,-0.0020544007,71.937744
24.481884276880134,35.21376834109622,79.042,2937599.9909877777,-0.017375004,-0.022108823,70.238045
24.275362351941567,35.02173896397893,79.32639,3801600.0205993652,-0.06809254,-0.013564497,70.26358
24.46739112421217,35.10507235145331,77.031204,18057600.097846985,0.018678473,-0.021743279,76.68682
24.528985389862203,35.079710263267266,73.800804,3974399.971675873,-0.04461557,-0.023288172,73.26947
24.72463775080654,35.097825908808005,83.506035,7862400.2420425415,-0.017130177,-0.00032306835,73.14843
24.528985389862203,35.079710263267266,73.800804,5788799.732208252,-0.05132902,-0.027671065,73.835396
24.60144921950647,34.9456523441682,85.40489,16847999.891853333,0.015275029,-0.033325616,69.20093
24.409420185925658,35.126811301460926,78.58091,16156800.087547302,0.01760344,-0.02404156,76.940216
24.24275355543479,35.275361916886446,83.709785,12700799.969100952,0.035185035,-0.024586394,70.57146
24.423912946628306,35.16304383214723,83.815254,7689599.742507935,0.038263064,-0.019605242,71.663246
24.365941903817713,35.11594190204278,77.940506,11577599.464416504,0.016697047,-0.014130272,75.454575
24.340579735906957,35.22101461745307,78.71513,3628800.0695228577,-0.027326327,-0.023051128,70.43431
24.55072462237475,35.07608730649443,88.70044,15206400.082397461,0.03429624,-0.037781883,71.0086
24.528985389862203,35.079710263267266,73.800804,16934399.593162537,0.0026659481,-0.026213791,74.321304
24.32608705359737,35.05434782738719,80.59564,17625600.494384766,0.003146492,-0.024244796,73.88458
24.068840433535758,35.050724689208764,75.1399,17366400.293540955,0.007451849,-0.04806521,75.68081
24.423912946628306,35.13405791039468,84.735344,7775999.992275238,-0.0048646033,-0.0023656376,71.53226
24.57246390714934,35.13405809180027,82.83649,16156800.087547302,0.02153637,-0.019293182,70.56303
24.728260869121893,35.15579704180788,79.23173,14515200.27809143,0.019738557,-0.011701368,75.77991
24.423912946628306,35.13405791039468,84.735344,17020800.39138794,0.00882077,-0.026214518,68.96947
24.40579730278949,34.98550712868071,82.545616,8380800.095272064,-0.003920395,-0.016978428,71.699814
24.373188349496587,35.09782609021359,73.044136,14860800.180244446,0.01827996,-0.036810886,72.9423
24.134057993885538,35.130434787333385,80.741425,12614400.267791748,0.022434536,-0.0016170293,73.23734
24.152173912100075,34.942029039701325,85.189964,10195199.855804443,0.038504384,-0.027741067,69.51478
24.2137679164399,35.101449394680465,78.1842,5702400.030899048,-0.03011163,-0.03408813,70.6935
24.264492787947336,35.06521739309379,75.914215,5356800.128746033,-0.029828627,0.005492624,71.81319
24.17028990870767,35.119565206509655,75.23819,15033599.582862854,0.025070718,-0.023861285,75.42795
24.5036234048686,34.94565269942081,84.86278,4579200.074672699,-0.018228512,-0.009696163,72.28184
24.373188532413735,34.85507217391305,83.68782,3542400.093984604,-0.024014667,-0.005224094,71.5816
24.528985389862203,35.079710263267266,73.800804,17020800.39138794,0.0021781065,-0.026373204,74.29999
24.55072462237475,35.07608730649443,88.70044,7343999.840354919,0.012936924,-0.02043945,72.811676
24.782608845879178,35.07246365433351,80.82854,7084800.187969208,-0.017889157,0.011177165,73.511
24.293478074173446,35.130434424522214,78.52256,8726399.99742508,-0.0026534535,0.0055713356,72.8046
24.507246627708035,35.15217355593542,72.15966,11836799.665260315,0.02631075,-0.014003143,72.44238
24.514492864338745,35.152173737341,77.98083,8553600.046348572,0.015084304,0.008225594,73.826294
24.481884276880134,35.21376834109622,79.042,6825599.987125397,-0.019368999,0.006180929,72.117775
24.641304357168043,34.938405387540406,81.3883,10195199.855804443,0.020691559,-0.034285758,73.64425
24.271739312019278,35.0833337340226,74.97577,10368000.35533905,0.019419806,-0.019277584,74.377785
24.49275373635028,35.04710138474188,79.64641,17107200.092697144,-0.0017641708,-0.023744069,74.881966
24.202898613755877,35.17753635462667,82.22561,17971200.39653778,0.0048902147,-0.025176398,73.295235
24.068840433535758,35.17753635462667,82.62194,7084800.187969208,-0.0010484122,-0.065910056,69.653595
24.278985653174068,35.159420527680346,80.15937,6220799.884128571,-0.057267185,-0.030223384,71.11169
24.525362323808892,35.01449270273921,80.76379,3456000.11844635,-0.018859874,-0.0066727065,71.29849
24.423912946628306,35.16304383214723,83.815254,14947199.88155365,0.022445323,-0.020475186,69.99625
24.003623304347823,35.192029209683014,80.788605,1900800.0102996826,-0.06263113,-0.09639768,71.010475
24.177536001617764,35.01449252133363,77.3516,14256000.07724762,0.03146188,-0.03415003,76.942406
24.608695560661264,35.210145036629335,80.071884,3801600.0205993652,-0.045089994,0.005686024,71.10733
24.626811465810288,35.05797113185407,83.9315,3801600.0205993652,-0.023325197,0.003330985,72.77072
24.264492787947336,35.06521739309379,75.914215,4492800.099134445,-0.030461032,-0.0061873905,71.41821
24.365941903817713,35.11594190204278,77.940506,17452799.99485016,0.000886105,-0.01252896,77.19184
24.40579722439643,35.07608730649443,81.130585,172800.00249445438,0.011393892,-0.011715516,70.21455
24.268116089179838,35.07971042955572,81.07262,3715200.0450611115,-0.052166533,-0.013010524,70.27694
24.177536001617764,35.01449252133363,77.3516,12960000.169944763,0.032392684,-0.040710654,75.924866
24.15942034471344,35.02536261613985,84.04098,3715200.0450611115,-0.045319643,-0.018600535,71.06
24.728260869121893,35.15579704180788,79.23173,6566399.786281586,-0.0058064125,0.011206495,72.938965
24.409420264318722,35.137681214861566,85.684586,18057600.097846985,0.033832815,-0.025723282,68.271866
24.268116089179838,35.07971042955572,81.07262,5961600.231742859,-0.046939265,-0.022111997,70.7064
24.373188349496587,35.09782609021359,73.044136,14774400.478935242,0.018670969,-0.03733119,72.95678
24.782608584568965,35.06521774078783,85.492004,5184000.177669525,-0.044681113,0.004365394,73.259254
24.525362323808892,35.01449270273921,80.76379,8726399.99742508,-0.002658382,0.006705178,73.075745
24.16304339770124,35.14130418675153,77.183464,12009600.164794922,0.03492993,-0.022260293,75.345345
24.47463793572534,35.15579704180788,74.131996,13737599.675559998,0.025179699,-0.025788296,74.35885
24.655797039477626,35.09782643790763,82.953125,2851200.015449524,-0.021694332,-0.006190721,72.47794
24.271739312019278,35.0833337340226,74.97577,7171199.889278412,-0.024607647,-0.0064991787,73.023796
24.626811465810288,35.05797113185407,83.9315,8726399.99742508,-0.0033164285,0.007306177,72.511826
24.60144921950647,34.9456523441682,85.40489,1468799.9954938889,0.010199152,0.0044708736,73.77011
24.3913043591697,35.05434799367564,86.750465,14860800.180244446,0.017450694,-0.01808248,68.66164
24.62318819070881,35.09782625650204,81.14894,17020800.39138794,0.018563172,-0.03091859,73.02743
24.62318819070881,35.09782625650204,81.14894,4406400.123596191,-0.022635847,-0.0008214917,71.83812
24.268116089179838,35.07971042955572,81.07262,17712000.19569397,0.0045650713,-0.027203586,73.67657
24.55072462237475,35.07608730649443,88.70044,2159999.936914444,-0.0050125755,-0.023383815,71.98286
24.003623304347823,35.192029209683014,80.788605,16761600.190544128,0.010684984,-0.034069803,75.79101
24.822463669968496,35.11956556932083,79.471794,14860800.180244446,0.022292096,-0.020958167,75.95437
24.409420264318722,35.097825908808005,75.01247,11750399.96395111,0.017874248,-0.015240535,75.304016
24.5036234048686,34.94565269942081,84.86278,1987199.9858379364,0.0077945516,-0.008232739,72.66046
24.340579735906957,35.22101461745307,78.71513,10627199.459266663,0.028085534,-0.02187967,74.14326
24.579710091518006,35.06884069756067,84.24473,3542400.093984604,-0.0361269,-0.0022325069,72.64682
24.3913043591697,35.05434799367564,86.750465,15724800.484085083,0.012586463,-0.021485437,68.50833
24.171296292717127,35.10648163098043,78.049835,17366400.293540955,0.003635887,-0.023088109,77.41441
24.068840433535758,35.17753635462667,82.62194,11491199.7631073,0.034123875,-0.030050475,70.194
24.62318819070881,35.09782625650204,81.14894,15033599.582862854,0.022394465,-0.021032218,73.23165
24.514492864338745,35.152173737341,77.98083,17798399.897003174,0.010482812,-0.031056114,76.9307
24.340579657513896,35.072464168316,77.031204,17020800.39138794,-0.0008624941,-0.018310376,76.93694
24.15217408195171,35.09782609021359,90.079155,17798399.897003174,0.015470307,-0.055640105,73.30634
24.202898613755877,35.17753635462667,82.22561,10454400.056648254,0.03012111,-0.020710777,70.62377
24.572463802625258,35.028985391507106,77.31845,5184000.177669525,-0.0251018,-0.002073463,72.69188
24.40579730278949,34.98550712868071,82.545616,6480000.084972382,-0.040517155,-0.0074018203,71.52935
24.373188532413735,34.85507217391305,83.68782,3369599.8686790466,-0.023731533,-0.00399765,71.53647
24.52536253285706,35.05797113185407,79.99595,5615999.781131744,-0.016414769,-0.0192166,71.7633
24.514492864338745,35.152173737341,77.98083,13910400.175094604,0.018880919,-0.026469186,76.926125
24.55072462237475,35.07608730649443,88.70044,4406400.123596191,-0.027894076,-0.02399166,72.19319
24.85869584610084,35.31159408476158,76.05999,1382400.019955635,0.014233157,0.034552004,76.02883
24.171296292717127,35.10648163098043,78.049835,11664000.262641907,0.023541734,-0.02812371,74.75544
24.47463793572534,35.15579704180788,74.131996,3887999.996137619,-0.02979989,-0.019398637,72.5026
24.471014503837736,35.137681214861566,84.09494,5529600.07982254,-0.031062987,-0.0077819116,71.89915
24.134057993885538,35.130434787333385,80.741425,86400.00124722719,-0.08946082,-0.07039569,69.09195
24.471014503837736,35.137681214861566,84.09494,14342399.778556824,0.023911042,-0.012164347,69.690735
24.282608510179216,35.10869565592019,73.044136,12700799.969100952,0.028362911,-0.017183188,72.798546
24.15942034471344,35.02536261613985,84.04098,3456000.11844635,-0.044643212,-0.017614067,71.20325
24.503623143558386,34.916666955294566,80.479385,7084800.187969208,-0.040705908,0.0019729082,72.70981
24.822463669968496,35.11956556932083,79.471794,8121599.894428253,0.01722196,0.011846542,74.15224
24.53985505838052,35.14492730981283,78.72631,13046399.871253967,0.0211785,-0.02313736,76.07861
24.40579722439643,35.07608730649443,81.130585,15551999.984550476,0.013260417,-0.016792085,73.01927
24.782608845879178,35.07246365433351,80.82854,4665599.775981903,-0.030048277,-0.01184788,72.71449
24.275362351941567,35.02173896397893,79.32639,14601599.979400635,0.015099535,-0.019818429,75.77953
24.60144921950647,34.9456523441682,85.40489,16934399.593162537,0.014942175,-0.03327923,69.19902
24.202898613755877,35.17753635462667,82.22561,14428799.479866028,0.030961983,-0.02067069,72.469475
24.141304256647267,35.05072417522627,80.839714,11059200.15964508,0.008133454,-0.012279224,71.89595
24.15217408195171,35.09782609021359,90.079155,9071999.899578094,0.05431258,-0.00030508824,72.06635
24.72463775080654,35.097825908808005,83.506035,5011200.226593018,-0.02502792,0.0022868216,72.92844
24.782608845879178,35.07246365433351,80.82854,11145599.860954285,0.024504691,-0.016310971,74.49479
24.141304256647267,35.05072417522627,80.839714,16156800.087547302,-0.0012971349,-0.021715544,74.66495
24.518115930392057,35.170290078269815,76.7112,18057600.097846985,0.013852021,-0.030009024,76.83652
24.728260869121893,35.15579704180788,79.23173,11231999.562263489,0.024475023,-0.017448261,75.30821
24.62318819070881,35.09782625650204,81.14894,5097599.927902222,-0.022004258,-0.0010507926,72.06227
24.47463793572534,35.15579704180788,74.131996,9244799.850654602,0.020287247,-0.016602598,74.25055
24.731883987437246,34.999999998854186,80.17734,15638399.68585968,0.0065700933,-0.022105329,74.87492
24.782608845879178,35.07246365433351,80.82854,17366400.293540955,-0.00544782,0.009121887,73.93206
24.275362351941567,35.02173896397893,79.32639,13478399.474716187,0.021788962,-0.021034118,75.25587
24.423912946628306,35.13405791039468,84.735344,4060799.9472141266,-0.040086504,-0.003968615,71.428825
24.619565229179578,35.18478278215484,82.255135,4233599.898290634,-0.025469523,0.0016246103,71.82347
24.51086948471318,35.141304337922854,75.965324,17366400.293540955,0.014654962,-0.030662794,76.222206
24.06159400092239,35.235507653915,77.223785,10108800.15449524,0.050571002,-0.04691304,72.50669
24.731883987437246,34.999999998854186,80.17734,13737599.675559998,0.020100342,-0.01462115,74.967476
24.623188347494935,34.98550731008629,86.27349,8121599.894428253,-0.00020825118,0.0049466584,72.00836
24.40579722439643,35.07608730649443,81.130585,0.0,0.008793304,-0.010631382,70.28123
24.3913043591697,35.05434799367564,86.750465,12268800.365638733,0.028179817,-0.009538274,69.663666
24.626811465810288,35.05797113185407,83.9315,14515200.27809143,0.029482145,-0.009583462,70.40773
24.655797039477626,35.09782643790763,82.953125,13564800.27294159,0.022825588,-0.02238822,71.65866
24.623188347494935,34.98550731008629,86.27349,2592000.0888347626,-0.009215716,-0.013982937,73.518745
24.57246390714934,35.13405809180027,82.83649,3542400.093984604,-0.019355692,-0.009942196,71.76017
24.336956356281394,35.12681217825459,78.56935,9676799.454116821,0.016155781,-0.008058324,73.63347
24.782608584568965,35.06521774078783,85.492004,11404800.061798096,0.01759734,-0.029092949,71.828514
24.40579730278949,34.98550712868071,82.545616,13046399.871253967,0.012891525,-0.030721594,70.9327
24.52536253285706,35.05797113185407,79.99595,10454400.056648254,0.021765145,-0.027281508,73.924065
24.572463802625258,35.028985391507106,77.31845,2332799.8879909515,-0.023968183,-0.004456699,71.652725
24.608695560661264,35.210145036629335,80.071884,13478399.474716187,0.018996237,-0.0040150397,75.131584
24.481884276880134,35.21376834109622,79.042,15897599.886703491,0.0021949448,-0.025168143,76.7944
24.242753659958876,34.931159481553294,83.59315,14515200.27809143,0.027806949,-0.022813983,69.26058
24.5036234048686,34.94565269942081,84.86278,2332799.8879909515,0.001776252,-0.012283113,72.62274
24.608695560661264,35.210145036629335,80.071884,1987199.9858379364,-0.046628904,-0.0038096383,70.91312
24.880434869565217,35.11594208344836,73.60822,11750399.96395111,0.031866852,-0.025908004,73.67158
24.2137679164399,35.101449394680465,78.1842,16588799.691009521,0.012192689,-0.035474446,77.55257
24.507246418659868,35.018115659512056,74.98295,4319999.873828888,-0.021204907,0.0009230934,73.40413
24.340579657513896,35.072464168316,77.031204,11836799.665260315,0.0138057545,-0.015390016,75.84564
24.55434784521419,35.039855304907746,78.730316,259199.99517202377,-0.008300241,0.01675518,71.108116
24.152173912100075,34.942029039701325,85.189964,14428799.479866028,0.041088946,-0.030910458,68.18535
24.06159400092239,35.235507653915,77.223785,10368000.35533905,0.05011344,-0.046466734,72.83394
24.15217408195171,35.09782609021359,90.079155,5097599.927902222,-0.0050147064,-0.025540072,73.41208
24.641304357168043,34.938405387540406,81.3883,9849599.953651428,0.018683394,-0.034636755,73.63067
24.24275355543479,35.275361916886446,83.709785,3715200.0450611115,-0.086060196,-0.08950736,72.1966
24.47463793572534,35.15579704180788,74.131996,9331199.551963806,0.020942876,-0.016665518,74.27922
24.373188349496587,35.09782609021359,73.044136,3801600.0205993652,-0.036252607,-0.019149233,73.04341
24.43478277193275,35.06521686399416,78.38795,5615999.781131744,-0.02934694,-0.007161945,71.447266
24.619565229179578,35.18478278215484,82.255135,2505600.113296509,-0.021135721,0.0063110534,71.440704
24.521739153231497,35.18115965909355,80.50853,777599.9855160713,0.008614052,-0.022282165,70.73567
24.57246390714934,35.13405809180027,82.83649,17625600.494384766,0.0092164725,-0.017281517,70.3825
24.782608584568965,35.06521774078783,85.492004,7430400.090122223,-0.03343663,6.230548e-05,73.22105
24.340579735906957,35.22101461745307,78.71513,2851200.015449524,-0.018327005,-0.031450566,70.38794
24.75362311542571,35.148550251468535,82.31272,7171199.889278412,-0.023396838,0.013526458,73.16173
24.15217408195171,35.09782609021359,90.079155,15292799.783706665,0.036507882,-0.03652562,71.46753
24.507246627708035,35.15217355593542,72.15966,12009600.164794922,0.02685088,-0.012301296,72.41213
24.171296292717127,35.10648163098043,78.049835,259199.99517202377,-0.05486351,0.0021159034,69.25534
24.5036234048686,34.94565269942081,84.86278,16588799.691009521,0.01514611,-0.041370247,69.13152
24.235507135886934,35.09782643790763,86.62735,17798399.897003174,0.0006831549,-0.03983568,69.08816
24.134057993885538,35.130434787333385,80.741425,2159999.936914444,-0.08531979,-0.06151865,69.70178
24.134057993885538,35.130434787333385,80.741425,14687999.680709839,0.014389796,-0.005890202,75.09658
24.177536001617764,35.01449252133363,77.3516,15551999.984550476,0.020464415,-0.03541563,77.52854
24.507246418659868,35.018115659512056,74.98295,7084800.187969208,-0.0057508014,0.019128159,74.11302
24.782608584568965,35.06521774078783,85.492004,5702400.030899048,-0.045615297,0.0019503478,73.215485
24.16304339770124,35.14130418675153,77.183464,5615999.781131744,-0.017897382,-0.040751394,71.01706
24.528985389862203,35.079710263267266,73.800804,17452799.99485016,0.00064599887,-0.02578716,74.19027
24.46739112421217,35.10507235145331,77.031204,13478399.474716187,0.017831856,-0.018885199,76.8709
24.365941903817713,35.11594190204278,77.940506,8639999.747657776,-0.014756389,-0.0052044764,73.3419
24.286231733018653,35.16304365074164,82.86601,4579200.074672699,-0.013853274,-0.040668976,70.53005
24.409420185925658,35.126811301460926,78.58091,18230399.500465393,0.01643521,-0.02457095,76.7262
24.15217408195171,35.09782609021359,90.079155,3887999.996137619,-0.01756462,-0.03178801,73.53171
24.579710091518006,35.06884069756067,84.24473,14083199.577713013,0.02012158,-0.009890184,70.07366
24.586956589458925,35.03623181903528,81.050644,10454400.056648254,0.021765241,-0.01871283,73.431
24.278985574781007,35.18478260074926,85.36457,2073599.9613761902,-0.08283062,-0.025918826,70.66601
24.152173912100075,34.942029039701325,85.189964,5097599.927902222,-0.024361964,-0.024131782,71.03829
24.507246418659868,35.018115659512056,74.98295,6220799.884128571,-0.014711112,0.011730997,73.905556
24.47463793572534,35.15579704180788,74.131996,8208000.144195557,0.0054999143,-0.019400265,73.92069
24.52536253285706,35.05797113185407,79.99595,6393599.835205078,-0.0064983442,-0.026183348,72.166306
24.579710091518006,35.06884069756067,84.24473,8208000.144195557,0.0020318516,0.0048372746,72.17554
24.521739153231497,35.18115965909355,80.50853,8726399.99742508,0.011842284,0.011264373,72.792946
24.579710091518006,35.06884069756067,84.24473,8985600.19826889,0.014693784,-0.0059028417,72.09509
24.655797039477626,35.09782643790763,82.953125,13478399.474716187,0.02270819,-0.02247912,71.683495
24.373188532413735,34.85507217391305,83.68782,7171199.889278412,-0.012163404,-0.019677892,71.979805
24.641304357168043,34.938405387540406,81.3883,2246400.0495672226,-0.0043385364,-0.01705584,71.65498
24.442029139218562,35.043478080275,76.86345,345600.00498890877,0.0012868084,0.023039633,71.15624
24.782608584568965,35.06521774078783,85.492004,18143999.79915619,-0.0002702959,-0.04032233,69.135216
24.15942034471344,35.02536261613985,84.04098,3196799.917602539,-0.043574374,-0.016002063,71.34282
24.35507260113369,35.04710138474188,76.478294,8380800.095272064,-0.002703771,-0.0010467768,73.758514
24.358695745580064,35.14492749121842,79.46463,16416000.288391113,0.005970571,-0.021534812,76.31482
24.800724541980035,35.0326085145684,80.91604,15551999.984550476,0.023332234,-0.0037776306,74.22005
24.503623143558386,34.916666955294566,80.479385,8899199.948501587,-0.019070785,0.016313866,73.26963
24.409420342711783,35.02898555779556,73.23672,10627199.459266663,0.018348709,-0.015522011,73.45873
24.5036234048686,34.94565269942081,84.86278,16243199.788856506,0.017431255,-0.040784944,69.17517
24.572463802625258,35.028985391507106,77.31845,5529600.07982254,-0.024052653,-0.0014521293,72.87623
24.481884276880134,35.21376834109622,79.042,2419199.8635292053,-0.014302269,-0.022778153,70.267
24.365941903817713,35.11594190204278,77.940506,17798399.897003174,0.0027554147,-0.010391049,77.106125
24.423912946628306,35.16304383214723,83.815254,5097599.927902222,-0.020108338,-0.017278243,71.59808
24.202898613755877,35.17753635462667,82.22561,7862400.2420425415,0.0020729303,0.0058275964,70.48754
24.268116089179838,35.07971042955572,81.07262,7084800.187969208,-0.040395353,-0.02682212,70.94668
24.521739153231497,35.18115965909355,80.50853,11923200.463485718,0.016181499,-0.0149709955,73.956375
24.782608584568965,35.06521774078783,85.492004,10713600.257492065,0.01853392,-0.022909466,72.204346
24.46739112421217,35.10507235145331,77.031204,6825599.987125397,-0.01521147,-0.005813867,72.950714
24.286231733018653,35.16304365074164,82.86601,2505600.113296509,0.003007438,-0.031366464,70.27866
24.507246627708035,35.15217355593542,72.15966,8294399.845504761,0.015358223,0.011618979,72.88594
24.52536253285706,35.05797113185407,79.99595,2764800.03991127,-0.018852483,-0.015039321,70.93021
24.677536062942007,35.07971042955572,84.775665,18143999.79915619,-0.0033469088,-0.032165777,68.80832
24.57246390714934,35.13405809180027,82.83649,5529600.07982254,-0.023098793,-0.0039418787,72.105995
24.351449221508126,35.36231895652174,77.53338,7948799.943351746,0.038440853,-0.0017304905,72.68187
24.576087129988778,34.96376817111452,80.53768,8899199.948501587,0.010621276,-0.02001056,73.4744
24.268116089179838,35.07971042955572,81.07262,6393599.835205078,-0.045011107,-0.025284406,70.78887
24.2137679164399,35.101449394680465,78.1842,2678400.0643730164,-0.024283264,-0.028373338,69.67382
24.373188532413735,34.85507217391305,83.68782,10281599.557113647,-0.00059921667,-0.032465007,71.21779
24.521739153231497,35.18115965909355,80.50853,9244799.850654602,0.011480778,0.01478277,72.930115
24.3985509616347,35.079710263267266,82.39983,5961600.231742859,-0.007767681,-0.002346117,71.22348
24.134057993885538,35.130434787333385,80.741425,0.0,-0.08974257,-0.07026361,69.07808
24.177536001617764,35.01449252133363,77.3516,14342399.778556824,0.03115505,-0.033695925,76.99895
24.242753659958876,34.931159481553294,83.59315,1728000.059223175,-0.033909287,0.0011790786,71.49347
24.235507135886934,35.09782643790763,86.62735,15724800.484085083,0.025388565,-0.035943504,68.457405
24.677536062942007,35.07971042955572,84.775665,14342399.778556824,0.022739211,-0.023026377,70.07429
24.235507135886934,35.09782643790763,86.62735,15551999.984550476,0.02669233,-0.03550302,68.46461
24.579710091518006,35.06884069756067,84.24473,13564800.27294159,0.021734593,-0.0104821995,70.29164
24.40217392316393,35.07246365433351,77.73675,10022400.453186035,0.016759688,-0.0065291375,74.633705
24.06159400092239,35.235507653915,77.223785,1468799.9954938889,-0.110917315,-0.07336536,70.17706
24.782608584568965,35.06521774078783,85.492004,3715200.0450611115,-0.040400285,0.005801907,73.30924
24.351449221508126,35.36231895652174,77.53338,6307200.133895874,0.011940688,-0.01868515,71.71191
24.822463669968496,35.11956556932083,79.471794,1987199.9858379364,-0.019831162,0.022236135,72.330154
24.235507135886934,35.09782643790763,86.62735,13046399.871253967,0.030834626,-0.033493344,68.50581
24.514492864338745,35.152173737341,77.98083,2937599.9909877777,-0.02893855,-0.016204245,70.7868
24.293478074173446,35.130434424522214,78.52256,13219200.370788574,0.013902297,-0.016688015,76.188034
24.52536253285706,35.05797113185407,79.99595,7257600.139045715,0.004411742,-0.026691351,72.63843
24.15942034471344,35.02536261613985,84.04098,15638399.68585968,0.018575616,-0.040255036,69.985016
24.373188349496587,35.09782609021359,73.044136,17366400.293540955,0.007472107,-0.034735147,72.7222
24.43478277193275,35.06521686399416,78.38795,6134400.182819366,-0.028832141,-0.0014133714,71.74795
24.16304339770124,35.14130418675153,77.183464,17884799.598312378,0.015068831,-0.027109079,77.451805
24.507246627708035,35.15217355593542,72.15966,9331199.551963806,0.028207231,-0.0055265166,72.650024
24.55072462237475,35.07608730649443,88.70044,10108800.15449524,0.023245823,-0.024143275,72.68349
24.35507260113369,35.04710138474188,76.478294,2505600.113296509,-0.022343695,-0.0130819455,71.16679
24.47463793572534,35.15579704180788,74.131996,12960000.169944763,0.02192341,-0.028713357,74.48896
24.49275373635028,34.95652190987481,78.13308,14256000.07724762,0.017486691,0.006656524,75.84498
24.282608510179216,35.10869565592019,73.044136,9763200.252342224,-0.013458177,-0.007830173,72.98629
24.800724541980035,35.0326085145684,80.91604,0.0,-0.0055580437,0.0002194643,72.34276
24.442029139218562,35.043478080275,76.86345,10886399.660110474,0.000821542,-0.021490816,75.58712
24.503623143558386,34.916666955294566,80.479385,8208000.144195557,-0.030498315,0.014621794,73.100105
24.286231733018653,35.16304365074164,82.86601,17279999.49531555,0.014856247,-0.025736406,71.60139
24.619565229179578,35.18478278215484,82.255135,3196799.917602539,-0.02431712,0.0039227847,71.54913
24.57608686867857,35.22463755910878,78.28966,604799.9658823013,-0.0067103207,0.0056104288,70.36974
24.278985574781007,35.18478260074926,85.36457,12960000.169944763,0.043266363,-0.02356799,69.84286
24.282608510179216,35.10869565592019,73.044136,259199.99517202377,-0.079156384,0.0043894667,72.57307
24.521739153231497,35.18115965909355,80.50853,6739199.737358093,0.009355016,-0.017903943,72.1666
24.608695560661264,35.210145036629335,80.071884,4924799.976825714,-0.040462326,0.011095101,71.53013
24.576087129988778,34.96376817111452,80.53768,8639999.747657776,0.006143991,-0.018308684,73.38775
24.514492864338745,35.152173737341,77.98083,13564800.27294159,0.018581493,-0.026296407,76.82195
24.731883987437246,34.999999998854186,80.17734,14256000.07724762,0.019945554,-0.013192609,74.94002
24.525362323808892,35.01449270273921,80.76379,6652800.036048889,-0.0258579,0.002404973,72.36186
24.481884276880134,35.21376834109622,79.042,2505600.113296509,-0.0150288865,-0.02278103,70.25681
24.2137679164399,35.101449394680465,78.1842,11491199.7631073,0.019344807,-0.024048772,74.69511
24.268116089179838,35.07971042955572,81.07262,4924799.976825714,-0.05020241,-0.015566569,70.51576
24.586956589458925,35.03623181903528,81.050644,2937599.9909877777,-0.00064041093,-0.023862116,71.41771
24.15942034471344,35.02536261613985,84.04098,11491199.7631073,0.023293683,-0.036455404,69.46575
24.409420264318722,35.097825908808005,75.01247,7430400.090122223,-0.020985302,0.017649148,73.82814
24.57246390714934,35.13405809180027,82.83649,17971200.39653778,0.0046433173,-0.0165858,70.38975
24.880434869565217,35.11594208344836,73.60822,2678400.0643730164,-0.03588031,0.006363934,73.556984
24.15942034471344,35.02536261613985,84.04098,345600.00498890877,-0.023547448,0.035066836,72.440254
24.3913043591697,35.05434799367564,86.750465,12787199.670410156,0.026987605,-0.0074376278,69.40617
24.409420185925658,35.126811301460926,78.58091,0.0,-0.004981596,-0.023748491,69.73062
24.40217392316393,35.07246365433351,77.73675,18316800.298690796,-0.01849614,0.00044216402,76.69351
24.275362351941567,35.02173896397893,79.32639,5875199.981975555,-0.057450335,-0.026654925,70.6973
24.068840433535758,35.17753635462667,82.62194,13132799.572563171,0.039425824,-0.024731673,71.090866
24.409420264318722,35.097825908808005,75.01247,13651199.974250793,0.025012217,-0.006713636,75.40835
24.271739312019278,35.0833337340226,74.97577,11750399.96395111,0.022680186,-0.02541263,74.841225
24.177536001617764,35.01449252133363,77.3516,12268800.365638733,0.032105662,-0.040407825,75.33516
24.57608686867857,35.22463755910878,78.28966,7171199.889278412,-0.011430386,0.017245296,73.06137
24.586956589458925,35.03623181903528,81.050644,3542400.093984604,-0.0036690794,-0.022980768,71.56373
24.3985509616347,35.079710263267266,82.39983,3196799.917602539,-0.017363556,0.009680415,70.674126
24.641304357168043,34.938405387540406,81.3883,10886399.660110474,0.02308881,-0.03354877,73.598656
24.507246627708035,35.15217355593542,72.15966,11664000.262641907,0.025936138,-0.015091747,72.47091
24.278985574781007,35.18478260074926,85.36457,12441599.768257141,0.043524876,-0.024216834,69.82563
24.423912946628306,35.16304383214723,83.815254,10195199.855804443,0.037517164,-0.017762925,71.2182
24.471014503837736,35.137681214861566,84.09494,18403200.0,-0.008581687,-0.018206436,69.254845
24.623188347494935,34.98550731008629,86.27349,11750399.96395111,0.03283403,-0.01573873,70.62617
24.286231733018653,35.16304365074164,82.86601,9504000.051498413,0.045653958,-0.020057093,70.6872
24.16304339770124,35.14130418675153,77.183464,13651199.974250793,0.04004766,-0.014549118,76.81178
24.369565205050215,35.10507235145331,81.59638,11059200.15964508,0.03188532,-0.020729095,72.13117
24.293478074173446,35.130434424522214,78.52256,11836799.665260315,0.017027946,-0.017662797,75.07793
24.278985653174068,35.159420527680346,80.15937,2937599.9909877777,-0.07151845,-0.030074134,69.65164
24.782608845879178,35.07246365433351,80.82854,2073599.9613761902,-0.014307544,-0.011254661,72.283
24.60144921950647,34.9456523441682,85.40489,5270399.878978729,-0.024351668,0.014368158,72.695526
24.275362351941567,35.02173896397893,79.32639,10368000.35533905,0.022637496,-0.017147247,73.306595
24.731883987437246,34.999999998854186,80.17734,11231999.562263489,0.0121428445,-0.02830239,74.8997
24.235507135886934,35.09782643790763,86.62735,11231999.562263489,0.028143156,-0.034229595,69.03501
24.728260869121893,35.15579704180788,79.23173,13996799.876403809,0.022211699,-0.010407649,75.74961
24.409420185925658,35.126811301460926,78.58091,10627199.459266663,0.02335054,-0.008087177,74.554115
24.55072462237475,35.07608730649443,88.70044,2073599.9613761902,-0.0034583174,-0.02272975,71.97217
24.278985574781007,35.18478260074926,85.36457,8467199.796581268,0.010608589,-0.018919375,70.47271
24.626811465810288,35.05797113185407,83.9315,5184000.177669525,-0.02924138,-0.0021767877,72.58662
24.275362351941567,35.02173896397893,79.32639,6912000.2368927,-0.0464562,-0.024658766,71.23165
24.152173912100075,34.942029039701325,85.189964,18403200.0,0.0021934472,-0.043168034,71.18317
24.340579657513896,35.072464168316,77.031204,8553600.046348572,-0.012270629,0.016636744,73.65181
24.134057993885538,35.130434787333385,80.741425,3196799.917602539,-0.0916778,-0.049107317,70.06063
24.177536001617764,35.01449252133363,77.3516,8467199.796581268,0.0023684464,-0.038285147,72.591385
24.518115930392057,35.170290078269815,76.7112,8467199.796581268,0.012213737,-0.0123659,74.15442
24.351449221508126,35.36231895652174,77.53338,12527999.469566345,0.03487212,-0.010760631,76.21339
24.659420157792983,35.13768139626715,82.9603,1987199.9858379364,-0.024109345,0.0060019027,72.10626
24.52536253285706,35.05797113185407,79.99595,14256000.07724762,0.020972094,-0.02532199,74.51881
24.619565229179578,35.18478278215484,82.255135,15465600.283241272,0.024005227,-0.030595928,71.69776
24.43478251062254,35.050724689208764,81.254395,7516799.791431427,-0.011903305,-0.00809266,71.90908
24.33695651306752,35.26449269887389,75.24537,432000.01480579376,-0.12266827,-0.04174426,70.31889
24.242753659958876,34.931159481553294,83.59315,9676799.454116821,0.026298841,0.005688822,70.480736
24.608695560661264,35.210145036629335,80.071884,10281599.557113647,0.014711574,-0.0023268722,74.07949
24.358695745580064,35.14492749121842,79.46463,2246400.0495672226,-0.04194894,-0.005576648,69.578575
24.608695560661264,35.210145036629335,80.071884,10454400.056648254,0.014653822,-0.004569147,74.1731
24.06159400092239,35.235507653915,77.223785,5961600.231742859,-0.004509121,-0.051935192,70.42208
24.409420264318722,35.097825908808005,75.01247,2246400.0495672226,-0.044650238,-0.025465064,72.02961
24.659420157792983,35.13768139626715,82.9603,14601599.979400635,0.03088846,-0.023353692,71.2442
24.16304339770124,35.14130418675153,77.183464,11577599.464416504,0.034534704,-0.024316527,74.92047
24.49275373635028,35.04710138474188,79.64641,604799.9658823013,0.010570295,0.01279098,70.51019
24.659420157792983,35.13768139626715,82.9603,691200.0099778175,-0.016446352,0.011400225,72.01571
24.409420264318722,35.097825908808005,75.01247,2332799.8879909515,-0.04431575,-0.02510925,72.05561
24.358695745580064,35.14492749121842,79.46463,11491199.7631073,0.025044937,-0.013242237,74.26705
24.340579735906957,35.22101461745307,78.71513,10972800.458335876,0.026568048,-0.02137005,74.435745
24.358695745580064,35.14492749121842,79.46463,1555199.9710321426,-0.04232071,-0.0009922907,69.40214
24.5036234048686,34.94565269942081,84.86278,12787199.670410156,0.023689568,-0.03239429,69.83784
24.423912946628306,35.16304383214723,83.815254,3456000.11844635,-0.03807682,-0.015242588,71.22964
24.242753659958876,34.931159481553294,83.59315,6912000.2368927,0.0028061196,0.021991653,70.79998
24.521739153231497,35.18115965909355,80.50853,17798399.897003174,0.030579602,-0.024968017,74.17197
24.481884276880134,35.21376834109622,79.042,4406400.123596191,-0.022559341,-0.013885729,70.68597
24.358695745580064,35.14492749121842,79.46463,1468799.9954938889,-0.042557795,-0.00019000843,69.38743
24.518115930392057,35.170290078269815,76.7112,4579200.074672699,-0.036277186,0.00020124577,71.931885
24.579710091518006,35.06884069756067,84.24473,6566399.786281586,-0.026756298,0.0075839795,72.318726
24.731884091961334,34.88405773852335,82.62194,12787199.670410156,0.021208249,-0.011225097,72.95626
24.514492864338745,35.152173737341,77.98083,9417600.350189209,0.021753656,-0.0040993206,74.41547
24.880434869565217,35.11594208344836,73.60822,13391999.773406982,0.03729629,-0.014403082,73.54511
24.626811465810288,35.05797113185407,83.9315,9331199.551963806,0.00502412,-0.0010631718,72.38367
24.242753659958876,34.931159481553294,83.59315,4147199.9227523804,-0.022945147,-0.0076770857,71.11151
24.3985509616347,35.079710263267266,82.39983,17971200.39653778,0.016746439,-0.012313928,71.29698
24.75362311542571,35.148550251468535,82.31272,15724800.484085083,0.013321059,-0.020253193,72.06177
24.278985653174068,35.159420527680346,80.15937,3283199.893140793,-0.07279877,-0.02735909,69.81914
24.340579657513896,35.072464168316,77.031204,13305600.072097778,0.018020447,-0.004628148,76.478096
24.40217392316393,35.07246365433351,77.73675,7603200.0411987305,-0.017048258,0.009931309,72.88307
24.16304339770124,35.14130418675153,77.183464,10454400.056648254,0.03795229,-0.020807281,73.93235
24.85869584610084,35.31159408476158,76.05999,518399.99034404755,0.015537467,0.034343697,75.7962
24.264492787947336,35.06521739309379,75.914215,15379199.48501587,0.009989446,-0.016651567,76.28954
24.53985505838052,35.14492730981283,78.72631,10540799.757957458,0.01790921,-0.017361261,74.89977
24.880434869565217,35.11594208344836,73.60822,18230399.500465393,-0.002434153,0.008628735,73.575134
24.731884091961334,34.88405773852335,82.62194,10368000.35533905,0.018444162,-0.016261965,73.58437
24.782608845879178,35.07246365433351,80.82854,2419199.8635292053,-0.01948258,-0.012808703,72.316605
24.235507135886934,35.09782643790763,86.62735,5961600.231742859,-0.024218168,-0.01768352,71.02882
24.409420342711783,35.02898555779556,73.23672,5961600.231742859,-0.03357066,0.009336833,73.59333
24.46739112421217,35.10507235145331,77.031204,2937599.9909877777,-0.009034213,-0.026524056,71.257225
24.068840433535758,35.050724689208764,75.1399,12527999.469566345,0.03689144,-0.042149242,74.35364
24.369565205050215,35.10507235145331,81.59638,7948799.943351746,0.00417516,-0.010261163,71.59686
24.57246390714934,35.13405809180027,82.83649,9504000.051498413,0.02438332,-0.009143915,72.30161
24.171296292717127,35.10648163098043,78.049835,14687999.680709839,0.021226374,-0.021281086,77.40165
24.365941903817713,35.11594190204278,77.940506,7603200.0411987305,-0.030335184,-0.008650821,72.57566
24.528985389862203,35.079710263267266,73.800804,2246400.0495672226,-0.049856942,-0.042651404,72.628494
24.32608705359737,35.05434782738719,80.59564,1814400.0347614288,-0.02916063,-0.027308132,70.08314
24.373188532413735,34.85507217391305,83.68782,7689599.742507935,-0.015232731,-0.013564877,72.01294
24.242753659958876,34.931159481553294,83.59315,3456000.11844635,-0.023037437,-0.01008502,71.21496
24.423912946628306,35.16304383214723,83.815254,3369599.8686790466,-0.038437452,-0.015529726,71.21071
24.409420264318722,35.097825908808005,75.01247,5702400.030899048,-0.035201218,0.0010423493,73.27559
24.177536001617764,35.01449252133363,77.3516,17193599.794006348,-0.004045736,-0.04390366,77.35319
24.579710091518006,35.06884069756067,84.24473,9244799.850654602,0.017481323,-0.010227583,72.05213
24.271739312019278,35.0833337340226,74.97577,12614400.267791748,0.027984772,-0.013983376,74.97693
24.43478251062254,35.050724689208764,81.254395,9763200.252342224,0.016738517,-0.012818947,72.497086
24.152173912100075,34.942029039701325,85.189964,12614400.267791748,0.055262674,-0.031934883,68.03975
24.514492864338745,35.152173737341,77.98083,9244799.850654602,0.021092325,-0.0011553317,74.291176
24.340579735906957,35.22101461745307,78.71513,3542400.093984604,-0.02640805,-0.02395973,70.423416
24.336956356281394,35.12681217825459,78.56935,1209599.9317646027,-0.027492333,-0.008246809,69.40095
24.293478074173446,35.130434424522214,78.52256,2937599.9909877777,-0.039262515,-0.0242435,69.676834
24.423912946628306,35.16304383214723,83.815254,9071999.899578094,0.041979447,-0.016041882,71.51681
24.286231733018653,35.16304365074164,82.86601,17452799.99485016,0.014258239,-0.025398709,71.62663
24.528985389862203,35.079710263267266,73.800804,2159999.936914444,-0.04968058,-0.043889035,72.617386
24.659420157792983,35.13768139626715,82.9603,17884799.598312378,0.0192476,-0.03185907,70.41021
24.003623304347823,35.192029209683014,80.788605,16934399.593162537,0.010148821,-0.033688802,75.74915
24.282608510179216,35.10869565592019,73.044136,2592000.0888347626,-0.072432935,-0.029399518,72.50969
24.60144921950647,34.9456523441682,85.40489,10108800.15449524,0.023721786,-0.0142270215,71.28038
24.507246418659868,35.018115659512056,74.98295,13564800.27294159,0.021541897,-0.01176022,75.921364
24.264492787947336,35.06521739309379,75.914215,18057600.097846985,-0.0017614216,-0.027002644,76.34075
24.340579657513896,35.072464168316,77.031204,7603200.0411987305,-0.02594858,0.008436916,72.98518
24.17028990870767,35.119565206509655,75.23819,7430400.090122223,-0.016814362,-0.0014061369,72.85955
24.365941903817713,35.11594190204278,77.940506,4406400.123596191,-0.04222622,-0.012597248,70.85896
24.340579657513896,35.072464168316,77.031204,1987199.9858379364,-0.027996365,-0.018995717,70.594025
24.728260869121893,35.15579704180788,79.23173,13219200.370788574,0.024465183,-0.009935435,75.67989
24.409420264318722,35.097825908808005,75.01247,13219200.370788574,0.024718888,-0.00873597,75.40883
24.068840433535758,35.17753635462667,82.62194,13478399.474716187,0.039718926,-0.024563778,71.35746
24.49275373635028,34.95652190987481,78.13308,17452799.99485016,-0.00835491,-0.027418815,75.493324
24.471014503837736,35.137681214861566,84.09494,5097599.927902222,-0.0327339,-0.009934507,71.87417
24.141304256647267,35.05072417522627,80.839714,12700799.969100952,0.016134795,-0.011501089,73.165764
24.43478251062254,35.050724689208764,81.254395,3887999.996137619,-0.015306659,-0.014218356,70.98216
24.423912946628306,35.13405791039468,84.735344,3283199.893140793,-0.03920779,-0.0029526278,71.22498
24.409420342711783,35.02898555779556,73.23672,10368000.35533905,0.01830203,-0.012506098,73.435265
24.40579722439643,35.07608730649443,81.130585,345600.00498890877,0.012935713,-0.013034511,70.16105
24.3913043591697,35.05434799367564,86.750465,14601599.979400635,0.019252453,-0.015971687,68.72193
24.24275355543479,35.275361916886446,83.709785,6825599.987125397,-0.0076183155,-0.027122349,70.47235
24.518115930392057,35.170290078269815,76.7112,2678400.0643730164,-0.042481888,-0.0043635033,70.87668
24.278985574781007,35.18478260074926,85.36457,13478399.474716187,0.042091314,-0.023784272,69.890434
24.503623143558386,34.916666955294566,80.479385,7689599.742507935,-0.036386196,0.010010937,72.93628
24.85869584610084,35.31159408476158,76.05999,12960000.169944763,0.03896478,-0.020830344,75.09315
24.134057993885538,35.130434787333385,80.741425,10281599.557113647,0.026339855,-2.7380884e-07,71.550735
24.2137679164399,35.101449394680465,78.1842,4147199.9227523804,-0.03202072,-0.030634683,69.96474
24.586956589458925,35.03623181903528,81.050644,16761600.190544128,0.010194115,-0.03064242,72.94966
24.880434869565217,35.11594208344836,73.60822,10713600.257492065,0.029291235,-0.020999156,73.65967
24.003623304347823,35.192029209683014,80.788605,17798399.897003174,0.006777238,-0.030983508,75.450554
24.641304357168043,34.938405387540406,81.3883,3110399.9420642853,-0.014691275,-0.011140469,71.90429
24.282608510179216,35.10869565592019,73.044136,11750399.96395111,0.020366764,-0.022246834,72.8692
24.528985389862203,35.079710263267266,73.800804,14947199.88155365,0.014315112,-0.023135442,74.712685
24.409420264318722,35.137681214861566,85.684586,1814400.0347614288,-0.04781172,-0.014548134,70.88751
24.242753659958876,34.931159481553294,83.59315,17712000.19569397,0.013254046,-0.035812993,70.313095
24.503623143558386,34.916666955294566,80.479385,518399.99034404755,0.017624274,-0.0022919215,70.884895
24.72463775080654,35.097825908808005,83.506035,950400.0051498413,0.009178426,-0.0040102154,72.66053
24.358695745580064,35.14492749121842,79.46463,7343999.840354919,-0.012812089,0.018552074,71.89389
24.442029139218562,35.043478080275,76.86345,13478399.474716187,0.0076169595,-0.022753537,76.476295
24.242753659958876,34.931159481553294,83.59315,10713600.257492065,0.033606563,-0.013923876,70.082565
24.481884276880134,35.21376834109622,79.042,13651199.974250793,0.017854728,-0.010672566,76.32387
24.525362323808892,35.01449270273921,80.76379,12873600.46863556,0.027527153,-0.01682565,73.45543
24.659420157792983,35.13768139626715,82.9603,1036799.9806880951,-0.018458366,0.009475075,72.039474
24.507246418659868,35.018115659512056,74.98295,345600.00498890877,0.026086712,-0.004070487,73.20515
24.55072462237475,35.07608730649443,88.70044,4838399.727058411,-0.024481054,-0.022813853,72.2517
24.177536001617764,35.01449252133363,77.3516,10886399.660110474,0.030111695,-0.039281096,74.27546
24.409420185925658,35.126811301460926,78.58091,4924799.976825714,-0.023394901,-0.0151928775,71.06583
24.202898613755877,35.17753635462667,82.22561,4319999.873828888,-0.059838537,-0.0353689,70.493225
24.782608845879178,35.07246365433351,80.82854,6480000.084972382,-0.024596531,0.006190559,73.2554
24.514492864338745,35.152173737341,77.98083,4579200.074672699,-0.028413665,-0.006897144,71.53994
24.518115930392057,35.170290078269815,76.7112,14256000.07724762,0.01872883,-0.025522202,77.259796
24.202898613755877,35.17753635462667,82.22561,11145599.860954285,0.03033388,-0.02172365,70.8494
24.373188349496587,35.09782609021359,73.044136,5011200.226593018,-0.024820853,-0.03495955,73.12421
24.3913043591697,35.05434799367564,86.750465,2851200.015449524,-0.0323128,-0.029697753,72.28609
24.525362323808892,35.01449270273921,80.76379,13132799.572563171,0.027264027,-0.01665761,73.43749
24.33695651306752,35.26449269887389,75.24537,3456000.11844635,-0.08939293,-0.05775288,70.7733
24.278985653174068,35.159420527680346,80.15937,2246400.0495672226,-0.0689206,-0.035539743,69.36334
24.15217408195171,35.09782609021359,90.079155,12182399.56741333,0.046071928,-0.025809657,70.302574
24.528985389862203,35.079710263267266,73.800804,10454400.056648254,0.02191471,-0.021186423,74.52153
24.235507135886934,35.09782643790763,86.62735,11059200.15964508,0.02753561,-0.033966053,69.1179
24.242753659958876,34.931159481553294,83.59315,4406400.123596191,-0.022916999,-0.005802959,71.07271
24.358695745580064,35.14492749121842,79.46463,2764800.03991127,-0.042968486,-0.006750133,69.7818
24.40579722439643,35.07608730649443,81.130585,16588799.691009521,0.008053156,-0.020172227,72.992035
24.62318819070881,35.09782625650204,81.14894,7343999.840354919,-0.015648,0.008371621,72.83753
24.3985509616347,35.079710263267266,82.39983,9071999.899578094,0.027489077,-0.0148469135,71.6687
24.822463669968496,35.11956556932083,79.471794,8380800.095272064,0.017783811,0.0078735445,74.304405
24.40217392316393,35.07246365433351,77.73675,259199.99517202377,0.020403512,-0.00013683923,70.482666
24.235507135886934,35.09782643790763,86.62735,3196799.917602539,-0.012323812,0.01611409,71.53887
24.731884091961334,34.88405773852335,82.62194,15724800.484085083,-0.0020388402,-0.0047268234,71.485405
24.282608510179216,35.10869565592019,73.044136,3887999.996137619,-0.06766771,-0.036848534,72.68234
24.336956356281394,35.12681217825459,78.56935,16329599.49016571,-0.0062930435,-0.005840998,77.19282
24.659420157792983,35.13768139626715,82.9603,1209599.9317646027,-0.019839939,0.008432467,72.04923
24.521739153231497,35.18115965909355,80.50853,17107200.092697144,0.027565036,-0.0234298,74.29226
24.677536062942007,35.07971042955572,84.775665,16243199.788856506,0.014002228,-0.03272988,69.23727
24.282608510179216,35.10869565592019,73.044136,13305600.072097778,0.030588586,-0.013738673,72.70505
24.271739312019278,35.0833337340226,74.97577,17193599.794006348,0.012911715,-0.025246453,75.31602
24.003623304347823,35.192029209683014,80.788605,2937599.9909877777,-0.067373276,-0.093520805,71.146416
24.525362323808892,35.01449270273921,80.76379,16761600.190544128,0.008312933,-0.030216984,73.03435
24.782608584568965,35.06521774078783,85.492004,11750399.96395111,0.017403817,-0.030892532,71.631195
24.55434784521419,35.039855304907746,78.730316,15033599.582862854,0.015579458,-0.021747474,75.8821
24.365941903817713,35.11594190204278,77.940506,16243199.788856506,0.0039600544,-0.01367062,77.311646
24.351449221508126,35.36231895652174,77.53338,8899199.948501587,0.03938594,-0.001843527,73.44153
24.677536062942007,35.07971042955572,84.775665,11577599.464416504,0.015538989,-0.030688737,71.446236
24.293478074173446,35.130434424522214,78.52256,6912000.2368927,-0.029593844,-0.01658963,71.66834
24.52536253285706,35.05797113185407,79.99595,172800.00249445438,0.0028371364,0.009466976,70.6352
24.626811465810288,35.05797113185407,83.9315,14428799.479866028,0.029581167,-0.009595271,70.438644
24.278985574781007,35.18478260074926,85.36457,4752000.025749207,-0.08708149,-0.027799722,71.10816
24.242753659958876,34.931159481553294,83.59315,3887999.996137619,-0.022897087,-0.009023443,71.15104
24.409420264318722,35.097825908808005,75.01247,3023999.9665260315,-0.04173692,-0.02062498,72.300285
24.369565205050215,35.10507235145331,81.59638,6480000.084972382,-0.028480936,-0.013798423,71.2691
24.268116089179838,35.07971042955572,81.07262,18143999.79915619,0.005647693,-0.027585533,73.607544
24.340579735906957,35.22101461745307,78.71513,172800.00249445438,-0.022900201,-0.028573737,70.51569
24.481884276880134,35.21376834109622,79.042,18403200.0,-0.0075264536,-0.024744462,76.21913
24.53985505838052,35.14492730981283,78.72631,13824000.4737854,0.021717886,-0.026244551,76.29574
24.15217408195171,35.09782609021359,90.079155,5356800.128746033,-0.00016425923,-0.024443913,73.38287
24.623188347494935,34.98550731008629,86.27349,5356800.128746033,-0.030892376,-0.009621393,72.69844
24.608695560661264,35.210145036629335,80.071884,7948799.943351746,0.001930993,0.021903703,73.08719
24.340579657513896,35.072464168316,77.031204,14342399.778556824,0.014781561,-0.0061654374,76.73462
24.442029139218562,35.043478080275,76.86345,17107200.092697144,0.0033611916,-0.023831248,76.37121
24.202898613755877,35.17753635462667,82.22561,18316800.298690796,0.0026487485,-0.024674114,73.32843
24.60144921950647,34.9456523441682,85.40489,8985600.19826889,0.005069401,-0.004050594,71.66187
24.15942034471344,35.02536261613985,84.04098,777599.9855160713,-0.026206966,0.027416537,72.28178
24.003623304347823,35.192029209683014,80.788605,4665599.775981903,-0.09267652,-0.06638184,70.6847
24.409420264318722,35.137681214861566,85.684586,11231999.562263489,0.027196005,-0.018891625,70.412155
24.16304339770124,35.14130418675153,77.183464,3801600.0205993652,-0.042241912,-0.0483077,69.74953
24.278985574781007,35.18478260074926,85.36457,6825599.987125397,-0.05001655,-0.025690079,70.58006
24.880434869565217,35.11594208344836,73.60822,6825599.987125397,-0.017805386,0.024092406,73.54526
24.278985653174068,35.159420527680346,80.15937,1641599.9465703964,-0.06699596,-0.039311815,69.171524
24.171296292717127,35.10648163098043,78.049835,5615999.781131744,-0.047882248,-0.026838198,70.5432
24.619565229179578,35.18478278215484,82.255135,1468799.9954938889,-0.0013376214,0.004632516,71.39338
24.72463775080654,35.097825908808005,83.506035,8639999.747657776,-0.0032313317,-0.0033338629,73.12053
24.35507260113369,35.04710138474188,76.478294,3023999.9665260315,-0.027717445,-0.013853379,71.285095
24.068840433535758,35.050724689208764,75.1399,12009600.164794922,0.036061056,-0.04205634,74.04653
24.47463793572534,35.15579704180788,74.131996,777599.9855160713,-0.030855704,0.0074464697,72.406334
24.731883987437246,34.999999998854186,80.17734,1555199.9710321426,-0.008735348,-0.0027739592,71.69613
24.49275373635028,35.04710138474188,79.64641,8380800.095272064,-0.0037333071,0.007328611,73.150475
24.278985574781007,35.18478260074926,85.36457,10022400.453186035,0.04302659,-0.02278734,70.24503
24.235507135886934,35.09782643790763,86.62735,518399.99034404755,0.0063524097,0.030748593,71.501045
24.623188347494935,34.98550731008629,86.27349,4319999.873828888,-0.02701709,-0.009254307,73.06802
24.423912946628306,35.16304383214723,83.815254,14083199.577713013,0.028337726,-0.01693217,70.12364
24.423912946628306,35.13405791039468,84.735344,11491199.7631073,0.028351022,-0.022656552,70.420494
24.782608845879178,35.07246365433351,80.82854,12182399.56741333,0.024901876,-0.01481197,74.479675
24.525362323808892,35.01449270273921,80.76379,4752000.025749207,-0.028134312,0.0009272378,71.61685
24.340579657513896,35.072464168316,77.031204,8035200.193119049,-0.020671465,0.013987193,73.28455
24.351449221508126,35.36231895652174,77.53338,950400.0051498413,-0.13787624,-0.13802437,72.18541
24.409420342711783,35.02898555779556,73.23672,4924799.976825714,-0.030651052,0.005179506,73.524536
24.369565205050215,35.10507235145331,81.59638,10454400.056648254,0.03209977,-0.021544844,71.99903
24.5036234048686,34.94565269942081,84.86278,17625600.494384766,0.010026464,-0.043067235,68.97777
24.518115930392057,35.170290078269815,76.7112,17712000.19569397,0.016151054,-0.026744712,76.96045
24.507246418659868,35.018115659512056,74.98295,11577599.464416504,0.0133515205,-0.023760192,75.54105
24.134057993885538,35.130434787333385,80.741425,2332799.8879909515,-0.08597547,-0.059685525,69.765526
24.52536253285706,35.05797113185407,79.99595,432000.01480579376,0.0043045767,0.008337358,70.60724
24.471014503837736,35.137681214861566,84.09494,8639999.747657776,0.009631218,-0.0012878571,71.76606
24.46739112421217,35.10507235145331,77.031204,11836799.665260315,0.018089678,-0.020431958,76.26723
24.264492787947336,35.06521739309379,75.914215,9071999.899578094,0.008223807,0.015109369,73.83173
24.278985653174068,35.159420527680346,80.15937,3542400.093984604,-0.07365799,-0.025543798,69.95216
24.507246418659868,35.018115659512056,74.98295,14774400.478935242,0.014086368,-0.013682801,75.904884
24.278985574781007,35.18478260074926,85.36457,17798399.897003174,0.00085771456,-0.030156076,70.00677
24.572463802625258,35.028985391507106,77.31845,5702400.030899048,-0.023312896,-0.0009395424,72.96838
24.677536062942007,35.07971042955572,84.775665,11231999.562263489,0.01689856,-0.029579114,71.61553
24.623188347494935,34.98550731008629,86.27349,16588799.691009521,0.028169785,-0.034947854,68.91375
24.351449221508126,35.36231895652174,77.53338,15638399.68585968,0.029686462,-0.025999345,77.41429
24.619565229179578,35.18478278215484,82.255135,10540799.757957458,0.029011196,-0.018558484,72.60449
24.518115930392057,35.170290078269815,76.7112,11750399.96395111,0.012912493,-0.027043201,76.46561
24.202898613755877,35.17753635462667,82.22561,10540799.757957458,0.029988121,-0.0210015,70.64605
24.40217392316393,35.07246365433351,77.73675,14947199.88155365,0.010742014,-0.004266616,76.814476
24.3985509616347,35.079710263267266,82.39983,6480000.084972382,0.0025231317,-0.006471835,71.32432
24.3913043591697,35.05434799367564,86.750465,6393599.835205078,-0.019129235,0.015601022,72.02003
24.152173912100075,34.942029039701325,85.189964,9590399.752807617,0.024896,-0.013912987,69.76488
24.586956589458925,35.03623181903528,81.050644,6480000.084972382,-0.009684715,-0.0076251514,72.49082
24.655797039477626,35.09782643790763,82.953125,691200.0099778175,0.011925537,0.00047754683,72.120384
24.822463669968496,35.11956556932083,79.471794,12960000.169944763,0.02439986,-0.020566937,75.90014
24.47463793572534,35.15579704180788,74.131996,4233599.898290634,-0.0305647,-0.016682025,72.57799
24.365941903817713,35.11594190204278,77.940506,2505600.113296509,-0.034212988,-0.012519941,70.02291
24.572463802625258,35.028985391507106,77.31845,3456000.11844635,-0.02892607,-0.0063825585,71.8789
24.242753659958876,34.931159481553294,83.59315,5097599.927902222,-0.021222275,0.0013642348,70.980606
24.358695745580064,35.14492749121842,79.46463,12268800.365638733,0.024565168,-0.013143338,74.817665
24.579710091518006,35.06884069756067,84.24473,1123200.0247836113,-0.028633174,-0.004497882,72.23017
24.373188532413735,34.85507217391305,83.68782,11318400.360488892,0.008804005,-0.040096264,70.806404
24.278985653174068,35.159420527680346,80.15937,13219200.370788574,0.024871381,-0.009024348,74.65065
24.72463775080654,35.097825908808005,83.506035,15551999.984550476,0.019587865,-0.03364524,70.80087
24.373188349496587,35.09782609021359,73.044136,10281599.557113647,0.025309585,-0.024317987,73.19541
24.782608845879178,35.07246365433351,80.82854,17712000.19569397,-0.0108453445,0.010896066,73.937706
24.641304357168043,34.938405387540406,81.3883,5961600.231742859,-0.0061814375,-0.026728965,72.6752
24.369565205050215,35.10507235145331,81.59638,604799.9658823013,-0.016043134,-0.0050213,69.9636
24.572463802625258,35.028985391507106,77.31845,11836799.665260315,0.016169777,-0.027141225,76.46737
24.171296292717127,35.10648163098043,78.049835,16675200.489234924,0.0042352863,-0.027387924,77.64695
24.782608584568965,35.06521774078783,85.492004,9331199.551963806,0.0133106,0.0010292456,72.89313
24.72463775080654,35.097825908808005,83.506035,5529600.07982254,-0.020884532,0.00640193,72.906586
24.286231733018653,35.16304365074164,82.86601,345600.00498890877,0.02945827,-0.0046436302,70.22875
24.655797039477626,35.09782643790763,82.953125,10799999.95880127,0.018757213,-0.022832394,72.364876
24.068840433535758,35.17753635462667,82.62194,4924799.976825714,-0.050091002,-0.068272755,70.666115
24.52536253285706,35.05797113185407,79.99595,3542400.093984604,-0.022318505,-0.013652906,71.08149
24.177536001617764,35.01449252133363,77.3516,17366400.293540955,-0.005009219,-0.0418622,77.280464
24.518115930392057,35.170290078269815,76.7112,864000.0296115875,-0.053669166,0.011819446,70.59238
24.423912946628306,35.16304383214723,83.815254,3887999.996137619,-0.03556959,-0.014289264,71.3314
24.340579657513896,35.072464168316,77.031204,5615999.781131744,-0.038361985,-0.018570695,71.779854
24.35507260113369,35.04710138474188,76.478294,7862400.2420425415,-0.0096775815,-0.005192209,73.42414
24.46739112421217,35.10507235145331,77.031204,8035200.193119049,-0.010412093,0.014635594,73.68316
24.518115930392057,35.170290078269815,76.7112,5875199.981975555,-0.02809148,-0.0061101206,72.63444
24.503623143558386,34.916666955294566,80.479385,15033599.582862854,0.01591488,-0.009070642,73.16428
24.677536062942007,35.07971042955572,84.775665,11923200.463485718,0.014305813,-0.03145542,71.27946
24.731884091961334,34.88405773852335,82.62194,16761600.190544128,0.0015100241,-0.025528558,71.19372
24.85869584610084,35.31159408476158,76.05999,950400.0051498413,0.016006593,0.03423109,75.94442
24.586956589458925,35.03623181903528,81.050644,16675200.489234924,0.010563513,-0.030178554,72.95061
24.369565205050215,35.10507235145331,81.59638,13824000.4737854,0.028028773,-0.013191409,72.61808
24.57608686867857,35.22463755910878,78.28966,12787199.670410156,0.02076309,-0.012361128,76.63275
24.003623304347823,35.192029209683014,80.788605,1036799.9806880951,-0.07226114,-0.092047125,70.74506
24.068840433535758,35.17753635462667,82.62194,6393599.835205078,-0.020740021,-0.06824939,69.87299
24.525362323808892,35.01449270273921,80.76379,14515200.27809143,0.022129335,-0.02025761,73.26037
24.85869584610084,35.31159408476158,76.05999,8639999.747657776,0.008471994,0.014810748,76.03174
24.068840433535758,35.17753635462667,82.62194,13651199.974250793,0.039819106,-0.024639886,71.49631
24.16304339770124,35.14130418675153,77.183464,11404800.061798096,0.034681384,-0.02466043,74.755196
24.423912946628306,35.16304383214723,83.815254,16416000.288391113,0.017187258,-0.02848043,69.95167
24.373188349496587,35.09782609021359,73.044136,0.0,-0.052629445,-0.00053870305,72.99396
24.85869584610084,35.31159408476158,76.05999,4147199.9227523804,-0.030662041,0.037920404,75.979256
24.800724541980035,35.0326085145684,80.91604,2678400.0643730164,-0.01690153,-0.01676898,72.36711
24.202898613755877,35.17753635462667,82.22561,12182399.56741333,0.035393726,-0.019859757,71.32828
24.728260869121893,35.15579704180788,79.23173,9158400.149345398,0.020906225,0.0016340539,74.449974
24.177536001617764,35.01449252133363,77.3516,10195199.855804443,0.026915789,-0.037671227,73.81437
24.822463669968496,35.11956556932083,79.471794,5097599.927902222,-0.0011751391,0.011823973,72.85303
24.57246390714934,35.13405809180027,82.83649,2159999.936914444,-0.013484541,-0.016609363,71.54041
24.409420342711783,35.02898555779556,73.23672,10454400.056648254,0.01842893,-0.013430603,73.44377
24.268116089179838,35.07971042955572,81.07262,13391999.773406982,0.02206446,-0.021128338,73.33399
24.43478277193275,35.06521686399416,78.38795,1728000.059223175,-0.019812245,-0.019533731,70.526405
24.202898613755877,35.17753635462667,82.22561,950400.0051498413,-0.042053703,-0.046816815,70.27984
24.731883987437246,34.999999998854186,80.17734,3456000.11844635,-0.024956051,0.0030983873,72.04904
24.731884091961334,34.88405773852335,82.62194,14515200.27809143,0.012015637,0.009103455,72.10779
24.5036234048686,34.94565269942081,84.86278,4665599.775981903,-0.01880845,-0.009466745,72.26337
24.576087129988778,34.96376817111452,80.53768,15983999.588012695,0.021797532,-0.021140166,73.11445
24.46739112421217,35.10507235145331,77.031204,13305600.072097778,0.017887115,-0.019211486,76.82705
24.782608584568965,35.06521774078783,85.492004,16502399.989700317,0.023541342,-0.039674785,69.47574
24.373188532413735,34.85507217391305,83.68782,15379199.48501587,0.011337919,-0.0546613,70.33572
24.16304339770124,35.14130418675153,77.183464,14601599.979400635,0.03548853,-0.017486583,77.31985
24.49275373635028,34.95652190987481,78.13308,10972800.458335876,-0.00022945926,-0.01579829,75.10956
24.2137679164399,35.101449394680465,78.1842,1123200.0247836113,-0.00416667,-0.030958425,69.58855
24.49275373635028,34.95652190987481,78.13308,16070400.386238098,-0.0047450624,-0.013427626,75.74504
24.782608845879178,35.07246365433351,80.82854,2159999.936914444,-0.015740093,-0.011709392,72.29099
24.336956356281394,35.12681217825459,78.56935,17193599.794006348,-0.010271959,9.88245e-05,77.090324
24.06159400092239,35.235507653915,77.223785,9590399.752807617,0.051602222,-0.046975102,71.91646
24.068840433535758,35.050724689208764,75.1399,11318400.360488892,0.033969827,-0.037501756,73.63511
24.373188349496587,35.09782609021359,73.044136,2851200.015449524,-0.035437297,0.0012442674,73.01755
24.16304339770124,35.14130418675153,77.183464,10195199.855804443,0.03913699,-0.018896483,73.737625
24.358695745580064,35.14492749121842,79.46463,17107200.092697144,0.0031054132,-0.02024407,76.257095
24.514492864338745,35.152173737341,77.98083,6739199.737358093,-0.014860529,0.008308716,72.778
24.141304256647267,35.05072417522627,80.839714,13996799.876403809,0.014493255,-0.013668057,74.19419
24.40579730278949,34.98550712868071,82.545616,0.0,0.0028478391,0.026892986,71.29303
24.3913043591697,35.05434799367564,86.750465,11491199.7631073,0.029659975,-0.012113702,70.06216
24.365941903817713,35.11594190204278,77.940506,0.0,-0.032713253,0.011108505,70.00767
24.33695651306752,35.26449269887389,75.24537,6480000.084972382,-0.02910937,-0.047717284,71.68737
24.641304357168043,34.938405387540406,81.3883,6825599.987125397,-0.0031479448,-0.030646395,72.91481
24.60144921950647,34.9456523441682,85.40489,4147199.9227523804,-0.026313175,0.015879408,73.02176
24.068840433535758,35.17753635462667,82.62194,10022400.453186035,0.032777533,-0.043167356,69.82826
24.369565205050215,35.10507235145331,81.59638,4233599.898290634,-0.03468925,-0.010166932,70.57527
24.52536253285706,35.05797113185407,79.99595,17020800.39138794,0.0142965,-0.031241842,74.42794
24.423912946628306,35.13405791039468,84.735344,6566399.786281586,-0.02688456,-0.0031900704,71.55913
24.171296292717127,35.10648163098043,78.049835,14342399.778556824,0.023287376,-0.021032877,77.207954
24.677536062942007,35.07971042955572,84.775665,13305600.072097778,0.016295897,-0.027441133,70.59807
24.518115930392057,35.170290078269815,76.7112,11404800.061798096,0.013954315,-0.025349058,76.27575
24.528985389862203,35.079710263267266,73.800804,604799.9658823013,-0.03933995,-0.061641503,73.00332
24.15942034471344,35.02536261613985,84.04098,1900800.0102996826,-0.035524283,0.0030082967,71.90687
24.518115930392057,35.170290078269815,76.7112,5011200.226593018,-0.033861768,-0.0011393055,72.17596
24.068840433535758,35.17753635462667,82.62194,4752000.025749207,-0.051809978,-0.06790243,70.76315
24.579710091518006,35.06884069756067,84.24473,7948799.943351746,-0.0031601265,0.0068713557,72.1974
24.32608705359737,35.05434782738719,80.59564,6307200.133895874,-0.0129625015,-0.030852817,71.169945
24.152173912100075,34.942029039701325,85.189964,9935999.654960632,0.033100586,-0.022406265,69.62885
24.15217408195171,35.09782609021359,90.079155,3801600.0205993652,-0.017473523,-0.03241467,73.53756
24.15217408195171,35.09782609021359,90.079155,7948799.943351746,0.047254447,-0.0020362549,72.81041
24.46739112421217,35.10507235145331,77.031204,2505600.113296509,-0.0031121187,-0.025386244,71.10859
24.373188349496587,35.09782609021359,73.044136,4233599.898290634,-0.03192174,-0.026411396,73.067375
24.264492787947336,35.06521739309379,75.914215,15292799.783706665,0.010942865,-0.015580509,76.2736
24.293478074173446,35.130434424522214,78.52256,4579200.074672699,-0.03829426,-0.019500945,70.533714
24.85869584610084,35.31159408476158,76.05999,7862400.2420425415,-0.012215085,0.022728937,76.113266
24.49275373635028,34.95652190987481,78.13308,2764800.03991127,-0.03441045,0.006025413,71.32376
24.171296292717127,35.10648163098043,78.049835,10972800.458335876,0.024124034,-0.029612042,74.10219
24.880434869565217,35.11594208344836,73.60822,6047999.933052063,-0.032488864,0.021467496,73.525505
24.373188349496587,35.09782609021359,73.044136,12787199.670410156,0.02454127,-0.03592019,73.119675
24.33695651306752,35.26449269887389,75.24537,4924799.976825714,-0.07847923,-0.052306954,71.1441
24.278985574781007,35.18478260074926,85.36457,13564800.27294159,0.041765198,-0.023912288,69.900406
24.728260869121893,35.15579704180788,79.23173,4752000.025749207,-0.01925131,0.0039747525,72.12837
24.409420342711783,35.02898555779556,73.23672,14687999.680709839,0.011983423,-0.020504735,73.42979
24.55072462237475,35.07608730649443,88.70044,14947199.88155365,0.037221093,-0.0357037,70.946785
24.409420264318722,35.097825908808005,75.01247,1728000.059223175,-0.046795245,-0.026059803,71.90587
24.15217408195171,35.09782609021359,90.079155,18403200.0,0.011677068,-0.057923857,73.63254
24.800724541980035,35.0326085145684,80.91604,10195199.855804443,0.02642788,-0.0068082213,74.59029
24.62318819070881,35.09782625650204,81.14894,2937599.9909877777,-0.021904554,-0.0010305457,71.43533
24.2137679164399,35.101449394680465,78.1842,4752000.025749207,-0.031790074,-0.032463808,70.21014
24.53985505838052,35.14492730981283,78.72631,13910400.175094604,0.021712275,-0.026728876,76.3158
24.268116089179838,35.07971042955572,81.07262,5529600.07982254,-0.0484738,-0.018768255,70.62799
24.358695745580064,35.14492749121842,79.46463,14601599.979400635,0.01753905,-0.016018238,76.093895
24.43478277193275,35.06521686399416,78.38795,16329599.49016571,0.004754495,-0.018064667,76.46216
24.15942034471344,35.02536261613985,84.04098,7257600.139045715,-0.008437555,-0.04068884,69.7573
24.32608705359737,35.05434782738719,80.59564,17279999.49531555,0.0028936714,-0.023932155,73.94093
24.47463793572534,35.15579704180788,74.131996,16588799.691009521,0.022522511,-0.031656057,74.00942
24.822463669968496,35.11956556932083,79.471794,7257600.139045715,0.015305169,0.019432127,73.6733
24.47463793572534,35.15579704180788,74.131996,11231999.562263489,0.021236373,-0.028978717,74.68674
24.336956356281394,35.12681217825459,78.56935,8639999.747657776,0.0021454282,-0.003665842,72.89629
24.278985653174068,35.159420527680346,80.15937,7430400.090122223,-0.030333336,-0.022667788,71.35335
24.15217408195171,35.09782609021359,90.079155,3369599.8686790466,-0.014823832,-0.035769533,73.564
24.51086948471318,35.141304337922854,75.965324,7343999.840354919,-0.017042361,0.024111997,73.72128
24.782608845879178,35.07246365433351,80.82854,8294399.845504761,0.0012242943,0.003988741,74.034004
24.268116089179838,35.07971042955572,81.07262,15033599.582862854,0.010222375,-0.02105929,73.83315
24.518115930392057,35.170290078269815,76.7112,14428799.479866028,0.018452518,-0.02611252,77.28067
24.782608584568965,35.06521774078783,85.492004,13996799.876403809,0.026445141,-0.034316476,70.40412
24.677536062942007,35.07971042955572,84.775665,1555199.9710321426,-0.011674773,0.0053705536,72.97757
24.235507135886934,35.09782643790763,86.62735,1900800.0102996826,0.0028994642,0.029184937,71.703
24.46739112421217,35.10507235145331,77.031204,16156800.087547302,0.009501103,-0.033156525,77.021126
24.677536062942007,35.07971042955572,84.775665,8035200.193119049,0.019927997,-0.018172186,72.67364
24.152173912100075,34.942029039701325,85.189964,9331199.551963806,0.018093314,-0.0072764643,69.86121
24.171296292717127,35.10648163098043,78.049835,13046399.871253967,0.025533488,-0.020905305,76.15558
24.33695651306752,35.26449269887389,75.24537,13824000.4737854,0.029015599,-0.025620412,75.23131
24.471014503837736,35.137681214861566,84.09494,4406400.123596191,-0.03321823,-0.011725627,71.77632
24.268116089179838,35.07971042955572,81.07262,518399.99034404755,-0.04710721,0.011731537,69.72253
24.507246418659868,35.018115659512056,74.98295,5702400.030899048,-0.019219615,0.006784966,73.768486
24.152173912100075,34.942029039701325,85.189964,18230399.500465393,0.002681695,-0.043079663,71.08283
24.340579657513896,35.072464168316,77.031204,5011200.226593018,-0.040236834,-0.021426018,71.482475
24.2137679164399,35.101449394680465,78.1842,5615999.781131744,-0.030266505,-0.034124713,70.64694
24.06159400092239,35.235507653915,77.223785,15638399.68585968,0.028787091,-0.04328086,77.40254
24.423912946628306,35.13405791039468,84.735344,11145599.860954285,0.029651688,-0.022711556,70.57954
24.503623143558386,34.916666955294566,80.479385,7775999.992275238,-0.035555247,0.010952806,72.9658
24.24275355543479,35.275361916886446,83.709785,11491199.7631073,0.034012422,-0.019287284,70.3734
24.369565205050215,35.10507235145331,81.59638,691200.0099778175,-0.016302366,-0.006504465,69.95515
24.235507135886934,35.09782643790763,86.62735,17625600.494384766,0.0029874332,-0.039590653,68.96658
24.728260869121893,35.15579704180788,79.23173,7948799.943351746,0.012815049,0.014339765,73.76347
24.286231733018653,35.16304365074164,82.86601,13564800.27294159,0.040496748,-0.020655882,71.26723
24.53985505838052,35.14492730981283,78.72631,4579200.074672699,-0.021687683,0.01008733,71.39263
24.278985574781007,35.18478260074926,85.36457,17625600.494384766,0.0033513345,-0.03082475,70.01709
24.576087129988778,34.96376817111452,80.53768,17193599.794006348,0.017570848,-0.030741487,73.01866
24.358695745580064,35.14492749121842,79.46463,16070400.386238098,0.0077835564,-0.021946922,76.31651
24.409420264318722,35.137681214861566,85.684586,0.0,-0.054683443,-0.0069055185,71.038925
24.507246627708035,35.15217355593542,72.15966,13564800.27294159,0.02544444,-0.0046014786,72.219536
24.264492787947336,35.06521739309379,75.914215,3887999.996137619,-0.02958453,-0.012621984,71.225555
24.822463669968496,35.11956556932083,79.471794,15724800.484085083,0.0157481,-0.024624504,75.86982
24.369565205050215,35.10507235145331,81.59638,11923200.463485718,0.030854413,-0.019331887,72.338776
24.782608584568965,35.06521774078783,85.492004,13478399.474716187,0.023038764,-0.03458869,70.65109
24.518115930392057,35.170290078269815,76.7112,13910400.175094604,0.018801466,-0.024866622,77.20476
24.293478074173446,35.130434424522214,78.52256,12441599.768257141,0.015743213,-0.017677046,75.56537
24.782608845879178,35.07246365433351,80.82854,6134400.182819366,-0.02724455,0.0015781596,73.1275
24.286231733018653,35.16304365074164,82.86601,10108800.15449524,0.045041528,-0.019814141,70.762794
24.409420342711783,35.02898555779556,73.23672,8899199.948501587,0.0025113374,0.006462466,73.277985
24.51086948471318,35.141304337922854,75.965324,5875199.981975555,-0.026238259,0.012053799,73.05087
24.53985505838052,35.14492730981283,78.72631,15638399.68585968,0.018084893,-0.038395602,76.51544
24.880434869565217,35.11594208344836,73.60822,4752000.025749207,-0.035557922,0.017537165,73.59718
24.43478277193275,35.06521686399416,78.38795,12182399.56741333,0.01473297,-0.0036140233,75.68241
24.43478251062254,35.050724689208764,81.254395,7171199.889278412,-0.015078414,-0.013364837,71.80143
24.49275373635028,35.04710138474188,79.64641,12614400.267791748,0.015527742,-0.020733785,74.7118
24.2137679164399,35.101449394680465,78.1842,518399.99034404755,0.003091257,-0.031315535,69.51741
24.373188349496587,35.09782609021359,73.044136,3369599.8686790466,-0.039336,-0.010483988,73.02735
24.47463793572534,35.15579704180788,74.131996,5615999.781131744,-0.031486508,-0.016866788,73.04102
24.423912946628306,35.13405791039468,84.735344,5356800.128746033,-0.038039032,-0.006419204,71.596886
24.373188349496587,35.09782609021359,73.044136,9504000.051498413,0.016419815,-0.0201632,73.1792
24.235507135886934,35.09782643790763,86.62735,1123200.0247836113,0.006444834,0.03081365,71.60082
24.503623143558386,34.916666955294566,80.479385,7603200.0411987305,-0.037160356,0.009007562,72.90594
24.471014503837736,35.137681214861566,84.09494,16156800.087547302,0.009476075,-0.021347973,69.38548
24.525362323808892,35.01449270273921,80.76379,13305600.072097778,0.027019083,-0.016715772,73.42108
24.53985505838052,35.14492730981283,78.72631,10799999.95880127,0.018572675,-0.020010486,75.05703
24.528985389862203,35.079710263267266,73.800804,1641599.9465703964,-0.047157858,-0.050766055,72.620026
24.3985509616347,35.079710263267266,82.39983,9244799.850654602,0.027323235,-0.018167794,71.66789
24.576087129988778,34.96376817111452,80.53768,6998399.938201904,-0.024411302,-0.0053072385,72.71342
24.626811465810288,35.05797113185407,83.9315,8380800.095272064,-0.009061098,0.009412529,72.5547
24.33695651306752,35.26449269887389,75.24537,15465600.283241272,0.02963359,-0.027060881,75.1604
24.373188532413735,34.85507217391305,83.68782,14947199.88155365,0.015138011,-0.052725744,70.482895
24.2137679164399,35.101449394680465,78.1842,10454400.056648254,0.020838974,-0.009712968,73.83059
24.47463793572534,35.15579704180788,74.131996,6220799.884128571,-0.023354284,-0.015455902,73.27898
24.134057993885538,35.130434787333385,80.741425,5961600.231742859,-0.084722355,-0.009519711,70.27539
24.235507135886934,35.09782643790763,86.62735,8639999.747657776,0.0014705881,-0.035467323,70.42961
24.235507135886934,35.09782643790763,86.62735,9504000.051498413,0.012172263,-0.033976924,69.97476
24.35507260113369,35.04710138474188,76.478294,1209599.9317646027,0.0062102117,-0.009739399,70.89046
24.40579730278949,34.98550712868071,82.545616,9158400.149345398,0.0068437867,-0.023348276,71.74836
24.43478277193275,35.06521686399416,78.38795,8639999.747657776,0.0020960048,0.0053083245,73.51557
24.409420264318722,35.137681214861566,85.684586,172800.00249445438,-0.053839665,-0.006280236,70.97607
24.17028990870767,35.119565206509655,75.23819,2851200.015449524,-0.06541239,-0.041839648,70.49552
24.003623304347823,35.192029209683014,80.788605,11231999.562263489,0.029134557,-0.012365472,71.484726
24.51086948471318,35.141304337922854,75.965324,10540799.757957458,0.016989611,-0.010288235,75.68472
24.619565229179578,35.18478278215484,82.255135,14169600.375938416,0.024171855,-0.025069587,72.02445
24.282608510179216,35.10869565592019,73.044136,1123200.0247836113,-0.07152167,-0.006384317,72.52642
24.5036234048686,34.94565269942081,84.86278,11577599.464416504,0.021894785,-0.031368554,70.42289
24.264492787947336,35.06521739309379,75.914215,3715200.0450611115,-0.029085364,-0.014088023,71.183044
24.351449221508126,35.36231895652174,77.53338,16243199.788856506,0.028667867,-0.025348209,77.51423
24.202898613755877,35.17753635462667,82.22561,14860800.180244446,0.026193839,-0.0226494,72.64575
24.72463775080654,35.097825908808005,83.506035,5184000.177669525,-0.023617934,0.003640432,72.91972
24.365941903817713,35.11594190204278,77.940506,12873600.46863556,0.016133746,-0.010599963,76.287254
24.579710091518006,35.06884069756067,84.24473,1468799.9954938889,-0.02944168,-0.006930005,72.29717
24.40217392316393,35.07246365433351,77.73675,7689599.742507935,-0.015852395,0.010558404,72.945816
24.264492787947336,35.06521739309379,75.914215,7862400.2420425415,-0.011745911,0.021324001,73.11867
24.409420264318722,35.097825908808005,75.01247,9849599.953651428,0.015678313,-0.00012751296,74.75571
24.423912946628306,35.16304383214723,83.815254,7775999.992275238,0.039187342,-0.01932019,71.65959
24.47463793572534,35.15579704180788,74.131996,6393599.835205078,-0.02056709,-0.014945336,73.344215
24.85869584610084,35.31159408476158,76.05999,5875199.981975555,-0.025077406,0.03856995,76.067955
24.40579730278949,34.98550712868071,82.545616,6220799.884128571,-0.04287265,-0.0067483857,71.55091
24.2137679164399,35.101449394680465,78.1842,3887999.996137619,-0.031638805,-0.029928219,69.88192
24.608695560661264,35.210145036629335,80.071884,8467199.796581268,0.0062304437,0.019124016,73.26837
24.677536062942007,35.07971042955572,84.775665,13391999.773406982,0.016849795,-0.026929494,70.55429
24.003623304347823,35.192029209683014,80.788605,14256000.07724762,0.024628013,-0.019563243,74.94599
24.43478277193275,35.06521686399416,78.38795,14083199.577713013,0.013714565,0.002715934,76.38405
24.880434869565217,35.11594208344836,73.60822,17625600.494384766,0.01048903,0.00017901137,73.58857
24.57608686867857,35.22463755910878,78.28966,18057600.097846985,0.01673607,-0.024567973,76.88111
24.782608584568965,35.06521774078783,85.492004,950400.0051498413,0.016585564,0.005229097,73.36628
24.278985574781007,35.18478260074926,85.36457,2332799.8879909515,-0.08402687,-0.023858234,70.75504
24.822463669968496,35.11956556932083,79.471794,8899199.948501587,0.018907666,-0.0016374774,74.60822
24.282608510179216,35.10869565592019,73.044136,16070400.386238098,0.019762121,-0.025242731,72.23496
24.51086948471318,35.141304337922854,75.965324,691200.0099778175,-0.038719494,0.0037860386,71.33725
24.579710091518006,35.06884069756067,84.24473,12268800.365638733,0.022791805,-0.017032247,70.869316
24.202898613755877,35.17753635462667,82.22561,1123200.0247836113,-0.042381126,-0.04706246,70.30289
24.278985653174068,35.159420527680346,80.15937,15206400.082397461,0.0053487234,-0.017498877,75.62275
24.782608584568965,35.06521774078783,85.492004,17712000.19569397,0.007432783,-0.041132588,69.17458
24.278985653174068,35.159420527680346,80.15937,5529600.07982254,-0.067282856,-0.027363919,70.91208
24.16304339770124,35.14130418675153,77.183464,1555199.9710321426,-0.055408698,-0.047770258,69.008675
24.15217408195171,35.09782609021359,90.079155,16329599.49016571,0.026313644,-0.04556999,72.24784
24.659420157792983,35.13768139626715,82.9603,16934399.593162537,0.024861984,-0.030148577,70.5196
24.525362323808892,35.01449270273921,80.76379,18403200.0,0.00065255165,-0.027860045,73.22037
24.586956589458925,35.03623181903528,81.050644,3110399.9420642853,-0.0011793897,-0.02393533,71.455376
24.43478277193275,35.06521686399416,78.38795,14860800.180244446,0.011842232,-0.0023826994,76.49704
24.340579735906957,35.22101461745307,78.71513,6220799.884128571,-0.008891739,-0.020138558,71.24746
24.782608584568965,35.06521774078783,85.492004,259199.99517202377,0.018920895,0.0067153946,73.62954
24.369565205050215,35.10507235145331,81.59638,3283199.893140793,-0.030979853,-0.015585691,70.25724
24.15942034471344,35.02536261613985,84.04098,4060799.9472141266,-0.045342248,-0.019256536,70.87039
24.423912946628306,35.13405791039468,84.735344,12614400.267791748,0.027093528,-0.019728582,69.93621
24.46739112421217,35.10507235145331,77.031204,1123200.0247836113,0.024815004,-0.013916306,70.810684
24.365941903817713,35.11594190204278,77.940506,864000.0296115875,-0.028345112,-0.0017697904,69.79361
24.72463775080654,35.097825908808005,83.506035,15811200.185394287,0.018876329,-0.03478728,70.706055
24.521739153231497,35.18115965909355,80.50853,15811200.185394287,0.024693828,-0.020112853,74.42489
24.068840433535758,35.17753635462667,82.62194,11145599.860954285,0.03276976,-0.03236468,70.07847
24.40217392316393,35.07246365433351,77.73675,16416000.288391113,-0.004442405,-0.009286877,76.82086
24.423912946628306,35.16304383214723,83.815254,2073599.9613761902,-0.039261866,-0.01869547,71.03429
24.373188349496587,35.09782609021359,73.044136,691200.0099778175,-0.05297522,-0.0018026419,73.0391
24.336956356281394,35.12681217825459,78.56935,11664000.262641907,0.019887948,-0.015503734,75.03347
24.068840433535758,35.050724689208764,75.1399,2764800.03991127,-0.07585667,-0.014265198,71.45486
24.17028990870767,35.119565206509655,75.23819,3715200.0450611115,-0.06921187,-0.035601918,70.87683
24.358695745580064,35.14492749121842,79.46463,7948799.943351746,-0.0010012127,0.016936798,72.18438
24.52536253285706,35.05797113185407,79.99595,14169600.375938416,0.020973757,-0.025197424,74.520226
24.068840433535758,35.17753635462667,82.62194,14342399.778556824,0.039585095,-0.026275922,72.04625
24.52536253285706,35.05797113185407,79.99595,3110399.9420642853,-0.02072059,-0.014817957,70.99564
24.2137679164399,35.101449394680465,78.1842,12268800.365638733,0.019923074,-0.026133854,75.41046
24.507246627708035,35.15217355593542,72.15966,4492800.099134445,-0.05937214,-0.005861465,72.35071
24.57246390714934,35.13405809180027,82.83649,15551999.984550476,0.023408782,-0.01872696,70.707184
24.336956356281394,35.12681217825459,78.56935,14169600.375938416,0.012454148,-0.008407835,76.7337
24.782608584568965,35.06521774078783,85.492004,6047999.933052063,-0.04623585,0.00012813509,73.19293
24.423912946628306,35.13405791039468,84.735344,15292799.783706665,0.0221884,-0.019662857,69.21369
24.17028990870767,35.119565206509655,75.23819,15897599.886703491,0.019258564,-0.0287145,75.6045
24.423912946628306,35.13405791039468,84.735344,5788799.732208252,-0.03524736,-0.006095752,71.59486
24.503623143558386,34.916666955294566,80.479385,11923200.463485718,0.026155667,-0.01705902,73.496284
24.152173912100075,34.942029039701325,85.189964,86400.00124722719,-0.017113313,-0.003954347,73.50915
24.134057993885538,35.130434787333385,80.741425,11231999.562263489,0.021972965,-0.007188797,72.09297
24.503623143558386,34.916666955294566,80.479385,6566399.786281586,-0.042601835,-0.005720079,72.5009
24.15942034471344,35.02536261613985,84.04098,12527999.469566345,0.02508948,-0.034765113,69.29828
24.152173912100075,34.942029039701325,85.189964,3887999.996137619,-0.021964703,-0.02806871,71.57082
24.503623143558386,34.916666955294566,80.479385,13910400.175094604,0.022472715,0.0011415835,73.42346
24.268116089179838,35.07971042955572,81.07262,7343999.840354919,-0.037856292,-0.025779441,71.01749
24.235507135886934,35.09782643790763,86.62735,12182399.56741333,0.029142112,-0.034555037,68.667015
24.373188532413735,34.85507217391305,83.68782,1728000.059223175,-0.007403489,0.013499318,71.31495
24.278985653174068,35.159420527680346,80.15937,7862400.2420425415,-0.018353939,-0.016923383,71.46069
24.268116089179838,35.07971042955572,81.07262,15120000.381088257,0.009351363,-0.021312524,73.84554
24.85869584610084,35.31159408476158,76.05999,1209599.9317646027,0.015279308,0.034404006,76.002144
24.358695745580064,35.14492749121842,79.46463,9763200.252342224,0.022970717,-0.0007913299,73.18094
24.275362351941567,35.02173896397893,79.32639,1123200.0247836113,-0.06690323,-0.024829466,69.80907
24.880434869565217,35.11594208344836,73.60822,3974399.971675873,-0.031658377,0.014300858,73.633286
24.351449221508126,35.36231895652174,77.53338,2332799.8879909515,-0.113975525,-0.12202282,71.75463
24.57246390714934,35.13405809180027,82.83649,172800.00249445438,-0.009656571,-0.00023173913,71.453
24.655797039477626,35.09782643790763,82.953125,15120000.381088257,0.02330216,-0.024978522,71.18202
24.282608510179216,35.10869565592019,73.044136,3628800.0695228577,-0.06869224,-0.0367664,72.644394
24.43478251062254,35.050724689208764,81.254395,9071999.899578094,0.0088247135,-0.0007539317,72.3593
24.619565229179578,35.18478278215484,82.255135,12787199.670410156,0.025279023,-0.02222588,72.305275
24.16304339770124,35.14130418675153,77.183464,14687999.680709839,0.03471077,-0.018102076,77.35165
24.731884091961334,34.88405773852335,82.62194,259199.99517202377,0.0013094656,0.012342477,71.88613
24.528985389862203,35.079710263267266,73.800804,15120000.381088257,0.012978697,-0.024178311,74.692856
24.525362323808892,35.01449270273921,80.76379,432000.01480579376,0.011363257,0.020174425,70.93093
24.507246627708035,35.15217355593542,72.15966,17884799.598312378,0.012135768,-0.023507949,72.03038
24.286231733018653,35.16304365074164,82.86601,7171199.889278412,0.02026953,-0.03985573,70.61792
24.202898613755877,35.17753635462667,82.22561,7084800.187969208,-0.023212817,0.0005670637,70.43931
24.423912946628306,35.13405791039468,84.735344,11318400.360488892,0.028982354,-0.022718206,70.4996
24.2137679164399,35.101449394680465,78.1842,2592000.0888347626,-0.023392096,-0.02840991,69.66794
24.800724541980035,35.0326085145684,80.91604,4319999.873828888,-0.02865817,-0.017528296,72.72525
24.586956589458925,35.03623181903528,81.050644,2332799.8879909515,-0.00046017393,-0.02019313,71.31418
24.340579657513896,35.072464168316,77.031204,15811200.185394287,0.0060919784,-0.015780795,76.91741
24.471014503837736,35.137681214861566,84.09494,1987199.9858379364,-0.015476767,-0.017065454,71.2358
24.286231733018653,35.16304365074164,82.86601,14601599.979400635,0.0335721,-0.022568569,71.42385
24.177536001617764,35.01449252133363,77.3516,10540799.757957458,0.028823936,-0.038563374,74.042435
24.623188347494935,34.98550731008629,86.27349,3887999.996137619,-0.024579402,-0.010058392,73.2009
24.264492787947336,35.06521739309379,75.914215,17712000.19569397,0.0026073083,-0.023134444,76.38137
24.728260869121893,35.15579704180788,79.23173,9676799.454116821,0.02224529,-0.006382484,74.70348
24.293478074173446,35.130434424522214,78.52256,4924799.976825714,-0.036980342,-0.019998286,70.71538
24.659420157792983,35.13768139626715,82.9603,14515200.27809143,0.030890476,-0.022932887,71.27368
24.46739112421217,35.10507235145331,77.031204,9158400.149345398,0.0043795183,0.014181971,74.47324
24.608695560661264,35.210145036629335,80.071884,11923200.463485718,0.015312893,-0.009962909,74.82405
24.409420264318722,35.097825908808005,75.01247,4060799.9472141266,-0.038314294,-0.012040388,72.71132
24.3913043591697,35.05434799367564,86.750465,13910400.175094604,0.023293022,-0.010060366,68.9306
24.3985509616347,35.079710263267266,82.39983,13305600.072097778,0.023639344,-0.013905264,71.452576
24.442029139218562,35.043478080275,76.86345,12873600.46863556,0.006088175,-0.024204783,76.33497
24.271739312019278,35.0833337340226,74.97577,4406400.123596191,-0.055738334,-0.008673944,71.98682
24.264492787947336,35.06521739309379,75.914215,16761600.190544128,0.0052499883,-0.020093054,76.43121
24.171296292717127,35.10648163098043,78.049835,7516799.791431427,-0.021841358,-0.027232725,71.6788
24.782608845879178,35.07246365433351,80.82854,16156800.087547302,0.011678692,-0.008361027,74.01676
24.3913043591697,35.05434799367564,86.750465,11145599.860954285,0.030066498,-0.011634212,70.234886
24.141304256647267,35.05072417522627,80.839714,10108800.15449524,-0.002798926,-0.0123532675,71.35066
24.40579730278949,34.98550712868071,82.545616,7343999.840354919,-0.025403429,-0.010455411,71.54907
24.57608686867857,35.22463755910878,78.28966,11318400.360488892,0.015457561,-0.016000401,75.96488
24.134057993885538,35.130434787333385,80.741425,2073599.9613761902,-0.08507204,-0.06239212,69.66994
24.528985389862203,35.079710263267266,73.800804,16675200.489234924,0.0041335747,-0.025748376,74.384026
24.503623143558386,34.916666955294566,80.479385,10195199.855804443,0.009595083,0.003172515,73.46648
24.06159400092239,35.235507653915,77.223785,9849599.953651428,0.051080998,-0.047076177,72.1993
24.659420157792983,35.13768139626715,82.9603,7171199.889278412,-0.012194779,0.014732206,72.62075
24.15942034471344,35.02536261613985,84.04098,16588799.691009521,0.010626029,-0.04254743,70.63628
24.880434869565217,35.11594208344836,73.60822,12441599.768257141,0.034871124,-0.022371624,73.62852
24.242753659958876,34.931159481553294,83.59315,8985600.19826889,0.021314666,0.021247052,70.59388
24.608695560661264,35.210145036629335,80.071884,8208000.144195557,0.0041632317,0.020703338,73.17874
24.264492787947336,35.06521739309379,75.914215,7689599.742507935,-0.014164891,0.021562507,73.02693
24.141304256647267,35.05072417522627,80.839714,18143999.79915619,-0.011235792,-0.024412334,74.161736
24.16304339770124,35.14130418675153,77.183464,4665599.775981903,-0.03449228,-0.046595726,70.30266
24.202898613755877,35.17753635462667,82.22561,7171199.889278412,-0.020501073,0.0017485842,70.444565
24.40579722439643,35.07608730649443,81.130585,9935999.654960632,0.025501698,-0.02114622,72.45452
24.3985509616347,35.079710263267266,82.39983,2678400.0643730164,-0.015971597,0.005556017,70.59922
24.275362351941567,35.02173896397893,79.32639,3887999.996137619,-0.06785679,-0.013804942,70.276276
24.46739112421217,35.10507235145331,77.031204,13132799.572563171,0.017981835,-0.019446567,76.778435
24.528985389862203,35.079710263267266,73.800804,1468799.9954938889,-0.045875665,-0.052790288,72.648796
24.47463793572534,35.15579704180788,74.131996,13305600.072097778,0.023378195,-0.027398545,74.43002
24.340579657513896,35.072464168316,77.031204,9244799.850654602,0.0004986897,0.011464708,74.15345
24.409420342711783,35.02898555779556,73.23672,12009600.164794922,0.018179556,-0.02192685,73.48536
24.351449221508126,35.36231895652174,77.53338,4665599.775981903,-0.04813273,-0.06268744,71.25741
24.46739112421217,35.10507235145331,77.031204,9504000.051498413,0.008850083,0.009296915,74.73421
24.358695745580064,35.14492749121842,79.46463,12873600.46863556,0.023634091,-0.011788167,75.233376
24.3913043591697,35.05434799367564,86.750465,345600.00498890877,-0.032952394,-0.02690509,73.11873
24.521739153231497,35.18115965909355,80.50853,10972800.458335876,0.014259646,-0.007365972,73.62264
24.171296292717127,35.10648163098043,78.049835,7257600.139045715,-0.026460867,-0.02847768,71.51587
24.373188349496587,35.09782609021359,73.044136,14428799.479866028,0.020574609,-0.038038824,73.01044
24.57608686867857,35.22463755910878,78.28966,4406400.123596191,-0.017655086,-0.013969861,71.29776
24.351449221508126,35.36231895652174,77.53338,16934399.593162537,0.027286768,-0.021314964,77.522606
24.32608705359737,35.05434782738719,80.59564,15033599.582862854,0.0102828685,-0.015902948,74.245834
24.358695745580064,35.14492749121842,79.46463,13219200.370788574,0.02288676,-0.011320952,75.453156
24.623188347494935,34.98550731008629,86.27349,13046399.871253967,0.037258368,-0.01455475,69.91272
24.278985653174068,35.159420527680346,80.15937,13391999.773406982,0.024060817,-0.008870352,74.773735
24.626811465810288,35.05797113185407,83.9315,3887999.996137619,-0.023754932,0.0030926522,72.76331
24.481884276880134,35.21376834109622,79.042,7603200.0411987305,-0.010657746,0.011894662,72.55206
24.068840433535758,35.17753635462667,82.62194,16070400.386238098,0.030301008,-0.03505029,72.93904
24.264492787947336,35.06521739309379,75.914215,17884799.598312378,0.00022225082,-0.025649708,76.36198
24.75362311542571,35.148550251468535,82.31272,4233599.898290634,-0.04251462,0.01253541,72.42647
24.579710091518006,35.06884069756067,84.24473,6912000.2368927,-0.022220656,0.008192794,72.29078
24.340579735906957,35.22101461745307,78.71513,6047999.933052063,-0.012331255,-0.019647252,71.17005
24.57608686867857,35.22463755910878,78.28966,10972800.458335876,0.01512422,-0.015236139,75.75757
24.409420342711783,35.02898555779556,73.23672,8812800.247192383,7.7046454e-05,0.0070090014,73.27489
24.503623143558386,34.916666955294566,80.479385,2592000.0888347626,-0.020438816,-0.011867501,71.16063
24.47463793572534,35.15579704180788,74.131996,2332799.8879909515,-0.021971002,-0.028174777,72.31467
24.3913043591697,35.05434799367564,86.750465,3023999.9665260315,-0.032461043,-0.028458755,72.24647
24.62318819070881,35.09782625650204,81.14894,777599.9855160713,0.004179869,0.010106891,71.1757
24.43478277193275,35.06521686399416,78.38795,18316800.298690796,-0.009966362,-0.01375531,76.33896
24.49275373635028,34.95652190987481,78.13308,11577599.464416504,0.006039154,-0.013910748,75.375336
24.51086948471318,35.141304337922854,75.965324,13564800.27294159,0.019897548,-0.021673396,76.65183
24.659420157792983,35.13768139626715,82.9603,11231999.562263489,0.02149197,-0.017354999,72.28597
24.43478277193275,35.06521686399416,78.38795,5097599.927902222,-0.029809084,-0.0121983215,71.200096
24.242753659958876,34.931159481553294,83.59315,15811200.185394287,0.011000931,-0.035686944,69.669
24.800724541980035,35.0326085145684,80.91604,7603200.0411987305,-0.00068834797,0.011822676,73.89891
24.202898613755877,35.17753635462667,82.22561,15206400.082397461,0.022389654,-0.024225742,72.76875
24.171296292717127,35.10648163098043,78.049835,5097599.927902222,-0.052527424,-0.023843791,70.25073
24.822463669968496,35.11956556932083,79.471794,8467199.796581268,0.017972657,0.006410906,74.35532
24.3913043591697,35.05434799367564,86.750465,7343999.840354919,-0.005465593,0.024342623,71.7956
24.409420264318722,35.137681214861566,85.684586,9676799.454116821,0.0252687,-0.013909444,71.14611
24.57246390714934,35.13405809180027,82.83649,4838399.727058411,-0.02144102,-0.006129291,72.01753
24.53985505838052,35.14492730981283,78.72631,14169600.375938416,0.021580307,-0.028303739,76.37063
24.521739153231497,35.18115965909355,80.50853,11059200.15964508,0.014357435,-0.008592214,73.657074
24.141304256647267,35.05072417522627,80.839714,2678400.0643730164,-0.08230503,-0.02630347,69.36349
24.2137679164399,35.101449394680465,78.1842,12614400.267791748,0.020958913,-0.026097246,75.72974
24.60144921950647,34.9456523441682,85.40489,6912000.2368927,-0.021375362,0.011327207,72.11627
24.17028990870767,35.119565206509655,75.23819,10972800.458335876,0.035211466,-0.014973756,74.221535
24.242753659958876,34.931159481553294,83.59315,5270399.878978729,-0.020192549,0.0034857262,70.96088
24.373188349496587,35.09782609021359,73.044136,16156800.087547302,0.013868708,-0.029694363,72.75071
24.06159400092239,35.235507653915,77.223785,18403200.0,0.0102314465,-0.052534092,76.64673
24.365941903817713,35.11594190204278,77.940506,12009600.164794922,0.016776552,-0.013604689,75.73831
24.800724541980035,35.0326085145684,80.91604,2764800.03991127,-0.017858088,-0.017066367,72.379425
24.503623143558386,34.916666955294566,80.479385,16416000.288391113,0.0015627518,-0.011105061,72.84956
24.068840433535758,35.17753635462667,82.62194,13996799.876403809,0.039879918,-0.02517749,71.77628
24.32608705359737,35.05434782738719,80.59564,604799.9658823013,-0.03150369,-0.02626526,69.89942
24.626811465810288,35.05797113185407,83.9315,14256000.07724762,0.029677473,-0.0098025985,70.50135
24.40579730278949,34.98550712868071,82.545616,15120000.381088257,0.001146093,-0.032352164,70.50202
24.641304357168043,34.938405387540406,81.3883,14256000.07724762,0.02476342,-0.029378176,72.78256
24.16304339770124,35.14130418675153,77.183464,3110399.9420642853,-0.046137635,-0.047285978,69.412834
24.282608510179216,35.10869565592019,73.044136,15120000.381088257,0.026513476,-0.016574789,72.258934
24.60144921950647,34.9456523441682,85.40489,15551999.984550476,0.024353836,-0.029883243,69.10769
24.880434869565217,35.11594208344836,73.60822,15206400.082397461,0.029111229,-0.019022547,73.54803
24.409420185925658,35.126811301460926,78.58091,6047999.933052063,-0.014240779,-0.015026379,71.64062
24.49275373635028,34.95652190987481,78.13308,8553600.046348572,-0.019470688,0.011549499,74.09818
24.32608705359737,35.05434782738719,80.59564,13737599.675559998,0.019096058,-0.014530994,73.96641
24.471014503837736,35.137681214861566,84.09494,17625600.494384766,0.0001667738,-0.020292953,69.27419
24.275362351941567,35.02173896397893,79.32639,2419199.8635292053,-0.067998946,-0.016944904,69.99413
24.576087129988778,34.96376817111452,80.53768,14601599.979400635,0.028557247,-0.01147918,73.483765
24.40579722439643,35.07608730649443,81.130585,3456000.11844635,-0.013901807,-0.0034896433,70.62286
24.373188532413735,34.85507217391305,83.68782,864000.0296115875,0.011193147,0.022758894,71.585884
24.242753659958876,34.931159481553294,83.59315,5443199.830055237,-0.018857624,0.005659567,70.94235
24.55072462237475,35.07608730649443,88.70044,7257600.139045715,0.013559667,-0.020267703,72.7797
24.003623304347823,35.192029209683014,80.788605,8380800.095272064,0.031371307,0.00089778006,69.832855
24.528985389862203,35.079710263267266,73.800804,15033599.582862854,0.013672505,-0.02362167,74.7033
24.55072462237475,35.07608730649443,88.70044,6566399.786281586,0.011911852,-0.01986847,72.56226
24.576087129988778,34.96376817111452,80.53768,11577599.464416504,0.0297166,-0.021132253,73.8689
24.46739112421217,35.10507235145331,77.031204,14342399.778556824,0.016993402,-0.018785853,77.01939
24.677536062942007,35.07971042955572,84.775665,7516799.791431427,0.01708205,-0.018631548,72.66557
24.409420264318722,35.097825908808005,75.01247,17020800.39138794,0.0068419427,-0.016787011,75.119286
24.43478251062254,35.050724689208764,81.254395,10195199.855804443,0.018712476,-0.019391198,72.57116
24.46739112421217,35.10507235145331,77.031204,14256000.07724762,0.017224763,-0.018441834,77.0097
24.373188349496587,35.09782609021359,73.044136,16070400.386238098,0.014308631,-0.02951479,72.75931
24.43478251062254,35.050724689208764,81.254395,3974399.971675873,-0.016038612,-0.013970681,71.00727
24.373188349496587,35.09782609021359,73.044136,1209599.9317646027,-0.049066033,0.0013706423,73.03934
24.880434869565217,35.11594208344836,73.60822,7171199.889278412,-0.014812604,0.024112374,73.55359
24.55434784521419,35.039855304907746,78.730316,16847999.891853333,0.0065041743,-0.03178207,75.678345
24.75362311542571,35.148550251468535,82.31272,7257600.139045715,-0.022728413,0.013387039,73.188484
24.51086948471318,35.141304337922854,75.965324,13910400.175094604,0.019882582,-0.023357581,76.66426
24.003623304347823,35.192029209683014,80.788605,6480000.084972382,-0.05623297,-0.018238582,69.699165
24.85869584610084,35.31159408476158,76.05999,2073599.9613761902,0.0065966286,0.03456373,76.06072
24.514492864338745,35.152173737341,77.98083,4406400.123596191,-0.028661992,-0.007704526,71.44806
24.57246390714934,35.13405809180027,82.83649,6998399.938201904,-0.018512841,0.0049735084,72.206535
24.55072462237475,35.07608730649443,88.70044,17539199.696159363,0.020902295,-0.051748138,71.44382
24.171296292717127,35.10648163098043,78.049835,4406400.123596191,-0.056042407,-0.019871153,69.923775
24.46739112421217,35.10507235145331,77.031204,12441599.768257141,0.018260153,-0.02027947,76.53745
24.369565205050215,35.10507235145331,81.59638,6134400.182819366,-0.03297435,-0.014207039,71.18249
24.003623304347823,35.192029209683014,80.788605,3715200.0450611115,-0.07980193,-0.0846376,71.04056
24.53985505838052,35.14492730981283,78.72631,259199.99517202377,0.01668537,0.005427573,70.52117
24.608695560661264,35.210145036629335,80.071884,8121599.894428253,0.0034414083,0.02114483,73.14862
24.202898613755877,35.17753635462667,82.22561,11577599.464416504,0.032008804,-0.021238424,71.03465
24.293478074173446,35.130434424522214,78.52256,17798399.897003174,0.005949352,-0.016093154,77.05381
24.572463802625258,35.028985391507106,77.31845,14774400.478935242,0.014365492,-0.010629203,76.70085
24.655797039477626,35.09782643790763,82.953125,12700799.969100952,0.021644816,-0.023077507,71.89348
24.49275373635028,35.04710138474188,79.64641,8467199.796581268,-0.002212312,0.007413335,73.19255
24.264492787947336,35.06521739309379,75.914215,5788799.732208252,-0.028879572,0.011344159,72.04089
24.16304339770124,35.14130418675153,77.183464,5270399.878978729,-0.024987016,-0.043074045,70.754395
24.572463802625258,35.028985391507106,77.31845,13219200.370788574,0.02001056,-0.014317811,76.72014
24.47463793572534,35.15579704180788,74.131996,10799999.95880127,0.022157844,-0.02714469,74.65691
24.141304256647267,35.05072417522627,80.839714,10799999.95880127,0.005746655,-0.012301508,71.73479
24.242753659958876,34.931159481553294,83.59315,14342399.778556824,0.030487802,-0.020864252,69.22774
24.068840433535758,35.17753635462667,82.62194,7862400.2420425415,0.018037423,-0.06231277,69.61072
24.275362351941567,35.02173896397893,79.32639,11059200.15964508,0.024559082,-0.020296026,73.74297
24.235507135886934,35.09782643790763,86.62735,777599.9855160713,0.0066514313,0.030747132,71.53964
24.52536253285706,35.05797113185407,79.99595,864000.0296115875,0.0025716238,0.003951758,70.60644
24.423912946628306,35.13405791039468,84.735344,14083199.577713013,0.02812814,-0.014405508,69.4449
24.264492787947336,35.06521739309379,75.914215,2592000.0888347626,-0.026539516,-0.019357704,70.96045
24.171296292717127,35.10648163098043,78.049835,11923200.463485718,0.023647401,-0.026801355,75.01636
24.235507135886934,35.09782643790763,86.62735,2937599.9909877777,-0.008770831,0.019512419,71.60288
24.731883987437246,34.999999998854186,80.17734,10281599.557113647,0.016952267,-0.024428688,74.739105
24.586956589458925,35.03623181903528,81.050644,5443199.830055237,-0.01564208,-0.01628922,72.140205
24.171296292717127,35.10648163098043,78.049835,2246400.0495672226,-0.05551668,-0.008978695,69.55306
24.51086948471318,35.141304337922854,75.965324,13651199.974250793,0.019912688,-0.022079427,76.65671
24.409420185925658,35.126811301460926,78.58091,5011200.226593018,-0.022874672,-0.015188716,71.11069
24.47463793572534,35.15579704180788,74.131996,11836799.665260315,0.02008688,-0.030629423,74.65875
24.72463775080654,35.097825908808005,83.506035,1123200.0247836113,0.0047728904,-0.0031832494,72.676704
24.655797039477626,35.09782643790763,82.953125,7603200.0411987305,-0.0028189085,-0.016347472,72.757996
24.409420264318722,35.137681214861566,85.684586,3110399.9420642853,-0.044898864,-0.011427052,71.26356
24.409420264318722,35.137681214861566,85.684586,12960000.169944763,0.033178575,-0.009335395,69.66979
24.800724541980035,35.0326085145684,80.91604,11577599.464416504,0.026034169,-0.0036224425,74.56161
24.068840433535758,35.050724689208764,75.1399,2592000.0888347626,-0.073832795,-0.014949091,71.381805
24.06159400092239,35.235507653915,77.223785,1900800.0102996826,-0.09859589,-0.0755668,69.986404
24.800724541980035,35.0326085145684,80.91604,4060799.9472141266,-0.027858134,-0.017541647,72.65593
24.626811465810288,35.05797113185407,83.9315,9763200.252342224,0.009065712,-0.008571755,72.24926
24.293478074173446,35.130434424522214,78.52256,8899199.948501587,0.00094398484,0.0059456676,72.928215
24.278985574781007,35.18478260074926,85.36457,17539199.696159363,0.0045456253,-0.031106807,70.022575
24.57246390714934,35.13405809180027,82.83649,10108800.15449524,0.027996995,-0.015755523,72.24295
24.278985574781007,35.18478260074926,85.36457,11318400.360488892,0.0439681,-0.025809295,69.92803
24.068840433535758,35.17753635462667,82.62194,5011200.226593018,-0.049093124,-0.068432525,70.61701
24.16304339770124,35.14130418675153,77.183464,13737599.675559998,0.039973587,-0.014689479,76.87043
24.409420185925658,35.126811301460926,78.58091,4665599.775981903,-0.024699751,-0.015203569,70.930916
24.47463793572534,35.15579704180788,74.131996,8812800.247192383,0.016265849,-0.015978381,74.10849
24.655797039477626,35.09782643790763,82.953125,14687999.680709839,0.023590498,-0.023200616,71.3159
24.068840433535758,35.050724689208764,75.1399,9071999.899578094,-0.0076533854,-0.03517698,72.53141
24.003623304347823,35.192029209683014,80.788605,18403200.0,0.0034876205,-0.027076509,75.1894
24.525362323808892,35.01449270273921,80.76379,7084800.187969208,-0.023016863,0.004052894,72.54334
24.35507260113369,35.04710138474188,76.478294,1814400.0347614288,-0.009314921,-0.011373259,71.002815
24.068840433535758,35.17753635462667,82.62194,2073599.9613761902,-0.04736418,-0.057672035,71.75909
24.278985653174068,35.159420527680346,80.15937,2332799.8879909515,-0.069234,-0.034896698,69.39554
24.202898613755877,35.17753635462667,82.22561,15033599.582862854,0.024264412,-0.023454212,72.709305
24.271739312019278,35.0833337340226,74.97577,5961600.231742859,-0.04328688,-0.009531569,72.58345
24.24275355543479,35.275361916886446,83.709785,1987199.9858379364,-0.09765747,-0.11330818,72.57451
24.264492787947336,35.06521739309379,75.914215,7257600.139045715,-0.019757692,0.021499146,72.8041
24.62318819070881,35.09782625650204,81.14894,5356800.128746033,-0.021779962,-0.00085179135,72.15664
24.55434784521419,35.039855304907746,78.730316,3369599.8686790466,-0.0153503865,-0.015567232,71.26599
24.3985509616347,35.079710263267266,82.39983,10454400.056648254,0.024988728,-0.031488698,71.62356
24.586956589458925,35.03623181903528,81.050644,6652800.036048889,-0.008767456,-0.0054688156,72.55182
24.286231733018653,35.16304365074164,82.86601,3369599.8686790466,-0.011179216,-0.035574343,70.381134
24.33695651306752,35.26449269887389,75.24537,2246400.0495672226,-0.09253472,-0.058731463,70.55954
24.409420264318722,35.097825908808005,75.01247,10454400.056648254,0.016461646,-0.010038465,74.98991
24.507246627708035,35.15217355593542,72.15966,13824000.4737854,0.023758274,-0.0045033433,72.21593
24.528985389862203,35.079710263267266,73.800804,9158400.149345398,0.009655584,-0.014147602,74.32151
24.481884276880134,35.21376834109622,79.042,8208000.144195557,-0.0023499355,0.013082756,72.89678
24.55072462237475,35.07608730649443,88.70044,1123200.0247836113,0.016931478,-0.014723424,71.87148
24.32608705359737,35.05434782738719,80.59564,8726399.99742508,0.006569855,-0.025459979,72.02295
24.15942034471344,35.02536261613985,84.04098,15033599.582862854,0.023663238,-0.037877772,69.61198
24.62318819070881,35.09782625650204,81.14894,17366400.293540955,0.0185902,-0.031308584,73.020836
24.340579735906957,35.22101461745307,78.71513,11145599.860954285,0.026014322,-0.020934995,74.58817
24.423912946628306,35.13405791039468,84.735344,9849599.953651428,0.03046823,-0.020510219,71.16384
24.423912946628306,35.16304383214723,83.815254,2332799.8879909515,-0.039734993,-0.018705681,71.050095
24.423912946628306,35.13405791039468,84.735344,9590399.752807617,0.028607972,-0.019141495,71.260956
24.278985574781007,35.18478260074926,85.36457,3456000.11844635,-0.089046136,-0.021322388,71.057785
24.365941903817713,35.11594190204278,77.940506,2246400.0495672226,-0.03238747,-0.012458425,69.94574
24.40579730278949,34.98550712868071,82.545616,17107200.092697144,-0.004957203,-0.036669906,70.616936
24.46739112421217,35.10507235145331,77.031204,17452799.99485016,0.013508473,-0.028894175,76.83537
24.507246418659868,35.018115659512056,74.98295,6393599.835205078,-0.0123899765,0.013787102,73.949135
24.47463793572534,35.15579704180788,74.131996,15120000.381088257,0.027213853,-0.022132032,74.1519
24.40217392316393,35.07246365433351,77.73675,2937599.9909877777,-0.02027357,-0.020000424,70.705315
24.423912946628306,35.16304383214723,83.815254,13391999.773406982,0.030541401,-0.01751946,70.2708
24.141304256647267,35.05072417522627,80.839714,6912000.2368927,-0.07621594,0.0029051695,70.228325
24.3985509616347,35.079710263267266,82.39983,86400.00124722719,0.0105998665,-0.015795749,70.80485
24.521739153231497,35.18115965909355,80.50853,4492800.099134445,-0.015961502,-0.01578338,70.95719
24.268116089179838,35.07971042955572,81.07262,18403200.0,0.0059718974,-0.027885165,73.56742
24.423912946628306,35.13405791039468,84.735344,15983999.588012695,0.016826136,-0.023784496,69.12251
24.282608510179216,35.10869565592019,73.044136,10540799.757957458,0.008177804,-0.0110146515,72.95932
24.576087129988778,34.96376817111452,80.53768,11059200.15964508,0.02892847,-0.021460507,73.84792
24.068840433535758,35.17753635462667,82.62194,16156800.087547302,0.029751528,-0.03533302,72.9647
24.528985389862203,35.079710263267266,73.800804,14860800.180244446,0.014907027,-0.022719938,74.720985
24.85869584610084,35.31159408476158,76.05999,3715200.0450611115,-0.027001094,0.03609946,75.97968
24.235507135886934,35.09782643790763,86.62735,10713600.257492065,0.025583621,-0.033435088,69.294235
24.677536062942007,35.07971042955572,84.775665,14083199.577713013,0.021507706,-0.023547735,70.20393
24.40579722439643,35.07608730649443,81.130585,18316800.298690796,0.0039622,-0.020687591,73.06967
24.51086948471318,35.141304337922854,75.965324,7084800.187969208,-0.018805057,0.023021331,73.59623
24.351449221508126,35.36231895652174,77.53338,432000.01480579376,-0.14295581,-0.14143318,72.29569
24.46739112421217,35.10507235145331,77.031204,6912000.2368927,-0.015218977,-0.0042303577,72.998726
24.576087129988778,34.96376817111452,80.53768,6912000.2368927,-0.025672566,-0.0048620403,72.67749
24.572463802625258,35.028985391507106,77.31845,17971200.39653778,-0.010501064,-0.016968139,76.03147
24.40579722439643,35.07608730649443,81.130585,13996799.876403809,0.023531212,-0.01525509,73.09189
24.32608705359737,35.05434782738719,80.59564,3715200.0450611115,-0.024743441,-0.020163309,70.50238
24.409420342711783,35.02898555779556,73.23672,6566399.786281586,-0.025268462,0.01420361,73.544266
24.33695651306752,35.26449269887389,75.24537,9244799.850654602,0.032981515,-0.044386756,73.9097
24.47463793572534,35.15579704180788,74.131996,13478399.474716187,0.024125617,-0.026740547,74.40117
24.57246390714934,35.13405809180027,82.83649,4233599.898290634,-0.020059958,-0.007564407,71.90734
24.351449221508126,35.36231895652174,77.53338,3542400.093984604,-0.08298841,-0.0933826,71.36131
24.003623304347823,35.192029209683014,80.788605,86400.00124722719,-0.09161717,-0.082374364,70.48563
24.800724541980035,35.0326085145684,80.91604,15638399.68585968,0.022838201,-0.004717931,74.20005
24.24275355543479,35.275361916886446,83.709785,6652800.036048889,-0.01187747,-0.03181691,70.53467
24.365941903817713,35.11594190204278,77.940506,8208000.144195557,-0.021890085,-0.0065586567,73.01162
24.40579722439643,35.07608730649443,81.130585,5788799.732208252,-0.008347128,-0.0051407553,71.33825
24.521739153231497,35.18115965909355,80.50853,10886399.660110474,0.014162857,-0.006052982,73.587456
24.275362351941567,35.02173896397893,79.32639,2937599.9909877777,-0.068690956,-0.014335107,70.10817
24.336956356281394,35.12681217825459,78.56935,12614400.267791748,0.017550161,-0.0128716305,75.737404
24.40579722439643,35.07608730649443,81.130585,16070400.386238098,0.009985488,-0.01852762,72.996086
24.409420342711783,35.02898555779556,73.23672,17884799.598312378,-0.004102595,-0.022582468,73.19621
24.518115930392057,35.170290078269815,76.7112,12095999.866104126,0.012496131,-0.028556146,76.63241
24.141304256647267,35.05072417522627,80.839714,2419199.8635292053,-0.08129348,-0.027070455,69.34151
24.282608510179216,35.10869565592019,73.044136,10886399.660110474,0.011631984,-0.016812589,72.93477
24.134057993885538,35.130434787333385,80.741425,9331199.551963806,0.025572978,0.012060387,71.155525
24.282608510179216,35.10869565592019,73.044136,16761600.190544128,0.015622323,-0.025484782,72.33881
24.369565205050215,35.10507235145331,81.59638,4665599.775981903,-0.036023583,-0.010023136,70.73132
24.35507260113369,35.04710138474188,76.478294,864000.0296115875,0.014932333,-0.009149343,70.85831
24.409420264318722,35.137681214861566,85.684586,5615999.781131744,-0.038026366,0.01228483,71.62288
24.572463802625258,35.028985391507106,77.31845,15120000.381088257,0.0117151905,-0.013076343,76.65267
24.24275355543479,35.275361916886446,83.709785,2851200.015449524,-0.09460172,-0.1015961,72.43917
24.409420342711783,35.02898555779556,73.23672,4579200.074672699,-0.02888104,0.0038764179,73.46752
24.40217392316393,35.07246365433351,77.73675,8467199.796581268,-0.0027880222,0.011449514,73.51563
24.177536001617764,35.01449252133363,77.3516,9935999.654960632,0.024953403,-0.037017133,73.64281
24.60144921950647,34.9456523441682,85.40489,13478399.474716187,0.03162307,-0.018151317,69.57417
24.369565205050215,35.10507235145331,81.59638,8639999.747657776,0.018484676,-0.014674183,71.72056
24.576087129988778,34.96376817111452,80.53768,10799999.95880127,0.028241241,-0.02164372,73.830696
24.171296292717127,35.10648163098043,78.049835,15724800.484085083,0.011160443,-0.02661635,77.71721
24.33695651306752,35.26449269887389,75.24537,11836799.665260315,0.024603091,-0.044153836,74.962135
24.43478277193275,35.06521686399416,78.38795,2937599.9909877777,-0.02801967,-0.017560925,70.691986
24.641304357168043,34.938405387540406,81.3883,12527999.469566345,0.024748527,-0.034053084,73.24188
24.278985574781007,35.18478260074926,85.36457,1123200.0247836113,-0.07975419,-0.03352358,70.376045
24.33695651306752,35.26449269887389,75.24537,10799999.95880127,0.026749194,-0.046752583,74.671745
24.659420157792983,35.13768139626715,82.9603,10368000.35533905,0.019441688,-0.01649987,72.488884
24.202898613755877,35.17753635462667,82.22561,11318400.360488892,0.030879198,-0.021604277,70.9203
24.3985509616347,35.079710263267266,82.39983,17452799.99485016,0.0158151,-0.013486829,71.22808
24.3985509616347,35.079710263267266,82.39983,7862400.2420425415,0.025330141,-0.0031603426,71.56982
24.51086948471318,35.141304337922854,75.965324,9590399.752807617,0.0112120975,0.004905546,75.08091
24.525362323808892,35.01449270273921,80.76379,1900800.0102996826,-0.007429108,0.0028997622,70.95488
24.5036234048686,34.94565269942081,84.86278,8467199.796581268,-0.0026256628,0.00055669993,71.37555
24.373188532413735,34.85507217391305,83.68782,5011200.226593018,-0.020949434,-0.015645731,71.83035
24.507246627708035,35.15217355593542,72.15966,10281599.557113647,0.028713102,-0.01061774,72.58598
24.16304339770124,35.14130418675153,77.183464,9849599.953651428,0.040383417,-0.017195746,73.49706
24.822463669968496,35.11956556932083,79.471794,13478399.474716187,0.025577303,-0.018572506,75.924446
24.608695560661264,35.210145036629335,80.071884,9676799.454116821,0.013708197,0.00624503,73.76204
24.5036234048686,34.94565269942081,84.86278,2159999.936914444,0.004733,-0.010441847,72.64268
24.3913043591697,35.05434799367564,86.750465,13996799.876403809,0.022874866,-0.010715056,68.90063
24.608695560661264,35.210145036629335,80.071884,16070400.386238098,0.011597119,-0.01789968,75.128876
24.503623143558386,34.916666955294566,80.479385,18403200.0,-0.008058481,0.007411767,72.909836
24.731883987437246,34.999999998854186,80.17734,13132799.572563171,0.017076353,-0.019239891,74.99177
24.423912946628306,35.16304383214723,83.815254,6566399.786281586,0.01619052,-0.02191946,71.691154
24.57246390714934,35.13405809180027,82.83649,6480000.084972382,-0.02219088,0.0012256615,72.17559
24.572463802625258,35.028985391507106,77.31845,14947199.88155365,0.013078617,-0.011759125,76.678345
24.800724541980035,35.0326085145684,80.91604,12182399.56741333,0.024836564,0.00040761754,74.526634
24.15217408195171,35.09782609021359,90.079155,15379199.48501587,0.035589285,-0.03740086,71.52979
24.57608686867857,35.22463755910878,78.28966,2073599.9613761902,-0.010059681,-0.01348098,70.51259
24.32608705359737,35.05434782738719,80.59564,11059200.15964508,0.021873923,-0.02610134,72.88551
24.271739312019278,35.0833337340226,74.97577,2764800.03991127,-0.057396222,-0.0048301853,71.54476
24.340579657513896,35.072464168316,77.031204,8639999.747657776,-0.010686927,0.016536873,73.71369
24.423912946628306,35.13405791039468,84.735344,17279999.49531555,0.006889321,-0.026484303,68.922844
24.731884091961334,34.88405773852335,82.62194,7430400.090122223,-0.008321833,0.015132725,73.27732
24.608695560661264,35.210145036629335,80.071884,2332799.8879909515,-0.047862437,-0.0019275844,70.91753
24.782608845879178,35.07246365433351,80.82854,1728000.059223175,-0.0077691153,-0.009091146,72.25329
24.068840433535758,35.17753635462667,82.62194,4579200.074672699,-0.05316401,-0.06746864,70.85825
24.75362311542571,35.148550251468535,82.31272,11231999.562263489,0.008621559,-0.023888253,73.12656
24.49275373635028,34.95652190987481,78.13308,15206400.082397461,0.0061829016,0.0012585968,75.8508
24.49275373635028,35.04710138474188,79.64641,13737599.675559998,0.0128621925,-0.018882573,74.89167
24.62318819070881,35.09782625650204,81.14894,10022400.453186035,0.013019366,-0.014028735,73.4294
24.57608686867857,35.22463755910878,78.28966,15638399.68585968,0.012581859,-0.0208426,77.232605
24.677536062942007,35.07971042955572,84.775665,16329599.49016571,0.013305413,-0.03316969,69.20575
24.507246418659868,35.018115659512056,74.98295,9504000.051498413,0.018805003,-0.004386671,74.95045
24.507246418659868,35.018115659512056,74.98295,13391999.773406982,0.021758735,-0.012380667,75.90521
24.15217408195171,35.09782609021359,90.079155,17107200.092697144,0.0202921,-0.051183637,72.83746
24.880434869565217,35.11594208344836,73.60822,9071999.899578094,0.013522897,0.0070780665,73.525314
24.373188349496587,35.09782609021359,73.044136,14515200.27809143,0.020075181,-0.038021658,72.99785
24.655797039477626,35.09782643790763,82.953125,11318400.360488892,0.019520896,-0.02278871,72.23425
24.340579657513896,35.072464168316,77.031204,13824000.4737854,0.017207352,-0.0038549379,76.62664
24.177536001617764,35.01449252133363,77.3516,16156800.087547302,0.010688886,-0.041188214,77.5811
24.336956356281394,35.12681217825459,78.56935,6480000.084972382,-0.030609395,0.00033978745,71.61624
24.507246418659868,35.018115659512056,74.98295,8467199.796581268,0.010194464,0.01079727,74.51417
24.507246627708035,35.15217355593542,72.15966,6134400.182819366,-0.036480326,0.016944729,73.09333
24.619565229179578,35.18478278215484,82.255135,9763200.252342224,0.02738556,-0.017356467,72.613556
24.268116089179838,35.07971042955572,81.07262,6480000.084972382,-0.044558402,-0.025779076,70.80648
24.55434784521419,35.039855304907746,78.730316,10195199.855804443,0.030108644,-0.02274312,74.88874
24.619565229179578,35.18478278215484,82.255135,3542400.093984604,-0.024888206,0.0028941855,71.62708
24.177536001617764,35.01449252133363,77.3516,15120000.381088257,0.025740566,-0.03308321,77.40156
24.373188532413735,34.85507217391305,83.68782,18316800.298690796,0.007532118,-0.054927092,70.062225
24.576087129988778,34.96376817111452,80.53768,8035200.193119049,-0.005474888,-0.013191976,73.15484
24.728260869121893,35.15579704180788,79.23173,5270399.878978729,-0.017565489,0.0060374066,72.333786
24.141304256647267,35.05072417522627,80.839714,15120000.381088257,0.00664689,-0.01779591,74.660545
24.47463793572534,35.15579704180788,74.131996,12873600.46863556,0.021591986,-0.029030476,74.50381
24.271739312019278,35.0833337340226,74.97577,5702400.030899048,-0.04575335,-0.010233931,72.48233
24.278985574781007,35.18478260074926,85.36457,13824000.4737854,0.040532462,-0.024427611,69.932396
24.62318819070881,35.09782625650204,81.14894,6998399.938201904,-0.017869107,0.0062377006,72.741554
24.068840433535758,35.17753635462667,82.62194,604799.9658823013,-0.07864131,-0.029258408,71.53985
24.57246390714934,35.13405809180027,82.83649,2246400.0495672226,-0.014172543,-0.016474765,71.54961
24.655797039477626,35.09782643790763,82.953125,6652800.036048889,-0.012164488,-0.010138929,72.66029
24.141304256647267,35.05072417522627,80.839714,16847999.891853333,-0.00473278,-0.024196588,74.52324
24.62318819070881,35.09782625650204,81.14894,12355200.066947937,0.020213556,-0.019328836,73.553314
24.72463775080654,35.097825908808005,83.506035,10713600.257492065,0.0124444105,-0.026685119,72.433685
24.623188347494935,34.98550731008629,86.27349,13996799.876403809,0.03663148,-0.019606356,69.39324
24.731884091961334,34.88405773852335,82.62194,4665599.775981903,-0.018687136,-0.001966156,72.81142
24.16304339770124,35.14130418675153,77.183464,2937599.9909877777,-0.047076654,-0.046973813,69.3442
24.32608705359737,35.05434782738719,80.59564,5961600.231742859,-0.015923046,-0.028627373,71.07395
24.659420157792983,35.13768139626715,82.9603,3023999.9665260315,-0.0226029,0.010596558,72.26049
24.409420342711783,35.02898555779556,73.23672,13824000.4737854,0.01949933,-0.011498485,73.44416
24.3913043591697,35.05434799367564,86.750465,7257600.139045715,-0.0067172237,0.023814898,71.82333
24.46739112421217,35.10507235145331,77.031204,16329599.49016571,0.010657376,-0.030802812,77.00573
24.423912946628306,35.13405791039468,84.735344,0.0,-0.025964279,0.01689351,71.25845
24.60144921950647,34.9456523441682,85.40489,2332799.8879909515,-0.008140035,0.010631321,73.502625
24.576087129988778,34.96376817111452,80.53768,4752000.025749207,-0.03037947,0.0002749134,71.92843
24.782608845879178,35.07246365433351,80.82854,15811200.185394287,0.014332771,-0.012642447,74.07727
24.2137679164399,35.101449394680465,78.1842,13305600.072097778,0.022819739,-0.02656103,76.34364
24.351449221508126,35.36231895652174,77.53338,12009600.164794922,0.035288107,-0.013538368,75.932144
24.409420342711783,35.02898555779556,73.23672,10022400.453186035,0.01701119,-0.008458886,73.39571
24.15942034471344,35.02536261613985,84.04098,5443199.830055237,-0.032690216,-0.024660487,70.270386
24.3985509616347,35.079710263267266,82.39983,15811200.185394287,0.014061652,-0.015201379,71.11675
24.481884276880134,35.21376834109622,79.042,13391999.773406982,0.018935254,-0.009508368,76.20552
24.49275373635028,35.04710138474188,79.64641,11145599.860954285,0.019352648,-0.017735805,74.323586
24.626811465810288,35.05797113185407,83.9315,17798399.897003174,0.019653788,-0.014340125,69.59802
24.576087129988778,34.96376817111452,80.53768,5184000.177669525,-0.032964785,6.0113147e-05,72.05281
24.351449221508126,35.36231895652174,77.53338,6134400.182819366,0.0062726773,-0.02266911,71.63519
24.2137679164399,35.101449394680465,78.1842,7084800.187969208,-0.026238855,-0.021212589,71.49756
24.275362351941567,35.02173896397893,79.32639,5184000.177669525,-0.061919596,-0.022401482,70.48583
24.782608845879178,35.07246365433351,80.82854,8553600.046348572,0.0055416673,0.0008502919,74.12659
24.85869584610084,35.31159408476158,76.05999,10540799.757957458,0.018213844,-0.015118942,75.69007
24.579710091518006,35.06884069756067,84.24473,15638399.68585968,0.006257087,-0.01322455,69.55267
24.525362323808892,35.01449270273921,80.76379,11059200.15964508,0.028073031,-0.02097378,73.362305
24.62318819070881,35.09782625650204,81.14894,16934399.593162537,0.018526308,-0.030759897,73.03057
24.619565229179578,35.18478278215484,82.255135,14342399.778556824,0.024183251,-0.025895339,71.98575
24.271739312019278,35.0833337340226,74.97577,13564800.27294159,0.026991427,-0.010358829,74.984825
24.373188532413735,34.85507217391305,83.68782,14256000.07724762,0.020479402,-0.049351174,70.638916
24.782608845879178,35.07246365433351,80.82854,11750399.96395111,0.02471418,-0.015994374,74.49018
24.40217392316393,35.07246365433351,77.73675,5529600.07982254,-0.028999846,-0.015669134,71.597145
24.202898613755877,35.17753635462667,82.22561,864000.0296115875,-0.041951206,-0.04661398,70.26956
24.32608705359737,35.05434782738719,80.59564,5529600.07982254,-0.019192569,-0.025351685,70.95954
24.576087129988778,34.96376817111452,80.53768,14687999.680709839,0.028149977,-0.01167886,73.45714
24.49275373635028,34.95652190987481,78.13308,11491199.7631073,0.0051256716,-0.014341876,75.34342
24.068840433535758,35.17753635462667,82.62194,14947199.88155365,0.03760887,-0.029333606,72.45459
24.24275355543479,35.275361916886446,83.709785,16502399.989700317,0.027517274,-0.0408885,71.45329
24.5036234048686,34.94565269942081,84.86278,8121599.894428253,-0.0075499155,-0.0024424382,71.46421
24.373188349496587,35.09782609021359,73.044136,13132799.572563171,0.02529103,-0.032940265,73.11084
24.503623143558386,34.916666955294566,80.479385,4406400.123596191,-0.037220273,-0.017580543,71.72687
24.53985505838052,35.14492730981283,78.72631,18230399.500465393,0.01809559,-0.028172605,76.08141
24.626811465810288,35.05797113185407,83.9315,11404800.061798096,0.020478467,-0.018487327,71.53797
24.35507260113369,35.04710138474188,76.478294,17366400.293540955,0.007061459,-0.008815184,76.36493
24.242753659958876,34.931159481553294,83.59315,3542400.093984604,-0.022966608,-0.009988852,71.20257
24.503623143558386,34.916666955294566,80.479385,10022400.453186035,0.0058317035,0.0060842056,73.44922
24.3913043591697,35.05434799367564,86.750465,12873600.46863556,0.02677397,-0.0072278716,69.36493
24.47463793572534,35.15579704180788,74.131996,13564800.27294159,0.024489129,-0.026419241,74.38693
24.528985389862203,35.079710263267266,73.800804,3628800.0695228577,-0.04527228,-0.025089387,73.11144
24.293478074173446,35.130434424522214,78.52256,8121599.894428253,-0.015185576,0.0005138125,72.38119
24.75362311542571,35.148550251468535,82.31272,2937599.9909877777,-0.03560542,0.020635463,72.351364
24.271739312019278,35.0833337340226,74.97577,10627199.459266663,0.01941228,-0.021560464,74.48456
24.728260869121893,35.15579704180788,79.23173,5702400.030899048,-0.015104681,0.007468486,72.51727
24.340579657513896,35.072464168316,77.031204,6047999.933052063,-0.036546808,-0.014848355,72.01426
24.423912946628306,35.16304383214723,83.815254,12700799.969100952,0.030785555,-0.019843854,70.445045
24.134057993885538,35.130434787333385,80.741425,9676799.454116821,0.02771414,0.0076485556,71.289635
24.731884091961334,34.88405773852335,82.62194,11231999.562263489,0.020609666,-0.01743206,73.47932
24.24275355543479,35.275361916886446,83.709785,8639999.747657776,0.031579904,0.008337012,70.19144
24.53985505838052,35.14492730981283,78.72631,8639999.747657776,0.004324522,0.014701943,73.76921
24.55434784521419,35.039855304907746,78.730316,15897599.886703491,0.010217525,-0.027570985,75.799614
24.731884091961334,34.88405773852335,82.62194,16416000.288391113,-0.0017875843,-0.020756274,71.262535
24.518115930392057,35.170290078269815,76.7112,4147199.9227523804,-0.03828955,0.00031968392,71.67694
24.60144921950647,34.9456523441682,85.40489,2678400.0643730164,-0.015260134,0.013035493,73.405426
24.528985389862203,35.079710263267266,73.800804,12960000.169944763,0.020156385,-0.021018669,74.68627
24.068840433535758,35.050724689208764,75.1399,1814400.0347614288,-0.05903213,-0.026106764,71.15645
24.49275373635028,34.95652190987481,78.13308,6307200.133895874,-0.032009456,0.01777193,72.45551
24.43478251062254,35.050724689208764,81.254395,5443199.830055237,-0.023754284,-0.015132558,71.37684
24.40217392316393,35.07246365433351,77.73675,9071999.899578094,0.007551266,0.0061056595,73.95427
24.06159400092239,35.235507653915,77.223785,18316800.298690796,0.010359423,-0.053180825,76.70749
24.471014503837736,35.137681214861566,84.09494,14515200.27809143,0.02287176,-0.012584463,69.6403
24.3913043591697,35.05434799367564,86.750465,10108800.15449524,0.028795563,-0.002028495,70.708626
24.514492864338745,35.152173737341,77.98083,5529600.07982254,-0.025901984,-0.0015206877,72.07513
24.235507135886934,35.09782643790763,86.62735,4665599.775981903,-0.026549164,-0.002449233,71.175514
24.134057993885538,35.130434787333385,80.741425,15206400.082397461,0.011128286,-0.011243716,75.33759
24.423912946628306,35.13405791039468,84.735344,7171199.889278412,-0.017197292,-0.0011759344,71.53828
24.471014503837736,35.137681214861566,84.09494,12960000.169944763,0.024099365,-0.015402794,70.22088
24.521739153231497,35.18115965909355,80.50853,13564800.27294159,0.025443204,-0.010574166,74.3431
24.46739112421217,35.10507235145331,77.031204,432000.01480579376,0.03362966,-0.008028921,70.86191
24.3985509616347,35.079710263267266,82.39983,10886399.660110474,0.023877116,-0.030523166,71.61281
24.52536253285706,35.05797113185407,79.99595,15724800.484085083,0.017152278,-0.029374659,74.44908
24.728260869121893,35.15579704180788,79.23173,6998399.938201904,0.00035857782,0.013329575,73.18277
24.003623304347823,35.192029209683014,80.788605,8121599.894428253,0.024608016,0.0024141092,69.73428
24.3985509616347,35.079710263267266,82.39983,10368000.35533905,0.025210341,-0.031374868,71.62646
24.3913043591697,35.05434799367564,86.750465,13132799.572563171,0.026091147,-0.006975513,69.24508
24.24275355543479,35.275361916886446,83.709785,5356800.128746033,-0.046679508,-0.06309335,71.30365
24.15217408195171,35.09782609021359,90.079155,17625600.494384766,0.016644571,-0.05463815,73.19712
24.514492864338745,35.152173737341,77.98083,3110399.9420642853,-0.029170346,-0.015182957,70.85081
24.521739153231497,35.18115965909355,80.50853,2332799.8879909515,-0.01944732,-0.008088123,70.49438
24.358695745580064,35.14492749121842,79.46463,9071999.899578094,0.017645102,0.0065477677,72.79769
24.16304339770124,35.14130418675153,77.183464,8467199.796581268,0.03482733,-0.025459625,72.67316
24.525362323808892,35.01449270273921,80.76379,2764800.03991127,-0.015143901,-0.006637823,71.1441
24.351449221508126,35.36231895652174,77.53338,15897599.886703491,0.029111587,-0.026926614,77.46625
24.373188532413735,34.85507217391305,83.68782,14083199.577713013,0.021381462,-0.04849237,70.659874
24.003623304347823,35.192029209683014,80.788605,13046399.871253967,0.030140484,-0.011268519,73.50675
24.51086948471318,35.141304337922854,75.965324,5184000.177669525,-0.03059036,0.00422352,72.72494
24.51086948471318,35.141304337922854,75.965324,6998399.938201904,-0.019355603,0.022526378,73.555725
24.75362311542571,35.148550251468535,82.31272,11750399.96395111,0.008071968,-0.026035048,73.04947
24.62318819070881,35.09782625650204,81.14894,17625600.494384766,0.018388713,-0.031331085,73.02245
24.525362323808892,35.01449270273921,80.76379,15551999.984550476,0.014908552,-0.02570726,73.12724
24.2137679164399,35.101449394680465,78.1842,5875199.981975555,-0.029813197,-0.03382339,70.78751
24.423912946628306,35.13405791039468,84.735344,11404800.061798096,0.028659126,-0.022697054,70.45993
24.731883987437246,34.999999998854186,80.17734,17366400.293540955,0.0097621195,-0.031988844,74.98171
24.32608705359737,35.05434782738719,80.59564,14428799.479866028,0.014876945,-0.014067821,74.15912
24.141304256647267,35.05072417522627,80.839714,11145599.860954285,0.008845061,-0.012273163,71.951996
24.442029139218562,35.043478080275,76.86345,17539199.696159363,0.0049119666,-0.018799268,76.288086
24.518115930392057,35.170290078269815,76.7112,13824000.4737854,0.018735118,-0.024754845,77.188225
24.293478074173446,35.130434424522214,78.52256,13737599.675559998,0.012247875,-0.015835881,76.571655
24.068840433535758,35.17753635462667,82.62194,12009600.164794922,0.03652808,-0.027497914,70.408875
24.264492787947336,35.06521739309379,75.914215,14947199.88155365,0.014873637,-0.010989506,76.20454
24.24275355543479,35.275361916886446,83.709785,5097599.927902222,-0.05433963,-0.06802349,71.48205
24.62318819070881,35.09782625650204,81.14894,1209599.9317646027,-5.1394105e-05,0.0055464394,71.20274
24.16304339770124,35.14130418675153,77.183464,15551999.984550476,0.025107216,-0.02697976,77.562004
24.134057993885538,35.130434787333385,80.741425,9849599.953651428,0.027814573,0.0053700767,71.35965
24.503623143558386,34.916666955294566,80.479385,10108800.15449524,0.0077392813,0.0046596825,73.45823
24.51086948471318,35.141304337922854,75.965324,3542400.093984604,-0.032633338,-0.011896323,71.87707
24.60144921950647,34.9456523441682,85.40489,4924799.976825714,-0.024879005,0.014859557,72.80746
24.49275373635028,35.04710138474188,79.64641,3023999.9665260315,-0.022212386,-0.0069725104,70.88271
24.586956589458925,35.03623181903528,81.050644,13910400.175094604,0.028660463,-0.008125301,73.25992
24.782608845879178,35.07246365433351,80.82854,16329599.49016571,0.009982919,-0.0056839064,73.99176
24.373188349496587,35.09782609021359,73.044136,6739199.737358093,-0.01227561,-0.029439203,73.182434
24.409420264318722,35.137681214861566,85.684586,9590399.752807617,0.024616897,-0.0130918175,71.177704
24.655797039477626,35.09782643790763,82.953125,5356800.128746033,-0.022057116,-0.0025103167,72.569695
24.33695651306752,35.26449269887389,75.24537,11231999.562263489,0.025579067,-0.045731295,74.80589
24.528985389862203,35.079710263267266,73.800804,16156800.087547302,0.004780352,-0.029008448,74.5035
24.782608845879178,35.07246365433351,80.82854,7689599.742507935,-0.008939337,0.010001341,73.78341
24.16304339770124,35.14130418675153,77.183464,7689599.742507935,0.024728993,-0.032266155,72.25617
24.17028990870767,35.119565206509655,75.23819,2505600.113296509,-0.06383303,-0.04455885,70.40671
24.75362311542571,35.148550251468535,82.31272,10540799.757957458,0.010353535,-0.018639449,73.22778
24.235507135886934,35.09782643790763,86.62735,3283199.893140793,-0.013497487,0.014953936,71.515755
24.32608705359737,35.05434782738719,80.59564,7603200.0411987305,-0.0039610006,-0.029141407,71.59651
24.409420342711783,35.02898555779556,73.23672,9331199.551963806,0.010258229,0.0012756884,73.311035
24.60144921950647,34.9456523441682,85.40489,13391999.773406982,0.031475868,-0.017982583,69.61562
24.60144921950647,34.9456523441682,85.40489,9417600.350189209,0.01640188,-0.009090822,71.51492
24.17028990870767,35.119565206509655,75.23819,10108800.15449524,0.035191942,-0.0076609217,73.865135
24.55434784521419,35.039855304907746,78.730316,10022400.453186035,0.030446032,-0.02116428,74.79395
24.655797039477626,35.09782643790763,82.953125,1900800.0102996826,-0.0074425824,-0.008309633,72.26374
24.373188532413735,34.85507217391305,83.68782,6998399.938201904,-0.011581436,-0.02145262,71.9619
24.278985653174068,35.159420527680346,80.15937,8639999.747657776,0.0035527349,-0.007886659,71.72761
24.3985509616347,35.079710263267266,82.39983,1555199.9710321426,-0.0054391623,-0.007762093,70.55482
24.51086948471318,35.141304337922854,75.965324,7775999.992275238,-0.013356663,0.02445448,73.94414
24.358695745580064,35.14492749121842,79.46463,12355200.066947937,0.02446197,-0.01296486,74.878555
24.481884276880134,35.21376834109622,79.042,13824000.4737854,0.01690794,-0.01166787,76.39658
24.2137679164399,35.101449394680465,78.1842,9504000.051498413,0.014875907,0.00688562,73.16203
24.55072462237475,35.07608730649443,88.70044,12268800.365638733,0.03919105,-0.027361963,71.70856
24.49275373635028,35.04710138474188,79.64641,15724800.484085083,0.005199883,-0.024040293,74.92912
24.423912946628306,35.16304383214723,83.815254,4752000.025749207,-0.026043791,-0.015704367,71.53415
24.409420185925658,35.126811301460926,78.58091,10454400.056648254,0.02309157,-0.006505955,74.43368
24.782608845879178,35.07246365433351,80.82854,10281599.557113647,0.023129392,-0.013819464,74.46351
24.409420342711783,35.02898555779556,73.23672,15292799.783706665,0.008352423,-0.024540491,73.4116
24.152173912100075,34.942029039701325,85.189964,16243199.788856506,0.020991672,-0.04066832,69.57379
24.481884276880134,35.21376834109622,79.042,14342399.778556824,0.01314869,-0.015437823,76.58088
24.171296292717127,35.10648163098043,78.049835,950400.0051498413,-0.055163365,-0.00035847723,69.41676
24.32608705359737,35.05434782738719,80.59564,13391999.773406982,0.02041723,-0.015776847,73.84348
24.677536062942007,35.07971042955572,84.775665,17107200.092697144,0.0073767696,-0.03475016,68.95967
24.47463793572534,35.15579704180788,74.131996,1036799.9806880951,-0.027147371,-0.0011817534,72.36049
24.619565229179578,35.18478278215484,82.255135,7257600.139045715,0.010917557,-0.018612854,72.53528
24.373188532413735,34.85507217391305,83.68782,17539199.696159363,0.007017944,-0.056678843,69.84316
24.655797039477626,35.09782643790763,82.953125,17539199.696159363,0.015404386,-0.031845152,70.67282
24.731884091961334,34.88405773852335,82.62194,7084800.187969208,-0.0078064874,0.017711692,73.22953
24.40217392316393,35.07246365433351,77.73675,604799.9658823013,0.018863617,-0.0035289787,70.425255
24.62318819070881,35.09782625650204,81.14894,1382400.019955635,-0.0024904758,0.0038939547,71.21366
24.264492787947336,35.06521739309379,75.914215,16243199.788856506,0.004275836,-0.022090461,76.40696
24.800724541980035,35.0326085145684,80.91604,5529600.07982254,-0.022971552,-0.011302192,73.07233
24.800724541980035,35.0326085145684,80.91604,8208000.144195557,0.0063467585,0.007976826,74.1588
24.52536253285706,35.05797113185407,79.99595,7343999.840354919,0.005331829,-0.026187811,72.683495
24.49275373635028,34.95652190987481,78.13308,259199.99517202377,-0.0101801865,0.028469838,71.592964
24.17028990870767,35.119565206509655,75.23819,14687999.680709839,0.027496006,-0.02137788,75.35112
24.16304339770124,35.14130418675153,77.183464,11923200.463485718,0.034762103,-0.022807572,75.25955
24.72463775080654,35.097825908808005,83.506035,11059200.15964508,0.0128117595,-0.027716942,72.29811
24.06159400092239,35.235507653915,77.223785,4924799.976825714,-0.040710945,-0.063890934,70.08783
24.731883987437246,34.999999998854186,80.17734,17279999.49531555,0.008851206,-0.031954154,74.963104
24.85869584610084,35.31159408476158,76.05999,16847999.891853333,0.031074777,-0.050866205,76.420555
24.503623143558386,34.916666955294566,80.479385,13132799.572563171,0.024129895,-0.0029608384,73.48256
24.507246418659868,35.018115659512056,74.98295,8121599.894428253,0.00565337,0.014852946,74.388664
24.409420185925658,35.126811301460926,78.58091,17539199.696159363,0.017416185,-0.023158524,76.865234
24.286231733018653,35.16304365074164,82.86601,12614400.267791748,0.041530598,-0.02121083,71.12123
24.800724541980035,35.0326085145684,80.91604,15379199.48501587,0.02419246,-0.0018459521,74.259636
24.572463802625258,35.028985391507106,77.31845,2592000.0888347626,-0.02672882,-0.0057664625,71.67471
24.655797039477626,35.09782643790763,82.953125,3628800.0695228577,-0.025043432,-0.0046294443,72.57022
24.24275355543479,35.275361916886446,83.709785,13824000.4737854,0.033979647,-0.03143647,70.82964
24.471014503837736,35.137681214861566,84.09494,6480000.084972382,-0.022814915,0.00075068325,71.87073
24.608695560661264,35.210145036629335,80.071884,17452799.99485016,0.012275202,-0.010219153,74.95248
24.264492787947336,35.06521739309379,75.914215,10454400.056648254,0.019844212,-0.0048499517,74.722664
24.880434869565217,35.11594208344836,73.60822,7516799.791431427,-0.013413798,0.023004642,73.553116
24.40579722439643,35.07608730649443,81.130585,950400.0051498413,0.011437438,-0.01798717,70.076324
24.373188349496587,35.09782609021359,73.044136,5356800.128746033,-0.022374254,-0.036808196,73.14843
24.373188532413735,34.85507217391305,83.68782,11836799.665260315,0.013063084,-0.040924955,70.69768
24.068840433535758,35.050724689208764,75.1399,17971200.39653778,0.0021548048,-0.04636084,75.395645
24.282608510179216,35.10869565592019,73.044136,14601599.979400635,0.028743982,-0.013747245,72.361
24.409420264318722,35.137681214861566,85.684586,12527999.469566345,0.030977447,-0.012553826,69.830315
24.134057993885538,35.130434787333385,80.741425,14515200.27809143,0.015591305,-0.004062768,74.986626
24.731884091961334,34.88405773852335,82.62194,7948799.943351746,-0.010014631,0.0077124536,73.32725
24.731884091961334,34.88405773852335,82.62194,345600.00498890877,0.0024905466,0.012329647,71.88108
24.275362351941567,35.02173896397893,79.32639,16761600.190544128,-0.0014666766,-0.03222409,75.866844
24.619565229179578,35.18478278215484,82.255135,9071999.899578094,0.025688212,-0.019698974,72.60868
24.068840433535758,35.17753635462667,82.62194,6825599.987125397,-0.008431941,-0.06693287,69.71592
24.52536253285706,35.05797113185407,79.99595,8208000.144195557,0.012838881,-0.019109093,73.0939
24.16304339770124,35.14130418675153,77.183464,11145599.860954285,0.035205044,-0.024592422,74.51501
24.51086948471318,35.141304337922854,75.965324,172800.00249445438,-0.046906214,0.0126982,71.52763
24.17028990870767,35.119565206509655,75.23819,17279999.49531555,0.01153601,-0.02534575,75.80508
24.286231733018653,35.16304365074164,82.86601,12009600.164794922,0.04133094,-0.021992251,71.03867
24.068840433535758,35.050724689208764,75.1399,5443199.830055237,-0.056068193,-0.040961165,72.2542
24.358695745580064,35.14492749121842,79.46463,13824000.4737854,0.021125983,-0.012022406,75.786736
24.340579657513896,35.072464168316,77.031204,16243199.788856506,0.002953928,-0.01844364,76.943954
24.423912946628306,35.13405791039468,84.735344,950400.0051498413,-0.02959932,0.013129732,71.00809
24.275362351941567,35.02173896397893,79.32639,15983999.588012695,0.002900105,-0.02857526,76.041756
24.409420264318722,35.137681214861566,85.684586,6652800.036048889,-0.025038917,0.017943002,71.53728
24.141304256647267,35.05072417522627,80.839714,3887999.996137619,-0.08812377,-0.01900233,69.56421
24.268116089179838,35.07971042955572,81.07262,8121599.894428253,-0.026231539,-0.019269016,71.262794
24.822463669968496,35.11956556932083,79.471794,10108800.15449524,0.021042358,-0.023808587,75.248955
24.47463793572534,35.15579704180788,74.131996,5184000.177669525,-0.033220988,-0.016261902,72.87431
24.43478251062254,35.050724689208764,81.254395,14687999.680709839,0.016609974,-0.01883395,72.66311
24.880434869565217,35.11594208344836,73.60822,9849599.953651428,0.023470467,-0.009038601,73.58437
24.40217392316393,35.07246365433351,77.73675,8035200.193119049,-0.010512855,0.012049874,73.19896
24.619565229179578,35.18478278215484,82.255135,5961600.231742859,-0.01052383,-0.006571073,72.32581
24.782608845879178,35.07246365433351,80.82854,7603200.0411987305,-0.010324154,0.010538766,73.744934
24.177536001617764,35.01449252133363,77.3516,5356800.128746033,-0.058399085,-0.03895853,70.732925
24.525362323808892,35.01449270273921,80.76379,8553600.046348572,-0.005650714,0.007972486,73.035416
24.608695560661264,35.210145036629335,80.071884,3369599.8686790466,-0.04645898,0.0033919923,71.021706
24.365941903817713,35.11594190204278,77.940506,9417600.350189209,-0.0016539581,-0.004623629,73.93678
24.177536001617764,35.01449252133363,77.3516,17107200.092697144,-0.0032216236,-0.044383932,77.38612
24.068840433535758,35.17753635462667,82.62194,12095999.866104126,0.036896728,-0.02716551,70.45027
24.72463775080654,35.097825908808005,83.506035,7689599.742507935,-0.018789258,0.00055039674,73.13213
24.49275373635028,35.04710138474188,79.64641,16675200.489234924,0.00048607588,-0.024775296,74.88713
24.15942034471344,35.02536261613985,84.04098,16243199.788856506,0.013189999,-0.041934367,70.40266
24.880434869565217,35.11594208344836,73.60822,777599.9855160713,0.005555775,0.010138309,73.64641
24.55434784521419,35.039855304907746,78.730316,1900800.0102996826,-0.01058371,-0.011115257,71.065155
24.49275373635028,35.04710138474188,79.64641,8985600.19826889,0.006701123,0.005708024,73.43626
24.17028990870767,35.119565206509655,75.23819,17020800.39138794,0.013620395,-0.025508024,75.7735
24.623188347494935,34.98550731008629,86.27349,12182399.56741333,0.034558456,-0.014800992,70.40081
24.171296292717127,35.10648163098043,78.049835,3542400.093984604,-0.056841206,-0.015675623,69.668045
24.677536062942007,35.07971042955572,84.775665,6566399.786281586,0.0077646207,-0.018774033,72.632324
24.365941903817713,35.11594190204278,77.940506,15206400.082397461,0.009661855,-0.012557104,77.20336
24.507246627708035,35.15217355593542,72.15966,172800.00249445438,-0.07533853,0.0020902678,72.71948
24.507246627708035,35.15217355593542,72.15966,12873600.46863556,0.027712118,-0.006686501,72.271965
24.2137679164399,35.101449394680465,78.1842,10627199.459266663,0.020789936,-0.012947492,73.964096
24.655797039477626,35.09782643790763,82.953125,17884799.598312378,0.01181577,-0.03187415,70.64657
24.55434784521419,35.039855304907746,78.730316,9158400.149345398,0.029838862,-0.011121314,74.30035
24.641304357168043,34.938405387540406,81.3883,5443199.830055237,-0.00959906,-0.022138111,72.54145
24.2137679164399,35.101449394680465,78.1842,1382400.019955635,-0.0077566877,-0.030502941,69.61076
24.623188347494935,34.98550731008629,86.27349,10195199.855804443,0.028527752,-0.01273014,71.29931
24.655797039477626,35.09782643790763,82.953125,15379199.48501587,0.023001356,-0.026301958,71.10457
24.15217408195171,35.09782609021359,90.079155,2505600.113296509,-0.0015353076,-0.041843,73.6505
24.481884276880134,35.21376834109622,79.042,9331199.551963806,0.013472654,0.0034976322,73.614555
24.528985389862203,35.079710263267266,73.800804,6998399.938201904,-0.03913181,-0.019146558,73.96453
24.336956356281394,35.12681217825459,78.56935,172800.00249445438,-0.029499073,-0.0009277463,69.4977
24.177536001617764,35.01449252133363,77.3516,2505600.113296509,-0.059603374,-0.03121179,69.957184
24.15217408195171,35.09782609021359,90.079155,15206400.082397461,0.037424456,-0.035631564,71.40605
24.242753659958876,34.931159481553294,83.59315,86400.00124722719,-0.07481521,0.033748865,72.453514
24.06159400092239,35.235507653915,77.223785,2505600.113296509,-0.08537839,-0.07623838,69.80023
24.528985389862203,35.079710263267266,73.800804,13478399.474716187,0.01980636,-0.020807177,74.72185
24.06159400092239,35.235507653915,77.223785,5615999.781131744,-0.017553344,-0.055733155,70.308716
24.481884276880134,35.21376834109622,79.042,9244799.850654602,0.012484048,0.004669044,73.55466
24.373188532413735,34.85507217391305,83.68782,11059200.15964508,0.006684836,-0.039197978,70.88816
24.659420157792983,35.13768139626715,82.9603,14947199.88155365,0.03079183,-0.025145996,71.12598
24.626811465810288,35.05797113185407,83.9315,10627199.459266663,0.014928659,-0.01823036,71.88855
24.40579730278949,34.98550712868071,82.545616,10195199.855804443,0.012440577,-0.03005338,71.66976
24.659420157792983,35.13768139626715,82.9603,4147199.9227523804,-0.023705408,0.015945654,72.37762
24.52536253285706,35.05797113185407,79.99595,14947199.88155365,0.019798726,-0.02696823,74.49221
24.880434869565217,35.11594208344836,73.60822,6739199.737358093,-0.018994804,0.023940025,73.54234
24.340579735906957,35.22101461745307,78.71513,6998399.938201904,0.0064973645,-0.020888165,71.64838
24.3985509616347,35.079710263267266,82.39983,2246400.0495672226,-0.013280425,0.00078994036,70.560005
24.471014503837736,35.137681214861566,84.09494,8812800.247192383,0.011625368,-0.0037975535,71.74773
24.068840433535758,35.050724689208764,75.1399,7084800.187969208,-0.028534535,-0.050934125,72.24747
24.409420264318722,35.137681214861566,85.684586,15983999.588012695,0.032458164,-0.020239044,68.889244
24.141304256647267,35.05072417522627,80.839714,8899199.948501587,-0.027139913,-0.0086883195,70.82326
24.503623143558386,34.916666955294566,80.479385,13046399.871253967,0.024255846,-0.004026152,73.48448
24.60144921950647,34.9456523441682,85.40489,14169600.375938416,0.031691957,-0.02100629,69.29989
24.340579735906957,35.22101461745307,78.71513,7689599.742507935,0.018381724,-0.020043958,72.07775
24.525362323808892,35.01449270273921,80.76379,8639999.747657776,-0.004172411,0.0074003916,73.05608
24.641304357168043,34.938405387540406,81.3883,13391999.773406982,0.024397543,-0.032328714,73.019264
24.3985509616347,35.079710263267266,82.39983,18057600.097846985,0.016775507,-0.012227856,71.31036
24.641304357168043,34.938405387540406,81.3883,5356800.128746033,-0.010261212,-0.021231648,72.519485
24.782608584568965,35.06521774078783,85.492004,3283199.893140793,-0.035279255,0.0055258404,73.291794
24.351449221508126,35.36231895652174,77.53338,14169600.375938416,0.03415613,-0.012759052,76.96261
24.271739312019278,35.0833337340226,74.97577,172800.00249445438,-0.07236153,0.0061731413,71.3373
24.373188532413735,34.85507217391305,83.68782,7343999.840354919,-0.013029125,-0.017679498,71.99534
24.579710091518006,35.06884069756067,84.24473,4060799.9472141266,-0.035728592,0.0010630451,72.60181
24.880434869565217,35.11594208344836,73.60822,11059200.15964508,0.030113243,-0.023748737,73.67522
24.409420185925658,35.126811301460926,78.58091,9849599.953651428,0.021540109,-0.0024458282,74.00945
24.782608584568965,35.06521774078783,85.492004,5961600.231742859,-0.0461186,0.0005741827,73.19761
24.15217408195171,35.09782609021359,90.079155,6912000.2368927,0.030391365,-0.012060951,73.17872
24.782608584568965,35.06521774078783,85.492004,8639999.747657776,-1.3809651e-05,0.0074010342,73.131874
24.06159400092239,35.235507653915,77.223785,7603200.0411987305,0.045063008,-0.04384272,70.796776
24.340579657513896,35.072464168316,77.031204,2246400.0495672226,-0.030216765,-0.019208118,70.651474
24.51086948471318,35.141304337922854,75.965324,12873600.46863556,0.018741125,-0.02093542,76.56857
24.351449221508126,35.36231895652174,77.53338,10972800.458335876,0.03833124,-0.012591504,75.26541
24.52536253285706,35.05797113185407,79.99595,18143999.79915619,0.013299199,-0.027891971,74.529106
24.880434869565217,35.11594208344836,73.60822,10540799.757957458,0.028962456,-0.017811507,73.64789
24.731884091961334,34.88405773852335,82.62194,13132799.572563171,0.020484217,-0.0066864565,72.81407
24.15217408195171,35.09782609021359,90.079155,11059200.15964508,0.047092743,-0.01984166,70.67078
24.608695560661264,35.210145036629335,80.071884,9331199.551963806,0.012140937,0.010821791,73.60028
24.409420185925658,35.126811301460926,78.58091,8726399.99742508,0.015024586,-0.0057102814,73.23515
24.572463802625258,35.028985391507106,77.31845,9417600.350189209,0.016240275,-0.0015754178,75.27594
24.655797039477626,35.09782643790763,82.953125,6739199.737358093,-0.011442244,-0.010963831,72.66996
24.003623304347823,35.192029209683014,80.788605,4579200.074672699,-0.092034265,-0.06831698,70.72578
24.40579730278949,34.98550712868071,82.545616,7171199.889278412,-0.029055934,-0.009686146,71.53256
24.507246418659868,35.018115659512056,74.98295,13305600.072097778,0.021772644,-0.012729783,75.895424
24.242753659958876,34.931159481553294,83.59315,11750399.96395111,0.038887568,-0.016047258,69.56297
24.336956356281394,35.12681217825459,78.56935,10368000.35533905,0.01991343,-0.011480644,74.11113
24.47463793572534,35.15579704180788,74.131996,7603200.0411987305,-0.00609776,-0.019812942,73.74209
24.409420264318722,35.097825908808005,75.01247,9417600.350189209,0.013324926,0.008372175,74.57314
24.43478277193275,35.06521686399416,78.38795,3456000.11844635,-0.029724378,-0.017435856,70.7668
24.782608584568965,35.06521774078783,85.492004,2678400.0643730164,-0.023812696,0.005212795,73.25641
24.619565229179578,35.18478278215484,82.255135,5615999.781131744,-0.015787393,-0.0037989914,72.242165
24.623188347494935,34.98550731008629,86.27349,17020800.39138794,0.025303274,-0.036515262,68.890205
24.358695745580064,35.14492749121842,79.46463,7603200.0411987305,-0.007848859,0.018365685,72.012474
24.503623143558386,34.916666955294566,80.479385,9417600.350189209,-0.008059554,0.013669124,73.36623
24.33695651306752,35.26449269887389,75.24537,1814400.0347614288,-0.0967661,-0.05727807,70.50771
24.278985574781007,35.18478260074926,85.36457,8812800.247192383,0.021866024,-0.01888233,70.45725
24.351449221508126,35.36231895652174,77.53338,10627199.459266663,0.039118852,-0.010198157,74.99755
24.481884276880134,35.21376834109622,79.042,5184000.177669525,-0.026372183,-0.0079441145,71.14582
24.514492864338745,35.152173737341,77.98083,14428799.479866028,0.018694207,-0.027540635,77.053986
24.17028990870767,35.119565206509655,75.23819,13219200.370788574,0.035048697,-0.012373675,74.97569
24.728260869121893,35.15579704180788,79.23173,7171199.889278412,0.0028636158,0.014033555,73.285484
24.677536062942007,35.07971042955572,84.775665,1728000.059223175,-0.015035838,0.0050841924,72.985794
24.340579735906957,35.22101461745307,78.71513,10022400.453186035,0.031170487,-0.021732286,73.675644
24.481884276880134,35.21376834109622,79.042,8294399.845504761,-0.0010614768,0.012896957,72.947655
24.55072462237475,35.07608730649443,88.70044,6739199.737358093,0.013587376,-0.01980561,72.60884
24.800724541980035,35.0326085145684,80.91604,10281599.557113647,0.026751336,-0.0069452524,74.59412
24.40579730278949,34.98550712868071,82.545616,8294399.845504761,-0.0054726973,-0.016316585,71.68862
24.880434869565217,35.11594208344836,73.60822,7689599.742507935,-0.012483887,0.021984058,73.54924
24.53985505838052,35.14492730981283,78.72631,1728000.059223175,0.004087925,-0.005269088,70.543846
24.731884091961334,34.88405773852335,82.62194,8899199.948501587,-0.0023105852,-0.010310236,73.40762
24.423912946628306,35.13405791039468,84.735344,2505600.113296509,-0.038214717,-0.0005088486,71.02677
24.282608510179216,35.10869565592019,73.044136,16934399.593162537,0.0149034,-0.024728227,72.37816
24.800724541980035,35.0326085145684,80.91604,11404800.061798096,0.026470639,-0.0045784563,74.57186
24.271739312019278,35.0833337340226,74.97577,518399.99034404755,-0.068673566,0.003350325,71.3044
24.235507135886934,35.09782643790763,86.62735,16847999.891853333,0.014131624,-0.03848705,68.58032
24.43478251062254,35.050724689208764,81.254395,16502399.989700317,0.006691877,-0.023592908,72.56145
24.286231733018653,35.16304365074164,82.86601,4752000.025749207,-0.012165438,-0.041218054,70.54905
24.351449221508126,35.36231895652174,77.53338,16329599.49016571,0.028678475,-0.024101358,77.521866
24.35507260113369,35.04710138474188,76.478294,14515200.27809143,0.012937019,0.00975466,76.403366
24.423912946628306,35.16304383214723,83.815254,6912000.2368927,0.024692513,-0.021624617,71.68564
24.655797039477626,35.09782643790763,82.953125,7171199.889278412,-0.007567432,-0.014623359,72.71842
24.264492787947336,35.06521739309379,75.914215,16070400.386238098,0.0051680133,-0.021183878,76.39059
24.40579722439643,35.07608730649443,81.130585,1641599.9465703964,0.0027432255,-0.020135362,70.13368
24.409420342711783,35.02898555779556,73.23672,15465600.283241272,0.0074569304,-0.02540801,73.40332
24.641304357168043,34.938405387540406,81.3883,10713600.257492065,0.022620162,-0.033682812,73.618576
24.659420157792983,35.13768139626715,82.9603,4319999.873828888,-0.02388059,0.016569255,72.38848
24.782608584568965,35.06521774078783,85.492004,345600.00498890877,0.019435951,0.0063692257,73.58882
24.286231733018653,35.16304365074164,82.86601,6739199.737358093,0.014583629,-0.042116586,70.62472
24.340579657513896,35.072464168316,77.031204,11664000.262641907,0.013468288,-0.01593732,75.75742
24.32608705359737,35.05434782738719,80.59564,11664000.262641907,0.02140628,-0.023858804,73.1304
24.134057993885538,35.130434787333385,80.741425,10540799.757957458,0.024932263,-0.0027482472,71.68016
24.525362323808892,35.01449270273921,80.76379,3801600.0205993652,-0.021139871,-0.004814904,71.37422
24.507246418659868,35.018115659512056,74.98295,9676799.454116821,0.019112276,-0.0068184063,75.01769
24.46739112421217,35.10507235145331,77.031204,12095999.866104126,0.018177515,-0.020631772,76.38974
24.822463669968496,35.11956556932083,79.471794,9244799.850654602,0.019611968,-0.008494925,74.80471
24.33695651306752,35.26449269887389,75.24537,2678400.0643730164,-0.09036033,-0.05901621,70.61959
24.06159400092239,35.235507653915,77.223785,11750399.96395111,0.048963655,-0.040799905,74.71953
24.528985389862203,35.079710263267266,73.800804,12009600.164794922,0.018953295,-0.025035858,74.62357
24.525362323808892,35.01449270273921,80.76379,5961600.231742859,-0.02927522,0.0020612143,72.064354
24.731883987437246,34.999999998854186,80.17734,12614400.267791748,0.013792479,-0.023981635,74.99606
24.619565229179578,35.18478278215484,82.255135,8812800.247192383,0.02486634,-0.020865403,72.60751
24.358695745580064,35.14492749121842,79.46463,15551999.984550476,0.011172863,-0.02121377,76.28371
24.06159400092239,35.235507653915,77.223785,11491199.7631073,0.049073823,-0.042131055,74.36613
24.55072462237475,35.07608730649443,88.70044,2332799.8879909515,-0.007956501,-0.024555754,72.00349
24.655797039477626,35.09782643790763,82.953125,13737599.675559998,0.0230489,-0.022233877,71.60814
24.33695651306752,35.26449269887389,75.24537,6739199.737358093,-0.018798798,-0.047372166,71.838486
24.275362351941567,35.02173896397893,79.32639,8208000.144195557,-0.020112462,-0.01323393,72.07242
24.235507135886934,35.09782643790763,86.62735,5529600.07982254,-0.026460636,-0.012559272,71.06564
24.481884276880134,35.21376834109622,79.042,4319999.873828888,-0.02207553,-0.01451632,70.64013
24.880434869565217,35.11594208344836,73.60822,16156800.087547302,0.022821065,-0.021093376,73.61388
24.293478074173446,35.130434424522214,78.52256,12095999.866104126,0.016451797,-0.017864097,75.285805
24.53985505838052,35.14492730981283,78.72631,17020800.39138794,0.01827238,-0.03677686,76.3957
24.586956589458925,35.03623181903528,81.050644,4233599.898290634,-0.010089248,-0.020398293,71.7638
24.43478277193275,35.06521686399416,78.38795,10368000.35533905,0.019309578,-0.007382624,74.644295
24.278985653174068,35.159420527680346,80.15937,3110399.9420642853,-0.07216965,-0.028689936,69.73375
24.731884091961334,34.88405773852335,82.62194,3887999.996137619,-0.01754452,-0.010605972,72.64241
24.626811465810288,35.05797113185407,83.9315,864000.0296115875,0.004698891,0.0130148325,72.41762
24.24275355543479,35.275361916886446,83.709785,8467199.796581268,0.029609585,0.0070745386,70.207245
24.271739312019278,35.0833337340226,74.97577,15033599.582862854,0.020973256,-0.012548126,75.01348
24.46739112421217,35.10507235145331,77.031204,12787199.670410156,0.01818546,-0.019822221,76.667145
24.619565229179578,35.18478278215484,82.255135,9331199.551963806,0.026351128,-0.018557444,72.61014
24.202898613755877,35.17753635462667,82.22561,12700799.969100952,0.037854623,-0.018635552,71.59802
24.528985389862203,35.079710263267266,73.800804,9071999.899578094,0.007804353,-0.013740871,74.30355
24.731883987437246,34.999999998854186,80.17734,2592000.0888347626,-0.022781264,-0.00030641817,71.806145
24.141304256647267,35.05072417522627,80.839714,5443199.830055237,-0.08945204,-0.004628647,69.89529
24.134057993885538,35.130434787333385,80.741425,12527999.469566345,0.022354128,-0.002262868,73.15466
24.40217392316393,35.07246365433351,77.73675,14256000.07724762,0.015308715,-0.001338739,76.73881
24.782608845879178,35.07246365433351,80.82854,12614400.267791748,0.025081217,-0.013178587,74.465576
24.677536062942007,35.07971042955572,84.775665,10195199.855804443,0.019491412,-0.026413117,72.13564
24.423912946628306,35.13405791039468,84.735344,8294399.845504761,0.0067755952,-0.006517824,71.5175
24.75362311542571,35.148550251468535,82.31272,16502399.989700317,0.0028339997,-0.014787912,71.744736
24.152173912100075,34.942029039701325,85.189964,2332799.8879909515,-0.010123327,-0.028269086,72.45373
24.242753659958876,34.931159481553294,83.59315,7862400.2420425415,0.015248587,0.028603816,70.69842
24.141304256647267,35.05072417522627,80.839714,13391999.773406982,0.016284391,-0.012022357,73.75335
24.24275355543479,35.275361916886446,83.709785,12614400.267791748,0.03519856,-0.024169594,70.55537
24.608695560661264,35.210145036629335,80.071884,86400.00124722719,-0.038500603,-0.013539828,71.22735
24.62318819070881,35.09782625650204,81.14894,8985600.19826889,0.004024729,0.00499855,73.245476
24.271739312019278,35.0833337340226,74.97577,14601599.979400635,0.022439975,-0.011980876,74.979576
24.3985509616347,35.079710263267266,82.39983,6307200.133895874,-0.0011742078,-0.0054081716,71.291336
24.369565205050215,35.10507235145331,81.59638,2332799.8879909515,-0.025682088,-0.021731783,70.04773
24.068840433535758,35.050724689208764,75.1399,3023999.9665260315,-0.0780157,-0.014308047,71.57158
24.507246627708035,35.15217355593542,72.15966,10022400.453186035,0.029118907,-0.010399282,72.594765
24.235507135886934,35.09782643790763,86.62735,11577599.464416504,0.028785508,-0.034612123,68.882126
24.43478277193275,35.06521686399416,78.38795,86400.00124722719,-0.01687469,-0.020998266,70.52034
24.5036234048686,34.94565269942081,84.86278,16847999.891853333,0.013652857,-0.041728716,69.09127
24.35507260113369,35.04710138474188,76.478294,9071999.899578094,0.006618973,0.001031844,74.22286
24.003623304347823,35.192029209683014,80.788605,15379199.48501587,0.016723974,-0.03145594,75.73808
24.40217392316393,35.07246365433351,77.73675,12182399.56741333,0.015200011,-0.010262847,75.97143
24.641304357168043,34.938405387540406,81.3883,4752000.025749207,-0.014915332,-0.014557265,72.36512
24.62318819070881,35.09782625650204,81.14894,14774400.478935242,0.023740802,-0.019159675,73.27429
24.264492787947336,35.06521739309379,75.914215,17625600.494384766,0.0035222247,-0.022103075,76.39016
24.282608510179216,35.10869565592019,73.044136,12441599.768257141,0.026546983,-0.019229341,72.8224
24.40579730278949,34.98550712868071,82.545616,9504000.051498413,0.009728953,-0.026016954,71.73815
24.278985574781007,35.18478260074926,85.36457,15120000.381088257,0.029639658,-0.028094817,70.07603
24.731884091961334,34.88405773852335,82.62194,12700799.969100952,0.02135734,-0.012226917,72.98993
24.677536062942007,35.07971042955572,84.775665,4752000.025749207,-0.020601172,-0.013768934,72.881256
24.373188532413735,34.85507217391305,83.68782,7516799.791431427,-0.014090288,-0.015592076,72.00689
24.242753659958876,34.931159481553294,83.59315,6393599.835205078,-0.006203782,0.016948866,70.8514
24.57246390714934,35.13405809180027,82.83649,13651199.974250793,0.028357606,-0.01797105,71.28752
24.286231733018653,35.16304365074164,82.86601,17193599.794006348,0.015146187,-0.025904994,71.59046
24.15217408195171,35.09782609021359,90.079155,8294399.845504761,0.050886225,-0.0002044309,72.61458
24.57246390714934,35.13405809180027,82.83649,14687999.680709839,0.025393467,-0.017257173,70.95535
24.06159400092239,35.235507653915,77.223785,8208000.144195557,0.05122082,-0.0443287,70.9533
24.3913043591697,35.05434799367564,86.750465,15292799.783706665,0.014598016,-0.020606097,68.578705
24.35507260113369,35.04710138474188,76.478294,4406400.123596191,-0.031022634,-0.014288668,71.61811
24.55434784521419,35.039855304907746,78.730316,1296000.0444173813,-0.008489851,-4.9913302e-05,71.031906
24.518115930392057,35.170290078269815,76.7112,16847999.891853333,0.015890688,-0.029213201,77.17668
24.503623143558386,34.916666955294566,80.479385,2505600.113296509,-0.019150354,-0.011374,71.13182
24.85869584610084,35.31159408476158,76.05999,9849599.953651428,0.016716808,-0.0066600293,75.84924
24.49275373635028,34.95652190987481,78.13308,15551999.984550476,0.0011004768,-0.004223168,75.818115
24.800724541980035,35.0326085145684,80.91604,17539199.696159363,-0.006384395,-0.005628694,74.10448
24.141304256647267,35.05072417522627,80.839714,2764800.03991127,-0.082692444,-0.025980387,69.372826
24.641304357168043,34.938405387540406,81.3883,11491199.7631073,0.024346448,-0.033567857,73.4935
24.782608845879178,35.07246365433351,80.82854,345600.00498890877,0.015512858,-0.0024593584,72.19141
24.242753659958876,34.931159481553294,83.59315,13910400.175094604,0.03625717,-0.016628511,69.17271
24.442029139218562,35.043478080275,76.86345,777599.9855160713,0.0009034462,0.018330976,71.14174
24.731883987437246,34.999999998854186,80.17734,9504000.051498413,0.018019767,-0.021790743,74.52182
24.3913043591697,35.05434799367564,86.750465,18316800.298690796,-0.005920347,-0.014812555,68.42276
24.442029139218562,35.043478080275,76.86345,16243199.788856506,0.0045372956,-0.02417624,76.543434
24.47463793572534,35.15579704180788,74.131996,8985600.19826889,0.017917534,-0.016517721,74.16477
24.731883987437246,34.999999998854186,80.17734,13391999.773406982,0.01863745,-0.016988933,74.98317
24.659420157792983,35.13768139626715,82.9603,8812800.247192383,0.0065477937,0.00365277,72.71628
24.626811465810288,35.05797113185407,83.9315,6047999.933052063,-0.029283095,-0.0029428639,72.53793
24.2137679164399,35.101449394680465,78.1842,1641599.9465703964,-0.011391584,-0.029950429,69.626755
24.55434784521419,35.039855304907746,78.730316,13564800.27294159,0.022020439,-0.017299548,75.85966
24.271739312019278,35.0833337340226,74.97577,15120000.381088257,0.020785393,-0.012544088,75.02299
24.264492787947336,35.06521739309379,75.914215,1900800.0102996826,-0.028189708,-0.017896574,70.80873
24.068840433535758,35.050724689208764,75.1399,10022400.453186035,0.016084751,-0.031409804,72.92773
24.33695651306752,35.26449269887389,75.24537,5443199.830055237,-0.06619944,-0.05025957,71.27987
24.677536062942007,35.07971042955572,84.775665,8812800.247192383,0.021307308,-0.019760396,72.6042
24.365941903817713,35.11594190204278,77.940506,11404800.061798096,0.016508637,-0.013915252,75.34006
24.373188349496587,35.09782609021359,73.044136,6307200.133895874,-0.014570404,-0.032544777,73.1834
24.481884276880134,35.21376834109622,79.042,12182399.56741333,0.019442959,-0.01023946,75.54934
24.17028990870767,35.119565206509655,75.23819,8294399.845504761,0.0050837137,0.006993763,73.11099
24.40579722439643,35.07608730649443,81.130585,13132799.572563171,0.024473127,-0.017719198,73.04463
24.619565229179578,35.18478278215484,82.255135,2764800.03991127,-0.022941563,0.0055038463,71.47409
24.576087129988778,34.96376817111452,80.53768,2159999.936914444,-0.0120383315,-0.011934541,71.21282
24.782608584568965,35.06521774078783,85.492004,5875199.981975555,-0.045968425,0.0010308791,73.202995
24.52536253285706,35.05797113185407,79.99595,3283199.893140793,-0.02144273,-0.01442292,71.02907
24.264492787947336,35.06521739309379,75.914215,10195199.855804443,0.018607631,-0.001452947,74.563965
24.528985389862203,35.079710263267266,73.800804,4665599.775981903,-0.044015672,-0.022053882,73.5518
24.677536062942007,35.07971042955572,84.775665,9935999.654960632,0.019811843,-0.025484014,72.25562
24.278985574781007,35.18478260074926,85.36457,7516799.791431427,-0.025688972,-0.02226438,70.49189
24.782608845879178,35.07246365433351,80.82854,5875199.981975555,-0.028658185,-0.0020136721,73.04125
24.43478277193275,35.06521686399416,78.38795,9244799.850654602,0.012738295,0.00034622103,73.918175
24.409420342711783,35.02898555779556,73.23672,12960000.169944763,0.022204127,-0.01166239,73.461784
24.17028990870767,35.119565206509655,75.23819,5788799.732208252,-0.049885582,-0.027702618,72.19383
24.521739153231497,35.18115965909355,80.50853,9763200.252342224,0.012201326,0.012070091,73.110756
24.35507260113369,35.04710138474188,76.478294,13651199.974250793,0.013387015,0.0043849293,76.31394
24.365941903817713,35.11594190204278,77.940506,11231999.562263489,0.016146377,-0.0135077275,75.22473
24.608695560661264,35.210145036629335,80.071884,518399.99034404755,-0.03958146,-0.012326732,71.13349
24.141304256647267,35.05072417522627,80.839714,14601599.979400635,0.0108351875,-0.015870769,74.50933
24.442029139218562,35.043478080275,76.86345,1814400.0347614288,-0.011423327,0.003964007,71.26603
24.728260869121893,35.15579704180788,79.23173,8467199.796581268,0.017397733,0.01074595,74.073235
24.471014503837736,35.137681214861566,84.09494,16416000.288391113,0.008029586,-0.021875277,69.3673
24.32608705359737,35.05434782738719,80.59564,5097599.927902222,-0.021557968,-0.022491489,70.84717
24.068840433535758,35.050724689208764,75.1399,8639999.747657776,-0.016038574,-0.038593408,72.406845
24.177536001617764,35.01449252133363,77.3516,18316800.298690796,-0.01636387,-0.03986248,76.74531
24.336956356281394,35.12681217825459,78.56935,8208000.144195557,-0.0061584786,-0.0020511784,72.59067
24.572463802625258,35.028985391507106,77.31845,2246400.0495672226,-0.022780862,-0.0039244927,71.64963
24.60144921950647,34.9456523441682,85.40489,5097599.927902222,-0.024609122,0.014617461,72.75313
24.409420264318722,35.097825908808005,75.01247,14601599.979400635,0.02111526,-0.006783068,75.35875
24.373188349496587,35.09782609021359,73.044136,604799.9658823013,-0.052284803,-0.001678599,73.03682
24.068840433535758,35.050724689208764,75.1399,345600.00498890877,-0.015851341,-0.07662307,71.27751
24.32608705359737,35.05434782738719,80.59564,8899199.948501587,0.008812858,-0.02576467,72.08868
24.43478277193275,35.06521686399416,78.38795,12700799.969100952,0.014620395,-0.0005129855,75.92397
24.514492864338745,35.152173737341,77.98083,6998399.938201904,-0.010876775,0.010061253,72.92514
24.471014503837736,35.137681214861566,84.09494,13046399.871253967,0.024371117,-0.014996149,70.18384
24.49275373635028,35.04710138474188,79.64641,8639999.747657776,0.0008277856,0.0072672125,73.275246
24.15942034471344,35.02536261613985,84.04098,9590399.752807617,0.019322015,-0.03105595,69.42001
24.351449221508126,35.36231895652174,77.53338,17020800.39138794,0.026865585,-0.021696072,77.51554
24.822463669968496,35.11956556932083,79.471794,11577599.464416504,0.022210283,-0.030889511,75.74555
24.731884091961334,34.88405773852335,82.62194,2332799.8879909515,-0.012578797,-0.010012567,72.17732
24.17028990870767,35.119565206509655,75.23819,11059200.15964508,0.035073534,-0.015328176,74.25451
24.141304256647267,35.05072417522627,80.839714,14515200.27809143,0.01145835,-0.01554713,74.47328
24.202898613755877,35.17753635462667,82.22561,16243199.788856506,0.013621602,-0.027007092,73.04225
24.409420264318722,35.097825908808005,75.01247,7689599.742507935,-0.017390467,0.019150734,73.91654
24.141304256647267,35.05072417522627,80.839714,4665599.775981903,-0.090047166,-0.012009606,69.73185
24.528985389862203,35.079710263267266,73.800804,2678400.0643730164,-0.05012324,-0.03672843,72.72702
24.202898613755877,35.17753635462667,82.22561,7343999.840354919,-0.014932808,0.0037156865,70.45567
24.49275373635028,34.95652190987481,78.13308,5184000.177669525,-0.03808738,0.011368876,71.74655
24.068840433535758,35.050724689208764,75.1399,3801600.0205993652,-0.079004616,-0.020348363,71.91111
24.57608686867857,35.22463755910878,78.28966,7948799.943351746,-0.008353502,0.0180265,73.55239
24.586956589458925,35.03623181903528,81.050644,18316800.298690796,0.004414104,-0.034612913,73.14482
24.369565205050215,35.10507235145331,81.59638,17452799.99485016,0.0035716891,-0.022273578,72.685974
24.57246390714934,35.13405809180027,82.83649,1728000.059223175,-0.010044958,-0.015920404,71.49776
24.608695560661264,35.210145036629335,80.071884,13910400.175094604,0.017786343,-0.005833704,75.166595
24.514492864338745,35.152173737341,77.98083,3283199.893140793,-0.029308524,-0.014087498,70.91901
24.822463669968496,35.11956556932083,79.471794,13132799.572563171,0.024832513,-0.019665793,75.90884
24.409420264318722,35.137681214861566,85.684586,6220799.884128571,-0.031127293,0.016250335,71.5738
24.731883987437246,34.999999998854186,80.17734,7516799.791431427,-0.0073958784,-0.007021878,73.57725
24.171296292717127,35.10648163098043,78.049835,8553600.046348572,0.0016532615,-0.022058401,72.3567
24.53985505838052,35.14492730981283,78.72631,9590399.752807617,0.013529506,-0.0015036762,74.31084
24.358695745580064,35.14492749121842,79.46463,2159999.936914444,-0.04185919,-0.005199425,69.55058
24.442029139218562,35.043478080275,76.86345,13910400.175094604,0.0099276975,-0.01903611,76.55258
24.171296292717127,35.10648163098043,78.049835,7084800.187969208,-0.02924164,-0.029122833,71.40983
24.800724541980035,35.0326085145684,80.91604,15033599.582862854,0.025520563,0.0019026604,74.3329
24.641304357168043,34.938405387540406,81.3883,14601599.979400635,0.024370577,-0.02882649,72.6786
24.3985509616347,35.079710263267266,82.39983,6393599.835205078,0.00065376237,-0.0059872866,71.3079
24.572463802625258,35.028985391507106,77.31845,7603200.0411987305,-0.0035245903,0.01631685,74.06875
24.57608686867857,35.22463755910878,78.28966,14601599.979400635,0.018290775,-0.014195006,77.128105
24.75362311542571,35.148550251468535,82.31272,14256000.07724762,0.01983807,-0.020339858,72.45814
24.373188532413735,34.85507217391305,83.68782,7430400.090122223,-0.013542071,-0.016637743,72.00172
24.641304357168043,34.938405387540406,81.3883,17798399.897003174,0.016052444,-0.042706866,72.13532
24.340579657513896,35.072464168316,77.031204,8294399.845504761,-0.016772509,0.015967134,73.467316
24.409420342711783,35.02898555779556,73.23672,11318400.360488892,0.016422348,-0.023848236,73.489685
24.409420264318722,35.137681214861566,85.684586,7343999.840354919,-0.013481643,0.016623477,71.49723
24.409420342711783,35.02898555779556,73.23672,1814400.0347614288,-0.024388675,-0.0072329193,73.30819
24.068840433535758,35.17753635462667,82.62194,10799999.95880127,0.032025788,-0.03520063,69.98194
24.619565229179578,35.18478278215484,82.255135,13219200.370788574,0.024634995,-0.022329178,72.22201
24.481884276880134,35.21376834109622,79.042,1900800.0102996826,-0.007688433,-0.021645475,70.356606
24.503623143558386,34.916666955294566,80.479385,2678400.0643730164,-0.021651391,-0.012335315,71.18961
24.507246418659868,35.018115659512056,74.98295,7948799.943351746,0.0033748634,0.016498726,74.33354
24.57608686867857,35.22463755910878,78.28966,18230399.500465393,0.016380347,-0.024581011,76.799255
24.40217392316393,35.07246365433351,77.73675,15033599.582862854,0.009831913,-0.0049950257,76.81902
24.586956589458925,35.03623181903528,81.050644,16588799.691009521,0.010935979,-0.02968252,72.95239
24.264492787947336,35.06521739309379,75.914215,8294399.845504761,-0.0049809515,0.020138595,73.35804
24.282608510179216,35.10869565592019,73.044136,691200.0099778175,-0.07497959,-0.00068705715,72.55966
24.351449221508126,35.36231895652174,77.53338,9331199.551963806,0.039419252,-0.0025272556,73.8326
24.15942034471344,35.02536261613985,84.04098,17366400.293540955,0.0073166844,-0.0428319,71.08576
24.626811465810288,35.05797113185407,83.9315,13478399.474716187,0.029021483,-0.012733165,70.78985
24.15942034471344,35.02536261613985,84.04098,604799.9658823013,-0.024966944,0.030744206,72.34338
24.235507135886934,35.09782643790763,86.62735,16070400.386238098,0.022524271,-0.036818888,68.45578
24.33695651306752,35.26449269887389,75.24537,10368000.35533905,0.028425232,-0.047627363,74.51414
24.43478277193275,35.06521686399416,78.38795,5356800.128746033,-0.029562939,-0.009841207,71.31644
24.728260869121893,35.15579704180788,79.23173,11577599.464416504,0.024707671,-0.016480554,75.4027
24.55434784521419,35.039855304907746,78.730316,15465600.283241272,0.012797026,-0.024729721,75.84865
24.528985389862203,35.079710263267266,73.800804,172800.00249445438,-0.04064625,-0.06931135,73.29988
24.40579730278949,34.98550712868071,82.545616,15465600.283241272,0.0003213212,-0.033969123,70.475174
24.43478277193275,35.06521686399416,78.38795,10108800.15449524,0.019280538,-0.00622572,74.47933
24.514492864338745,35.152173737341,77.98083,6652800.036048889,-0.016073216,0.007652631,72.72858
24.731884091961334,34.88405773852335,82.62194,12441599.768257141,0.021715766,-0.014817912,73.08747
24.51086948471318,35.141304337922854,75.965324,1468799.9954938889,-0.03187075,-0.010320533,71.22948
24.351449221508126,35.36231895652174,77.53338,14860800.180244446,0.031955197,-0.019347362,77.20168
24.47463793572534,35.15579704180788,74.131996,2246400.0495672226,-0.021730058,-0.027619433,72.30985
24.16304339770124,35.14130418675153,77.183464,3023999.9665260315,-0.04660431,-0.047125425,69.37773
24.177536001617764,35.01449252133363,77.3516,15206400.082397461,0.024797749,-0.03348704,77.432846
24.481884276880134,35.21376834109622,79.042,10886399.660110474,0.019521179,-0.012779199,74.72811
24.507246627708035,35.15217355593542,72.15966,8208000.144195557,0.013473298,0.012899138,72.91184
24.49275373635028,34.95652190987481,78.13308,5270399.878978729,-0.037894834,0.011778213,71.7858
24.528985389862203,35.079710263267266,73.800804,864000.0296115875,-0.040948387,-0.05901183,72.861275
24.5036234048686,34.94565269942081,84.86278,11664000.262641907,0.022064896,-0.031152032,70.383484
24.35507260113369,35.04710138474188,76.478294,17971200.39653778,0.000994321,-0.007183172,76.31601
24.373188532413735,34.85507217391305,83.68782,9244799.850654602,-0.013055179,-0.015829138,71.6998
24.518115930392057,35.170290078269815,76.7112,2332799.8879909515,-0.043679025,-0.004323527,70.7457
24.72463775080654,35.097825908808005,83.506035,11577599.464416504,0.014091659,-0.02905647,72.11358
24.47463793572534,35.15579704180788,74.131996,14774400.478935242,0.02751404,-0.021887131,74.20009
24.15942034471344,35.02536261613985,84.04098,8639999.747657776,0.0090257265,-0.03390607,69.44259
24.72463775080654,35.097825908808005,83.506035,12441599.768257141,0.0169961,-0.03130876,71.837234
24.822463669968496,35.11956556932083,79.471794,6480000.084972382,0.012431204,0.01912779,73.31482
24.53985505838052,35.14492730981283,78.72631,18403200.0,0.017101917,-0.027262025,76.02615
24.17028990870767,35.119565206509655,75.23819,13651199.974250793,0.033675686,-0.013809606,75.09711
24.579710091518006,35.06884069756067,84.24473,13219200.370788574,0.022218361,-0.011839062,70.44622
24.507246418659868,35.018115659512056,74.98295,9590399.752807617,0.019036902,-0.005553473,74.98459
24.16304339770124,35.14130418675153,77.183464,8726399.99742508,0.037323803,-0.022605348,72.81799
24.068840433535758,35.050724689208764,75.1399,12182399.56741333,0.036353394,-0.0424362,74.149734
24.340579735906957,35.22101461745307,78.71513,12268800.365638733,0.026413508,-0.015703265,75.6228
24.141304256647267,35.05072417522627,80.839714,7689599.742507935,-0.059298653,0.00034868345,70.44062
24.177536001617764,35.01449252133363,77.3516,5788799.732208252,-0.052121814,-0.040709075,70.92773
24.278985653174068,35.159420527680346,80.15937,6652800.036048889,-0.048985835,-0.02956321,71.20167
24.626811465810288,35.05797113185407,83.9315,10195199.855804443,0.012101604,-0.014773853,72.08102
24.608695560661264,35.210145036629335,80.071884,1814400.0347614288,-0.045730185,-0.0048599653,70.91925
24.40217392316393,35.07246365433351,77.73675,9504000.051498413,0.01313442,0.00032196753,74.26532
24.278985574781007,35.18478260074926,85.36457,3542400.093984604,-0.089272216,-0.021617722,71.07259
24.626811465810288,35.05797113185407,83.9315,6220799.884128571,-0.028898757,-0.0024063103,72.53833
24.481884276880134,35.21376834109622,79.042,14083199.577713013,0.015182573,-0.013425186,76.495384
24.202898613755877,35.17753635462667,82.22561,15897599.886703491,0.016006872,-0.026521623,72.96602
24.53985505838052,35.14492730981283,78.72631,3456000.11844635,-0.020754844,0.0051548444,70.874
24.481884276880134,35.21376834109622,79.042,7430400.090122223,-0.012777023,0.01090586,72.45559
24.481884276880134,35.21376834109622,79.042,6739199.737358093,-0.020201676,0.0054177903,72.06909
24.336956356281394,35.12681217825459,78.56935,2332799.8879909515,-0.032441024,-0.007268943,69.60539
24.728260869121893,35.15579704180788,79.23173,1382400.019955635,-0.005879905,0.006328149,71.56214
24.336956356281394,35.12681217825459,78.56935,13564800.27294159,0.014952138,-0.009221885,76.397385
24.3913043591697,35.05434799367564,86.750465,1209599.9317646027,-0.033392902,-0.029798083,72.770004
24.626811465810288,35.05797113185407,83.9315,15638399.68585968,0.025258414,-0.014355086,70.04767
24.40217392316393,35.07246365433351,77.73675,18230399.500465393,-0.018477641,0.00042432733,76.705986
24.275362351941567,35.02173896397893,79.32639,3974399.971675873,-0.06759094,-0.014103565,70.28864
24.15217408195171,35.09782609021359,90.079155,9331199.551963806,0.05415701,-0.0016338322,71.86482
24.286231733018653,35.16304365074164,82.86601,0.0,0.029902134,0.0003744103,70.3031
24.576087129988778,34.96376817111452,80.53768,6134400.182819366,-0.033309307,-0.0020575747,72.37367
24.57608686867857,35.22463755910878,78.28966,11059200.15964508,0.015195841,-0.015515819,75.8118
24.52536253285706,35.05797113185407,79.99595,1382400.019955635,-0.0036129653,-0.0034486018,70.66637
24.24275355543479,35.275361916886446,83.709785,8208000.144195557,0.025568277,0.0040710755,70.23331
24.619565229179578,35.18478278215484,82.255135,3801600.0205993652,-0.025239807,0.00233626,71.69533
24.822463669968496,35.11956556932083,79.471794,18057600.097846985,0.011998098,-0.031070184,75.34068
24.572463802625258,35.028985391507106,77.31845,604799.9658823013,0.0116915535,0.004553091,71.94568
24.55072462237475,35.07608730649443,88.70044,4060799.9472141266,-0.027715769,-0.025092311,72.154945
24.528985389862203,35.079710263267266,73.800804,2419199.8635292053,-0.05008773,-0.04021957,72.65971
24.782608584568965,35.06521774078783,85.492004,18316800.298690796,-0.0035634376,-0.03980365,69.13386
24.278985574781007,35.18478260074926,85.36457,14601599.979400635,0.034686297,-0.026610583,70.02912
24.340579657513896,35.072464168316,77.031204,864000.0296115875,-0.018078499,-0.015268952,70.44005
24.3913043591697,35.05434799367564,86.750465,16070400.386238098,0.011850681,-0.021112625,68.45277
24.2137679164399,35.101449394680465,78.1842,10368000.35533905,0.020775193,-0.008038592,73.76549
24.134057993885538,35.130434787333385,80.741425,14774400.478935242,0.013800576,-0.0068205,75.1462
24.409420264318722,35.097825908808005,75.01247,6739199.737358093,-0.027117353,0.011865379,73.599
24.626811465810288,35.05797113185407,83.9315,12355200.066947937,0.026209608,-0.016379893,71.18316
24.068840433535758,35.17753635462667,82.62194,15724800.484085083,0.03265157,-0.03363793,72.822945
24.514492864338745,35.152173737341,77.98083,16329599.49016571,0.012783421,-0.03820383,77.197716
24.202898613755877,35.17753635462667,82.22561,14774400.478935242,0.027165804,-0.022242814,72.61246
24.202898613755877,35.17753635462667,82.22561,86400.00124722719,-0.04322953,-0.04341962,70.24817
24.2137679164399,35.101449394680465,78.1842,1036799.9806880951,-0.003004536,-0.031075537,69.57973
24.626811465810288,35.05797113185407,83.9315,691200.0099778175,0.004576508,0.014166751,72.41985
24.471014503837736,35.137681214861566,84.09494,432000.01480579376,0.013539232,-0.0069164075,71.33295
24.373188349496587,35.09782609021359,73.044136,7257600.139045715,-0.011569854,-0.027696092,73.17348
24.35507260113369,35.04710138474188,76.478294,12527999.469566345,0.006508462,-0.014608312,76.06303
24.40217392316393,35.07246365433351,77.73675,15983999.588012695,-0.0006962009,-0.010534242,76.82852
24.507246418659868,35.018115659512056,74.98295,14342399.778556824,0.01757139,-0.011663649,75.93583
24.268116089179838,35.07971042955572,81.07262,4406400.123596191,-0.05135348,-0.014346778,70.41479
24.623188347494935,34.98550731008629,86.27349,6825599.987125397,-0.022149473,-0.000119488686,72.26417
24.423912946628306,35.16304383214723,83.815254,2505600.113296509,-0.039882805,-0.018447623,71.066605
24.152173912100075,34.942029039701325,85.189964,8121599.894428253,-0.014262803,0.008922474,70.31452
