variable,mae,count
so,0.016056433621768715,4280
thetao,0.2223168917385522,4280
uo,0.011613680175294525,4280
vo,0.011303983789746135,4280
