x,y,z,t,u_pred,v_pred,Z0
24.271739312019278,35.0833337340226,74.97577,9244799.850654602,0.022608781,-0.009598764,72.90975
24.340579657513896,35.072464168316,77.031204,18316800.298690796,0.00043678284,-0.020981133,72.22276
24.365941903817713,35.11594190204278,77.940506,9676799.454116821,0.005244456,-0.005007522,72.99708
24.340579735906957,35.22101461745307,78.71513,7084800.187969208,0.0028675273,-0.016768198,72.35709
24.278985653174068,35.159420527680346,80.15937,10886399.660110474,0.02412503,-0.016780943,72.269455
24.619565229179578,35.18478278215484,82.255135,8208000.144195557,0.011524264,-0.018735643,72.55222
24.409420264318722,35.137681214861566,85.684586,8899199.948501587,0.010662222,-0.0025793575,72.029785
24.275362351941567,35.02173896397893,79.32639,4060799.9472141266,-0.03592749,-0.009888321,71.740524
24.35507260113369,35.04710138474188,76.478294,9590399.752807617,0.017447684,-0.0073071793,73.20223
24.52536253285706,35.05797113185407,79.99595,13564800.27294159,0.020541655,-0.027713697,72.930725
24.242753659958876,34.931159481553294,83.59315,13046399.871253967,0.024221595,-0.006699903,71.74057
24.358695745580064,35.14492749121842,79.46463,10540799.757957458,0.024963073,-0.013880428,72.6651
24.53985505838052,35.14492730981283,78.72631,13391999.773406982,0.025805056,-0.008201338,73.12361
24.62318819070881,35.09782625650204,81.14894,12873600.46863556,0.02295095,-0.01731116,72.88778
24.51086948471318,35.141304337922854,75.965324,13219200.370788574,0.023623545,-0.011019487,73.65976
24.782608845879178,35.07246365433351,80.82854,17452799.99485016,-0.0058860667,0.008952196,72.66345
24.003623304347823,35.192029209683014,80.788605,2505600.113296509,-0.07851653,-0.13205616,71.75941
24.623188347494935,34.98550731008629,86.27349,8639999.747657776,0.014701374,-0.006591657,72.8406
24.62318819070881,35.09782625650204,81.14894,7084800.187969208,-0.023694254,0.012264984,72.794655
24.242753659958876,34.931159481553294,83.59315,15465600.283241272,0.0071532615,-0.025655318,71.675316
24.242753659958876,34.931159481553294,83.59315,13737599.675559998,0.02315833,-0.008861601,71.72824
24.358695745580064,35.14492749121842,79.46463,13046399.871253967,0.026456045,-0.0069124587,72.58899
24.15217408195171,35.09782609021359,90.079155,1296000.0444173813,0.010453485,-0.025734112,73.048
24.134057993885538,35.130434787333385,80.741425,432000.01480579376,-0.07809444,-0.090327024,71.14406
24.409420185925658,35.126811301460926,78.58091,9590399.752807617,0.017983617,-0.004046358,72.962524
24.068840433535758,35.050724689208764,75.1399,1123200.0247836113,-0.021946907,-0.05728858,72.513695
24.268116089179838,35.07971042955572,81.07262,5615999.781131744,-0.033990353,-0.024485499,71.720924
24.264492787947336,35.06521739309379,75.914215,2678400.0643730164,-0.017758373,-0.023988757,72.87387
24.51086948471318,35.141304337922854,75.965324,5529600.07982254,-0.014490984,0.001555467,73.257225
24.641304357168043,34.938405387540406,81.3883,2159999.936914444,-0.00028914213,-0.016572822,72.78658
24.442029139218562,35.043478080275,76.86345,5356800.128746033,-0.026913531,-0.008830255,73.08559
24.579710091518006,35.06884069756067,84.24473,4406400.123596191,-0.030436687,0.012097761,72.68307
24.521739153231497,35.18115965909355,80.50853,6307200.133895874,-0.005765613,-0.015671007,72.60557
24.782608845879178,35.07246365433351,80.82854,14601599.979400635,0.01315376,-0.0056470614,73.282
24.271739312019278,35.0833337340226,74.97577,4060799.9472141266,-0.042984344,-0.008182678,73.06785
24.40579730278949,34.98550712868071,82.545616,10540799.757957458,0.016042998,-0.03700064,72.17395
24.409420342711783,35.02898555779556,73.23672,2851200.015449524,-0.021075018,-0.0053604096,73.4258
24.85869584610084,35.31159408476158,76.05999,12787199.670410156,0.039046813,-0.030012798,72.68553
24.264492787947336,35.06521739309379,75.914215,10972800.458335876,0.021243628,-0.008712444,72.92812
24.134057993885538,35.130434787333385,80.741425,10627199.459266663,0.025983289,-0.018795151,71.7082
24.55072462237475,35.07608730649443,88.70044,9935999.654960632,0.026644476,-0.021485023,72.87475
24.268116089179838,35.07971042955572,81.07262,15724800.484085083,0.008359853,-0.036962245,71.891075
24.351449221508126,35.36231895652174,77.53338,15206400.082397461,0.040917426,-0.028184347,73.09075
24.369565205050215,35.10507235145331,81.59638,777599.9855160713,-0.015072845,-0.003664175,71.967125
24.171296292717127,35.10648163098043,78.049835,17884799.598312378,0.004246738,-0.025211241,72.714005
24.528985389862203,35.079710263267266,73.800804,10799999.95880127,0.019157358,-0.022705361,73.6991
24.728260869121893,35.15579704180788,79.23173,13910400.175094604,0.033364717,-0.007506497,73.384285
24.40217392316393,35.07246365433351,77.73675,6134400.182819366,-0.028712913,-0.0039569177,72.76716
24.171296292717127,35.10648163098043,78.049835,4319999.873828888,-0.042167507,-0.025394265,72.10096
24.586956589458925,35.03623181903528,81.050644,16243199.788856506,0.0067768544,-0.036262747,72.6911
24.409420185925658,35.126811301460926,78.58091,13391999.773406982,0.024156002,-0.006034307,72.891884
24.17028990870767,35.119565206509655,75.23819,2937599.9909877777,-0.069055215,-0.0524802,73.00593
24.57608686867857,35.22463755910878,78.28966,6566399.786281586,-0.018687647,0.011284136,73.12756
24.728260869121893,35.15579704180788,79.23173,5875199.981975555,-0.025553249,0.010778827,73.20373
24.55072462237475,35.07608730649443,88.70044,7171199.889278412,0.018375885,-0.014810491,72.96545
24.171296292717127,35.10648163098043,78.049835,6134400.182819366,-0.03198141,-0.02421553,72.00333
24.514492864338745,35.152173737341,77.98083,14774400.478935242,0.02023545,-0.0131301135,73.025246
24.655797039477626,35.09782643790763,82.953125,11231999.562263489,0.026022125,-0.02573742,72.599525
24.286231733018653,35.16304365074164,82.86601,9590399.752807617,0.02914657,-0.019827269,71.53731
24.32608705359737,35.05434782738719,80.59564,5011200.226593018,-0.022316184,-0.02149669,71.9886
24.369565205050215,35.10507235145331,81.59638,8553600.046348572,0.013207199,-0.017281406,72.105446
24.586956589458925,35.03623181903528,81.050644,1209599.9317646027,-0.0051859803,0.004261516,72.71044
24.655797039477626,35.09782643790763,82.953125,10195199.855804443,0.02671796,-0.021799784,72.59477
24.55072462237475,35.07608730649443,88.70044,6825599.987125397,0.017638136,-0.014313769,72.980194
24.17028990870767,35.119565206509655,75.23819,14169600.375938416,0.027696267,-0.012568116,72.954124
24.52536253285706,35.05797113185407,79.99595,7430400.090122223,-0.00090415403,-0.01313832,72.82216
24.46739112421217,35.10507235145331,77.031204,5356800.128746033,-0.019315556,-0.01850234,73.08989
24.525362323808892,35.01449270273921,80.76379,14774400.478935242,0.017232634,-0.035784166,72.765396
24.471014503837736,35.137681214861566,84.09494,6998399.938201904,-0.018738333,-0.0022672135,72.31724
24.641304357168043,34.938405387540406,81.3883,13651199.974250793,0.028218538,-0.03753864,73.00522
24.235507135886934,35.09782643790763,86.62735,12441599.768257141,0.01897717,-0.027968772,71.07911
24.62318819070881,35.09782625650204,81.14894,5702400.030899048,-0.028173149,0.008962433,72.68978
24.677536062942007,35.07971042955572,84.775665,12614400.267791748,0.018127259,-0.031953696,72.50446
24.373188349496587,35.09782609021359,73.044136,1814400.0347614288,-0.011752676,0.009018999,72.94181
24.51086948471318,35.141304337922854,75.965324,3974399.971675873,-0.019958626,-0.0066048484,73.04408
24.282608510179216,35.10869565592019,73.044136,7430400.090122223,-0.033254586,-0.0102816,72.79064
24.75362311542571,35.148550251468535,82.31272,10886399.660110474,0.016180463,-0.01367151,73.055336
24.369565205050215,35.10507235145331,81.59638,18403200.0,-3.9752573e-05,-0.028757129,71.56832
24.521739153231497,35.18115965909355,80.50853,1036799.9806880951,0.0049411654,-0.012004267,72.173485
24.340579735906957,35.22101461745307,78.71513,11059200.15964508,0.031669606,-0.018831026,72.95515
24.242753659958876,34.931159481553294,83.59315,15292799.783706665,0.0086208675,-0.024231002,71.68149
24.275362351941567,35.02173896397893,79.32639,7689599.742507935,-0.02298943,-0.0036650859,72.20798
24.75362311542571,35.148550251468535,82.31272,8726399.99742508,-0.0030614622,0.012616148,72.92654
24.068840433535758,35.17753635462667,82.62194,12700799.969100952,0.03867426,-0.03716261,71.36718
24.152173912100075,34.942029039701325,85.189964,7948799.943351746,-0.023403294,0.0106160855,71.254524
24.822463669968496,35.11956556932083,79.471794,15551999.984550476,0.017700328,-0.018917087,73.37058
24.782608584568965,35.06521774078783,85.492004,11491199.7631073,0.016866293,-0.023740176,72.93619
24.40217392316393,35.07246365433351,77.73675,12095999.866104126,0.021618573,-0.009723201,73.298996
24.40217392316393,35.07246365433351,77.73675,18143999.79915619,-0.008944519,5.955808e-05,72.19793
24.336956356281394,35.12681217825459,78.56935,4060799.9472141266,-0.040849283,-0.0012591388,72.239624
24.85869584610084,35.31159408476158,76.05999,6998399.938201904,-0.020977747,0.015757164,74.14708
24.278985653174068,35.159420527680346,80.15937,12873600.46863556,0.024004593,-0.010632347,72.31436
24.32608705359737,35.05434782738719,80.59564,8639999.747657776,0.008564871,-0.018038128,72.18694
24.731883987437246,34.999999998854186,80.17734,12095999.866104126,0.010742553,-0.025450446,73.640755
24.171296292717127,35.10648163098043,78.049835,15292799.783706665,0.019157803,-0.024401441,72.90267
24.60144921950647,34.9456523441682,85.40489,7775999.992275238,-0.018030267,0.01204599,72.66953
24.068840433535758,35.050724689208764,75.1399,16416000.288391113,0.00673284,-0.042588547,73.33309
24.641304357168043,34.938405387540406,81.3883,16847999.891853333,0.010655969,-0.037094172,73.174706
24.659420157792983,35.13768139626715,82.9603,4924799.976825714,-0.024463728,0.012575212,72.62086
24.62318819070881,35.09782625650204,81.14894,7257600.139045715,-0.022595663,0.013113966,72.80548
24.782608584568965,35.06521774078783,85.492004,4838399.727058411,-0.024454713,0.013172795,73.33914
24.24275355543479,35.275361916886446,83.709785,14083199.577713013,0.031683773,-0.012638364,71.19449
24.62318819070881,35.09782625650204,81.14894,3023999.9665260315,-0.02055331,0.009005597,72.56173
24.40217392316393,35.07246365433351,77.73675,5875199.981975555,-0.029411532,-0.0066391192,72.74831
24.15942034471344,35.02536261613985,84.04098,2764800.03991127,-0.03052099,-0.008936029,72.02504
24.731883987437246,34.999999998854186,80.17734,11491199.7631073,0.01014577,-0.027121283,73.674965
24.659420157792983,35.13768139626715,82.9603,3887999.996137619,-0.023832604,0.0093541695,72.61543
24.268116089179838,35.07971042955572,81.07262,17020800.39138794,0.0055998527,-0.040364172,71.729416
24.141304256647267,35.05072417522627,80.839714,1209599.9317646027,-0.06032096,-0.032907426,71.34421
24.278985574781007,35.18478260074926,85.36457,16156800.087547302,0.02578661,-0.022991393,71.03081
24.60144921950647,34.9456523441682,85.40489,13824000.4737854,0.027856495,-0.019079488,72.514824
24.06159400092239,35.235507653915,77.223785,4752000.025749207,-0.06671541,-0.060245946,71.8384
24.52536253285706,35.05797113185407,79.99595,5270399.878978729,-0.021168325,-0.009355683,72.59444
24.373188532413735,34.85507217391305,83.68782,13651199.974250793,0.018865503,-0.038554482,72.190475
24.32608705359737,35.05434782738719,80.59564,11145599.860954285,0.024349313,-0.025741968,72.302956
24.3913043591697,35.05434799367564,86.750465,5184000.177669525,-0.02788715,0.002803525,72.11952
24.49275373635028,35.04710138474188,79.64641,16329599.49016571,1.3809651e-05,-0.035123758,72.593315
24.57246390714934,35.13405809180027,82.83649,11577599.464416504,0.02971729,-0.023018468,72.292404
24.655797039477626,35.09782643790763,82.953125,864000.0296115875,0.010086564,0.005887447,72.867775
24.3913043591697,35.05434799367564,86.750465,9849599.953651428,0.024496565,-0.0020142645,72.13235
24.271739312019278,35.0833337340226,74.97577,10022400.453186035,0.024526525,-0.018011846,72.903015
24.49275373635028,35.04710138474188,79.64641,345600.00498890877,0.0019730218,0.012984834,72.77159
24.619565229179578,35.18478278215484,82.255135,16847999.891853333,0.013468314,-0.026338123,71.64353
24.655797039477626,35.09782643790763,82.953125,15983999.588012695,0.014439017,-0.024093311,72.11383
24.340579657513896,35.072464168316,77.031204,10627199.459266663,0.018800605,-0.010473318,73.11281
24.43478277193275,35.06521686399416,78.38795,11059200.15964508,0.022778476,-0.01136044,73.241745
24.32608705359737,35.05434782738719,80.59564,10022400.453186035,0.022306522,-0.025822844,72.21967
24.264492787947336,35.06521739309379,75.914215,7516799.791431427,-0.009913236,0.017281555,72.77526
24.521739153231497,35.18115965909355,80.50853,4838399.727058411,-0.016173732,-0.014646184,72.43319
24.340579657513896,35.072464168316,77.031204,5702400.030899048,-0.027109407,-0.007923113,72.73194
24.57608686867857,35.22463755910878,78.28966,12960000.169944763,0.030024935,0.0005183276,73.35933
24.822463669968496,35.11956556932083,79.471794,864000.0296115875,-0.014336109,0.019029772,73.29135
24.514492864338745,35.152173737341,77.98083,7343999.840354919,-0.010167588,0.009726214,73.26633
24.17028990870767,35.119565206509655,75.23819,12527999.469566345,0.032525737,-0.00938347,72.738556
24.800724541980035,35.0326085145684,80.91604,17279999.49531555,0.0002165772,-0.0039679594,72.83988
24.358695745580064,35.14492749121842,79.46463,3715200.0450611115,-0.038613148,-0.007610267,72.045525
24.5036234048686,34.94565269942081,84.86278,1728000.059223175,0.0050874203,-7.772073e-05,72.30456
24.409420342711783,35.02898555779556,73.23672,15551999.984550476,0.012095591,-0.01996376,73.14472
24.579710091518006,35.06884069756067,84.24473,6998399.938201904,-0.015956037,0.008562982,72.5732
24.409420342711783,35.02898555779556,73.23672,17971200.39653778,0.0039252453,-0.020821445,72.4832
24.52536253285706,35.05797113185407,79.99595,15033599.582862854,0.017453521,-0.032145094,72.7621
24.271739312019278,35.0833337340226,74.97577,3456000.11844635,-0.04525394,-0.008587832,73.09529
24.43478277193275,35.06521686399416,78.38795,9071999.899578094,0.007591553,-0.002370298,73.103836
24.60144921950647,34.9456523441682,85.40489,17366400.293540955,0.0061033256,-0.011303045,72.661415
24.40217392316393,35.07246365433351,77.73675,3110399.9420642853,-0.028226957,-0.013168961,72.70023
24.373188532413735,34.85507217391305,83.68782,4838399.727058411,-0.025132328,-0.006128872,72.30573
24.278985574781007,35.18478260074926,85.36457,8985600.19826889,0.012596214,-0.0038237441,71.420456
24.782608584568965,35.06521774078783,85.492004,15120000.381088257,0.030665033,-0.023034897,72.425545
24.626811465810288,35.05797113185407,83.9315,3283199.893140793,-0.024888486,0.016062237,72.81646
24.43478277193275,35.06521686399416,78.38795,16243199.788856506,0.007273525,-0.01945468,72.63981
24.278985574781007,35.18478260074926,85.36457,9158400.149345398,0.015842294,-0.0038002897,71.40122
24.55072462237475,35.07608730649443,88.70044,10368000.35533905,0.029030912,-0.02254359,72.839905
24.503623143558386,34.916666955294566,80.479385,15897599.886703491,0.0065208785,-0.011124928,72.9625
24.880434869565217,35.11594208344836,73.60822,12527999.469566345,0.02570663,-0.016138103,73.55844
24.358695745580064,35.14492749121842,79.46463,5529600.07982254,-0.02969648,0.0010667108,72.139626
24.365941903817713,35.11594190204278,77.940506,18403200.0,0.0019263849,-0.008894993,72.24919
24.423912946628306,35.13405791039468,84.735344,518399.99034404755,-0.01584582,0.019216986,72.13943
24.43478251062254,35.050724689208764,81.254395,3110399.9420642853,-0.0126206465,-0.013494313,72.282555
24.409420185925658,35.126811301460926,78.58091,2764800.03991127,-0.022796914,-0.011400938,72.26148
24.409420342711783,35.02898555779556,73.23672,12527999.469566345,0.017890401,-0.00565823,73.3619
24.525362323808892,35.01449270273921,80.76379,8294399.845504761,-0.010890868,0.009579924,72.7601
24.15942034471344,35.02536261613985,84.04098,4406400.123596191,-0.032389767,-0.013636768,71.88148
24.85869584610084,35.31159408476158,76.05999,0.0,0.004248619,0.031784523,71.72689
24.33695651306752,35.26449269887389,75.24537,15206400.082397461,0.046330865,-0.026163679,74.76958
24.271739312019278,35.0833337340226,74.97577,5875199.981975555,-0.033063643,-0.011909887,73.001915
24.655797039477626,35.09782643790763,82.953125,6480000.084972382,-0.014436346,0.0050957166,72.70679
24.293478074173446,35.130434424522214,78.52256,432000.01480579376,-0.039915323,-0.03565876,71.82572
24.409420342711783,35.02898555779556,73.23672,16416000.288391113,0.014121685,-0.01950229,72.95031
24.442029139218562,35.043478080275,76.86345,2332799.8879909515,-0.027961701,-0.002205167,73.059746
24.134057993885538,35.130434787333385,80.741425,691200.0099778175,-0.07779529,-0.08871847,71.16247
24.33695651306752,35.26449269887389,75.24537,4492800.099134445,-0.08280374,-0.0434035,72.45046
24.655797039477626,35.09782643790763,82.953125,7257600.139045715,-0.0060951635,-0.0021289382,72.730675
24.60144921950647,34.9456523441682,85.40489,11145599.860954285,0.028830297,-0.021396935,72.58807
24.3985509616347,35.079710263267266,82.39983,13564800.27294159,0.0254995,-0.026907954,71.95187
24.35507260113369,35.04710138474188,76.478294,8639999.747657776,0.005123269,-0.005679108,73.1127
24.171296292717127,35.10648163098043,78.049835,14515200.27809143,0.023684612,-0.021144986,72.818306
24.286231733018653,35.16304365074164,82.86601,14687999.680709839,0.020054277,-0.02130749,71.474915
24.800724541980035,35.0326085145684,80.91604,12873600.46863556,0.027173128,0.0038163494,73.70931
24.572463802625258,35.028985391507106,77.31845,8985600.19826889,0.0041738413,0.0010270141,73.831894
24.53985505838052,35.14492730981283,78.72631,15206400.082397461,0.01667133,-0.018412087,72.84257
24.619565229179578,35.18478278215484,82.255135,10281599.557113647,0.027594164,-0.010958478,72.423225
24.3913043591697,35.05434799367564,86.750465,11664000.262641907,0.02620875,-0.015620012,71.995995
24.40579722439643,35.07608730649443,81.130585,8380800.095272064,0.017459368,-0.007435443,72.27879
24.275362351941567,35.02173896397893,79.32639,1036799.9806880951,-0.037900135,-0.023829274,72.09241
24.286231733018653,35.16304365074164,82.86601,11059200.15964508,0.028882086,-0.022194952,71.439156
24.271739312019278,35.0833337340226,74.97577,12182399.56741333,0.028159047,-0.018784795,72.9632
24.271739312019278,35.0833337340226,74.97577,8639999.747657776,0.0139765665,-0.007231472,72.95225
24.286231733018653,35.16304365074164,82.86601,5788799.732208252,0.0041425154,-0.027109988,71.66285
24.623188347494935,34.98550731008629,86.27349,11318400.360488892,0.037588224,-0.026124824,72.698074
24.134057993885538,35.130434787333385,80.741425,5702400.030899048,-0.077318974,-0.02021753,71.21373
24.655797039477626,35.09782643790763,82.953125,1814400.0347614288,-0.0066350773,0.0017263275,72.83849
24.782608845879178,35.07246365433351,80.82854,5702400.030899048,-0.025115214,0.010601645,73.309
24.528985389862203,35.079710263267266,73.800804,14083199.577713013,0.029119618,-0.019468904,73.57318
24.5036234048686,34.94565269942081,84.86278,18403200.0,-0.012242425,-0.01522718,72.740685
24.40217392316393,35.07246365433351,77.73675,16761600.190544128,-5.3647906e-05,-0.010386225,72.496605
24.579710091518006,35.06884069756067,84.24473,11491199.7631073,0.026248097,-0.031313345,72.333145
24.442029139218562,35.043478080275,76.86345,14774400.478935242,0.018555753,-0.016568039,73.225395
24.49275373635028,34.95652190987481,78.13308,12182399.56741333,0.012742534,-0.016267087,73.60623
24.282608510179216,35.10869565592019,73.044136,17625600.494384766,0.0075768493,-0.020082064,73.143394
24.619565229179578,35.18478278215484,82.255135,10886399.660110474,0.030224703,-0.013796642,72.45925
24.365941903817713,35.11594190204278,77.940506,5788799.732208252,-0.041652568,-0.008900594,72.62451
24.336956356281394,35.12681217825459,78.56935,2505600.113296509,-0.033259258,-0.010407649,72.07132
24.003623304347823,35.192029209683014,80.788605,17193599.794006348,0.014285397,-0.038682595,72.98174
24.782608845879178,35.07246365433351,80.82854,16416000.288391113,0.0038097315,-0.000737533,72.91199
24.579710091518006,35.06884069756067,84.24473,14515200.27809143,0.018659014,-0.018403068,72.06312
24.40217392316393,35.07246365433351,77.73675,1555199.9710321426,-0.0075391233,-0.0083527975,72.72957
24.278985574781007,35.18478260074926,85.36457,12787199.670410156,0.03195071,-0.016371582,71.0273
24.2137679164399,35.101449394680465,78.1842,4838399.727058411,-0.022717066,-0.031739064,72.03774
24.282608510179216,35.10869565592019,73.044136,3974399.971675873,-0.046972737,-0.030172542,73.098305
24.731884091961334,34.88405773852335,82.62194,3283199.893140793,-0.016212594,-0.0035324376,73.18668
24.572463802625258,35.028985391507106,77.31845,345600.00498890877,0.010230817,0.0071926685,73.41303
24.72463775080654,35.097825908808005,83.506035,4924799.976825714,-0.015986431,0.008855842,72.905945
24.518115930392057,35.170290078269815,76.7112,11491199.7631073,0.016502112,-0.01528091,73.670616
24.60144921950647,34.9456523441682,85.40489,1641599.9465703964,0.008387364,0.008404488,72.58551
24.351449221508126,35.36231895652174,77.53338,7862400.2420425415,0.04375409,-0.005747745,72.7738
24.068840433535758,35.17753635462667,82.62194,9417600.350189209,0.030720826,-0.045148946,70.858246
24.33695651306752,35.26449269887389,75.24537,4233599.898290634,-0.084591985,-0.04389432,72.40157
24.358695745580064,35.14492749121842,79.46463,9676799.454116821,0.022693757,-0.007879278,72.622116
24.340579657513896,35.072464168316,77.031204,5875199.981975555,-0.026634172,-0.00769102,72.74084
24.16304339770124,35.14130418675153,77.183464,1900800.0102996826,-0.06042181,-0.090892784,72.34509
24.40579722439643,35.07608730649443,81.130585,13478399.474716187,0.024269486,-0.02488219,72.243324
24.409420342711783,35.02898555779556,73.23672,17798399.897003174,0.0066258423,-0.019567706,72.535904
24.442029139218562,35.043478080275,76.86345,9504000.051498413,-0.005639281,-0.031307142,73.54059
24.822463669968496,35.11956556932083,79.471794,3542400.093984604,-0.021677963,0.008772594,73.22362
24.43478277193275,35.06521686399416,78.38795,11836799.665260315,0.020848762,-0.00815505,73.255516
24.608695560661264,35.210145036629335,80.071884,1641599.9465703964,-0.023264274,-0.0074555054,72.3088
24.423912946628306,35.16304383214723,83.815254,3801600.0205993652,-0.023240268,-0.0062620062,72.210304
24.275362351941567,35.02173896397893,79.32639,4752000.025749207,-0.03264925,-0.011570033,71.77695
24.85869584610084,35.31159408476158,76.05999,13564800.27294159,0.040603492,-0.029954452,72.51661
24.068840433535758,35.17753635462667,82.62194,2592000.0888347626,-0.02913966,-0.049924634,71.742455
24.47463793572534,35.15579704180788,74.131996,13651199.974250793,0.025214843,-0.022395663,73.517044
24.481884276880134,35.21376834109622,79.042,7171199.889278412,-0.018460922,0.005867956,72.79882
24.15942034471344,35.02536261613985,84.04098,10195199.855804443,0.02447705,-0.030847315,71.35184
24.503623143558386,34.916666955294566,80.479385,17625600.494384766,-0.0118643865,0.011229092,72.94801
24.340579735906957,35.22101461745307,78.71513,15379199.48501587,0.025404721,-0.009483123,73.049
24.275362351941567,35.02173896397893,79.32639,3456000.11844635,-0.038065627,-0.011013687,71.77325
24.49275373635028,35.04710138474188,79.64641,10368000.35533905,0.017894885,-0.01047888,73.06158
24.3985509616347,35.079710263267266,82.39983,259199.99517202377,0.0061036535,-0.004122328,72.17089
24.423912946628306,35.13405791039468,84.735344,9935999.654960632,0.024501542,-0.021116082,71.95986
24.358695745580064,35.14492749121842,79.46463,11664000.262641907,0.025797032,-0.014432337,72.66777
24.655797039477626,35.09782643790763,82.953125,11404800.061798096,0.025943317,-0.02585866,72.59587
24.800724541980035,35.0326085145684,80.91604,1382400.019955635,0.0039959997,0.005213104,73.45409
24.373188349496587,35.09782609021359,73.044136,2246400.0495672226,-0.011206746,0.009949555,73.023186
24.15942034471344,35.02536261613985,84.04098,14860800.180244446,0.016492603,-0.04044852,71.05387
24.271739312019278,35.0833337340226,74.97577,4233599.898290634,-0.042262137,-0.008334333,73.05729
24.423912946628306,35.13405791039468,84.735344,16329599.49016571,0.0092423875,-0.023177106,71.36961
24.49275373635028,34.95652190987481,78.13308,17884799.598312378,-0.0025605299,-0.02414466,72.67895
24.586956589458925,35.03623181903528,81.050644,14947199.88155365,0.01566868,-0.029075447,72.7869
24.32608705359737,35.05434782738719,80.59564,15292799.783706665,0.014813032,-0.032553677,72.06743
24.134057993885538,35.130434787333385,80.741425,5875199.981975555,-0.07356589,-0.018415645,71.206406
24.2137679164399,35.101449394680465,78.1842,12182399.56741333,0.022243898,-0.024428558,72.58723
24.068840433535758,35.17753635462667,82.62194,15033599.582862854,0.033610485,-0.03138878,71.91477
24.528985389862203,35.079710263267266,73.800804,11664000.262641907,0.019619592,-0.025505591,73.67562
24.43478251062254,35.050724689208764,81.254395,13737599.675559998,0.02319319,-0.029751446,72.3599
24.423912946628306,35.16304383214723,83.815254,2419199.8635292053,-0.021415595,-0.010951955,72.24303
24.655797039477626,35.09782643790763,82.953125,7862400.2420425415,-0.0010463968,-0.0060837157,72.71749
24.351449221508126,35.36231895652174,77.53338,6652800.036048889,0.017597215,-0.012008175,72.585815
24.46739112421217,35.10507235145331,77.031204,10195199.855804443,0.016668739,-0.009207802,73.57498
24.17028990870767,35.119565206509655,75.23819,15120000.381088257,0.021547684,-0.019213226,73.10327
24.731884091961334,34.88405773852335,82.62194,10454400.056648254,0.01683465,-0.009924367,73.16055
24.528985389862203,35.079710263267266,73.800804,14515200.27809143,0.027742188,-0.01997482,73.49334
24.268116089179838,35.07971042955572,81.07262,7775999.992275238,-0.015874188,-0.0152053125,71.83121
24.423912946628306,35.13405791039468,84.735344,10713600.257492065,0.02656556,-0.023845594,71.8642
24.40579722439643,35.07608730649443,81.130585,9071999.899578094,0.021705866,-0.012671389,72.282776
24.40217392316393,35.07246365433351,77.73675,15724800.484085083,0.0075974576,-0.0116215125,72.74615
24.507246418659868,35.018115659512056,74.98295,16934399.593162537,0.010599848,-0.025751874,72.61001
24.507246418659868,35.018115659512056,74.98295,8899199.948501587,0.00659639,-0.0003514476,73.83429
24.659420157792983,35.13768139626715,82.9603,6652800.036048889,-0.015912872,0.015697768,72.65453
24.152173912100075,34.942029039701325,85.189964,11059200.15964508,0.023634663,-0.016403612,71.28912
24.365941903817713,35.11594190204278,77.940506,5356800.128746033,-0.040623263,-0.009562848,72.60114
24.264492787947336,35.06521739309379,75.914215,4752000.025749207,-0.024345547,-0.0060019083,72.79136
24.264492787947336,35.06521739309379,75.914215,16847999.891853333,0.008004338,-0.021351486,72.90871
24.49275373635028,34.95652190987481,78.13308,14601599.979400635,0.016188841,-0.0032943413,73.19399
24.068840433535758,35.050724689208764,75.1399,777599.9855160713,-0.015621979,-0.07126303,72.47571
24.264492787947336,35.06521739309379,75.914215,11145599.860954285,0.021275958,-0.009874843,72.938385
24.503623143558386,34.916666955294566,80.479385,5875199.981975555,-0.027158499,-0.0059386734,73.0007
24.55434784521419,35.039855304907746,78.730316,18403200.0,0.0013205074,-0.034743503,72.56807
24.336956356281394,35.12681217825459,78.56935,2419199.8635292053,-0.0326657,-0.011122428,72.060135
24.518115930392057,35.170290078269815,76.7112,4060799.9472141266,-0.029485345,0.008713286,72.8213
24.586956589458925,35.03623181903528,81.050644,15724800.484085083,0.00999463,-0.03460967,72.73734
24.60144921950647,34.9456523441682,85.40489,5615999.781131744,-0.024673678,0.023447499,72.67601
24.731884091961334,34.88405773852335,82.62194,6566399.786281586,-0.009531356,0.019140858,73.07831
24.623188347494935,34.98550731008629,86.27349,604799.9658823013,0.013352362,0.0009276308,72.20957
24.5036234048686,34.94565269942081,84.86278,3369599.8686790466,-0.0068441816,-0.010990936,72.50342
24.57608686867857,35.22463755910878,78.28966,17279999.49531555,0.016820293,-0.022097856,72.40502
24.586956589458925,35.03623181903528,81.050644,3801600.0205993652,-0.006792579,-0.010405213,72.66324
24.336956356281394,35.12681217825459,78.56935,16070400.386238098,-0.002801586,-0.0021523219,72.6071
24.351449221508126,35.36231895652174,77.53338,13996799.876403809,0.05011902,-0.02012438,73.08872
24.60144921950647,34.9456523441682,85.40489,1036799.9806880951,0.014939744,0.0042571854,72.43319
24.177536001617764,35.01449252133363,77.3516,9417600.350189209,0.014025247,-0.023074854,72.55142
24.06159400092239,35.235507653915,77.223785,10799999.95880127,0.0350234,-0.03129532,71.908646
24.579710091518006,35.06884069756067,84.24473,17539199.696159363,-0.012541145,0.008590442,71.9128
24.423912946628306,35.13405791039468,84.735344,17884799.598312378,-0.0060529225,-0.015590619,71.2686
24.481884276880134,35.21376834109622,79.042,13996799.876403809,0.02258764,-0.0022552852,72.738174
24.572463802625258,35.028985391507106,77.31845,12268800.365638733,0.015435524,-0.017786492,73.92093
24.16304339770124,35.14130418675153,77.183464,7775999.992275238,0.012947816,-0.023581784,72.384636
24.52536253285706,35.05797113185407,79.99595,4406400.123596191,-0.021956671,-0.0054014865,72.55542
24.5036234048686,34.94565269942081,84.86278,691200.0099778175,0.01610301,0.01078381,72.07978
24.55072462237475,35.07608730649443,88.70044,17279999.49531555,0.009576628,-0.026425928,72.45942
24.728260869121893,35.15579704180788,79.23173,3369599.8686790466,-0.023964658,-0.004143847,72.81814
24.373188349496587,35.09782609021359,73.044136,17020800.39138794,0.013002632,-0.032334376,72.929565
24.49275373635028,35.04710138474188,79.64641,18143999.79915619,-0.011919662,-0.026006639,72.39962
24.880434869565217,35.11594208344836,73.60822,15897599.886703491,0.014279678,-0.01283608,73.621315
24.40579730278949,34.98550712868071,82.545616,9331199.551963806,0.0090678595,-0.024660192,72.17761
24.626811465810288,35.05797113185407,83.9315,15465600.283241272,0.019896735,-0.014675856,72.11897
24.800724541980035,35.0326085145684,80.91604,11231999.562263489,0.025258828,-0.0023063403,73.760254
24.068840433535758,35.050724689208764,75.1399,8899199.948501587,-0.013994221,-0.02848798,73.05039
24.677536062942007,35.07971042955572,84.775665,10368000.35533905,0.027290769,-0.03156797,72.652054
24.46739112421217,35.10507235145331,77.031204,8208000.144195557,-0.0064267367,0.006682043,73.321465
24.275362351941567,35.02173896397893,79.32639,10195199.855804443,0.023571191,-0.018189851,72.46585
24.43478277193275,35.06521686399416,78.38795,5788799.732208252,-0.035327382,-0.003931163,72.651855
24.572463802625258,35.028985391507106,77.31845,17884799.598312378,-0.0027099028,-0.020329483,72.6271
24.60144921950647,34.9456523441682,85.40489,3542400.093984604,-0.01636878,0.01907289,72.8463
24.659420157792983,35.13768139626715,82.9603,11318400.360488892,0.029940676,-0.016767658,72.56673
24.271739312019278,35.0833337340226,74.97577,3887999.996137619,-0.043673895,-0.008143319,73.07765
24.152173912100075,34.942029039701325,85.189964,518399.99034404755,-0.0025935955,-0.04867769,72.28381
24.409420264318722,35.137681214861566,85.684586,4492800.099134445,-0.03856332,-0.0035090316,72.331985
24.369565205050215,35.10507235145331,81.59638,5615999.781131744,-0.025695689,-0.014473945,71.997765
24.46739112421217,35.10507235145331,77.031204,17279999.49531555,0.01525539,-0.02147172,72.6761
24.53985505838052,35.14492730981283,78.72631,8380800.095272064,-0.0064611994,0.014194784,73.17184
24.423912946628306,35.16304383214723,83.815254,18316800.298690796,0.0048965886,-0.016908873,71.19124
24.202898613755877,35.17753635462667,82.22561,9676799.454116821,0.027424347,-0.017722048,71.34253
24.271739312019278,35.0833337340226,74.97577,17366400.293540955,0.013779424,-0.025811773,72.99347
24.068840433535758,35.050724689208764,75.1399,1641599.9465703964,-0.03297744,-0.040156774,72.603226
24.423912946628306,35.16304383214723,83.815254,18403200.0,0.0041882135,-0.016677726,71.191795
24.521739153231497,35.18115965909355,80.50853,11231999.562263489,0.01887627,-0.010295663,72.54985
24.369565205050215,35.10507235145331,81.59638,14687999.680709839,0.01785635,-0.021873016,71.960396
24.373188532413735,34.85507217391305,83.68782,2678400.0643730164,-0.021312963,0.007166776,72.4868
24.40579722439643,35.07608730649443,81.130585,12527999.469566345,0.02331809,-0.027258486,72.29955
24.5036234048686,34.94565269942081,84.86278,15120000.381088257,0.01179043,-0.034020808,72.338974
24.293478074173446,35.130434424522214,78.52256,14428799.479866028,0.021049382,-0.012714595,72.73593
24.40579730278949,34.98550712868071,82.545616,15206400.082397461,0.0067981444,-0.04717332,72.14707
24.152173912100075,34.942029039701325,85.189964,11404800.061798096,0.024001457,-0.0146957785,71.29295
24.171296292717127,35.10648163098043,78.049835,10627199.459266663,0.01866247,-0.01824069,72.392654
24.003623304347823,35.192029209683014,80.788605,9676799.454116821,0.030576676,-0.013039287,70.94792
24.62318819070881,35.09782625650204,81.14894,8553600.046348572,-0.0071996115,0.017259536,72.84858
24.782608584568965,35.06521774078783,85.492004,5011200.226593018,-0.025047235,0.013004414,73.32957
24.75362311542571,35.148550251468535,82.31272,6566399.786281586,-0.03277149,0.019212585,72.94012
24.141304256647267,35.05072417522627,80.839714,12873600.46863556,0.026381444,-0.025863953,71.824356
24.202898613755877,35.17753635462667,82.22561,345600.00498890877,-0.034331277,-0.05410344,71.338295
24.06159400092239,35.235507653915,77.223785,13737599.675559998,0.043186117,-0.03392405,72.442184
24.619565229179578,35.18478278215484,82.255135,11059200.15964508,0.030529171,-0.014458839,72.47518
24.442029139218562,35.043478080275,76.86345,17798399.897003174,0.009115431,-0.024135586,72.427025
24.528985389862203,35.079710263267266,73.800804,13305600.072097778,0.02799093,-0.019581426,73.67216
24.471014503837736,35.137681214861566,84.09494,12700799.969100952,0.02809229,-0.025497809,71.74992
24.55072462237475,35.07608730649443,88.70044,5011200.226593018,-0.018670056,-0.01593044,72.93729
24.278985653174068,35.159420527680346,80.15937,2851200.015449524,-0.075293384,-0.03853091,71.58715
24.16304339770124,35.14130418675153,77.183464,10972800.458335876,0.032690596,-0.02019364,72.46237
24.409420185925658,35.126811301460926,78.58091,2159999.936914444,-0.015708253,-0.014704574,72.223465
24.152173912100075,34.942029039701325,85.189964,8380800.095272064,-0.011866413,0.008106638,71.256226
24.579710091518006,35.06884069756067,84.24473,12355200.066947937,0.026224282,-0.030190375,72.29152
24.40579722439643,35.07608730649443,81.130585,6134400.182819366,-0.008871928,-0.009983636,72.219696
24.3913043591697,35.05434799367564,86.750465,15551999.984550476,0.005219359,-0.017061371,71.95131
24.340579735906957,35.22101461745307,78.71513,18403200.0,0.0009849183,-0.008414645,72.895584
24.358695745580064,35.14492749121842,79.46463,8467199.796581268,0.0062026903,0.0022189822,72.48119
24.619565229179578,35.18478278215484,82.255135,8985600.19826889,0.017356949,-0.014246941,72.50186
24.423912946628306,35.16304383214723,83.815254,2764800.03991127,-0.022431709,-0.009905737,72.23842
24.293478074173446,35.130434424522214,78.52256,17539199.696159363,0.0027925,-0.009068171,72.551796
24.423912946628306,35.16304383214723,83.815254,3283199.893140793,-0.023840979,-0.0076659173,72.221725
24.659420157792983,35.13768139626715,82.9603,8899199.948501587,0.01129185,0.0041308403,72.51376
24.62318819070881,35.09782625650204,81.14894,11664000.262641907,0.015680717,-0.019228231,72.890686
24.60144921950647,34.9456523441682,85.40489,7862400.2420425415,-0.017078225,0.011180886,72.669205
24.358695745580064,35.14492749121842,79.46463,11059200.15964508,0.02516992,-0.015366696,72.674
24.351449221508126,35.36231895652174,77.53338,18143999.79915619,0.015358048,-0.028798603,73.673294
24.576087129988778,34.96376817111452,80.53768,7603200.0411987305,-0.0098801665,-0.003796041,72.99251
24.409420185925658,35.126811301460926,78.58091,5443199.830055237,-0.025011957,-0.008916257,72.4869
24.177536001617764,35.01449252133363,77.3516,12441599.768257141,0.025573894,-0.030893017,72.75313
24.880434869565217,35.11594208344836,73.60822,15811200.185394287,0.014639506,-0.013045613,73.620026
24.586956589458925,35.03623181903528,81.050644,17798399.897003174,-0.00061896443,-0.033182472,72.51123
24.242753659958876,34.931159481553294,83.59315,7689599.742507935,0.0071775205,0.015993968,71.715034
24.40579722439643,35.07608730649443,81.130585,6912000.2368927,0.004140135,-0.013140507,72.25623
24.3913043591697,35.05434799367564,86.750465,2246400.0495672226,-0.027871259,-0.011010472,72.18584
24.409420264318722,35.137681214861566,85.684586,7689599.742507935,-0.011827104,0.012527703,72.2737
24.471014503837736,35.137681214861566,84.09494,12787199.670410156,0.02799255,-0.025050122,71.74072
24.57246390714934,35.13405809180027,82.83649,7257600.139045715,-0.015907403,0.0008791778,72.38242
24.409420264318722,35.137681214861566,85.684586,3801600.0205993652,-0.039110765,-0.009124929,72.283165
24.152173912100075,34.942029039701325,85.189964,12441599.768257141,0.025647348,-0.009458955,71.28157
24.40579730278949,34.98550712868071,82.545616,18057600.097846985,-0.015700962,-0.028118901,72.23212
24.409420342711783,35.02898555779556,73.23672,432000.01480579376,-0.015453611,0.018590251,73.29696
24.5036234048686,34.94565269942081,84.86278,4752000.025749207,-0.015838355,-0.0043503456,72.50189
24.43478277193275,35.06521686399416,78.38795,1296000.0444173813,-0.018841915,-0.012335107,72.77036
24.24275355543479,35.275361916886446,83.709785,16934399.593162537,0.028891642,-0.028135441,71.35427
24.152173912100075,34.942029039701325,85.189964,18143999.79915619,-0.006198976,-0.024499565,71.13439
24.32608705359737,35.05434782738719,80.59564,4579200.074672699,-0.024904273,-0.021554224,71.975075
24.576087129988778,34.96376817111452,80.53768,4665599.775981903,-0.020181254,-0.001090806,72.77846
24.731883987437246,34.999999998854186,80.17734,4233599.898290634,-0.022259045,0.0040171035,73.11386
24.264492787947336,35.06521739309379,75.914215,3196799.917602539,-0.019439451,-0.02087225,72.87039
24.53985505838052,35.14492730981283,78.72631,16502399.989700317,0.010040956,-0.025925,72.63003
24.731883987437246,34.999999998854186,80.17734,13996799.876403809,0.016834615,-0.01462245,73.50826
24.278985574781007,35.18478260074926,85.36457,9676799.454116821,0.022770418,-0.0047896076,71.35458
24.72463775080654,35.097825908808005,83.506035,5270399.878978729,-0.013509501,0.011102699,72.91136
24.507246627708035,35.15217355593542,72.15966,14342399.778556824,0.0242062,-0.014266036,72.599174
24.57608686867857,35.22463755910878,78.28966,18316800.298690796,0.009857051,-0.019050393,72.2575
24.481884276880134,35.21376834109622,79.042,11404800.061798096,0.022592321,-0.0097419955,72.948006
24.782608584568965,35.06521774078783,85.492004,6912000.2368927,-0.023754694,0.0017727129,73.30078
24.731884091961334,34.88405773852335,82.62194,17798399.897003174,0.0151143335,-0.0062376335,72.77608
24.365941903817713,35.11594190204278,77.940506,7516799.791431427,-0.033009365,-0.0020204224,72.74783
24.518115930392057,35.170290078269815,76.7112,2159999.936914444,-0.035817176,0.0011853557,72.71872
24.068840433535758,35.17753635462667,82.62194,13305600.072097778,0.0391194,-0.03430284,71.52
24.623188347494935,34.98550731008629,86.27349,14860800.180244446,0.03308329,-0.022827808,72.38974
24.24275355543479,35.275361916886446,83.709785,7775999.992275238,0.008749634,0.00015191734,71.41786
24.40217392316393,35.07246365433351,77.73675,3542400.093984604,-0.029961541,-0.01374875,72.69328
24.369565205050215,35.10507235145331,81.59638,3715200.0450611115,-0.024719909,-0.0121015385,71.9297
24.177536001617764,35.01449252133363,77.3516,11750399.96395111,0.024002204,-0.02869932,72.73281
24.85869584610084,35.31159408476158,76.05999,259199.99517202377,0.0056123137,0.031045772,71.76548
24.40217392316393,35.07246365433351,77.73675,5788799.732208252,-0.02961047,-0.007432649,72.74228
24.369565205050215,35.10507235145331,81.59638,6998399.938201904,-0.014958281,-0.01980707,72.08465
24.471014503837736,35.137681214861566,84.09494,6652800.036048889,-0.022270579,-0.0040650126,72.33775
24.409420264318722,35.137681214861566,85.684586,8380800.095272064,0.0012983978,0.0049280636,72.13022
24.782608584568965,35.06521774078783,85.492004,2246400.0495672226,-0.0055592246,0.013763478,73.40837
24.728260869121893,35.15579704180788,79.23173,8035200.193119049,0.00197782,0.016473435,73.64312
24.514492864338745,35.152173737341,77.98083,14601599.979400635,0.02130432,-0.01227944,73.05594
24.286231733018653,35.16304365074164,82.86601,11923200.463485718,0.028894689,-0.02215128,71.4326
24.608695560661264,35.210145036629335,80.071884,8726399.99742508,0.0008932464,0.018890746,72.916985
24.17028990870767,35.119565206509655,75.23819,7343999.840354919,-0.017125487,0.0031128153,72.85996
24.141304256647267,35.05072417522627,80.839714,691200.0099778175,-0.06896349,-0.027374562,71.37812
24.518115930392057,35.170290078269815,76.7112,1123200.0247836113,-0.043797508,0.01134177,72.59142
24.16304339770124,35.14130418675153,77.183464,14860800.180244446,0.03387586,-0.02156553,72.98747
24.782608584568965,35.06521774078783,85.492004,6566399.786281586,-0.025765546,0.004358219,73.30131
24.15217408195171,35.09782609021359,90.079155,18057600.097846985,0.012251573,-0.041513704,70.908134
24.264492787947336,35.06521739309379,75.914215,5443199.830055237,-0.023780406,0.0026184302,72.74974
24.068840433535758,35.17753635462667,82.62194,4233599.898290634,-0.04611992,-0.045042634,71.57429
24.800724541980035,35.0326085145684,80.91604,16502399.989700317,0.0144935455,-0.0026673228,73.03077
24.423912946628306,35.13405791039468,84.735344,10281599.557113647,0.025823472,-0.022743512,71.91844
24.068840433535758,35.17753635462667,82.62194,9590399.752807617,0.031719383,-0.045180477,70.873375
24.677536062942007,35.07971042955572,84.775665,13478399.474716187,0.020324878,-0.02623472,72.40456
24.880434869565217,35.11594208344836,73.60822,13737599.675559998,0.027266335,-0.007720135,73.56611
24.619565229179578,35.18478278215484,82.255135,6652800.036048889,-0.0068388917,-0.016077816,72.54708
24.340579657513896,35.072464168316,77.031204,6652800.036048889,-0.025603563,-0.004558528,72.78599
24.60144921950647,34.9456523441682,85.40489,10540799.757957458,0.028117482,-0.019381769,72.624535
24.268116089179838,35.07971042955572,81.07262,2332799.8879909515,-0.03930652,-0.014139153,71.603035
24.507246418659868,35.018115659512056,74.98295,3369599.8686790466,-0.022509728,-0.004321376,73.58524
24.782608845879178,35.07246365433351,80.82854,17193599.794006348,-0.0018879026,0.008334876,72.72681
24.369565205050215,35.10507235145331,81.59638,17971200.39653778,0.0016755536,-0.03003642,71.61508
24.235507135886934,35.09782643790763,86.62735,12355200.066947937,0.019009387,-0.027623426,71.0887
24.409420342711783,35.02898555779556,73.23672,2332799.8879909515,-0.021292198,-0.004101947,73.4203
24.659420157792983,35.13768139626715,82.9603,7862400.2420425415,-0.008714762,0.014321173,72.63339
24.60144921950647,34.9456523441682,85.40489,3715200.0450611115,-0.017781898,0.019305674,72.83969
24.33695651306752,35.26449269887389,75.24537,16329599.49016571,0.035106305,-0.0330571,75.16336
24.264492787947336,35.06521739309379,75.914215,15897599.886703491,0.008099999,-0.01775875,73.02257
24.49275373635028,35.04710138474188,79.64641,172800.00249445438,0.0011306889,0.01239423,72.7874
24.85869584610084,35.31159408476158,76.05999,14601599.979400635,0.040788047,-0.031775277,72.380196
24.409420264318722,35.097825908808005,75.01247,16934399.593162537,0.016500989,-0.018524032,72.89738
24.880434869565217,35.11594208344836,73.60822,7775999.992275238,-0.013671804,0.027537081,73.58446
24.003623304347823,35.192029209683014,80.788605,13219200.370788574,0.034481965,-0.024618447,71.692635
24.278985653174068,35.159420527680346,80.15937,3196799.917602539,-0.0751571,-0.035342317,71.61818
24.655797039477626,35.09782643790763,82.953125,7775999.992275238,-0.0017781854,-0.0058475584,72.72225
24.340579735906957,35.22101461745307,78.71513,3369599.8686790466,-0.02366928,-0.010268956,72.078094
24.55434784521419,35.039855304907746,78.730316,9763200.252342224,0.018815126,-0.01577006,73.51776
24.53985505838052,35.14492730981283,78.72631,9158400.149345398,0.0054170117,0.0068071447,73.22397
24.275362351941567,35.02173896397893,79.32639,4233599.898290634,-0.035124846,-0.010072682,71.74258
24.33695651306752,35.26449269887389,75.24537,3196799.917602539,-0.08489257,-0.044360384,72.23704
24.32608705359737,35.05434782738719,80.59564,12009600.164794922,0.024074981,-0.026644733,72.31797
24.822463669968496,35.11956556932083,79.471794,14601599.979400635,0.024022501,-0.01084473,73.59567
24.507246418659868,35.018115659512056,74.98295,7171199.889278412,-0.009029917,0.008286664,73.749344
24.423912946628306,35.16304383214723,83.815254,9417600.350189209,0.029076956,-0.021108042,71.976585
24.60144921950647,34.9456523441682,85.40489,12441599.768257141,0.030391159,-0.020429954,72.5427
24.2137679164399,35.101449394680465,78.1842,6998399.938201904,-0.017605867,-0.015009146,72.131485
24.409420185925658,35.126811301460926,78.58091,12182399.56741333,0.024500731,-0.010212228,73.00336
24.514492864338745,35.152173737341,77.98083,950400.0051498413,-0.01757821,0.0017406866,72.51238
24.235507135886934,35.09782643790763,86.62735,16934399.593162537,0.0054431073,-0.03643965,71.31758
24.06159400092239,35.235507653915,77.223785,5270399.878978729,-0.052844323,-0.050214402,71.71618
24.72463775080654,35.097825908808005,83.506035,1382400.019955635,0.00034901127,0.006483539,73.08223
24.171296292717127,35.10648163098043,78.049835,5702400.030899048,-0.03590031,-0.024248589,72.01141
24.528985389862203,35.079710263267266,73.800804,16070400.386238098,0.018246401,-0.026009176,73.15612
24.15217408195171,35.09782609021359,90.079155,172800.00249445438,0.010608615,-0.04062308,73.33492
24.423912946628306,35.16304383214723,83.815254,8985600.19826889,0.026675396,-0.020044994,72.01095
24.278985653174068,35.159420527680346,80.15937,9417600.350189209,0.017954461,-0.014228605,72.18507
24.619565229179578,35.18478278215484,82.255135,12960000.169944763,0.031907964,-0.019494455,72.44961
24.49275373635028,35.04710138474188,79.64641,13910400.175094604,0.013832586,-0.027051874,72.923775
24.782608845879178,35.07246365433351,80.82854,3628800.0695228577,-0.022958927,-0.004824903,73.13527
24.503623143558386,34.916666955294566,80.479385,12873600.46863556,0.02460489,-0.014175624,72.94415
24.35507260113369,35.04710138474188,76.478294,11664000.262641907,0.014700409,-0.01973921,73.345
24.85869584610084,35.31159408476158,76.05999,14428799.479866028,0.040940445,-0.03130259,72.39656
24.171296292717127,35.10648163098043,78.049835,13478399.474716187,0.025990281,-0.018456656,72.689186
24.525362323808892,35.01449270273921,80.76379,1468799.9954938889,-0.004145872,0.007885659,72.62563
24.15217408195171,35.09782609021359,90.079155,10799999.95880127,0.0285463,-0.0061919503,72.68298
24.275362351941567,35.02173896397893,79.32639,14342399.778556824,0.023500053,-0.031060219,72.34054
24.17028990870767,35.119565206509655,75.23819,1468799.9954938889,-0.0690955,-0.07736406,72.750824
24.068840433535758,35.050724689208764,75.1399,9417600.350189209,-0.0031434149,-0.024397336,72.98853
24.60144921950647,34.9456523441682,85.40489,18143999.79915619,-0.0014756247,-0.00058965385,72.66357
24.268116089179838,35.07971042955572,81.07262,9071999.899578094,0.0063160174,-0.011026762,71.87347
24.608695560661264,35.210145036629335,80.071884,3542400.093984604,-0.032395877,-0.005146593,72.45847
24.49275373635028,35.04710138474188,79.64641,5443199.830055237,-0.032478042,-0.0009215381,72.57398
24.409420264318722,35.097825908808005,75.01247,3196799.917602539,-0.029348113,-0.00804444,73.193985
24.586956589458925,35.03623181903528,81.050644,1814400.0347614288,-0.0048122182,-0.004732715,72.71222
24.35507260113369,35.04710138474188,76.478294,1468799.9954938889,-0.012206141,-0.006670844,72.97529
24.677536062942007,35.07971042955572,84.775665,1900800.0102996826,-0.013270713,0.013909848,73.016884
24.619565229179578,35.18478278215484,82.255135,11145599.860954285,0.030622387,-0.014739815,72.48324
24.576087129988778,34.96376817111452,80.53768,16675200.489234924,0.011139993,-0.02610398,73.217735
24.55072462237475,35.07608730649443,88.70044,8553600.046348572,0.0077637136,-0.021104023,72.90616
24.293478074173446,35.130434424522214,78.52256,16243199.788856506,0.0047163703,-0.015043952,72.736755
24.340579657513896,35.072464168316,77.031204,5270399.878978729,-0.02850996,-0.00835943,72.7129
24.47463793572534,35.15579704180788,74.131996,10627199.459266663,0.01641131,-0.026016053,73.47024
24.409420264318722,35.137681214861566,85.684586,5875199.981975555,-0.031581722,0.00745345,72.46322
24.49275373635028,35.04710138474188,79.64641,6739199.737358093,-0.027816392,0.001470644,72.70171
24.43478251062254,35.050724689208764,81.254395,8899199.948501587,0.0073775463,-0.0009372793,72.381905
24.177536001617764,35.01449252133363,77.3516,9071999.899578094,0.010033773,-0.023681305,72.52096
24.336956356281394,35.12681217825459,78.56935,17020800.39138794,-0.008468218,0.0048402827,72.47344
24.43478251062254,35.050724689208764,81.254395,16329599.49016571,0.007979371,-0.039205264,72.14784
24.40217392316393,35.07246365433351,77.73675,15638399.68585968,0.008366525,-0.011176258,72.766396
24.40579730278949,34.98550712868071,82.545616,1728000.059223175,-0.018873256,0.0049907696,72.46388
24.373188349496587,35.09782609021359,73.044136,16588799.691009521,0.013039628,-0.03433889,72.99096
24.75362311542571,35.148550251468535,82.31272,12960000.169944763,0.017297648,-0.016336367,72.935646
24.57246390714934,35.13405809180027,82.83649,8208000.144195557,-2.7719885e-05,0.001757538,72.34485
24.423912946628306,35.16304383214723,83.815254,5702400.030899048,-0.008793283,-0.013050295,72.22113
24.507246627708035,35.15217355593542,72.15966,8639999.747657776,0.016554696,-0.0022489764,73.18578
24.43478251062254,35.050724689208764,81.254395,10281599.557113647,0.02165313,-0.025999773,72.432945
24.351449221508126,35.36231895652174,77.53338,1209599.9317646027,-0.13280644,-0.12062946,73.18843
24.822463669968496,35.11956556932083,79.471794,5529600.07982254,-0.008711126,0.016943753,73.565544
24.518115930392057,35.170290078269815,76.7112,777599.9855160713,-0.047669902,0.0178067,72.55445
24.409420264318722,35.097825908808005,75.01247,3628800.0695228577,-0.028509349,-0.006728053,73.20216
24.55072462237475,35.07608730649443,88.70044,16588799.691009521,0.011763554,-0.026387889,72.59855
24.579710091518006,35.06884069756067,84.24473,12960000.169944763,0.026113536,-0.027481984,72.23934
24.3913043591697,35.05434799367564,86.750465,10627199.459266663,0.02752385,-0.01155217,72.085846
24.3913043591697,35.05434799367564,86.750465,18403200.0,-0.025488652,-0.0039987806,71.88
24.340579657513896,35.072464168316,77.031204,12182399.56741333,0.021456515,-0.008094074,73.225006
24.623188347494935,34.98550731008629,86.27349,4665599.775981903,-0.028395794,0.0038789716,72.98695
24.49275373635028,34.95652190987481,78.13308,8467199.796581268,-0.02645351,0.0043005757,73.41782
24.358695745580064,35.14492749121842,79.46463,17452799.99485016,-0.00056754425,-0.00906972,72.20742
24.880434869565217,35.11594208344836,73.60822,7084800.187969208,-0.018173814,0.030661799,73.55336
24.800724541980035,35.0326085145684,80.91604,12009600.164794922,0.026727354,-0.00021918677,73.757515
24.822463669968496,35.11956556932083,79.471794,14687999.680709839,0.023564173,-0.011373423,73.5761
24.33695651306752,35.26449269887389,75.24537,345600.00498890877,-0.08913049,-0.019248571,71.77929
24.351449221508126,35.36231895652174,77.53338,1814400.0347614288,-0.12765539,-0.12104106,73.11463
24.286231733018653,35.16304365074164,82.86601,7862400.2420425415,0.013214394,-0.027201086,71.65426
24.481884276880134,35.21376834109622,79.042,11923200.463485718,0.023313912,-0.0066822805,72.95912
24.677536062942007,35.07971042955572,84.775665,12095999.866104126,0.019127937,-0.03322277,72.55124
24.2137679164399,35.101449394680465,78.1842,6047999.933052063,-0.018240206,-0.028266054,72.05608
24.481884276880134,35.21376834109622,79.042,9590399.752807617,0.016562693,-0.0034512505,72.83137
24.471014503837736,35.137681214861566,84.09494,13305600.072097778,0.026856631,-0.022045549,71.692276
24.521739153231497,35.18115965909355,80.50853,17193599.794006348,0.0132215135,-0.014772378,71.840996
24.24275355543479,35.275361916886446,83.709785,18057600.097846985,0.02213456,-0.03289984,71.40159
24.514492864338745,35.152173737341,77.98083,3628800.0695228577,-0.023113519,9.6010044e-05,72.66864
24.5036234048686,34.94565269942081,84.86278,10108800.15449524,0.017453056,-0.02412615,72.25026
24.409420264318722,35.097825908808005,75.01247,2592000.0888347626,-0.028620318,-0.010212611,73.16822
24.152173912100075,34.942029039701325,85.189964,6047999.933052063,-0.05134116,-0.008071773,71.29566
24.57246390714934,35.13405809180027,82.83649,5270399.878978729,-0.024978675,-0.009339776,72.47316
24.576087129988778,34.96376817111452,80.53768,3542400.093984604,-0.017058328,-0.006382758,72.75099
24.442029139218562,35.043478080275,76.86345,17625600.494384766,0.009609859,-0.02422043,72.46838
24.35507260113369,35.04710138474188,76.478294,5788799.732208252,-0.022206977,-0.012701526,72.9296
24.75362311542571,35.148550251468535,82.31272,11836799.665260315,0.015282618,-0.017582819,73.0673
24.62318819070881,35.09782625650204,81.14894,1555199.9710321426,-0.008546539,0.0070724087,72.61103
24.340579657513896,35.072464168316,77.031204,17884799.598312378,0.0038392954,-0.020851668,72.31767
24.62318819070881,35.09782625650204,81.14894,8726399.99742508,-0.004288066,0.016021503,72.847115
24.409420264318722,35.137681214861566,85.684586,12441599.768257141,0.030388162,-0.013944,71.68927
24.264492787947336,35.06521739309379,75.914215,3023999.9665260315,-0.01879625,-0.022045057,72.873535
24.17028990870767,35.119565206509655,75.23819,14428799.479866028,0.025857128,-0.014151238,72.994125
24.278985574781007,35.18478260074926,85.36457,16588799.691009521,0.023043223,-0.02385899,71.06071
24.365941903817713,35.11594190204278,77.940506,9763200.252342224,0.0066937245,-0.00523689,73.00332
24.800724541980035,35.0326085145684,80.91604,4838399.727058411,-0.02306389,-0.0017132647,73.29931
24.43478277193275,35.06521686399416,78.38795,15897599.886703491,0.008712055,-0.017051063,72.71216
24.49275373635028,35.04710138474188,79.64641,17193599.794006348,-0.0049441084,-0.032074295,72.47586
24.608695560661264,35.210145036629335,80.071884,1036799.9806880951,-0.022809625,-0.006757606,72.31279
24.75362311542571,35.148550251468535,82.31272,9244799.850654602,0.008493595,0.0029556043,72.87415
24.55072462237475,35.07608730649443,88.70044,2246400.0495672226,-0.014406297,-0.0078376755,72.310875
24.55434784521419,35.039855304907746,78.730316,3628800.0695228577,-0.019969799,-0.011598304,72.84781
24.373188349496587,35.09782609021359,73.044136,12095999.866104126,0.024897773,-0.033824895,73.18401
24.15217408195171,35.09782609021359,90.079155,3456000.11844635,-0.018063724,-0.018778864,72.53327
24.2137679164399,35.101449394680465,78.1842,13996799.876403809,0.03001837,-0.02563835,72.754845
24.340579657513896,35.072464168316,77.031204,14428799.479866028,0.019717969,-0.006627504,73.04615
24.521739153231497,35.18115965909355,80.50853,1209599.9317646027,0.0016540475,-0.011806838,72.16031
24.177536001617764,35.01449252133363,77.3516,2332799.8879909515,-0.012577273,-0.027056396,72.19164
24.626811465810288,35.05797113185407,83.9315,4060799.9472141266,-0.02890879,0.014458532,72.77975
24.49275373635028,35.04710138474188,79.64641,2764800.03991127,-0.023959205,-0.002274301,72.63957
24.75362311542571,35.148550251468535,82.31272,12787199.670410156,0.016975688,-0.016920429,72.96221
24.152173912100075,34.942029039701325,85.189964,15811200.185394287,0.0094952285,-0.021131944,71.216385
24.06159400092239,35.235507653915,77.223785,15897599.886703491,0.031506673,-0.04482062,73.33864
24.822463669968496,35.11956556932083,79.471794,17366400.293540955,0.01083447,-0.026358154,72.83671
24.822463669968496,35.11956556932083,79.471794,9590399.752807617,0.011662394,-0.0099344365,73.784615
24.521739153231497,35.18115965909355,80.50853,5615999.781131744,-0.011679716,-0.016218483,72.54289
24.235507135886934,35.09782643790763,86.62735,13996799.876403809,0.020642912,-0.031545114,71.07943
24.43478277193275,35.06521686399416,78.38795,12095999.866104126,0.020523949,-0.0063737705,73.25215
24.293478074173446,35.130434424522214,78.52256,6652800.036048889,-0.03441284,-0.018210325,72.277245
24.33695651306752,35.26449269887389,75.24537,12355200.066947937,0.048677936,-0.042300284,73.58207
24.235507135886934,35.09782643790763,86.62735,12614400.267791748,0.018945562,-0.028612915,71.062935
24.278985653174068,35.159420527680346,80.15937,6912000.2368927,-0.03483294,-0.032769267,71.99649
24.40217392316393,35.07246365433351,77.73675,13046399.871253967,0.023315297,-0.0031696986,73.237915
24.503623143558386,34.916666955294566,80.479385,15206400.082397461,0.013833528,-0.01238618,72.93418
24.471014503837736,35.137681214861566,84.09494,16070400.386238098,0.006074667,-0.022112157,71.502144
24.782608584568965,35.06521774078783,85.492004,864000.0296115875,0.014155539,0.014869735,73.28263
24.409420185925658,35.126811301460926,78.58091,1987199.9858379364,-0.013318092,-0.01559205,72.214294
24.47463793572534,35.15579704180788,74.131996,1900800.0102996826,-0.0035974756,-0.015526228,72.919266
24.60144921950647,34.9456523441682,85.40489,4319999.873828888,-0.02203342,0.020201778,72.790695
24.55072462237475,35.07608730649443,88.70044,17884799.598312378,0.008730575,-0.024670333,72.33824
24.576087129988778,34.96376817111452,80.53768,17452799.99485016,0.008425951,-0.024221934,73.21412
24.32608705359737,35.05434782738719,80.59564,86400.00124722719,-0.024168067,-0.019483797,71.96354
24.55072462237475,35.07608730649443,88.70044,13824000.4737854,0.037328243,-0.015289415,72.63936
24.623188347494935,34.98550731008629,86.27349,12268800.365638733,0.03772113,-0.02363513,72.6182
24.24275355543479,35.275361916886446,83.709785,6134400.182819366,-0.03260055,-0.048008457,71.64184
24.286231733018653,35.16304365074164,82.86601,1209599.9317646027,0.014202718,-0.010899305,71.449684
24.52536253285706,35.05797113185407,79.99595,13046399.871253967,0.019887917,-0.02907278,72.96332
24.507246627708035,35.15217355593542,72.15966,15120000.381088257,0.016373307,-0.014512826,72.38815
24.49275373635028,34.95652190987481,78.13308,8985600.19826889,-0.024571054,-0.003106039,73.49202
24.423912946628306,35.13405791039468,84.735344,16847999.891853333,0.0039412156,-0.021939151,71.31825
24.55072462237475,35.07608730649443,88.70044,6912000.2368927,0.018213257,-0.014348116,72.976715
24.442029139218562,35.043478080275,76.86345,10540799.757957458,0.0051868297,-0.030129347,73.616394
24.49275373635028,34.95652190987481,78.13308,6566399.786281586,-0.03064391,0.00865358,73.14677
24.880434869565217,35.11594208344836,73.60822,8035200.193119049,-0.00869181,0.024446756,73.59954
24.731884091961334,34.88405773852335,82.62194,7689599.742507935,-0.010901097,0.015422026,73.23363
24.731884091961334,34.88405773852335,82.62194,10886399.660110474,0.018143263,-0.01002235,73.11331
24.177536001617764,35.01449252133363,77.3516,4319999.873828888,-0.024018958,-0.0263125,72.22596
24.293478074173446,35.130434424522214,78.52256,13564800.27294159,0.02435363,-0.01296445,72.73006
24.782608845879178,35.07246365433351,80.82854,259199.99517202377,0.01405853,0.00551928,73.4562
24.55434784521419,35.039855304907746,78.730316,11923200.463485718,0.018933417,-0.02298132,73.538025
24.40217392316393,35.07246365433351,77.73675,16934399.593162537,-0.0010994188,-0.009021003,72.45574
24.271739312019278,35.0833337340226,74.97577,11923200.463485718,0.026796076,-0.02146956,72.9442
24.481884276880134,35.21376834109622,79.042,18316800.298690796,-0.010992307,-0.007521229,72.114105
24.242753659958876,34.931159481553294,83.59315,5529600.07982254,-0.021367695,0.00094923563,71.63167
24.242753659958876,34.931159481553294,83.59315,7343999.840354919,0.004424542,0.014542086,71.69944
24.442029139218562,35.043478080275,76.86345,6134400.182819366,-0.021933854,-0.01715964,73.17581
24.271739312019278,35.0833337340226,74.97577,345600.00498890877,-0.058685042,-0.00843625,72.42556
24.60144921950647,34.9456523441682,85.40489,1209599.9317646027,0.013669899,0.0048519336,72.47646
24.503623143558386,34.916666955294566,80.479385,3542400.093984604,-0.022332571,-0.012389779,73.0766
24.275362351941567,35.02173896397893,79.32639,9676799.454116821,0.016641589,-0.01327065,72.41215
24.49275373635028,34.95652190987481,78.13308,15379199.48501587,0.007899009,-0.008626582,73.08943
24.503623143558386,34.916666955294566,80.479385,16934399.593162537,-0.00589804,0.0016181841,72.987076
24.373188532413735,34.85507217391305,83.68782,1468799.9954938889,-0.006851673,0.013889145,72.42913
24.24275355543479,35.275361916886446,83.709785,8553600.046348572,0.024340736,0.011326239,71.25381
24.72463775080654,35.097825908808005,83.506035,5702400.030899048,-0.010593075,0.013947638,72.92304
24.242753659958876,34.931159481553294,83.59315,15983999.588012695,0.0044082925,-0.028398648,71.6622
24.15217408195171,35.09782609021359,90.079155,7171199.889278412,0.015409689,-0.0055345967,72.86144
24.659420157792983,35.13768139626715,82.9603,6912000.2368927,-0.014466383,0.01574058,72.658455
24.655797039477626,35.09782643790763,82.953125,15206400.082397461,0.01945002,-0.023141261,72.21386
24.2137679164399,35.101449394680465,78.1842,345600.00498890877,0.0147849675,-0.040121727,71.58997
24.235507135886934,35.09782643790763,86.62735,9935999.654960632,0.00911043,-0.021269456,71.56474
24.518115930392057,35.170290078269815,76.7112,6566399.786281586,-0.01920519,-0.0070968475,73.3403
24.507246627708035,35.15217355593542,72.15966,11145599.860954285,0.026160095,-0.022335418,72.97886
24.55072462237475,35.07608730649443,88.70044,11231999.562263489,0.030099064,-0.02309044,72.74581
24.782608584568965,35.06521774078783,85.492004,9590399.752807617,0.0132249165,-0.011016179,73.026306
24.358695745580064,35.14492749121842,79.46463,16243199.788856506,0.004244685,-0.013015728,72.35546
24.268116089179838,35.07971042955572,81.07262,5184000.177669525,-0.037404284,-0.02282808,71.69057
24.340579735906957,35.22101461745307,78.71513,2419199.8635292053,-0.013288643,-0.018403776,72.01152
24.141304256647267,35.05072417522627,80.839714,15292799.783706665,0.013737824,-0.03200115,71.779015
24.43478277193275,35.06521686399416,78.38795,14774400.478935242,0.014881147,-0.0044155475,72.92454
24.134057993885538,35.130434787333385,80.741425,15033599.582862854,0.015015962,-0.019856654,72.277855
24.423912946628306,35.16304383214723,83.815254,3542400.093984604,-0.023839034,-0.00677339,72.21452
24.60144921950647,34.9456523441682,85.40489,17798399.897003174,0.0027355403,-0.0056221243,72.675995
24.365941903817713,35.11594190204278,77.940506,10540799.757957458,0.016323265,-0.007914886,73.05564
24.659420157792983,35.13768139626715,82.9603,13737599.675559998,0.032469917,-0.017029393,72.353714
24.731883987437246,34.999999998854186,80.17734,4838399.727058411,-0.023729675,0.0024315417,73.1197
24.423912946628306,35.16304383214723,83.815254,4406400.123596191,-0.020108629,-0.006756695,72.21322
24.264492787947336,35.06521739309379,75.914215,2332799.8879909515,-0.017153587,-0.025224838,72.86383
24.619565229179578,35.18478278215484,82.255135,11318400.360488892,0.030719884,-0.015207838,72.49864
24.423912946628306,35.16304383214723,83.815254,11491199.7631073,0.02902475,-0.02799255,71.77672
24.278985574781007,35.18478260074926,85.36457,1036799.9806880951,-0.09142646,-0.03233981,71.91024
24.33695651306752,35.26449269887389,75.24537,17971200.39653778,0.015377458,-0.024300855,75.320114
24.369565205050215,35.10507235145331,81.59638,15379199.48501587,0.011160681,-0.026046965,71.93733
24.782608845879178,35.07246365433351,80.82854,3456000.11844635,-0.0223438,-0.0048118625,73.13257
24.471014503837736,35.137681214861566,84.09494,1296000.0444173813,-0.0034886934,-0.0033480898,72.16248
24.471014503837736,35.137681214861566,84.09494,17712000.19569397,-0.009075012,-0.014549226,71.33575
24.782608845879178,35.07246365433351,80.82854,8380800.095272064,-0.0019724034,0.014606698,73.54751
24.369565205050215,35.10507235145331,81.59638,13391999.773406982,0.024037397,-0.020896368,71.99025
24.728260869121893,35.15579704180788,79.23173,3887999.996137619,-0.024747722,0.00026630424,72.881454
24.271739312019278,35.0833337340226,74.97577,14774400.478935242,0.02643393,-0.014673214,73.135315
24.72463775080654,35.097825908808005,83.506035,16502399.989700317,0.010241317,-0.026535995,72.01731
24.619565229179578,35.18478278215484,82.255135,15983999.588012695,0.019661492,-0.027516615,71.83497
24.134057993885538,35.130434787333385,80.741425,12009600.164794922,0.025515264,-0.021178715,71.84176
24.340579735906957,35.22101461745307,78.71513,11231999.562263489,0.032376867,-0.01857774,72.96599
24.53985505838052,35.14492730981283,78.72631,8035200.193119049,-0.011700172,0.01599065,73.151344
24.003623304347823,35.192029209683014,80.788605,3456000.11844635,-0.0932966,-0.11417775,71.71227
24.72463775080654,35.097825908808005,83.506035,16156800.087547302,0.012315011,-0.027262084,72.07607
24.2137679164399,35.101449394680465,78.1842,10108800.15449524,0.021728195,-0.0025263708,72.40752
24.43478277193275,35.06521686399416,78.38795,13910400.175094604,0.019010415,0.0019791368,73.066956
24.503623143558386,34.916666955294566,80.479385,6393599.835205078,-0.029366612,-0.0020308476,72.96421
24.800724541980035,35.0326085145684,80.91604,12700799.969100952,0.027308721,0.0029910095,73.72224
24.40217392316393,35.07246365433351,77.73675,17625600.494384766,-0.005251065,-0.0026087705,72.30083
24.518115930392057,35.170290078269815,76.7112,9071999.899578094,0.013082171,-0.008703165,73.58956
24.62318819070881,35.09782625650204,81.14894,2592000.0888347626,-0.018985085,0.007994261,72.574265
24.282608510179216,35.10869565592019,73.044136,6566399.786281586,-0.0451985,-0.019664362,72.86134
24.60144921950647,34.9456523441682,85.40489,11491199.7631073,0.02939193,-0.02158612,72.57255
24.655797039477626,35.09782643790763,82.953125,13996799.876403809,0.023455966,-0.02458768,72.389565
24.358695745580064,35.14492749121842,79.46463,8639999.747657776,0.009349449,0.0011037719,72.50694
24.202898613755877,35.17753635462667,82.22561,5184000.177669525,-0.03730192,-0.023584832,71.462944
24.177536001617764,35.01449252133363,77.3516,1641599.9465703964,-0.00085749105,-0.035305977,72.12066
24.731884091961334,34.88405773852335,82.62194,12527999.469566345,0.02001425,-0.010917094,72.88665
24.579710091518006,35.06884069756067,84.24473,7257600.139045715,-0.013509963,0.008082407,72.54847
24.60144921950647,34.9456523441682,85.40489,1728000.059223175,0.0070735477,0.009303519,72.60736
24.586956589458925,35.03623181903528,81.050644,6220799.884128571,-0.015124548,0.001029104,72.7006
24.471014503837736,35.137681214861566,84.09494,16847999.891853333,-0.00064757094,-0.02126718,71.41473
24.358695745580064,35.14492749121842,79.46463,12009600.164794922,0.026283324,-0.012753174,72.65541
24.471014503837736,35.137681214861566,84.09494,3887999.996137619,-0.026276104,-0.008360304,72.31225
24.409420264318722,35.137681214861566,85.684586,15120000.381088257,0.029680433,-0.011280175,71.552956
24.409420185925658,35.126811301460926,78.58091,5875199.981975555,-0.021810494,-0.011082295,72.521866
24.507246418659868,35.018115659512056,74.98295,18143999.79915619,0.0012212582,-0.019657694,72.237206
24.202898613755877,35.17753635462667,82.22561,7430400.090122223,-0.005962249,-0.0023082066,71.34502
24.677536062942007,35.07971042955572,84.775665,16588799.691009521,0.0073707774,-0.019100782,71.91045
24.141304256647267,35.05072417522627,80.839714,11836799.665260315,0.024846373,-0.026354305,71.81067
24.33695651306752,35.26449269887389,75.24537,3801600.0205993652,-0.08552191,-0.044208705,72.330475
24.17028990870767,35.119565206509655,75.23819,4579200.074672699,-0.05971469,-0.02793011,73.05963
24.365941903817713,35.11594190204278,77.940506,4924799.976825714,-0.039288655,-0.009504871,72.57529
24.880434869565217,35.11594208344836,73.60822,11231999.562263489,0.025582545,-0.02226847,73.59984
24.171296292717127,35.10648163098043,78.049835,1814400.0347614288,-0.03665115,-0.031079605,71.86938
24.06159400092239,35.235507653915,77.223785,4147199.9227523804,-0.07577812,-0.07090997,72.0594
24.282608510179216,35.10869565592019,73.044136,16675200.489234924,0.012732077,-0.022387091,73.104546
24.282608510179216,35.10869565592019,73.044136,8380800.095272064,-0.026561774,-0.0068579316,72.77811
24.85869584610084,35.31159408476158,76.05999,10627199.459266663,0.025551226,-0.029707689,73.4046
24.16304339770124,35.14130418675153,77.183464,6998399.938201904,0.0026341118,-0.030999202,72.39531
24.514492864338745,35.152173737341,77.98083,345600.00498890877,-0.021091554,0.006516477,72.58952
24.068840433535758,35.17753635462667,82.62194,950400.0051498413,-0.039462097,-0.029328588,71.718346
24.608695560661264,35.210145036629335,80.071884,11664000.262641907,0.020994954,0.0007301979,72.8807
24.152173912100075,34.942029039701325,85.189964,15724800.484085083,0.010134347,-0.020664394,71.219315
24.782608584568965,35.06521774078783,85.492004,6307200.133895874,-0.026793167,0.0065090116,73.29959
24.47463793572534,35.15579704180788,74.131996,864000.0296115875,-0.010238711,0.005858533,72.809326
24.521739153231497,35.18115965909355,80.50853,9071999.899578094,0.0026045553,0.008882807,72.53564
24.57608686867857,35.22463755910878,78.28966,9331199.551963806,0.00386478,0.009096716,73.36642
24.659420157792983,35.13768139626715,82.9603,17193599.794006348,0.008828497,-0.02142974,71.75128
24.579710091518006,35.06884069756067,84.24473,18230399.500465393,-0.017156426,0.015988706,71.885345
24.5036234048686,34.94565269942081,84.86278,4406400.123596191,-0.014026027,-0.0064383354,72.50938
24.731883987437246,34.999999998854186,80.17734,5529600.07982254,-0.022451516,0.002337698,73.150604
24.655797039477626,35.09782643790763,82.953125,12873600.46863556,0.025851386,-0.025937129,72.51716
24.409420264318722,35.097825908808005,75.01247,5356800.128746033,-0.022790477,-0.0059049726,73.20849
24.282608510179216,35.10869565592019,73.044136,15033599.582862854,0.02437658,-0.013386358,72.91863
24.409420264318722,35.097825908808005,75.01247,7948799.943351746,-0.0056828745,0.00423461,73.281204
24.579710091518006,35.06884069756067,84.24473,86400.00124722719,-0.01198028,0.013311538,72.53248
24.72463775080654,35.097825908808005,83.506035,3801600.0205993652,-0.02044253,0.004813267,72.91094
24.16304339770124,35.14130418675153,77.183464,4060799.9472141266,-0.052652232,-0.06596187,72.65764
24.49275373635028,34.95652190987481,78.13308,6998399.938201904,-0.028888285,0.011061541,73.206505
24.518115930392057,35.170290078269815,76.7112,8639999.747657776,0.007961471,-0.008969288,73.557846
24.351449221508126,35.36231895652174,77.53338,2851200.015449524,-0.11709213,-0.11377463,73.05945
24.15942034471344,35.02536261613985,84.04098,7430400.090122223,-0.00629057,-0.03496885,71.503586
24.2137679164399,35.101449394680465,78.1842,3801600.0205993652,-0.022948436,-0.032719404,72.059944
24.286231733018653,35.16304365074164,82.86601,2851200.015449524,-0.0024191067,-0.022238512,71.566986
24.641304357168043,34.938405387540406,81.3883,4492800.099134445,-0.013224479,-0.0059425626,72.900024
24.43478251062254,35.050724689208764,81.254395,3715200.0450611115,-0.016106922,-0.010893606,72.27435
24.579710091518006,35.06884069756067,84.24473,10627199.459266663,0.026534392,-0.028246675,72.3561
24.40217392316393,35.07246365433351,77.73675,13910400.175094604,0.022024652,-0.0010101385,73.11524
24.728260869121893,35.15579704180788,79.23173,2419199.8635292053,-0.020161934,-0.0053377766,72.764114
24.623188347494935,34.98550731008629,86.27349,13651199.974250793,0.036790963,-0.020521458,72.475815
24.15942034471344,35.02536261613985,84.04098,18230399.500465393,-0.0058482215,-0.045309037,70.97348
24.177536001617764,35.01449252133363,77.3516,7257600.139045715,-0.00957616,-0.027401634,72.424706
24.528985389862203,35.079710263267266,73.800804,6307200.133895874,-0.023165844,-0.017488848,73.73606
24.40217392316393,35.07246365433351,77.73675,13132799.572563171,0.02338164,-0.0027002338,73.22798
24.278985653174068,35.159420527680346,80.15937,7516799.791431427,-0.022883296,-0.028378472,72.07109
24.409420185925658,35.126811301460926,78.58091,3887999.996137619,-0.028768532,-0.0069157947,72.35252
24.507246627708035,35.15217355593542,72.15966,9590399.752807617,0.023721153,-0.015249588,73.1218
24.626811465810288,35.05797113185407,83.9315,9158400.149345398,0.012474133,-0.003818849,72.50688
24.626811465810288,35.05797113185407,83.9315,18403200.0,0.0026091114,0.0015808102,71.94526
24.409420185925658,35.126811301460926,78.58091,18403200.0,0.016442608,-0.023876559,72.24031
24.365941903817713,35.11594190204278,77.940506,1382400.019955635,-0.01932991,-0.011159118,72.313866
24.503623143558386,34.916666955294566,80.479385,1814400.0347614288,-0.004717149,-0.007561993,73.07222
24.85869584610084,35.31159408476158,76.05999,12355200.066947937,0.037251394,-0.030871537,72.80113
24.282608510179216,35.10869565592019,73.044136,10195199.855804443,0.0069194175,-0.015519779,72.869194
24.32608705359737,35.05434782738719,80.59564,9849599.953651428,0.021563472,-0.025474973,72.2114
24.3985509616347,35.079710263267266,82.39983,14601599.979400635,0.023573708,-0.027483769,71.9263
24.659420157792983,35.13768139626715,82.9603,16761600.190544128,0.012423506,-0.022935785,71.80986
24.49275373635028,35.04710138474188,79.64641,14687999.680709839,0.010676367,-0.031452205,72.83627
24.43478251062254,35.050724689208764,81.254395,17452799.99485016,0.0011997856,-0.03824129,72.03466
24.06159400092239,35.235507653915,77.223785,14774400.478935242,0.039525665,-0.037886713,72.90805
24.52536253285706,35.05797113185407,79.99595,7948799.943351746,0.0024102032,-0.010858186,72.86765
24.286231733018653,35.16304365074164,82.86601,13391999.773406982,0.025863383,-0.019516021,71.44723
24.40579730278949,34.98550712868071,82.545616,1036799.9806880951,-0.011244878,0.012375732,72.444664
24.409420342711783,35.02898555779556,73.23672,2159999.936914444,-0.021371499,-0.00291452,73.41442
24.3913043591697,35.05434799367564,86.750465,16329599.49016571,0.002578903,-0.016583316,71.92187
24.24275355543479,35.275361916886446,83.709785,4752000.025749207,-0.054874733,-0.07579172,71.82248
24.586956589458925,35.03623181903528,81.050644,8035200.193119049,-0.011662334,0.01758858,72.76808
24.507246418659868,35.018115659512056,74.98295,6652800.036048889,-0.011763722,0.006537146,73.69636
24.507246418659868,35.018115659512056,74.98295,8985600.19826889,0.0071529374,-0.0014763176,73.83435
24.282608510179216,35.10869565592019,73.044136,3801600.0205993652,-0.047564656,-0.029472627,73.09793
24.3913043591697,35.05434799367564,86.750465,15120000.381088257,0.008023806,-0.0154708475,71.95473
24.49275373635028,35.04710138474188,79.64641,2073599.9613761902,-0.017942514,0.0020896029,72.67778
24.293478074173446,35.130434424522214,78.52256,8553600.046348572,-0.0046184994,0.0077895066,72.51928
24.586956589458925,35.03623181903528,81.050644,7430400.090122223,-0.0127716325,0.014114631,72.74323
24.442029139218562,35.043478080275,76.86345,1900800.0102996826,-0.022842757,0.0020573381,73.075356
24.068840433535758,35.050724689208764,75.1399,15120000.381088257,0.015484039,-0.04103172,73.331856
24.282608510179216,35.10869565592019,73.044136,15811200.185394287,0.017139608,-0.022137046,72.993835
24.003623304347823,35.192029209683014,80.788605,14515200.27809143,0.028162599,-0.030078616,72.172295
24.576087129988778,34.96376817111452,80.53768,5270399.878978729,-0.021354627,-7.463992e-05,72.821175
24.518115930392057,35.170290078269815,76.7112,1814400.0347614288,-0.038021125,0.0025891103,72.679726
24.141304256647267,35.05072417522627,80.839714,9849599.953651428,0.0051249787,-0.020173285,71.59784
24.731883987437246,34.999999998854186,80.17734,2937599.9909877777,-0.018703949,0.00084974803,73.184975
24.43478277193275,35.06521686399416,78.38795,11491199.7631073,0.021602869,-0.010017652,73.25257
24.586956589458925,35.03623181903528,81.050644,10627199.459266663,0.02060455,-0.020736225,72.85452
24.365941903817713,35.11594190204278,77.940506,3110399.9420642853,-0.032535896,-0.010922838,72.431854
24.623188347494935,34.98550731008629,86.27349,13737599.675559998,0.036692478,-0.020546261,72.46681
24.423912946628306,35.13405791039468,84.735344,11923200.463485718,0.027987652,-0.023705572,71.70909
24.782608584568965,35.06521774078783,85.492004,14774400.478935242,0.03083172,-0.022633422,72.45851
24.235507135886934,35.09782643790763,86.62735,4147199.9227523804,-0.020480916,0.014456882,72.31493
24.60144921950647,34.9456523441682,85.40489,691200.0099778175,0.015748227,0.0049727615,72.34278
24.373188532413735,34.85507217391305,83.68782,14774400.478935242,0.015443567,-0.03931986,72.17389
24.503623143558386,34.916666955294566,80.479385,17107200.092697144,-0.0077075474,0.0042718183,72.982475
24.171296292717127,35.10648163098043,78.049835,10368000.35533905,0.018419303,-0.016190164,72.36045
24.242753659958876,34.931159481553294,83.59315,1123200.0247836113,-0.024401456,0.013809656,71.97509
24.619565229179578,35.18478278215484,82.255135,9158400.149345398,0.018705241,-0.012923993,72.48561
24.40579730278949,34.98550712868071,82.545616,14860800.180244446,0.009319032,-0.04745453,72.14625
24.33695651306752,35.26449269887389,75.24537,5184000.177669525,-0.0719121,-0.040837597,72.61319
24.423912946628306,35.13405791039468,84.735344,8812800.247192383,0.011734409,-0.01144705,72.085594
24.53985505838052,35.14492730981283,78.72631,2246400.0495672226,-0.014177948,0.004077336,72.46634
24.134057993885538,35.130434787333385,80.741425,3628800.0695228577,-0.092611924,-0.046971217,71.325775
24.409420264318722,35.097825908808005,75.01247,4233599.898290634,-0.02773083,-0.006578222,73.204056
24.53985505838052,35.14492730981283,78.72631,7430400.090122223,-0.019327782,0.016803592,73.11283
24.55072462237475,35.07608730649443,88.70044,6480000.084972382,0.012895476,-0.0146515295,72.99184
24.3985509616347,35.079710263267266,82.39983,10627199.459266663,0.020208966,-0.03214563,72.078224
24.518115930392057,35.170290078269815,76.7112,7775999.992275238,-0.0054990165,-0.010956511,73.49821
24.57608686867857,35.22463755910878,78.28966,14687999.680709839,0.028162569,-0.007210629,73.06428
24.579710091518006,35.06884069756067,84.24473,8294399.845504761,0.0031189695,0.0015223939,72.45119
24.409420264318722,35.097825908808005,75.01247,8899199.948501587,0.009088255,1.1315569e-05,73.336464
24.068840433535758,35.050724689208764,75.1399,14860800.180244446,0.01742139,-0.0405005,73.31655
24.202898613755877,35.17753635462667,82.22561,259199.99517202377,-0.034311578,-0.05435422,71.3375
24.16304339770124,35.14130418675153,77.183464,8121599.894428253,0.017057413,-0.019676488,72.378716
24.880434869565217,35.11594208344836,73.60822,10627199.459266663,0.027329685,-0.017255891,73.6252
24.06159400092239,35.235507653915,77.223785,7171199.889278412,0.0058282763,-0.026710778,71.836716
24.068840433535758,35.050724689208764,75.1399,9504000.051498413,-0.0010987371,-0.023875616,72.98007
24.278985653174068,35.159420527680346,80.15937,4147199.9227523804,-0.07296444,-0.02970704,71.70008
24.242753659958876,34.931159481553294,83.59315,15724800.484085083,0.0054510273,-0.027330115,71.66752
24.579710091518006,35.06884069756067,84.24473,18143999.79915619,-0.01668014,0.015458234,71.89114
24.641304357168043,34.938405387540406,81.3883,15983999.588012695,0.014360204,-0.036160275,73.08836
24.358695745580064,35.14492749121842,79.46463,9244799.850654602,0.01871465,-0.003972631,72.58355
24.340579657513896,35.072464168316,77.031204,16329599.49016571,0.008705003,-0.023029588,72.675674
24.17028990870767,35.119565206509655,75.23819,1036799.9806880951,-0.07073568,-0.08254609,72.63368
24.264492787947336,35.06521739309379,75.914215,9763200.252342224,0.018529331,0.006356911,72.86051
24.15217408195171,35.09782609021359,90.079155,10454400.056648254,0.028830871,-0.0024242923,72.7134
24.572463802625258,35.028985391507106,77.31845,4147199.9227523804,-0.030274004,-0.0072771106,73.27271
24.46739112421217,35.10507235145331,77.031204,9763200.252342224,0.013123555,-0.0040369947,73.53634
24.659420157792983,35.13768139626715,82.9603,10454400.056648254,0.026027601,-0.015171468,72.51035
24.268116089179838,35.07971042955572,81.07262,2851200.015449524,-0.038770318,-0.016602576,71.584915
24.46739112421217,35.10507235145331,77.031204,2073599.9613761902,-0.0059176832,-0.009931512,72.81617
24.282608510179216,35.10869565592019,73.044136,14083199.577713013,0.029339999,-0.0110629015,72.89804
24.586956589458925,35.03623181903528,81.050644,17279999.49531555,0.0021169558,-0.03486489,72.56987
24.55434784521419,35.039855304907746,78.730316,5875199.981975555,-0.017924864,-0.0108372085,73.01129
24.623188347494935,34.98550731008629,86.27349,9244799.850654602,0.0277627,-0.014602654,72.84579
24.608695560661264,35.210145036629335,80.071884,8639999.747657776,-4.1153282e-05,0.019197583,72.91467
24.336956356281394,35.12681217825459,78.56935,6047999.933052063,-0.036756553,0.0047316086,72.34358
24.85869584610084,35.31159408476158,76.05999,5356800.128746033,-0.019682836,0.027107386,73.77179
24.507246418659868,35.018115659512056,74.98295,7689599.742507935,-0.005094994,0.008543501,73.79319
24.242753659958876,34.931159481553294,83.59315,6480000.084972382,-0.0078005493,0.009785434,71.65442
24.336956356281394,35.12681217825459,78.56935,17798399.897003174,-0.009635694,0.0076205973,72.341705
24.442029139218562,35.043478080275,76.86345,14169600.375938416,0.01934222,-0.015159264,73.36049
24.880434869565217,35.11594208344836,73.60822,6307200.133895874,-0.032694258,0.031147473,73.55756
24.51086948471318,35.141304337922854,75.965324,3887999.996137619,-0.020058569,-0.00685321,73.036674
24.373188349496587,35.09782609021359,73.044136,1728000.059223175,-0.011863492,0.008462285,72.924675
24.525362323808892,35.01449270273921,80.76379,10281599.557113647,0.018449862,-0.019369729,72.81902
24.068840433535758,35.050724689208764,75.1399,10972800.458335876,0.024219938,-0.02470282,72.98597
24.134057993885538,35.130434787333385,80.741425,11318400.360488892,0.024865126,-0.022853423,71.77459
24.134057993885538,35.130434787333385,80.741425,10713600.257492065,0.025790494,-0.019606818,71.71743
24.409420342711783,35.02898555779556,73.23672,2764800.03991127,-0.021132689,-0.005389102,73.42619
24.40217392316393,35.07246365433351,77.73675,12009600.164794922,0.02149585,-0.0103284195,73.29989
24.423912946628306,35.16304383214723,83.815254,4924799.976825714,-0.016395427,-0.008658042,72.22211
24.3985509616347,35.079710263267266,82.39983,14169600.375938416,0.025245126,-0.026696749,71.93919
24.423912946628306,35.16304383214723,83.815254,9935999.654960632,0.030926568,-0.023484048,71.93933
24.068840433535758,35.17753635462667,82.62194,7430400.090122223,0.0053116754,-0.044536598,70.809364
24.800724541980035,35.0326085145684,80.91604,17020800.39138794,0.0045919605,-0.004158646,72.9034
24.626811465810288,35.05797113185407,83.9315,13305600.072097778,0.029012477,-0.023235384,72.35807
24.340579735906957,35.22101461745307,78.71513,15983999.588012695,0.019754406,-0.012207065,73.06284
24.278985574781007,35.18478260074926,85.36457,864000.0296115875,-0.09151794,-0.033331204,71.88934
24.579710091518006,35.06884069756067,84.24473,17193599.794006348,-0.010228317,0.0026059318,71.91531
24.572463802625258,35.028985391507106,77.31845,12700799.969100952,0.018755252,-0.014870826,73.88757
24.880434869565217,35.11594208344836,73.60822,2764800.03991127,-0.025272451,0.011889934,73.69245
24.40217392316393,35.07246365433351,77.73675,1036799.9806880951,0.0014588982,-0.005279258,72.724785
24.141304256647267,35.05072417522627,80.839714,5961600.231742859,-0.05210542,-0.003949452,71.1561
24.623188347494935,34.98550731008629,86.27349,7603200.0411987305,-0.01111941,0.0065028537,72.82136
24.40217392316393,35.07246365433351,77.73675,6480000.084972382,-0.027435511,0.0001892671,72.79346
24.728260869121893,35.15579704180788,79.23173,9849599.953651428,0.016620567,-0.0016939584,73.63317
24.659420157792983,35.13768139626715,82.9603,9331199.551963806,0.018206533,-0.0029180516,72.47844
24.003623304347823,35.192029209683014,80.788605,7948799.943351746,0.0044182166,0.0019099433,70.8151
24.57246390714934,35.13405809180027,82.83649,12355200.066947937,0.031288173,-0.022626445,72.28067
24.423912946628306,35.13405791039468,84.735344,13824000.4737854,0.029427461,-0.018651329,71.537895
24.358695745580064,35.14492749121842,79.46463,4319999.873828888,-0.03799665,-0.005674891,72.07964
24.40217392316393,35.07246365433351,77.73675,11059200.15964508,0.021842048,-0.01520912,73.27459
24.728260869121893,35.15579704180788,79.23173,10108800.15449524,0.01774685,-0.0044435114,73.623566
24.365941903817713,35.11594190204278,77.940506,1900800.0102996826,-0.023391329,-0.013240263,72.33415
24.572463802625258,35.028985391507106,77.31845,18057600.097846985,-0.0044208057,-0.018094394,72.58986
24.481884276880134,35.21376834109622,79.042,7775999.992275238,-0.010593176,0.0077920435,72.78794
24.782608845879178,35.07246365433351,80.82854,4233599.898290634,-0.02451028,-0.0032939445,73.16188
24.06159400092239,35.235507653915,77.223785,18230399.500465393,0.01440455,-0.048558824,73.7827
24.57246390714934,35.13405809180027,82.83649,3369599.8686790466,-0.022226498,-0.008078145,72.5249
24.55434784521419,35.039855304907746,78.730316,12355200.066947937,0.02061703,-0.0209851,73.515305
24.40579730278949,34.98550712868071,82.545616,4492800.099134445,-0.032683104,5.2874908e-05,72.37442
24.626811465810288,35.05797113185407,83.9315,11664000.262641907,0.027705392,-0.027883999,72.4864
24.365941903817713,35.11594190204278,77.940506,10108800.15449524,0.011765549,-0.0062618535,73.02744
24.442029139218562,35.043478080275,76.86345,16502399.989700317,0.012827041,-0.025004447,72.757866
24.52536253285706,35.05797113185407,79.99595,6220799.884128571,-0.012801822,-0.014754795,72.69491
24.514492864338745,35.152173737341,77.98083,5097599.927902222,-0.02419144,0.0017530173,72.85097
24.278985653174068,35.159420527680346,80.15937,18143999.79915619,-0.009048793,-0.0032439139,72.015465
24.152173912100075,34.942029039701325,85.189964,1382400.019955635,-0.0117193535,-0.04452742,72.194496
24.85869584610084,35.31159408476158,76.05999,11318400.360488892,0.030193724,-0.032709654,73.1354
24.514492864338745,35.152173737341,77.98083,8121599.894428253,0.0019285679,0.007469168,73.33477
24.177536001617764,35.01449252133363,77.3516,12182399.56741333,0.024872806,-0.030220468,72.74595
24.822463669968496,35.11956556932083,79.471794,10713600.257492065,0.013948539,-0.015490737,73.89676
24.57246390714934,35.13405809180027,82.83649,10799999.95880127,0.029157568,-0.021840617,72.28459
24.15217408195171,35.09782609021359,90.079155,6134400.182819366,0.0029385015,-0.018016066,72.80409
24.340579657513896,35.072464168316,77.031204,2764800.03991127,-0.028502606,-0.013979841,72.68662
24.15942034471344,35.02536261613985,84.04098,4492800.099134445,-0.03223566,-0.013755888,71.87381
24.40217392316393,35.07246365433351,77.73675,8812800.247192383,0.0033724979,0.0040995553,73.07342
24.282608510179216,35.10869565592019,73.044136,9504000.051498413,-0.009859145,-0.008153906,72.83522
24.340579735906957,35.22101461745307,78.71513,1123200.0247836113,-0.012727942,-0.023996983,71.80065
24.608695560661264,35.210145036629335,80.071884,9417600.350189209,0.007621836,0.015437873,72.91443
24.286231733018653,35.16304365074164,82.86601,1987199.9858379364,0.008016672,-0.019955773,71.5066
24.271739312019278,35.0833337340226,74.97577,16934399.593162537,0.0153764505,-0.025477823,73.06017
24.068840433535758,35.17753635462667,82.62194,1900800.0102996826,-0.025143847,-0.046157114,71.74736
24.481884276880134,35.21376834109622,79.042,5702400.030899048,-0.026473366,-0.0032298826,72.69761
24.822463669968496,35.11956556932083,79.471794,2505600.113296509,-0.019258108,0.014024887,73.15258
24.49275373635028,34.95652190987481,78.13308,17366400.293540955,-0.0008117147,-0.025119033,72.785835
24.880434869565217,35.11594208344836,73.60822,15120000.381088257,0.020354176,-0.0096726455,73.60371
24.800724541980035,35.0326085145684,80.91604,3801600.0205993652,-0.021957956,-0.0047098678,73.26162
24.677536062942007,35.07971042955572,84.775665,4665599.775981903,-0.019372415,0.00086928904,72.96195
24.72463775080654,35.097825908808005,83.506035,1555199.9710321426,-0.0032191388,0.006735595,73.06345
24.659420157792983,35.13768139626715,82.9603,10108800.15449524,0.02430769,-0.01281473,72.48388
24.46739112421217,35.10507235145331,77.031204,10108800.15449524,0.016078895,-0.008273771,73.568695
24.373188349496587,35.09782609021359,73.044136,11059200.15964508,0.02452639,-0.03092692,73.13781
24.641304357168043,34.938405387540406,81.3883,10540799.757957458,0.020598127,-0.033107877,73.10379
24.286231733018653,35.16304365074164,82.86601,13046399.871253967,0.027161974,-0.020085067,71.44106
24.271739312019278,35.0833337340226,74.97577,12009600.164794922,0.027253147,-0.020608004,72.95008
24.55072462237475,35.07608730649443,88.70044,10195199.855804443,0.028378315,-0.022093952,72.8557
24.278985653174068,35.159420527680346,80.15937,4579200.074672699,-0.07035002,-0.029168617,71.73537
24.16304339770124,35.14130418675153,77.183464,16934399.593162537,0.023950107,-0.025695793,73.24816
24.373188349496587,35.09782609021359,73.044136,259199.99517202377,-0.016875535,-0.0031933468,72.650635
24.068840433535758,35.17753635462667,82.62194,12527999.469566345,0.038537603,-0.037970442,71.32455
24.528985389862203,35.079710263267266,73.800804,3023999.9665260315,-0.02138193,-0.013021212,73.50086
24.275362351941567,35.02173896397893,79.32639,13996799.876403809,0.025469579,-0.029181067,72.37209
24.503623143558386,34.916666955294566,80.479385,13305600.072097778,0.024462443,-0.010759518,72.93757
24.40579730278949,34.98550712868071,82.545616,13391999.773406982,0.018283118,-0.045853846,72.14182
24.33695651306752,35.26449269887389,75.24537,4147199.9227523804,-0.08493597,-0.04398933,72.38648
24.409420185925658,35.126811301460926,78.58091,259199.99517202377,-0.0027256496,-0.015103918,72.14334
24.507246418659868,35.018115659512056,74.98295,18316800.298690796,-0.00030969456,-0.018130276,72.19174
24.623188347494935,34.98550731008629,86.27349,3974399.971675873,-0.026772179,0.005001342,73.00506
24.728260869121893,35.15579704180788,79.23173,12268800.365638733,0.029551474,-0.0052103437,73.52803
24.264492787947336,35.06521739309379,75.914215,2073599.9613761902,-0.017030705,-0.025554568,72.84733
24.481884276880134,35.21376834109622,79.042,15983999.588012695,0.009171449,-0.01480978,72.392136
24.75362311542571,35.148550251468535,82.31272,18316800.298690796,-0.016926534,0.0060594017,71.81112
24.731884091961334,34.88405773852335,82.62194,7775999.992275238,-0.010953087,0.014241669,73.2414
24.16304339770124,35.14130418675153,77.183464,13910400.175094604,0.03871789,-0.016585853,72.816185
24.43478277193275,35.06521686399416,78.38795,0.0,-0.01647754,-0.0065556057,72.720505
24.423912946628306,35.13405791039468,84.735344,14428799.479866028,0.026552789,-0.018674396,71.50828
24.507246418659868,35.018115659512056,74.98295,13651199.974250793,0.027033467,-0.0091371685,73.76042
24.40579730278949,34.98550712868071,82.545616,3628800.0695228577,-0.030353233,-0.0012100935,72.415855
24.068840433535758,35.17753635462667,82.62194,10540799.757957458,0.035391502,-0.044528574,70.96831
24.800724541980035,35.0326085145684,80.91604,4147199.9227523804,-0.02294118,-0.0043008924,73.27221
24.43478251062254,35.050724689208764,81.254395,10540799.757957458,0.022268686,-0.029124375,72.43604
24.521739153231497,35.18115965909355,80.50853,2159999.936914444,-0.01383771,-0.0058748927,72.17018
24.202898613755877,35.17753635462667,82.22561,16847999.891853333,0.005420938,-0.021589842,71.75906
24.53985505838052,35.14492730981283,78.72631,1814400.0347614288,-0.006608516,0.0016150549,72.45016
24.731883987437246,34.999999998854186,80.17734,4665599.775981903,-0.023491904,0.0028941408,73.11539
24.068840433535758,35.050724689208764,75.1399,1382400.019955635,-0.027481973,-0.04814837,72.55392
24.268116089179838,35.07971042955572,81.07262,15638399.68585968,0.0088324845,-0.036578372,71.897385
24.822463669968496,35.11956556932083,79.471794,950400.0051498413,-0.0143794045,0.019040976,73.27719
24.75362311542571,35.148550251468535,82.31272,1900800.0102996826,-0.035530128,0.022518232,72.72529
24.507246418659868,35.018115659512056,74.98295,12700799.969100952,0.022203948,-0.011325814,73.860054
24.51086948471318,35.141304337922854,75.965324,4579200.074672699,-0.018658537,-0.0044578016,73.11112
24.202898613755877,35.17753635462667,82.22561,7516799.791431427,-0.004226234,-0.001880385,71.34173
24.003623304347823,35.192029209683014,80.788605,9935999.654960632,0.031027663,-0.015840676,70.975784
24.641304357168043,34.938405387540406,81.3883,2851200.015449524,-0.008605763,-0.0107787475,72.798195
24.15217408195171,35.09782609021359,90.079155,11836799.665260315,0.029339463,-0.013606571,72.53321
24.46739112421217,35.10507235145331,77.031204,17193599.794006348,0.014806237,-0.021596506,72.69177
24.365941903817713,35.11594190204278,77.940506,12700799.969100952,0.024809578,-0.009737313,73.02518
24.47463793572534,35.15579704180788,74.131996,2592000.0888347626,-0.009222608,-0.019740377,73.01146
24.85869584610084,35.31159408476158,76.05999,604799.9658823013,0.0066276863,0.03031586,71.82375
24.43478277193275,35.06521686399416,78.38795,5529600.07982254,-0.035550058,-0.005102137,72.64046
24.85869584610084,35.31159408476158,76.05999,13910400.175094604,0.04090753,-0.030348804,72.460106
24.655797039477626,35.09782643790763,82.953125,6134400.182819366,-0.017788485,0.0065902704,72.69499
24.518115930392057,35.170290078269815,76.7112,3369599.8686790466,-0.031134322,0.006176348,72.78093
24.3913043591697,35.05434799367564,86.750465,4319999.873828888,-0.028341107,-0.005732948,72.08415
24.521739153231497,35.18115965909355,80.50853,4924799.976825714,-0.015816737,-0.0149597265,72.44609
24.60144921950647,34.9456523441682,85.40489,14256000.07724762,0.025950726,-0.019105572,72.50765
24.576087129988778,34.96376817111452,80.53768,518399.99034404755,0.0040133074,0.008062713,72.908195
24.16304339770124,35.14130418675153,77.183464,345600.00498890877,-0.06859488,-0.0971181,71.73944
24.85869584610084,35.31159408476158,76.05999,11491199.7631073,0.031486742,-0.032722794,73.0739
24.282608510179216,35.10869565592019,73.044136,17452799.99485016,0.008767134,-0.02025329,73.14792
24.278985574781007,35.18478260074926,85.36457,14342399.778556824,0.03252437,-0.01654771,70.9507
24.365941903817713,35.11594190204278,77.940506,604799.9658823013,-0.018213332,-0.002683565,72.3025
24.572463802625258,35.028985391507106,77.31845,9590399.752807617,0.007028237,-0.0067372136,73.90577
24.822463669968496,35.11956556932083,79.471794,9676799.454116821,0.011813734,-0.010878194,73.790985
24.358695745580064,35.14492749121842,79.46463,17193599.794006348,0.0004687719,-0.009797461,72.23885
24.442029139218562,35.043478080275,76.86345,4060799.9472141266,-0.031069078,-0.0047188904,73.02012
24.75362311542571,35.148550251468535,82.31272,12355200.066947937,0.01609571,-0.01785361,73.01959
24.15217408195171,35.09782609021359,90.079155,11318400.360488892,0.028408226,-0.010856308,72.617966
24.275362351941567,35.02173896397893,79.32639,7775999.992275238,-0.022048254,-0.0031465832,72.21843
24.268116089179838,35.07971042955572,81.07262,15983999.588012695,0.0071627386,-0.03800549,71.868996
24.731884091961334,34.88405773852335,82.62194,5702400.030899048,-0.014216989,0.013842186,73.01882
24.409420185925658,35.126811301460926,78.58091,6307200.133895874,-0.017238155,-0.013683833,72.55972
24.53985505838052,35.14492730981283,78.72631,4319999.873828888,-0.022170827,0.009581191,72.667114
24.623188347494935,34.98550731008629,86.27349,2159999.936914444,-0.004717909,0.002362188,72.774895
24.365941903817713,35.11594190204278,77.940506,9590399.752807617,0.0037302822,-0.0047868546,72.9907
24.06159400092239,35.235507653915,77.223785,5875199.981975555,-0.03187675,-0.039598174,71.67123
24.503623143558386,34.916666955294566,80.479385,12960000.169944763,0.024650421,-0.013430748,72.94304
24.579710091518006,35.06884069756067,84.24473,15120000.381088257,0.011216294,-0.016100042,72.00263
24.507246627708035,35.15217355593542,72.15966,13478399.474716187,0.027610565,-0.016347148,72.77394
24.5036234048686,34.94565269942081,84.86278,15551999.984550476,0.008534074,-0.033586107,72.36874
24.5036234048686,34.94565269942081,84.86278,6134400.182819366,-0.011378843,-0.0060605947,72.52899
24.282608510179216,35.10869565592019,73.044136,2332799.8879909515,-0.04943569,-0.021721851,72.90535
24.43478277193275,35.06521686399416,78.38795,16416000.288391113,0.0066266693,-0.020165987,72.602806
24.822463669968496,35.11956556932083,79.471794,18316800.298690796,0.007090576,-0.024749894,72.60274
24.800724541980035,35.0326085145684,80.91604,5356800.128746033,-0.021139342,0.0021380018,73.322685
24.134057993885538,35.130434787333385,80.741425,1296000.0444173813,-0.07832135,-0.08318399,71.21851
24.49275373635028,34.95652190987481,78.13308,1036799.9806880951,-0.018671628,0.012624724,73.328316
24.003623304347823,35.192029209683014,80.788605,17279999.49531555,0.013671519,-0.038731482,73.00325
24.409420264318722,35.097825908808005,75.01247,16070400.386238098,0.01779081,-0.016753957,73.081154
24.152173912100075,34.942029039701325,85.189964,3542400.093984604,-0.04067889,-0.034797646,71.71477
24.576087129988778,34.96376817111452,80.53768,8726399.99742508,0.007371206,-0.016822092,73.03517
24.782608845879178,35.07246365433351,80.82854,6739199.737358093,-0.020285051,0.018894238,73.45232
24.655797039477626,35.09782643790763,82.953125,14256000.07724762,0.022885954,-0.024141617,72.3528
24.5036234048686,34.94565269942081,84.86278,6825599.987125397,-0.008713547,-0.0090165995,72.51441
24.2137679164399,35.101449394680465,78.1842,16156800.087547302,0.018244768,-0.03741866,72.83713
24.40217392316393,35.07246365433351,77.73675,2592000.0888347626,-0.024269216,-0.012137987,72.70993
24.528985389862203,35.079710263267266,73.800804,8121599.894428253,-0.01511905,-0.010771751,73.80607
24.358695745580064,35.14492749121842,79.46463,17366400.293540955,-0.00019243732,-0.009302177,72.21785
24.068840433535758,35.17753635462667,82.62194,17884799.598312378,0.016129406,-0.03455799,72.07369
24.271739312019278,35.0833337340226,74.97577,1209599.9317646027,-0.049400315,-0.01207643,72.761345
24.53985505838052,35.14492730981283,78.72631,12182399.56741333,0.02221009,-0.010173932,73.2803
24.49275373635028,34.95652190987481,78.13308,2937599.9909877777,-0.033716433,0.0026573278,73.05991
24.271739312019278,35.0833337340226,74.97577,4665599.775981903,-0.04047285,-0.009159956,73.03079
24.177536001617764,35.01449252133363,77.3516,6825599.987125397,-0.012068994,-0.027076494,72.392845
24.731883987437246,34.999999998854186,80.17734,17193599.794006348,0.006390918,-0.023261007,73.18734
24.576087129988778,34.96376817111452,80.53768,5011200.226593018,-0.020921405,-0.00048399158,72.801186
24.731883987437246,34.999999998854186,80.17734,14601599.979400635,0.014270354,-0.013254166,73.47415
24.47463793572534,35.15579704180788,74.131996,16934399.593162537,0.02057771,-0.02663282,73.14771
24.373188532413735,34.85507217391305,83.68782,14860800.180244446,0.01489093,-0.039375328,72.17375
24.5036234048686,34.94565269942081,84.86278,7775999.992275238,-0.011237506,0.0011125859,72.40164
24.880434869565217,35.11594208344836,73.60822,17452799.99485016,0.0049278736,0.0024505854,73.616066
24.242753659958876,34.931159481553294,83.59315,3023999.9665260315,-0.02445954,-0.009589292,71.73207
24.358695745580064,35.14492749121842,79.46463,7430400.090122223,-0.01063681,0.004824886,72.32353
24.43478277193275,35.06521686399416,78.38795,2851200.015449524,-0.03256212,-0.008078031,72.71525
24.521739153231497,35.18115965909355,80.50853,1296000.0444173813,-5.774945e-05,-0.011536598,72.15593
24.619565229179578,35.18478278215484,82.255135,14515200.27809143,0.02963978,-0.024292603,72.16009
24.171296292717127,35.10648163098043,78.049835,1296000.0444173813,-0.03576784,-0.03147932,71.71258
24.880434869565217,35.11594208344836,73.60822,14169600.375938416,0.025754359,-0.007822977,73.57606
24.503623143558386,34.916666955294566,80.479385,12182399.56741333,0.02310099,-0.01957003,72.947586
24.275362351941567,35.02173896397893,79.32639,13391999.773406982,0.027299955,-0.02618837,72.419945
24.57608686867857,35.22463755910878,78.28966,1296000.0444173813,-0.011238024,0.0054492243,72.318886
24.423912946628306,35.13405791039468,84.735344,9504000.051498413,0.021348327,-0.018016674,72.00885
24.40217392316393,35.07246365433351,77.73675,7775999.992275238,-0.015660238,0.012133004,72.91763
24.17028990870767,35.119565206509655,75.23819,1987199.9858379364,-0.06912583,-0.07033612,72.863556
24.35507260113369,35.04710138474188,76.478294,12268800.365638733,0.014843598,-0.014984079,73.36258
24.235507135886934,35.09782643790763,86.62735,11923200.463485718,0.019173203,-0.025745716,71.15008
24.608695560661264,35.210145036629335,80.071884,6134400.182819366,-0.028981254,0.011885955,72.76445
24.62318819070881,35.09782625650204,81.14894,12527999.469566345,0.02111055,-0.017976891,72.89781
24.409420264318722,35.137681214861566,85.684586,3283199.893140793,-0.037744008,-0.013173956,72.28893
24.677536062942007,35.07971042955572,84.775665,11836799.665260315,0.020052612,-0.033120718,72.57169
24.659420157792983,35.13768139626715,82.9603,1468799.9954938889,-0.01586514,0.0067587355,72.69513
24.278985574781007,35.18478260074926,85.36457,7775999.992275238,-0.02065431,-0.010549493,71.64168
24.43478277193275,35.06521686399416,78.38795,6739199.737358093,-0.031113043,0.0024176594,72.72495
24.579710091518006,35.06884069756067,84.24473,3196799.917602539,-0.031064764,0.010413225,72.72261
24.623188347494935,34.98550731008629,86.27349,16934399.593162537,0.01980468,-0.018591736,72.49289
24.677536062942007,35.07971042955572,84.775665,4233599.898290634,-0.02163215,0.0030651782,72.97703
24.528985389862203,35.079710263267266,73.800804,2937599.9909877777,-0.02108004,-0.013314337,73.49887
24.286231733018653,35.16304365074164,82.86601,10540799.757957458,0.02929816,-0.021569457,71.45909
24.152173912100075,34.942029039701325,85.189964,7862400.2420425415,-0.02559854,0.0107186735,71.25427
24.62318819070881,35.09782625650204,81.14894,7689599.742507935,-0.019004151,0.015558375,72.8291
24.800724541980035,35.0326085145684,80.91604,11491199.7631073,0.025725773,-0.0018256996,73.764534
24.264492787947336,35.06521739309379,75.914215,10368000.35533905,0.020985639,-0.0020818487,72.89372
24.141304256647267,35.05072417522627,80.839714,864000.0296115875,-0.06564367,-0.029561516,71.36725
24.33695651306752,35.26449269887389,75.24537,12873600.46863556,0.050192453,-0.038236998,73.732346
24.528985389862203,35.079710263267266,73.800804,2073599.9613761902,-0.017098527,-0.015134055,73.49187
24.06159400092239,35.235507653915,77.223785,12355200.066947937,0.041799955,-0.03263444,72.02751
24.57608686867857,35.22463755910878,78.28966,13132799.572563171,0.030847844,0.0003772881,73.3393
24.423912946628306,35.16304383214723,83.815254,5356800.128746033,-0.012597311,-0.010906681,72.22501
24.369565205050215,35.10507235145331,81.59638,10368000.35533905,0.025341637,-0.025678895,72.05723
24.16304339770124,35.14130418675153,77.183464,432000.01480579376,-0.067767575,-0.09690232,71.77783
24.47463793572534,35.15579704180788,74.131996,7171199.889278412,-0.015237074,-0.020070378,73.46849
24.55434784521419,35.039855304907746,78.730316,12182399.56741333,0.019932475,-0.02185053,73.52559
24.85869584610084,35.31159408476158,76.05999,17884799.598312378,0.035538957,-0.039531805,72.45445
24.235507135886934,35.09782643790763,86.62735,2246400.0495672226,-0.004679356,0.037291877,72.27238
24.586956589458925,35.03623181903528,81.050644,12873600.46863556,0.02293894,-0.015174523,72.878334
24.46739112421217,35.10507235145331,77.031204,11145599.860954285,0.019837825,-0.015583444,73.60246
24.782608584568965,35.06521774078783,85.492004,9676799.454116821,0.01319246,-0.012221944,73.02161
24.641304357168043,34.938405387540406,81.3883,8812800.247192383,0.006585803,-0.02424135,73.031395
24.423912946628306,35.13405791039468,84.735344,5443199.830055237,-0.032777555,-0.0069619324,72.3209
24.152173912100075,34.942029039701325,85.189964,5529600.07982254,-0.05203045,-0.015771195,71.3424
24.55434784521419,35.039855304907746,78.730316,2419199.8635292053,-0.018019587,-0.014294811,72.9282
24.51086948471318,35.141304337922854,75.965324,6739199.737358093,-0.009762518,0.012054684,73.410614
24.655797039477626,35.09782643790763,82.953125,8121599.894428253,0.0016782135,-0.006210519,72.69703
24.423912946628306,35.16304383214723,83.815254,10454400.056648254,0.031068102,-0.02589893,71.898895
24.293478074173446,35.130434424522214,78.52256,864000.0296115875,-0.03735125,-0.038502254,71.82949
24.202898613755877,35.17753635462667,82.22561,5356800.128746033,-0.03553073,-0.022313002,71.457726
24.55434784521419,35.039855304907746,78.730316,8208000.144195557,0.0134504475,-0.004402861,73.342155
24.340579657513896,35.072464168316,77.031204,6739199.737358093,-0.025550887,-0.0038718227,72.79119
24.202898613755877,35.17753635462667,82.22561,17712000.19569397,0.0027246326,-0.019092366,71.73636
24.782608584568965,35.06521774078783,85.492004,9763200.252342224,0.013123045,-0.013349067,73.01735
24.423912946628306,35.16304383214723,83.815254,13132799.572563171,0.03131183,-0.024724834,71.52544
24.53985505838052,35.14492730981283,78.72631,6998399.938201904,-0.023024008,0.01592582,73.07333
24.409420264318722,35.137681214861566,85.684586,6393599.835205078,-0.028198555,0.011649642,72.45886
24.202898613755877,35.17753635462667,82.22561,10972800.458335876,0.026122207,-0.023938928,71.334724
24.40579730278949,34.98550712868071,82.545616,172800.00249445438,-0.004135061,0.02159398,72.362175
24.62318819070881,35.09782625650204,81.14894,4752000.025749207,-0.027787268,0.008930211,72.61198
24.659420157792983,35.13768139626715,82.9603,11404800.061798096,0.030349568,-0.016725074,72.56783
24.278985653174068,35.159420527680346,80.15937,10108800.15449524,0.02319575,-0.014698137,72.21786
24.46739112421217,35.10507235145331,77.031204,18143999.79915619,0.019051975,-0.019462403,72.545944
24.579710091518006,35.06884069756067,84.24473,8380800.095272064,0.0051192828,0.00034185313,72.444336
24.24275355543479,35.275361916886446,83.709785,1209599.9317646027,-0.06758028,-0.10184244,71.68214
24.423912946628306,35.16304383214723,83.815254,12268800.365638733,0.029671118,-0.027276926,71.65408
24.731883987437246,34.999999998854186,80.17734,15465600.283241272,0.005852364,-0.016129259,73.4088
24.51086948471318,35.141304337922854,75.965324,18143999.79915619,0.0108739715,-0.0269164,72.895325
24.340579657513896,35.072464168316,77.031204,6566399.786281586,-0.025652088,-0.005164098,72.78078
24.49275373635028,35.04710138474188,79.64641,1987199.9858379364,-0.016836595,0.002841629,72.681564
24.880434869565217,35.11594208344836,73.60822,5011200.226593018,-0.036056146,0.025255902,73.65476
24.782608584568965,35.06521774078783,85.492004,10799999.95880127,0.015290957,-0.021042567,72.97971
24.134057993885538,35.130434787333385,80.741425,3023999.9665260315,-0.08920942,-0.056778103,71.3285
24.278985574781007,35.18478260074926,85.36457,13391999.773406982,0.03316564,-0.016377006,70.98053
24.503623143558386,34.916666955294566,80.479385,3110399.9420642853,-0.020052042,-0.0108862445,73.079384
24.409420264318722,35.097825908808005,75.01247,6307200.133895874,-0.019189842,-0.0024295356,73.23398
24.800724541980035,35.0326085145684,80.91604,10713600.257492065,0.024497446,-0.0026781019,73.733215
24.503623143558386,34.916666955294566,80.479385,6047999.933052063,-0.02788543,-0.004685264,72.98963
24.5036234048686,34.94565269942081,84.86278,2073599.9613761902,0.0016664043,-0.0043619405,72.362206
24.003623304347823,35.192029209683014,80.788605,7430400.090122223,-0.015781093,-0.00037055463,70.82248
24.728260869121893,35.15579704180788,79.23173,11318400.360488892,0.02409362,-0.0075402968,73.58664
24.271739312019278,35.0833337340226,74.97577,17971200.39653778,0.010412911,-0.025811855,72.86596
24.275362351941567,35.02173896397893,79.32639,1296000.0444173813,-0.036915146,-0.023859821,72.08462
24.503623143558386,34.916666955294566,80.479385,8467199.796581268,-0.024100997,0.0127464635,72.81476
24.528985389862203,35.079710263267266,73.800804,3887999.996137619,-0.020599056,-0.0085283555,73.54433
24.85869584610084,35.31159408476158,76.05999,10799999.95880127,0.02660462,-0.030965324,73.33414
24.15942034471344,35.02536261613985,84.04098,4665599.775981903,-0.031758823,-0.014138568,71.8587
24.271739312019278,35.0833337340226,74.97577,4147199.9227523804,-0.0426265,-0.008244932,73.06264
24.55072462237475,35.07608730649443,88.70044,4665599.775981903,-0.022123411,-0.015436139,72.89105
24.72463775080654,35.097825908808005,83.506035,1641599.9465703964,-0.0048527084,0.0067944834,73.05373
24.659420157792983,35.13768139626715,82.9603,10886399.660110474,0.02796346,-0.016568206,72.546364
24.15217408195171,35.09782609021359,90.079155,13824000.4737854,0.03761711,-0.01342703,71.94865
24.373188349496587,35.09782609021359,73.044136,17712000.19569397,0.0108971745,-0.032464918,72.798965
24.35507260113369,35.04710138474188,76.478294,12182399.56741333,0.014724035,-0.015907586,73.36106
24.5036234048686,34.94565269942081,84.86278,18143999.79915619,-0.0103234425,-0.017370302,72.71323
24.202898613755877,35.17753635462667,82.22561,2851200.015449524,-0.04435701,-0.040249143,71.41542
24.507246627708035,35.15217355593542,72.15966,11404800.061798096,0.02648971,-0.023082592,72.95485
24.409420185925658,35.126811301460926,78.58091,9244799.850654602,0.016026093,-0.006234834,72.935974
24.507246627708035,35.15217355593542,72.15966,15551999.984550476,0.008864233,-0.020180453,72.29232
24.514492864338745,35.152173737341,77.98083,7257600.139045715,-0.011386249,0.009591045,73.25555
24.481884276880134,35.21376834109622,79.042,1123200.0247836113,0.0021297745,-0.0056432057,72.10631
24.068840433535758,35.050724689208764,75.1399,10195199.855804443,0.0141002815,-0.022436846,72.94655
24.503623143558386,34.916666955294566,80.479385,12527999.469566345,0.02408541,-0.017144985,72.94714
24.33695651306752,35.26449269887389,75.24537,9935999.654960632,0.04021986,-0.04540234,73.20806
24.5036234048686,34.94565269942081,84.86278,13910400.175094604,0.019562514,-0.03504268,72.26825
24.57246390714934,35.13405809180027,82.83649,3196799.917602539,-0.02126573,-0.007857267,72.529076
24.822463669968496,35.11956556932083,79.471794,4924799.976825714,-0.014337733,0.012535979,73.43842
24.2137679164399,35.101449394680465,78.1842,16847999.891853333,0.015553286,-0.039729152,72.78666
24.268116089179838,35.07971042955572,81.07262,8380800.095272064,-0.00727541,-0.009598108,71.86668
24.3985509616347,35.079710263267266,82.39983,18143999.79915619,0.013663324,-0.026819281,71.69391
24.782608845879178,35.07246365433351,80.82854,7862400.2420425415,-0.0111257695,0.020121139,73.556595
24.49275373635028,35.04710138474188,79.64641,17279999.49531555,-0.005486943,-0.031635188,72.46659
24.268116089179838,35.07971042955572,81.07262,15206400.082397461,0.01159649,-0.034417085,71.92209
24.52536253285706,35.05797113185407,79.99595,2851200.015449524,-0.019098517,-0.008597501,72.59063
24.49275373635028,34.95652190987481,78.13308,3801600.0205993652,-0.033699505,0.0030321572,73.004776
24.268116089179838,35.07971042955572,81.07262,1987199.9858379364,-0.040311508,-0.011951793,71.61341
24.880434869565217,35.11594208344836,73.60822,3801600.0205993652,-0.02850154,0.017662283,73.72447
24.40579722439643,35.07608730649443,81.130585,7430400.090122223,0.010959815,-0.011118934,72.27047
24.369565205050215,35.10507235145331,81.59638,5875199.981975555,-0.024931177,-0.015749238,72.013916
24.507246627708035,35.15217355593542,72.15966,2419199.8635292053,-0.041252494,-0.022183605,73.01012
24.35507260113369,35.04710138474188,76.478294,11404800.061798096,0.015223242,-0.020335853,73.33407
24.16304339770124,35.14130418675153,77.183464,2246400.0495672226,-0.0602144,-0.088308625,72.44572
24.409420185925658,35.126811301460926,78.58091,8812800.247192383,0.013208438,-0.010532677,72.893166
24.51086948471318,35.141304337922854,75.965324,15033599.582862854,0.02081169,-0.01706732,73.375305
24.507246627708035,35.15217355593542,72.15966,3542400.093984604,-0.038669385,-0.0138641745,73.15731
24.822463669968496,35.11956556932083,79.471794,5875199.981975555,-0.00558199,0.01916215,73.641396
24.2137679164399,35.101449394680465,78.1842,3283199.893140793,-0.01949982,-0.033417854,72.053474
24.608695560661264,35.210145036629335,80.071884,8553600.046348572,-0.000986509,0.01947735,72.9117
24.409420185925658,35.126811301460926,78.58091,6566399.786281586,-0.013841037,-0.015305765,72.58547
24.15217408195171,35.09782609021359,90.079155,2764800.03991127,-0.010161247,-0.018410135,72.6046
24.626811465810288,35.05797113185407,83.9315,11750399.96395111,0.027834507,-0.027742416,72.48256
24.47463793572534,35.15579704180788,74.131996,6134400.182819366,-0.02153742,-0.016363636,73.37107
24.579710091518006,35.06884069756067,84.24473,13046399.871253967,0.026016947,-0.027013578,72.23055
24.659420157792983,35.13768139626715,82.9603,3369599.8686790466,-0.022889815,0.00785215,72.62371
24.351449221508126,35.36231895652174,77.53338,5702400.030899048,-0.024219267,-0.03473124,72.65978
24.481884276880134,35.21376834109622,79.042,3715200.0450611115,-0.022472203,-0.009686276,72.371086
24.521739153231497,35.18115965909355,80.50853,9590399.752807617,0.0061429814,0.008901262,72.48851
24.134057993885538,35.130434787333385,80.741425,4233599.898290634,-0.09321438,-0.038012832,71.30305
24.72463775080654,35.097825908808005,83.506035,11923200.463485718,0.024270516,-0.025989287,72.739685
24.003623304347823,35.192029209683014,80.788605,11491199.7631073,0.031770263,-0.024748873,71.19544
24.800724541980035,35.0326085145684,80.91604,16243199.788856506,0.017808577,-0.0021602511,73.09576
24.152173912100075,34.942029039701325,85.189964,5961600.231742859,-0.05160588,-0.009384071,71.30198
24.33695651306752,35.26449269887389,75.24537,6220799.884128571,-0.042967983,-0.038394675,72.920654
24.3985509616347,35.079710263267266,82.39983,5443199.830055237,-0.017092105,0.0021782909,72.08665
24.822463669968496,35.11956556932083,79.471794,7862400.2420425415,0.0026182309,0.017063022,73.85467
24.235507135886934,35.09782643790763,86.62735,17452799.99485016,-0.00014017522,-0.035856564,71.36816
24.85869584610084,35.31159408476158,76.05999,11145599.860954285,0.028933631,-0.03243963,73.19931
24.728260869121893,35.15579704180788,79.23173,14169600.375938416,0.03306257,-0.008453555,73.358574
24.655797039477626,35.09782643790763,82.953125,12441599.768257141,0.026243279,-0.026048657,72.54971
24.068840433535758,35.050724689208764,75.1399,4924799.976825714,-0.039548628,-0.03493058,73.13796
24.586956589458925,35.03623181903528,81.050644,7948799.943351746,-0.011990517,0.017442806,72.764114
24.409420342711783,35.02898555779556,73.23672,16675200.489234924,0.0132139325,-0.020245124,72.87827
24.3913043591697,35.05434799367564,86.750465,13564800.27294159,0.021145673,-0.010260712,71.92354
24.579710091518006,35.06884069756067,84.24473,15033599.582862854,0.012441967,-0.016358152,72.01042
24.423912946628306,35.13405791039468,84.735344,3542400.093984604,-0.028749086,-0.0013546012,72.24121
24.47463793572534,35.15579704180788,74.131996,14428799.479866028,0.027952494,-0.01925185,73.45805
24.503623143558386,34.916666955294566,80.479385,3456000.11844635,-0.021967568,-0.012119804,73.07739
24.43478277193275,35.06521686399416,78.38795,7862400.2420425415,-0.016747512,0.006182721,72.89005
24.619565229179578,35.18478278215484,82.255135,12614400.267791748,0.031438097,-0.018235639,72.49334
24.521739153231497,35.18115965909355,80.50853,14687999.680709839,0.02517057,-0.0072246715,72.242165
24.068840433535758,35.050724689208764,75.1399,14601599.979400635,0.01932842,-0.03990568,73.29957
24.728260869121893,35.15579704180788,79.23173,11923200.463485718,0.027751561,-0.0058839675,73.55342
24.57246390714934,35.13405809180027,82.83649,12527999.469566345,0.031587377,-0.022456191,72.271324
24.782608845879178,35.07246365433351,80.82854,5443199.830055237,-0.025434688,0.0076283645,73.275986
24.43478251062254,35.050724689208764,81.254395,9331199.551963806,0.014233347,-0.008481262,72.402115
24.782608584568965,35.06521774078783,85.492004,11664000.262641907,0.016940465,-0.024286468,72.91912
24.336956356281394,35.12681217825459,78.56935,4492800.099134445,-0.041658483,-0.0003155861,72.26871
24.72463775080654,35.097825908808005,83.506035,5615999.781131744,-0.011117756,0.013420635,72.92036
24.152173912100075,34.942029039701325,85.189964,16847999.891853333,0.002352111,-0.024481706,71.17739
24.49275373635028,35.04710138474188,79.64641,10886399.660110474,0.018907795,-0.01731186,73.074455
24.268116089179838,35.07971042955572,81.07262,259199.99517202377,-0.04941447,0.005290631,71.603035
24.17028990870767,35.119565206509655,75.23819,15811200.185394287,0.018912194,-0.023008872,73.20336
24.40579722439643,35.07608730649443,81.130585,15897599.886703491,0.012251195,-0.03168559,72.10826
24.171296292717127,35.10648163098043,78.049835,18143999.79915619,0.0019234382,-0.02504623,72.643776
24.3913043591697,35.05434799367564,86.750465,604799.9658823013,-0.036469705,-0.0043046363,72.0886
24.518115930392057,35.170290078269815,76.7112,6047999.933052063,-0.022368416,-0.0026520547,73.2304
24.503623143558386,34.916666955294566,80.479385,14342399.778556824,0.020445473,-0.00906649,72.92279
24.264492787947336,35.06521739309379,75.914215,6652800.036048889,-0.016507,0.015014054,72.73443
24.351449221508126,35.36231895652174,77.53338,10195199.855804443,0.056383252,-0.013528094,73.23649
24.286231733018653,35.16304365074164,82.86601,2073599.9613761902,0.0070538893,-0.020525008,71.513466
24.278985574781007,35.18478260074926,85.36457,10627199.459266663,0.027186984,-0.00898535,71.27381
24.528985389862203,35.079710263267266,73.800804,4319999.873828888,-0.025341831,-0.010367308,73.57988
24.286231733018653,35.16304365074164,82.86601,4319999.873828888,-0.0105213,-0.023129795,71.628815
24.134057993885538,35.130434787333385,80.741425,17193599.794006348,0.0009524971,-0.017115414,72.288666
24.49275373635028,35.04710138474188,79.64641,2678400.0643730164,-0.02346865,-0.0019154828,72.64504
24.351449221508126,35.36231895652174,77.53338,9590399.752807617,0.054680083,-0.010132074,73.1555
24.503623143558386,34.916666955294566,80.479385,1641599.9465703964,-0.0017194115,-0.0073555782,73.0702
24.340579735906957,35.22101461745307,78.71513,10281599.557113647,0.028660644,-0.018229354,72.87661
24.659420157792983,35.13768139626715,82.9603,86400.00124722719,-0.009840336,0.015178979,72.765755
24.800724541980035,35.0326085145684,80.91604,5097599.927902222,-0.022352487,1.1669472e-05,73.31047
24.286231733018653,35.16304365074164,82.86601,2592000.0888347626,0.00075352564,-0.022204172,71.551216
24.340579657513896,35.072464168316,77.031204,3283199.893140793,-0.030191287,-0.01285056,72.682274
24.235507135886934,35.09782643790763,86.62735,7257600.139045715,-0.016768876,-0.021412935,72.02601
24.47463793572534,35.15579704180788,74.131996,17539199.696159363,0.019993685,-0.028431043,73.0465
24.514492864338745,35.152173737341,77.98083,16243199.788856506,0.010209475,-0.021132827,72.78604
24.33695651306752,35.26449269887389,75.24537,8985600.19826889,0.036236525,-0.040256307,73.21607
24.800724541980035,35.0326085145684,80.91604,5875199.981975555,-0.017093148,0.007321311,73.35414
24.626811465810288,35.05797113185407,83.9315,604799.9658823013,-0.0023348816,0.023267057,72.77382
24.409420342711783,35.02898555779556,73.23672,0.0,-0.016112752,0.02186232,73.25711
24.57608686867857,35.22463755910878,78.28966,15811200.185394287,0.021648198,-0.017708134,72.76536
24.507246627708035,35.15217355593542,72.15966,4579200.074672699,-0.038992934,-0.005329611,73.23779
24.068840433535758,35.050724689208764,75.1399,12700799.969100952,0.026547043,-0.030439604,73.15516
24.55434784521419,35.039855304907746,78.730316,4060799.9472141266,-0.020928398,-0.008768341,72.84663
24.06159400092239,35.235507653915,77.223785,17020800.39138794,0.021858314,-0.049512178,73.59977
24.16304339770124,35.14130418675153,77.183464,7343999.840354919,0.007617086,-0.028025754,72.38904
24.134057993885538,35.130434787333385,80.741425,5615999.781131744,-0.07904207,-0.021132685,71.218
24.171296292717127,35.10648163098043,78.049835,5443199.830055237,-0.03793882,-0.02420517,72.02383
24.521739153231497,35.18115965909355,80.50853,1814400.0347614288,-0.0095170885,-0.008311564,72.15488
24.47463793572534,35.15579704180788,74.131996,15465600.283241272,0.02606472,-0.01900762,73.34265
24.40217392316393,35.07246365433351,77.73675,8726399.99742508,0.0016563311,0.005339477,73.0598
24.242753659958876,34.931159481553294,83.59315,3196799.917602539,-0.024692416,-0.0102550015,71.72166
24.800724541980035,35.0326085145684,80.91604,7775999.992275238,-0.002803266,0.020103581,73.573616
24.47463793572534,35.15579704180788,74.131996,12009600.164794922,0.019730734,-0.028345905,73.499954
24.40579730278949,34.98550712868071,82.545616,5097599.927902222,-0.034065783,0.0009697508,72.34341
24.641304357168043,34.938405387540406,81.3883,432000.01480579376,0.018351976,-0.0067059174,72.84329
24.52536253285706,35.05797113185407,79.99595,18316800.298690796,0.0056006275,-0.03349763,72.31996
24.5036234048686,34.94565269942081,84.86278,7430400.090122223,-0.010802224,-0.0037976298,72.44788
24.525362323808892,35.01449270273921,80.76379,7343999.840354919,-0.021035768,0.0111554675,72.693436
24.514492864338745,35.152173737341,77.98083,7948799.943351746,-0.0008265786,0.008523964,73.32303
24.35507260113369,35.04710138474188,76.478294,3974399.971675873,-0.03119164,-0.011869501,72.898026
24.576087129988778,34.96376817111452,80.53768,5702400.030899048,-0.021666475,0.0007295646,72.85802
24.15217408195171,35.09782609021359,90.079155,1468799.9954938889,0.008871572,-0.024085775,72.987076
24.409420264318722,35.137681214861566,85.684586,5529600.07982254,-0.033539593,0.004503064,72.443184
24.62318819070881,35.09782625650204,81.14894,4924799.976825714,-0.028129317,0.008875942,72.62483
24.409420264318722,35.097825908808005,75.01247,5529600.07982254,-0.02221958,-0.0055533927,73.21217
24.35507260113369,35.04710138474188,76.478294,7603200.0411987305,-0.00903957,-0.012278676,73.04215
24.141304256647267,35.05072417522627,80.839714,6998399.938201904,-0.04364045,0.0012822356,71.255745
24.51086948471318,35.141304337922854,75.965324,1555199.9710321426,-0.016913865,-0.0032724887,72.84369
24.528985389862203,35.079710263267266,73.800804,1555199.9710321426,-0.015218325,-0.016637668,73.485916
24.423912946628306,35.13405791039468,84.735344,16416000.288391113,0.008350123,-0.023102187,71.360825
24.528985389862203,35.079710263267266,73.800804,18316800.298690796,0.007818658,-0.026222024,72.54474
24.423912946628306,35.16304383214723,83.815254,16761600.190544128,0.0097165,-0.022109602,71.25262
24.3913043591697,35.05434799367564,86.750465,8985600.19826889,0.014499741,0.010755948,72.16046
24.608695560661264,35.210145036629335,80.071884,6825599.987125397,-0.021228224,0.017039929,72.80012
24.442029139218562,35.043478080275,76.86345,4752000.025749207,-0.029578283,-0.005241083,73.03949
24.49275373635028,35.04710138474188,79.64641,11491199.7631073,0.018007135,-0.023052614,73.074486
24.358695745580064,35.14492749121842,79.46463,3023999.9665260315,-0.036009178,-0.007921448,71.98878
24.278985653174068,35.159420527680346,80.15937,86400.00124722719,-0.07582227,-0.05755751,71.460236
24.503623143558386,34.916666955294566,80.479385,2764800.03991127,-0.017301794,-0.009630591,73.079544
24.514492864338745,35.152173737341,77.98083,10627199.459266663,0.017831072,-0.013989799,73.48302
24.43478251062254,35.050724689208764,81.254395,11836799.665260315,0.022355005,-0.033100028,72.41476
24.731884091961334,34.88405773852335,82.62194,5097599.927902222,-0.017612033,0.009651519,73.04641
24.351449221508126,35.36231895652174,77.53338,8121599.894428253,0.046238005,-0.006058069,72.83656
24.340579657513896,35.072464168316,77.031204,11577599.464416504,0.019592077,-0.0111559965,73.195274
24.278985653174068,35.159420527680346,80.15937,13824000.4737854,0.020183489,-0.009391859,72.33562
24.503623143558386,34.916666955294566,80.479385,12441599.768257141,0.0238788,-0.017829131,72.9475
24.655797039477626,35.09782643790763,82.953125,12960000.169944763,0.025709681,-0.025886852,72.50956
24.507246627708035,35.15217355593542,72.15966,3456000.11844635,-0.038697593,-0.014559608,73.14606
24.57246390714934,35.13405809180027,82.83649,16934399.593162537,0.008416582,-0.019607004,71.70799
24.336956356281394,35.12681217825459,78.56935,10799999.95880127,0.023691595,-0.010307208,72.88571
24.336956356281394,35.12681217825459,78.56935,3628800.0695228577,-0.039418966,-0.0027252417,72.202995
24.24275355543479,35.275361916886446,83.709785,12355200.066947937,0.030919591,-0.008038081,70.84431
24.340579657513896,35.072464168316,77.031204,12355200.066947937,0.022107624,-0.007171562,73.22736
24.481884276880134,35.21376834109622,79.042,9935999.654960632,0.019399928,-0.0067445226,72.84858
24.782608845879178,35.07246365433351,80.82854,11318400.360488892,0.022010656,-0.009389164,73.620834
24.068840433535758,35.050724689208764,75.1399,259199.99517202377,-0.010840178,-0.09641012,72.44492
24.278985574781007,35.18478260074926,85.36457,13996799.876403809,0.03309431,-0.016258765,70.954704
24.134057993885538,35.130434787333385,80.741425,6220799.884128571,-0.06488187,-0.014889259,71.19778
24.57246390714934,35.13405809180027,82.83649,2419199.8635292053,-0.0154320225,-0.0088127665,72.539185
24.626811465810288,35.05797113185407,83.9315,18316800.298690796,0.0029349625,0.0010247007,71.951195
24.57608686867857,35.22463755910878,78.28966,6998399.938201904,-0.01810896,0.016921557,73.15752
24.677536062942007,35.07971042955572,84.775665,13651199.974250793,0.02125866,-0.024850946,72.38057
24.068840433535758,35.050724689208764,75.1399,5011200.226593018,-0.038653344,-0.035517935,73.14354
24.409420185925658,35.126811301460926,78.58091,16934399.593162537,0.017557137,-0.021158714,72.42028
24.141304256647267,35.05072417522627,80.839714,11491199.7631073,0.02304471,-0.025872499,71.79163
24.57608686867857,35.22463755910878,78.28966,10454400.056648254,0.013417378,0.0006693918,73.40177
24.40579730278949,34.98550712868071,82.545616,11318400.360488892,0.017286748,-0.040585853,72.15269
24.202898613755877,35.17753635462667,82.22561,16156800.087547302,0.0062802657,-0.022668839,71.7943
24.409420264318722,35.137681214861566,85.684586,9935999.654960632,0.022391245,-0.01485968,71.88323
24.32608705359737,35.05434782738719,80.59564,12527999.469566345,0.02320692,-0.02688213,72.292885
24.177536001617764,35.01449252133363,77.3516,11491199.7631073,0.023627684,-0.027629144,72.7234
24.278985574781007,35.18478260074926,85.36457,11923200.463485718,0.02923015,-0.014748029,71.1219
24.49275373635028,35.04710138474188,79.64641,12441599.768257141,0.01613051,-0.025295068,73.041
24.235507135886934,35.09782643790763,86.62735,14428799.479866028,0.02067144,-0.032253645,71.121635
24.481884276880134,35.21376834109622,79.042,10022400.453186035,0.019940196,-0.007450681,72.85346
24.351449221508126,35.36231895652174,77.53338,3369599.8686790466,-0.10949068,-0.105242044,73.036865
24.171296292717127,35.10648163098043,78.049835,3974399.971675873,-0.04193435,-0.026301876,72.11627
24.75362311542571,35.148550251468535,82.31272,15292799.783706665,0.012777392,-0.010208175,72.3938
24.51086948471318,35.141304337922854,75.965324,3628800.0695228577,-0.020249374,-0.007552618,73.016846
24.409420264318722,35.137681214861566,85.684586,10886399.660110474,0.025315335,-0.019154258,71.808044
24.409420264318722,35.097825908808005,75.01247,10627199.459266663,0.022976851,-0.021981351,73.45018
24.47463793572534,35.15579704180788,74.131996,17452799.99485016,0.020456318,-0.02735217,73.06122
24.55072462237475,35.07608730649443,88.70044,14515200.27809143,0.031510256,-0.017670669,72.64811
24.55072462237475,35.07608730649443,88.70044,18057600.097846985,0.008605711,-0.024111517,72.30949
24.40579722439643,35.07608730649443,81.130585,8121599.894428253,0.015969668,-0.0074289795,72.27786
24.340579657513896,35.072464168316,77.031204,691200.0099778175,-0.012810819,-0.013482053,72.68238
24.731884091961334,34.88405773852335,82.62194,777599.9855160713,0.0029617138,0.012093803,73.024895
24.43478277193275,35.06521686399416,78.38795,6825599.987125397,-0.030393943,0.0030129738,72.734406
24.641304357168043,34.938405387540406,81.3883,12355200.066947937,0.024878584,-0.03806922,73.0363
24.507246418659868,35.018115659512056,74.98295,16156800.087547302,0.016823318,-0.024533335,72.89964
24.55434784521419,35.039855304907746,78.730316,2937599.9909877777,-0.018985953,-0.015644707,72.88495
24.75362311542571,35.148550251468535,82.31272,13737599.675559998,0.017979575,-0.013179794,72.79282
24.340579735906957,35.22101461745307,78.71513,14687999.680709839,0.030708928,-0.0063197818,73.025475
24.880434869565217,35.11594208344836,73.60822,11491199.7631073,0.026035538,-0.019439846,73.58854
24.43478277193275,35.06521686399416,78.38795,3974399.971675873,-0.033966355,-0.0070467107,72.65278
24.003623304347823,35.192029209683014,80.788605,8899199.948501587,0.02536257,-0.0041030124,70.87095
24.586956589458925,35.03623181903528,81.050644,15811200.185394287,0.009401608,-0.03501399,72.730515
24.369565205050215,35.10507235145331,81.59638,13305600.072097778,0.02420016,-0.021042835,71.99419
24.528985389862203,35.079710263267266,73.800804,10972800.458335876,0.019022126,-0.024142366,73.69044
24.409420264318722,35.097825908808005,75.01247,11318400.360488892,0.024304405,-0.024056368,73.457344
24.068840433535758,35.050724689208764,75.1399,2678400.0643730164,-0.047348037,-0.022785675,72.83967
24.85869584610084,35.31159408476158,76.05999,3283199.893140793,-0.016081791,0.02655326,72.88187
24.278985574781007,35.18478260074926,85.36457,3715200.0450611115,-0.09210087,-0.02471323,72.09099
24.40217392316393,35.07246365433351,77.73675,5011200.226593018,-0.030775845,-0.012247641,72.699646
24.32608705359737,35.05434782738719,80.59564,2764800.03991127,-0.026519164,-0.022875302,72.06156
24.278985574781007,35.18478260074926,85.36457,6047999.933052063,-0.06716596,-0.02765131,72.004524
24.365941903817713,35.11594190204278,77.940506,18143999.79915619,0.0026996955,-0.007763166,72.29675
24.286231733018653,35.16304365074164,82.86601,8380800.095272064,0.019551657,-0.02321542,71.62823
24.782608845879178,35.07246365433351,80.82854,7430400.090122223,-0.015441243,0.020902796,73.531136
24.528985389862203,35.079710263267266,73.800804,13132799.572563171,0.027220197,-0.019764148,73.68308
24.268116089179838,35.07971042955572,81.07262,6047999.933052063,-0.030029058,-0.025883518,71.74185
24.481884276880134,35.21376834109622,79.042,691200.0099778175,0.009942694,-0.0007963814,72.145966
24.53985505838052,35.14492730981283,78.72631,9935999.654960632,0.014362555,-0.002902327,73.27545
24.43478251062254,35.050724689208764,81.254395,15033599.582862854,0.01721849,-0.035133943,72.29635
24.373188349496587,35.09782609021359,73.044136,3974399.971675873,-0.010531306,-0.013875127,73.25655
24.152173912100075,34.942029039701325,85.189964,9504000.051498413,0.0139726065,-0.008320695,71.26307
24.264492787947336,35.06521739309379,75.914215,2937599.9909877777,-0.018501963,-0.022585355,72.87443
24.271739312019278,35.0833337340226,74.97577,1814400.0347614288,-0.048194982,-0.012842752,72.94367
24.782608584568965,35.06521774078783,85.492004,17971200.39653778,0.0039709806,-0.020906627,72.1689
24.572463802625258,35.028985391507106,77.31845,6307200.133895874,-0.022489961,-0.0032409802,73.52179
24.518115930392057,35.170290078269815,76.7112,11664000.262641907,0.017025944,-0.015217267,73.66256
24.677536062942007,35.07971042955572,84.775665,7603200.0411987305,0.016168628,-0.009102656,72.79939
24.171296292717127,35.10648163098043,78.049835,10195199.855804443,0.018060705,-0.014748152,72.33877
24.782608845879178,35.07246365433351,80.82854,3023999.9665260315,-0.020323914,-0.0041806772,73.138
24.782608845879178,35.07246365433351,80.82854,2937599.9909877777,-0.019812264,-0.0039842054,73.141464
24.659420157792983,35.13768139626715,82.9603,18143999.79915619,-0.0003416054,-0.016389161,71.66515
24.728260869121893,35.15579704180788,79.23173,11836799.665260315,0.027259078,-0.0061076563,73.55911
24.731883987437246,34.999999998854186,80.17734,7430400.090122223,-0.007362131,0.0010608137,73.34095
24.47463793572534,35.15579704180788,74.131996,2764800.03991127,-0.0115675405,-0.020204514,73.03277
24.46739112421217,35.10507235145331,77.031204,6998399.938201904,-0.012780193,-0.008391429,73.222496
24.409420264318722,35.137681214861566,85.684586,11145599.860954285,0.025767654,-0.019265346,71.79008
24.15217408195171,35.09782609021359,90.079155,6480000.084972382,0.007374488,-0.014689285,72.83295
24.52536253285706,35.05797113185407,79.99595,5356800.128746033,-0.020708036,-0.00993238,72.601555
24.623188347494935,34.98550731008629,86.27349,172800.00249445438,0.01256166,-0.0018889084,72.08685
24.423912946628306,35.13405791039468,84.735344,7084800.187969208,-0.023132652,-0.0049208794,72.303986
24.202898613755877,35.17753635462667,82.22561,17798399.897003174,0.0022051,-0.01890437,71.73815
24.3913043591697,35.05434799367564,86.750465,6566399.786281586,-0.013451718,0.016451173,72.19635
24.572463802625258,35.028985391507106,77.31845,5356800.128746033,-0.028427124,-0.008529412,73.42353
24.268116089179838,35.07971042955572,81.07262,7948799.943351746,-0.013850555,-0.013166945,71.8434
24.40217392316393,35.07246365433351,77.73675,4406400.123596191,-0.030967064,-0.013680551,72.68707
24.52536253285706,35.05797113185407,79.99595,9763200.252342224,0.01564361,-0.015862972,72.99057
24.641304357168043,34.938405387540406,81.3883,5097599.927902222,-0.009523306,-0.008885361,72.92714
24.242753659958876,34.931159481553294,83.59315,691200.0099778175,-0.023915619,0.020929515,72.065926
24.800724541980035,35.0326085145684,80.91604,7257600.139045715,-0.0053521544,0.020631239,73.51183
24.068840433535758,35.17753635462667,82.62194,15206400.082397461,0.03227831,-0.03183401,71.94415
24.47463793572534,35.15579704180788,74.131996,4492800.099134445,-0.023995005,-0.015093066,73.21328
24.264492787947336,35.06521739309379,75.914215,5529600.07982254,-0.023573205,0.0037066024,72.74558
24.275362351941567,35.02173896397893,79.32639,10022400.453186035,0.021729715,-0.016798683,72.4486
24.442029139218562,35.043478080275,76.86345,10627199.459266663,0.006057106,-0.029956192,73.61974
24.365941903817713,35.11594190204278,77.940506,18057600.097846985,0.0029134788,-0.007452039,72.31269
24.57246390714934,35.13405809180027,82.83649,6220799.884128571,-0.022709645,-0.005369121,72.42902
24.358695745580064,35.14492749121842,79.46463,17971200.39653778,-0.003716357,-0.0077537447,72.144806
24.514492864338745,35.152173737341,77.98083,14515200.27809143,0.021785956,-0.01188384,73.0713
24.471014503837736,35.137681214861566,84.09494,3974399.971675873,-0.026662387,-0.008393476,72.31442
24.35507260113369,35.04710138474188,76.478294,14083199.577713013,0.016778694,0.0047107693,73.230095
24.576087129988778,34.96376817111452,80.53768,8467199.796581268,0.0031360239,-0.013962183,73.02466
24.57608686867857,35.22463755910878,78.28966,12095999.866104126,0.023788333,0.00020110607,73.42297
24.60144921950647,34.9456523441682,85.40489,6998399.938201904,-0.021051854,0.01936707,72.67212
24.264492787947336,35.06521739309379,75.914215,1987199.9858379364,-0.017061856,-0.025539067,72.839775
24.576087129988778,34.96376817111452,80.53768,14947199.88155365,0.023086738,-0.01998949,73.107864
24.068840433535758,35.050724689208764,75.1399,17539199.696159363,-0.0006405525,-0.039954532,73.16545
24.369565205050215,35.10507235145331,81.59638,8812800.247192383,0.017346721,-0.018471055,72.09516
24.619565229179578,35.18478278215484,82.255135,1296000.0444173813,0.0049399994,-0.0035589132,72.347115
24.202898613755877,35.17753635462667,82.22561,12095999.866104126,0.024187589,-0.020665225,71.41833
24.507246418659868,35.018115659512056,74.98295,11059200.15964508,0.007802151,-0.018814545,73.84202
24.15942034471344,35.02536261613985,84.04098,6307200.133895874,-0.01656596,-0.029449347,71.68371
24.822463669968496,35.11956556932083,79.471794,15897599.886703491,0.015452456,-0.022232376,73.28101
24.235507135886934,35.09782643790763,86.62735,15379199.48501587,0.017342042,-0.034419637,71.213684
24.373188349496587,35.09782609021359,73.044136,9590399.752807617,0.020339658,-0.019409046,73.05652
24.40217392316393,35.07246365433351,77.73675,13219200.370788574,0.023413312,-0.0022747088,73.21742
24.40579722439643,35.07608730649443,81.130585,12700799.969100952,0.023463933,-0.026861977,72.287834
24.340579657513896,35.072464168316,77.031204,15897599.886703491,0.010094857,-0.020372238,72.76939
24.282608510179216,35.10869565592019,73.044136,518399.99034404755,-0.05491452,-0.00025794096,72.43348
24.626811465810288,35.05797113185407,83.9315,432000.01480579376,-0.0035904609,0.022741592,72.77174
24.43478251062254,35.050724689208764,81.254395,10799999.95880127,0.022554733,-0.03131535,72.43657
24.528985389862203,35.079710263267266,73.800804,16243199.788856506,0.017912522,-0.025585648,73.11264
24.782608584568965,35.06521774078783,85.492004,12441599.768257141,0.017743396,-0.025574427,72.81216
24.62318819070881,35.09782625650204,81.14894,10886399.660110474,0.011511186,-0.016826332,72.86315
24.72463775080654,35.097825908808005,83.506035,777599.9855160713,0.013751712,0.0048130546,73.137825
24.24275355543479,35.275361916886446,83.709785,6480000.084972382,-0.025128633,-0.037419826,71.6065
24.3913043591697,35.05434799367564,86.750465,17279999.49531555,-0.0037970394,-0.010729872,71.86722
24.3985509616347,35.079710263267266,82.39983,15724800.484085083,0.015762452,-0.031162865,71.85721
24.518115930392057,35.170290078269815,76.7112,14169600.375938416,0.026345437,-0.010804392,73.37522
24.293478074173446,35.130434424522214,78.52256,12960000.169944763,0.02377315,-0.0146536045,72.745895
24.16304339770124,35.14130418675153,77.183464,10368000.35533905,0.032136846,-0.017254792,72.40094
24.351449221508126,35.36231895652174,77.53338,10368000.35533905,0.05664926,-0.014563933,73.25324
24.521739153231497,35.18115965909355,80.50853,259199.99517202377,0.012327207,-0.008766314,72.312645
24.15942034471344,35.02536261613985,84.04098,6047999.933052063,-0.019504525,-0.026372403,71.72012
24.626811465810288,35.05797113185407,83.9315,13910400.175094604,0.028249964,-0.020147122,72.293144
24.782608584568965,35.06521774078783,85.492004,15897599.886703491,0.02664116,-0.02403355,72.35617
24.33695651306752,35.26449269887389,75.24537,14687999.680709839,0.048991054,-0.026836444,74.536705
24.278985653174068,35.159420527680346,80.15937,4406400.123596191,-0.07156963,-0.029231492,71.72118
24.202898613755877,35.17753635462667,82.22561,8294399.845504761,0.0113525,-0.002461698,71.33276
24.365941903817713,35.11594190204278,77.940506,9244799.850654602,-0.0028431378,-0.003965592,72.9629
24.72463775080654,35.097825908808005,83.506035,8553600.046348572,0.00096805394,0.0004899688,72.867836
24.507246418659868,35.018115659512056,74.98295,15638399.68585968,0.0208127,-0.021326024,73.105736
24.177536001617764,35.01449252133363,77.3516,17452799.99485016,-0.00016702712,-0.033453397,72.46639
24.55072462237475,35.07608730649443,88.70044,12441599.768257141,0.034755524,-0.017930273,72.65873
24.177536001617764,35.01449252133363,77.3516,2937599.9909877777,-0.0206513,-0.023533456,72.224434
24.409420264318722,35.097825908808005,75.01247,15983999.588012695,0.0180015,-0.0162291,73.0988
24.782608584568965,35.06521774078783,85.492004,14342399.778556824,0.029601129,-0.022624515,72.50786
24.481884276880134,35.21376834109622,79.042,1382400.019955635,-0.003090404,-0.008880198,72.093636
24.579710091518006,35.06884069756067,84.24473,3974399.971675873,-0.030794501,0.011742684,72.694984
24.471014503837736,35.137681214861566,84.09494,10886399.660110474,0.025079556,-0.027805202,71.998245
24.351449221508126,35.36231895652174,77.53338,15120000.381088257,0.041642364,-0.027720869,73.08311
24.75362311542571,35.148550251468535,82.31272,16675200.489234924,-0.0031423308,-0.010559164,72.039986
24.507246627708035,35.15217355593542,72.15966,4665599.775981903,-0.038973905,-0.0045603067,73.23988
24.619565229179578,35.18478278215484,82.255135,6307200.133895874,-0.011973601,-0.01503567,72.54774
24.53985505838052,35.14492730981283,78.72631,3715200.0450611115,-0.021894686,0.0098195,72.60093
24.409420342711783,35.02898555779556,73.23672,16588799.691009521,0.013473574,-0.020150669,72.90282
24.2137679164399,35.101449394680465,78.1842,15724800.484085083,0.02129127,-0.035334144,72.837524
24.152173912100075,34.942029039701325,85.189964,1814400.0347614288,-0.018412765,-0.04226824,72.12539
24.35507260113369,35.04710138474188,76.478294,7084800.187969208,-0.013074879,-0.014332958,73.008156
24.373188532413735,34.85507217391305,83.68782,6566399.786281586,-0.019793406,-0.016768213,72.08474
24.275362351941567,35.02173896397893,79.32639,16156800.087547302,0.008103393,-0.041407906,72.11612
24.85869584610084,35.31159408476158,76.05999,3456000.11844635,-0.018101338,0.025936075,72.96455
24.268116089179838,35.07971042955572,81.07262,11491199.7631073,0.020924123,-0.027791847,72.02816
24.800724541980035,35.0326085145684,80.91604,15120000.381088257,0.018697536,0.0007980317,73.37414
24.782608845879178,35.07246365433351,80.82854,8208000.144195557,-0.0054514296,0.01704897,73.555275
24.003623304347823,35.192029209683014,80.788605,7171199.889278412,-0.027818754,-0.0034197867,70.83991
24.528985389862203,35.079710263267266,73.800804,8812800.247192383,0.0015146099,-0.009427385,73.80006
24.3985509616347,35.079710263267266,82.39983,3628800.0695228577,-0.020403516,0.009966185,72.05192
24.373188532413735,34.85507217391305,83.68782,13391999.773406982,0.018311536,-0.03822674,72.199646
24.518115930392057,35.170290078269815,76.7112,13478399.474716187,0.025410645,-0.009379966,73.4852
24.586956589458925,35.03623181903528,81.050644,14515200.27809143,0.018421631,-0.025141317,72.80895
24.40217392316393,35.07246365433351,77.73675,2678400.0643730164,-0.025128111,-0.012343183,72.70819
24.409420264318722,35.137681214861566,85.684586,2246400.0495672226,-0.035036698,-0.013921872,72.38657
24.409420264318722,35.097825908808005,75.01247,7862400.2420425415,-0.006897304,0.0041635,73.27722
24.55072462237475,35.07608730649443,88.70044,13910400.175094604,0.036892608,-0.015464958,72.639694
24.677536062942007,35.07971042955572,84.775665,16675200.489234924,0.0065594427,-0.018776916,71.9025
24.06159400092239,35.235507653915,77.223785,3023999.9665260315,-0.077995464,-0.08344521,72.531944
24.15217408195171,35.09782609021359,90.079155,3974399.971675873,-0.01965861,-0.019695763,72.54539
24.782608845879178,35.07246365433351,80.82854,5011200.226593018,-0.025457457,0.0027908515,73.2271
24.423912946628306,35.16304383214723,83.815254,10799999.95880127,0.03040598,-0.027052298,71.86535
24.423912946628306,35.16304383214723,83.815254,11836799.665260315,0.02899,-0.027884305,71.72361
24.202898613755877,35.17753635462667,82.22561,2592000.0888347626,-0.042963065,-0.042383492,71.40173
24.55434784521419,35.039855304907746,78.730316,14342399.778556824,0.021396767,-0.020244263,73.28573
24.32608705359737,35.05434782738719,80.59564,16588799.691009521,0.007219687,-0.037972447,71.92509
24.271739312019278,35.0833337340226,74.97577,16243199.788856506,0.017555568,-0.024174906,73.12044
24.53985505838052,35.14492730981283,78.72631,18316800.298690796,0.007945996,-0.024579145,72.53844
24.409420264318722,35.097825908808005,75.01247,1900800.0102996826,-0.028217614,-0.011866342,73.107025
24.351449221508126,35.36231895652174,77.53338,17539199.696159363,0.021643806,-0.029048353,73.554825
24.619565229179578,35.18478278215484,82.255135,16243199.788856506,0.017702537,-0.027571052,71.77369
24.409420342711783,35.02898555779556,73.23672,8380800.095272064,-0.0013188459,0.002013985,73.247696
24.800724541980035,35.0326085145684,80.91604,7430400.090122223,-0.0047450624,0.021056436,73.53463
24.55434784521419,35.039855304907746,78.730316,14515200.27809143,0.020440714,-0.02129041,73.25775
24.423912946628306,35.13405791039468,84.735344,4579200.074672699,-0.032086655,-0.0050927196,72.26468
24.40579730278949,34.98550712868071,82.545616,5615999.781131744,-0.03471329,0.0012549628,72.314095
24.655797039477626,35.09782643790763,82.953125,4492800.099134445,-0.024510108,0.0057370905,72.686104
24.481884276880134,35.21376834109622,79.042,12355200.066947937,0.024508439,-0.0034560878,72.94403
24.409420342711783,35.02898555779556,73.23672,4233599.898290634,-0.016597658,7.1343035e-05,73.3724
24.49275373635028,34.95652190987481,78.13308,12614400.267791748,0.01543697,-0.013666313,73.53852
24.46739112421217,35.10507235145331,77.031204,3628800.0695228577,-0.020982575,-0.011806466,72.90514
24.507246627708035,35.15217355593542,72.15966,2159999.936914444,-0.041811682,-0.023030505,72.98821
24.525362323808892,35.01449270273921,80.76379,259199.99517202377,0.00069242716,0.017455388,72.64829
24.677536062942007,35.07971042955572,84.775665,15379199.48501587,0.01973785,-0.018230394,72.075714
24.623188347494935,34.98550731008629,86.27349,9935999.654960632,0.033245806,-0.020210713,72.80897
24.731884091961334,34.88405773852335,82.62194,3542400.093984604,-0.016603507,-0.0029591825,73.17647
24.47463793572534,35.15579704180788,74.131996,6047999.933052063,-0.021941353,-0.016125727,73.362465
24.528985389862203,35.079710263267266,73.800804,6393599.835205078,-0.023119517,-0.017268624,73.74131
24.268116089179838,35.07971042955572,81.07262,172800.00249445438,-0.049926944,0.0062788976,71.60169
24.40217392316393,35.07246365433351,77.73675,2851200.015449524,-0.026584886,-0.01270885,72.704865
24.33695651306752,35.26449269887389,75.24537,12787199.670410156,0.049996257,-0.038891554,73.704254
24.586956589458925,35.03623181903528,81.050644,8553600.046348572,-0.0076172464,0.015159514,72.793274
24.85869584610084,35.31159408476158,76.05999,11750399.96395111,0.03341406,-0.032373216,72.98613
24.32608705359737,35.05434782738719,80.59564,7948799.943351746,-0.00013158843,-0.01710001,72.14786
24.068840433535758,35.17753635462667,82.62194,17020800.39138794,0.020538228,-0.035909683,72.050964
24.518115930392057,35.170290078269815,76.7112,8380800.095272064,0.004010819,-0.009646744,73.54044
24.677536062942007,35.07971042955572,84.775665,2332799.8879909515,-0.01776284,0.011844819,73.00983
24.32608705359737,35.05434782738719,80.59564,12268800.365638733,0.023659872,-0.026831161,72.30777
24.409420342711783,35.02898555779556,73.23672,14169600.375938416,0.01411997,-0.0069579296,73.289406
24.409420264318722,35.137681214861566,85.684586,14687999.680709839,0.031501696,-0.008654883,71.580666
24.677536062942007,35.07971042955572,84.775665,6912000.2368927,0.009760523,-0.004075015,72.8776
24.49275373635028,34.95652190987481,78.13308,10108800.15449524,-0.0128354095,-0.01601268,73.64493
24.16304339770124,35.14130418675153,77.183464,604799.9658823013,-0.06618819,-0.09646062,71.8534
24.728260869121893,35.15579704180788,79.23173,4924799.976825714,-0.02713921,0.008231195,73.03807
24.47463793572534,35.15579704180788,74.131996,10972800.458335876,0.0166981,-0.02706248,73.47004
24.57608686867857,35.22463755910878,78.28966,15465600.283241272,0.023406018,-0.014586933,72.862045
24.47463793572534,35.15579704180788,74.131996,17193599.794006348,0.020755885,-0.02650942,73.10516
24.15942034471344,35.02536261613985,84.04098,5529600.07982254,-0.025454156,-0.020143032,71.780594
24.373188532413735,34.85507217391305,83.68782,10713600.257492065,-0.0052598715,-0.027073532,72.31677
24.35507260113369,35.04710138474188,76.478294,1900800.0102996826,-0.019761968,-0.006770974,72.96753
24.06159400092239,35.235507653915,77.223785,12009600.164794922,0.04024877,-0.032660607,71.9731
24.572463802625258,35.028985391507106,77.31845,11231999.562263489,0.008697325,-0.020249013,73.95846
24.242753659958876,34.931159481553294,83.59315,10108800.15449524,0.011018377,-0.007206658,71.75465
24.068840433535758,35.17753635462667,82.62194,8467199.796581268,0.022038737,-0.044747986,70.792336
24.43478277193275,35.06521686399416,78.38795,2159999.936914444,-0.028547391,-0.010242473,72.750534
24.57246390714934,35.13405809180027,82.83649,11059200.15964508,0.029190093,-0.02247471,72.28609
24.351449221508126,35.36231895652174,77.53338,5788799.732208252,-0.01995026,-0.03206453,72.64537
24.471014503837736,35.137681214861566,84.09494,8726399.99742508,0.0058820397,-0.009209782,72.18376
24.068840433535758,35.17753635462667,82.62194,16675200.489234924,0.022285646,-0.03579402,72.05019
24.40217392316393,35.07246365433351,77.73675,1814400.0347614288,-0.012535565,-0.009544084,72.72624
24.62318819070881,35.09782625650204,81.14894,4060799.9472141266,-0.02518595,0.00923081,72.57266
24.52536253285706,35.05797113185407,79.99595,1987199.9858379364,-0.015507609,-0.006414313,72.64389
24.62318819070881,35.09782625650204,81.14894,14601599.979400635,0.022032822,-0.017758824,72.72422
24.351449221508126,35.36231895652174,77.53338,1728000.059223175,-0.1284088,-0.12113853,73.12287
24.442029139218562,35.043478080275,76.86345,12787199.670410156,0.016536685,-0.020775214,73.552414
24.373188349496587,35.09782609021359,73.044136,10108800.15449524,0.025124807,-0.021601785,73.08012
24.655797039477626,35.09782643790763,82.953125,9244799.850654602,0.022773627,-0.011064731,72.5867
24.171296292717127,35.10648163098043,78.049835,86400.00124722719,-0.036623545,-0.031114433,71.33556
24.641304357168043,34.938405387540406,81.3883,13478399.474716187,0.02822025,-0.03794064,73.00757
24.33695651306752,35.26449269887389,75.24537,13391999.773406982,0.0508926,-0.03453429,73.92809
24.52536253285706,35.05797113185407,79.99595,13996799.876403809,0.020592328,-0.027999565,72.89308
24.3913043591697,35.05434799367564,86.750465,3196799.917602539,-0.025251277,-0.012795165,72.12781
24.731884091961334,34.88405773852335,82.62194,15638399.68585968,0.00725377,-0.004022483,72.54517
24.623188347494935,34.98550731008629,86.27349,9331199.551963806,0.028922532,-0.015418336,72.84328
24.43478277193275,35.06521686399416,78.38795,1987199.9858379364,-0.026861235,-0.010852352,72.757545
24.619565229179578,35.18478278215484,82.255135,17625600.494384766,0.00688421,-0.02274514,71.52963
24.286231733018653,35.16304365074164,82.86601,16156800.087547302,0.0134589635,-0.026759632,71.45105
24.62318819070881,35.09782625650204,81.14894,13132799.572563171,0.024012854,-0.016927611,72.87445
24.46739112421217,35.10507235145331,77.031204,12009600.164794922,0.021240158,-0.015622102,73.579865
24.242753659958876,34.931159481553294,83.59315,18230399.500465393,-0.00097159296,-0.025992703,71.58476
24.282608510179216,35.10869565592019,73.044136,5097599.927902222,-0.045641504,-0.032329112,73.03021
24.33695651306752,35.26449269887389,75.24537,12700799.969100952,0.049777523,-0.039561145,73.67743
24.521739153231497,35.18115965909355,80.50853,86400.00124722719,0.0118103735,-0.008251367,72.36191
24.75362311542571,35.148550251468535,82.31272,1123200.0247836113,-0.034126297,0.023981737,72.78224
24.442029139218562,35.043478080275,76.86345,3974399.971675873,-0.031164095,-0.0048234276,73.019905
24.17028990870767,35.119565206509655,75.23819,3023999.9665260315,-0.06887789,-0.050708733,73.01454
24.55072462237475,35.07608730649443,88.70044,16502399.989700317,0.0121578965,-0.026202701,72.61231
24.43478277193275,35.06521686399416,78.38795,3110399.9420642853,-0.03314574,-0.007581221,72.70046
24.2137679164399,35.101449394680465,78.1842,1900800.0102996826,-0.0011639446,-0.036241554,71.91473
24.202898613755877,35.17753635462667,82.22561,9244799.850654602,0.02471591,-0.012478258,71.34484
24.40579722439643,35.07608730649443,81.130585,10886399.660110474,0.022643303,-0.027918931,72.34924
24.3985509616347,35.079710263267266,82.39983,5702400.030899048,-0.014156263,-0.00067931414,72.092896
24.782608584568965,35.06521774078783,85.492004,9935999.654960632,0.01300782,-0.015337318,73.0099
24.16304339770124,35.14130418675153,77.183464,1123200.0247836113,-0.06252799,-0.09490593,72.0678
24.608695560661264,35.210145036629335,80.071884,16329599.49016571,0.0183525,-0.017033305,72.16609
24.731883987437246,34.999999998854186,80.17734,18403200.0,0.00987407,-0.017920204,73.02728
24.268116089179838,35.07971042955572,81.07262,13824000.4737854,0.019281784,-0.027764998,71.965576
24.278985653174068,35.159420527680346,80.15937,16761600.190544128,-0.0032385997,-0.009833895,72.24498
24.152173912100075,34.942029039701325,85.189964,11664000.262641907,0.02434747,-0.013202433,71.29349
24.373188349496587,35.09782609021359,73.044136,13564800.27294159,0.026240742,-0.028121114,73.20078
24.235507135886934,35.09782643790763,86.62735,3369599.8686790466,-0.013398554,0.024051026,72.31589
24.507246627708035,35.15217355593542,72.15966,0.0,-0.062008336,0.009863111,73.02774
24.655797039477626,35.09782643790763,82.953125,2332799.8879909515,-0.015301298,0.0024140812,72.80284
24.507246418659868,35.018115659512056,74.98295,3456000.11844635,-0.022954784,-0.0039460044,73.580025
24.32608705359737,35.05434782738719,80.59564,5270399.878978729,-0.020432994,-0.02147679,71.99803
24.242753659958876,34.931159481553294,83.59315,9071999.899578094,0.0084498525,0.011413091,71.737465
24.293478074173446,35.130434424522214,78.52256,950400.0051498413,-0.03705886,-0.039053548,71.83088
24.286231733018653,35.16304365074164,82.86601,3801600.0205993652,-0.010484278,-0.02197228,71.61021
24.15217408195171,35.09782609021359,90.079155,345600.00498890877,0.011670489,-0.037987098,73.31136
24.423912946628306,35.13405791039468,84.735344,864000.0296115875,-0.018571995,0.01700871,72.20485
24.880434869565217,35.11594208344836,73.60822,2592000.0888347626,-0.029199235,0.010291193,73.680664
24.358695745580064,35.14492749121842,79.46463,12527999.469566345,0.026747083,-0.009540215,72.62613
24.677536062942007,35.07971042955572,84.775665,8899199.948501587,0.025641702,-0.020336792,72.6924
24.409420264318722,35.097825908808005,75.01247,11923200.463485718,0.025523685,-0.020002924,73.45331
24.275362351941567,35.02173896397893,79.32639,3023999.9665260315,-0.038508028,-0.013428312,71.82973
24.528985389862203,35.079710263267266,73.800804,5529600.07982254,-0.025745116,-0.016944353,73.68382
24.32608705359737,35.05434782738719,80.59564,6652800.036048889,-0.008898597,-0.021738447,72.046585
24.373188349496587,35.09782609021359,73.044136,7171199.889278412,-2.3920089e-05,-0.023295902,73.11141
24.579710091518006,35.06884069756067,84.24473,11145599.860954285,0.026464475,-0.03051798,72.342834
24.235507135886934,35.09782643790763,86.62735,13478399.474716187,0.019827705,-0.030775756,71.04557
24.782608845879178,35.07246365433351,80.82854,15292799.783706665,0.006345872,-0.007010119,73.152466
24.521739153231497,35.18115965909355,80.50853,1555199.9710321426,-0.005103901,-0.010169584,72.15062
24.365941903817713,35.11594190204278,77.940506,6652800.036048889,-0.040534906,-0.005280886,72.67106
24.409420342711783,35.02898555779556,73.23672,11577599.464416504,0.01665911,-0.015604921,73.38731
24.409420264318722,35.097825908808005,75.01247,12182399.56741333,0.02610585,-0.01735818,73.45186
24.003623304347823,35.192029209683014,80.788605,14687999.680709839,0.026997417,-0.031097155,72.23399
24.409420342711783,35.02898555779556,73.23672,17366400.293540955,0.009389034,-0.020730253,72.66961
24.202898613755877,35.17753635462667,82.22561,5097599.927902222,-0.038164347,-0.024184901,71.46515
24.06159400092239,35.235507653915,77.223785,16761600.190544128,0.0238994,-0.048972532,73.55087
24.49275373635028,35.04710138474188,79.64641,5875199.981975555,-0.03208647,-0.0007315129,72.60522
24.003623304347823,35.192029209683014,80.788605,4752000.025749207,-0.10935067,-0.075245276,71.42192
24.576087129988778,34.96376817111452,80.53768,18057600.097846985,0.00729334,-0.0218896,73.13649
24.068840433535758,35.050724689208764,75.1399,3196799.917602539,-0.04906919,-0.022590313,72.94479
24.5036234048686,34.94565269942081,84.86278,9244799.850654602,0.0094723925,-0.0072615426,72.29488
24.518115930392057,35.170290078269815,76.7112,17020800.39138794,0.014866142,-0.02399997,72.979774
24.409420264318722,35.097825908808005,75.01247,15551999.984550476,0.019368071,-0.013124626,73.18301
24.373188532413735,34.85507217391305,83.68782,16070400.386238098,0.007898197,-0.038997225,72.208015
24.579710091518006,35.06884069756067,84.24473,6134400.182819366,-0.023392566,0.010032083,72.63321
24.572463802625258,35.028985391507106,77.31845,12355200.066947937,0.016114876,-0.017255995,73.91538
24.85869584610084,35.31159408476158,76.05999,6825599.987125397,-0.02097937,0.017280662,74.12969
24.507246627708035,35.15217355593542,72.15966,6912000.2368927,-0.022621218,0.015784739,73.23298
24.15217408195171,35.09782609021359,90.079155,16675200.489234924,0.021393746,-0.038440228,70.882805
24.728260869121893,35.15579704180788,79.23173,15120000.381088257,0.028927702,-0.013538081,73.23581
24.60144921950647,34.9456523441682,85.40489,15465600.283241272,0.016138664,-0.020414561,72.50773
24.423912946628306,35.13405791039468,84.735344,9331199.551963806,0.019499049,-0.0164859,72.027855
24.35507260113369,35.04710138474188,76.478294,2937599.9909877777,-0.029740974,-0.008944437,72.926025
24.525362323808892,35.01449270273921,80.76379,7257600.139045715,-0.02158159,0.010990276,72.68635
24.202898613755877,35.17753635462667,82.22561,1987199.9858379364,-0.039695725,-0.04693009,71.37483
24.271739312019278,35.0833337340226,74.97577,7343999.840354919,-0.01399051,-0.010860715,73.043106
24.731884091961334,34.88405773852335,82.62194,6652800.036048889,-0.0093681775,0.019514063,73.09027
24.60144921950647,34.9456523441682,85.40489,518399.99034404755,0.015309429,0.006191206,72.29296
24.442029139218562,35.043478080275,76.86345,5184000.177669525,-0.027829401,-0.0074823797,73.069756
24.141304256647267,35.05072417522627,80.839714,8639999.747657776,-0.016833317,-0.011378754,71.44091
24.579710091518006,35.06884069756067,84.24473,6393599.835205078,-0.021259818,0.009556744,72.619316
24.782608845879178,35.07246365433351,80.82854,5356800.128746033,-0.02548273,0.006627136,73.26556
24.57246390714934,35.13405809180027,82.83649,13737599.675559998,0.030833814,-0.021239866,72.146576
24.141304256647267,35.05072417522627,80.839714,17712000.19569397,-0.006177705,-0.03257508,71.61261
24.340579657513896,35.072464168316,77.031204,6998399.938201904,-0.025256798,-0.001315901,72.80679
24.521739153231497,35.18115965909355,80.50853,8121599.894428253,0.0017917193,-0.0017511658,72.60029
24.340579657513896,35.072464168316,77.031204,3369599.8686790466,-0.030359462,-0.012633149,72.68215
24.32608705359737,35.05434782738719,80.59564,2937599.9909877777,-0.026997656,-0.022578787,72.044975
24.880434869565217,35.11594208344836,73.60822,1987199.9858379364,-0.024502844,0.007280211,73.63806
24.782608845879178,35.07246365433351,80.82854,14515200.27809143,0.014062891,-0.0055272877,73.29765
24.152173912100075,34.942029039701325,85.189964,4060799.9472141266,-0.04521224,-0.03170377,71.59214
24.068840433535758,35.17753635462667,82.62194,10454400.056648254,0.03514108,-0.044657327,70.958565
24.53985505838052,35.14492730981283,78.72631,2592000.0888347626,-0.018511076,0.0062952368,72.49195
24.481884276880134,35.21376834109622,79.042,6134400.182819366,-0.025687404,-0.00032690354,72.75479
24.3985509616347,35.079710263267266,82.39983,3110399.9420642853,-0.019514937,0.009285182,72.055305
24.3913043591697,35.05434799367564,86.750465,17798399.897003174,-0.012565155,-0.0071941745,71.85475
24.336956356281394,35.12681217825459,78.56935,13391999.773406982,0.024066135,-0.006353054,72.76671
24.525362323808892,35.01449270273921,80.76379,13564800.27294159,0.024754157,-0.029642366,72.80073
24.525362323808892,35.01449270273921,80.76379,9763200.252342224,0.012493094,-0.010323666,72.808754
24.53985505838052,35.14492730981283,78.72631,5443199.830055237,-0.025228947,0.01031848,72.82587
24.40579722439643,35.07608730649443,81.130585,9504000.051498413,0.023519551,-0.017963525,72.29076
24.572463802625258,35.028985391507106,77.31845,10799999.95880127,0.007540103,-0.018626295,73.962616
24.40579722439643,35.07608730649443,81.130585,4579200.074672699,-0.019414473,-0.0010023601,72.14344
24.268116089179838,35.07971042955572,81.07262,345600.00498890877,-0.048900105,0.004292803,71.60447
24.15217408195171,35.09782609021359,90.079155,3196799.917602539,-0.015756879,-0.018485151,72.54726
24.626811465810288,35.05797113185407,83.9315,7775999.992275238,-0.015635949,0.009803748,72.59199
24.619565229179578,35.18478278215484,82.255135,11664000.262641907,0.030736458,-0.015889391,72.521904
24.141304256647267,35.05072417522627,80.839714,13651199.974250793,0.024119643,-0.025503423,71.81239
24.2137679164399,35.101449394680465,78.1842,6480000.084972382,-0.01781717,-0.02384273,72.08613
24.85869584610084,35.31159408476158,76.05999,4492800.099134445,-0.0228832,0.026034107,73.422424
24.423912946628306,35.13405791039468,84.735344,1382400.019955635,-0.022485804,0.012542047,72.27781
24.068840433535758,35.17753635462667,82.62194,11404800.061798096,0.037336636,-0.04245142,71.08847
24.373188532413735,34.85507217391305,83.68782,14428799.479866028,0.017361695,-0.039101064,72.175865
24.782608584568965,35.06521774078783,85.492004,16675200.489234924,0.019952584,-0.023393597,72.26283
24.235507135886934,35.09782643790763,86.62735,172800.00249445438,-0.005990673,0.043814022,72.19097
24.40579722439643,35.07608730649443,81.130585,7343999.840354919,0.010038674,-0.011634439,72.2687
24.409420342711783,35.02898555779556,73.23672,5097599.927902222,-0.017988808,-0.0010574088,73.3279
24.268116089179838,35.07971042955572,81.07262,7257600.139045715,-0.02042089,-0.021449678,71.794304
24.373188349496587,35.09782609021359,73.044136,17971200.39653778,0.010789044,-0.030305121,72.73915
24.373188532413735,34.85507217391305,83.68782,4406400.123596191,-0.025246017,-0.0026867148,72.370415
24.202898613755877,35.17753635462667,82.22561,9331199.551963806,0.025430523,-0.01358198,71.34496
24.32608705359737,35.05434782738719,80.59564,3023999.9665260315,-0.02720315,-0.022441749,72.03669
24.365941903817713,35.11594190204278,77.940506,6480000.084972382,-0.041239366,-0.0061424505,72.660706
24.293478074173446,35.130434424522214,78.52256,5702400.030899048,-0.04168044,-0.023637261,72.224396
24.85869584610084,35.31159408476158,76.05999,11577599.464416504,0.032135345,-0.0326485,73.04405
24.152173912100075,34.942029039701325,85.189964,13219200.370788574,0.025776146,-0.008451421,71.259094
24.24275355543479,35.275361916886446,83.709785,17366400.293540955,0.026808757,-0.02986126,71.36256
24.141304256647267,35.05072417522627,80.839714,11750399.96395111,0.024457246,-0.02626793,71.80676
24.655797039477626,35.09782643790763,82.953125,11923200.463485718,0.026083149,-0.025992077,72.57799
24.43478251062254,35.050724689208764,81.254395,6566399.786281586,-0.017736714,-0.012062937,72.32382
24.514492864338745,35.152173737341,77.98083,13391999.773406982,0.023915857,-0.009587036,73.26516
24.40579722439643,35.07608730649443,81.130585,1209599.9317646027,-0.0013880506,-0.013734009,72.16674
24.608695560661264,35.210145036629335,80.071884,6307200.133895874,-0.027202234,0.01324335,72.77421
24.373188532413735,34.85507217391305,83.68782,172800.00249445438,0.01622279,0.014196805,72.287384
24.507246627708035,35.15217355593542,72.15966,345600.00498890877,-0.054138742,0.00069227256,72.9974
24.75362311542571,35.148550251468535,82.31272,5529600.07982254,-0.041496478,0.011235351,72.83997
24.43478251062254,35.050724689208764,81.254395,3023999.9665260315,-0.012072615,-0.013805095,72.28356
24.503623143558386,34.916666955294566,80.479385,18230399.500465393,-0.013076,0.015275931,72.87793
24.623188347494935,34.98550731008629,86.27349,15638399.68585968,0.028725997,-0.023789775,72.40737
24.521739153231497,35.18115965909355,80.50853,864000.0296115875,0.007837433,-0.011732571,72.19289
24.3985509616347,35.079710263267266,82.39983,11577599.464416504,0.021696737,-0.032112733,72.05701
24.471014503837736,35.137681214861566,84.09494,6566399.786281586,-0.023041397,-0.004515102,72.342064
24.518115930392057,35.170290078269815,76.7112,6998399.938201904,-0.015534122,-0.009772167,73.4129
24.16304339770124,35.14130418675153,77.183464,13824000.4737854,0.039040636,-0.016253185,72.80268
24.286231733018653,35.16304365074164,82.86601,12095999.866104126,0.028866183,-0.021948967,71.432884
24.731884091961334,34.88405773852335,82.62194,8380800.095272064,-0.00849957,0.004156541,73.27057
24.409420264318722,35.137681214861566,85.684586,6134400.182819366,-0.030003987,0.0096470285,72.466675
24.731883987437246,34.999999998854186,80.17734,18057600.097846985,0.013164608,-0.016897243,73.06481
24.358695745580064,35.14492749121842,79.46463,1296000.0444173813,-0.027571559,-0.0024607312,71.75375
24.75362311542571,35.148550251468535,82.31272,6825599.987125397,-0.031073488,0.020629928,72.974495
24.40217392316393,35.07246365433351,77.73675,16243199.788856506,0.0033984184,-0.012635462,72.62172
24.141304256647267,35.05072417522627,80.839714,13132799.572563171,0.0259167,-0.025586948,71.821594
24.46739112421217,35.10507235145331,77.031204,3369599.8686790466,-0.01982772,-0.011689901,72.88477
24.40579722439643,35.07608730649443,81.130585,5011200.226593018,-0.018814225,-0.0020102486,72.160446
24.35507260113369,35.04710138474188,76.478294,6998399.938201904,-0.01364249,-0.014471047,73.00239
24.659420157792983,35.13768139626715,82.9603,13046399.871253967,0.03408269,-0.01645958,72.447235
24.85869584610084,35.31159408476158,76.05999,18403200.0,0.034551915,-0.040544555,72.532845
24.351449221508126,35.36231895652174,77.53338,17279999.49531555,0.023988595,-0.029312234,73.49804
24.373188349496587,35.09782609021359,73.044136,7084800.187969208,-0.00013713539,-0.02330093,73.11511
24.731884091961334,34.88405773852335,82.62194,10713600.257492065,0.017772175,-0.009948947,73.13287
24.003623304347823,35.192029209683014,80.788605,6912000.2368927,-0.04063925,-0.0077722594,70.86746
24.134057993885538,35.130434787333385,80.741425,3456000.11844635,-0.09186678,-0.049698412,71.32877
24.503623143558386,34.916666955294566,80.479385,1468799.9954938889,0.0013710819,-0.007132981,73.0682
24.43478277193275,35.06521686399416,78.38795,5961600.231742859,-0.034999236,-0.0029715803,72.6614
24.35507260113369,35.04710138474188,76.478294,15292799.783706665,0.0111806635,-0.0035003312,72.95443
24.373188532413735,34.85507217391305,83.68782,16502399.989700317,0.0069128796,-0.037808426,72.25672
24.202898613755877,35.17753635462667,82.22561,5788799.732208252,-0.03087546,-0.018605702,71.44012
24.340579657513896,35.072464168316,77.031204,8208000.144195557,-0.014808632,0.013805827,72.88671
24.514492864338745,35.152173737341,77.98083,15724800.484085083,0.013248714,-0.01846283,72.86282
24.626811465810288,35.05797113185407,83.9315,17020800.39138794,0.011002338,-0.008590143,72.016
24.336956356281394,35.12681217825459,78.56935,2764800.03991127,-0.034949943,-0.0082653,72.10491
24.24275355543479,35.275361916886446,83.709785,15983999.588012695,0.03050366,-0.024142,71.37109
24.409420264318722,35.137681214861566,85.684586,11836799.665260315,0.027757928,-0.017530035,71.7375
24.5036234048686,34.94565269942081,84.86278,13219200.370788574,0.022251355,-0.035165463,72.22914
24.2137679164399,35.101449394680465,78.1842,1468799.9954938889,0.0051444583,-0.037510246,71.83478
24.586956589458925,35.03623181903528,81.050644,11404800.061798096,0.024352698,-0.020170286,72.882805
24.275362351941567,35.02173896397893,79.32639,11923200.463485718,0.027703237,-0.02147356,72.51469
24.3913043591697,35.05434799367564,86.750465,15379199.48501587,0.0062073953,-0.016540788,71.953804
24.55434784521419,35.039855304907746,78.730316,12441599.768257141,0.020953402,-0.020540994,73.509544
24.373188349496587,35.09782609021359,73.044136,17107200.092697144,0.013966102,-0.030024413,72.91553
24.880434869565217,35.11594208344836,73.60822,9244799.850654602,0.016743204,0.0027255919,73.646866
24.5036234048686,34.94565269942081,84.86278,16934399.593162537,-0.0014546365,-0.027589004,72.53398
24.57608686867857,35.22463755910878,78.28966,15897599.886703491,0.021270448,-0.018412389,72.741196
24.152173912100075,34.942029039701325,85.189964,17193599.794006348,-1.937151e-07,-0.02472942,71.16757
24.46739112421217,35.10507235145331,77.031204,8380800.095272064,-0.0046290085,0.0072474442,73.34325
24.800724541980035,35.0326085145684,80.91604,8380800.095272064,0.005551476,0.013221017,73.60506
24.32608705359737,35.05434782738719,80.59564,3110399.9420642853,-0.027381733,-0.022314064,72.02854
24.471014503837736,35.137681214861566,84.09494,86400.00124722719,0.018608762,0.005513029,71.97949
24.271739312019278,35.0833337340226,74.97577,16847999.891853333,0.015724989,-0.025220692,73.07072
24.340579735906957,35.22101461745307,78.71513,1209599.9317646027,-0.012058377,-0.024026923,71.822365
24.340579657513896,35.072464168316,77.031204,16156800.087547302,0.009135766,-0.022222467,72.713684
24.068840433535758,35.17753635462667,82.62194,12268800.365638733,0.038333274,-0.03913958,71.262825
24.40579730278949,34.98550712868071,82.545616,8812800.247192383,0.0013947077,-0.01808437,72.16019
24.06159400092239,35.235507653915,77.223785,11577599.464416504,0.03815878,-0.0325112,71.92936
24.586956589458925,35.03623181903528,81.050644,17539199.696159363,0.0008049086,-0.034035347,72.53958
24.471014503837736,35.137681214861566,84.09494,777599.9855160713,0.008031644,0.0012316648,72.06846
24.06159400092239,35.235507653915,77.223785,1987199.9858379364,-0.07497316,-0.08116768,72.77042
24.365941903817713,35.11594190204278,77.940506,1296000.0444173813,-0.01881168,-0.010524087,72.31192
24.409420185925658,35.126811301460926,78.58091,1123200.0247836113,-0.0022006184,-0.018057477,72.17545
24.507246627708035,35.15217355593542,72.15966,15292799.783706665,0.013372887,-0.016625714,72.346146
24.409420342711783,35.02898555779556,73.23672,7257600.139045715,-0.005663257,0.0050571524,73.235
24.134057993885538,35.130434787333385,80.741425,14169600.375938416,0.02201927,-0.015060548,72.16285
24.49275373635028,34.95652190987481,78.13308,14515200.27809143,0.016855162,-0.003125392,73.20707
24.068840433535758,35.17753635462667,82.62194,8208000.144195557,0.018573087,-0.044674233,70.78407
24.528985389862203,35.079710263267266,73.800804,15983999.588012695,0.018660733,-0.025722895,73.17721
24.782608584568965,35.06521774078783,85.492004,15811200.185394287,0.027300328,-0.023974217,72.36468
24.43478277193275,35.06521686399416,78.38795,864000.0296115875,-0.015131786,-0.011662465,72.761696
24.17028990870767,35.119565206509655,75.23819,518399.99034404755,-0.07566901,-0.08909209,72.45237
24.5036234048686,34.94565269942081,84.86278,1296000.0444173813,0.010198068,0.0053800438,72.22093
24.293478074173446,35.130434424522214,78.52256,18403200.0,0.00011458993,-0.006196806,72.40115
24.5036234048686,34.94565269942081,84.86278,6652800.036048889,-0.008765586,-0.009007415,72.52473
24.576087129988778,34.96376817111452,80.53768,17366400.293540955,0.008629283,-0.024584867,73.21983
24.340579735906957,35.22101461745307,78.71513,15206400.082397461,0.026901517,-0.008617181,73.04331
24.641304357168043,34.938405387540406,81.3883,4406400.123596191,-0.013588067,-0.005617935,72.89536
24.16304339770124,35.14130418675153,77.183464,3715200.0450611115,-0.05532694,-0.07112664,72.65716
24.62318819070881,35.09782625650204,81.14894,11145599.860954285,0.012698911,-0.018173486,72.87308
24.278985653174068,35.159420527680346,80.15937,10972800.458335876,0.024116674,-0.01688525,72.27445
24.641304357168043,34.938405387540406,81.3883,8639999.747657776,0.004573621,-0.023326114,73.02074
24.655797039477626,35.09782643790763,82.953125,5443199.830055237,-0.022374365,0.006891693,72.68158
24.003623304347823,35.192029209683014,80.788605,16675200.489234924,0.017400568,-0.038169444,72.848145
24.507246418659868,35.018115659512056,74.98295,10972800.458335876,0.0076098554,-0.018901482,73.84048
24.409420185925658,35.126811301460926,78.58091,12095999.866104126,0.024405524,-0.010526821,73.008125
24.3985509616347,35.079710263267266,82.39983,12787199.670410156,0.02388814,-0.028763946,71.97789
24.43478277193275,35.06521686399416,78.38795,8985600.19826889,0.0058749504,-0.0015203506,73.091064
24.626811465810288,35.05797113185407,83.9315,1728000.059223175,-0.006125901,0.019777533,72.8425
24.57608686867857,35.22463755910878,78.28966,11836799.665260315,0.021784775,-5.825609e-05,73.42878
24.5036234048686,34.94565269942081,84.86278,9849599.953651428,0.016163336,-0.020028345,72.265564
24.06159400092239,35.235507653915,77.223785,12873600.46863556,0.043364573,-0.03272981,72.14491
24.518115930392057,35.170290078269815,76.7112,11231999.562263489,0.01601665,-0.015103843,73.679565
24.16304339770124,35.14130418675153,77.183464,11318400.360488892,0.033724014,-0.020553287,72.50075
24.351449221508126,35.36231895652174,77.53338,15551999.984550476,0.038000274,-0.029643472,73.13273
24.068840433535758,35.17753635462667,82.62194,9158400.149345398,0.028929342,-0.045054413,70.8368
24.43478251062254,35.050724689208764,81.254395,345600.00498890877,-0.0036247373,0.0073883524,72.34596
24.626811465810288,35.05797113185407,83.9315,2073599.9613761902,-0.011434,0.018263994,72.85372
24.822463669968496,35.11956556932083,79.471794,12700799.969100952,0.023931224,-0.00897098,73.92179
24.2137679164399,35.101449394680465,78.1842,2246400.0495672226,-0.0064060204,-0.035340387,71.967094
24.47463793572534,35.15579704180788,74.131996,7257600.139045715,-0.014398564,-0.02037181,73.475006
24.40579730278949,34.98550712868071,82.545616,9676799.454116821,0.012480505,-0.029051267,72.18392
24.409420342711783,35.02898555779556,73.23672,8985600.19826889,0.009302426,-0.00056596287,73.27001
24.47463793572534,35.15579704180788,74.131996,5961600.231742859,-0.022389691,-0.015935719,73.35392
24.373188532413735,34.85507217391305,83.68782,2764800.03991127,-0.021818314,0.0066834306,72.48735
24.293478074173446,35.130434424522214,78.52256,14774400.478935242,0.01809214,-0.013501372,72.74648
24.626811465810288,35.05797113185407,83.9315,17107200.092697144,0.010568969,-0.007842787,72.01315
24.40579722439643,35.07608730649443,81.130585,2073599.9613761902,-0.0097483955,-0.013693579,72.1477
24.55434784521419,35.039855304907746,78.730316,2159999.936914444,-0.01710933,-0.011648852,72.951096
24.340579735906957,35.22101461745307,78.71513,3715200.0450611115,-0.026938312,-0.007533867,72.094444
24.641304357168043,34.938405387540406,81.3883,6998399.938201904,-0.0030194968,-0.0179657,72.95857
24.55434784521419,35.039855304907746,78.730316,6652800.036048889,-0.007846501,-0.008899501,73.11645
24.49275373635028,34.95652190987481,78.13308,1987199.9858379364,-0.02998732,0.0032272004,73.18119
24.49275373635028,34.95652190987481,78.13308,7862400.2420425415,-0.027126878,0.010389527,73.331665
24.43478277193275,35.06521686399416,78.38795,8035200.193119049,-0.013599131,0.005688278,72.922
24.57246390714934,35.13405809180027,82.83649,1641599.9465703964,-0.009593561,-0.008539742,72.52198
24.822463669968496,35.11956556932083,79.471794,18143999.79915619,0.007867765,-0.025271468,72.63603
24.677536062942007,35.07971042955572,84.775665,691200.0099778175,0.007477563,0.016546153,72.97044
24.52536253285706,35.05797113185407,79.99595,15379199.48501587,0.015679976,-0.033802368,72.706436
24.677536062942007,35.07971042955572,84.775665,6393599.835205078,0.0016909726,-0.002397351,72.9072
24.800724541980035,35.0326085145684,80.91604,6480000.084972382,-0.01063589,0.014055939,73.41069
24.507246418659868,35.018115659512056,74.98295,14428799.479866028,0.026848175,-0.011601705,73.55825
24.33695651306752,35.26449269887389,75.24537,1728000.059223175,-0.0801199,-0.03785253,71.949425
24.340579735906957,35.22101461745307,78.71513,777599.9855160713,-0.016018074,-0.023158982,71.69923
24.40217392316393,35.07246365433351,77.73675,2505600.113296509,-0.023317352,-0.011916425,72.71173
24.608695560661264,35.210145036629335,80.071884,4319999.873828888,-0.035705976,-0.00068572536,72.55727
24.49275373635028,35.04710138474188,79.64641,15551999.984550476,0.005090609,-0.035098188,72.71522
24.677536062942007,35.07971042955572,84.775665,950400.0051498413,0.0030069612,0.016552977,72.99063
24.268116089179838,35.07971042955572,81.07262,4579200.074672699,-0.040162012,-0.020932462,71.637726
24.340579735906957,35.22101461745307,78.71513,4492800.099134445,-0.02959942,-0.0042288825,72.13469
24.55072462237475,35.07608730649443,88.70044,13391999.773406982,0.038183384,-0.01505791,72.64019
24.409420342711783,35.02898555779556,73.23672,12787199.670410156,0.018554319,-0.003265664,73.349846
24.06159400092239,35.235507653915,77.223785,7689599.742507935,0.014350638,-0.024849735,71.92237
24.528985389862203,35.079710263267266,73.800804,11577599.464416504,0.019433618,-0.025614377,73.67554
24.24275355543479,35.275361916886446,83.709785,14342399.778556824,0.03144414,-0.013996065,71.249016
24.134057993885538,35.130434787333385,80.741425,1728000.059223175,-0.07998903,-0.077693366,71.259155
24.409420342711783,35.02898555779556,73.23672,7948799.943351746,-0.0059106536,0.003509419,73.23682
24.53985505838052,35.14492730981283,78.72631,4492800.099134445,-0.022503346,0.009493709,72.68767
24.442029139218562,35.043478080275,76.86345,2073599.9613761902,-0.025185049,0.00018799119,73.06925
24.423912946628306,35.16304383214723,83.815254,6047999.933052063,-0.004193466,-0.0154256,72.2115
24.293478074173446,35.130434424522214,78.52256,10281599.557113647,0.020963026,-0.0023290683,72.716484
24.373188349496587,35.09782609021359,73.044136,17193599.794006348,0.014378702,-0.028824974,72.900856
24.15217408195171,35.09782609021359,90.079155,14169600.375938416,0.037303142,-0.015520349,71.77936
24.293478074173446,35.130434424522214,78.52256,3801600.0205993652,-0.04462094,-0.029186588,72.09954
24.40217392316393,35.07246365433351,77.73675,13651199.974250793,0.022913862,-0.0009974409,73.1568
24.75362311542571,35.148550251468535,82.31272,4060799.9472141266,-0.043826394,0.0088674165,72.749535
24.579710091518006,35.06884069756067,84.24473,7775999.992275238,-0.0070871674,0.0062420396,72.49718
24.15217408195171,35.09782609021359,90.079155,2332799.8879909515,-0.003331624,-0.019117557,72.70366
24.15217408195171,35.09782609021359,90.079155,13305600.072097778,0.036609724,-0.012520123,72.16661
24.47463793572534,35.15579704180788,74.131996,10713600.257492065,0.016425148,-0.026318986,73.46966
24.373188532413735,34.85507217391305,83.68782,17971200.39653778,0.005219266,-0.032740455,72.60987
24.40217392316393,35.07246365433351,77.73675,17020800.39138794,-0.0016119815,-0.008258302,72.43556
24.15942034471344,35.02536261613985,84.04098,1555199.9710321426,-0.02362366,0.0073740836,72.08422
24.3985509616347,35.079710263267266,82.39983,11836799.665260315,0.022113338,-0.031489093,72.04002
24.507246627708035,35.15217355593542,72.15966,3023999.9665260315,-0.039268017,-0.017991811,73.08541
24.75362311542571,35.148550251468535,82.31272,11923200.463485718,0.015374694,-0.017743502,73.06133
24.340579657513896,35.072464168316,77.031204,259199.99517202377,-0.013214424,-0.010817412,72.61235
24.525362323808892,35.01449270273921,80.76379,2678400.0643730164,-0.010580819,-0.004253568,72.62305
24.514492864338745,35.152173737341,77.98083,17193599.794006348,0.008237097,-0.024207938,72.69008
24.235507135886934,35.09782643790763,86.62735,4838399.727058411,-0.025963724,0.007983723,72.29157
24.340579735906957,35.22101461745307,78.71513,8208000.144195557,0.017636228,-0.011851512,72.519485
24.576087129988778,34.96376817111452,80.53768,15465600.283241272,0.019323992,-0.021701872,73.12931
24.800724541980035,35.0326085145684,80.91604,11059200.15964508,0.024986219,-0.0025185272,73.75407
24.641304357168043,34.938405387540406,81.3883,16243199.788856506,0.012739323,-0.036889836,73.118515
24.24275355543479,35.275361916886446,83.709785,13910400.175094604,0.031813554,-0.01186496,71.15474
24.677536062942007,35.07971042955572,84.775665,17625600.494384766,-0.0029118843,-0.013363697,71.830635
24.15217408195171,35.09782609021359,90.079155,7603200.0411987305,0.019521203,0.0006038919,72.8587
24.49275373635028,35.04710138474188,79.64641,6825599.987125397,-0.0271886,0.001840638,72.71305
24.731884091961334,34.88405773852335,82.62194,16243199.788856506,0.0055801235,-0.01568589,72.61643
24.340579735906957,35.22101461745307,78.71513,7171199.889278412,0.0041718483,-0.016600132,72.36717
24.623188347494935,34.98550731008629,86.27349,12527999.469566345,0.037508544,-0.022685897,72.593925
24.409420264318722,35.097825908808005,75.01247,13737599.675559998,0.02710498,-0.004894836,73.41528
24.282608510179216,35.10869565592019,73.044136,6652800.036048889,-0.043848656,-0.018338554,72.85226
24.423912946628306,35.13405791039468,84.735344,5184000.177669525,-0.032751203,-0.0066189095,72.304085
24.365941903817713,35.11594190204278,77.940506,7689599.742507935,-0.030788995,-0.0017788727,72.769264
24.731884091961334,34.88405773852335,82.62194,4406400.123596191,-0.018308409,0.0035561323,73.10995
24.365941903817713,35.11594190204278,77.940506,4838399.727058411,-0.039018363,-0.00944547,72.56978
24.282608510179216,35.10869565592019,73.044136,11491199.7631073,0.025730953,-0.02200789,72.87482
24.880434869565217,35.11594208344836,73.60822,14601599.979400635,0.023571357,-0.008376149,73.588165
24.57608686867857,35.22463755910878,78.28966,518399.99034404755,-0.014593124,0.017544275,72.378586
24.57608686867857,35.22463755910878,78.28966,18403200.0,0.009207755,-0.019026976,72.24861
24.55434784521419,35.039855304907746,78.730316,4579200.074672699,-0.022087049,-0.0075342916,72.87055
24.731883987437246,34.999999998854186,80.17734,11145599.860954285,0.010998402,-0.026682518,73.68343
24.358695745580064,35.14492749121842,79.46463,259199.99517202377,-0.029691987,0.006941056,71.65239
24.659420157792983,35.13768139626715,82.9603,16502399.989700317,0.014595771,-0.02292547,71.85319
24.659420157792983,35.13768139626715,82.9603,2159999.936914444,-0.020269442,0.0059646126,72.66525
24.33695651306752,35.26449269887389,75.24537,17452799.99485016,0.021898648,-0.025469918,75.336555
24.572463802625258,35.028985391507106,77.31845,11750399.96395111,0.011546146,-0.020060513,73.94505
24.409420342711783,35.02898555779556,73.23672,11836799.665260315,0.01615964,-0.013813376,73.38522
24.55072462237475,35.07608730649443,88.70044,259199.99517202377,0.01815303,0.0029591992,71.738014
24.60144921950647,34.9456523441682,85.40489,2505600.113296509,-0.0051289685,0.016136859,72.77753
24.423912946628306,35.16304383214723,83.815254,6307200.133895874,-0.00032988563,-0.017252527,72.20125
24.5036234048686,34.94565269942081,84.86278,11836799.665260315,0.021136355,-0.032473356,72.18585
24.728260869121893,35.15579704180788,79.23173,14687999.680709839,0.03139179,-0.010877769,73.29897
24.51086948471318,35.141304337922854,75.965324,15292799.783706665,0.019408125,-0.018808175,73.333626
24.286231733018653,35.16304365074164,82.86601,1900800.0102996826,0.008937027,-0.019293074,71.49968
24.728260869121893,35.15579704180788,79.23173,518399.99034404755,0.007977545,0.009943537,72.89135
24.202898613755877,35.17753635462667,82.22561,15638399.68585968,0.008541331,-0.021305528,71.80064
24.822463669968496,35.11956556932083,79.471794,12095999.866104126,0.020870114,-0.011028573,73.956825
24.55434784521419,35.039855304907746,78.730316,3887999.996137619,-0.020517591,-0.009764731,72.84475
24.152173912100075,34.942029039701325,85.189964,16156800.087547302,0.007035874,-0.022731796,71.2033
24.514492864338745,35.152173737341,77.98083,4233599.898290634,-0.023127995,0.0014465079,72.72924
24.141304256647267,35.05072417522627,80.839714,10886399.660110474,0.018308055,-0.024304412,71.735985
24.171296292717127,35.10648163098043,78.049835,16329599.49016571,0.012524802,-0.026060093,72.954636
24.340579657513896,35.072464168316,77.031204,7948799.943351746,-0.018835887,0.011268253,72.86704
24.52536253285706,35.05797113185407,79.99595,6912000.2368927,-0.005261909,-0.015009537,72.77258
24.40217392316393,35.07246365433351,77.73675,10540799.757957458,0.02225412,-0.015456535,73.24865
24.336956356281394,35.12681217825459,78.56935,15638399.68585968,0.0023200586,-0.004161453,72.646416
24.49275373635028,34.95652190987481,78.13308,13219200.370788574,0.01829118,-0.008958463,73.43133
24.351449221508126,35.36231895652174,77.53338,5356800.128746033,-0.041390173,-0.046092674,72.72674
24.471014503837736,35.137681214861566,84.09494,13391999.773406982,0.026573692,-0.021538947,71.68523
24.572463802625258,35.028985391507106,77.31845,3801600.0205993652,-0.029536113,-0.0074600372,73.2504
24.40579730278949,34.98550712868071,82.545616,12268800.365638733,0.018965833,-0.043310642,72.14004
24.43478277193275,35.06521686399416,78.38795,9331199.551963806,0.012390515,-0.004866574,73.137985
24.293478074173446,35.130434424522214,78.52256,12527999.469566345,0.022813631,-0.015709773,72.76222
24.336956356281394,35.12681217825459,78.56935,3974399.971675873,-0.04061023,-0.0014950931,72.232956
24.521739153231497,35.18115965909355,80.50853,4752000.025749207,-0.01649721,-0.014295343,72.42033
24.55072462237475,35.07608730649443,88.70044,16329599.49016571,0.01303825,-0.025739297,72.63598
24.55072462237475,35.07608730649443,88.70044,8294399.845504761,0.007382281,-0.02035958,72.913765
24.271739312019278,35.0833337340226,74.97577,16329599.49016571,0.01729579,-0.024319004,73.115654
24.068840433535758,35.17753635462667,82.62194,2332799.8879909515,-0.026689798,-0.049259737,71.74804
24.33695651306752,35.26449269887389,75.24537,864000.0296115875,-0.08336461,-0.026396584,71.8092
24.340579735906957,35.22101461745307,78.71513,10540799.757957458,0.029574145,-0.018771123,72.9082
24.358695745580064,35.14492749121842,79.46463,7775999.992275238,-0.005778715,0.0046020206,72.37368
24.40579730278949,34.98550712868071,82.545616,1900800.0102996826,-0.020566028,0.0034870822,72.46436
24.282608510179216,35.10869565592019,73.044136,2851200.015449524,-0.04955925,-0.025318008,73.01475
24.268116089179838,35.07971042955572,81.07262,2419199.8635292053,-0.03913258,-0.014614727,71.59998
24.641304357168043,34.938405387540406,81.3883,7257600.139045715,-0.0031614453,-0.018846206,72.961464
24.608695560661264,35.210145036629335,80.071884,6739199.737358093,-0.022266593,0.016463706,72.79576
24.423912946628306,35.16304383214723,83.815254,5529600.07982254,-0.010794703,-0.011943262,72.22382
24.57608686867857,35.22463755910878,78.28966,2764800.03991127,-0.018869638,-0.010859128,72.4865
24.782608584568965,35.06521774078783,85.492004,7603200.0411987305,-0.019273393,1.1304393e-05,73.27073
24.17028990870767,35.119565206509655,75.23819,14256000.07724762,0.027083889,-0.013064954,72.96732
24.72463775080654,35.097825908808005,83.506035,2592000.0888347626,-0.016365886,0.005471628,72.959045
24.442029139218562,35.043478080275,76.86345,16416000.288391113,0.013103623,-0.024880651,72.78143
24.518115930392057,35.170290078269815,76.7112,3023999.9665260315,-0.032134265,0.0041319784,72.77116
24.336956356281394,35.12681217825459,78.56935,13737599.675559998,0.02313386,-0.0051675364,72.74212
24.5036234048686,34.94565269942081,84.86278,1814400.0347614288,0.0041573793,-0.0011899192,72.319695
24.340579657513896,35.072464168316,77.031204,4492800.099134445,-0.030362315,-0.009593353,72.6916
24.409420342711783,35.02898555779556,73.23672,4838399.727058411,-0.016259268,-3.448315e-05,73.34108
24.576087129988778,34.96376817111452,80.53768,3801600.0205993652,-0.017897863,-0.004591098,72.75011
24.235507135886934,35.09782643790763,86.62735,11491199.7631073,0.018933054,-0.02385962,71.228905
24.3913043591697,35.05434799367564,86.750465,8639999.747657776,0.009779062,0.015052884,72.168655
24.57246390714934,35.13405809180027,82.83649,14515200.27809143,0.026935868,-0.020861838,72.04291
24.503623143558386,34.916666955294566,80.479385,2937599.9909877777,-0.01878934,-0.0102431625,73.07969
24.576087129988778,34.96376817111452,80.53768,7430400.090122223,-0.012022514,-0.00216157,72.98516
24.677536062942007,35.07971042955572,84.775665,13824000.4737854,0.022228267,-0.023481917,72.3551
24.782608584568965,35.06521774078783,85.492004,10627199.459266663,0.014600931,-0.020246547,72.98621
24.171296292717127,35.10648163098043,78.049835,345600.00498890877,-0.036015846,-0.031790327,71.40493
24.141304256647267,35.05072417522627,80.839714,8812800.247192383,-0.01354694,-0.01296078,71.4618
24.40579722439643,35.07608730649443,81.130585,10540799.757957458,0.023037318,-0.026867129,72.33519
24.52536253285706,35.05797113185407,79.99595,14428799.479866028,0.019849028,-0.02934954,72.84543
24.52536253285706,35.05797113185407,79.99595,15897599.886703491,0.013163563,-0.035965484,72.61498
24.655797039477626,35.09782643790763,82.953125,3196799.917602539,-0.02195258,0.0040143523,72.73822
24.141304256647267,35.05072417522627,80.839714,16070400.386238098,0.007969566,-0.035335712,71.76782
24.286231733018653,35.16304365074164,82.86601,1814400.0347614288,0.00980933,-0.018536113,71.492744
24.373188532413735,34.85507217391305,83.68782,1900800.0102996826,-0.013746429,0.011747232,72.45915
24.293478074173446,35.130434424522214,78.52256,9417600.350189209,0.012930954,0.006775629,72.623955
24.85869584610084,35.31159408476158,76.05999,9504000.051498413,0.01869233,-0.012676202,73.86107
24.423912946628306,35.13405791039468,84.735344,11577599.464416504,0.027382769,-0.02410752,71.75262
24.43478277193275,35.06521686399416,78.38795,13219200.370788574,0.020335346,0.0014269557,73.165245
24.57608686867857,35.22463755910878,78.28966,11750399.96395111,0.021149967,-0.00014708564,73.42942
24.278985653174068,35.159420527680346,80.15937,4060799.9472141266,-0.073328055,-0.029970217,71.693
24.60144921950647,34.9456523441682,85.40489,17452799.99485016,0.0055982918,-0.010248195,72.66667
24.423912946628306,35.13405791039468,84.735344,2678400.0643730164,-0.02564013,0.0024588015,72.277306
24.528985389862203,35.079710263267266,73.800804,4579200.074672699,-0.024189733,-0.010332201,73.60323
24.43478251062254,35.050724689208764,81.254395,5011200.226593018,-0.021684803,-0.009316305,72.27394
24.521739153231497,35.18115965909355,80.50853,10022400.453186035,0.010304129,0.0051829536,72.46887
24.60144921950647,34.9456523441682,85.40489,3283199.893140793,-0.014070567,0.01868471,72.847626
24.278985653174068,35.159420527680346,80.15937,11923200.463485718,0.024130234,-0.014799472,72.30475
24.55072462237475,35.07608730649443,88.70044,15811200.185394287,0.016566351,-0.023848414,72.67385
24.278985574781007,35.18478260074926,85.36457,5529600.07982254,-0.07654399,-0.029121775,72.04725
24.49275373635028,35.04710138474188,79.64641,12095999.866104126,0.016705027,-0.025254559,73.057846
24.275362351941567,35.02173896397893,79.32639,11750399.96395111,0.027705424,-0.021319088,72.52125
24.15942034471344,35.02536261613985,84.04098,3023999.9665260315,-0.031173743,-0.010873582,72.00591
24.55072462237475,35.07608730649443,88.70044,14860800.180244446,0.02720749,-0.01938114,72.65806
24.003623304347823,35.192029209683014,80.788605,11577599.464416504,0.031931825,-0.024833854,71.21288
24.409420342711783,35.02898555779556,73.23672,15033599.582862854,0.012644488,-0.0150249,73.220726
24.49275373635028,35.04710138474188,79.64641,5270399.878978729,-0.03228963,-0.00093990564,72.56532
24.481884276880134,35.21376834109622,79.042,16675200.489234924,0.006432906,-0.014677562,72.298454
24.3985509616347,35.079710263267266,82.39983,9676799.454116821,0.019894745,-0.023729626,72.05171
24.40579730278949,34.98550712868071,82.545616,4233599.898290634,-0.032021895,-0.00036599115,72.38723
24.572463802625258,35.028985391507106,77.31845,1382400.019955635,-0.0077546053,0.0041229334,73.32775
24.62318819070881,35.09782625650204,81.14894,13824000.4737854,0.024890412,-0.01657214,72.816025
24.40579722439643,35.07608730649443,81.130585,4752000.025749207,-0.019306526,-0.0012261011,72.14966
24.5036234048686,34.94565269942081,84.86278,9935999.654960632,0.016679853,-0.021518946,72.26059
24.340579735906957,35.22101461745307,78.71513,5356800.128746033,-0.023695618,-0.0072134864,72.19881
24.57608686867857,35.22463755910878,78.28966,5615999.781131744,-0.019411936,-0.0039061047,73.05344
24.068840433535758,35.17753635462667,82.62194,16847999.891853333,0.021405198,-0.035903104,72.05073
24.35507260113369,35.04710138474188,76.478294,17539199.696159363,0.009667613,-0.01879032,72.37491
24.340579657513896,35.072464168316,77.031204,15206400.082397461,0.014113743,-0.013588637,72.90902
24.293478074173446,35.130434424522214,78.52256,10368000.35533905,0.021239508,-0.0033645667,72.72481
24.06159400092239,35.235507653915,77.223785,3456000.11844635,-0.07863663,-0.080005825,72.35786
24.35507260113369,35.04710138474188,76.478294,16156800.087547302,0.008623147,-0.015856814,72.722755
24.572463802625258,35.028985391507106,77.31845,15897599.886703491,0.011337247,-0.023637757,73.203476
24.369565205050215,35.10507235145331,81.59638,1814400.0347614288,-0.019092858,-0.014140889,71.93149
24.340579735906957,35.22101461745307,78.71513,10108800.15449524,0.028115282,-0.017672133,72.852776
24.471014503837736,35.137681214861566,84.09494,8985600.19826889,0.009458125,-0.0129081085,72.16685
24.16304339770124,35.14130418675153,77.183464,9504000.051498413,0.030611012,-0.012186356,72.35321
24.15942034471344,35.02536261613985,84.04098,15292799.783706665,0.012594558,-0.042045407,71.022026
24.46739112421217,35.10507235145331,77.031204,17798399.897003174,0.017923662,-0.020249031,72.59117
24.351449221508126,35.36231895652174,77.53338,12873600.46863556,0.05517221,-0.016803436,73.20756
24.43478277193275,35.06521686399416,78.38795,2332799.8879909515,-0.029970042,-0.009630289,72.74259
24.134057993885538,35.130434787333385,80.741425,1468799.9954938889,-0.07885643,-0.0811316,71.23525
24.782608584568965,35.06521774078783,85.492004,12009600.164794922,0.017049445,-0.025122188,72.877075
24.800724541980035,35.0326085145684,80.91604,17712000.19569397,-0.0037078746,-0.0005171299,72.74431
24.43478251062254,35.050724689208764,81.254395,13305600.072097778,0.023273038,-0.029524475,72.37069
24.514492864338745,35.152173737341,77.98083,2764800.03991127,-0.023083173,-0.0036877897,72.59481
24.880434869565217,35.11594208344836,73.60822,172800.00249445438,0.007482901,0.0039217025,73.60648
24.471014503837736,35.137681214861566,84.09494,5875199.981975555,-0.027516,-0.0073451847,72.36241
24.572463802625258,35.028985391507106,77.31845,14601599.979400635,0.021506656,-0.012390606,73.5585
24.503623143558386,34.916666955294566,80.479385,10627199.459266663,0.012544658,-0.011588819,72.91975
24.75362311542571,35.148550251468535,82.31272,6652800.036048889,-0.03216485,0.019733515,72.95139
24.409420264318722,35.097825908808005,75.01247,1036799.9806880951,-0.030286655,-0.008521935,72.9545
24.242753659958876,34.931159481553294,83.59315,2851200.015449524,-0.024290115,-0.008684581,71.74373
24.514492864338745,35.152173737341,77.98083,11923200.463485718,0.018907858,-0.014179066,73.45698
24.507246418659868,35.018115659512056,74.98295,0.0,0.0110506695,0.010865884,73.726006
24.278985574781007,35.18478260074926,85.36457,518399.99034404755,-0.09193595,-0.034808215,71.854515
24.57608686867857,35.22463755910878,78.28966,10627199.459266663,0.014442429,9.745918e-05,73.40602
24.17028990870767,35.119565206509655,75.23819,5011200.226593018,-0.05400423,-0.025299259,73.050735
24.782608845879178,35.07246365433351,80.82854,16588799.691009521,0.0035527647,0.0017246846,72.87132
24.264492787947336,35.06521739309379,75.914215,6393599.835205078,-0.018319454,0.013246345,72.729065
24.507246418659868,35.018115659512056,74.98295,518399.99034404755,0.011349557,0.010499479,73.73481
24.507246627708035,35.15217355593542,72.15966,16847999.891853333,0.011994928,-0.017944556,72.20304
24.49275373635028,34.95652190987481,78.13308,18316800.298690796,-0.006553676,-0.02257732,72.59433
24.365941903817713,35.11594190204278,77.940506,4233599.898290634,-0.037137903,-0.009084359,72.52781
24.55434784521419,35.039855304907746,78.730316,10454400.056648254,0.017566627,-0.021063108,73.549515
24.619565229179578,35.18478278215484,82.255135,15292799.783706665,0.024940167,-0.026258692,71.995544
24.822463669968496,35.11956556932083,79.471794,2937599.9909877777,-0.020868957,0.011367768,73.17019
24.471014503837736,35.137681214861566,84.09494,8467199.796581268,0.002045989,-0.0058455113,72.20225
24.365941903817713,35.11594190204278,77.940506,518399.99034404755,-0.018715423,-0.0014562532,72.30101
24.271739312019278,35.0833337340226,74.97577,9849599.953651428,0.024795093,-0.015765209,72.90153
24.3913043591697,35.05434799367564,86.750465,12441599.768257141,0.025218176,-0.013392981,71.94184
24.782608845879178,35.07246365433351,80.82854,12095999.866104126,0.023763876,-0.009991739,73.617294
24.572463802625258,35.028985391507106,77.31845,10108800.15449524,0.0073599666,-0.012968384,73.94583
24.06159400092239,35.235507653915,77.223785,8553600.046348572,0.023657229,-0.024501242,71.995415
24.293478074173446,35.130434424522214,78.52256,8035200.193119049,-0.015669852,0.0024996866,72.444115
24.53985505838052,35.14492730981283,78.72631,2159999.936914444,-0.01281558,0.003521271,72.461334
24.24275355543479,35.275361916886446,83.709785,1728000.059223175,-0.06788207,-0.09801068,71.751
24.17028990870767,35.119565206509655,75.23819,16502399.989700317,0.01700003,-0.022995554,73.274956
24.409420264318722,35.097825908808005,75.01247,2851200.015449524,-0.029113054,-0.009294026,73.18169
24.15942034471344,35.02536261613985,84.04098,13824000.4737854,0.023726862,-0.03737854,71.14496
24.62318819070881,35.09782625650204,81.14894,1900800.0102996826,-0.0135669,0.006427818,72.60025
24.57608686867857,35.22463755910878,78.28966,12614400.267791748,0.027821966,0.0005480759,73.3926
24.336956356281394,35.12681217825459,78.56935,8726399.99742508,0.009301543,-0.0037023947,72.6968
24.46739112421217,35.10507235145331,77.031204,3456000.11844635,-0.020261582,-0.011707101,72.89132
24.271739312019278,35.0833337340226,74.97577,12355200.066947937,0.029013684,-0.016935602,72.97781
24.423912946628306,35.16304383214723,83.815254,8553600.046348572,0.024032375,-0.020183522,72.048805
24.282608510179216,35.10869565592019,73.044136,10022400.453186035,0.0028440244,-0.013387375,72.862755
24.576087129988778,34.96376817111452,80.53768,3456000.11844635,-0.016748525,-0.007029632,72.75225
24.5036234048686,34.94565269942081,84.86278,13824000.4737854,0.019995084,-0.03510322,72.26317
24.278985653174068,35.159420527680346,80.15937,5443199.830055237,-0.060361743,-0.03125766,71.81481
24.731884091961334,34.88405773852335,82.62194,7257600.139045715,-0.0099560395,0.019420344,73.18145
24.85869584610084,35.31159408476158,76.05999,7689599.742507935,-0.013718218,0.010350806,74.17509
24.586956589458925,35.03623181903528,81.050644,13046399.871253967,0.022701481,-0.015414666,72.87248
24.47463793572534,35.15579704180788,74.131996,13910400.175094604,0.026219998,-0.021583278,73.50213
24.619565229179578,35.18478278215484,82.255135,12009600.164794922,0.030804068,-0.016531847,72.52871
24.2137679164399,35.101449394680465,78.1842,172800.00249445438,0.014889745,-0.03995582,71.55521
24.003623304347823,35.192029209683014,80.788605,7084800.187969208,-0.03202957,-0.004727369,70.847946
24.271739312019278,35.0833337340226,74.97577,17452799.99485016,0.013505356,-0.025634315,72.977425
24.3985509616347,35.079710263267266,82.39983,5184000.177669525,-0.01907261,0.00463512,72.079666
24.43478277193275,35.06521686399416,78.38795,8380800.095272064,-0.006745901,0.003796788,72.98697
24.55434784521419,35.039855304907746,78.730316,6912000.2368927,-0.00380167,-0.0075225327,73.153015
24.15217408195171,35.09782609021359,90.079155,16588799.691009521,0.022059783,-0.038093068,70.89389
24.655797039477626,35.09782643790763,82.953125,14601599.979400635,0.021994837,-0.023587432,72.30188
24.15217408195171,35.09782609021359,90.079155,10368000.35533905,0.028891362,-0.0014453381,72.71953
24.659420157792983,35.13768139626715,82.9603,6047999.933052063,-0.019959733,0.0150540825,72.64251
24.75362311542571,35.148550251468535,82.31272,518399.99034404755,-0.03361848,0.025349993,72.86811
24.32608705359737,35.05434782738719,80.59564,3196799.917602539,-0.027530283,-0.022196833,72.02066
24.507246418659868,35.018115659512056,74.98295,11750399.96395111,0.012434475,-0.016306613,73.856346
24.2137679164399,35.101449394680465,78.1842,3715200.0450611115,-0.022552881,-0.032829758,72.06021
24.268116089179838,35.07971042955572,81.07262,16588799.691009521,0.005745165,-0.039775588,71.797646
24.134057993885538,35.130434787333385,80.741425,12700799.969100952,0.026831463,-0.016607992,71.93038
24.32608705359737,35.05434782738719,80.59564,345600.00498890877,-0.023150422,-0.021093957,71.99903
24.3913043591697,35.05434799367564,86.750465,13737599.675559998,0.019976785,-0.010296274,71.92645
24.521739153231497,35.18115965909355,80.50853,16502399.989700317,0.015748873,-0.014875598,71.95454
24.57246390714934,35.13405809180027,82.83649,3974399.971675873,-0.024446353,-0.009444891,72.50941
24.275362351941567,35.02173896397893,79.32639,17193599.794006348,0.0017792732,-0.044366278,71.93757
24.264492787947336,35.06521739309379,75.914215,7603200.0411987305,-0.009133648,0.017315118,72.779884
24.369565205050215,35.10507235145331,81.59638,11664000.262641907,0.024865787,-0.023919418,72.08749
24.619565229179578,35.18478278215484,82.255135,10627199.459266663,0.02940898,-0.012596663,72.43855
24.586956589458925,35.03623181903528,81.050644,2678400.0643730164,-0.0024998449,-0.01234686,72.72098
24.003623304347823,35.192029209683014,80.788605,6307200.133895874,-0.070514485,-0.0225336,70.97242
24.293478074173446,35.130434424522214,78.52256,9331199.551963806,0.01152095,0.0073747505,72.61432
24.32608705359737,35.05434782738719,80.59564,15983999.588012695,0.009931801,-0.035822004,71.99782
24.286231733018653,35.16304365074164,82.86601,13219200.370788574,0.026546724,-0.019766066,71.44396
24.409420264318722,35.097825908808005,75.01247,15379199.48501587,0.020199595,-0.01153766,73.21434
24.586956589458925,35.03623181903528,81.050644,3023999.9665260315,-0.0025636144,-0.012701917,72.710335
24.369565205050215,35.10507235145331,81.59638,4147199.9227523804,-0.025492877,-0.011564702,71.935524
24.15217408195171,35.09782609021359,90.079155,2851200.015449524,-0.011418287,-0.018372875,72.58968
24.40217392316393,35.07246365433351,77.73675,86400.00124722719,0.002052758,0.0039721485,72.64935
24.242753659958876,34.931159481553294,83.59315,777599.9855160713,-0.024043366,0.019600665,72.04711
24.15217408195171,35.09782609021359,90.079155,3542400.093984604,-0.018619023,-0.018906303,72.53181
24.271739312019278,35.0833337340226,74.97577,15638399.68585968,0.02102344,-0.020206977,73.13841
24.57246390714934,35.13405809180027,82.83649,3023999.9665260315,-0.02015834,-0.0077931937,72.53284
24.514492864338745,35.152173737341,77.98083,11059200.15964508,0.017580492,-0.015079126,73.490295
24.60144921950647,34.9456523441682,85.40489,9590399.752807617,0.02132368,-0.010622419,72.68192
24.57608686867857,35.22463755910878,78.28966,8553600.046348572,-0.0058575384,0.016565878,73.30048
24.3985509616347,35.079710263267266,82.39983,18403200.0,0.012206918,-0.02625934,71.69585
24.282608510179216,35.10869565592019,73.044136,16329599.49016571,0.013321746,-0.024692208,73.062614
24.822463669968496,35.11956556932083,79.471794,7430400.090122223,0.0016261972,0.020248875,73.863304
24.51086948471318,35.141304337922854,75.965324,8380800.095272064,-0.0047259666,0.012338161,73.60011
24.677536062942007,35.07971042955572,84.775665,16156800.087547302,0.011429472,-0.019828089,71.95612
24.731884091961334,34.88405773852335,82.62194,8035200.193119049,-0.010575578,0.010163267,73.25907
24.5036234048686,34.94565269942081,84.86278,12700799.969100952,0.022826554,-0.03451645,72.205215
24.336956356281394,35.12681217825459,78.56935,16934399.593162537,-0.008234806,0.004251862,72.4875
24.141304256647267,35.05072417522627,80.839714,5788799.732208252,-0.052645884,-0.006044654,71.14216
24.85869584610084,35.31159408476158,76.05999,9158400.149345398,0.014902191,-0.0063801296,73.97399
24.822463669968496,35.11956556932083,79.471794,1382400.019955635,-0.015051972,0.018777952,73.21448
24.525362323808892,35.01449270273921,80.76379,15897599.886703491,0.008428741,-0.04000303,72.73223
24.518115930392057,35.170290078269815,76.7112,4838399.727058411,-0.0275293,0.007142078,72.94277
24.49275373635028,35.04710138474188,79.64641,7430400.090122223,-0.021924276,0.004708428,72.79538
24.068840433535758,35.17753635462667,82.62194,15638399.68585968,0.028865665,-0.033240557,72.00182
24.17028990870767,35.119565206509655,75.23819,6480000.084972382,-0.031010091,-0.012748562,72.965454
24.409420342711783,35.02898555779556,73.23672,1296000.0444173813,-0.022334836,0.0070486823,73.36453
24.619565229179578,35.18478278215484,82.255135,13564800.27294159,0.032146595,-0.021643944,72.347275
24.53985505838052,35.14492730981283,78.72631,5270399.878978729,-0.024780132,0.009960063,72.797226
24.579710091518006,35.06884069756067,84.24473,15206400.082397461,0.009951679,-0.01585805,71.99516
24.268116089179838,35.07971042955572,81.07262,16847999.891853333,0.005610451,-0.04020935,71.758354
24.3913043591697,35.05434799367564,86.750465,10540799.757957458,0.027467161,-0.010732036,72.0923
24.481884276880134,35.21376834109622,79.042,3196799.917602539,-0.020702507,-0.01192743,72.2788
24.35507260113369,35.04710138474188,76.478294,12095999.866104126,0.014632272,-0.016760286,73.35914
24.171296292717127,35.10648163098043,78.049835,12355200.066947937,0.022665752,-0.020868175,72.55847
24.32608705359737,35.05434782738719,80.59564,9244799.850654602,0.016686654,-0.022317857,72.19731
24.293478074173446,35.130434424522214,78.52256,4838399.727058411,-0.045088604,-0.024647683,72.181305
24.003623304347823,35.192029209683014,80.788605,1123200.0247836113,-0.08300866,-0.13124685,71.58779
24.619565229179578,35.18478278215484,82.255135,1382400.019955635,0.0033242442,-0.003613418,72.34803
24.471014503837736,35.137681214861566,84.09494,2073599.9613761902,-0.01379431,-0.007434055,72.26347
24.286231733018653,35.16304365074164,82.86601,17539199.696159363,0.00882685,-0.02656839,71.36198
24.409420185925658,35.126811301460926,78.58091,12355200.066947937,0.024649402,-0.009489333,72.99231
24.507246418659868,35.018115659512056,74.98295,17020800.39138794,0.009849101,-0.025744218,72.58009
24.579710091518006,35.06884069756067,84.24473,11836799.665260315,0.026130695,-0.031362653,72.32062
24.32608705359737,35.05434782738719,80.59564,1209599.9317646027,-0.02231437,-0.024083462,72.09558
24.619565229179578,35.18478278215484,82.255135,16156800.087547302,0.018345758,-0.027589027,71.793976
24.24275355543479,35.275361916886446,83.709785,8985600.19826889,0.029117338,0.012810664,71.16124
24.40579722439643,35.07608730649443,81.130585,5443199.830055237,-0.016717799,-0.0044552684,72.18159
24.32608705359737,35.05434782738719,80.59564,12095999.866104126,0.023946283,-0.026721265,72.31519
24.40579722439643,35.07608730649443,81.130585,15206400.082397461,0.01746293,-0.028082088,72.16972
24.782608845879178,35.07246365433351,80.82854,6566399.786281586,-0.02144429,0.018028377,73.428925
24.731883987437246,34.999999998854186,80.17734,16588799.691009521,-0.00047940388,-0.024677444,73.27332
24.57608686867857,35.22463755910878,78.28966,1814400.0347614288,-0.012709599,-0.0037211422,72.33258
24.53985505838052,35.14492730981283,78.72631,9417600.350189209,0.008864759,0.0036303848,73.24184
24.177536001617764,35.01449252133363,77.3516,17020800.39138794,0.0040382855,-0.033994325,72.54339
24.40217392316393,35.07246365433351,77.73675,6047999.933052063,-0.02896548,-0.004899025,72.760765
24.503623143558386,34.916666955294566,80.479385,6480000.084972382,-0.029713087,-0.0013384335,72.95716
24.17028990870767,35.119565206509655,75.23819,14947199.88155365,0.022480968,-0.017930232,73.07613
24.369565205050215,35.10507235145331,81.59638,10972800.458335876,0.024646623,-0.025090147,72.08328
24.677536062942007,35.07971042955572,84.775665,3542400.093984604,-0.022910967,0.0065174494,72.9932
24.271739312019278,35.0833337340226,74.97577,12268800.365638733,0.02859559,-0.017855588,72.970345
24.659420157792983,35.13768139626715,82.9603,1814400.0347614288,-0.018516302,0.0060392246,72.67994
24.731884091961334,34.88405773852335,82.62194,15551999.984550476,0.007992968,-0.002480328,72.53832
24.003623304347823,35.192029209683014,80.788605,18316800.298690796,0.004317604,-0.037728716,73.25668
24.608695560661264,35.210145036629335,80.071884,11059200.15964508,0.01679492,0.002176812,72.89256
24.608695560661264,35.210145036629335,80.071884,5443199.830055237,-0.034286328,0.0067382464,72.70786
24.608695560661264,35.210145036629335,80.071884,8899199.948501587,0.0027189516,0.018196492,72.91961
24.57608686867857,35.22463755910878,78.28966,2159999.936914444,-0.014755625,-0.007928541,72.369804
24.264492787947336,35.06521739309379,75.914215,12527999.469566345,0.024425613,-0.007890297,73.039276
24.40217392316393,35.07246365433351,77.73675,5097599.927902222,-0.03070651,-0.011906475,72.703026
24.2137679164399,35.101449394680465,78.1842,950400.0051498413,0.011271549,-0.03907265,71.72355
24.57608686867857,35.22463755910878,78.28966,11923200.463485718,0.022438332,3.0741096e-05,73.42752
24.286231733018653,35.16304365074164,82.86601,15465600.283241272,0.016502146,-0.024636209,71.4769
24.33695651306752,35.26449269887389,75.24537,16588799.691009521,0.031721488,-0.03254191,75.226265
24.53985505838052,35.14492730981283,78.72631,5184000.177669525,-0.02453132,0.009816801,72.78346
24.340579657513896,35.072464168316,77.031204,1728000.059223175,-0.021060117,-0.015317008,72.71222
24.177536001617764,35.01449252133363,77.3516,4233599.898290634,-0.024239339,-0.026147839,72.22593
24.623188347494935,34.98550731008629,86.27349,15811200.185394287,0.027698923,-0.023514885,72.4179
24.340579657513896,35.072464168316,77.031204,7516799.791431427,-0.023176543,0.005500814,72.83828
24.47463793572534,35.15579704180788,74.131996,4665599.775981903,-0.024640195,-0.014949616,73.230125
24.35507260113369,35.04710138474188,76.478294,15379199.48501587,0.010753404,-0.004747357,72.931526
24.579710091518006,35.06884069756067,84.24473,172800.00249445438,-0.012623422,0.01303566,72.545265
24.40579722439643,35.07608730649443,81.130585,17539199.696159363,0.006159786,-0.03322336,71.89637
24.340579735906957,35.22101461745307,78.71513,1987199.9858379364,-0.010553725,-0.02138827,71.96301
24.442029139218562,35.043478080275,76.86345,16847999.891853333,0.011771169,-0.025089316,72.66528
24.481884276880134,35.21376834109622,79.042,2073599.9613761902,-0.013916723,-0.014628958,72.11235
24.278985653174068,35.159420527680346,80.15937,10454400.056648254,0.023948789,-0.015722323,72.24094
24.60144921950647,34.9456523441682,85.40489,3110399.9420642853,-0.012389373,0.018359551,72.842064
24.152173912100075,34.942029039701325,85.189964,6739199.737358093,-0.046452142,0.002078725,71.26332
24.60144921950647,34.9456523441682,85.40489,4060799.9472141266,-0.020354476,0.01978567,72.81554
24.286231733018653,35.16304365074164,82.86601,5615999.781131744,0.0023703426,-0.026837312,71.66003
24.518115930392057,35.170290078269815,76.7112,4319999.873828888,-0.028895795,0.008755265,72.85196
24.442029139218562,35.043478080275,76.86345,17279999.49531555,0.010540113,-0.024635274,72.553825
24.242753659958876,34.931159481553294,83.59315,14947199.88155365,0.01212886,-0.020816837,71.69471
24.49275373635028,35.04710138474188,79.64641,16070400.386238098,0.0016017258,-0.03546183,72.63394
24.53985505838052,35.14492730981283,78.72631,5097599.927902222,-0.024270281,0.009698093,72.770096
24.286231733018653,35.16304365074164,82.86601,1123200.0247836113,0.014561469,-0.009565698,71.445274
24.731883987437246,34.999999998854186,80.17734,12009600.164794922,0.010511247,-0.025836397,73.64665
24.2137679164399,35.101449394680465,78.1842,3369599.8686790466,-0.02025041,-0.033295583,72.05602
24.57246390714934,35.13405809180027,82.83649,13132799.572563171,0.031958297,-0.021814298,72.219284
24.518115930392057,35.170290078269815,76.7112,8294399.845504761,0.0026717372,-0.009857293,73.53476
24.608695560661264,35.210145036629335,80.071884,12095999.866104126,0.024317328,0.0018598456,72.86028
24.47463793572534,35.15579704180788,74.131996,17712000.19569397,0.020289551,-0.027266663,73.01732
24.3913043591697,35.05434799367564,86.750465,17193599.794006348,-0.002730593,-0.011354588,71.87138
24.46739112421217,35.10507235145331,77.031204,16243199.788856506,0.012106165,-0.020514693,72.88008
24.003623304347823,35.192029209683014,80.788605,13737599.675559998,0.032891084,-0.026053272,71.88433
24.409420185925658,35.126811301460926,78.58091,17884799.598312378,0.01814911,-0.022210479,72.3046
24.409420185925658,35.126811301460926,78.58091,10540799.757957458,0.02161419,-0.0061327424,73.01249
24.177536001617764,35.01449252133363,77.3516,9504000.051498413,0.014923321,-0.02298564,72.559875
24.800724541980035,35.0326085145684,80.91604,14860800.180244446,0.018962972,0.0023109727,73.43002
24.579710091518006,35.06884069756067,84.24473,8467199.796581268,0.00713956,-0.0009513125,72.43775
24.442029139218562,35.043478080275,76.86345,11404800.061798096,0.011958191,-0.027795635,73.62365
24.177536001617764,35.01449252133363,77.3516,6566399.786281586,-0.0133484565,-0.026738066,72.370056
24.409420264318722,35.097825908808005,75.01247,11145599.860954285,0.024058172,-0.024134468,73.45761
24.35507260113369,35.04710138474188,76.478294,17625600.494384766,0.009362262,-0.018448506,72.35391
24.800724541980035,35.0326085145684,80.91604,12527999.469566345,0.027314167,0.0021394212,73.73355
24.369565205050215,35.10507235145331,81.59638,10713600.257492065,0.024876654,-0.025466617,72.07253
24.358695745580064,35.14492749121842,79.46463,14947199.88155365,0.016056074,-0.012140229,72.47112
24.278985653174068,35.159420527680346,80.15937,15897599.886703491,-0.0023239292,-0.010901041,72.35564
24.336956356281394,35.12681217825459,78.56935,1468799.9954938889,-0.025607593,-0.016399663,71.959496
24.271739312019278,35.0833337340226,74.97577,6825599.987125397,-0.022029284,-0.01175952,73.03505
24.880434869565217,35.11594208344836,73.60822,5097599.927902222,-0.03717293,0.025811955,73.64704
24.60144921950647,34.9456523441682,85.40489,17971200.39653778,0.0007852167,-0.0031329226,72.672615
24.268116089179838,35.07971042955572,81.07262,12268800.365638733,0.02076624,-0.027736124,72.03786
24.53985505838052,35.14492730981283,78.72631,8294399.845504761,-0.0078041553,0.014738282,73.16659
24.51086948471318,35.141304337922854,75.965324,6566399.786281586,-0.00993586,0.010823911,73.39242
24.3985509616347,35.079710263267266,82.39983,12182399.56741333,0.022672966,-0.030539215,72.015236
24.06159400092239,35.235507653915,77.223785,4233599.898290634,-0.07492709,-0.06951741,72.02411
24.43478277193275,35.06521686399416,78.38795,15206400.082397461,0.012338044,-0.009496098,72.84711
24.576087129988778,34.96376817111452,80.53768,15811200.185394287,0.016711287,-0.02334354,73.15273
24.177536001617764,35.01449252133363,77.3516,15465600.283241272,0.021370942,-0.03298528,72.722015
24.369565205050215,35.10507235145331,81.59638,17193599.794006348,0.0021530911,-0.032832608,71.72876
24.423912946628306,35.16304383214723,83.815254,16243199.788856506,0.011545874,-0.022709064,71.282974
24.880434869565217,35.11594208344836,73.60822,15551999.984550476,0.016022373,-0.01307077,73.61502
24.340579657513896,35.072464168316,77.031204,2419199.8635292053,-0.026633985,-0.014572382,72.69353
24.655797039477626,35.09782643790763,82.953125,10281599.557113647,0.026700828,-0.022419516,72.59679
24.677536062942007,35.07971042955572,84.775665,9849599.953651428,0.028651517,-0.031119462,72.666885
24.340579735906957,35.22101461745307,78.71513,17366400.293540955,0.00874503,-0.0128402375,73.010544
24.242753659958876,34.931159481553294,83.59315,8899199.948501587,0.0084568,0.01360481,71.73648
24.528985389862203,35.079710263267266,73.800804,1987199.9858379364,-0.01689848,-0.015433729,73.491394
24.53985505838052,35.14492730981283,78.72631,7343999.840354919,-0.020192895,0.01670823,73.10606
24.586956589458925,35.03623181903528,81.050644,9849599.953651428,0.012177456,-0.010575872,72.8343
24.2137679164399,35.101449394680465,78.1842,13132799.572563171,0.027052939,-0.02400665,72.67944
24.85869584610084,35.31159408476158,76.05999,8467199.796581268,0.0028348677,0.0035824291,74.12271
24.336956356281394,35.12681217825459,78.56935,1296000.0444173813,-0.024416685,-0.016438197,71.94914
24.3985509616347,35.079710263267266,82.39983,6912000.2368927,0.008119032,-0.0090899635,72.10037
24.507246418659868,35.018115659512056,74.98295,11923200.463485718,0.014456598,-0.015064154,73.85984
24.49275373635028,34.95652190987481,78.13308,6047999.933052063,-0.03296625,0.005146049,73.08407
24.572463802625258,35.028985391507106,77.31845,17107200.092697144,0.0025394633,-0.02697504,72.83224
24.152173912100075,34.942029039701325,85.189964,13737599.675559998,0.024301356,-0.0094461255,71.24745
24.16304339770124,35.14130418675153,77.183464,7862400.2420425415,0.013972102,-0.02261683,72.383484
24.134057993885538,35.130434787333385,80.741425,12441599.768257141,0.026419468,-0.018362962,71.89434
24.72463775080654,35.097825908808005,83.506035,2419199.8635292053,-0.014985211,0.005816579,72.972595
24.528985389862203,35.079710263267266,73.800804,10713600.257492065,0.019080479,-0.022164613,73.70394
24.43478251062254,35.050724689208764,81.254395,4924799.976825714,-0.021491662,-0.0091362,72.27266
24.521739153231497,35.18115965909355,80.50853,15551999.984550476,0.019944998,-0.011895746,72.105354
24.271739312019278,35.0833337340226,74.97577,10281599.557113647,0.023943909,-0.02104064,72.90591
24.40217392316393,35.07246365433351,77.73675,1987199.9858379364,-0.01568624,-0.010238614,72.72296
24.202898613755877,35.17753635462667,82.22561,3110399.9420642853,-0.045546085,-0.0380937,71.42937
24.423912946628306,35.13405791039468,84.735344,16588799.691009521,0.006572768,-0.022794634,71.34332
24.06159400092239,35.235507653915,77.223785,4579200.074672699,-0.07008206,-0.0634848,71.89441
24.5036234048686,34.94565269942081,84.86278,1468799.9954938889,0.008103918,0.0032643192,72.256035
24.677536062942007,35.07971042955572,84.775665,5443199.830055237,-0.012117453,-0.0018881913,72.93287
24.141304256647267,35.05072417522627,80.839714,8035200.193119049,-0.027925432,-0.005502429,71.37023
24.576087129988778,34.96376817111452,80.53768,14860800.180244446,0.023664918,-0.019841675,73.10596
24.06159400092239,35.235507653915,77.223785,8726399.99742508,0.025084324,-0.024761178,71.99766
24.576087129988778,34.96376817111452,80.53768,4924799.976825714,-0.020750262,-0.00062068924,72.79504
24.33695651306752,35.26449269887389,75.24537,10713600.257492065,0.041729584,-0.046633773,73.275444
24.286231733018653,35.16304365074164,82.86601,13305600.072097778,0.026212554,-0.019630887,71.44555
24.134057993885538,35.130434787333385,80.741425,6652800.036048889,-0.05210203,-0.010561872,71.20074
24.55434784521419,35.039855304907746,78.730316,5356800.128746033,-0.02146485,-0.009648342,72.94641
24.528985389862203,35.079710263267266,73.800804,4752000.025749207,-0.02184238,-0.00983179,73.618935
24.264492787947336,35.06521739309379,75.914215,6134400.182819366,-0.02008818,0.010895689,72.72854
24.068840433535758,35.050724689208764,75.1399,4492800.099134445,-0.04369425,-0.031873357,73.106705
24.62318819070881,35.09782625650204,81.14894,3542400.093984604,-0.022642426,0.009378546,72.55933
24.49275373635028,35.04710138474188,79.64641,1728000.059223175,-0.013125788,0.00525162,72.69197
24.471014503837736,35.137681214861566,84.09494,9071999.899578094,0.01057622,-0.014149293,72.16148
24.35507260113369,35.04710138474188,76.478294,17798399.897003174,0.008470595,-0.017831214,72.31204
24.17028990870767,35.119565206509655,75.23819,10540799.757957458,0.025900766,-0.004811136,72.519325
24.518115930392057,35.170290078269815,76.7112,9158400.149345398,0.013865858,-0.008775637,73.596306
24.242753659958876,34.931159481553294,83.59315,7430400.090122223,0.0052537546,0.014925182,71.703674
24.293478074173446,35.130434424522214,78.52256,7516799.791431427,-0.024474427,-0.0056883153,72.368835
24.409420264318722,35.097825908808005,75.01247,16588799.691009521,0.01697904,-0.018548872,72.97181
24.514492864338745,35.152173737341,77.98083,11664000.262641907,0.018208707,-0.01486535,73.47432
24.068840433535758,35.050724689208764,75.1399,12441599.768257141,0.026469698,-0.029846799,73.13198
24.409420342711783,35.02898555779556,73.23672,4752000.025749207,-0.016155072,0.00010679476,73.34548
24.336956356281394,35.12681217825459,78.56935,8899199.948501587,0.012423797,-0.0044946093,72.7208
24.40217392316393,35.07246365433351,77.73675,12873600.46863556,0.023098437,-0.004214978,73.25583
24.24275355543479,35.275361916886446,83.709785,9676799.454116821,0.031761173,0.0099137565,71.027794
24.336956356281394,35.12681217825459,78.56935,5788799.732208252,-0.038742885,0.0036677476,72.331154
24.40579722439643,35.07608730649443,81.130585,15638399.68585968,0.014056146,-0.030424744,72.13492
24.5036234048686,34.94565269942081,84.86278,10195199.855804443,0.017731767,-0.025237538,72.24499
24.53985505838052,35.14492730981283,78.72631,11923200.463485718,0.02137222,-0.011124164,73.30321
24.340579735906957,35.22101461745307,78.71513,14601599.979400635,0.03122643,-0.0060301386,73.022644
24.579710091518006,35.06884069756067,84.24473,10540799.757957458,0.026471518,-0.027797967,72.35829
24.141304256647267,35.05072417522627,80.839714,17452799.99485016,-0.0037007704,-0.033781976,71.65835
24.782608845879178,35.07246365433351,80.82854,12268800.365638733,0.023961283,-0.009821132,73.608055
24.51086948471318,35.141304337922854,75.965324,3715200.0450611115,-0.020202972,-0.007325895,73.02311
24.46739112421217,35.10507235145331,77.031204,9590399.752807617,0.011224242,-0.0018283594,73.51607
24.152173912100075,34.942029039701325,85.189964,7775999.992275238,-0.027732745,0.010689207,71.25408
24.16304339770124,35.14130418675153,77.183464,11491199.7631073,0.034447595,-0.020358257,72.51997
24.641304357168043,34.938405387540406,81.3883,6480000.084972382,-0.0028791241,-0.015836913,72.95601
24.202898613755877,35.17753635462667,82.22561,17884799.598312378,0.0016481802,-0.018727608,71.74082
24.51086948471318,35.141304337922854,75.965324,14515200.27809143,0.02333912,-0.013634138,73.46164
24.275362351941567,35.02173896397893,79.32639,6134400.182819366,-0.028178647,-0.013809707,71.97943
24.782608845879178,35.07246365433351,80.82854,10022400.453186035,0.016256213,-0.0046109557,73.52714
24.358695745580064,35.14492749121842,79.46463,10886399.660110474,0.025086008,-0.015094779,72.67239
24.24275355543479,35.275361916886446,83.709785,3801600.0205993652,-0.06373557,-0.084160216,71.925606
24.75362311542571,35.148550251468535,82.31272,16847999.891853333,-0.0052164607,-0.008592861,72.01081
24.340579735906957,35.22101461745307,78.71513,11664000.262641907,0.033950847,-0.017376874,72.983864
24.49275373635028,34.95652190987481,78.13308,864000.0296115875,-0.016381305,0.015002985,73.34876
24.336956356281394,35.12681217825459,78.56935,16156800.087547302,-0.003643468,-0.0015990064,72.59745
24.16304339770124,35.14130418675153,77.183464,12441599.768257141,0.039035816,-0.016833305,72.62447
24.235507135886934,35.09782643790763,86.62735,16329599.49016571,0.010835458,-0.036208432,71.27619
24.55434784521419,35.039855304907746,78.730316,16675200.489234924,0.0063030496,-0.035726294,72.85129
24.782608845879178,35.07246365433351,80.82854,8812800.247192383,0.006497495,0.0070826057,73.5182
24.068840433535758,35.17753635462667,82.62194,8985600.19826889,0.027511742,-0.04497414,70.82358
24.576087129988778,34.96376817111452,80.53768,9849599.953651428,0.022349073,-0.023673948,73.08372
24.731883987437246,34.999999998854186,80.17734,17020800.39138794,0.0038640834,-0.02432748,73.212715
24.43478277193275,35.06521686399416,78.38795,6480000.084972382,-0.0329035,0.0005469974,72.69969
24.677536062942007,35.07971042955572,84.775665,5529600.07982254,-0.011050422,-0.0020331237,72.930145
24.278985653174068,35.159420527680346,80.15937,13046399.871253967,0.023710936,-0.010156531,72.31707
24.17028990870767,35.119565206509655,75.23819,0.0,-0.0833894,-0.09505006,72.21177
24.264492787947336,35.06521739309379,75.914215,5702400.030899048,-0.0228711,0.005891761,72.73839
24.152173912100075,34.942029039701325,85.189964,5443199.830055237,-0.051955424,-0.01698909,71.35232
24.608695560661264,35.210145036629335,80.071884,12960000.169944763,0.029244708,0.004256433,72.78767
24.75362311542571,35.148550251468535,82.31272,6480000.084972382,-0.033418722,0.018647604,72.92918
24.336956356281394,35.12681217825459,78.56935,11145599.860954285,0.023111448,-0.011384089,72.8947
24.351449221508126,35.36231895652174,77.53338,3974399.971675873,-0.096172765,-0.09090661,72.98433
24.481884276880134,35.21376834109622,79.042,5097599.927902222,-0.026077889,-0.0064623673,72.59882
24.409420185925658,35.126811301460926,78.58091,2505600.113296509,-0.020053815,-0.012816314,72.24405
24.003623304347823,35.192029209683014,80.788605,18057600.097846985,0.0069846623,-0.03835319,73.19278
24.507246418659868,35.018115659512056,74.98295,15033599.582862854,0.024707336,-0.015908405,73.3437
24.507246627708035,35.15217355593542,72.15966,16156800.087547302,0.0062155053,-0.021991879,72.21859
24.268116089179838,35.07971042955572,81.07262,12182399.56741333,0.02078134,-0.027808044,72.04012
24.351449221508126,35.36231895652174,77.53338,4752000.025749207,-0.06918443,-0.06677817,72.85566
24.340579657513896,35.072464168316,77.031204,12787199.670410156,0.023545805,-0.005121134,73.21998
24.141304256647267,35.05072417522627,80.839714,6220799.884128571,-0.05083652,-0.001359811,71.17877
24.49275373635028,35.04710138474188,79.64641,15033599.582862854,0.008617468,-0.03328832,72.79082
24.528985389862203,35.079710263267266,73.800804,1036799.9806880951,-0.0093702115,-0.015269633,73.469215
24.3913043591697,35.05434799367564,86.750465,2419199.8635292053,-0.027015664,-0.011792947,72.178825
24.271739312019278,35.0833337340226,74.97577,2937599.9909877777,-0.04688108,-0.010041803,73.09381
24.336956356281394,35.12681217825459,78.56935,18143999.79915619,-0.010115385,0.0073106326,72.283226
24.62318819070881,35.09782625650204,81.14894,15897599.886703491,0.011990171,-0.024951905,72.567116
24.782608584568965,35.06521774078783,85.492004,4924799.976825714,-0.024751782,0.0131041985,73.334274
24.336956356281394,35.12681217825459,78.56935,10195199.855804443,0.024135556,-0.008232305,72.84921
24.521739153231497,35.18115965909355,80.50853,7516799.791431427,0.0016924143,-0.009205865,72.61614
24.57608686867857,35.22463755910878,78.28966,13996799.876403809,0.03138275,-0.0022816285,73.20859
24.55434784521419,35.039855304907746,78.730316,16502399.989700317,0.006883867,-0.03493169,72.88478
24.579710091518006,35.06884069756067,84.24473,17712000.19569397,-0.013802506,0.011122789,71.90959
24.85869584610084,35.31159408476158,76.05999,15206400.082397461,0.03944403,-0.03413216,72.33566
24.626811465810288,35.05797113185407,83.9315,10108800.15449524,0.02331818,-0.020966813,72.50749
24.782608845879178,35.07246365433351,80.82854,7343999.840354919,-0.01608225,0.020794058,73.52322
24.471014503837736,35.137681214861566,84.09494,18230399.500465393,-0.016389728,-0.00924952,71.33141
24.278985574781007,35.18478260074926,85.36457,5875199.981975555,-0.07053421,-0.028397154,72.02239
24.373188532413735,34.85507217391305,83.68782,5270399.878978729,-0.024488501,-0.00965004,72.238396
24.626811465810288,35.05797113185407,83.9315,6825599.987125397,-0.01888701,0.008009865,72.67601
24.608695560661264,35.210145036629335,80.071884,13564800.27294159,0.029956097,0.0021279063,72.713135
24.242753659958876,34.931159481553294,83.59315,3715200.0450611115,-0.025652833,-0.010916427,71.69487
24.51086948471318,35.141304337922854,75.965324,6134400.182819366,-0.011146124,0.007134732,73.342766
24.43478251062254,35.050724689208764,81.254395,18403200.0,-0.005341582,-0.032301206,72.02511
24.202898613755877,35.17753635462667,82.22561,11836799.665260315,0.024229582,-0.02162876,71.3896
24.358695745580064,35.14492749121842,79.46463,3369599.8686790466,-0.03766586,-0.007969562,72.02018
24.641304357168043,34.938405387540406,81.3883,10454400.056648254,0.020397695,-0.032834675,73.10352
24.373188532413735,34.85507217391305,83.68782,3628800.0695228577,-0.024600178,0.0022006202,72.45667
24.623188347494935,34.98550731008629,86.27349,13132799.572563171,0.037133444,-0.020982862,72.53174
24.40217392316393,35.07246365433351,77.73675,4492800.099134445,-0.030969165,-0.013560489,72.68775
24.373188532413735,34.85507217391305,83.68782,9158400.149345398,-0.023033604,-0.009046191,72.19411
24.3913043591697,35.05434799367564,86.750465,432000.01480579376,-0.03706698,-0.0042289123,72.06708
24.57246390714934,35.13405809180027,82.83649,11231999.562263489,0.029289868,-0.022758357,72.28814
24.340579735906957,35.22101461745307,78.71513,11836799.665260315,0.03446061,-0.016649626,72.98793
24.423912946628306,35.16304383214723,83.815254,17107200.092697144,0.009125276,-0.021176696,71.232506
24.57608686867857,35.22463755910878,78.28966,13910400.175094604,0.03159596,-0.0018422622,73.22401
24.72463775080654,35.097825908808005,83.506035,7603200.0411987305,-0.012672715,0.004923066,72.946236
24.528985389862203,35.079710263267266,73.800804,8553600.046348572,-0.0070490763,-0.011289924,73.80445
24.351449221508126,35.36231895652174,77.53338,17107200.092697144,0.025458138,-0.02952702,73.45875
24.51086948471318,35.141304337922854,75.965324,4233599.898290634,-0.019537143,-0.0057902616,73.069374
24.275362351941567,35.02173896397893,79.32639,10281599.557113647,0.024326509,-0.01877674,72.474014
24.514492864338745,35.152173737341,77.98083,8726399.99742508,0.010630919,0.0018938202,73.37095
24.47463793572534,35.15579704180788,74.131996,1814400.0347614288,-0.003330782,-0.014465556,72.907616
24.641304357168043,34.938405387540406,81.3883,8467199.796581268,0.002695065,-0.022526126,73.01028
24.365941903817713,35.11594190204278,77.940506,5875199.981975555,-0.041772805,-0.008659685,72.62896
24.423912946628306,35.16304383214723,83.815254,10022400.453186035,0.031071883,-0.023917,71.93309
24.373188349496587,35.09782609021359,73.044136,15292799.783706665,0.019743253,-0.029361304,73.11242
24.15217408195171,35.09782609021359,90.079155,10886399.660110474,0.028482277,-0.007070508,72.67376
24.60144921950647,34.9456523441682,85.40489,3456000.11844635,-0.01562848,0.01895155,72.84795
24.336956356281394,35.12681217825459,78.56935,13305600.072097778,0.02417269,-0.0067176316,72.77339
24.49275373635028,35.04710138474188,79.64641,2246400.0495672226,-0.019921657,0.0007003993,72.66956
24.880434869565217,35.11594208344836,73.60822,15983999.588012695,0.013981635,-0.01250137,73.6224
24.40579722439643,35.07608730649443,81.130585,14687999.680709839,0.0212784,-0.025638863,72.19766
24.677536062942007,35.07971042955572,84.775665,345600.00498890877,0.011455342,0.016014148,72.9456
24.49275373635028,35.04710138474188,79.64641,9676799.454116821,0.01183779,-0.0014216751,73.027306
24.43478251062254,35.050724689208764,81.254395,12441599.768257141,0.022468146,-0.03147711,72.39413
24.409420264318722,35.137681214861566,85.684586,691200.0099778175,-0.035845272,0.0086932685,72.31254
24.33695651306752,35.26449269887389,75.24537,16934399.593162537,0.027061056,-0.031943228,75.289894
24.731883987437246,34.999999998854186,80.17734,13651199.974250793,0.016831417,-0.016220715,73.528984
24.507246627708035,35.15217355593542,72.15966,9417600.350189209,0.023134174,-0.013548899,73.13513
24.57246390714934,35.13405809180027,82.83649,8553600.046348572,0.008092247,-0.001118673,72.32986
24.134057993885538,35.130434787333385,80.741425,4752000.025749207,-0.09070253,-0.031111505,71.27227
24.822463669968496,35.11956556932083,79.471794,7084800.187969208,0.0010919832,0.021438617,73.84484
24.659420157792983,35.13768139626715,82.9603,13478399.474716187,0.03319822,-0.01681861,72.39093
24.49275373635028,35.04710138474188,79.64641,17452799.99485016,-0.0066325404,-0.030690175,72.449615
24.06159400092239,35.235507653915,77.223785,1382400.019955635,-0.0783538,-0.07168922,72.75223
24.003623304347823,35.192029209683014,80.788605,17971200.39653778,0.007825799,-0.038493525,73.17173
24.55434784521419,35.039855304907746,78.730316,7948799.943351746,0.0108046625,-0.003990406,73.30463
24.57246390714934,35.13405809180027,82.83649,691200.0099778175,-0.004792899,0.003096195,72.481804
24.43478277193275,35.06521686399416,78.38795,10886399.660110474,0.023152325,-0.011591341,73.236275
24.202898613755877,35.17753635462667,82.22561,13651199.974250793,0.023925453,-0.016364567,71.64639
24.15217408195171,35.09782609021359,90.079155,14687999.680709839,0.035548415,-0.020623986,71.515854
24.728260869121893,35.15579704180788,79.23173,5011200.226593018,-0.027248196,0.008633705,73.05195
24.35507260113369,35.04710138474188,76.478294,8467199.796581268,0.0022414029,-0.0065567754,73.09945
24.282608510179216,35.10869565592019,73.044136,13132799.572563171,0.031174608,-0.0124900155,72.893936
24.275362351941567,35.02173896397893,79.32639,0.0,-0.0483677,-0.019899804,71.974976
24.409420264318722,35.097825908808005,75.01247,1209599.9317646027,-0.029583305,-0.009794258,72.99284
24.677536062942007,35.07971042955572,84.775665,2851200.015449524,-0.0211878,0.009507968,73.00207
24.336956356281394,35.12681217825459,78.56935,15983999.588012695,-0.0018931367,-0.0026597641,72.61617
24.608695560661264,35.210145036629335,80.071884,4492800.099134445,-0.03603097,0.00044795685,72.582146
24.481884276880134,35.21376834109622,79.042,8121599.894428253,-0.0051254407,0.0077723525,72.78612
24.3985509616347,35.079710263267266,82.39983,13737599.675559998,0.02564001,-0.026700113,71.94827
24.40579722439643,35.07608730649443,81.130585,17366400.293540955,0.00679468,-0.033423524,71.915955
24.579710091518006,35.06884069756067,84.24473,13132799.572563171,0.02589236,-0.02652995,72.221504
24.17028990870767,35.119565206509655,75.23819,17625600.494384766,0.009923808,-0.018868376,73.29696
24.728260869121893,35.15579704180788,79.23173,17020800.39138794,0.017007634,-0.023072202,72.73542
24.731884091961334,34.88405773852335,82.62194,12614400.267791748,0.020199075,-0.01072219,72.87258
24.619565229179578,35.18478278215484,82.255135,17452799.99485016,0.008680023,-0.023647696,71.54907
24.358695745580064,35.14492749121842,79.46463,8380800.095272064,0.004613694,0.0026986375,72.46791
24.351449221508126,35.36231895652174,77.53338,5011200.226593018,-0.05786082,-0.057966135,72.800995
24.3913043591697,35.05434799367564,86.750465,15897599.886703491,0.003775917,-0.017462041,71.9417
24.572463802625258,35.028985391507106,77.31845,10886399.660110474,0.007680159,-0.019081134,73.96243
24.293478074173446,35.130434424522214,78.52256,2764800.03991127,-0.04083804,-0.03792162,71.97776
24.068840433535758,35.050724689208764,75.1399,8467199.796581268,-0.020011779,-0.03274627,73.10536
24.5036234048686,34.94565269942081,84.86278,2419199.8635292053,-0.0009834431,-0.007848432,72.41235
24.43478251062254,35.050724689208764,81.254395,9158400.149345398,0.011729244,-0.005185496,72.39411
24.49275373635028,35.04710138474188,79.64641,7343999.840354919,-0.022777118,0.004302973,72.78355
24.72463775080654,35.097825908808005,83.506035,14687999.680709839,0.022339622,-0.025896717,72.36805
24.514492864338745,35.152173737341,77.98083,5702400.030899048,-0.023985513,0.0026926268,72.96497
24.06159400092239,35.235507653915,77.223785,10713600.257492065,0.034735147,-0.03107734,71.91014
24.171296292717127,35.10648163098043,78.049835,7689599.742507935,-0.013727821,-0.016933661,72.09836
24.35507260113369,35.04710138474188,76.478294,7948799.943351746,-0.005359251,-0.010062583,73.06421
24.33695651306752,35.26449269887389,75.24537,7775999.992275238,0.013882948,-0.036771115,73.223114
24.336956356281394,35.12681217825459,78.56935,17625600.494384766,-0.009434182,0.007442302,72.37125
24.641304357168043,34.938405387540406,81.3883,8294399.845504761,0.0010185316,-0.02184315,73.000244
24.340579657513896,35.072464168316,77.031204,9935999.654960632,0.015897572,-0.0018042568,73.05088
24.659420157792983,35.13768139626715,82.9603,15120000.381088257,0.026284754,-0.018185582,72.11847
24.134057993885538,35.130434787333385,80.741425,14428799.479866028,0.019950952,-0.016409125,72.20186
24.40217392316393,35.07246365433351,77.73675,7516799.791431427,-0.019158863,0.011266183,72.8867
24.800724541980035,35.0326085145684,80.91604,2419199.8635292053,-0.011576559,-0.0032634884,73.304054
24.47463793572534,35.15579704180788,74.131996,9071999.899578094,0.013600573,-0.01943428,73.51091
24.235507135886934,35.09782643790763,86.62735,12527999.469566345,0.018954756,-0.028299116,71.0705
24.60144921950647,34.9456523441682,85.40489,2592000.0888347626,-0.0063192323,0.016605433,72.791084
24.481884276880134,35.21376834109622,79.042,2246400.0495672226,-0.015611526,-0.015028954,72.12929
24.171296292717127,35.10648163098043,78.049835,3110399.9420642853,-0.039882936,-0.028869022,72.09952
24.134057993885538,35.130434787333385,80.741425,5788799.732208252,-0.075493194,-0.019312184,71.20985
24.15942034471344,35.02536261613985,84.04098,18143999.79915619,-0.005430706,-0.045369387,70.97305
24.271739312019278,35.0833337340226,74.97577,9071999.899578094,0.020800745,-0.008510677,72.918335
24.514492864338745,35.152173737341,77.98083,15292799.783706665,0.016467772,-0.01599057,72.93448
24.271739312019278,35.0833337340226,74.97577,15465600.283241272,0.02209124,-0.019075375,73.13988
24.068840433535758,35.050724689208764,75.1399,6825599.987125397,-0.023295738,-0.042644836,73.211716
24.177536001617764,35.01449252133363,77.3516,9849599.953651428,0.018027462,-0.022900172,72.59579
24.43478251062254,35.050724689208764,81.254395,8380800.095272064,-0.0022078492,0.0034280345,72.36085
24.409420342711783,35.02898555779556,73.23672,18316800.298690796,-0.00017428026,-0.021500476,72.3803
24.442029139218562,35.043478080275,76.86345,6480000.084972382,-0.01972669,-0.02118842,73.221405
24.75362311542571,35.148550251468535,82.31272,12095999.866104126,0.015620539,-0.017926674,73.04684
24.52536253285706,35.05797113185407,79.99595,2937599.9909877777,-0.019176356,-0.008426458,72.58629
24.503623143558386,34.916666955294566,80.479385,7343999.840354919,-0.031316727,0.005973179,72.87678
24.33695651306752,35.26449269887389,75.24537,13478399.474716187,0.050930105,-0.033935647,73.96492
24.655797039477626,35.09782643790763,82.953125,17971200.39653778,-0.0050348453,-0.012961846,71.888336
24.282608510179216,35.10869565592019,73.044136,10799999.95880127,0.020257667,-0.018114593,72.87877
24.619565229179578,35.18478278215484,82.255135,17712000.19569397,0.0058908053,-0.022272099,71.521034
24.55072462237475,35.07608730649443,88.70044,12873600.46863556,0.036865763,-0.016149964,72.64666
24.514492864338745,35.152173737341,77.98083,1036799.9806880951,-0.01745364,0.0009327773,72.506065
24.409420264318722,35.097825908808005,75.01247,5184000.177669525,-0.023527876,-0.0062004514,73.205734
24.141304256647267,35.05072417522627,80.839714,3542400.093984604,-0.052275226,-0.029953249,71.13241
24.677536062942007,35.07971042955572,84.775665,11318400.360488892,0.022442833,-0.03205725,72.607155
24.358695745580064,35.14492749121842,79.46463,14515200.27809143,0.01997302,-0.009848576,72.49534
24.369565205050215,35.10507235145331,81.59638,16675200.489234924,0.002604533,-0.033135053,71.80666
24.46739112421217,35.10507235145331,77.031204,950400.0051498413,0.013440106,-0.0018958673,72.81367
24.43478277193275,35.06521686399416,78.38795,6912000.2368927,-0.029612139,0.0035813507,72.74439
24.55434784521419,35.039855304907746,78.730316,9331199.551963806,0.018936267,-0.01187107,73.48195
24.365941903817713,35.11594190204278,77.940506,2851200.015449524,-0.030964628,-0.011750847,72.40778
24.409420264318722,35.137681214861566,85.684586,11664000.262641907,0.02712771,-0.018233553,71.751305
24.242753659958876,34.931159481553294,83.59315,2678400.0643730164,-0.024186336,-0.0075282175,71.75692
24.53985505838052,35.14492730981283,78.72631,7171199.889278412,-0.021734867,0.016389538,73.09091
24.731884091961334,34.88405773852335,82.62194,13564800.27294159,0.022169547,-0.00508192,72.70496
24.514492864338745,35.152173737341,77.98083,9676799.454116821,0.01769703,-0.008072071,73.43263
24.365941903817713,35.11594190204278,77.940506,5443199.830055237,-0.040869676,-0.009499289,72.605995
24.35507260113369,35.04710138474188,76.478294,8553600.046348572,0.0036748946,-0.00608748,73.10595
24.576087129988778,34.96376817111452,80.53768,4233599.898290634,-0.01910872,-0.002358107,72.75851
24.608695560661264,35.210145036629335,80.071884,16502399.989700317,0.018044462,-0.016769972,72.12829
24.3913043591697,35.05434799367564,86.750465,10195199.855804443,0.026598806,-0.0067886636,72.11491
24.72463775080654,35.097825908808005,83.506035,16761600.190544128,0.008593496,-0.02523952,71.97803
24.525362323808892,35.01449270273921,80.76379,13910400.175094604,0.023081165,-0.031246133,72.78979
24.365941903817713,35.11594190204278,77.940506,2592000.0888347626,-0.029136188,-0.012527086,72.38449
24.409420185925658,35.126811301460926,78.58091,8553600.046348572,0.011283573,-0.01331114,72.86161
24.40579730278949,34.98550712868071,82.545616,5356800.128746033,-0.034488447,0.0012182705,72.32928
24.293478074173446,35.130434424522214,78.52256,777599.9855160713,-0.03771419,-0.037935797,71.82842
24.134057993885538,35.130434787333385,80.741425,13564800.27294159,0.025694072,-0.013524298,72.06575
24.626811465810288,35.05797113185407,83.9315,6134400.182819366,-0.023660198,0.007853042,72.705475
24.659420157792983,35.13768139626715,82.9603,3628800.0695228577,-0.023366466,0.008561774,72.61862
24.40217392316393,35.07246365433351,77.73675,3456000.11844635,-0.029697157,-0.013655797,72.694595
24.134057993885538,35.130434787333385,80.741425,14083199.577713013,0.022661768,-0.014680482,72.14934
24.423912946628306,35.16304383214723,83.815254,5011200.226593018,-0.015700944,-0.009066176,72.22324
24.202898613755877,35.17753635462667,82.22561,8553600.046348572,0.015901402,-0.0044370275,71.33617
24.49275373635028,34.95652190987481,78.13308,17107200.092697144,-0.00077336654,-0.024813306,72.83696
24.141304256647267,35.05072417522627,80.839714,3715200.0450611115,-0.05218958,-0.029150903,71.118744
24.507246418659868,35.018115659512056,74.98295,1468799.9954938889,0.002717398,0.0012292266,73.74079
24.507246418659868,35.018115659512056,74.98295,4060799.9472141266,-0.024501279,-0.0017787982,73.55727
24.134057993885538,35.130434787333385,80.741425,10454400.056648254,0.02634473,-0.016969219,71.68851
24.800724541980035,35.0326085145684,80.91604,6393599.835205078,-0.011550199,0.013100366,73.40112
24.503623143558386,34.916666955294566,80.479385,14083199.577713013,0.02188825,-0.008502506,72.92481
24.340579657513896,35.072464168316,77.031204,3628800.0695228577,-0.03069985,-0.011939388,72.682625
24.57246390714934,35.13405809180027,82.83649,17798399.897003174,-0.0039595068,-0.013438288,71.58619
24.271739312019278,35.0833337340226,74.97577,3369599.8686790466,-0.045553043,-0.008771561,73.09711
24.52536253285706,35.05797113185407,79.99595,7603200.0411987305,0.0002725385,-0.012350388,72.837555
24.282608510179216,35.10869565592019,73.044136,5875199.981975555,-0.046233535,-0.026979856,72.94213
24.409420264318722,35.097825908808005,75.01247,8553600.046348572,0.0042474084,0.0029381458,73.31422
24.3913043591697,35.05434799367564,86.750465,13219200.370788574,0.023021664,-0.010701496,71.921524
24.85869584610084,35.31159408476158,76.05999,15120000.381088257,0.03970923,-0.033722322,72.341095
24.264492787947336,35.06521739309379,75.914215,8380800.095272064,6.539002e-05,0.016849872,72.8124
24.52536253285706,35.05797113185407,79.99595,4492800.099134445,-0.022128232,-0.0055731367,72.55685
24.32608705359737,35.05434782738719,80.59564,2159999.936914444,-0.024511918,-0.02392257,72.10802
24.409420264318722,35.097825908808005,75.01247,14083199.577713013,0.026211083,-0.004465973,73.38912
24.608695560661264,35.210145036629335,80.071884,2159999.936914444,-0.024799027,-0.007401686,72.33823
24.358695745580064,35.14492749121842,79.46463,12787199.670410156,0.026714575,-0.008055018,72.60807
24.442029139218562,35.043478080275,76.86345,13824000.4737854,0.019073814,-0.015753783,73.42436
24.340579735906957,35.22101461745307,78.71513,16761600.190544128,0.013082068,-0.013639685,73.051285
24.46739112421217,35.10507235145331,77.031204,1036799.9806880951,0.012313141,-0.0025540385,72.81181
24.677536062942007,35.07971042955572,84.775665,5011200.226593018,-0.016677942,-0.0006373208,72.94853
24.576087129988778,34.96376817111452,80.53768,9590399.752807617,0.019686345,-0.022872306,73.07286
24.60144921950647,34.9456523441682,85.40489,9244799.850654602,0.014536396,-0.00599505,72.688354
24.52536253285706,35.05797113185407,79.99595,16847999.891853333,0.010468191,-0.038048822,72.45054
24.619565229179578,35.18478278215484,82.255135,7171199.889278412,0.00069283694,-0.017679978,72.55159
24.731883987437246,34.999999998854186,80.17734,172800.00249445438,0.015950244,0.00065939873,73.342224
24.481884276880134,35.21376834109622,79.042,2937599.9909877777,-0.019703507,-0.013249196,72.23244
24.275362351941567,35.02173896397893,79.32639,3801600.0205993652,-0.037011594,-0.010021292,71.747055
24.46739112421217,35.10507235145331,77.031204,18057600.097846985,0.018855073,-0.019627955,72.55623
24.528985389862203,35.079710263267266,73.800804,3974399.971675873,-0.021898981,-0.008952238,73.550896
24.72463775080654,35.097825908808005,83.506035,7862400.2420425415,-0.0125609785,0.0037360657,72.93475
24.528985389862203,35.079710263267266,73.800804,5788799.732208252,-0.025003865,-0.01793357,73.702415
24.60144921950647,34.9456523441682,85.40489,16847999.891853333,0.007945634,-0.016522408,72.61433
24.409420185925658,35.126811301460926,78.58091,16156800.087547302,0.016737595,-0.020186834,72.52395
24.24275355543479,35.275361916886446,83.709785,12700799.969100952,0.03141512,-0.008786088,70.88982
24.423912946628306,35.16304383214723,83.815254,7689599.742507935,0.017904395,-0.022049055,72.12137
24.365941903817713,35.11594190204278,77.940506,11577599.464416504,0.02200111,-0.011425231,73.08715
24.340579735906957,35.22101461745307,78.71513,3628800.0695228577,-0.026213959,-0.0081702415,72.09048
24.55072462237475,35.07608730649443,88.70044,15206400.082397461,0.022826303,-0.021115493,72.66938
24.528985389862203,35.079710263267266,73.800804,16934399.593162537,0.016473155,-0.0242819,72.92212
24.32608705359737,35.05434782738719,80.59564,17625600.494384766,0.0047620423,-0.038374238,71.78634
24.068840433535758,35.050724689208764,75.1399,17366400.293540955,0.00069946423,-0.040497232,73.19995
24.423912946628306,35.13405791039468,84.735344,7775999.992275238,-0.010344744,-0.0047343764,72.21948
24.57246390714934,35.13405809180027,82.83649,16156800.087547302,0.014692325,-0.021834068,71.82253
24.728260869121893,35.15579704180788,79.23173,14515200.27809143,0.032113627,-0.00998069,73.3204
24.423912946628306,35.13405791039468,84.735344,17020800.39138794,0.0022195764,-0.02112484,71.30316
24.40579730278949,34.98550712868071,82.545616,8380800.095272064,-0.0065334253,-0.013748094,72.14731
24.373188349496587,35.09782609021359,73.044136,14860800.180244446,0.019945197,-0.03344024,73.14166
24.134057993885538,35.130434787333385,80.741425,12614400.267791748,0.026717696,-0.017176222,71.91803
24.152173912100075,34.942029039701325,85.189964,10195199.855804443,0.021313746,-0.015959308,71.27278
24.2137679164399,35.101449394680465,78.1842,5702400.030899048,-0.01913806,-0.03016445,72.04049
24.264492787947336,35.06521739309379,75.914215,5356800.128746033,-0.023914933,0.0015367344,72.75423
24.17028990870767,35.119565206509655,75.23819,15033599.582862854,0.02200002,-0.018578164,73.08975
24.5036234048686,34.94565269942081,84.86278,4579200.074672699,-0.015027422,-0.005370559,72.50537
24.373188532413735,34.85507217391305,83.68782,3542400.093984604,-0.024453782,0.002652349,72.46292
24.528985389862203,35.079710263267266,73.800804,17020800.39138794,0.015973385,-0.024646133,72.89691
24.55072462237475,35.07608730649443,88.70044,7343999.840354919,0.017292097,-0.015418977,72.95738
24.782608845879178,35.07246365433351,80.82854,7084800.187969208,-0.017888825,0.02018289,73.495575
24.293478074173446,35.130434424522214,78.52256,8726399.99742508,-0.00072881207,0.008571649,72.54227
24.507246627708035,35.15217355593542,72.15966,11836799.665260315,0.027000163,-0.02300661,72.918045
24.514492864338745,35.152173737341,77.98083,8553600.046348572,0.0083826035,0.0037091393,73.360756
24.481884276880134,35.21376834109622,79.042,6825599.987125397,-0.021767393,0.0040791724,72.79836
24.641304357168043,34.938405387540406,81.3883,10195199.855804443,0.019509142,-0.031927284,73.09974
24.271739312019278,35.0833337340226,74.97577,10368000.35533905,0.023774775,-0.021857072,72.90681
24.49275373635028,35.04710138474188,79.64641,17107200.092697144,-0.0044187717,-0.032490842,72.48565
24.202898613755877,35.17753635462667,82.22561,17971200.39653778,0.0010602623,-0.018561091,71.74435
24.068840433535758,35.17753635462667,82.62194,7084800.187969208,-0.0017896928,-0.04440646,70.85214
24.278985653174068,35.159420527680346,80.15937,6220799.884128571,-0.047331654,-0.03377239,71.90586
24.525362323808892,35.01449270273921,80.76379,3456000.11844635,-0.012757488,-0.0034147091,72.59837
24.423912946628306,35.16304383214723,83.815254,14947199.88155365,0.021867538,-0.021535259,71.35742
24.003623304347823,35.192029209683014,80.788605,1900800.0102996826,-0.075705595,-0.13614973,71.71541
24.177536001617764,35.01449252133363,77.3516,14256000.07724762,0.028802723,-0.03159328,72.77058
24.608695560661264,35.210145036629335,80.071884,3801600.0205993652,-0.033777826,-0.0038631596,72.48815
24.626811465810288,35.05797113185407,83.9315,3801600.0205993652,-0.02786003,0.015134621,72.79173
24.264492787947336,35.06521739309379,75.914215,4492800.099134445,-0.024106808,-0.0090312995,72.80822
24.365941903817713,35.11594190204278,77.940506,17452799.99485016,0.0039051175,-0.006579509,72.42368
24.40579722439643,35.07608730649443,81.130585,172800.00249445438,-0.0009913966,-0.0060137864,72.25313
24.268116089179838,35.07971042955572,81.07262,3715200.0450611115,-0.039967336,-0.019072216,71.58188
24.177536001617764,35.01449252133363,77.3516,12960000.169944763,0.027222073,-0.03160906,72.766014
24.15942034471344,35.02536261613985,84.04098,3715200.0450611115,-0.03229668,-0.013242282,71.945335
24.728260869121893,35.15579704180788,79.23173,6566399.786281586,-0.019259147,0.012047897,73.35186
24.409420264318722,35.137681214861566,85.684586,18057600.097846985,0.017379906,-0.011542778,71.27896
24.268116089179838,35.07971042955572,81.07262,5961600.231742859,-0.030829556,-0.025661923,71.73832
24.373188349496587,35.09782609021359,73.044136,14774400.478935242,0.020313257,-0.03341147,73.1471
24.782608584568965,35.06521774078783,85.492004,5184000.177669525,-0.025625072,0.01269652,73.320816
24.525362323808892,35.01449270273921,80.76379,8726399.99742508,-0.0040488504,0.0059429146,72.77998
24.16304339770124,35.14130418675153,77.183464,12009600.164794922,0.037051726,-0.018689167,72.57692
24.47463793572534,35.15579704180788,74.131996,13737599.675559998,0.025557388,-0.022107579,73.51268
24.655797039477626,35.09782643790763,82.953125,2851200.015449524,-0.02016722,0.0034579858,72.7624
24.271739312019278,35.0833337340226,74.97577,7171199.889278412,-0.01700671,-0.011295743,73.043015
24.626811465810288,35.05797113185407,83.9315,8726399.99742508,0.0019869246,0.0045536775,72.52259
24.60144921950647,34.9456523441682,85.40489,1468799.9954938889,0.010803279,0.0067274384,72.541664
24.3913043591697,35.05434799367564,86.750465,14860800.180244446,0.010170547,-0.014203727,71.95257
24.62318819070881,35.09782625650204,81.14894,17020800.39138794,0.008429822,-0.02786779,72.403946
24.62318819070881,35.09782625650204,81.14894,4406400.123596191,-0.026703902,0.009071601,72.5896
24.268116089179838,35.07971042955572,81.07262,17712000.19569397,0.0053241067,-0.039676685,71.5962
24.55072462237475,35.07608730649443,88.70044,2159999.936914444,-0.013387058,-0.007251177,72.284325
24.003623304347823,35.192029209683014,80.788605,16761600.190544128,0.016946783,-0.038278703,72.87103
24.822463669968496,35.11956556932083,79.471794,14860800.180244446,0.022544293,-0.0125780925,73.53644
24.409420264318722,35.097825908808005,75.01247,11750399.96395111,0.025108762,-0.021667697,73.454506
24.5036234048686,34.94565269942081,84.86278,1987199.9858379364,0.0024452098,-0.0033427365,72.34851
24.340579735906957,35.22101461745307,78.71513,10627199.459266663,0.029903963,-0.018874232,72.91755
24.579710091518006,35.06884069756067,84.24473,3542400.093984604,-0.031089902,0.011092023,72.70963
24.3913043591697,35.05434799367564,86.750465,15724800.484085083,0.0044149645,-0.017378286,71.947266
24.171296292717127,35.10648163098043,78.049835,17366400.293540955,0.007608734,-0.025401007,72.83799
24.068840433535758,35.17753635462667,82.62194,11491199.7631073,0.03747517,-0.042169936,71.10334
24.62318819070881,35.09782625650204,81.14894,15033599.582862854,0.018976325,-0.019476201,72.67031
24.514492864338745,35.152173737341,77.98083,17798399.897003174,0.007123105,-0.024867121,72.67196
24.340579657513896,35.072464168316,77.031204,17020800.39138794,0.007436916,-0.023385279,72.51823
24.15217408195171,35.09782609021359,90.079155,17798399.897003174,0.013760416,-0.04138881,70.87226
24.202898613755877,35.17753635462667,82.22561,10454400.056648254,0.027691066,-0.02338795,71.33057
24.572463802625258,35.028985391507106,77.31845,5184000.177669525,-0.02912753,-0.008625796,73.4006
24.40579730278949,34.98550712868071,82.545616,6480000.084972382,-0.032863706,-0.0013023298,72.24937
24.373188532413735,34.85507217391305,83.68782,3369599.8686790466,-0.024095394,0.0035336483,72.473236
24.52536253285706,35.05797113185407,79.99595,5615999.781131744,-0.018896524,-0.01166426,72.62604
24.514492864338745,35.152173737341,77.98083,13910400.175094604,0.02393131,-0.009889789,73.1776
24.55072462237475,35.07608730649443,88.70044,4406400.123596191,-0.023454428,-0.015012592,72.84904
24.85869584610084,35.31159408476158,76.05999,1382400.019955635,0.005244896,0.0303472,72.0144
24.171296292717127,35.10648163098043,78.049835,11664000.262641907,0.019896537,-0.022244908,72.49828
24.47463793572534,35.15579704180788,74.131996,3887999.996137619,-0.020967659,-0.016518518,73.15331
24.471014503837736,35.137681214861566,84.09494,5529600.07982254,-0.028638609,-0.008107182,72.362335
24.134057993885538,35.130434787333385,80.741425,86400.00124722719,-0.07875719,-0.09187217,71.129944
24.471014503837736,35.137681214861566,84.09494,14342399.778556824,0.021550236,-0.017848078,71.62145
24.282608510179216,35.10869565592019,73.044136,12700799.969100952,0.030340955,-0.015199497,72.88548
24.15942034471344,35.02536261613985,84.04098,3456000.11844635,-0.031948887,-0.012768332,71.96919
24.503623143558386,34.916666955294566,80.479385,7084800.187969208,-0.031310283,0.0037536174,72.90165
24.822463669968496,35.11956556932083,79.471794,8121599.894428253,0.0038117915,0.014015596,73.83597
24.53985505838052,35.14492730981283,78.72631,13046399.871253967,0.025243517,-0.007994479,73.17224
24.40579722439643,35.07608730649443,81.130585,15551999.984550476,0.014711464,-0.029967211,72.14284
24.782608845879178,35.07246365433351,80.82854,4665599.775981903,-0.025169827,-0.0004578866,73.19427
24.275362351941567,35.02173896397893,79.32639,14601599.979400635,0.021588158,-0.032533687,72.314384
24.60144921950647,34.9456523441682,85.40489,16934399.593162537,0.007722415,-0.015796192,72.62335
24.202898613755877,35.17753635462667,82.22561,14428799.479866028,0.019032404,-0.016367454,71.73487
24.141304256647267,35.05072417522627,80.839714,11059200.15964508,0.019870345,-0.024826355,71.754654
24.15217408195171,35.09782609021359,90.079155,9071999.899578094,0.027624536,0.009763442,72.78442
24.72463775080654,35.097825908808005,83.506035,5011200.226593018,-0.015385609,0.009388598,72.906944
24.782608845879178,35.07246365433351,80.82854,11145599.860954285,0.021428399,-0.008980855,73.613625
24.141304256647267,35.05072417522627,80.839714,16156800.087547302,0.0073057488,-0.035542786,71.765686
24.518115930392057,35.170290078269815,76.7112,18057600.097846985,0.011372892,-0.025895048,72.90082
24.728260869121893,35.15579704180788,79.23173,11231999.562263489,0.023556154,-0.0077296514,73.59016
24.62318819070881,35.09782625650204,81.14894,5097599.927902222,-0.028337501,0.008839505,72.63853
24.47463793572534,35.15579704180788,74.131996,9244799.850654602,0.015121328,-0.019589152,73.5064
24.731883987437246,34.999999998854186,80.17734,15638399.68585968,0.0039355904,-0.017450873,73.39105
24.782608845879178,35.07246365433351,80.82854,17366400.293540955,-0.004535917,0.00888652,72.68464
24.275362351941567,35.02173896397893,79.32639,13478399.474716187,0.027147654,-0.026590455,72.41351
24.423912946628306,35.13405791039468,84.735344,4060799.9472141266,-0.03076347,-0.003283739,72.24307
24.619565229179578,35.18478278215484,82.255135,4233599.898290634,-0.025747135,-0.01157704,72.5141
24.51086948471318,35.141304337922854,75.965324,17366400.293540955,0.012434918,-0.026410606,73.01417
24.06159400092239,35.235507653915,77.223785,10108800.15449524,0.032744814,-0.029135242,71.93501
24.731883987437246,34.999999998854186,80.17734,13737599.675559998,0.016923996,-0.015780237,73.52361
24.623188347494935,34.98550731008629,86.27349,8121599.894428253,-4.6126544e-05,0.0019873958,72.8224
24.40579722439643,35.07608730649443,81.130585,0.0,-0.0033885352,-0.004843978,72.271034
24.3913043591697,35.05434799367564,86.750465,12268800.365638733,0.025457295,-0.014071293,71.95132
24.626811465810288,35.05797113185407,83.9315,14515200.27809143,0.02675104,-0.017037604,72.22441
24.655797039477626,35.09782643790763,82.953125,13564800.27294159,0.024415284,-0.025263835,72.445694
24.623188347494935,34.98550731008629,86.27349,2592000.0888347626,-0.011994436,0.002629701,72.87698
24.57246390714934,35.13405809180027,82.83649,3542400.093984604,-0.0230368,-0.008416323,72.520515
24.336956356281394,35.12681217825459,78.56935,9676799.454116821,0.022122804,-0.0068339966,72.805435
24.782608584568965,35.06521774078783,85.492004,11404800.061798096,0.016795855,-0.023442078,72.943695
24.40579730278949,34.98550712868071,82.545616,13046399.871253967,0.01904883,-0.045153104,72.14056
24.52536253285706,35.05797113185407,79.99595,10454400.056648254,0.018724302,-0.02451184,73.00601
24.572463802625258,35.028985391507106,77.31845,2332799.8879909515,-0.02146633,-0.006502593,73.27756
24.608695560661264,35.210145036629335,80.071884,13478399.474716187,0.030014548,0.002658289,72.72497
24.481884276880134,35.21376834109622,79.042,15897599.886703491,0.009503484,-0.014591575,72.405136
24.242753659958876,34.931159481553294,83.59315,14515200.27809143,0.016864035,-0.01605063,71.709915
24.5036234048686,34.94565269942081,84.86278,2332799.8879909515,-0.00038191304,-0.0070799887,72.40053
24.608695560661264,35.210145036629335,80.071884,1987199.9858379364,-0.024186015,-0.0074358135,72.32632
24.880434869565217,35.11594208344836,73.60822,11750399.96395111,0.024632096,-0.022073962,73.57812
24.2137679164399,35.101449394680465,78.1842,16588799.691009521,0.016236052,-0.038998228,72.81412
24.507246418659868,35.018115659512056,74.98295,4319999.873828888,-0.023688242,-0.0009499993,73.55398
24.340579657513896,35.072464168316,77.031204,11836799.665260315,0.020268159,-0.009931341,73.21169
24.55434784521419,35.039855304907746,78.730316,259199.99517202377,-0.0069165304,0.016229302,73.13646
24.152173912100075,34.942029039701325,85.189964,14428799.479866028,0.020272693,-0.012536626,71.24013
24.06159400092239,35.235507653915,77.223785,10368000.35533905,0.03361959,-0.03004324,71.92175
24.15217408195171,35.09782609021359,90.079155,5097599.927902222,-0.010787375,-0.021575809,72.676895
24.641304357168043,34.938405387540406,81.3883,9849599.953651428,0.017498808,-0.030412335,73.088524
24.24275355543479,35.275361916886446,83.709785,3715200.0450611115,-0.06425401,-0.08476015,71.92918
24.47463793572534,35.15579704180788,74.131996,9331199.551963806,0.015801806,-0.0196037,73.5039
24.373188349496587,35.09782609021359,73.044136,3801600.0205993652,-0.012258209,-0.012010619,73.242455
24.43478277193275,35.06521686399416,78.38795,5615999.781131744,-0.035507873,-0.004748499,72.64385
24.619565229179578,35.18478278215484,82.255135,2505600.113296509,-0.01643192,-0.0059390683,72.39643
24.521739153231497,35.18115965909355,80.50853,777599.9855160713,0.009067047,-0.011437248,72.20502
24.57246390714934,35.13405809180027,82.83649,17625600.494384766,-0.0010576583,-0.014786433,71.60913
24.782608584568965,35.06521774078783,85.492004,7430400.090122223,-0.020509336,-7.979944e-05,73.28307
24.340579735906957,35.22101461745307,78.71513,2851200.015449524,-0.017739043,-0.014824368,72.04731
24.75362311542571,35.148550251468535,82.31272,7171199.889278412,-0.029210292,0.021800647,73.017845
24.15217408195171,35.09782609021359,90.079155,15292799.783706665,0.03203695,-0.02781707,71.24044
24.507246627708035,35.15217355593542,72.15966,12009600.164794922,0.027201138,-0.022403006,72.90457
24.171296292717127,35.10648163098043,78.049835,259199.99517202377,-0.036195293,-0.03163883,71.3805
24.5036234048686,34.94565269942081,84.86278,16588799.691009521,0.0008749254,-0.029982265,72.482086
24.235507135886934,35.09782643790763,86.62735,17798399.897003174,-0.004074011,-0.03496794,71.41238
24.134057993885538,35.130434787333385,80.741425,2159999.936914444,-0.082646415,-0.07117821,71.29299
24.134057993885538,35.130434787333385,80.741425,14687999.680709839,0.017789677,-0.01792179,72.23762
24.177536001617764,35.01449252133363,77.3516,15551999.984550476,0.0205018,-0.03311264,72.71623
24.507246418659868,35.018115659512056,74.98295,7084800.187969208,-0.009288151,0.008141473,73.74094
24.782608584568965,35.06521774078783,85.492004,5702400.030899048,-0.02701161,0.010737197,73.30262
24.16304339770124,35.14130418675153,77.183464,5615999.781131744,-0.027615115,-0.043376327,72.51546
24.528985389862203,35.079710263267266,73.800804,17452799.99485016,0.014337942,-0.024164535,72.77022
24.46739112421217,35.10507235145331,77.031204,13478399.474716187,0.023353484,-0.010419488,73.42067
24.365941903817713,35.11594190204278,77.940506,8639999.747657776,-0.014960218,-0.0026239567,72.898926
24.286231733018653,35.16304365074164,82.86601,4579200.074672699,-0.0091217905,-0.02399395,71.63701
24.409420185925658,35.126811301460926,78.58091,18230399.500465393,0.01725301,-0.023202762,72.26201
24.15217408195171,35.09782609021359,90.079155,3887999.996137619,-0.01968522,-0.019522507,72.54016
24.579710091518006,35.06884069756067,84.24473,14083199.577713013,0.022196494,-0.020753328,72.11247
24.586956589458925,35.03623181903528,81.050644,10454400.056648254,0.01912023,-0.01956435,72.84878
24.278985574781007,35.18478260074926,85.36457,2073599.9613761902,-0.09222439,-0.025868159,72.03765
24.152173912100075,34.942029039701325,85.189964,5097599.927902222,-0.051190548,-0.021567617,71.39821
24.507246418659868,35.018115659512056,74.98295,6220799.884128571,-0.017004002,0.0036421008,73.6513
24.47463793572534,35.15579704180788,74.131996,8208000.144195557,0.00035450608,-0.020903908,73.51682
24.52536253285706,35.05797113185407,79.99595,6393599.835205078,-0.010837119,-0.01518321,72.71533
24.579710091518006,35.06884069756067,84.24473,8208000.144195557,0.0011702739,0.002586184,72.45829
24.521739153231497,35.18115965909355,80.50853,8726399.99742508,0.0016329326,0.006111528,72.56617
24.579710091518006,35.06884069756067,84.24473,8985600.19826889,0.01781098,-0.010365367,72.40496
24.655797039477626,35.09782643790763,82.953125,13478399.474716187,0.024613425,-0.025379736,72.45594
24.373188532413735,34.85507217391305,83.68782,7171199.889278412,-0.02084675,-0.015481409,72.05378
24.641304357168043,34.938405387540406,81.3883,2246400.0495672226,-0.0014501438,-0.016062446,72.78584
24.442029139218562,35.043478080275,76.86345,345600.00498890877,-0.0075543374,0.017600928,73.04023
24.782608584568965,35.06521774078783,85.492004,18143999.79915619,0.0013892874,-0.020854488,72.167336
24.15942034471344,35.02536261613985,84.04098,3196799.917602539,-0.031518504,-0.011821777,71.991844
24.35507260113369,35.04710138474188,76.478294,8380800.095272064,0.0008418858,-0.0070739277,73.09317
24.358695745580064,35.14492749121842,79.46463,16416000.288391113,0.003315851,-0.012459762,72.33481
24.800724541980035,35.0326085145684,80.91604,15551999.984550476,0.01929456,-0.0011238866,73.27185
24.503623143558386,34.916666955294566,80.479385,8899199.948501587,-0.01770848,0.01224945,72.82439
24.409420342711783,35.02898555779556,73.23672,10627199.459266663,0.020423248,-0.014298003,73.3578
24.5036234048686,34.94565269942081,84.86278,16243199.788856506,0.0033131242,-0.031768978,72.436485
24.572463802625258,35.028985391507106,77.31845,5529600.07982254,-0.027600773,-0.008187074,73.44516
24.481884276880134,35.21376834109622,79.042,2419199.8635292053,-0.016965032,-0.015020829,72.15047
24.365941903817713,35.11594190204278,77.940506,17798399.897003174,0.0034307428,-0.00678182,72.36045
24.423912946628306,35.16304383214723,83.815254,5097599.927902222,-0.014977999,-0.009495804,72.224144
24.202898613755877,35.17753635462667,82.22561,7862400.2420425415,0.002844777,-0.0011195354,71.33326
24.268116089179838,35.07971042955572,81.07262,7084800.187969208,-0.02166897,-0.023131922,71.78387
24.521739153231497,35.18115965909355,80.50853,11923200.463485718,0.021656146,-0.011906873,72.5837
24.782608584568965,35.06521774078783,85.492004,10713600.257492065,0.014950164,-0.020654235,72.983086
24.46739112421217,35.10507235145331,77.031204,6825599.987125397,-0.013243999,-0.010883644,73.21257
24.286231733018653,35.16304365074164,82.86601,2505600.113296509,0.0018317141,-0.022100344,71.54546
24.507246627708035,35.15217355593542,72.15966,8294399.845504761,0.0101127755,0.0028278325,73.20273
24.52536253285706,35.05797113185407,79.99595,2764800.03991127,-0.018997539,-0.008716414,72.595184
24.677536062942007,35.07971042955572,84.775665,18143999.79915619,-0.009318721,-0.009176094,71.8271
24.57246390714934,35.13405809180027,82.83649,5529600.07982254,-0.024599649,-0.008515114,72.46279
24.351449221508126,35.36231895652174,77.53338,7948799.943351746,0.04465346,-0.0058305617,72.79443
24.576087129988778,34.96376817111452,80.53768,8899199.948501587,0.0101355575,-0.018492822,73.042534
24.268116089179838,35.07971042955572,81.07262,6393599.835205078,-0.026941508,-0.026249677,71.75431
24.2137679164399,35.101449394680465,78.1842,2678400.0643730164,-0.012594137,-0.034407735,72.016106
24.373188532413735,34.85507217391305,83.68782,10281599.557113647,-0.0093452595,-0.023423158,72.30528
24.521739153231497,35.18115965909355,80.50853,9244799.850654602,0.0035189167,0.009476799,72.51896
24.3985509616347,35.079710263267266,82.39983,5961600.231742859,-0.010225739,-0.0036692135,72.097946
24.134057993885538,35.130434787333385,80.741425,0.0,-0.07893946,-0.092169374,71.12878
24.177536001617764,35.01449252133363,77.3516,14342399.778556824,0.028601464,-0.031619746,72.76884
24.242753659958876,34.931159481553294,83.59315,1728000.059223175,-0.024413928,0.0035792775,71.867455
24.235507135886934,35.09782643790763,86.62735,15724800.484085083,0.015225334,-0.035213955,71.239075
24.677536062942007,35.07971042955572,84.775665,14342399.778556824,0.024441633,-0.019902028,72.26989
24.235507135886934,35.09782643790763,86.62735,15551999.984550476,0.016324835,-0.03482963,71.22696
24.579710091518006,35.06884069756067,84.24473,13564800.27294159,0.024790145,-0.023944356,72.17332
24.40217392316393,35.07246365433351,77.73675,10022400.453186035,0.02061022,-0.012696438,73.21642
24.06159400092239,35.235507653915,77.223785,1468799.9954938889,-0.077383146,-0.07340102,72.761345
24.782608584568965,35.06521774078783,85.492004,3715200.0450611115,-0.02034745,0.013170909,73.40029
24.351449221508126,35.36231895652174,77.53338,6307200.133895874,0.0041309707,-0.018361531,72.58881
24.822463669968496,35.11956556932083,79.471794,1987199.9858379364,-0.017044071,0.016934443,73.16075
24.235507135886934,35.09782643790763,86.62735,13046399.871253967,0.019169722,-0.029906485,71.04108
24.514492864338745,35.152173737341,77.98083,2937599.9909877777,-0.023290306,-0.0029198825,72.60991
24.293478074173446,35.130434424522214,78.52256,13219200.370788574,0.024206648,-0.013876054,72.737564
24.52536253285706,35.05797113185407,79.99595,7257600.139045715,-0.0022049285,-0.0138805285,72.80631
24.15942034471344,35.02536261613985,84.04098,15638399.68585968,0.009439355,-0.0432339,71.00023
24.373188349496587,35.09782609021359,73.044136,17366400.293540955,0.012549784,-0.031579223,72.86955
24.43478277193275,35.06521686399416,78.38795,6134400.182819366,-0.03449975,-0.001884941,72.67251
24.16304339770124,35.14130418675153,77.183464,17884799.598312378,0.017777301,-0.024296764,73.16157
24.507246627708035,35.15217355593542,72.15966,9331199.551963806,0.022743918,-0.01258019,73.14153
24.55072462237475,35.07608730649443,88.70044,10108800.15449524,0.027912404,-0.021874193,72.86271
24.35507260113369,35.04710138474188,76.478294,2505600.113296509,-0.026957653,-0.007626815,72.943695
24.47463793572534,35.15579704180788,74.131996,12960000.169944763,0.022628844,-0.025384925,73.529655
24.49275373635028,34.95652190987481,78.13308,14256000.07724762,0.018396655,-0.003141256,73.248146
24.282608510179216,35.10869565592019,73.044136,9763200.252342224,-0.0037592016,-0.010595877,72.85024
24.800724541980035,35.0326085145684,80.91604,0.0,-0.005101938,0.007659113,73.61138
24.442029139218562,35.043478080275,76.86345,10886399.660110474,0.008427028,-0.029384665,73.62615
24.503623143558386,34.916666955294566,80.479385,8208000.144195557,-0.026964977,0.011961317,72.818436
24.286231733018653,35.16304365074164,82.86601,17279999.49531555,0.009610271,-0.026823997,71.37515
24.619565229179578,35.18478278215484,82.255135,3196799.917602539,-0.022393495,-0.009200336,72.443115
24.57608686867857,35.22463755910878,78.28966,604799.9658823013,-0.013869889,0.016712064,72.368454
24.278985574781007,35.18478260074926,85.36457,12960000.169944763,0.032411113,-0.016442291,71.01202
24.282608510179216,35.10869565592019,73.044136,259199.99517202377,-0.061331235,0.0017157085,72.404655
24.521739153231497,35.18115965909355,80.50853,6739199.737358093,-0.002122905,-0.014431566,72.62058
24.608695560661264,35.210145036629335,80.071884,4924799.976825714,-0.036018096,0.003280742,72.64387
24.576087129988778,34.96376817111452,80.53768,8639999.747657776,0.005964786,-0.015910663,73.03158
24.514492864338745,35.152173737341,77.98083,13564800.27294159,0.024102733,-0.009527989,73.2365
24.731883987437246,34.999999998854186,80.17734,14256000.07724762,0.016146503,-0.013770442,73.493675
24.525362323808892,35.01449270273921,80.76379,6652800.036048889,-0.023928799,0.009093447,72.63786
24.481884276880134,35.21376834109622,79.042,2505600.113296509,-0.017536685,-0.014881931,72.16246
24.2137679164399,35.101449394680465,78.1842,11491199.7631073,0.020885676,-0.022617675,72.53714
24.268116089179838,35.07971042955572,81.07262,4924799.976825714,-0.038919285,-0.02193088,71.66854
24.586956589458925,35.03623181903528,81.050644,2937599.9909877777,-0.002442766,-0.012728307,72.713905
24.15942034471344,35.02536261613985,84.04098,11491199.7631073,0.02283595,-0.036340192,71.320946
24.409420264318722,35.097825908808005,75.01247,7430400.090122223,-0.012482028,0.0028775688,73.260864
24.57246390714934,35.13405809180027,82.83649,17971200.39653778,-0.006903004,-0.012029003,71.56447
24.880434869565217,35.11594208344836,73.60822,2678400.0643730164,-0.024699807,0.011505803,73.68668
24.15942034471344,35.02536261613985,84.04098,345600.00498890877,-0.014838822,0.02626219,72.16119
24.3913043591697,35.05434799367564,86.750465,12787199.670410156,0.02453041,-0.0120220445,71.92824
24.409420185925658,35.126811301460926,78.58091,0.0,-0.006379191,-0.013747327,72.13926
24.40217392316393,35.07246365433351,77.73675,18316800.298690796,-0.010365322,1.0661781e-05,72.167175
24.275362351941567,35.02173896397893,79.32639,5875199.981975555,-0.028648622,-0.014240239,71.937485
24.068840433535758,35.17753635462667,82.62194,13132799.572563171,0.039013136,-0.03510723,71.476234
24.409420264318722,35.097825908808005,75.01247,13651199.974250793,0.027247414,-0.0051877834,73.42048
24.271739312019278,35.0833337340226,74.97577,11750399.96395111,0.025907425,-0.02301471,72.93394
24.177536001617764,35.01449252133363,77.3516,12268800.365638733,0.025092386,-0.030467145,72.74838
24.57608686867857,35.22463755910878,78.28966,7171199.889278412,-0.017651703,0.018514398,73.16991
24.586956589458925,35.03623181903528,81.050644,3542400.093984604,-0.0048352294,-0.011447225,72.68011
24.3985509616347,35.079710263267266,82.39983,3196799.917602539,-0.019697499,0.009488594,72.05446
24.641304357168043,34.938405387540406,81.3883,10886399.660110474,0.021094942,-0.03413374,73.09987
24.507246627708035,35.15217355593542,72.15966,11664000.262641907,0.02682938,-0.02317701,72.93222
24.278985574781007,35.18478260074926,85.36457,12441599.768257141,0.030867659,-0.015989494,71.06191
24.423912946628306,35.16304383214723,83.815254,10195199.855804443,0.03121091,-0.024760619,71.92016
24.471014503837736,35.137681214861566,84.09494,18403200.0,-0.019426525,-0.0075385775,71.34011
24.623188347494935,34.98550731008629,86.27349,11750399.96395111,0.037967343,-0.025393233,72.66286
24.286231733018653,35.16304365074164,82.86601,9504000.051498413,0.028889935,-0.01971988,71.5453
24.16304339770124,35.14130418675153,77.183464,13651199.974250793,0.039595164,-0.01570071,72.776726
24.369565205050215,35.10507235145331,81.59638,11059200.15964508,0.024611373,-0.024946477,72.086075
24.293478074173446,35.130434424522214,78.52256,11836799.665260315,0.021706851,-0.015448749,72.783165
24.278985653174068,35.159420527680346,80.15937,2937599.9909877777,-0.07528711,-0.03770686,71.594826
24.782608845879178,35.07246365433351,80.82854,2073599.9613761902,-0.011216562,-0.0016449653,73.22386
24.60144921950647,34.9456523441682,85.40489,5270399.878978729,-0.02512607,0.022520527,72.69647
24.275362351941567,35.02173896397893,79.32639,10368000.35533905,0.0249797,-0.019289833,72.48178
24.731883987437246,34.999999998854186,80.17734,11231999.562263489,0.010701738,-0.026902031,73.68229
24.235507135886934,35.09782643790763,86.62735,11231999.562263489,0.018387195,-0.022868045,71.281624
24.728260869121893,35.15579704180788,79.23173,13996799.876403809,0.033300176,-0.0078055784,73.37593
24.409420185925658,35.126811301460926,78.58091,10627199.459266663,0.021820936,-0.006716149,73.015564
24.55072462237475,35.07608730649443,88.70044,2073599.9613761902,-0.01228407,-0.0066373497,72.25772
24.278985574781007,35.18478260074926,85.36457,8467199.796581268,0.00016741082,-0.005252771,71.49581
24.626811465810288,35.05797113185407,83.9315,5184000.177669525,-0.029229984,0.010217294,72.73355
24.275362351941567,35.02173896397893,79.32639,6912000.2368927,-0.02720087,-0.009627253,72.101204
24.152173912100075,34.942029039701325,85.189964,18403200.0,-0.007685829,-0.024324056,71.11418
24.340579657513896,35.072464168316,77.031204,8553600.046348572,-0.008140244,0.015205182,72.9165
24.134057993885538,35.130434787333385,80.741425,3196799.917602539,-0.09038505,-0.05390799,71.32997
24.177536001617764,35.01449252133363,77.3516,8467199.796581268,0.002311591,-0.025360793,72.482765
24.518115930392057,35.170290078269815,76.7112,8467199.796581268,0.0053378493,-0.009431917,73.54615
24.351449221508126,35.36231895652174,77.53338,12527999.469566345,0.055917032,-0.017187323,73.241776
24.659420157792983,35.13768139626715,82.9603,1987199.9858379364,-0.019501157,0.005940322,72.67252
24.52536253285706,35.05797113185407,79.99595,14256000.07724762,0.020252002,-0.028709386,72.86569
24.619565229179578,35.18478278215484,82.255135,15465600.283241272,0.02366462,-0.026664391,71.95659
24.43478251062254,35.050724689208764,81.254395,7516799.791431427,-0.013268791,-0.002626447,72.343445
24.33695651306752,35.26449269887389,75.24537,432000.01480579376,-0.08797796,-0.020340927,71.78092
24.242753659958876,34.931159481553294,83.59315,9676799.454116821,0.009459449,0.0007784683,71.74489
24.608695560661264,35.210145036629335,80.071884,10281599.557113647,0.012978332,0.008477146,72.89646
24.358695745580064,35.14492749121842,79.46463,2246400.0495672226,-0.031371534,-0.007019166,71.89346
24.608695560661264,35.210145036629335,80.071884,10454400.056648254,0.013757663,0.006887717,72.89507
24.06159400092239,35.235507653915,77.223785,5961600.231742859,-0.02878005,-0.0382946,71.67315
24.409420264318722,35.097825908808005,75.01247,2246400.0495672226,-0.02819477,-0.011308398,73.14298
24.659420157792983,35.13768139626715,82.9603,14601599.979400635,0.029234555,-0.017572757,72.2128
24.16304339770124,35.14130418675153,77.183464,11577599.464416504,0.03484951,-0.020178758,72.52955
24.49275373635028,35.04710138474188,79.64641,604799.9658823013,0.0016045012,0.01307294,72.75003
24.659420157792983,35.13768139626715,82.9603,691200.0099778175,-0.009054959,0.011308523,72.73244
24.409420264318722,35.097825908808005,75.01247,2332799.8879909515,-0.028261513,-0.011066247,73.1502
24.358695745580064,35.14492749121842,79.46463,11491199.7631073,0.025569111,-0.01499043,72.67153
24.340579735906957,35.22101461745307,78.71513,10972800.458335876,0.031309903,-0.018910285,72.94884
24.358695745580064,35.14492749121842,79.46463,1555199.9710321426,-0.028209716,-0.0044070203,71.79094
24.5036234048686,34.94565269942081,84.86278,12787199.670410156,0.022826629,-0.03467102,72.2087
24.423912946628306,35.16304383214723,83.815254,3456000.11844635,-0.023906842,-0.0070342775,72.21664
24.242753659958876,34.931159481553294,83.59315,6912000.2368927,-0.0009887256,0.01244762,71.67648
24.521739153231497,35.18115965909355,80.50853,17798399.897003174,0.010306429,-0.014037326,71.750595
24.481884276880134,35.21376834109622,79.042,4406400.123596191,-0.024521336,-0.008220863,72.48525
24.358695745580064,35.14492749121842,79.46463,1468799.9954938889,-0.02795636,-0.003823856,71.77828
24.518115930392057,35.170290078269815,76.7112,4579200.074672699,-0.02825784,0.008226592,72.892746
24.579710091518006,35.06884069756067,84.24473,6566399.786281586,-0.01977349,0.009260688,72.60813
24.731884091961334,34.88405773852335,82.62194,12787199.670410156,0.020592814,-0.010181159,72.84375
24.514492864338745,35.152173737341,77.98083,9417600.350189209,0.016695114,-0.0056113414,73.415245
24.880434869565217,35.11594208344836,73.60822,13391999.773406982,0.02769621,-0.008524947,73.560295
24.626811465810288,35.05797113185407,83.9315,9331199.551963806,0.01556951,-0.007565638,72.504105
24.242753659958876,34.931159481553294,83.59315,4147199.9227523804,-0.026397645,-0.010000385,71.674576
24.3985509616347,35.079710263267266,82.39983,17971200.39653778,0.0142090265,-0.02720435,71.6951
24.75362311542571,35.148550251468535,82.31272,15724800.484085083,0.0088582225,-0.011372004,72.2675
24.278985653174068,35.159420527680346,80.15937,3283199.893140793,-0.07507808,-0.034609057,71.62598
24.340579657513896,35.072464168316,77.031204,13305600.072097778,0.024190394,-0.0036254302,73.18726
24.40217392316393,35.07246365433351,77.73675,7603200.0411987305,-0.018062465,0.0116816545,72.89655
24.16304339770124,35.14130418675153,77.183464,10454400.056648254,0.032156855,-0.01781109,72.408806
24.85869584610084,35.31159408476158,76.05999,518399.99034404755,0.0064639375,0.030457808,71.80815
24.264492787947336,35.06521739309379,75.914215,15379199.48501587,0.011556687,-0.014179751,73.059814
24.53985505838052,35.14492730981283,78.72631,10540799.757957458,0.018136438,-0.009157883,73.30939
24.880434869565217,35.11594208344836,73.60822,18230399.500465393,-0.0123103745,0.012176396,73.59391
24.731884091961334,34.88405773852335,82.62194,10368000.35533905,0.016392458,-0.009927675,73.169304
24.782608845879178,35.07246365433351,80.82854,2419199.8635292053,-0.015577391,-0.0026145,73.180824
24.235507135886934,35.09782643790763,86.62735,5961600.231742859,-0.025905222,-0.0050943512,72.19603
24.409420342711783,35.02898555779556,73.23672,5961600.231742859,-0.018884778,-0.0018020049,73.28384
24.46739112421217,35.10507235145331,77.031204,2937599.9909877777,-0.016846757,-0.01171026,72.85558
24.068840433535758,35.050724689208764,75.1399,12527999.469566345,0.026504535,-0.030001417,73.13983
24.369565205050215,35.10507235145331,81.59638,7948799.943351746,0.0018117838,-0.017230775,72.11224
24.57246390714934,35.13405809180027,82.83649,9504000.051498413,0.02546465,-0.013388928,72.30345
24.171296292717127,35.10648163098043,78.049835,14687999.680709839,0.022834532,-0.021898232,72.83829
24.365941903817713,35.11594190204278,77.940506,7603200.0411987305,-0.03192611,-0.0018801726,72.75832
24.528985389862203,35.079710263267266,73.800804,2246400.0495672226,-0.01760336,-0.014624488,73.49253
24.32608705359737,35.05434782738719,80.59564,1814400.0347614288,-0.023454078,-0.024297673,72.11763
24.373188532413735,34.85507217391305,83.68782,7689599.742507935,-0.02459883,-0.010674626,72.055504
24.242753659958876,34.931159481553294,83.59315,3456000.11844635,-0.025139846,-0.010829259,71.707664
24.423912946628306,35.16304383214723,83.815254,3369599.8686790466,-0.023906976,-0.007333711,72.219055
24.409420264318722,35.097825908808005,75.01247,5702400.030899048,-0.021720465,-0.0051038265,73.2166
24.177536001617764,35.01449252133363,77.3516,17193599.794006348,0.0022959597,-0.03382653,72.51371
24.579710091518006,35.06884069756067,84.24473,9244799.850654602,0.021217076,-0.015200429,72.393425
24.271739312019278,35.0833337340226,74.97577,12614400.267791748,0.03011357,-0.014362603,73.00156
24.43478251062254,35.050724689208764,81.254395,9763200.252342224,0.018853718,-0.017167408,72.41958
24.152173912100075,34.942029039701325,85.189964,12614400.267791748,0.0258574,-0.00896767,71.27682
24.514492864338745,35.152173737341,77.98083,9244799.850654602,0.01565337,-0.0038123094,73.40367
24.340579735906957,35.22101461745307,78.71513,3542400.093984604,-0.025422484,-0.008842099,72.086464
24.336956356281394,35.12681217825459,78.56935,1209599.9317646027,-0.023870796,-0.016326364,71.9451
24.293478074173446,35.130434424522214,78.52256,2937599.9909877777,-0.041575544,-0.036490742,71.99953
24.423912946628306,35.16304383214723,83.815254,9071999.899578094,0.027187802,-0.02016266,72.00374
24.286231733018653,35.16304365074164,82.86601,17452799.99485016,0.009087952,-0.02665082,71.36591
24.528985389862203,35.079710263267266,73.800804,2159999.936914444,-0.017328613,-0.014862236,73.49223
24.659420157792983,35.13768139626715,82.9603,17884799.598312378,0.0023392886,-0.017649211,71.68669
24.003623304347823,35.192029209683014,80.788605,16934399.593162537,0.01596293,-0.0384694,72.91602
24.282608510179216,35.10869565592019,73.044136,2592000.0888347626,-0.049421474,-0.023661375,72.965385
24.60144921950647,34.9456523441682,85.40489,10108800.15449524,0.026742976,-0.01626582,72.654495
24.507246418659868,35.018115659512056,74.98295,13564800.27294159,0.02685048,-0.009120043,73.77617
24.264492787947336,35.06521739309379,75.914215,18057600.097846985,0.004773937,-0.021941736,72.63279
24.340579657513896,35.072464168316,77.031204,7603200.0411987305,-0.02253544,0.006723319,72.84374
24.17028990870767,35.119565206509655,75.23819,7430400.090122223,-0.01575331,0.004464995,72.84767
24.365941903817713,35.11594190204278,77.940506,4406400.123596191,-0.037681572,-0.009139674,72.54046
24.340579657513896,35.072464168316,77.031204,1987199.9858379364,-0.023401208,-0.01512773,72.70543
24.728260869121893,35.15579704180788,79.23173,13219200.370788574,0.032796707,-0.005647246,73.44707
24.409420264318722,35.097825908808005,75.01247,13219200.370788574,0.027443808,-0.0077832732,73.43909
24.068840433535758,35.17753635462667,82.62194,13478399.474716187,0.039177943,-0.033532944,71.56348
24.49275373635028,34.95652190987481,78.13308,17452799.99485016,-0.0009135492,-0.025082596,72.76825
24.471014503837736,35.137681214861566,84.09494,5097599.927902222,-0.029113583,-0.008557262,72.35351
24.141304256647267,35.05072417522627,80.839714,12700799.969100952,0.026513692,-0.026068501,71.82523
24.43478251062254,35.050724689208764,81.254395,3887999.996137619,-0.01702704,-0.010213584,72.27234
24.423912946628306,35.13405791039468,84.735344,3283199.893140793,-0.027651891,-0.00034683384,72.24803
24.409420342711783,35.02898555779556,73.23672,10368000.35533905,0.020578079,-0.012613587,73.34306
24.40579722439643,35.07608730649443,81.130585,345600.00498890877,0.00058580935,-0.0073449053,72.234795
24.3913043591697,35.05434799367564,86.750465,14601599.979400635,0.012519684,-0.012916561,71.94791
24.24275355543479,35.275361916886446,83.709785,6825599.987125397,-0.016648795,-0.026336912,71.56793
24.518115930392057,35.170290078269815,76.7112,2678400.0643730164,-0.03333631,0.0022444855,72.75763
24.278985574781007,35.18478260074926,85.36457,13478399.474716187,0.033237,-0.016342971,70.975464
24.503623143558386,34.916666955294566,80.479385,7689599.742507935,-0.030462809,0.008767895,72.84682
24.85869584610084,35.31159408476158,76.05999,12960000.169944763,0.039543442,-0.029813848,72.64337
24.134057993885538,35.130434787333385,80.741425,10281599.557113647,0.026611533,-0.014930494,71.66707
24.2137679164399,35.101449394680465,78.1842,4147199.9227523804,-0.023826562,-0.03231887,72.054924
24.586956589458925,35.03623181903528,81.050644,16761600.190544128,0.004365273,-0.03615365,72.63298
24.880434869565217,35.11594208344836,73.60822,10713600.257492065,0.026804714,-0.019341964,73.62189
24.003623304347823,35.192029209683014,80.788605,17798399.897003174,0.009436648,-0.038686465,73.129814
24.641304357168043,34.938405387540406,81.3883,3110399.9420642853,-0.010948896,-0.0084235165,72.811485
24.282608510179216,35.10869565592019,73.044136,11750399.96395111,0.027130863,-0.020884417,72.873795
24.528985389862203,35.079710263267266,73.800804,14947199.88155365,0.025361745,-0.020876747,73.406044
24.409420264318722,35.137681214861566,85.684586,1814400.0347614288,-0.034872755,-0.009535117,72.41792
24.242753659958876,34.931159481553294,83.59315,17712000.19569397,0.0029423386,-0.026565276,71.63739
24.503623143558386,34.916666955294566,80.479385,518399.99034404755,0.014718043,-0.005241081,73.06343
24.72463775080654,35.097825908808005,83.506035,950400.0051498413,0.010150701,0.005305562,73.12329
24.358695745580064,35.14492749121842,79.46463,7343999.840354919,-0.011722479,0.004825661,72.31177
24.442029139218562,35.043478080275,76.86345,13478399.474716187,0.018446939,-0.017007262,73.47737
24.242753659958876,34.931159481553294,83.59315,10713600.257492065,0.013599543,-0.01447086,71.76832
24.481884276880134,35.21376834109622,79.042,13651199.974250793,0.024686933,-0.000364976,72.79409
24.525362323808892,35.01449270273921,80.76379,12873600.46863556,0.027132498,-0.02800477,72.821236
24.659420157792983,35.13768139626715,82.9603,1036799.9806880951,-0.011775114,0.008866581,72.71512
24.507246418659868,35.018115659512056,74.98295,345600.00498890877,0.011669941,0.011058106,73.731544
24.55072462237475,35.07608730649443,88.70044,4838399.727058411,-0.020657435,-0.01569993,72.91566
24.177536001617764,35.01449252133363,77.3516,10886399.660110474,0.02272971,-0.025152653,72.69159
24.409420185925658,35.126811301460926,78.58091,4924799.976825714,-0.027433433,-0.007141765,72.44428
24.202898613755877,35.17753635462667,82.22561,4319999.873828888,-0.04460679,-0.029136058,71.47156
24.782608845879178,35.07246365433351,80.82854,6480000.084972382,-0.021990888,0.01752498,73.416954
24.514492864338745,35.152173737341,77.98083,4579200.074672699,-0.023499131,0.0016547032,72.77216
24.518115930392057,35.170290078269815,76.7112,14256000.07724762,0.026319597,-0.011219326,73.36056
24.202898613755877,35.17753635462667,82.22561,11145599.860954285,0.025573505,-0.023699217,71.34054
24.373188349496587,35.09782609021359,73.044136,5011200.226593018,-0.007434413,-0.022169635,73.263275
24.3913043591697,35.05434799367564,86.750465,2851200.015449524,-0.02553954,-0.0129563585,72.152504
24.525362323808892,35.01449270273921,80.76379,13132799.572563171,0.0263778,-0.028309673,72.8141
24.33695651306752,35.26449269887389,75.24537,3456000.11844635,-0.08534683,-0.0443322,72.27764
24.278985653174068,35.159420527680346,80.15937,2246400.0495672226,-0.07475918,-0.044146314,71.5388
24.15217408195171,35.09782609021359,90.079155,12182399.56741333,0.030741483,-0.014190733,72.46812
24.528985389862203,35.079710263267266,73.800804,10454400.056648254,0.017797166,-0.021991264,73.71983
24.235507135886934,35.09782643790763,86.62735,11059200.15964508,0.01780717,-0.022305243,71.31818
24.242753659958876,34.931159481553294,83.59315,4406400.123596191,-0.026574768,-0.008811535,71.662865
24.358695745580064,35.14492749121842,79.46463,2764800.03991127,-0.03449499,-0.007720828,71.96072
24.40579722439643,35.07608730649443,81.130585,16588799.691009521,0.008982722,-0.033640806,72.01997
24.62318819070881,35.09782625650204,81.14894,7343999.840354919,-0.021980632,0.013575196,72.81064
24.3985509616347,35.079710263267266,82.39983,9071999.899578094,0.019056408,-0.013803404,72.05156
24.822463669968496,35.11956556932083,79.471794,8380800.095272064,0.00546816,0.010116966,73.812454
24.40217392316393,35.07246365433351,77.73675,259199.99517202377,0.0038794093,0.0018828325,72.67027
24.235507135886934,35.09782643790763,86.62735,3196799.917602539,-0.011877667,0.026394181,72.31281
24.731884091961334,34.88405773852335,82.62194,15724800.484085083,0.0066245124,-0.005662348,72.55307
24.282608510179216,35.10869565592019,73.044136,3887999.996137619,-0.047264583,-0.029821765,73.098595
24.336956356281394,35.12681217825459,78.56935,16329599.49016571,-0.0051206723,-0.00037862174,72.57637
24.659420157792983,35.13768139626715,82.9603,1209599.9317646027,-0.013432715,0.007862569,72.70694
24.521739153231497,35.18115965909355,80.50853,17107200.092697144,0.013561938,-0.014855865,71.85506
24.677536062942007,35.07971042955572,84.775665,16243199.788856506,0.010594873,-0.019812219,71.94597
24.282608510179216,35.10869565592019,73.044136,13305600.072097778,0.031207498,-0.011866234,72.89632
24.271739312019278,35.0833337340226,74.97577,17193599.794006348,0.014338536,-0.025980625,73.022934
24.003623304347823,35.192029209683014,80.788605,2937599.9909877777,-0.08414981,-0.12542798,71.75616
24.525362323808892,35.01449270273921,80.76379,16761600.190544128,0.0035635084,-0.04018273,72.69054
24.782608584568965,35.06521774078783,85.492004,11750399.96395111,0.016960075,-0.024530329,72.90957
24.55434784521419,35.039855304907746,78.730316,15033599.582862854,0.016754625,-0.024888195,73.168106
24.365941903817713,35.11594190204278,77.940506,16243199.788856506,0.0064078197,-0.009755157,72.63169
24.351449221508126,35.36231895652174,77.53338,8899199.948501587,0.051401474,-0.0076031517,73.022125
24.677536062942007,35.07971042955572,84.775665,11577599.464416504,0.021166949,-0.03266306,72.59034
24.293478074173446,35.130434424522214,78.52256,6912000.2368927,-0.031873666,-0.015101239,72.299095
24.52536253285706,35.05797113185407,79.99595,172800.00249445438,-0.0035671853,0.005734168,72.78476
24.626811465810288,35.05797113185407,83.9315,14428799.479866028,0.027063489,-0.017432917,72.23435
24.278985574781007,35.18478260074926,85.36457,4752000.025749207,-0.086401075,-0.027934745,72.070564
24.242753659958876,34.931159481553294,83.59315,3887999.996137619,-0.025988296,-0.010709383,71.686646
24.409420264318722,35.097825908808005,75.01247,3023999.9665260315,-0.029341958,-0.008672135,73.18856
24.369565205050215,35.10507235145331,81.59638,6480000.084972382,-0.02109326,-0.018706687,72.054115
24.268116089179838,35.07971042955572,81.07262,18143999.79915619,0.0042723566,-0.038286418,71.50682
24.340579735906957,35.22101461745307,78.71513,172800.00249445438,-0.021470629,-0.020400204,71.47254
24.481884276880134,35.21376834109622,79.042,18403200.0,-0.012217578,-0.0074197315,72.10503
24.53985505838052,35.14492730981283,78.72631,13824000.4737854,0.025410809,-0.009468637,73.06171
24.15217408195171,35.09782609021359,90.079155,5356800.128746033,-0.0074337386,-0.021463767,72.712425
24.623188347494935,34.98550731008629,86.27349,5356800.128746033,-0.026984923,0.0020596702,72.94304
24.608695560661264,35.210145036629335,80.071884,7948799.943351746,-0.0078002363,0.02057071,72.87567
24.340579657513896,35.072464168316,77.031204,14342399.778556824,0.020293163,-0.006059082,73.059715
24.442029139218562,35.043478080275,76.86345,17107200.092697144,0.011022715,-0.024853691,72.59782
24.202898613755877,35.17753635462667,82.22561,18316800.298690796,-0.0014515482,-0.017984718,71.76694
24.60144921950647,34.9456523441682,85.40489,8985600.19826889,0.008082017,-0.0023509674,72.6866
24.15942034471344,35.02536261613985,84.04098,777599.9855160713,-0.017262675,0.020507932,72.1223
24.003623304347823,35.192029209683014,80.788605,4665599.775981903,-0.10928357,-0.07818084,71.44759
24.409420264318722,35.137681214861566,85.684586,11231999.562263489,0.025942884,-0.019208893,71.78392
24.16304339770124,35.14130418675153,77.183464,3801600.0205993652,-0.05472281,-0.06986003,72.65876
24.278985574781007,35.18478260074926,85.36457,6825599.987125397,-0.048966922,-0.021268561,71.873184
24.880434869565217,35.11594208344836,73.60822,6825599.987125397,-0.021448914,0.030967029,73.54914
24.278985653174068,35.159420527680346,80.15937,1641599.9465703964,-0.07356633,-0.048415072,71.50722
24.171296292717127,35.10648163098043,78.049835,5615999.781131744,-0.03661088,-0.02423057,72.015
24.619565229179578,35.18478278215484,82.255135,1468799.9954938889,0.0016317256,-0.003646979,72.34956
24.72463775080654,35.097825908808005,83.506035,8639999.747657776,0.0036601573,-0.00053665414,72.85711
24.35507260113369,35.04710138474188,76.478294,3023999.9665260315,-0.030113362,-0.009251334,72.92278
24.068840433535758,35.050724689208764,75.1399,12009600.164794922,0.026425054,-0.028820097,73.0907
24.47463793572534,35.15579704180788,74.131996,777599.9855160713,-0.011849485,0.008266788,72.80538
24.731883987437246,34.999999998854186,80.17734,1555199.9710321426,-0.006189771,-0.0011741798,73.207146
24.49275373635028,35.04710138474188,79.64641,8380800.095272064,-0.009531695,0.00699439,72.91574
24.278985574781007,35.18478260074926,85.36457,10022400.453186035,0.025320562,-0.006089326,71.32715
24.235507135886934,35.09782643790763,86.62735,518399.99034404755,-0.0037505403,0.042992596,72.17035
24.623188347494935,34.98550731008629,86.27349,4319999.873828888,-0.028007843,0.0046287104,73.00083
24.423912946628306,35.16304383214723,83.815254,14083199.577713013,0.028796272,-0.021906767,71.4217
24.423912946628306,35.13405791039468,84.735344,11491199.7631073,0.02726626,-0.024164375,71.76371
24.782608845879178,35.07246365433351,80.82854,12182399.56741333,0.02387204,-0.009921044,73.61305
24.525362323808892,35.01449270273921,80.76379,4752000.025749207,-0.020274207,0.0032492522,72.56035
24.340579657513896,35.072464168316,77.031204,8035200.193119049,-0.017607577,0.012227165,72.87336
24.351449221508126,35.36231895652174,77.53338,950400.0051498413,-0.13496561,-0.11987764,73.23055
24.409420342711783,35.02898555779556,73.23672,4924799.976825714,-0.016557325,-0.0002614539,73.33668
24.369565205050215,35.10507235145331,81.59638,10454400.056648254,0.025225194,-0.02567197,72.06075
24.5036234048686,34.94565269942081,84.86278,17625600.494384766,-0.0063057616,-0.021767642,72.64291
24.518115930392057,35.170290078269815,76.7112,17712000.19569397,0.012956575,-0.024926323,72.92287
24.507246418659868,35.018115659512056,74.98295,11577599.464416504,0.010499047,-0.017581385,73.85262
24.134057993885538,35.130434787333385,80.741425,2332799.8879909515,-0.08390983,-0.068376005,71.303764
24.52536253285706,35.05797113185407,79.99595,432000.01480579376,-0.0015281998,0.0057543553,72.765495
24.471014503837736,35.137681214861566,84.09494,8639999.747657776,0.0046268404,-0.008032765,72.189735
24.46739112421217,35.10507235145331,77.031204,11836799.665260315,0.020941345,-0.015907742,73.587746
24.264492787947336,35.06521739309379,75.914215,9071999.899578094,0.010984926,0.01389293,72.831795
24.278985653174068,35.159420527680346,80.15937,3542400.093984604,-0.07472822,-0.032637823,71.64905
24.507246418659868,35.018115659512056,74.98295,14774400.478935242,0.025826901,-0.013884328,73.43995
24.278985574781007,35.18478260074926,85.36457,17798399.897003174,0.009546917,-0.020796645,71.18357
24.572463802625258,35.028985391507106,77.31845,5702400.030899048,-0.026654653,-0.007567575,73.465126
24.677536062942007,35.07971042955572,84.775665,11231999.562263489,0.0228992,-0.031864356,72.612335
24.623188347494935,34.98550731008629,86.27349,16588799.691009521,0.022557778,-0.020281784,72.472466
24.351449221508126,35.36231895652174,77.53338,15638399.68585968,0.03727287,-0.029904112,73.14587
24.619565229179578,35.18478278215484,82.255135,10540799.757957458,0.029032202,-0.012168966,72.43317
24.518115930392057,35.170290078269815,76.7112,11750399.96395111,0.017345266,-0.015121885,73.65794
24.202898613755877,35.17753635462667,82.22561,10540799.757957458,0.027474172,-0.023639765,71.3301
24.40217392316393,35.07246365433351,77.73675,14947199.88155365,0.014711242,-0.0062638335,72.91983
24.3985509616347,35.079710263267266,82.39983,6480000.084972382,-0.00020259619,-0.00836996,72.10282
24.3913043591697,35.05434799367564,86.750465,6393599.835205078,-0.015698243,0.014887705,72.1922
24.152173912100075,34.942029039701325,85.189964,9590399.752807617,0.015285915,-0.009586578,71.263954
24.586956589458925,35.03623181903528,81.050644,6480000.084972382,-0.014303327,0.003560122,72.711334
24.655797039477626,35.09782643790763,82.953125,691200.0099778175,0.011065982,0.0073142713,72.870834
24.822463669968496,35.11956556932083,79.471794,12960000.169944763,0.024944087,-0.0084185805,73.89481
24.47463793572534,35.15579704180788,74.131996,4233599.898290634,-0.022899218,-0.015574615,73.18774
24.365941903817713,35.11594190204278,77.940506,2505600.113296509,-0.028475195,-0.012750961,72.37708
24.572463802625258,35.028985391507106,77.31845,3456000.11844635,-0.02834776,-0.008119678,73.24271
24.242753659958876,34.931159481553294,83.59315,5097599.927902222,-0.02482529,-0.0034696627,71.63772
24.358695745580064,35.14492749121842,79.46463,12268800.365638733,0.02658448,-0.011176147,72.64217
24.579710091518006,35.06884069756067,84.24473,1123200.0247836113,-0.015590366,0.011301334,72.669334
24.373188532413735,34.85507217391305,83.68782,11318400.360488892,0.0004954003,-0.030665498,72.308
24.278985653174068,35.159420527680346,80.15937,13219200.370788574,0.02326483,-0.009804457,72.32031
24.72463775080654,35.097825908808005,83.506035,15551999.984550476,0.016682107,-0.026733343,72.19187
24.373188349496587,35.09782609021359,73.044136,10281599.557113647,0.025742378,-0.022834532,73.09024
24.782608845879178,35.07246365433351,80.82854,17712000.19569397,-0.009551868,0.008669946,72.60108
24.641304357168043,34.938405387540406,81.3883,5961600.231742859,-0.0041488335,-0.013377547,72.95066
24.369565205050215,35.10507235145331,81.59638,604799.9658823013,-0.014925845,-0.001156034,71.984764
24.572463802625258,35.028985391507106,77.31845,11836799.665260315,0.012147991,-0.019809637,73.94194
24.171296292717127,35.10648163098043,78.049835,16675200.489234924,0.010789473,-0.025896728,72.93814
24.782608584568965,35.06521774078783,85.492004,9331199.551963806,0.012672566,-0.0070880074,73.04396
24.72463775080654,35.097825908808005,83.506035,5529600.07982254,-0.011679646,0.012862303,72.91781
24.286231733018653,35.16304365074164,82.86601,345600.00498890877,0.01569554,0.0021118391,71.4492
24.655797039477626,35.09782643790763,82.953125,10799999.95880127,0.026394103,-0.02492559,72.60315
24.068840433535758,35.17753635462667,82.62194,4924799.976825714,-0.043587714,-0.043539554,71.42089
24.52536253285706,35.05797113185407,79.99595,3542400.093984604,-0.01977931,-0.0064967293,72.56293
24.177536001617764,35.01449252133363,77.3516,17366400.293540955,0.00063617155,-0.033591196,72.482506
24.518115930392057,35.170290078269815,76.7112,864000.0296115875,-0.046646655,0.016121428,72.5628
24.423912946628306,35.16304383214723,83.815254,3887999.996137619,-0.022920288,-0.006189598,72.20969
24.340579657513896,35.072464168316,77.031204,5615999.781131744,-0.027374566,-0.008017186,72.72774
24.35507260113369,35.04710138474188,76.478294,7862400.2420425415,-0.006391853,-0.010662463,73.058685
24.46739112421217,35.10507235145331,77.031204,8035200.193119049,-0.007954933,0.005568847,73.301765
24.518115930392057,35.170290078269815,76.7112,5875199.981975555,-0.023295976,-0.0010575466,73.18961
24.503623143558386,34.916666955294566,80.479385,15033599.582862854,0.0153796375,-0.011880375,72.92938
24.677536062942007,35.07971042955572,84.775665,11923200.463485718,0.019721175,-0.033202417,72.56508
24.731884091961334,34.88405773852335,82.62194,16761600.190544128,0.008584656,-0.020675499,72.69027
24.85869584610084,35.31159408476158,76.05999,950400.0051498413,0.0066577233,0.030065835,71.89581
24.586956589458925,35.03623181903528,81.050644,16675200.489234924,0.004730046,-0.036275636,72.64328
24.369565205050215,35.10507235145331,81.59638,13824000.4737854,0.022917716,-0.02039463,71.97545
24.57608686867857,35.22463755910878,78.28966,12787199.670410156,0.029003352,0.0005691722,73.37716
24.003623304347823,35.192029209683014,80.788605,1036799.9806880951,-0.08467116,-0.12998934,71.570206
24.068840433535758,35.17753635462667,82.62194,6393599.835205078,-0.017244715,-0.04389193,70.99855
24.525362323808892,35.01449270273921,80.76379,14515200.27809143,0.019216282,-0.03445598,72.772224
24.85869584610084,35.31159408476158,76.05999,8639999.747657776,0.0063450523,0.0014966857,74.09554
24.068840433535758,35.17753635462667,82.62194,13651199.974250793,0.039159976,-0.032818098,71.606514
24.16304339770124,35.14130418675153,77.183464,11404800.061798096,0.034070868,-0.020484544,72.510376
24.423912946628306,35.16304383214723,83.815254,16416000.288391113,0.010772821,-0.022620004,71.27297
24.373188349496587,35.09782609021359,73.044136,0.0,-0.022317186,-0.004133068,72.62041
24.85869584610084,35.31159408476158,76.05999,4147199.9227523804,-0.022946127,0.025329638,73.27453
24.800724541980035,35.0326085145684,80.91604,2678400.0643730164,-0.014495034,-0.003999723,73.28047
24.202898613755877,35.17753635462667,82.22561,12182399.56741333,0.024222104,-0.02034454,71.42902
24.728260869121893,35.15579704180788,79.23173,9158400.149345398,0.012665836,0.007612911,73.66495
24.177536001617764,35.01449252133363,77.3516,10195199.855804443,0.020306138,-0.02325312,72.63202
24.822463669968496,35.11956556932083,79.471794,5097599.927902222,-0.012769494,0.013770414,73.47325
24.57246390714934,35.13405809180027,82.83649,2159999.936914444,-0.013294268,-0.009386996,72.5369
24.409420342711783,35.02898555779556,73.23672,10454400.056648254,0.02067855,-0.013080642,73.34811
24.268116089179838,35.07971042955572,81.07262,13391999.773406982,0.020169029,-0.02703837,71.98319
24.43478277193275,35.06521686399416,78.38795,1728000.059223175,-0.02394946,-0.011665013,72.76567
24.202898613755877,35.17753635462667,82.22561,950400.0051498413,-0.035576575,-0.052192338,71.34773
24.731883987437246,34.999999998854186,80.17734,3456000.11844635,-0.019711863,0.003221402,73.14917
24.731884091961334,34.88405773852335,82.62194,14515200.27809143,0.019258376,0.003344357,72.5563
24.5036234048686,34.94565269942081,84.86278,4665599.775981903,-0.015460793,-0.0048497934,72.50352
24.576087129988778,34.96376817111452,80.53768,15983999.588012695,0.015442103,-0.024165258,73.16634
24.46739112421217,35.10507235145331,77.031204,13305600.072097778,0.023374412,-0.01089656,73.44781
24.782608584568965,35.06521774078783,85.492004,16502399.989700317,0.021442344,-0.023731984,72.2853
24.373188532413735,34.85507217391305,83.68782,15379199.48501587,0.011414992,-0.039600067,72.17726
24.16304339770124,35.14130418675153,77.183464,14601599.979400635,0.035347857,-0.020119835,72.93713
24.49275373635028,34.95652190987481,78.13308,10972800.458335876,4.6547502e-05,-0.018952306,73.69866
24.2137679164399,35.101449394680465,78.1842,1123200.0247836113,0.0094843395,-0.038565975,71.76187
24.49275373635028,34.95652190987481,78.13308,16070400.386238098,0.0011965856,-0.01682423,73.00356
24.782608845879178,35.07246365433351,80.82854,2159999.936914444,-0.012443688,-0.00189187,73.21204
24.336956356281394,35.12681217825459,78.56935,17193599.794006348,-0.00883466,0.0058791973,72.44475
24.06159400092239,35.235507653915,77.223785,9590399.752807617,0.030593066,-0.0272112,71.96645
24.068840433535758,35.050724689208764,75.1399,11318400.360488892,0.02583098,-0.026352238,73.01942
24.373188349496587,35.09782609021359,73.044136,2851200.015449524,-0.011063471,0.005192168,73.123146
24.16304339770124,35.14130418675153,77.183464,10195199.855804443,0.032092232,-0.016080081,72.386566
24.358695745580064,35.14492749121842,79.46463,17107200.092697144,0.0007669404,-0.010062419,72.249435
24.514492864338745,35.152173737341,77.98083,6739199.737358093,-0.01768751,0.0076190345,73.175095
24.141304256647267,35.05072417522627,80.839714,13996799.876403809,0.02237938,-0.026039444,71.804565
24.40579730278949,34.98550712868071,82.545616,0.0,-0.003857378,0.02298385,72.33611
24.3913043591697,35.05434799367564,86.750465,11491199.7631073,0.026474442,-0.015643671,72.01105
24.365941903817713,35.11594190204278,77.940506,0.0,-0.024637334,0.005826613,72.28319
24.33695651306752,35.26449269887389,75.24537,6480000.084972382,-0.033377513,-0.0379554,72.995094
24.641304357168043,34.938405387540406,81.3883,6825599.987125397,-0.0028917529,-0.017306127,72.95754
24.60144921950647,34.9456523441682,85.40489,4147199.9227523804,-0.020941157,0.019916957,72.80773
24.068840433535758,35.17753635462667,82.62194,10022400.453186035,0.033685673,-0.045082696,70.9137
24.369565205050215,35.10507235145331,81.59638,4233599.898290634,-0.025623627,-0.011519067,71.937485
24.52536253285706,35.05797113185407,79.99595,17020800.39138794,0.010144899,-0.03806161,72.425804
24.423912946628306,35.13405791039468,84.735344,6566399.786281586,-0.02900619,-0.006090073,72.340744
24.171296292717127,35.10648163098043,78.049835,14342399.778556824,0.024418246,-0.020433448,72.79783
24.677536062942007,35.07971042955572,84.775665,13305600.072097778,0.019500922,-0.027591363,72.42712
24.518115930392057,35.170290078269815,76.7112,11404800.061798096,0.016299697,-0.015255488,73.674034
24.528985389862203,35.079710263267266,73.800804,604799.9658823013,-0.0066063367,-0.014596194,73.44611
24.15942034471344,35.02536261613985,84.04098,1900800.0102996826,-0.026295528,0.0017398037,72.07089
24.518115930392057,35.170290078269815,76.7112,5011200.226593018,-0.02697774,0.006137546,72.980354
24.068840433535758,35.17753635462667,82.62194,4752000.025749207,-0.044972986,-0.043781444,71.46407
24.579710091518006,35.06884069756067,84.24473,7948799.943351746,-0.004131086,0.0050890334,72.480995
24.32608705359737,35.05434782738719,80.59564,6307200.133895874,-0.011563923,-0.021856062,72.03168
24.152173912100075,34.942029039701325,85.189964,9935999.654960632,0.01936986,-0.013836436,71.26845
24.15217408195171,35.09782609021359,90.079155,3801600.0205993652,-0.019594617,-0.019355334,72.5361
24.15217408195171,35.09782609021359,90.079155,7948799.943351746,0.022196058,0.004885651,72.84689
24.46739112421217,35.10507235145331,77.031204,2505600.113296509,-0.012293845,-0.011348151,72.83242
24.373188349496587,35.09782609021359,73.044136,4233599.898290634,-0.008563619,-0.016293671,73.27124
24.264492787947336,35.06521739309379,75.914215,15292799.783706665,0.012357064,-0.013520896,73.06493
24.293478074173446,35.130434424522214,78.52256,4579200.074672699,-0.045409605,-0.025231704,72.16485
24.85869584610084,35.31159408476158,76.05999,7862400.2420425415,-0.0105804205,0.009010184,74.17199
24.49275373635028,34.95652190987481,78.13308,2764800.03991127,-0.033545338,0.0024414398,73.07732
24.171296292717127,35.10648163098043,78.049835,10972800.458335876,0.018791145,-0.020465143,72.43269
24.880434869565217,35.11594208344836,73.60822,6047999.933052063,-0.035787545,0.03047482,73.57019
24.373188349496587,35.09782609021359,73.044136,12787199.670410156,0.026211737,-0.03218871,73.201485
24.33695651306752,35.26449269887389,75.24537,4924799.976825714,-0.07691038,-0.041876428,72.54645
24.278985574781007,35.18478260074926,85.36457,13564800.27294159,0.03328044,-0.01630899,70.97084
24.728260869121893,35.15579704180788,79.23173,4752000.025749207,-0.026828207,0.0072897896,73.0107
24.409420342711783,35.02898555779556,73.23672,14687999.680709839,0.012979107,-0.011705052,73.255356
24.55072462237475,35.07608730649443,88.70044,14947199.88155365,0.026092764,-0.019820128,72.66093
24.409420264318722,35.097825908808005,75.01247,1728000.059223175,-0.028415933,-0.011810258,73.08416
24.15217408195171,35.09782609021359,90.079155,18403200.0,0.010284243,-0.040701743,70.97948
24.800724541980035,35.0326085145684,80.91604,10195199.855804443,0.023516547,-0.0020899847,73.68412
24.62318819070881,35.09782625650204,81.14894,2937599.9909877777,-0.020256959,0.008854672,72.56361
24.2137679164399,35.101449394680465,78.1842,4752000.025749207,-0.023019858,-0.031807672,72.03963
24.53985505838052,35.14492730981283,78.72631,13910400.175094604,0.02516944,-0.009844784,73.04912
24.268116089179838,35.07971042955572,81.07262,5529600.07982254,-0.034740277,-0.024152968,71.71563
24.358695745580064,35.14492749121842,79.46463,14601599.979400635,0.019261774,-0.010332532,72.4907
24.43478277193275,35.06521686399416,78.38795,16329599.49016571,0.0069459155,-0.019852877,72.62136
24.15942034471344,35.02536261613985,84.04098,7257600.139045715,-0.007813774,-0.035174906,71.53022
24.32608705359737,35.05434782738719,80.59564,17279999.49531555,0.0057022087,-0.03875765,71.83163
24.47463793572534,35.15579704180788,74.131996,16588799.691009521,0.020981265,-0.025472935,73.20056
24.822463669968496,35.11956556932083,79.471794,7257600.139045715,0.0013823882,0.020968802,73.85694
24.47463793572534,35.15579704180788,74.131996,11231999.562263489,0.017127927,-0.027947154,73.47367
24.336956356281394,35.12681217825459,78.56935,8639999.747657776,0.00765197,-0.003256118,72.68394
24.278985653174068,35.159420527680346,80.15937,7430400.090122223,-0.02470424,-0.0291624,72.06119
24.15217408195171,35.09782609021359,90.079155,3369599.8686790466,-0.017398208,-0.018665034,72.5363
24.51086948471318,35.141304337922854,75.965324,7343999.840354919,-0.009840302,0.014703995,73.4743
24.782608845879178,35.07246365433351,80.82854,8294399.845504761,-0.0037438683,0.015894953,73.55189
24.268116089179838,35.07971042955572,81.07262,15033599.582862854,0.012801755,-0.033467457,71.9293
24.518115930392057,35.170290078269815,76.7112,14428799.479866028,0.026165511,-0.012173843,73.33102
24.782608584568965,35.06521774078783,85.492004,13996799.876403809,0.027635675,-0.023076084,72.55456
24.677536062942007,35.07971042955572,84.775665,1555199.9710321426,-0.008267127,0.015320037,73.01732
24.235507135886934,35.09782643790763,86.62735,1900800.0102996826,-0.0029520988,0.039627627,72.247826
24.46739112421217,35.10507235145331,77.031204,16156800.087547302,0.012146486,-0.02019389,72.89798
24.677536062942007,35.07971042955572,84.775665,8035200.193119049,0.017336281,-0.012051269,72.74985
24.152173912100075,34.942029039701325,85.189964,9331199.551963806,0.010992141,-0.0056251865,71.26152
24.171296292717127,35.10648163098043,78.049835,13046399.871253967,0.025318496,-0.018848807,72.634445
24.33695651306752,35.26449269887389,75.24537,13824000.4737854,0.050858326,-0.031564973,74.12138
24.471014503837736,35.137681214861566,84.09494,4406400.123596191,-0.028165773,-0.008567395,72.32851
24.268116089179838,35.07971042955572,81.07262,518399.99034404755,-0.047870524,0.0022888705,71.60758
24.507246418659868,35.018115659512056,74.98295,5702400.030899048,-0.021224964,0.0009410661,73.603935
24.152173912100075,34.942029039701325,85.189964,18230399.500465393,-0.00670477,-0.024450202,71.12854
24.340579657513896,35.072464168316,77.031204,5011200.226593018,-0.029285543,-0.008662522,72.70398
24.2137679164399,35.101449394680465,78.1842,5615999.781131744,-0.019440465,-0.030469824,72.03796
24.06159400092239,35.235507653915,77.223785,15638399.68585968,0.03371503,-0.043143474,73.25533
24.423912946628306,35.13405791039468,84.735344,11145599.860954285,0.026919283,-0.024220452,71.80843
24.503623143558386,34.916666955294566,80.479385,7775999.992275238,-0.030075334,0.009407123,72.840416
24.24275355543479,35.275361916886446,83.709785,11491199.7631073,0.029912656,-0.0046644174,70.81657
24.369565205050215,35.10507235145331,81.59638,691200.0099778175,-0.014968969,-0.0024012532,71.9755
24.235507135886934,35.09782643790763,86.62735,17625600.494384766,-0.0021169484,-0.035467714,71.38918
24.728260869121893,35.15579704180788,79.23173,7948799.943351746,0.0008885041,0.016502641,73.63297
24.286231733018653,35.16304365074164,82.86601,13564800.27294159,0.025129613,-0.019358296,71.4508
24.53985505838052,35.14492730981283,78.72631,4579200.074672699,-0.02271162,0.009466657,72.698364
24.278985574781007,35.18478260074926,85.36457,17625600.494384766,0.012103191,-0.0216447,71.15954
24.576087129988778,34.96376817111452,80.53768,17193599.794006348,0.009096138,-0.025240667,73.226944
24.358695745580064,35.14492749121842,79.46463,16070400.386238098,0.005363766,-0.013476703,72.37528
24.409420264318722,35.137681214861566,85.684586,0.0,-0.038235895,0.016778966,72.14079
24.507246627708035,35.15217355593542,72.15966,13564800.27294159,0.027387535,-0.016458571,72.76126
24.264492787947336,35.06521739309379,75.914215,3887999.996137619,-0.022280563,-0.015188612,72.84375
24.822463669968496,35.11956556932083,79.471794,15724800.484085083,0.016521137,-0.020625915,73.32656
24.369565205050215,35.10507235145331,81.59638,11923200.463485718,0.025066048,-0.023499586,72.077995
24.782608584568965,35.06521774078783,85.492004,13478399.474716187,0.023774164,-0.024206791,72.63523
24.518115930392057,35.170290078269815,76.7112,13910400.175094604,0.026225327,-0.009855051,73.41831
24.293478074173446,35.130434424522214,78.52256,12441599.768257141,0.02262502,-0.01583824,72.7655
24.782608845879178,35.07246365433351,80.82854,6134400.182819366,-0.02381584,0.014963666,73.36828
24.286231733018653,35.16304365074164,82.86601,10108800.15449524,0.029641103,-0.020786684,71.48994
24.409420342711783,35.02898555779556,73.23672,8899199.948501587,0.0073894784,-0.0003993865,73.26646
24.51086948471318,35.141304337922854,75.965324,5875199.981975555,-0.012525376,0.0046752524,73.30849
24.53985505838052,35.14492730981283,78.72631,15638399.68585968,0.013399964,-0.021498937,72.767944
24.880434869565217,35.11594208344836,73.60822,4752000.025749207,-0.03368725,0.023631416,73.676834
24.43478277193275,35.06521686399416,78.38795,12182399.56741333,0.020460263,-0.005729504,73.24972
24.43478251062254,35.050724689208764,81.254395,7171199.889278412,-0.0152109265,-0.0069896244,72.33853
24.49275373635028,35.04710138474188,79.64641,12614400.267791748,0.01589305,-0.025171433,73.03077
24.2137679164399,35.101449394680465,78.1842,518399.99034404755,0.014264347,-0.040017407,71.62697
24.373188349496587,35.09782609021359,73.044136,3369599.8686790466,-0.014904723,-0.005107332,73.19532
24.47463793572534,35.15579704180788,74.131996,5615999.781131744,-0.024125405,-0.01539832,73.32041
24.423912946628306,35.13405791039468,84.735344,5356800.128746033,-0.032788567,-0.006870648,72.315506
24.373188349496587,35.09782609021359,73.044136,9504000.051498413,0.019250387,-0.019013248,73.05396
24.235507135886934,35.09782643790763,86.62735,1123200.0247836113,-0.0017903782,0.041978635,72.18768
24.503623143558386,34.916666955294566,80.479385,7603200.0411987305,-0.030777745,0.008099798,72.85373
24.471014503837736,35.137681214861566,84.09494,16156800.087547302,0.0053003803,-0.022261828,71.49333
24.525362323808892,35.01449270273921,80.76379,13305600.072097778,0.025784504,-0.028729387,72.8089
24.53985505838052,35.14492730981283,78.72631,10799999.95880127,0.019002711,-0.010897089,73.320404
24.528985389862203,35.079710263267266,73.800804,1641599.9465703964,-0.015772201,-0.016527098,73.48754
24.3985509616347,35.079710263267266,82.39983,9244799.850654602,0.019413197,-0.016793713,72.04954
24.576087129988778,34.96376817111452,80.53768,6998399.938201904,-0.016459532,0.00072048604,72.962425
24.626811465810288,35.05797113185407,83.9315,8380800.095272064,-0.006908793,0.008575867,72.5429
24.33695651306752,35.26449269887389,75.24537,15465600.283241272,0.044449292,-0.026647191,74.875565
24.373188532413735,34.85507217391305,83.68782,14947199.88155365,0.014320368,-0.039428737,72.17377
24.2137679164399,35.101449394680465,78.1842,10454400.056648254,0.022219358,-0.009534843,72.447464
24.47463793572534,35.15579704180788,74.131996,6220799.884128571,-0.02116708,-0.016642425,73.37971
24.134057993885538,35.130434787333385,80.741425,5961600.231742859,-0.07153876,-0.017526269,71.203445
24.235507135886934,35.09782643790763,86.62735,8639999.747657776,-0.007828437,-0.023487031,71.82675
24.235507135886934,35.09782643790763,86.62735,9504000.051498413,0.0036567487,-0.021949235,71.65829
24.35507260113369,35.04710138474188,76.478294,1209599.9317646027,-0.007076394,-0.006569596,72.971176
24.40579730278949,34.98550712868071,82.545616,9158400.149345398,0.0068246014,-0.02239025,72.172455
24.43478277193275,35.06521686399416,78.38795,8639999.747657776,-0.0013096854,0.00173527,73.03414
24.409420264318722,35.137681214861566,85.684586,172800.00249445438,-0.037519872,0.01527313,72.185036
24.17028990870767,35.119565206509655,75.23819,2851200.015449524,-0.06920925,-0.05426435,72.99657
24.003623304347823,35.192029209683014,80.788605,11231999.562263489,0.031395763,-0.02427388,71.14758
24.51086948471318,35.141304337922854,75.965324,10540799.757957458,0.01480663,-0.010618128,73.78988
24.619565229179578,35.18478278215484,82.255135,14169600.375938416,0.030998742,-0.023401752,72.22973
24.282608510179216,35.10869565592019,73.044136,1123200.0247836113,-0.047425218,-0.006389823,72.561104
24.5036234048686,34.94565269942081,84.86278,11577599.464416504,0.020350868,-0.03189107,72.186745
24.264492787947336,35.06521739309379,75.914215,3715200.0450611115,-0.021581918,-0.016742159,72.85215
24.351449221508126,35.36231895652174,77.53338,16243199.788856506,0.032314684,-0.030577656,73.26073
24.202898613755877,35.17753635462667,82.22561,14860800.180244446,0.015037175,-0.01760358,71.76869
24.72463775080654,35.097825908808005,83.506035,5184000.177669525,-0.014140207,0.010517104,72.90966
24.365941903817713,35.11594190204278,77.940506,12873600.46863556,0.024946678,-0.009119585,73.00902
24.579710091518006,35.06884069756067,84.24473,1468799.9954938889,-0.017876126,0.010063264,72.70357
24.40217392316393,35.07246365433351,77.73675,7689599.742507935,-0.01689658,0.011972478,72.90686
24.264492787947336,35.06521739309379,75.914215,7862400.2420425415,-0.0065570474,0.01731744,72.7928
24.409420264318722,35.097825908808005,75.01247,9849599.953651428,0.019498076,-0.012284264,73.40763
24.423912946628306,35.16304383214723,83.815254,7775999.992275238,0.018647863,-0.021925706,72.11487
24.47463793572534,35.15579704180788,74.131996,6393599.835205078,-0.020403266,-0.017244421,73.397026
24.85869584610084,35.31159408476158,76.05999,5875199.981975555,-0.019401751,0.025106806,73.942345
24.40579730278949,34.98550712868071,82.545616,6220799.884128571,-0.03396891,-4.388392e-05,72.27145
24.2137679164399,35.101449394680465,78.1842,3887999.996137619,-0.023272179,-0.032612454,72.05923
24.608695560661264,35.210145036629335,80.071884,8467199.796581268,-0.0019409098,0.019729167,72.90808
24.677536062942007,35.07971042955572,84.775665,13391999.773406982,0.019895174,-0.026919018,72.416016
24.003623304347823,35.192029209683014,80.788605,14256000.07724762,0.029907584,-0.028580908,72.07775
24.43478277193275,35.06521686399416,78.38795,14083199.577713013,0.018382572,0.0012979284,73.03975
24.880434869565217,35.11594208344836,73.60822,17625600.494384766,-0.0010662898,0.0032705534,73.61319
24.57608686867857,35.22463755910878,78.28966,18057600.097846985,0.011880711,-0.019494053,72.28651
24.782608584568965,35.06521774078783,85.492004,950400.0051498413,0.013819439,0.0143598905,73.30023
24.278985574781007,35.18478260074926,85.36457,2332799.8879909515,-0.092506185,-0.0247945,72.0609
24.822463669968496,35.11956556932083,79.471794,8899199.948501587,0.009071002,0.000800062,73.774155
24.282608510179216,35.10869565592019,73.044136,16070400.386238098,0.015430301,-0.023216657,73.02793
24.51086948471318,35.141304337922854,75.965324,691200.0099778175,-0.017759714,0.010404588,72.77836
24.579710091518006,35.06884069756067,84.24473,12268800.365638733,0.026198525,-0.030473705,72.29739
24.202898613755877,35.17753635462667,82.22561,1123200.0247836113,-0.036136217,-0.051539227,71.35115
24.278985653174068,35.159420527680346,80.15937,15206400.082397461,0.004405383,-0.010360211,72.37576
24.782608584568965,35.06521774078783,85.492004,17712000.19569397,0.00813102,-0.021027751,72.17386
24.278985653174068,35.159420527680346,80.15937,5529600.07982254,-0.05904092,-0.03159507,71.82397
24.16304339770124,35.14130418675153,77.183464,1555199.9710321426,-0.060935587,-0.092978895,72.22945
24.15217408195171,35.09782609021359,90.079155,16329599.49016571,0.02409979,-0.036851138,70.93572
24.659420157792983,35.13768139626715,82.9603,16934399.593162537,0.011000492,-0.022534586,71.78426
24.525362323808892,35.01449270273921,80.76379,18403200.0,-0.0048932135,-0.029122207,72.567604
24.586956589458925,35.03623181903528,81.050644,3110399.9420642853,-0.0027596615,-0.01261149,72.70622
24.43478277193275,35.06521686399416,78.38795,14860800.180244446,0.014375506,-0.005382955,72.90943
24.340579735906957,35.22101461745307,78.71513,6220799.884128571,-0.011108879,-0.0141202435,72.272255
24.782608584568965,35.06521774078783,85.492004,259199.99517202377,0.012446197,0.018960444,73.13406
24.369565205050215,35.10507235145331,81.59638,3283199.893140793,-0.023814835,-0.012991991,71.92963
24.15942034471344,35.02536261613985,84.04098,4060799.9472141266,-0.03256768,-0.013438892,71.913
24.423912946628306,35.13405791039468,84.735344,12614400.267791748,0.029552467,-0.022049025,71.63031
24.46739112421217,35.10507235145331,77.031204,1123200.0247836113,0.011059217,-0.0032291785,72.81026
24.365941903817713,35.11594190204278,77.940506,864000.0296115875,-0.017548699,-0.0061229356,72.30577
24.72463775080654,35.097825908808005,83.506035,15811200.185394287,0.014683794,-0.027103577,72.14066
24.521739153231497,35.18115965909355,80.50853,15811200.185394287,0.018607887,-0.013063613,72.06482
24.068840433535758,35.17753635462667,82.62194,11145599.860954285,0.036858585,-0.04321958,71.04729
24.40217392316393,35.07246365433351,77.73675,16416000.288391113,0.0021804124,-0.012237258,72.57979
24.423912946628306,35.16304383214723,83.815254,2073599.9613761902,-0.02134749,-0.010997772,72.23451
24.373188349496587,35.09782609021359,73.044136,691200.0099778175,-0.019518647,-0.0034926683,72.71892
24.336956356281394,35.12681217825459,78.56935,11664000.262641907,0.02273635,-0.012163978,72.88861
24.068840433535758,35.050724689208764,75.1399,2764800.03991127,-0.04791837,-0.022458714,72.85861
24.17028990870767,35.119565206509655,75.23819,3715200.0450611115,-0.06601693,-0.037651543,73.05692
24.358695745580064,35.14492749121842,79.46463,7948799.943351746,-0.0030224249,0.004295945,72.40023
24.52536253285706,35.05797113185407,79.99595,14169600.375938416,0.02040019,-0.028435435,72.87522
24.068840433535758,35.17753635462667,82.62194,14342399.778556824,0.037740007,-0.030953035,71.771706
24.52536253285706,35.05797113185407,79.99595,3110399.9420642853,-0.019300554,-0.007962624,72.57831
24.2137679164399,35.101449394680465,78.1842,12268800.365638733,0.022587145,-0.024429962,72.59454
24.507246627708035,35.15217355593542,72.15966,4492800.099134445,-0.038993306,-0.0060806517,73.23512
24.57246390714934,35.13405809180027,82.83649,15551999.984550476,0.019097557,-0.021431249,71.90592
24.336956356281394,35.12681217825459,78.56935,14169600.375938416,0.020599559,-0.0044577904,72.717155
24.782608584568965,35.06521774078783,85.492004,6047999.933052063,-0.027239062,0.008531964,73.29886
24.423912946628306,35.13405791039468,84.735344,15292799.783706665,0.019644933,-0.021062091,71.46057
24.17028990870767,35.119565206509655,75.23819,15897599.886703491,0.018675085,-0.023235984,73.21427
24.423912946628306,35.13405791039468,84.735344,5788799.732208252,-0.032472774,-0.0070900153,72.33876
24.503623143558386,34.916666955294566,80.479385,11923200.463485718,0.022109322,-0.020645179,72.946236
24.152173912100075,34.942029039701325,85.189964,86400.00124722719,-0.0022102632,-0.049684435,72.32177
24.134057993885538,35.130434787333385,80.741425,11231999.562263489,0.024918845,-0.022673704,71.766846
24.503623143558386,34.916666955294566,80.479385,6566399.786281586,-0.030039415,-0.0006351769,72.949844
24.15942034471344,35.02536261613985,84.04098,12527999.469566345,0.024590012,-0.036601827,71.261154
24.152173912100075,34.942029039701325,85.189964,3887999.996137619,-0.04379563,-0.03285653,71.63153
24.503623143558386,34.916666955294566,80.479385,13910400.175094604,0.022700034,-0.008465063,72.92708
24.268116089179838,35.07971042955572,81.07262,7343999.840354919,-0.019770112,-0.020499513,71.80001
24.235507135886934,35.09782643790763,86.62735,12182399.56741333,0.019087533,-0.026895411,71.11071
24.373188532413735,34.85507217391305,83.68782,1728000.059223175,-0.011215743,0.0126866475,72.44829
24.278985653174068,35.159420527680346,80.15937,7862400.2420425415,-0.015136648,-0.024981238,72.1069
24.268116089179838,35.07971042955572,81.07262,15120000.381088257,0.012197183,-0.0339463,71.92586
24.85869584610084,35.31159408476158,76.05999,1209599.9317646027,0.006005954,0.030180475,71.96263
24.358695745580064,35.14492749121842,79.46463,9763200.252342224,0.023201495,-0.008618142,72.62827
24.275362351941567,35.02173896397893,79.32639,1123200.0247836113,-0.03750524,-0.023902696,72.09134
24.880434869565217,35.11594208344836,73.60822,3974399.971675873,-0.0292406,0.018733757,73.72108
24.351449221508126,35.36231895652174,77.53338,2332799.8879909515,-0.12285964,-0.11896044,73.07952
24.57246390714934,35.13405809180027,82.83649,172800.00249445438,-0.0041927323,0.0077377455,72.47914
24.655797039477626,35.09782643790763,82.953125,15120000.381088257,0.01991378,-0.02314062,72.226036
24.282608510179216,35.10869565592019,73.044136,3628800.0695228577,-0.04814405,-0.028774519,73.09354
24.43478251062254,35.050724689208764,81.254395,9071999.899578094,0.010349354,-0.0036570188,72.39002
24.619565229179578,35.18478278215484,82.255135,12787199.670410156,0.03168314,-0.018853266,72.47324
24.16304339770124,35.14130418675153,77.183464,14687999.680709839,0.034862723,-0.020607669,72.953705
24.731884091961334,34.88405773852335,82.62194,259199.99517202377,-0.0014499538,0.0123599125,72.93749
24.528985389862203,35.079710263267266,73.800804,15120000.381088257,0.024222026,-0.021513429,73.37001
24.525362323808892,35.01449270273921,80.76379,432000.01480579376,0.001187779,0.01727377,72.64156
24.507246627708035,35.15217355593542,72.15966,17884799.598312378,0.014147738,-0.016123172,72.198006
24.286231733018653,35.16304365074164,82.86601,7171199.889278412,0.008092679,-0.029563136,71.67389
24.202898613755877,35.17753635462667,82.22561,7084800.187969208,-0.012571976,-0.004819801,71.36212
24.423912946628306,35.13405791039468,84.735344,11318400.360488892,0.027072215,-0.024227008,71.786026
24.2137679164399,35.101449394680465,78.1842,2592000.0888347626,-0.01141686,-0.034576997,72.007805
24.800724541980035,35.0326085145684,80.91604,4319999.873828888,-0.023214899,-0.0039060246,73.278534
24.586956589458925,35.03623181903528,81.050644,2332799.8879909515,-0.0033064857,-0.010520291,72.721855
24.340579657513896,35.072464168316,77.031204,15811200.185394287,0.010494826,-0.019621275,72.787575
24.471014503837736,35.137681214861566,84.09494,1987199.9858379364,-0.01301321,-0.00718637,72.255844
24.286231733018653,35.16304365074164,82.86601,14601599.979400635,0.020443315,-0.02098485,71.47343
24.177536001617764,35.01449252133363,77.3516,10540799.757957458,0.021815676,-0.024023563,72.66481
24.623188347494935,34.98550731008629,86.27349,3887999.996137619,-0.02631826,0.0050174855,73.00424
24.264492787947336,35.06521739309379,75.914215,17712000.19569397,0.0075191297,-0.021682505,72.72504
24.728260869121893,35.15579704180788,79.23173,9676799.454116821,0.015797818,0.00047140382,73.64063
24.293478074173446,35.130434424522214,78.52256,4924799.976825714,-0.0449095,-0.024514265,72.18632
24.659420157792983,35.13768139626715,82.9603,14515200.27809143,0.029632604,-0.017516013,72.22791
24.46739112421217,35.10507235145331,77.031204,9158400.149345398,0.005595904,0.0033135805,73.456505
24.608695560661264,35.210145036629335,80.071884,11923200.463485718,0.023002567,0.0012576357,72.86976
24.409420264318722,35.097825908808005,75.01247,4060799.9472141266,-0.027938306,-0.006464582,73.20429
24.3913043591697,35.05434799367564,86.750465,13910400.175094604,0.018667111,-0.010510273,71.930275
24.3985509616347,35.079710263267266,82.39983,13305600.072097778,0.025072386,-0.02739523,71.95824
24.442029139218562,35.043478080275,76.86345,12873600.46863556,0.016788818,-0.020265628,73.54501
24.271739312019278,35.0833337340226,74.97577,4406400.123596191,-0.0415278,-0.008591017,73.046455
24.264492787947336,35.06521739309379,75.914215,16761600.190544128,0.007819228,-0.021217361,72.92251
24.171296292717127,35.10648163098043,78.049835,7516799.791431427,-0.01621864,-0.018365085,72.08235
24.782608845879178,35.07246365433351,80.82854,16156800.087547302,0.0037127621,-0.0039151926,72.97173
24.3913043591697,35.05434799367564,86.750465,11145599.860954285,0.027058583,-0.014900461,72.042114
24.141304256647267,35.05072417522627,80.839714,10108800.15449524,0.009049371,-0.021399204,71.63422
24.40579730278949,34.98550712868071,82.545616,7343999.840354919,-0.024526246,-0.006997904,72.17354
24.57608686867857,35.22463755910878,78.28966,11318400.360488892,0.018304339,-0.0005034767,73.42483
24.134057993885538,35.130434787333385,80.741425,2073599.9613761902,-0.08205035,-0.07254468,71.28697
24.528985389862203,35.079710263267266,73.800804,16675200.489234924,0.017678397,-0.023518875,72.996315
24.503623143558386,34.916666955294566,80.479385,10195199.855804443,0.006372601,-0.004207028,72.90111
24.06159400092239,35.235507653915,77.223785,9849599.953651428,0.031755682,-0.02817088,71.95049
24.659420157792983,35.13768139626715,82.9603,7171199.889278412,-0.013279423,0.015637726,72.65972
24.15942034471344,35.02536261613985,84.04098,16588799.691009521,0.0017998442,-0.04521253,70.96341
24.880434869565217,35.11594208344836,73.60822,12441599.768257141,0.025265016,-0.017546944,73.55958
24.242753659958876,34.931159481553294,83.59315,8985600.19826889,0.008439679,0.012572273,71.73694
24.608695560661264,35.210145036629335,80.071884,8208000.144195557,-0.004844852,0.02030464,72.89377
24.264492787947336,35.06521739309379,75.914215,7689599.742507935,-0.0083158985,0.017331108,72.78437
24.141304256647267,35.05072417522627,80.839714,18143999.79915619,-0.010473318,-0.030392032,71.5166
24.16304339770124,35.14130418675153,77.183464,4665599.775981903,-0.045847952,-0.05661267,72.62503
24.202898613755877,35.17753635462667,82.22561,7171199.889278412,-0.010980673,-0.0040845703,71.35734
24.40579722439643,35.07608730649443,81.130585,9935999.654960632,0.023903482,-0.022736192,72.30588
24.3985509616347,35.079710263267266,82.39983,2678400.0643730164,-0.018195465,0.007598184,72.05957
24.275362351941567,35.02173896397893,79.32639,3887999.996137619,-0.036671653,-0.009919357,71.7436
24.46739112421217,35.10507235145331,77.031204,13132799.572563171,0.02326531,-0.0115059465,73.47304
24.528985389862203,35.079710263267266,73.800804,1468799.9954938889,-0.014505457,-0.01663826,73.48398
24.47463793572534,35.15579704180788,74.131996,13305600.072097778,0.023846604,-0.023793329,73.52824
24.340579657513896,35.072464168316,77.031204,9244799.850654602,0.006416917,0.0099618295,72.984566
24.409420342711783,35.02898555779556,73.23672,12009600.164794922,0.015855307,-0.012591936,73.38145
24.351449221508126,35.36231895652174,77.53338,4665599.775981903,-0.072716564,-0.06965748,72.873
24.46739112421217,35.10507235145331,77.031204,9504000.051498413,0.010178646,-0.0007374771,73.50505
24.358695745580064,35.14492749121842,79.46463,12873600.46863556,0.026654316,-0.007627802,72.601776
24.3913043591697,35.05434799367564,86.750465,345600.00498890877,-0.03733342,-0.0042414553,72.05659
24.521739153231497,35.18115965909355,80.50853,10972800.458335876,0.017713182,-0.0077008475,72.52487
24.171296292717127,35.10648163098043,78.049835,7257600.139045715,-0.019682959,-0.02030325,72.059265
24.373188349496587,35.09782609021359,73.044136,14428799.479866028,0.021822168,-0.033096395,73.16735
24.57608686867857,35.22463755910878,78.28966,4406400.123596191,-0.02191364,-0.0115097985,72.89821
24.351449221508126,35.36231895652174,77.53338,16934399.593162537,0.02687167,-0.029762618,73.4187
24.32608705359737,35.05434782738719,80.59564,15033599.582862854,0.016691364,-0.03128595,72.09085
24.358695745580064,35.14492749121842,79.46463,13219200.370788574,0.026152484,-0.0064154416,72.57618
24.623188347494935,34.98550731008629,86.27349,13046399.871253967,0.037175942,-0.02115878,72.541
24.278985653174068,35.159420527680346,80.15937,13391999.773406982,0.022641642,-0.009569235,72.324066
24.626811465810288,35.05797113185407,83.9315,3887999.996137619,-0.028242886,0.014926974,72.7877
24.481884276880134,35.21376834109622,79.042,7603200.0411987305,-0.01309238,0.0074520437,72.790855
24.068840433535758,35.17753635462667,82.62194,16070400.386238098,0.025771301,-0.034629244,72.03538
24.264492787947336,35.06521739309379,75.914215,17884799.598312378,0.0063513704,-0.021807846,72.67972
24.75362311542571,35.148550251468535,82.31272,4233599.898290634,-0.044369183,0.008235068,72.75912
24.579710091518006,35.06884069756067,84.24473,6912000.2368927,-0.016732458,0.008703851,72.580925
24.340579735906957,35.22101461745307,78.71513,6047999.933052063,-0.01391438,-0.012817148,72.257256
24.57608686867857,35.22463755910878,78.28966,10972800.458335876,0.01635083,-0.00048082694,73.41568
24.409420342711783,35.02898555779556,73.23672,8812800.247192383,0.005147498,-0.00040899403,73.26302
24.503623143558386,34.916666955294566,80.479385,2592000.0888347626,-0.015575722,-0.009078169,73.078964
24.47463793572534,35.15579704180788,74.131996,2332799.8879909515,-0.0060965307,-0.018538862,72.97784
24.3913043591697,35.05434799367564,86.750465,3023999.9665260315,-0.025288403,-0.013009153,72.14017
24.62318819070881,35.09782625650204,81.14894,777599.9855160713,0.0020959638,0.012730821,72.654915
24.43478277193275,35.06521686399416,78.38795,18316800.298690796,-0.005835876,-0.017176893,72.24931
24.49275373635028,34.95652190987481,78.13308,11577599.464416504,0.007539045,-0.018423457,73.675156
24.51086948471318,35.141304337922854,75.965324,13564800.27294159,0.024448907,-0.010808863,73.61418
24.659420157792983,35.13768139626715,82.9603,11231999.562263489,0.02953478,-0.016790446,72.56457
24.43478277193275,35.06521686399416,78.38795,5097599.927902222,-0.035392478,-0.0063484088,72.62973
24.242753659958876,34.931159481553294,83.59315,15811200.185394287,0.00502979,-0.027754605,71.665436
24.800724541980035,35.0326085145684,80.91604,7603200.0411987305,-0.0039740056,0.020894624,73.55557
24.202898613755877,35.17753635462667,82.22561,15206400.082397461,0.011837825,-0.01919346,71.78812
24.171296292717127,35.10648163098043,78.049835,5097599.927902222,-0.04015205,-0.024291284,72.04646
24.822463669968496,35.11956556932083,79.471794,8467199.796581268,0.0060845166,0.008659955,73.80455
24.3913043591697,35.05434799367564,86.750465,7343999.840354919,-0.004456062,0.021141164,72.19462
24.409420264318722,35.137681214861566,85.684586,9676799.454116821,0.020503601,-0.0124916285,71.911995
24.57246390714934,35.13405809180027,82.83649,4838399.727058411,-0.025270425,-0.01015541,72.48718
24.53985505838052,35.14492730981283,78.72631,14169600.375938416,0.02412634,-0.011182953,73.01067
24.521739153231497,35.18115965909355,80.50853,11059200.15964508,0.018130878,-0.008666819,72.53345
24.141304256647267,35.05072417522627,80.839714,2678400.0643730164,-0.052766606,-0.033336528,71.21892
24.2137679164399,35.101449394680465,78.1842,12614400.267791748,0.024234788,-0.024237696,72.62665
24.60144921950647,34.9456523441682,85.40489,6912000.2368927,-0.02111797,0.020074034,72.67158
24.17028990870767,35.119565206509655,75.23819,10972800.458335876,0.02651168,-0.007299399,72.560776
24.242753659958876,34.931159481553294,83.59315,5270399.878978729,-0.023685768,-0.0017543677,71.63413
24.373188349496587,35.09782609021359,73.044136,16156800.087547302,0.016227238,-0.03020449,73.03977
24.06159400092239,35.235507653915,77.223785,18403200.0,0.013329485,-0.04829906,73.80519
24.365941903817713,35.11594190204278,77.940506,12009600.164794922,0.0233894,-0.011486903,73.07446
24.800724541980035,35.0326085145684,80.91604,2764800.03991127,-0.015348148,-0.0041677356,73.27444
24.503623143558386,34.916666955294566,80.479385,16416000.288391113,0.00021801516,-0.0059660263,72.982994
24.068840433535758,35.17753635462667,82.62194,13996799.876403809,0.0387715,-0.03164301,71.69077
24.32608705359737,35.05434782738719,80.59564,604799.9658823013,-0.022519574,-0.022365753,72.032936
24.626811465810288,35.05797113185407,83.9315,14256000.07724762,0.0275677,-0.018288549,72.25416
24.40579730278949,34.98550712868071,82.545616,15120000.381088257,0.0074060895,-0.047287427,72.14689
24.641304357168043,34.938405387540406,81.3883,14256000.07724762,0.026798032,-0.03573682,73.00014
24.16304339770124,35.14130418675153,77.183464,3110399.9420642853,-0.05849748,-0.079312675,72.61426
24.282608510179216,35.10869565592019,73.044136,15120000.381088257,0.023750873,-0.01403993,72.92418
24.60144921950647,34.9456523441682,85.40489,15551999.984550476,0.015317835,-0.020491995,72.510475
24.880434869565217,35.11594208344836,73.60822,15206400.082397461,0.019391865,-0.010549691,73.606186
24.409420185925658,35.126811301460926,78.58091,6047999.933052063,-0.020153582,-0.012086052,72.53644
24.49275373635028,34.95652190987481,78.13308,8553600.046348572,-0.026264228,0.0031424854,73.4301
24.32608705359737,35.05434782738719,80.59564,13737599.675559998,0.021816323,-0.026910946,72.199356
24.471014503837736,35.137681214861566,84.09494,17625600.494384766,-0.008075923,-0.0154027715,71.340454
24.275362351941567,35.02173896397893,79.32639,2419199.8635292053,-0.037665494,-0.01804208,71.93383
24.576087129988778,34.96376817111452,80.53768,14601599.979400635,0.025278617,-0.01965348,73.10282
24.40579722439643,35.07608730649443,81.130585,3456000.11844635,-0.017780393,-0.004458893,72.12766
24.373188532413735,34.85507217391305,83.68782,864000.0296115875,0.0050094128,0.015197666,72.37136
24.242753659958876,34.931159481553294,83.59315,5443199.830055237,-0.022221822,3.875792e-05,71.63207
24.55072462237475,35.07608730649443,88.70044,7257600.139045715,0.01793984,-0.015086345,72.96146
24.003623304347823,35.192029209683014,80.788605,8380800.095272064,0.016450867,0.00044059195,70.83198
24.528985389862203,35.079710263267266,73.800804,15033599.582862854,0.024789356,-0.021207396,73.3881
24.55072462237475,35.07608730649443,88.70044,6566399.786281586,0.014414493,-0.014509834,72.98935
24.576087129988778,34.96376817111452,80.53768,11577599.464416504,0.029256264,-0.025440909,73.13298
24.46739112421217,35.10507235145331,77.031204,14342399.778556824,0.021004535,-0.010559704,73.26567
24.677536062942007,35.07971042955572,84.775665,7516799.791431427,0.015792195,-0.008449128,72.81028
24.409420264318722,35.097825908808005,75.01247,17020800.39138794,0.016269132,-0.018514588,72.87876
24.43478251062254,35.050724689208764,81.254395,10195199.855804443,0.021351302,-0.02474963,72.431366
24.46739112421217,35.10507235145331,77.031204,14256000.07724762,0.021404468,-0.010342095,73.28215
24.373188349496587,35.09782609021359,73.044136,16070400.386238098,0.017338138,-0.028359786,73.0483
24.43478251062254,35.050724689208764,81.254395,3974399.971675873,-0.017477486,-0.00991166,72.271484
24.373188349496587,35.09782609021359,73.044136,1209599.9317646027,-0.017300062,0.0020359755,72.81922
24.880434869565217,35.11594208344836,73.60822,7171199.889278412,-0.017213136,0.030476602,73.55588
24.55434784521419,35.039855304907746,78.730316,16847999.891853333,0.0058426782,-0.036366675,72.81838
24.75362311542571,35.148550251468535,82.31272,7257600.139045715,-0.028737307,0.021961233,73.02679
24.51086948471318,35.141304337922854,75.965324,13910400.175094604,0.024668217,-0.011201289,73.56188
24.003623304347823,35.192029209683014,80.788605,6480000.084972382,-0.06227828,-0.017727114,70.93668
24.85869584610084,35.31159408476158,76.05999,2073599.9613761902,-0.0003262125,0.030684877,72.282684
24.514492864338745,35.152173737341,77.98083,4406400.123596191,-0.023286477,0.0015867185,72.74981
24.57246390714934,35.13405809180027,82.83649,6998399.938201904,-0.018308762,-0.0006634146,72.39239
24.55072462237475,35.07608730649443,88.70044,17539199.696159363,0.009126017,-0.02579537,72.404434
24.171296292717127,35.10648163098043,78.049835,4406400.123596191,-0.042137988,-0.025203858,72.09583
24.46739112421217,35.10507235145331,77.031204,12441599.768257141,0.022077652,-0.014364809,73.55087
24.369565205050215,35.10507235145331,81.59638,6134400.182819366,-0.023686908,-0.017094325,72.03103
24.003623304347823,35.192029209683014,80.788605,3715200.0450611115,-0.09809333,-0.10745318,71.67376
24.53985505838052,35.14492730981283,78.72631,259199.99517202377,0.0047380403,0.009506668,72.70407
24.608695560661264,35.210145036629335,80.071884,8121599.894428253,-0.0058243945,0.020430468,72.888054
24.202898613755877,35.17753635462667,82.22561,11577599.464416504,0.024527706,-0.022540249,71.36634
24.293478074173446,35.130434424522214,78.52256,17798399.897003174,0.0023655705,-0.008034818,72.505264
24.572463802625258,35.028985391507106,77.31845,14774400.478935242,0.020530017,-0.013647106,73.51628
24.655797039477626,35.09782643790763,82.953125,12700799.969100952,0.026075486,-0.026008133,72.53124
24.49275373635028,35.04710138474188,79.64641,8467199.796581268,-0.008119684,0.006890812,72.92522
24.264492787947336,35.06521739309379,75.914215,5788799.732208252,-0.022385906,0.0069694854,72.73543
24.16304339770124,35.14130418675153,77.183464,5270399.878978729,-0.035327733,-0.047788024,72.56015
24.572463802625258,35.028985391507106,77.31845,13219200.370788574,0.021927835,-0.01140286,73.82667
24.47463793572534,35.15579704180788,74.131996,10799999.95880127,0.016485406,-0.026576564,73.46944
24.141304256647267,35.05072417522627,80.839714,10799999.95880127,0.01746234,-0.02402591,71.72593
24.242753659958876,34.931159481553294,83.59315,14342399.778556824,0.018629257,-0.014183689,71.71499
24.068840433535758,35.17753635462667,82.62194,7862400.2420425415,0.013191914,-0.04461427,70.78456
24.275362351941567,35.02173896397893,79.32639,11059200.15964508,0.027462129,-0.021138396,72.52345
24.235507135886934,35.09782643790763,86.62735,777599.9855160713,-0.002601929,0.042508937,72.17139
24.52536253285706,35.05797113185407,79.99595,864000.0296115875,-0.002661787,0.003999198,72.7309
24.423912946628306,35.13405791039468,84.735344,14083199.577713013,0.02843418,-0.01845761,71.52468
24.264492787947336,35.06521739309379,75.914215,2592000.0888347626,-0.017563283,-0.02437326,72.87247
24.171296292717127,35.10648163098043,78.049835,11923200.463485718,0.020794857,-0.022000171,72.52003
24.235507135886934,35.09782643790763,86.62735,2937599.9909877777,-0.009678815,0.029830158,72.30584
24.731883987437246,34.999999998854186,80.17734,10281599.557113647,0.015981192,-0.021401733,73.65939
24.586956589458925,35.03623181903528,81.050644,5443199.830055237,-0.01664316,-0.0040116273,72.659874
24.171296292717127,35.10648163098043,78.049835,2246400.0495672226,-0.037600152,-0.030621115,71.975006
24.51086948471318,35.141304337922854,75.965324,13651199.974250793,0.024564665,-0.010847744,73.601654
24.409420185925658,35.126811301460926,78.58091,5011200.226593018,-0.027116835,-0.0073675103,72.45157
24.47463793572534,35.15579704180788,74.131996,11836799.665260315,0.019053873,-0.028666247,73.49283
24.72463775080654,35.097825908808005,83.506035,1123200.0247836113,0.0062151738,0.005830236,73.10792
24.655797039477626,35.09782643790763,82.953125,7603200.0411987305,-0.0031479,-0.0050226413,72.72869
24.409420264318722,35.137681214861566,85.684586,3110399.9420642853,-0.037147284,-0.014206659,72.29951
24.409420264318722,35.137681214861566,85.684586,12960000.169944763,0.032445986,-0.010333236,71.65388
24.800724541980035,35.0326085145684,80.91604,11577599.464416504,0.025893832,-0.0016194433,73.764725
24.068840433535758,35.050724689208764,75.1399,2592000.0888347626,-0.046671234,-0.023260593,72.820274
24.06159400092239,35.235507653915,77.223785,1900800.0102996826,-0.075039856,-0.08018255,72.77483
24.800724541980035,35.0326085145684,80.91604,4060799.9472141266,-0.022749051,-0.004446188,73.26925
24.626811465810288,35.05797113185407,83.9315,9763200.252342224,0.020698389,-0.01596202,72.504196
24.293478074173446,35.130434424522214,78.52256,8899199.948501587,0.0030827522,0.008830384,72.56403
24.278985574781007,35.18478260074926,85.36457,17539199.696159363,0.013305485,-0.022039857,71.14859
24.57246390714934,35.13405809180027,82.83649,10108800.15449524,0.028836396,-0.018752117,72.292274
24.278985574781007,35.18478260074926,85.36457,11318400.360488892,0.02796251,-0.012387082,71.196754
24.068840433535758,35.17753635462667,82.62194,5011200.226593018,-0.042715624,-0.043450154,71.39821
24.16304339770124,35.14130418675153,77.183464,13737599.675559998,0.039333813,-0.015957166,72.789536
24.409420185925658,35.126811301460926,78.58091,4665599.775981903,-0.028201021,-0.0066462774,72.42194
24.47463793572534,35.15579704180788,74.131996,8812800.247192383,0.010695612,-0.019316006,73.51604
24.655797039477626,35.09782643790763,82.953125,14687999.680709839,0.021723935,-0.023470584,72.289055
24.068840433535758,35.050724689208764,75.1399,9071999.899578094,-0.010750707,-0.02696985,73.02836
24.003623304347823,35.192029209683014,80.788605,18403200.0,0.0033798032,-0.037446015,73.278336
24.525362323808892,35.01449270273921,80.76379,7084800.187969208,-0.022502106,0.010560639,72.67212
24.35507260113369,35.04710138474188,76.478294,1814400.0347614288,-0.018391456,-0.006734155,72.970085
24.068840433535758,35.17753635462667,82.62194,2073599.9613761902,-0.02530218,-0.047724478,71.74901
24.278985653174068,35.159420527680346,80.15937,2332799.8879909515,-0.07489672,-0.043402955,71.544876
24.202898613755877,35.17753635462667,82.22561,15033599.582862854,0.013404559,-0.018351242,71.77931
24.271739312019278,35.0833337340226,74.97577,5961600.231742859,-0.032218106,-0.011977464,73.003654
24.24275355543479,35.275361916886446,83.709785,1987199.9858379364,-0.068014525,-0.096120335,71.78902
24.264492787947336,35.06521739309379,75.914215,7257600.139045715,-0.012059979,0.017040145,72.761154
24.62318819070881,35.09782625650204,81.14894,5356800.128746033,-0.028420247,0.0088340705,72.66016
24.55434784521419,35.039855304907746,78.730316,3369599.8686790466,-0.019533485,-0.013505854,72.85743
24.3985509616347,35.079710263267266,82.39983,10454400.056648254,0.020064712,-0.031401172,72.07436
24.586956589458925,35.03623181903528,81.050644,6652800.036048889,-0.013814382,0.0054392423,72.717606
24.286231733018653,35.16304365074164,82.86601,3369599.8686790466,-0.007822368,-0.02185401,71.59264
24.33695651306752,35.26449269887389,75.24537,2246400.0495672226,-0.081256196,-0.041979067,72.05902
24.409420264318722,35.097825908808005,75.01247,10454400.056648254,0.022374349,-0.020568606,73.443954
24.507246627708035,35.15217355593542,72.15966,13824000.4737854,0.026625358,-0.016293596,72.71685
24.528985389862203,35.079710263267266,73.800804,9158400.149345398,0.00781763,-0.010581147,73.790306
24.481884276880134,35.21376834109622,79.042,8208000.144195557,-0.0036893226,0.00759813,72.78668
24.55072462237475,35.07608730649443,88.70044,1123200.0247836113,0.0049250796,0.0011287555,71.97864
24.32608705359737,35.05434782738719,80.59564,8726399.99742508,0.009810839,-0.018542469,72.18936
24.15942034471344,35.02536261613985,84.04098,15033599.582862854,0.014957201,-0.04108782,71.04059
24.62318819070881,35.09782625650204,81.14894,17366400.293540955,0.0084545985,-0.026545469,72.338326
24.340579735906957,35.22101461745307,78.71513,11145599.860954285,0.032026272,-0.018719926,72.96085
24.423912946628306,35.13405791039468,84.735344,9849599.953651428,0.024022076,-0.02058994,71.969894
24.423912946628306,35.16304383214723,83.815254,2332799.8879909515,-0.021283537,-0.011074126,72.242386
24.423912946628306,35.13405791039468,84.735344,9590399.752807617,0.022139376,-0.018726371,71.99926
24.278985574781007,35.18478260074926,85.36457,3456000.11844635,-0.09256248,-0.02416411,72.0948
24.365941903817713,35.11594190204278,77.940506,2246400.0495672226,-0.026367843,-0.013239156,72.35649
24.40579730278949,34.98550712868071,82.545616,17107200.092697144,-0.004925467,-0.035843972,72.17195
24.46739112421217,35.10507235145331,77.031204,17452799.99485016,0.016184,-0.021129664,72.64591
24.507246418659868,35.018115659512056,74.98295,6393599.835205078,-0.014952265,0.004811978,73.669044
24.47463793572534,35.15579704180788,74.131996,15120000.381088257,0.027456421,-0.018255658,73.382515
24.40217392316393,35.07246365433351,77.73675,2937599.9909877777,-0.027196385,-0.012872167,72.70328
24.423912946628306,35.16304383214723,83.815254,13391999.773406982,0.031235201,-0.023813192,71.49294
24.141304256647267,35.05072417522627,80.839714,6912000.2368927,-0.044673108,0.0013845824,71.2467
24.3985509616347,35.079710263267266,82.39983,86400.00124722719,0.005723849,-0.0035060719,72.194016
24.521739153231497,35.18115965909355,80.50853,4492800.099134445,-0.017284226,-0.013022181,72.382645
24.268116089179838,35.07971042955572,81.07262,18403200.0,0.0031527914,-0.037351087,71.45549
24.423912946628306,35.13405791039468,84.735344,15983999.588012695,0.012808323,-0.022993706,71.4038
24.282608510179216,35.10869565592019,73.044136,10540799.757957458,0.016698787,-0.015416279,72.877
24.576087129988778,34.96376817111452,80.53768,11059200.15964508,0.028430436,-0.02517933,73.12417
24.068840433535758,35.17753635462667,82.62194,16156800.087547302,0.025216505,-0.034863938,72.03941
24.528985389862203,35.079710263267266,73.800804,14860800.180244446,0.025914786,-0.020576369,73.42385
24.85869584610084,35.31159408476158,76.05999,3715200.0450611115,-0.020609986,0.025330255,73.08419
24.235507135886934,35.09782643790763,86.62735,10713600.257492065,0.016062772,-0.021479592,71.39321
24.677536062942007,35.07971042955572,84.775665,14083199.577713013,0.02355485,-0.021551412,72.31412
24.40579722439643,35.07608730649443,81.130585,18316800.298690796,0.0011994801,-0.032177847,71.83629
24.51086948471318,35.141304337922854,75.965324,7084800.187969208,-0.009641882,0.013934355,73.44647
24.351449221508126,35.36231895652174,77.53338,432000.01480579376,-0.1393381,-0.117944464,73.32431
24.46739112421217,35.10507235145331,77.031204,6912000.2368927,-0.013009176,-0.0096611455,73.21754
24.576087129988778,34.96376817111452,80.53768,6912000.2368927,-0.017180122,0.0010756291,72.95699
24.572463802625258,35.028985391507106,77.31845,17971200.39653778,-0.003527157,-0.019235369,72.60801
24.40579722439643,35.07608730649443,81.130585,13996799.876403809,0.024075314,-0.024297986,72.22289
24.32608705359737,35.05434782738719,80.59564,3715200.0450611115,-0.027672417,-0.021732938,71.983505
24.409420342711783,35.02898555779556,73.23672,6566399.786281586,-0.009307373,0.0028297566,73.25522
24.33695651306752,35.26449269887389,75.24537,9244799.850654602,0.03803334,-0.041638836,73.20745
24.47463793572534,35.15579704180788,74.131996,13478399.474716187,0.024522603,-0.023049638,73.5239
24.57246390714934,35.13405809180027,82.83649,4233599.898290634,-0.024929404,-0.009950541,72.5029
24.351449221508126,35.36231895652174,77.53338,3542400.093984604,-0.10632458,-0.10165952,73.025635
24.003623304347823,35.192029209683014,80.788605,86400.00124722719,-0.115656435,-0.10915686,71.38776
24.800724541980035,35.0326085145684,80.91604,15638399.68585968,0.019449882,-0.0013637505,73.250275
24.24275355543479,35.275361916886446,83.709785,6652800.036048889,-0.021008048,-0.031888794,71.58793
24.365941903817713,35.11594190204278,77.940506,8208000.144195557,-0.022869334,-0.0018913578,72.84078
24.40579722439643,35.07608730649443,81.130585,5788799.732208252,-0.013516162,-0.007158747,72.20044
24.521739153231497,35.18115965909355,80.50853,10886399.660110474,0.017257633,-0.006649902,72.51629
24.275362351941567,35.02173896397893,79.32639,2937599.9909877777,-0.038475722,-0.01403188,71.843414
24.336956356281394,35.12681217825459,78.56935,12614400.267791748,0.023828058,-0.009939615,72.82984
24.40579722439643,35.07608730649443,81.130585,16070400.386238098,0.011216344,-0.03239105,72.0882
24.409420342711783,35.02898555779556,73.23672,17884799.598312378,0.005312234,-0.020176318,72.50947
24.518115930392057,35.170290078269815,76.7112,12095999.866104126,0.018953837,-0.014272325,73.63576
24.141304256647267,35.05072417522627,80.839714,2419199.8635292053,-0.053031854,-0.034256723,71.24529
24.282608510179216,35.10869565592019,73.044136,10886399.660110474,0.020898672,-0.019638937,72.87874
24.134057993885538,35.130434787333385,80.741425,9331199.551963806,0.022786727,-0.003420068,71.52225
24.282608510179216,35.10869565592019,73.044136,16761600.190544128,0.012795551,-0.021440428,73.1135
24.369565205050215,35.10507235145331,81.59638,4665599.775981903,-0.02611158,-0.011669286,71.950966
24.35507260113369,35.04710138474188,76.478294,864000.0296115875,-0.00043402612,-0.00622127,72.949356
24.409420264318722,35.137681214861566,85.684586,5615999.781131744,-0.03305666,0.0052305833,72.449646
24.572463802625258,35.028985391507106,77.31845,15120000.381088257,0.018104695,-0.016585454,73.42682
24.24275355543479,35.275361916886446,83.709785,2851200.015449524,-0.067461014,-0.09031752,71.90044
24.409420342711783,35.02898555779556,73.23672,4579200.074672699,-0.016223688,0.00023225509,73.35438
24.40217392316393,35.07246365433351,77.73675,8467199.796581268,-0.0035086796,0.008588646,73.018486
24.177536001617764,35.01449252133363,77.3516,9935999.654960632,0.018674588,-0.022947624,72.604965
24.60144921950647,34.9456523441682,85.40489,13478399.474716187,0.028909989,-0.019228846,72.52091
24.369565205050215,35.10507235145331,81.59638,8639999.747657776,0.014661489,-0.01760853,72.1025
24.576087129988778,34.96376817111452,80.53768,10799999.95880127,0.02777827,-0.024958842,73.11745
24.171296292717127,35.10648163098043,78.049835,15724800.484085083,0.016235834,-0.025581311,72.93803
24.33695651306752,35.26449269887389,75.24537,11836799.665260315,0.046402827,-0.045385554,73.4664
24.43478277193275,35.06521686399416,78.38795,2937599.9909877777,-0.032790773,-0.007887933,72.710365
24.641304357168043,34.938405387540406,81.3883,12527999.469566345,0.02562416,-0.038326714,73.02978
24.278985574781007,35.18478260074926,85.36457,1123200.0247836113,-0.09141338,-0.0318003,71.92122
24.33695651306752,35.26449269887389,75.24537,10799999.95880127,0.04197663,-0.04666102,73.28717
24.659420157792983,35.13768139626715,82.9603,10368000.35533905,0.025619846,-0.014696017,72.503006
24.202898613755877,35.17753635462667,82.22561,11318400.360488892,0.025084462,-0.023313351,71.3489
24.3985509616347,35.079710263267266,82.39983,17452799.99485016,0.01422721,-0.02863653,71.71201
24.3985509616347,35.079710263267266,82.39983,7862400.2420425415,0.0167358,-0.003183132,72.08064
24.51086948471318,35.141304337922854,75.965324,9590399.752807617,0.008631544,-0.00069436245,73.73975
24.525362323808892,35.01449270273921,80.76379,1900800.0102996826,-0.0073745362,0.0022291094,72.627144
24.5036234048686,34.94565269942081,84.86278,8467199.796581268,-0.0045298077,0.0048768986,72.33227
24.373188532413735,34.85507217391305,83.68782,5011200.226593018,-0.024952315,-0.0075590815,72.27864
24.507246627708035,35.15217355593542,72.15966,10281599.557113647,0.02480856,-0.019497622,73.061905
24.16304339770124,35.14130418675153,77.183464,9849599.953651428,0.031739827,-0.013788436,72.3646
24.822463669968496,35.11956556932083,79.471794,13478399.474716187,0.026181413,-0.00795144,73.821175
24.608695560661264,35.210145036629335,80.071884,9676799.454116821,0.009603942,0.013640807,72.90802
24.5036234048686,34.94565269942081,84.86278,2159999.936914444,0.0009379834,-0.005330093,72.37545
24.3913043591697,35.05434799367564,86.750465,13996799.876403809,0.017965088,-0.010682914,71.93242
24.608695560661264,35.210145036629335,80.071884,16070400.386238098,0.018823454,-0.016956761,72.22423
24.503623143558386,34.916666955294566,80.479385,18403200.0,-0.012461264,0.015368305,72.85609
24.731883987437246,34.999999998854186,80.17734,13132799.572563171,0.015270418,-0.019251104,73.56394
24.423912946628306,35.16304383214723,83.815254,6566399.786281586,0.0036845692,-0.01897768,72.18917
24.57246390714934,35.13405809180027,82.83649,6480000.084972382,-0.021586299,-0.003894845,72.41581
24.572463802625258,35.028985391507106,77.31845,14947199.88155365,0.01938828,-0.015060071,73.472374
24.800724541980035,35.0326085145684,80.91604,12182399.56741333,0.027002033,0.0005044155,73.75125
24.15217408195171,35.09782609021359,90.079155,15379199.48501587,0.031439938,-0.028803892,71.20638
24.57608686867857,35.22463755910878,78.28966,2073599.9613761902,-0.014194902,-0.007061068,72.35837
24.32608705359737,35.05434782738719,80.59564,11059200.15964508,0.024273343,-0.025711201,72.297325
24.271739312019278,35.0833337340226,74.97577,2764800.03991127,-0.0472453,-0.010622121,73.08546
24.340579657513896,35.072464168316,77.031204,8639999.747657776,-0.006319113,0.015132962,72.924545
24.423912946628306,35.13405791039468,84.735344,17279999.49531555,-0.00030500442,-0.019611008,71.28444
24.731884091961334,34.88405773852335,82.62194,7430400.090122223,-0.010407664,0.018232495,73.20476
24.608695560661264,35.210145036629335,80.071884,2332799.8879909515,-0.025513545,-0.0073598325,72.3513
24.782608845879178,35.07246365433351,80.82854,1728000.059223175,-0.0054145306,-0.0005646888,73.27575
24.068840433535758,35.17753635462667,82.62194,4579200.074672699,-0.045861654,-0.044111937,71.50411
24.75362311542571,35.148550251468535,82.31272,11231999.562263489,0.015452167,-0.01540073,73.07845
24.49275373635028,34.95652190987481,78.13308,15206400.082397461,0.009931566,-0.006909875,73.11099
24.49275373635028,35.04710138474188,79.64641,13737599.675559998,0.014261663,-0.026306126,72.940735
24.62318819070881,35.09782625650204,81.14894,10022400.453186035,0.009130703,-0.0071373265,72.83755
24.57608686867857,35.22463755910878,78.28966,15638399.68585968,0.022479817,-0.016197775,72.81382
24.677536062942007,35.07971042955572,84.775665,16329599.49016571,0.009778587,-0.019730687,71.9364
24.507246418659868,35.018115659512056,74.98295,9504000.051498413,0.009517496,-0.008236615,73.83198
24.507246418659868,35.018115659512056,74.98295,13391999.773406982,0.026339062,-0.00924197,73.803375
24.15217408195171,35.09782609021359,90.079155,17107200.092697144,0.018216655,-0.03984911,70.848724
24.880434869565217,35.11594208344836,73.60822,9071999.899578094,0.014074979,0.006326654,73.64407
24.373188349496587,35.09782609021359,73.044136,14515200.27809143,0.021378558,-0.033390544,73.16255
24.655797039477626,35.09782643790763,82.953125,11318400.360488892,0.025974493,-0.025807425,72.59784
24.340579657513896,35.072464168316,77.031204,13824000.4737854,0.023037978,-0.0038559176,73.13238
24.177536001617764,35.01449252133363,77.3516,16156800.087547302,0.013759248,-0.03384119,72.66314
24.336956356281394,35.12681217825459,78.56935,6480000.084972382,-0.032149173,0.0060643293,72.36968
24.507246418659868,35.018115659512056,74.98295,8467199.796581268,0.0027445368,0.004347341,73.829445
24.507246627708035,35.15217355593542,72.15966,6134400.182819366,-0.030642278,0.0118057085,73.23647
24.619565229179578,35.18478278215484,82.255135,9763200.252342224,0.023694035,-0.010035012,72.43477
24.268116089179838,35.07971042955572,81.07262,6480000.084972382,-0.026215829,-0.026172329,71.75731
24.55434784521419,35.039855304907746,78.730316,10195199.855804443,0.018068101,-0.019302815,73.541046
24.619565229179578,35.18478278215484,82.255135,3542400.093984604,-0.024067067,-0.010385606,72.468185
24.177536001617764,35.01449252133363,77.3516,15120000.381088257,0.024468724,-0.032443527,72.741554
24.373188532413735,34.85507217391305,83.68782,18316800.298690796,0.0038553402,-0.03235281,72.69658
24.576087129988778,34.96376817111452,80.53768,8035200.193119049,-0.0037497096,-0.008709591,73.00862
24.728260869121893,35.15579704180788,79.23173,5270399.878978729,-0.027329557,0.00958753,73.094574
24.141304256647267,35.05072417522627,80.839714,15120000.381088257,0.014983583,-0.03104544,71.781334
24.47463793572534,35.15579704180788,74.131996,12873600.46863556,0.02235743,-0.025768042,73.52865
24.271739312019278,35.0833337340226,74.97577,5702400.030899048,-0.034637846,-0.011715472,72.99993
24.278985574781007,35.18478260074926,85.36457,13824000.4737854,0.03324634,-0.01624152,70.959724
24.62318819070881,35.09782625650204,81.14894,6998399.938201904,-0.02418346,0.011880936,72.789024
24.068840433535758,35.17753635462667,82.62194,604799.9658823013,-0.052354112,-0.020168912,71.70747
24.57246390714934,35.13405809180027,82.83649,2246400.0495672226,-0.013996415,-0.009227956,72.538055
24.655797039477626,35.09782643790763,82.953125,6652800.036048889,-0.012564473,0.0038647447,72.71328
24.141304256647267,35.05072417522627,80.839714,16847999.891853333,0.0017124824,-0.03568319,71.730415
24.62318819070881,35.09782625650204,81.14894,12355200.066947937,0.020071035,-0.018339723,72.899704
24.72463775080654,35.097825908808005,83.506035,10713600.257492065,0.021511318,-0.024401467,72.77178
24.623188347494935,34.98550731008629,86.27349,13996799.876403809,0.03626741,-0.02078702,72.44131
24.731884091961334,34.88405773852335,82.62194,4665599.775981903,-0.018449277,0.005990591,73.08496
24.16304339770124,35.14130418675153,77.183464,2937599.9909877777,-0.0590809,-0.0813866,72.590836
24.32608705359737,35.05434782738719,80.59564,5961600.231742859,-0.014557235,-0.021693878,72.02045
24.659420157792983,35.13768139626715,82.9603,3023999.9665260315,-0.022284035,0.007071711,72.63308
24.409420342711783,35.02898555779556,73.23672,13824000.4737854,0.016963463,-0.0027300268,73.305145
24.3913043591697,35.05434799367564,86.750465,7257600.139045715,-0.0053435415,0.02088584,72.19592
24.46739112421217,35.10507235145331,77.031204,16329599.49016571,0.012119899,-0.020799965,72.86224
24.423912946628306,35.13405791039468,84.735344,0.0,-0.014262307,0.021010615,72.043655
24.60144921950647,34.9456523441682,85.40489,2332799.8879909515,-0.0025964454,0.015007066,72.74646
24.576087129988778,34.96376817111452,80.53768,4752000.025749207,-0.02037884,-0.00091938116,72.783646
24.782608845879178,35.07246365433351,80.82854,15811200.185394287,0.0038207583,-0.006466659,73.047585
24.2137679164399,35.101449394680465,78.1842,13305600.072097778,0.027924698,-0.024087638,72.69665
24.351449221508126,35.36231895652174,77.53338,12009600.164794922,0.056541733,-0.01816924,73.27926
24.409420342711783,35.02898555779556,73.23672,10022400.453186035,0.019345446,-0.010299828,73.32254
24.15942034471344,35.02536261613985,84.04098,5443199.830055237,-0.026355527,-0.019229367,71.78926
24.3985509616347,35.079710263267266,82.39983,15811200.185394287,0.015235765,-0.03135165,71.84977
24.481884276880134,35.21376834109622,79.042,13391999.773406982,0.025638696,0.0003616456,72.83265
24.49275373635028,35.04710138474188,79.64641,11145599.860954285,0.018676253,-0.020174518,73.07647
24.626811465810288,35.05797113185407,83.9315,17798399.897003174,0.0057458915,-0.0022817217,71.98372
24.576087129988778,34.96376817111452,80.53768,5184000.177669525,-0.02122558,-0.00021424517,72.814285
24.351449221508126,35.36231895652174,77.53338,6134400.182819366,-0.0034930743,-0.022428226,72.601234
24.2137679164399,35.101449394680465,78.1842,7084800.187969208,-0.017483763,-0.013202053,72.13943
24.275362351941567,35.02173896397893,79.32639,5184000.177669525,-0.030785672,-0.013155162,71.83034
24.782608845879178,35.07246365433351,80.82854,8553600.046348572,0.0016085058,0.011720686,73.53653
24.85869584610084,35.31159408476158,76.05999,10540799.757957458,0.025048435,-0.02894279,73.44043
24.579710091518006,35.06884069756067,84.24473,15638399.68585968,0.0034103245,-0.01466817,71.96284
24.525362323808892,35.01449270273921,80.76379,11059200.15964508,0.024602879,-0.028163899,72.83153
24.62318819070881,35.09782625650204,81.14894,16934399.593162537,0.008432031,-0.028079528,72.419304
24.619565229179578,35.18478278215484,82.255135,14342399.778556824,0.030381799,-0.02385157,72.19508
24.271739312019278,35.0833337340226,74.97577,13564800.27294159,0.03143824,-0.009569198,73.08434
24.373188532413735,34.85507217391305,83.68782,14256000.07724762,0.018076893,-0.038997725,72.17772
24.782608845879178,35.07246365433351,80.82854,11750399.96395111,0.023155011,-0.009986635,73.62651
24.40217392316393,35.07246365433351,77.73675,5529600.07982254,-0.030129313,-0.0094974395,72.725395
24.202898613755877,35.17753635462667,82.22561,864000.0296115875,-0.03531941,-0.05249448,71.34612
24.32608705359737,35.05434782738719,80.59564,5529600.07982254,-0.01833773,-0.021504927,72.00702
24.576087129988778,34.96376817111452,80.53768,14687999.680709839,0.024762267,-0.019674323,73.10348
24.49275373635028,34.95652190987481,78.13308,11491199.7631073,0.00661226,-0.018597607,73.68162
24.068840433535758,35.17753635462667,82.62194,14947199.88155365,0.034247678,-0.03120767,71.898926
24.24275355543479,35.275361916886446,83.709785,16502399.989700317,0.030033823,-0.026454851,71.35866
24.5036234048686,34.94565269942081,84.86278,8121599.894428253,-0.00922554,0.004654059,72.361465
24.373188349496587,35.09782609021359,73.044136,13132799.572563171,0.026779776,-0.02921236,73.20455
24.503623143558386,34.916666955294566,80.479385,4406400.123596191,-0.024151973,-0.013171624,73.06163
24.53985505838052,35.14492730981283,78.72631,18230399.500465393,0.008821879,-0.024838027,72.53566
24.626811465810288,35.05797113185407,83.9315,11404800.061798096,0.027386561,-0.028147649,72.495834
24.35507260113369,35.04710138474188,76.478294,17366400.293540955,0.010028256,-0.019455474,72.41702
24.242753659958876,34.931159481553294,83.59315,3542400.093984604,-0.025307365,-0.010911565,71.70331
24.503623143558386,34.916666955294566,80.479385,10022400.453186035,0.0034314543,-0.0011454374,72.89181
24.3913043591697,35.05434799367564,86.750465,12873600.46863556,0.024295148,-0.011707645,71.925995
24.47463793572534,35.15579704180788,74.131996,13564800.27294159,0.024868594,-0.022709671,73.5208
24.528985389862203,35.079710263267266,73.800804,3628800.0695228577,-0.018712778,-0.008508043,73.52678
24.293478074173446,35.130434424522214,78.52256,8121599.894428253,-0.01395534,0.003650047,72.45705
24.75362311542571,35.148550251468535,82.31272,2937599.9909877777,-0.038777962,0.016453262,72.71014
24.271739312019278,35.0833337340226,74.97577,10627199.459266663,0.023429902,-0.023762092,72.909035
24.728260869121893,35.15579704180788,79.23173,5702400.030899048,-0.026388288,0.010527194,73.17075
24.340579657513896,35.072464168316,77.031204,6047999.933052063,-0.026249334,-0.0073561743,72.75031
24.423912946628306,35.16304383214723,83.815254,12700799.969100952,0.030685974,-0.026175015,71.58651
24.134057993885538,35.130434787333385,80.741425,9676799.454116821,0.025608338,-0.007255269,71.57895
24.731884091961334,34.88405773852335,82.62194,11231999.562263489,0.01852881,-0.010331485,73.071655
24.24275355543479,35.275361916886446,83.709785,8639999.747657776,0.025522618,0.011876331,71.23501
24.53985505838052,35.14492730981283,78.72631,8639999.747657776,-0.002387505,0.012200148,73.18838
24.55434784521419,35.039855304907746,78.730316,15897599.886703491,0.010060456,-0.03122447,73.00396
24.731884091961334,34.88405773852335,82.62194,16416000.288391113,0.0062468797,-0.018232536,72.64106
24.518115930392057,35.170290078269815,76.7112,4147199.9227523804,-0.02929151,0.008789783,72.83039
24.60144921950647,34.9456523441682,85.40489,2678400.0643730164,-0.007456217,0.017014187,72.803215
24.528985389862203,35.079710263267266,73.800804,12960000.169944763,0.026366416,-0.01995074,73.68986
24.068840433535758,35.050724689208764,75.1399,1814400.0347614288,-0.036352053,-0.03554512,72.64007
24.49275373635028,34.95652190987481,78.13308,6307200.133895874,-0.031841084,0.006880625,73.11384
24.43478251062254,35.050724689208764,81.254395,5443199.830055237,-0.021907419,-0.010662403,72.28364
24.40217392316393,35.07246365433351,77.73675,9071999.899578094,0.008342113,0.00010225177,73.11261
24.06159400092239,35.235507653915,77.223785,18316800.298690796,0.013879549,-0.048424035,73.79403
24.471014503837736,35.137681214861566,84.09494,14515200.27809143,0.020258853,-0.017751217,71.61162
24.3913043591697,35.05434799367564,86.750465,10108800.15449524,0.026195398,-0.005658876,72.119736
24.514492864338745,35.152173737341,77.98083,5529600.07982254,-0.024247177,0.0022628028,72.930336
24.235507135886934,35.09782643790763,86.62735,4665599.775981903,-0.024807066,0.009512313,72.29971
24.134057993885538,35.130434787333385,80.741425,15206400.082397461,0.013753118,-0.020671863,72.29394
24.423912946628306,35.13405791039468,84.735344,7171199.889278412,-0.0218216,-0.0047613587,72.29512
24.471014503837736,35.137681214861566,84.09494,12960000.169944763,0.027718034,-0.024090447,71.723335
24.521739153231497,35.18115965909355,80.50853,13564800.27294159,0.029121187,-0.0034465976,72.42163
24.46739112421217,35.10507235145331,77.031204,432000.01480579376,0.0166727,0.0013685003,72.82926
24.3985509616347,35.079710263267266,82.39983,10886399.660110474,0.020539084,-0.03271435,72.08014
24.52536253285706,35.05797113185407,79.99595,15724800.484085083,0.013941493,-0.035304453,72.6462
24.728260869121893,35.15579704180788,79.23173,6998399.938201904,-0.013222974,0.013525242,73.45228
24.003623304347823,35.192029209683014,80.788605,8121599.894428253,0.0097696055,0.0016433839,70.8197
24.3985509616347,35.079710263267266,82.39983,10368000.35533905,0.020016884,-0.030905023,72.071884
24.3913043591697,35.05434799367564,86.750465,13132799.572563171,0.023393948,-0.010907527,71.92198
24.24275355543479,35.275361916886446,83.709785,5356800.128746033,-0.0463366,-0.06679805,71.73362
24.15217408195171,35.09782609021359,90.079155,17625600.494384766,0.014805669,-0.041109495,70.85678
24.514492864338745,35.152173737341,77.98083,3110399.9420642853,-0.023353852,-0.0021060258,72.62457
24.521739153231497,35.18115965909355,80.50853,2332799.8879909515,-0.015313927,-0.0049244706,72.180176
24.358695745580064,35.14492749121842,79.46463,9071999.899578094,0.016429137,-0.0024037287,72.56425
24.16304339770124,35.14130418675153,77.183464,8467199.796581268,0.021212712,-0.015992302,72.369415
24.525362323808892,35.01449270273921,80.76379,2764800.03991127,-0.010787208,-0.0045046415,72.621315
24.351449221508126,35.36231895652174,77.53338,15897599.886703491,0.035114005,-0.030432552,73.190704
24.373188532413735,34.85507217391305,83.68782,14083199.577713013,0.018588854,-0.03889364,72.180275
24.003623304347823,35.192029209683014,80.788605,13046399.871253967,0.034641217,-0.024413694,71.63101
24.51086948471318,35.141304337922854,75.965324,5184000.177669525,-0.01624912,-0.0010855552,73.20215
24.51086948471318,35.141304337922854,75.965324,6998399.938201904,-0.00963686,0.013549076,73.437454
24.75362311542571,35.148550251468535,82.31272,11750399.96395111,0.015215222,-0.017377894,73.07232
24.62318819070881,35.09782625650204,81.14894,17625600.494384766,0.00823573,-0.025453188,72.286316
24.525362323808892,35.01449270273921,80.76379,15551999.984550476,0.010944683,-0.039050166,72.74415
24.2137679164399,35.101449394680465,78.1842,5875199.981975555,-0.018623259,-0.029366553,72.04723
24.423912946628306,35.13405791039468,84.735344,11404800.061798096,0.027163092,-0.02420422,71.77486
24.731883987437246,34.999999998854186,80.17734,17366400.293540955,0.008937029,-0.021825112,73.161575
24.32608705359737,35.05434782738719,80.59564,14428799.479866028,0.020098284,-0.0286511,72.142494
24.141304256647267,35.05072417522627,80.839714,11145599.860954285,0.020587852,-0.02506794,71.7632
24.442029139218562,35.043478080275,76.86345,17539199.696159363,0.009842701,-0.024306145,72.48941
24.518115930392057,35.170290078269815,76.7112,13824000.4737854,0.02612187,-0.009646196,73.43226
24.293478074173446,35.130434424522214,78.52256,13737599.675559998,0.024160493,-0.012643669,72.72829
24.068840433535758,35.17753635462667,82.62194,12009600.164794922,0.038107798,-0.040239364,71.20482
24.264492787947336,35.06521739309379,75.914215,14947199.88155365,0.015905729,-0.010862719,73.08273
24.24275355543479,35.275361916886446,83.709785,5097599.927902222,-0.05022496,-0.07118285,71.770836
24.62318819070881,35.09782625650204,81.14894,1209599.9317646027,-0.0029247291,0.009143591,72.62383
24.16304339770124,35.14130418675153,77.183464,15551999.984550476,0.030039357,-0.02461896,73.12158
24.134057993885538,35.130434787333385,80.741425,9849599.953651428,0.026321743,-0.009415669,71.60594
24.503623143558386,34.916666955294566,80.479385,10108800.15449524,0.004931681,-0.002669841,72.89658
24.51086948471318,35.141304337922854,75.965324,3542400.093984604,-0.020279411,-0.007773664,73.01083
24.60144921950647,34.9456523441682,85.40489,4924799.976825714,-0.024696968,0.021533132,72.72682
24.49275373635028,35.04710138474188,79.64641,3023999.9665260315,-0.025099203,-0.0030182842,72.62257
24.586956589458925,35.03623181903528,81.050644,13910400.175094604,0.021042652,-0.019872807,72.83711
24.782608845879178,35.07246365433351,80.82854,16329599.49016571,0.0038120337,-0.0018922966,72.93211
24.373188349496587,35.09782609021359,73.044136,6739199.737358093,-0.0012796782,-0.023510199,73.131546
24.409420264318722,35.137681214861566,85.684586,9590399.752807617,0.019722233,-0.011583578,71.92274
24.655797039477626,35.09782643790763,82.953125,5356800.128746033,-0.022752054,0.006808657,72.68094
24.33695651306752,35.26449269887389,75.24537,11231999.562263489,0.04354729,-0.046549387,73.3546
24.528985389862203,35.079710263267266,73.800804,16156800.087547302,0.018014764,-0.025923114,73.134605
24.782608845879178,35.07246365433351,80.82854,7689599.742507935,-0.013156112,0.020764327,73.54965
24.16304339770124,35.14130418675153,77.183464,7689599.742507935,0.0119186025,-0.024527356,72.38563
24.17028990870767,35.119565206509655,75.23819,2505600.113296509,-0.06953403,-0.061283395,72.95171
24.75362311542571,35.148550251468535,82.31272,10540799.757957458,0.016935391,-0.011800032,73.01122
24.235507135886934,35.09782643790763,86.62735,3283199.893140793,-0.012633506,0.02522289,72.3145
24.32608705359737,35.05434782738719,80.59564,7603200.0411987305,-0.0030107796,-0.01844433,72.118004
24.409420342711783,35.02898555779556,73.23672,9331199.551963806,0.01378165,-0.003469035,73.28544
24.60144921950647,34.9456523441682,85.40489,13391999.773406982,0.029124841,-0.019287132,72.522484
24.60144921950647,34.9456523441682,85.40489,9417600.350189209,0.018239096,-0.008366672,72.68649
24.17028990870767,35.119565206509655,75.23819,10108800.15449524,0.025144137,-0.0016381983,72.49633
24.55434784521419,35.039855304907746,78.730316,10022400.453186035,0.018405417,-0.01796427,73.53319
24.655797039477626,35.09782643790763,82.953125,1900800.0102996826,-0.008325808,0.0017518178,72.83341
24.373188532413735,34.85507217391305,83.68782,6998399.938201904,-0.020092104,-0.01637027,72.05927
24.278985653174068,35.159420527680346,80.15937,8639999.747657776,0.0036638863,-0.017844915,72.15964
24.3985509616347,35.079710263267266,82.39983,1555199.9710321426,-0.0081920065,-0.0011660438,72.06611
24.51086948471318,35.141304337922854,75.965324,7775999.992275238,-0.009236164,0.014778636,73.52418
24.358695745580064,35.14492749121842,79.46463,12355200.066947937,0.026657395,-0.010627035,72.63711
24.481884276880134,35.21376834109622,79.042,13824000.4737854,0.023742385,-0.0011984371,72.76673
24.2137679164399,35.101449394680465,78.1842,9504000.051498413,0.016577449,0.009501323,72.33924
24.55072462237475,35.07608730649443,88.70044,12268800.365638733,0.033852343,-0.018773675,72.66597
24.49275373635028,35.04710138474188,79.64641,15724800.484085083,0.0038939603,-0.0353828,72.68848
24.423912946628306,35.16304383214723,83.815254,4752000.025749207,-0.017712206,-0.007912204,72.219315
24.409420185925658,35.126811301460926,78.58091,10454400.056648254,0.02139127,-0.0055757035,73.00915
24.782608845879178,35.07246365433351,80.82854,10281599.557113647,0.017552324,-0.00571947,73.548874
24.409420342711783,35.02898555779556,73.23672,15292799.783706665,0.012349607,-0.017613858,73.186584
24.152173912100075,34.942029039701325,85.189964,16243199.788856506,0.0064406693,-0.023057241,71.199844
24.481884276880134,35.21376834109622,79.042,14342399.778556824,0.019849004,-0.004805263,72.67797
24.171296292717127,35.10648163098043,78.049835,950400.0051498413,-0.03550096,-0.0317567,71.598
24.32608705359737,35.05434782738719,80.59564,13391999.773406982,0.022151975,-0.026669197,72.227486
24.677536062942007,35.07971042955572,84.775665,17107200.092697144,0.002325546,-0.016617183,71.86536
24.47463793572534,35.15579704180788,74.131996,1036799.9806880951,-0.007762663,0.001101857,72.8205
24.619565229179578,35.18478278215484,82.255135,7257600.139045715,0.001839716,-0.017930608,72.552795
24.373188532413735,34.85507217391305,83.68782,17539199.696159363,0.006153837,-0.03381909,72.48897
24.655797039477626,35.09782643790763,82.953125,17539199.696159363,0.0021468364,-0.01682181,71.94474
24.731884091961334,34.88405773852335,82.62194,7084800.187969208,-0.009550862,0.020046119,73.15587
24.40217392316393,35.07246365433351,77.73675,604799.9658823013,0.004979223,-0.0017656554,72.70253
24.62318819070881,35.09782625650204,81.14894,1382400.019955635,-0.0057057403,0.007947461,72.61673
24.264492787947336,35.06521739309379,75.914215,16243199.788856506,0.007288605,-0.01958926,72.98973
24.800724541980035,35.0326085145684,80.91604,5529600.07982254,-0.020029023,0.0037492588,73.33187
24.800724541980035,35.0326085145684,80.91604,8208000.144195557,0.0025996007,0.015654042,73.60121
24.52536253285706,35.05797113185407,79.99595,7343999.840354919,-0.0015372001,-0.013518687,72.81431
24.49275373635028,34.95652190987481,78.13308,259199.99517202377,-0.011139967,0.021234129,73.38012
24.17028990870767,35.119565206509655,75.23819,14687999.680709839,0.02408184,-0.015979115,73.03502
24.16304339770124,35.14130418675153,77.183464,11923200.463485718,0.036605384,-0.019044489,72.567474
24.72463775080654,35.097825908808005,83.506035,11059200.15964508,0.022372954,-0.02492996,72.768555
24.06159400092239,35.235507653915,77.223785,4924799.976825714,-0.06269689,-0.05691631,71.789566
24.731883987437246,34.999999998854186,80.17734,17279999.49531555,0.007683281,-0.02257773,73.17448
24.85869584610084,35.31159408476158,76.05999,16847999.891853333,0.035170868,-0.0411767,72.31861
24.503623143558386,34.916666955294566,80.479385,13132799.572563171,0.02463178,-0.012013752,72.94048
24.507246418659868,35.018115659512056,74.98295,8121599.894428253,-0.0016150512,0.0066690547,73.81813
24.409420185925658,35.126811301460926,78.58091,17539199.696159363,0.01829328,-0.021622524,72.34632
24.286231733018653,35.16304365074164,82.86601,12614400.267791748,0.028306998,-0.021011163,71.43575
24.800724541980035,35.0326085145684,80.91604,15379199.48501587,0.018962149,-0.00048968196,73.31399
24.572463802625258,35.028985391507106,77.31845,2592000.0888347626,-0.023618013,-0.008092979,73.266266
24.655797039477626,35.09782643790763,82.953125,3628800.0695228577,-0.023370333,0.004608238,72.71398
24.24275355543479,35.275361916886446,83.709785,13824000.4737854,0.031865466,-0.011519231,71.13421
24.471014503837736,35.137681214861566,84.09494,6480000.084972382,-0.023765847,-0.004951967,72.34602
24.608695560661264,35.210145036629335,80.071884,17452799.99485016,0.01191505,-0.011778407,71.94954
24.264492787947336,35.06521739309379,75.914215,10454400.056648254,0.021106575,-0.0032013934,72.8986
24.880434869565217,35.11594208344836,73.60822,7516799.791431427,-0.016309593,0.029491063,73.57039
24.40579722439643,35.07608730649443,81.130585,950400.0051498413,0.000509426,-0.012200832,72.181015
24.373188349496587,35.09782609021359,73.044136,5356800.128746033,-0.00929337,-0.025414567,73.238785
24.373188532413735,34.85507217391305,83.68782,11836799.665260315,0.0059495717,-0.033152346,72.28515
24.068840433535758,35.050724689208764,75.1399,17971200.39653778,-0.0045916773,-0.038879544,73.07325
24.282608510179216,35.10869565592019,73.044136,14601599.979400635,0.026914582,-0.011600923,72.901665
24.409420264318722,35.137681214861566,85.684586,12527999.469566345,0.030770216,-0.013340145,71.68281
24.134057993885538,35.130434787333385,80.741425,14515200.27809143,0.019233253,-0.01690502,72.2142
24.731884091961334,34.88405773852335,82.62194,7948799.943351746,-0.010802086,0.0115953935,73.254105
24.731884091961334,34.88405773852335,82.62194,345600.00498890877,-7.658824e-05,0.012483592,72.95284
24.275362351941567,35.02173896397893,79.32639,16761600.190544128,0.0042176805,-0.04372748,72.0177
24.619565229179578,35.18478278215484,82.255135,9071999.899578094,0.018025363,-0.013577342,72.49382
24.068840433535758,35.17753635462667,82.62194,6825599.987125397,-0.00746483,-0.0442489,70.898125
24.52536253285706,35.05797113185407,79.99595,8208000.144195557,0.003997039,-0.010008514,72.8898
24.16304339770124,35.14130418675153,77.183464,11145599.860954285,0.033132788,-0.020504177,72.4815
24.51086948471318,35.141304337922854,75.965324,172800.00249445438,-0.021671034,0.019158062,72.76895
24.17028990870767,35.119565206509655,75.23819,17279999.49531555,0.013017975,-0.019793082,73.30298
24.286231733018653,35.16304365074164,82.86601,12009600.164794922,0.028887495,-0.022058252,71.4327
24.068840433535758,35.050724689208764,75.1399,5443199.830055237,-0.03426613,-0.03851428,73.16899
24.358695745580064,35.14492749121842,79.46463,13824000.4737854,0.024218319,-0.006644001,72.5345
24.340579657513896,35.072464168316,77.031204,16243199.788856506,0.008903356,-0.022668619,72.69476
24.423912946628306,35.13405791039468,84.735344,950400.0051498413,-0.019306634,0.016336929,72.219734
24.275362351941567,35.02173896397893,79.32639,15983999.588012695,0.009399597,-0.04053486,72.1416
24.409420264318722,35.137681214861566,85.684586,6652800.036048889,-0.02601961,0.013265674,72.43961
24.141304256647267,35.05072417522627,80.839714,3887999.996137619,-0.05213116,-0.028221875,71.10728
24.268116089179838,35.07971042955572,81.07262,8121599.894428253,-0.011484504,-0.011408307,71.85428
24.822463669968496,35.11956556932083,79.471794,10108800.15449524,0.012472155,-0.014150053,73.83242
24.47463793572534,35.15579704180788,74.131996,5184000.177669525,-0.025345378,-0.015014935,73.27959
24.43478251062254,35.050724689208764,81.254395,14687999.680709839,0.019614456,-0.033355847,72.32069
24.880434869565217,35.11594208344836,73.60822,9849599.953651428,0.024795916,-0.007499896,73.64591
24.40217392316393,35.07246365433351,77.73675,8035200.193119049,-0.011534333,0.011799697,72.952705
24.619565229179578,35.18478278215484,82.255135,5961600.231742859,-0.016634334,-0.014089547,72.55007
24.782608845879178,35.07246365433351,80.82854,7603200.0411987305,-0.013999339,0.02090405,73.54446
24.177536001617764,35.01449252133363,77.3516,5356800.128746033,-0.019364621,-0.026188888,72.2613
24.525362323808892,35.01449270273921,80.76379,8553600.046348572,-0.0068988167,0.0076578083,72.77281
24.608695560661264,35.210145036629335,80.071884,3369599.8686790466,-0.03137833,-0.00583151,72.440575
24.365941903817713,35.11594190204278,77.940506,9417600.350189209,0.00053092465,-0.004367193,72.977356
24.177536001617764,35.01449252133363,77.3516,17107200.092697144,0.0031564385,-0.03391952,72.52875
24.068840433535758,35.17753635462667,82.62194,12095999.866104126,0.038187247,-0.039881505,71.22367
24.72463775080654,35.097825908808005,83.506035,7689599.742507935,-0.012843519,0.0044282395,72.9431
24.49275373635028,35.04710138474188,79.64641,16675200.489234924,-0.00195688,-0.03422058,72.54181
24.15942034471344,35.02536261613985,84.04098,16243199.788856506,0.0043053776,-0.044754364,70.97232
24.880434869565217,35.11594208344836,73.60822,777599.9855160713,0.0032851025,0.004999602,73.60866
24.55434784521419,35.039855304907746,78.730316,1900800.0102996826,-0.015792001,-0.007889528,72.97432
24.49275373635028,35.04710138474188,79.64641,8985600.19826889,0.0008870587,0.004869746,72.97573
24.17028990870767,35.119565206509655,75.23819,17020800.39138794,0.014716418,-0.020934548,73.300255
24.623188347494935,34.98550731008629,86.27349,12182399.56741333,0.03778883,-0.02395574,72.62596
24.171296292717127,35.10648163098043,78.049835,3542400.093984604,-0.041063227,-0.027609445,72.11948
24.677536062942007,35.07971042955572,84.775665,6566399.786281586,0.0044664666,-0.002689574,72.900154
24.365941903817713,35.11594190204278,77.940506,15206400.082397461,0.013352456,-0.00943779,72.76817
24.507246627708035,35.15217355593542,72.15966,172800.00249445438,-0.057930194,0.005165523,73.011246
24.507246627708035,35.15217355593542,72.15966,12873600.46863556,0.027917702,-0.017828707,72.83976
24.2137679164399,35.101449394680465,78.1842,10627199.459266663,0.022063697,-0.012672108,72.46599
24.655797039477626,35.09782643790763,82.953125,17884799.598312378,-0.0036094598,-0.01370037,71.90038
24.55434784521419,35.039855304907746,78.730316,9158400.149345398,0.018696036,-0.01033755,73.46424
24.641304357168043,34.938405387540406,81.3883,5443199.830055237,-0.00708507,-0.010723699,72.9387
24.2137679164399,35.101449394680465,78.1842,1382400.019955635,0.006308846,-0.03777421,71.81717
24.623188347494935,34.98550731008629,86.27349,10195199.855804443,0.034129284,-0.022083096,72.78936
24.655797039477626,35.09782643790763,82.953125,15379199.48501587,0.018428434,-0.023219533,72.19011
24.15217408195171,35.09782609021359,90.079155,2505600.113296509,-0.006130386,-0.018719405,72.65937
24.481884276880134,35.21376834109622,79.042,9331199.551963806,0.01371371,-0.00071481615,72.82022
24.528985389862203,35.079710263267266,73.800804,6998399.938201904,-0.024430104,-0.015260272,73.77467
24.336956356281394,35.12681217825459,78.56935,172800.00249445438,-0.022970699,-0.010498378,71.94145
24.177536001617764,35.01449252133363,77.3516,2505600.113296509,-0.015294392,-0.025575943,72.204124
24.15217408195171,35.09782609021359,90.079155,15206400.082397461,0.032613523,-0.026804924,71.275986
24.242753659958876,34.931159481553294,83.59315,86400.00124722719,-0.023037791,0.027560882,72.20076
24.06159400092239,35.235507653915,77.223785,2505600.113296509,-0.076138996,-0.08442804,72.69145
24.528985389862203,35.079710263267266,73.800804,13478399.474716187,0.028612353,-0.019457866,73.65693
24.06159400092239,35.235507653915,77.223785,5615999.781131744,-0.041171394,-0.043866813,71.67757
24.481884276880134,35.21376834109622,79.042,9244799.850654602,0.012631673,0.0001975447,72.81673
24.373188532413735,34.85507217391305,83.68782,11059200.15964508,-0.0020504743,-0.029268,72.3147
24.659420157792983,35.13768139626715,82.9603,14947199.88155365,0.02738545,-0.017907344,72.15057
24.626811465810288,35.05797113185407,83.9315,10627199.459266663,0.025961053,-0.02591389,72.50924
24.40579730278949,34.98550712868071,82.545616,10195199.855804443,0.015215753,-0.034434915,72.18163
24.659420157792983,35.13768139626715,82.9603,4147199.9227523804,-0.024237923,0.010191006,72.61422
24.52536253285706,35.05797113185407,79.99595,14947199.88155365,0.017869784,-0.031722482,72.77515
24.880434869565217,35.11594208344836,73.60822,6739199.737358093,-0.022359036,0.030952297,73.548935
24.340579735906957,35.22101461745307,78.71513,6998399.938201904,0.0015393309,-0.016859647,72.34739
24.3985509616347,35.079710263267266,82.39983,2246400.0495672226,-0.015719742,0.0047236346,72.06197
24.471014503837736,35.137681214861566,84.09494,8812800.247192383,0.007108059,-0.010424208,72.17796
24.068840433535758,35.050724689208764,75.1399,7084800.187969208,-0.022926636,-0.04220552,73.20836
24.409420264318722,35.137681214861566,85.684586,15983999.588012695,0.025342429,-0.016833685,71.4606
24.141304256647267,35.05072417522627,80.839714,8899199.948501587,-0.011900514,-0.013717249,71.472404
24.503623143558386,34.916666955294566,80.479385,13046399.871253967,0.024659611,-0.012706645,72.94182
24.60144921950647,34.9456523441682,85.40489,14169600.375938416,0.026396241,-0.019078955,72.50902
24.340579735906957,35.22101461745307,78.71513,7689599.742507935,0.011447802,-0.014392775,72.43614
24.525362323808892,35.01449270273921,80.76379,8639999.747657776,-0.005488079,0.0068441518,72.77651
24.641304357168043,34.938405387540406,81.3883,13391999.773406982,0.02815644,-0.038108252,73.00887
24.3985509616347,35.079710263267266,82.39983,18057600.097846985,0.013976796,-0.027008168,71.694244
24.641304357168043,34.938405387540406,81.3883,5356800.128746033,-0.0076808706,-0.010266624,72.93606
24.782608584568965,35.06521774078783,85.492004,3283199.893140793,-0.017912764,0.013532464,73.414
24.351449221508126,35.36231895652174,77.53338,14169600.375938416,0.048985593,-0.02123674,73.076584
24.271739312019278,35.0833337340226,74.97577,172800.00249445438,-0.061676897,-0.0074937325,72.35909
24.373188532413735,34.85507217391305,83.68782,7343999.840354919,-0.021917578,-0.014176086,72.051254
24.579710091518006,35.06884069756067,84.24473,4060799.9472141266,-0.03072732,0.011840676,72.69239
24.880434869565217,35.11594208344836,73.60822,11059200.15964508,0.02735535,-0.0175183,73.607445
24.409420185925658,35.126811301460926,78.58091,9849599.953651428,0.019245775,-0.0034884159,72.97906
24.782608584568965,35.06521774078783,85.492004,5961600.231742859,-0.027261078,0.009144401,73.2992
24.15217408195171,35.09782609021359,90.079155,6912000.2368927,0.012570318,-0.009224638,72.85558
24.782608584568965,35.06521774078783,85.492004,8639999.747657776,0.0010918789,0.0011340957,73.128265
24.06159400092239,35.235507653915,77.223785,7603200.0411987305,0.013135381,-0.025061954,71.909645
24.340579657513896,35.072464168316,77.031204,2246400.0495672226,-0.025457695,-0.0148228,72.69804
24.51086948471318,35.141304337922854,75.965324,12873600.46863556,0.022290494,-0.011799455,73.69719
24.351449221508126,35.36231895652174,77.53338,10972800.458335876,0.056972686,-0.017517418,73.290184
24.52536253285706,35.05797113185407,79.99595,18143999.79915619,0.0064399317,-0.034546018,72.327866
24.880434869565217,35.11594208344836,73.60822,10540799.757957458,0.02771891,-0.015384071,73.628334
24.731884091961334,34.88405773852335,82.62194,13132799.572563171,0.021410229,-0.008445153,72.78346
24.15217408195171,35.09782609021359,90.079155,11059200.15964508,0.028391104,-0.008718714,72.653336
24.608695560661264,35.210145036629335,80.071884,9331199.551963806,0.0068836175,0.015972754,72.916275
24.409420185925658,35.126811301460926,78.58091,8726399.99742508,0.012590615,-0.011471048,72.88313
24.572463802625258,35.028985391507106,77.31845,9417600.350189209,0.0065574646,-0.004474599,73.88717
24.655797039477626,35.09782643790763,82.953125,6739199.737358093,-0.011603311,0.0031330567,72.716515
24.003623304347823,35.192029209683014,80.788605,4579200.074672699,-0.109012336,-0.081080884,71.47266
24.40579730278949,34.98550712868071,82.545616,7171199.889278412,-0.026791722,-0.0058520623,72.18693
24.507246418659868,35.018115659512056,74.98295,13305600.072097778,0.026006993,-0.009376636,73.814865
24.242753659958876,34.931159481553294,83.59315,11750399.96395111,0.018529285,-0.013258476,71.76867
24.336956356281394,35.12681217825459,78.56935,10368000.35533905,0.024204226,-0.008790102,72.86175
24.47463793572534,35.15579704180788,74.131996,7603200.0411987305,-0.010351814,-0.021437164,73.49676
24.409420264318722,35.097825908808005,75.01247,9417600.350189209,0.015168663,-0.0066933036,73.37441
24.43478277193275,35.06521686399416,78.38795,3456000.11844635,-0.033582598,-0.007221194,72.6805
24.782608584568965,35.06521774078783,85.492004,2678400.0643730164,-0.0120423995,0.014014212,73.416885
24.619565229179578,35.18478278215484,82.255135,5615999.781131744,-0.020445202,-0.01328906,72.55165
24.623188347494935,34.98550731008629,86.27349,17020800.39138794,0.019057488,-0.01820166,72.49702
24.358695745580064,35.14492749121842,79.46463,7603200.0411987305,-0.0083159655,0.004765965,72.34803
24.503623143558386,34.916666955294566,80.479385,9417600.350189209,-0.008101188,0.008059334,72.85357
24.33695651306752,35.26449269887389,75.24537,1814400.0347614288,-0.08015795,-0.03869997,71.967316
24.278985574781007,35.18478260074926,85.36457,8812800.247192383,0.008881083,-0.004062133,71.44239
24.351449221508126,35.36231895652174,77.53338,10627199.459266663,0.05688804,-0.016010467,73.273155
24.481884276880134,35.21376834109622,79.042,5184000.177669525,-0.026211113,-0.0060990956,72.61334
24.514492864338745,35.152173737341,77.98083,14428799.479866028,0.022228088,-0.011511426,73.086624
24.17028990870767,35.119565206509655,75.23819,13219200.370788574,0.032698423,-0.009329006,72.82123
24.728260869121893,35.15579704180788,79.23173,7171199.889278412,-0.010558702,0.014238118,73.49154
24.677536062942007,35.07971042955572,84.775665,1728000.059223175,-0.010941584,0.014664242,73.018135
24.340579735906957,35.22101461745307,78.71513,10022400.453186035,0.027858026,-0.017335564,72.8401
24.481884276880134,35.21376834109622,79.042,8294399.845504761,-0.0022380613,0.007350457,72.787674
24.55072462237475,35.07608730649443,88.70044,6739199.737358093,0.016804833,-0.014333453,72.98348
24.800724541980035,35.0326085145684,80.91604,10281599.557113647,0.02373151,-0.0022688992,73.693245
24.40579730278949,34.98550712868071,82.545616,8294399.845504761,-0.00817902,-0.013047103,72.14587
24.880434869565217,35.11594208344836,73.60822,7689599.742507935,-0.014986381,0.028342482,73.579575
24.53985505838052,35.14492730981283,78.72631,1728000.059223175,-0.004962962,0.0012780372,72.45024
24.731884091961334,34.88405773852335,82.62194,8899199.948501587,-0.0020774268,-0.0037308503,73.267525
24.423912946628306,35.13405791039468,84.735344,2505600.113296509,-0.025295489,0.0034603477,72.28651
24.282608510179216,35.10869565592019,73.044136,16934399.593162537,0.012336917,-0.0204488,73.12886
24.800724541980035,35.0326085145684,80.91604,11404800.061798096,0.025563005,-0.0020083562,73.76374
24.271739312019278,35.0833337340226,74.97577,518399.99034404755,-0.056066476,-0.009368237,72.494156
24.235507135886934,35.09782643790763,86.62735,16847999.891853333,0.0062897764,-0.036461536,71.31076
24.43478251062254,35.050724689208764,81.254395,16502399.989700317,0.00696237,-0.03929471,72.12521
24.286231733018653,35.16304365074164,82.86601,4752000.025749207,-0.007699143,-0.024594408,71.641914
24.351449221508126,35.36231895652174,77.53338,16329599.49016571,0.03162999,-0.030528821,73.27959
24.35507260113369,35.04710138474188,76.478294,14515200.27809143,0.015252298,0.0042766295,73.14465
24.423912946628306,35.16304383214723,83.815254,6912000.2368927,0.0088685155,-0.020850413,72.17101
24.655797039477626,35.09782643790763,82.953125,7171199.889278412,-0.006935425,-0.0012391638,72.72936
24.264492787947336,35.06521739309379,75.914215,16070400.386238098,0.0075472817,-0.018740796,73.007126
24.40579722439643,35.07608730649443,81.130585,1641599.9465703964,-0.00554806,-0.014745321,72.15378
24.409420342711783,35.02898555779556,73.23672,15465600.283241272,0.012148432,-0.019260135,73.15955
24.641304357168043,34.938405387540406,81.3883,10713600.257492065,0.020892795,-0.033629254,73.10281
24.659420157792983,35.13768139626715,82.9603,4319999.873828888,-0.02444455,0.0107518695,72.61448
24.782608584568965,35.06521774078783,85.492004,345600.00498890877,0.012926109,0.018474933,73.15534
24.286231733018653,35.16304365074164,82.86601,6739199.737358093,0.0075796843,-0.028964128,71.67522
24.340579657513896,35.072464168316,77.031204,11664000.262641907,0.019793289,-0.010772418,73.20127
24.32608705359737,35.05434782738719,80.59564,11664000.262641907,0.02442807,-0.026245564,72.32167
24.134057993885538,35.130434787333385,80.741425,10540799.757957458,0.02617098,-0.017913308,71.69857
24.525362323808892,35.01449270273921,80.76379,3801600.0205993652,-0.014389291,-0.0015626363,72.58401
24.507246418659868,35.018115659512056,74.98295,9676799.454116821,0.009787209,-0.010338098,73.831116
24.46739112421217,35.10507235145331,77.031204,12095999.866104126,0.021397233,-0.015431836,73.57517
24.822463669968496,35.11956556932083,79.471794,9244799.850654602,0.010747232,-0.0051815733,73.76947
24.33695651306752,35.26449269887389,75.24537,2678400.0643730164,-0.083251625,-0.043817297,72.14625
24.06159400092239,35.235507653915,77.223785,11750399.96395111,0.038987506,-0.032611944,71.94379
24.528985389862203,35.079710263267266,73.800804,12009600.164794922,0.020137671,-0.026044138,73.680435
24.525362323808892,35.01449270273921,80.76379,5961600.231742859,-0.02429717,0.0065872055,72.59328
24.731883987437246,34.999999998854186,80.17734,12614400.267791748,0.012822082,-0.02254609,73.60245
24.619565229179578,35.18478278215484,82.255135,8812800.247192383,0.016050907,-0.01556981,72.51699
24.358695745580064,35.14492749121842,79.46463,15551999.984550476,0.009833589,-0.0139034465,72.42713
24.06159400092239,35.235507653915,77.223785,11491199.7631073,0.037757397,-0.03243821,71.92361
24.55072462237475,35.07608730649443,88.70044,2332799.8879909515,-0.015345484,-0.008396003,72.3373
24.655797039477626,35.09782643790763,82.953125,13737599.675559998,0.02402405,-0.025010306,72.424164
24.33695651306752,35.26449269887389,75.24537,6739199.737358093,-0.023559041,-0.037763365,73.06259
24.275362351941567,35.02173896397893,79.32639,8208000.144195557,-0.015569486,-0.0017114412,72.266266
24.235507135886934,35.09782643790763,86.62735,5529600.07982254,-0.027704433,0.0008696709,72.24152
24.481884276880134,35.21376834109622,79.042,4319999.873828888,-0.024286851,-0.008357499,72.47131
24.880434869565217,35.11594208344836,73.60822,16156800.087547302,0.013808826,-0.01113664,73.62395
24.293478074173446,35.130434424522214,78.52256,12095999.866104126,0.021993844,-0.015925493,72.77721
24.53985505838052,35.14492730981283,78.72631,17020800.39138794,0.0105011705,-0.026869565,72.56904
24.586956589458925,35.03623181903528,81.050644,4233599.898290634,-0.010552414,-0.008530533,72.6412
24.43478277193275,35.06521686399416,78.38795,10368000.35533905,0.023018615,-0.011199724,73.21681
24.278985653174068,35.159420527680346,80.15937,3110399.9420642853,-0.07521819,-0.036106735,71.610374
24.731884091961334,34.88405773852335,82.62194,3887999.996137619,-0.017290127,-0.0009879097,73.15487
24.626811465810288,35.05797113185407,83.9315,864000.0296115875,-0.0008116774,0.023514943,72.782776
24.24275355543479,35.275361916886446,83.709785,8467199.796581268,0.023042459,0.010641085,71.27266
24.271739312019278,35.0833337340226,74.97577,15033599.582862854,0.024871575,-0.016177393,73.13878
24.46739112421217,35.10507235145331,77.031204,12787199.670410156,0.022762608,-0.012950126,73.51685
24.619565229179578,35.18478278215484,82.255135,9331199.551963806,0.020099143,-0.011731766,72.46921
24.202898613755877,35.17753635462667,82.22561,12700799.969100952,0.024684835,-0.018553067,71.5023
24.528985389862203,35.079710263267266,73.800804,9071999.899578094,0.006571505,-0.010028224,73.79316
24.731883987437246,34.999999998854186,80.17734,2592000.0888347626,-0.017796792,-0.0005799625,73.20211
24.141304256647267,35.05072417522627,80.839714,5443199.830055237,-0.053101763,-0.010811202,71.11783
24.134057993885538,35.130434787333385,80.741425,12527999.469566345,0.026578585,-0.017764144,71.90601
24.40217392316393,35.07246365433351,77.73675,14256000.07724762,0.02017424,-0.0019404963,73.054985
24.782608845879178,35.07246365433351,80.82854,12614400.267791748,0.024099287,-0.009149164,73.58091
24.677536062942007,35.07971042955572,84.775665,10195199.855804443,0.027867489,-0.031679276,72.65758
24.423912946628306,35.13405791039468,84.735344,8294399.845504761,0.0011724792,-0.0070594866,72.14933
24.75362311542571,35.148550251468535,82.31272,16502399.989700317,-0.0009326041,-0.011835143,72.072914
24.152173912100075,34.942029039701325,85.189964,2332799.8879909515,-0.026337706,-0.039872274,72.017456
24.242753659958876,34.931159481553294,83.59315,7862400.2420425415,0.008001938,0.01659083,71.72124
24.141304256647267,35.05072417522627,80.839714,13391999.773406982,0.025153372,-0.02543633,71.81749
24.24275355543479,35.275361916886446,83.709785,12614400.267791748,0.03129951,-0.008616649,70.876625
24.608695560661264,35.210145036629335,80.071884,86400.00124722719,-0.027490273,-0.0022257902,72.420906
24.62318819070881,35.09782625650204,81.14894,8985600.19826889,-4.7121197e-05,0.01283828,72.84299
24.271739312019278,35.0833337340226,74.97577,14601599.979400635,0.027433423,-0.013685368,73.1318
24.3985509616347,35.079710263267266,82.39983,6307200.133895874,-0.0037304573,-0.0071521495,72.1021
24.369565205050215,35.10507235145331,81.59638,2332799.8879909515,-0.021225542,-0.014804512,71.93337
24.068840433535758,35.050724689208764,75.1399,3023999.9665260315,-0.04893565,-0.022229578,72.9122
24.507246627708035,35.15217355593542,72.15966,10022400.453186035,0.024391696,-0.018554594,73.085495
24.235507135886934,35.09782643790763,86.62735,11577599.464416504,0.019038841,-0.024220757,71.21208
24.43478277193275,35.06521686399416,78.38795,86400.00124722719,-0.015880574,-0.007173879,72.72461
24.5036234048686,34.94565269942081,84.86278,16847999.891853333,-0.0008766204,-0.028236825,72.52058
24.35507260113369,35.04710138474188,76.478294,9071999.899578094,0.0117972195,-0.0050527006,73.15049
24.003623304347823,35.192029209683014,80.788605,15379199.48501587,0.022953244,-0.034751773,72.46776
24.40217392316393,35.07246365433351,77.73675,12182399.56741333,0.021761717,-0.009105101,73.297356
24.641304357168043,34.938405387540406,81.3883,4752000.025749207,-0.011837818,-0.0071026143,72.91279
24.62318819070881,35.09782625650204,81.14894,14774400.478935242,0.02090791,-0.018343005,72.70255
24.264492787947336,35.06521739309379,75.914215,17625600.494384766,0.007939,-0.021640118,72.746864
24.282608510179216,35.10869565592019,73.044136,12441599.768257141,0.029554276,-0.01706066,72.88026
24.40579730278949,34.98550712868071,82.545616,9504000.051498413,0.010953903,-0.026904471,72.18152
24.278985574781007,35.18478260074926,85.36457,15120000.381088257,0.030313864,-0.018761486,70.96965
24.731884091961334,34.88405773852335,82.62194,12700799.969100952,0.020392563,-0.010477811,72.858284
24.677536062942007,35.07971042955572,84.775665,4752000.025749207,-0.018776212,0.00046212412,72.95863
24.373188532413735,34.85507217391305,83.68782,7516799.791431427,-0.023211032,-0.012529951,72.05183
24.242753659958876,34.931159481553294,83.59315,6393599.835205078,-0.009217221,0.009147757,71.650566
24.57246390714934,35.13405809180027,82.83649,13651199.974250793,0.031098615,-0.021311112,72.1577
24.286231733018653,35.16304365074164,82.86601,17193599.794006348,0.009872902,-0.02690873,71.38037
24.15217408195171,35.09782609021359,90.079155,8294399.845504761,0.02435255,0.008076146,72.82928
24.57246390714934,35.13405809180027,82.83649,14687999.680709839,0.02575193,-0.020860206,72.01988
24.06159400092239,35.235507653915,77.223785,8208000.144195557,0.02043273,-0.024285417,71.97882
24.3913043591697,35.05434799367564,86.750465,15292799.783706665,0.0067702048,-0.016216975,71.95448
24.35507260113369,35.04710138474188,76.478294,4406400.123596191,-0.030223727,-0.012086738,72.89535
24.55434784521419,35.039855304907746,78.730316,1296000.0444173813,-0.011242382,0.0029475652,73.03227
24.518115930392057,35.170290078269815,76.7112,16847999.891853333,0.015383597,-0.023883872,72.99624
24.503623143558386,34.916666955294566,80.479385,2505600.113296509,-0.014619499,-0.008831043,73.07853
24.85869584610084,35.31159408476158,76.05999,9849599.953651428,0.021171419,-0.019281525,73.728836
24.49275373635028,34.95652190987481,78.13308,15551999.984550476,0.005921021,-0.010555122,73.06833
24.800724541980035,35.0326085145684,80.91604,17539199.696159363,-0.0026517324,-0.0023555513,72.77963
24.141304256647267,35.05072417522627,80.839714,2764800.03991127,-0.052707277,-0.03300978,71.20987
24.641304357168043,34.938405387540406,81.3883,11491199.7631073,0.021879772,-0.035906292,73.07735
24.782608845879178,35.07246365433351,80.82854,345600.00498890877,0.014223393,0.0053228084,73.45082
24.242753659958876,34.931159481553294,83.59315,13910400.175094604,0.022184502,-0.010119148,71.72501
24.442029139218562,35.043478080275,76.86345,777599.9855160713,-0.006519258,0.014645233,73.07599
24.731883987437246,34.999999998854186,80.17734,9504000.051498413,0.017754257,-0.017295852,73.60427
24.3913043591697,35.05434799367564,86.750465,18316800.298690796,-0.023668572,-0.0043892246,71.87348
24.442029139218562,35.043478080275,76.86345,16243199.788856506,0.013672033,-0.024491854,72.82896
24.47463793572534,35.15579704180788,74.131996,8985600.19826889,0.012731334,-0.019351412,73.51286
24.731883987437246,34.999999998854186,80.17734,13391999.773406982,0.016237773,-0.017668154,73.54588
24.659420157792983,35.13768139626715,82.9603,8812800.247192383,0.009532306,0.005461728,72.52342
24.626811465810288,35.05797113185407,83.9315,6047999.933052063,-0.024314053,0.00793494,72.70789
24.2137679164399,35.101449394680465,78.1842,1641599.9465703964,0.0026980117,-0.036989972,71.8685
24.55434784521419,35.039855304907746,78.730316,13564800.27294159,0.02345138,-0.017411016,73.397835
24.271739312019278,35.0833337340226,74.97577,15120000.381088257,0.024324343,-0.0167296,73.13948
24.264492787947336,35.06521739309379,75.914215,1900800.0102996826,-0.017133422,-0.025460128,72.8311
24.068840433535758,35.050724689208764,75.1399,10022400.453186035,0.010685237,-0.0223592,72.94853
24.33695651306752,35.26449269887389,75.24537,5443199.830055237,-0.066048935,-0.03994717,72.68596
24.677536062942007,35.07971042955572,84.775665,8812800.247192383,0.024657171,-0.019146867,72.695984
24.365941903817713,35.11594190204278,77.940506,11404800.061798096,0.021348834,-0.011096258,73.0876
24.373188349496587,35.09782609021359,73.044136,6307200.133895874,-0.003326483,-0.02359368,73.158295
24.481884276880134,35.21376834109622,79.042,12182399.56741333,0.023990069,-0.004750693,72.95279
24.17028990870767,35.119565206509655,75.23819,8294399.845504761,0.00045613945,0.01134256,72.70429
24.40579722439643,35.07608730649443,81.130585,13132799.572563171,0.02393165,-0.025726892,72.26093
24.619565229179578,35.18478278215484,82.255135,2764800.03991127,-0.01918536,-0.0071987044,72.413
24.576087129988778,34.96376817111452,80.53768,2159999.936914444,-0.00829424,-0.012631204,72.81433
24.782608584568965,35.06521774078783,85.492004,5875199.981975555,-0.027226731,0.009718012,73.29992
24.52536253285706,35.05797113185407,79.99595,3283199.893140793,-0.019439172,-0.0073944107,72.57134
24.264492787947336,35.06521739309379,75.914215,10195199.855804443,0.02060004,0.00026951544,72.883965
24.528985389862203,35.079710263267266,73.800804,4665599.775981903,-0.023051746,-0.01007488,73.6111
24.677536062942007,35.07971042955572,84.775665,9935999.654960632,0.028495882,-0.03140819,72.66474
24.278985574781007,35.18478260074926,85.36457,7516799.791431427,-0.028799653,-0.013336282,71.70581
24.782608845879178,35.07246365433351,80.82854,5875199.981975555,-0.024724118,0.012472763,73.33222
24.43478277193275,35.06521686399416,78.38795,9244799.850654602,0.010858947,-0.0040517524,73.127304
24.409420342711783,35.02898555779556,73.23672,12960000.169944763,0.018530875,-0.0024279002,73.34176
24.17028990870767,35.119565206509655,75.23819,5788799.732208252,-0.042364113,-0.021363411,73.02047
24.521739153231497,35.18115965909355,80.50853,9763200.252342224,0.007747583,0.0077674584,72.47738
24.35507260113369,35.04710138474188,76.478294,13651199.974250793,0.017355442,0.0022560991,73.295525
24.365941903817713,35.11594190204278,77.940506,11231999.562263489,0.020618657,-0.010620479,73.085434
24.608695560661264,35.210145036629335,80.071884,518399.99034404755,-0.024293013,-0.0046741143,72.35908
24.141304256647267,35.05072417522627,80.839714,14601599.979400635,0.018610803,-0.028269336,71.790565
24.442029139218562,35.043478080275,76.86345,1814400.0347614288,-0.021543987,0.0030525383,73.0782
24.728260869121893,35.15579704180788,79.23173,8467199.796581268,0.0067722127,0.014911419,73.673546
24.471014503837736,35.137681214861566,84.09494,16416000.288391113,0.0030338578,-0.022378597,71.46509
24.32608705359737,35.05434782738719,80.59564,5097599.927902222,-0.02171446,-0.021486752,71.991745
24.068840433535758,35.050724689208764,75.1399,8639999.747657776,-0.017981648,-0.030991476,73.08385
24.177536001617764,35.01449252133363,77.3516,18316800.298690796,-0.0074946694,-0.031653672,72.29129
24.336956356281394,35.12681217825459,78.56935,8208000.144195557,-0.001120016,-0.0005848054,72.61212
24.572463802625258,35.028985391507106,77.31845,2246400.0495672226,-0.020621877,-0.0057695955,73.281395
24.60144921950647,34.9456523441682,85.40489,5097599.927902222,-0.02502402,0.022015743,72.7106
24.409420264318722,35.097825908808005,75.01247,14601599.979400635,0.02411545,-0.005846683,73.33327
24.373188349496587,35.09782609021359,73.044136,604799.9658823013,-0.01912221,-0.0037821531,72.703804
24.068840433535758,35.050724689208764,75.1399,345600.00498890877,-0.011176407,-0.091920234,72.44882
24.32608705359737,35.05434782738719,80.59564,8899199.948501587,0.012270397,-0.01971902,72.19294
24.43478277193275,35.06521686399416,78.38795,12700799.969100952,0.020396875,-0.001728287,73.21981
24.514492864338745,35.152173737341,77.98083,6998399.938201904,-0.014772885,0.008812882,73.21862
24.471014503837736,35.137681214861566,84.09494,13046399.871253967,0.027542371,-0.02358735,71.715126
24.49275373635028,35.04710138474188,79.64641,8639999.747657776,-0.0051906817,0.006487062,72.94326
24.15942034471344,35.02536261613985,84.04098,9590399.752807617,0.02184376,-0.027886689,71.35978
24.351449221508126,35.36231895652174,77.53338,17020800.39138794,0.026170831,-0.029642887,73.43878
24.822463669968496,35.11956556932083,79.471794,11577599.464416504,0.017923001,-0.013269793,73.95526
24.731884091961334,34.88405773852335,82.62194,2332799.8879909515,-0.0131992325,0.0010202825,73.17674
24.17028990870767,35.119565206509655,75.23819,11059200.15964508,0.02671552,-0.007668728,72.57029
24.141304256647267,35.05072417522627,80.839714,14515200.27809143,0.019189455,-0.027862828,71.792435
24.202898613755877,35.17753635462667,82.22561,16243199.788856506,0.0060834885,-0.022698287,71.79104
24.409420264318722,35.097825908808005,75.01247,7689599.742507935,-0.009255294,0.0038114171,73.26995
24.141304256647267,35.05072417522627,80.839714,4665599.775981903,-0.0524904,-0.021484755,71.08803
24.528985389862203,35.079710263267266,73.800804,2678400.0643730164,-0.019691244,-0.013836861,73.49493
24.202898613755877,35.17753635462667,82.22561,7343999.840354919,-0.007670734,-0.0028220415,71.34873
24.49275373635028,34.95652190987481,78.13308,5184000.177669525,-0.034838885,0.001684932,73.01463
24.068840433535758,35.050724689208764,75.1399,3801600.0205993652,-0.047895595,-0.026294202,73.037125
24.57608686867857,35.22463755910878,78.28966,7948799.943351746,-0.012792245,0.020247016,73.23678
24.586956589458925,35.03623181903528,81.050644,18316800.298690796,-0.003166508,-0.031504933,72.45973
24.369565205050215,35.10507235145331,81.59638,17452799.99485016,0.0021600164,-0.03204922,71.68879
24.57246390714934,35.13405809180027,82.83649,1728000.059223175,-0.010136828,-0.00897295,72.52531
24.608695560661264,35.210145036629335,80.071884,13910400.175094604,0.029212441,-0.0005725529,72.66184
24.514492864338745,35.152173737341,77.98083,3283199.893140793,-0.023313992,-0.0013025217,72.63903
24.822463669968496,35.11956556932083,79.471794,13132799.572563171,0.025484405,-0.008166803,73.87306
24.409420264318722,35.137681214861566,85.684586,6220799.884128571,-0.029434651,0.010345097,72.46535
24.731883987437246,34.999999998854186,80.17734,7516799.791431427,-0.006435916,-0.000113748014,73.353264
24.171296292717127,35.10648163098043,78.049835,8553600.046348572,0.00039929524,-0.010246281,72.17547
24.53985505838052,35.14492730981283,78.72631,9590399.752807617,0.0109210815,0.0014352296,73.25341
24.358695745580064,35.14492749121842,79.46463,2159999.936914444,-0.030888818,-0.0068412423,71.88108
24.442029139218562,35.043478080275,76.86345,13910400.175094604,0.0191781,-0.015535358,73.4094
24.171296292717127,35.10648163098043,78.049835,7084800.187969208,-0.021823961,-0.021400556,72.04509
24.800724541980035,35.0326085145684,80.91604,15033599.582862854,0.018720863,0.001289567,73.39326
24.641304357168043,34.938405387540406,81.3883,14601599.979400635,0.02502171,-0.034811053,73.001434
24.3985509616347,35.079710263267266,82.39983,6393599.835205078,-0.0019739978,-0.007818116,72.10258
24.572463802625258,35.028985391507106,77.31845,7603200.0411987305,-0.010205217,0.008217152,73.63784
24.57608686867857,35.22463755910878,78.28966,14601599.979400635,0.028671514,-0.0064715818,73.08437
24.75362311542571,35.148550251468535,82.31272,14256000.07724762,0.017387133,-0.011302333,72.6762
24.373188532413735,34.85507217391305,83.68782,7430400.090122223,-0.022543807,-0.013388634,72.051155
24.641304357168043,34.938405387540406,81.3883,17798399.897003174,0.011376243,-0.031839628,73.107475
24.340579657513896,35.072464168316,77.031204,8294399.845504761,-0.01325747,0.014393736,72.893776
24.409420342711783,35.02898555779556,73.23672,11318400.360488892,0.017101046,-0.017341029,73.384705
24.409420264318722,35.137681214861566,85.684586,7343999.840354919,-0.017565772,0.014289875,72.3406
24.409420342711783,35.02898555779556,73.23672,1814400.0347614288,-0.02190724,0.00035255402,73.39776
24.068840433535758,35.17753635462667,82.62194,10799999.95880127,0.036079563,-0.044053808,70.9996
24.619565229179578,35.18478278215484,82.255135,13219200.370788574,0.03214408,-0.02045317,72.40879
24.481884276880134,35.21376834109622,79.042,1900800.0102996826,-0.011821311,-0.013788853,72.10016
24.503623143558386,34.916666955294566,80.479385,2678400.0643730164,-0.016469367,-0.009345347,73.07931
24.507246418659868,35.018115659512056,74.98295,7948799.943351746,-0.003033664,0.0076716393,73.809586
24.57608686867857,35.22463755910878,78.28966,18230399.500465393,0.010525264,-0.019141313,72.26675
24.40217392316393,35.07246365433351,77.73675,15033599.582862854,0.013926502,-0.006930437,72.9016
24.586956589458925,35.03623181903528,81.050644,16588799.691009521,0.0051044635,-0.03636042,72.65339
24.264492787947336,35.06521739309379,75.914215,8294399.845504761,-0.0012243949,0.016986385,72.8097
24.282608510179216,35.10869565592019,73.044136,691200.0099778175,-0.052393325,-0.0019273162,72.462204
24.351449221508126,35.36231895652174,77.53338,9331199.551963806,0.05358985,-0.008994464,73.110275
24.15942034471344,35.02536261613985,84.04098,17366400.293540955,-0.0023478381,-0.04547815,70.96224
24.626811465810288,35.05797113185407,83.9315,13478399.474716187,0.028828159,-0.022421014,72.34005
24.15942034471344,35.02536261613985,84.04098,604799.9658823013,-0.016138822,0.023059294,72.13559
24.235507135886934,35.09782643790763,86.62735,16070400.386238098,0.012818808,-0.035861466,71.26077
24.33695651306752,35.26449269887389,75.24537,10368000.35533905,0.040947665,-0.046344437,73.23637
24.43478277193275,35.06521686399416,78.38795,5356800.128746033,-0.035553336,-0.005701471,72.63487
24.728260869121893,35.15579704180788,79.23173,11577599.464416504,0.025706463,-0.006842613,73.57432
24.55434784521419,35.039855304907746,78.730316,15465600.283241272,0.013271486,-0.02808914,73.08782
24.528985389862203,35.079710263267266,73.800804,172800.00249445438,-0.010824285,-0.017189592,73.41607
24.40579730278949,34.98550712868071,82.545616,15465600.283241272,0.005094122,-0.04661712,72.14748
24.43478277193275,35.06521686399416,78.38795,10108800.15449524,0.02181685,-0.010331012,73.20399
24.514492864338745,35.152173737341,77.98083,6652800.036048889,-0.018542841,0.007164933,73.15929
24.731884091961334,34.88405773852335,82.62194,12441599.768257141,0.019839266,-0.0110650845,72.900475
24.51086948471318,35.141304337922854,75.965324,1468799.9954938889,-0.016780376,-0.0021980926,72.83542
24.351449221508126,35.36231895652174,77.53338,14860800.180244446,0.043782294,-0.026125386,73.067375
24.47463793572534,35.15579704180788,74.131996,2246400.0495672226,-0.005389046,-0.018139165,72.96626
24.16304339770124,35.14130418675153,77.183464,3023999.9665260315,-0.05880627,-0.08036553,72.6032
24.177536001617764,35.01449252133363,77.3516,15206400.082397461,0.02375735,-0.032581184,72.73717
24.481884276880134,35.21376834109622,79.042,10886399.660110474,0.02237131,-0.0108814575,72.91444
24.507246627708035,35.15217355593542,72.15966,8208000.144195557,0.008308459,0.004144054,73.20635
24.49275373635028,34.95652190987481,78.13308,5270399.878978729,-0.034797065,0.0018213727,73.019325
24.528985389862203,35.079710263267266,73.800804,864000.0296115875,-0.0074888095,-0.014588837,73.460915
24.5036234048686,34.94565269942081,84.86278,11664000.262641907,0.020609437,-0.032078184,72.18606
24.35507260113369,35.04710138474188,76.478294,17971200.39653778,0.0071672164,-0.017420921,72.270424
24.373188532413735,34.85507217391305,83.68782,9244799.850654602,-0.021973189,-0.010130737,72.205536
24.518115930392057,35.170290078269815,76.7112,2332799.8879909515,-0.034874864,0.0011882819,72.734535
24.72463775080654,35.097825908808005,83.506035,11577599.464416504,0.023664918,-0.025634225,72.755974
24.47463793572534,35.15579704180788,74.131996,14774400.478935242,0.028276306,-0.01792078,73.42155
24.15942034471344,35.02536261613985,84.04098,8639999.747657776,0.009396216,-0.028423417,71.383934
24.72463775080654,35.097825908808005,83.506035,12441599.768257141,0.024500605,-0.02621568,72.702095
24.822463669968496,35.11956556932083,79.471794,6480000.084972382,-0.0011529773,0.021470578,73.76314
24.53985505838052,35.14492730981283,78.72631,18403200.0,0.0069205575,-0.024318501,72.54157
24.17028990870767,35.119565206509655,75.23819,13651199.974250793,0.031026173,-0.010210503,72.87859
24.579710091518006,35.06884069756067,84.24473,13219200.370788574,0.025737971,-0.02603276,72.21222
24.507246418659868,35.018115659512056,74.98295,9590399.752807617,0.009684319,-0.00930717,73.83151
24.16304339770124,35.14130418675153,77.183464,8726399.99742508,0.024211021,-0.013787013,72.361565
24.068840433535758,35.050724689208764,75.1399,12182399.56741333,0.026404273,-0.02934149,73.10762
24.340579735906957,35.22101461745307,78.71513,12268800.365638733,0.035357304,-0.014261812,72.992874
24.141304256647267,35.05072417522627,80.839714,7689599.742507935,-0.03374233,-0.0024004858,71.33108
24.177536001617764,35.01449252133363,77.3516,5788799.732208252,-0.017093886,-0.026014239,72.29609
24.278985653174068,35.159420527680346,80.15937,6652800.036048889,-0.039580323,-0.03366623,71.96234
24.626811465810288,35.05797113185407,83.9315,10195199.855804443,0.02386354,-0.02199028,72.50824
24.608695560661264,35.210145036629335,80.071884,1814400.0347614288,-0.023674034,-0.007459402,72.31625
24.40217392316393,35.07246365433351,77.73675,9504000.051498413,0.015381351,-0.0065862406,73.16859
24.278985574781007,35.18478260074926,85.36457,3542400.093984604,-0.092438,-0.024326976,72.093796
24.626811465810288,35.05797113185407,83.9315,6220799.884128571,-0.022999108,0.0077978186,72.70292
24.481884276880134,35.21376834109622,79.042,14083199.577713013,0.02194614,-0.0028497074,72.72347
24.202898613755877,35.17753635462667,82.22561,15897599.886703491,0.007164836,-0.022226907,71.80046
24.53985505838052,35.14492730981283,78.72631,3456000.11844635,-0.021940298,0.009615582,72.574135
24.481884276880134,35.21376834109622,79.042,7430400.090122223,-0.015398249,0.006927463,72.79435
24.481884276880134,35.21376834109622,79.042,6739199.737358093,-0.022453096,0.0035792347,72.79637
24.336956356281394,35.12681217825459,78.56935,2332799.8879909515,-0.032058597,-0.011824906,72.04905
24.728260869121893,35.15579704180788,79.23173,1382400.019955635,-0.0036595613,0.0033952799,72.80579
24.336956356281394,35.12681217825459,78.56935,13564800.27294159,0.023708442,-0.005699238,72.75395
24.3913043591697,35.05434799367564,86.750465,1209599.9317646027,-0.0337767,-0.0057277605,72.15669
24.626811465810288,35.05797113185407,83.9315,15638399.68585968,0.01823731,-0.014537536,72.101875
24.40217392316393,35.07246365433351,77.73675,18230399.500465393,-0.009642456,0.00010335632,72.1823
24.275362351941567,35.02173896397893,79.32639,3974399.971675873,-0.036308914,-0.009875674,71.74141
24.15217408195171,35.09782609021359,90.079155,9331199.551963806,0.028280262,0.008586727,72.77133
24.286231733018653,35.16304365074164,82.86601,0.0,0.015949026,0.005732363,71.48751
24.576087129988778,34.96376817111452,80.53768,6134400.182819366,-0.021159243,0.0015591066,72.896324
24.57608686867857,35.22463755910878,78.28966,11059200.15964508,0.016824054,-0.000528086,73.41815
24.52536253285706,35.05797113185407,79.99595,1382400.019955635,-0.008585367,-0.0006669108,72.68875
24.24275355543479,35.275361916886446,83.709785,8208000.144195557,0.018457307,0.0077526188,71.32887
24.619565229179578,35.18478278215484,82.255135,3801600.0205993652,-0.024941728,-0.010984782,72.48656
24.822463669968496,35.11956556932083,79.471794,18057600.097846985,0.008226369,-0.025487367,72.65425
24.572463802625258,35.028985391507106,77.31845,604799.9658823013,0.0069765486,0.007545799,73.39113
24.55072462237475,35.07608730649443,88.70044,4060799.9472141266,-0.023941256,-0.014427558,72.78438
24.528985389862203,35.079710263267266,73.800804,2419199.8635292053,-0.018308103,-0.014248524,73.49316
24.782608584568965,35.06521774078783,85.492004,18316800.298690796,-0.00081990287,-0.020730246,72.16624
24.278985574781007,35.18478260074926,85.36457,14601599.979400635,0.031907473,-0.017045774,70.95299
24.340579657513896,35.072464168316,77.031204,864000.0296115875,-0.013605081,-0.014218565,72.6986
24.3913043591697,35.05434799367564,86.750465,16070400.386238098,0.0032615028,-0.017296512,71.93471
24.2137679164399,35.101449394680465,78.1842,10368000.35533905,0.022216057,-0.007856678,72.43775
24.134057993885538,35.130434787333385,80.741425,14774400.478935242,0.017074697,-0.018428471,72.24857
24.409420264318722,35.097825908808005,75.01247,6739199.737358093,-0.017240413,-0.00023516268,73.244316
24.626811465810288,35.05797113185407,83.9315,12355200.066947937,0.028875321,-0.026426613,72.44524
24.068840433535758,35.17753635462667,82.62194,15724800.484085083,0.028208263,-0.033536233,72.010445
24.514492864338745,35.152173737341,77.98083,16329599.49016571,0.009842539,-0.021520562,72.77459
24.202898613755877,35.17753635462667,82.22561,14774400.478935242,0.015860453,-0.017278824,71.76275
24.202898613755877,35.17753635462667,82.22561,86400.00124722719,-0.034457862,-0.054849297,71.33666
24.2137679164399,35.101449394680465,78.1842,1036799.9806880951,0.010414861,-0.038823437,71.74281
24.626811465810288,35.05797113185407,83.9315,691200.0099778175,-0.0017404296,0.023436816,72.77595
24.471014503837736,35.137681214861566,84.09494,432000.01480579376,0.015225656,0.0039279666,72.01314
24.373188349496587,35.09782609021359,73.044136,7257600.139045715,-4.760921e-05,-0.023384374,73.1078
24.35507260113369,35.04710138474188,76.478294,12527999.469566345,0.015330553,-0.011867169,73.3642
24.40217392316393,35.07246365433351,77.73675,15983999.588012695,0.005393386,-0.012525402,72.684395
24.507246418659868,35.018115659512056,74.98295,14342399.778556824,0.027017392,-0.011130586,73.58553
24.268116089179838,35.07971042955572,81.07262,4406400.123596191,-0.04045041,-0.020512585,71.623024
24.623188347494935,34.98550731008629,86.27349,6825599.987125397,-0.018107958,0.0037934314,72.849
24.423912946628306,35.16304383214723,83.815254,2505600.113296509,-0.02160972,-0.010766253,72.24284
24.152173912100075,34.942029039701325,85.189964,8121599.894428253,-0.01886816,0.010007856,71.25514
