x,y,z,t,u_pred,v_pred,Z0
24.271739312019278,35.0833337340226,74.97577,9244799.850654602,0.026561722,-0.012758257,75.81409
24.340579657513896,35.072464168316,77.031204,18316800.298690796,0.001967989,-0.014302662,73.52276
24.365941903817713,35.11594190204278,77.940506,9676799.454116821,0.0049959496,-0.013603872,75.88754
24.340579735906957,35.22101461745307,78.71513,7084800.187969208,0.004435841,-0.014471481,75.8239
24.278985653174068,35.159420527680346,80.15937,10886399.660110474,0.021723436,-0.017799472,74.082375
24.619565229179578,35.18478278215484,82.255135,8208000.144195557,0.022685062,-0.026309753,71.52828
24.409420264318722,35.137681214861566,85.684586,8899199.948501587,0.0072431415,0.0013015717,71.86795
24.275362351941567,35.02173896397893,79.32639,4060799.9472141266,-0.05647138,-0.016602425,75.26603
24.35507260113369,35.04710138474188,76.478294,9590399.752807617,0.01737257,-0.0048451517,76.26388
24.52536253285706,35.05797113185407,79.99595,13564800.27294159,0.01816515,-0.021023994,71.77404
24.242753659958876,34.931159481553294,83.59315,13046399.871253967,0.033443473,-0.0057351384,69.87387
24.358695745580064,35.14492749121842,79.46463,10540799.757957458,0.020216683,-0.013607925,74.59103
24.53985505838052,35.14492730981283,78.72631,13391999.773406982,0.02403446,-0.01817275,73.29348
24.62318819070881,35.09782625650204,81.14894,12873600.46863556,0.014102379,-0.015812283,70.62296
24.51086948471318,35.141304337922854,75.965324,13219200.370788574,0.026026584,-0.016686315,75.21778
24.782608845879178,35.07246365433351,80.82854,17452799.99485016,-0.0024316795,0.006613657,70.75553
24.003623304347823,35.192029209683014,80.788605,2505600.113296509,-0.04722509,-0.07882869,70.992615
24.623188347494935,34.98550731008629,86.27349,8639999.747657776,0.0100701675,0.0066450723,71.014435
24.62318819070881,35.09782625650204,81.14894,7084800.187969208,-0.021023374,0.009350697,72.03838
24.242753659958876,34.931159481553294,83.59315,15465600.283241272,0.012816044,-0.020781977,69.71142
24.242753659958876,34.931159481553294,83.59315,13737599.675559998,0.032378174,-0.006992923,69.73924
24.358695745580064,35.14492749121842,79.46463,13046399.871253967,0.021057451,-0.011319181,73.576515
24.15217408195171,35.09782609021359,90.079155,1296000.0444173813,0.017529856,-0.031855047,69.40646
24.134057993885538,35.130434787333385,80.741425,432000.01480579376,-0.08948046,-0.065034196,70.86523
24.409420185925658,35.126811301460926,78.58091,9590399.752807617,0.021060767,-0.0035212804,75.26324
24.068840433535758,35.050724689208764,75.1399,1123200.0247836113,-0.022576306,-0.021596132,75.04171
24.268116089179838,35.07971042955572,81.07262,5615999.781131744,-0.032635275,-0.016790463,73.5502
24.264492787947336,35.06521739309379,75.914215,2678400.0643730164,-0.025783706,-0.03463269,75.59402
24.51086948471318,35.141304337922854,75.965324,5529600.07982254,-0.01686119,0.001706684,75.78676
24.641304357168043,34.938405387540406,81.3883,2159999.936914444,0.0020583943,-0.01258119,73.636536
24.442029139218562,35.043478080275,76.86345,5356800.128746033,-0.016780853,-0.0017726589,76.345955
24.579710091518006,35.06884069756067,84.24473,4406400.123596191,-0.027244303,0.010759683,70.597984
24.521739153231497,35.18115965909355,80.50853,6307200.133895874,0.0026232265,-0.02170465,73.181564
24.782608845879178,35.07246365433351,80.82854,14601599.979400635,0.012979612,-0.0051926095,69.676735
24.271739312019278,35.0833337340226,74.97577,4060799.9472141266,-0.0390932,-0.01764015,75.18003
24.40579730278949,34.98550712868071,82.545616,10540799.757957458,0.019832196,-0.046898507,71.503494
24.409420342711783,35.02898555779556,73.23672,2851200.015449524,-0.020429894,-0.017367853,73.00697
24.85869584610084,35.31159408476158,76.05999,12787199.670410156,0.02343092,-0.01855384,72.43358
24.264492787947336,35.06521739309379,75.914215,10972800.458335876,0.029427636,-0.01466346,76.3666
24.134057993885538,35.130434787333385,80.741425,10627199.459266663,0.029841576,-0.012962984,73.98809
24.55072462237475,35.07608730649443,88.70044,9935999.654960632,0.0278983,-0.021163119,72.22892
24.268116089179838,35.07971042955572,81.07262,15724800.484085083,0.01552327,-0.029359585,71.32529
24.351449221508126,35.36231895652174,77.53338,15206400.082397461,0.04453484,-0.025649404,74.056366
24.369565205050215,35.10507235145331,81.59638,777599.9855160713,-0.023732748,-0.0042412523,71.047676
24.171296292717127,35.10648163098043,78.049835,17884799.598312378,0.010225963,-0.025950214,73.48027
24.528985389862203,35.079710263267266,73.800804,10799999.95880127,0.022957824,-0.015998242,73.8512
24.728260869121893,35.15579704180788,79.23173,13910400.175094604,0.025620831,-0.017237974,71.19541
24.40217392316393,35.07246365433351,77.73675,6134400.182819366,-0.025834914,-0.0067446027,75.923904
24.171296292717127,35.10648163098043,78.049835,4319999.873828888,-0.044513706,-0.024700837,75.629005
24.586956589458925,35.03623181903528,81.050644,16243199.788856506,0.008013412,-0.02633114,70.11815
24.409420185925658,35.126811301460926,78.58091,13391999.773406982,0.025341684,-0.012494409,74.0323
24.17028990870767,35.119565206509655,75.23819,2937599.9909877777,-0.06605609,-0.057601497,75.174805
24.57608686867857,35.22463755910878,78.28966,6566399.786281586,-0.012448821,0.005794391,74.78052
24.728260869121893,35.15579704180788,79.23173,5875199.981975555,-0.023762729,0.006183287,73.544174
24.55072462237475,35.07608730649443,88.70044,7171199.889278412,0.015129013,-0.016208896,72.43382
24.171296292717127,35.10648163098043,78.049835,6134400.182819366,-0.028326329,-0.022554064,76.31919
24.514492864338745,35.152173737341,77.98083,14774400.478935242,0.02197684,-0.017182106,73.73299
24.655797039477626,35.09782643790763,82.953125,11231999.562263489,0.01548502,-0.023886366,70.11813
24.286231733018653,35.16304365074164,82.86601,9590399.752807617,0.034610767,-0.019815939,72.00319
24.32608705359737,35.05434782738719,80.59564,5011200.226593018,-0.019566018,-0.020680642,73.764915
24.369565205050215,35.10507235145331,81.59638,8553600.046348572,0.008353684,-0.01136866,72.782425
24.586956589458925,35.03623181903528,81.050644,1209599.9317646027,-0.0012679659,0.006615052,73.21309
24.655797039477626,35.09782643790763,82.953125,10195199.855804443,0.015314093,-0.022629132,70.3076
24.55072462237475,35.07608730649443,88.70044,6825599.987125397,0.015348753,-0.019936154,72.35472
24.17028990870767,35.119565206509655,75.23819,14169600.375938416,0.031693205,-0.020034568,75.54738
24.52536253285706,35.05797113185407,79.99595,7430400.090122223,0.0075245686,-0.016494995,73.323494
24.46739112421217,35.10507235145331,77.031204,5356800.128746033,-0.012141496,-0.019680882,76.00244
24.525362323808892,35.01449270273921,80.76379,14774400.478935242,0.021695908,-0.022393728,70.5204
24.471014503837736,35.137681214861566,84.09494,6998399.938201904,-0.020311732,0.003944421,71.13574
24.641304357168043,34.938405387540406,81.3883,13651199.974250793,0.022663161,-0.031331763,69.71568
24.235507135886934,35.09782643790763,86.62735,12441599.768257141,0.024440153,-0.032240137,71.388824
24.62318819070881,35.09782625650204,81.14894,5702400.030899048,-0.026866827,0.005548898,72.20542
24.677536062942007,35.07971042955572,84.775665,12614400.267791748,0.015691528,-0.027883137,69.473274
24.373188349496587,35.09782609021359,73.044136,1814400.0347614288,-0.017002087,0.0011429936,72.82958
24.51086948471318,35.141304337922854,75.965324,3974399.971675873,-0.018225119,-0.009878779,76.04192
24.282608510179216,35.10869565592019,73.044136,7430400.090122223,-0.042588513,-0.009098487,72.69383
24.75362311542571,35.148550251468535,82.31272,10886399.660110474,0.012995953,-0.0234762,70.06908
24.369565205050215,35.10507235145331,81.59638,18403200.0,0.008821979,-0.030502884,70.79446
24.521739153231497,35.18115965909355,80.50853,1036799.9806880951,0.0017260797,-0.009889169,72.23725
24.340579735906957,35.22101461745307,78.71513,11059200.15964508,0.028627008,-0.02754139,75.23641
24.242753659958876,34.931159481553294,83.59315,15292799.783706665,0.014591215,-0.019704906,69.69469
24.275362351941567,35.02173896397893,79.32639,7689599.742507935,-0.025724646,-0.018534644,75.34193
24.75362311542571,35.148550251468535,82.31272,8726399.99742508,-0.0039833523,0.0065342505,70.609665
24.068840433535758,35.17753635462667,82.62194,12700799.969100952,0.037431795,-0.027066635,71.313835
24.152173912100075,34.942029039701325,85.189964,7948799.943351746,-0.016580071,0.01495403,71.45588
24.822463669968496,35.11956556932083,79.471794,15551999.984550476,0.017322142,-0.028134229,70.83759
24.782608584568965,35.06521774078783,85.492004,11491199.7631073,0.01991691,-0.03570229,69.4628
24.40217392316393,35.07246365433351,77.73675,12095999.866104126,0.02556849,-0.016888225,75.05883
24.40217392316393,35.07246365433351,77.73675,18143999.79915619,-0.009153664,0.0052702613,72.98406
24.336956356281394,35.12681217825459,78.56935,4060799.9472141266,-0.040505257,-0.0050902236,75.031296
24.85869584610084,35.31159408476158,76.05999,6998399.938201904,-0.023162011,0.033055477,75.92565
24.278985653174068,35.159420527680346,80.15937,12873600.46863556,0.019532438,-0.012437226,73.25985
24.32608705359737,35.05434782738719,80.59564,8639999.747657776,0.009576924,-0.03252717,73.787704
24.731883987437246,34.999999998854186,80.17734,12095999.866104126,0.010314863,-0.017605288,71.116936
24.171296292717127,35.10648163098043,78.049835,15292799.783706665,0.020516118,-0.028785152,74.26711
24.60144921950647,34.9456523441682,85.40489,7775999.992275238,-0.023079839,0.013500657,70.603905
24.068840433535758,35.050724689208764,75.1399,16416000.288391113,0.007878449,-0.03678204,75.20285
24.641304357168043,34.938405387540406,81.3883,16847999.891853333,0.002416756,-0.028057927,69.6507
24.659420157792983,35.13768139626715,82.9603,4924799.976825714,-0.021210063,0.015859418,70.844986
24.62318819070881,35.09782625650204,81.14894,7257600.139045715,-0.019826587,0.008831084,72.02475
24.782608584568965,35.06521774078783,85.492004,4838399.727058411,-0.021373745,0.011083886,70.50305
24.24275355543479,35.275361916886446,83.709785,14083199.577713013,0.038718484,-0.02798673,70.79055
24.62318819070881,35.09782625650204,81.14894,3023999.9665260315,-0.017920412,0.00030071102,72.8095
24.40217392316393,35.07246365433351,77.73675,5875199.981975555,-0.025429476,-0.007950788,75.94624
24.15942034471344,35.02536261613985,84.04098,2764800.03991127,-0.01888705,-0.0073492546,71.0343
24.731883987437246,34.999999998854186,80.17734,11491199.7631073,0.010056,-0.020341428,71.241356
24.659420157792983,35.13768139626715,82.9603,3887999.996137619,-0.021448512,0.011350869,70.802895
24.268116089179838,35.07971042955572,81.07262,17020800.39138794,0.009594049,-0.032177128,71.09603
24.141304256647267,35.05072417522627,80.839714,1209599.9317646027,-0.05628072,-0.018376859,72.15415
24.278985574781007,35.18478260074926,85.36457,16156800.087547302,0.023950372,-0.032292366,69.34372
24.60144921950647,34.9456523441682,85.40489,13824000.4737854,0.02755062,-0.02780799,69.56754
24.06159400092239,35.235507653915,77.223785,4752000.025749207,-0.059866045,-0.05149757,77.59968
24.52536253285706,35.05797113185407,79.99595,5270399.878978729,-0.020335842,-0.012734173,73.72729
24.373188532413735,34.85507217391305,83.68782,13651199.974250793,0.024984308,-0.039654233,69.37803
24.32608705359737,35.05434782738719,80.59564,11145599.860954285,0.023461295,-0.038161986,73.01212
24.3913043591697,35.05434799367564,86.750465,5184000.177669525,-0.03447764,-0.004024256,71.42174
24.49275373635028,35.04710138474188,79.64641,16329599.49016571,0.004079342,-0.018079592,71.4192
24.57246390714934,35.13405809180027,82.83649,11577599.464416504,0.016598292,-0.023880484,70.533066
24.655797039477626,35.09782643790763,82.953125,864000.0296115875,0.010608975,0.0051962305,70.96561
24.3913043591697,35.05434799367564,86.750465,9849599.953651428,0.018892387,0.0007085465,72.219864
24.271739312019278,35.0833337340226,74.97577,10022400.453186035,0.030096529,-0.02149609,75.817955
24.49275373635028,35.04710138474188,79.64641,345600.00498890877,0.011804562,0.013116367,74.794685
24.619565229179578,35.18478278215484,82.255135,16847999.891853333,0.012465417,-0.022943394,69.37185
24.655797039477626,35.09782643790763,82.953125,15983999.588012695,0.011843873,-0.023424862,69.09816
24.340579657513896,35.072464168316,77.031204,10627199.459266663,0.019203681,-0.016609179,76.092316
24.43478277193275,35.06521686399416,78.38795,11059200.15964508,0.025305768,-0.012284519,74.584175
24.32608705359737,35.05434782738719,80.59564,10022400.453186035,0.019895637,-0.038909078,73.46403
24.264492787947336,35.06521739309379,75.914215,7516799.791431427,-0.014200535,0.012865432,76.3371
24.521739153231497,35.18115965909355,80.50853,4838399.727058411,-0.013819467,-0.021052597,73.02184
24.340579657513896,35.072464168316,77.031204,5702400.030899048,-0.032455,-0.017999036,76.15047
24.57608686867857,35.22463755910878,78.28966,12960000.169944763,0.028260082,-0.0064237025,74.02075
24.822463669968496,35.11956556932083,79.471794,864000.0296115875,-0.017838106,0.02359316,75.388756
24.514492864338745,35.152173737341,77.98083,7343999.840354919,-0.006230954,0.000973003,75.28427
24.17028990870767,35.119565206509655,75.23819,12527999.469566345,0.037294418,-0.011473423,76.00905
24.800724541980035,35.0326085145684,80.91604,17279999.49531555,-0.004392974,-0.0007822551,70.94609
24.358695745580064,35.14492749121842,79.46463,3715200.0450611115,-0.0386067,-0.00784936,73.98836
24.5036234048686,34.94565269942081,84.86278,1728000.059223175,-0.007692836,-0.0016464293,70.78496
24.409420342711783,35.02898555779556,73.23672,15551999.984550476,0.009383019,-0.016469086,73.56966
24.579710091518006,35.06884069756067,84.24473,6998399.938201904,-0.01612679,0.0127069475,70.767334
24.409420342711783,35.02898555779556,73.23672,17971200.39653778,-0.0015259571,-0.013187615,73.59776
24.52536253285706,35.05797113185407,79.99595,15033599.582862854,0.016532296,-0.015884435,71.297325
24.271739312019278,35.0833337340226,74.97577,3456000.11844635,-0.03955512,-0.01690085,75.04745
24.43478277193275,35.06521686399416,78.38795,9071999.899578094,0.012292767,-0.003944654,75.12993
24.60144921950647,34.9456523441682,85.40489,17366400.293540955,0.0069908425,-0.024577232,69.910286
24.40217392316393,35.07246365433351,77.73675,3110399.9420642853,-0.024483938,-0.01626219,75.957504
24.373188532413735,34.85507217391305,83.68782,4838399.727058411,-0.030982297,-0.008684048,72.97129
24.278985574781007,35.18478260074926,85.36457,8985600.19826889,0.015764704,-0.009801263,72.38329
24.782608584568965,35.06521774078783,85.492004,15120000.381088257,0.024030352,-0.025090216,69.88902
24.626811465810288,35.05797113185407,83.9315,3283199.893140793,-0.019411925,0.012131205,70.651405
24.43478277193275,35.06521686399416,78.38795,16243199.788856506,0.009270541,-0.011736391,72.75992
24.278985574781007,35.18478260074926,85.36457,9158400.149345398,0.019515047,-0.009857217,72.351685
24.55072462237475,35.07608730649443,88.70044,10368000.35533905,0.03232782,-0.021983983,71.98606
24.503623143558386,34.916666955294566,80.479385,15897599.886703491,0.0069367997,-0.015834061,70.107864
24.880434869565217,35.11594208344836,73.60822,12527999.469566345,0.024976153,-0.019102989,73.67179
24.358695745580064,35.14492749121842,79.46463,5529600.07982254,-0.030921642,0.0052040983,74.36149
24.365941903817713,35.11594190204278,77.940506,18403200.0,0.00080083683,-0.008547371,73.169106
24.423912946628306,35.13405791039468,84.735344,518399.99034404755,-0.022001345,0.015005073,69.40334
24.43478251062254,35.050724689208764,81.254395,3110399.9420642853,-0.015175834,-0.011186438,72.54741
24.409420185925658,35.126811301460926,78.58091,2764800.03991127,-0.029754568,-0.014121862,74.86532
24.409420342711783,35.02898555779556,73.23672,12527999.469566345,0.020565288,-0.007246429,73.26151
24.525362323808892,35.01449270273921,80.76379,8294399.845504761,-0.0058916584,0.014659389,72.35812
24.15942034471344,35.02536261613985,84.04098,4406400.123596191,-0.019584931,-0.008361315,71.175255
24.85869584610084,35.31159408476158,76.05999,0.0,-0.0028222837,0.038931563,75.861694
24.33695651306752,35.26449269887389,75.24537,15206400.082397461,0.031247156,-0.016188102,75.17872
24.271739312019278,35.0833337340226,74.97577,5875199.981975555,-0.04158592,-0.0242681,75.34717
24.655797039477626,35.09782643790763,82.953125,6480000.084972382,-0.010733351,0.0008933246,70.83328
24.293478074173446,35.130434424522214,78.52256,432000.01480579376,-0.03900488,-0.030184159,74.33418
24.409420342711783,35.02898555779556,73.23672,16416000.288391113,0.010616282,-0.012686865,73.59279
24.442029139218562,35.043478080275,76.86345,2332799.8879909515,-0.01733156,-0.0014657658,76.693085
24.134057993885538,35.130434787333385,80.741425,691200.0099778175,-0.08617394,-0.068387784,70.92862
24.33695651306752,35.26449269887389,75.24537,4492800.099134445,-0.085965514,-0.058871306,74.80895
24.655797039477626,35.09782643790763,82.953125,7257600.139045715,-0.005982645,-0.012488859,70.82802
24.60144921950647,34.9456523441682,85.40489,11145599.860954285,0.02477833,-0.02380353,70.22754
24.3985509616347,35.079710263267266,82.39983,13564800.27294159,0.028945588,-0.020056156,70.526726
24.35507260113369,35.04710138474188,76.478294,8639999.747657776,0.007641658,-0.0027079973,76.320656
24.171296292717127,35.10648163098043,78.049835,14515200.27809143,0.026110953,-0.024930013,74.7465
24.286231733018653,35.16304365074164,82.86601,14687999.680709839,0.027308393,-0.023979744,70.30426
24.800724541980035,35.0326085145684,80.91604,12873600.46863556,0.024565013,0.012199647,70.04739
24.572463802625258,35.028985391507106,77.31845,8985600.19826889,0.016097002,0.0059504565,75.37382
24.53985505838052,35.14492730981283,78.72631,15206400.082397461,0.020967657,-0.021439126,72.789276
24.619565229179578,35.18478278215484,82.255135,10281599.557113647,0.027887829,-0.028545069,70.98895
24.3913043591697,35.05434799367564,86.750465,11664000.262641907,0.027882073,-0.011270897,71.35354
24.40579722439643,35.07608730649443,81.130585,8380800.095272064,0.01762744,-0.010311509,72.900246
24.275362351941567,35.02173896397893,79.32639,1036799.9806880951,-0.05859905,-0.027237194,74.663734
24.286231733018653,35.16304365074164,82.86601,11059200.15964508,0.031335287,-0.02376336,71.57458
24.271739312019278,35.0833337340226,74.97577,12182399.56741333,0.03001361,-0.021950418,75.49256
24.271739312019278,35.0833337340226,74.97577,8639999.747657776,0.015621785,-0.012129402,75.7357
24.286231733018653,35.16304365074164,82.86601,5788799.732208252,0.0022437498,-0.03021164,72.26857
24.623188347494935,34.98550731008629,86.27349,11318400.360488892,0.03257327,-0.024109269,70.53455
24.134057993885538,35.130434787333385,80.741425,5702400.030899048,-0.07903074,-0.013478739,74.50216
24.655797039477626,35.09782643790763,82.953125,1814400.0347614288,-0.0023066439,-0.0028642379,70.984245
24.782608845879178,35.07246365433351,80.82854,5702400.030899048,-0.026222203,0.007580029,71.924324
24.528985389862203,35.079710263267266,73.800804,14083199.577713013,0.026624616,-0.018259646,74.110245
24.5036234048686,34.94565269942081,84.86278,18403200.0,-0.005735483,-0.02839735,70.0461
24.40217392316393,35.07246365433351,77.73675,16761600.190544128,-0.0019677728,-0.0037803687,73.27294
24.579710091518006,35.06884069756067,84.24473,11491199.7631073,0.020469842,-0.018009448,70.08438
24.442029139218562,35.043478080275,76.86345,14774400.478935242,0.018090038,-0.012814393,74.46695
24.49275373635028,34.95652190987481,78.13308,12182399.56741333,0.02066998,-0.015435511,74.10025
24.282608510179216,35.10869565592019,73.044136,17625600.494384766,0.014177518,-0.027010525,73.048676
24.619565229179578,35.18478278215484,82.255135,10886399.660110474,0.024837716,-0.02999373,70.81941
24.365941903817713,35.11594190204278,77.940506,5788799.732208252,-0.046708796,-0.016641473,75.73533
24.336956356281394,35.12681217825459,78.56935,2505600.113296509,-0.039482247,-0.013099654,74.58638
24.003623304347823,35.192029209683014,80.788605,17193599.794006348,0.028317556,-0.044634946,72.451744
24.782608845879178,35.07246365433351,80.82854,16416000.288391113,0.0048651136,-0.003335271,70.14246
24.579710091518006,35.06884069756067,84.24473,14515200.27809143,0.01722222,-0.016629318,69.25306
24.40217392316393,35.07246365433351,77.73675,1555199.9710321426,-0.0072000623,-0.009323614,75.9776
24.278985574781007,35.18478260074926,85.36457,12787199.670410156,0.030430418,-0.015284615,71.04632
24.2137679164399,35.101449394680465,78.1842,4838399.727058411,-0.027482573,-0.036952883,75.718285
24.282608510179216,35.10869565592019,73.044136,3974399.971675873,-0.06192327,-0.045686446,72.96426
24.731884091961334,34.88405773852335,82.62194,3283199.893140793,-0.016207386,-0.008140428,71.97275
24.572463802625258,35.028985391507106,77.31845,345600.00498890877,0.02187085,0.0035836194,77.08802
24.72463775080654,35.097825908808005,83.506035,4924799.976825714,-0.015496127,0.009281918,70.54627
24.518115930392057,35.170290078269815,76.7112,11491199.7631073,0.022057962,-0.02869009,75.5577
24.60144921950647,34.9456523441682,85.40489,1641599.9465703964,0.00148293,0.009158319,70.67109
24.351449221508126,35.36231895652174,77.53338,7862400.2420425415,0.04214734,0.005615242,77.47968
24.068840433535758,35.17753635462667,82.62194,9417600.350189209,0.031775814,-0.037117288,72.91774
24.33695651306752,35.26449269887389,75.24537,4233599.898290634,-0.087206855,-0.06101519,74.77698
24.358695745580064,35.14492749121842,79.46463,9676799.454116821,0.017869027,-0.0035574138,74.793655
24.340579657513896,35.072464168316,77.031204,5875199.981975555,-0.03212096,-0.017831182,76.16232
24.16304339770124,35.14130418675153,77.183464,1900800.0102996826,-0.055467617,-0.073665306,74.857635
24.40579722439643,35.07608730649443,81.130585,13478399.474716187,0.028126132,-0.017900666,71.261734
24.409420342711783,35.02898555779556,73.23672,17798399.897003174,0.0013818033,-0.012924382,73.591446
24.442029139218562,35.043478080275,76.86345,9504000.051498413,0.0017558783,-0.017250901,75.92659
24.822463669968496,35.11956556932083,79.471794,3542400.093984604,-0.02126583,0.016058885,74.0203
24.43478277193275,35.06521686399416,78.38795,11836799.665260315,0.024759013,-0.010041485,74.32687
24.608695560661264,35.210145036629335,80.071884,1641599.9465703964,-0.036662232,-0.0017245281,73.01763
24.423912946628306,35.16304383214723,83.815254,3801600.0205993652,-0.036414694,-0.00014352426,70.49711
24.275362351941567,35.02173896397893,79.32639,4752000.025749207,-0.054558072,-0.017921178,75.37852
24.85869584610084,35.31159408476158,76.05999,13564800.27294159,0.027669594,-0.019160336,71.3684
24.068840433535758,35.17753635462667,82.62194,2592000.0888347626,-0.019300107,-0.03773669,70.5152
24.47463793572534,35.15579704180788,74.131996,13651199.974250793,0.024900688,-0.02136566,74.26235
24.481884276880134,35.21376834109622,79.042,7171199.889278412,-0.012019385,0.011465888,74.59618
24.15942034471344,35.02536261613985,84.04098,10195199.855804443,0.01753685,-0.02448106,70.80889
24.503623143558386,34.916666955294566,80.479385,17625600.494384766,-0.012770984,0.0069981255,69.89061
24.340579735906957,35.22101461745307,78.71513,15379199.48501587,0.027205026,-0.021298883,73.60127
24.275362351941567,35.02173896397893,79.32639,3456000.11844635,-0.056465242,-0.018497208,75.12535
24.49275373635028,35.04710138474188,79.64641,10368000.35533905,0.015284389,-0.0029771775,73.23947
24.3985509616347,35.079710263267266,82.39983,259199.99517202377,0.0027526207,-0.005043188,70.2964
24.423912946628306,35.13405791039468,84.735344,9935999.654960632,0.018064981,-0.013804128,71.33913
24.358695745580064,35.14492749121842,79.46463,11664000.262641907,0.019469423,-0.016737526,74.19667
24.655797039477626,35.09782643790763,82.953125,11404800.061798096,0.015658107,-0.023746168,70.080574
24.800724541980035,35.0326085145684,80.91604,1382400.019955635,0.0012122393,-0.004525883,74.400665
24.373188349496587,35.09782609021359,73.044136,2246400.0495672226,-0.01662597,0.0028554015,72.91441
24.15942034471344,35.02536261613985,84.04098,14860800.180244446,0.017691035,-0.03255447,69.79671
24.271739312019278,35.0833337340226,74.97577,4233599.898290634,-0.038898576,-0.017926084,75.20954
24.423912946628306,35.13405791039468,84.735344,16329599.49016571,0.009068906,-0.024112983,69.44389
24.49275373635028,34.95652190987481,78.13308,17884799.598312378,-0.003334742,-0.013650542,71.99349
24.586956589458925,35.03623181903528,81.050644,14947199.88155365,0.018962057,-0.019144429,70.05445
24.32608705359737,35.05434782738719,80.59564,15292799.783706665,0.0205031,-0.023573453,71.35467
24.134057993885538,35.130434787333385,80.741425,5875199.981975555,-0.07510908,-0.011480479,74.57293
24.2137679164399,35.101449394680465,78.1842,12182399.56741333,0.022792323,-0.026094707,75.72137
24.068840433535758,35.17753635462667,82.62194,15033599.582862854,0.04286976,-0.02642688,70.25656
24.528985389862203,35.079710263267266,73.800804,11664000.262641907,0.02237473,-0.021037044,73.94678
24.43478251062254,35.050724689208764,81.254395,13737599.675559998,0.025443481,-0.020641753,70.911575
24.423912946628306,35.16304383214723,83.815254,2419199.8635292053,-0.042696957,-0.0074622016,69.8765
24.655797039477626,35.09782643790763,82.953125,7862400.2420425415,-0.0040536746,-0.015820405,70.77058
24.351449221508126,35.36231895652174,77.53338,6652800.036048889,0.020053169,-0.0032651238,77.458
24.46739112421217,35.10507235145331,77.031204,10195199.855804443,0.020750154,-0.012074253,75.77249
24.17028990870767,35.119565206509655,75.23819,15120000.381088257,0.023217294,-0.033753894,75.34289
24.731884091961334,34.88405773852335,82.62194,10454400.056648254,0.01587982,-0.015929827,69.42215
24.528985389862203,35.079710263267266,73.800804,14515200.27809143,0.024508161,-0.018769221,74.10749
24.268116089179838,35.07971042955572,81.07262,7775999.992275238,-0.014406271,-0.016681971,73.68249
24.423912946628306,35.13405791039468,84.735344,10713600.257492065,0.019171746,-0.018742064,71.19669
24.40579722439643,35.07608730649443,81.130585,9071999.899578094,0.018458188,-0.01501452,72.82594
24.40217392316393,35.07246365433351,77.73675,15724800.484085083,0.007219076,-0.0079027135,73.673615
24.507246418659868,35.018115659512056,74.98295,16934399.593162537,0.0053112693,-0.017404908,74.05598
24.507246418659868,35.018115659512056,74.98295,8899199.948501587,0.017239043,0.007815685,74.98709
24.659420157792983,35.13768139626715,82.9603,6652800.036048889,-0.0152191,0.014216953,70.8588
24.152173912100075,34.942029039701325,85.189964,11059200.15964508,0.021812344,-0.017696546,70.02
24.365941903817713,35.11594190204278,77.940506,5356800.128746033,-0.046456974,-0.016994687,75.69936
24.264492787947336,35.06521739309379,75.914215,4752000.025749207,-0.030971553,-0.013943015,75.85446
24.264492787947336,35.06521739309379,75.914215,16847999.891853333,0.007695526,-0.022121174,74.54579
24.49275373635028,34.95652190987481,78.13308,14601599.979400635,0.019917712,0.0045777615,73.05215
24.068840433535758,35.050724689208764,75.1399,777599.9855160713,-0.013563961,-0.0214743,75.06037
24.264492787947336,35.06521739309379,75.914215,11145599.860954285,0.02958204,-0.016682716,76.32947
24.503623143558386,34.916666955294566,80.479385,5875199.981975555,-0.033183824,-0.016734721,73.628075
24.55434784521419,35.039855304907746,78.730316,18403200.0,0.0018286593,-0.011007575,71.92507
24.336956356281394,35.12681217825459,78.56935,2419199.8635292053,-0.038940396,-0.0135567505,74.56886
24.518115930392057,35.170290078269815,76.7112,4060799.9472141266,-0.01972647,-0.0020262785,75.93297
24.586956589458925,35.03623181903528,81.050644,15724800.484085083,0.012298511,-0.023785254,70.03886
24.60144921950647,34.9456523441682,85.40489,5615999.781131744,-0.026675384,0.017321784,71.2754
24.731884091961334,34.88405773852335,82.62194,6566399.786281586,-0.011312153,0.013736618,70.0256
24.623188347494935,34.98550731008629,86.27349,604799.9658823013,0.018153386,-0.003509352,70.98358
24.5036234048686,34.94565269942081,84.86278,3369599.8686790466,-0.022686314,-0.020891609,71.36472
24.57608686867857,35.22463755910878,78.28966,17279999.49531555,0.01990654,-0.020035772,73.28515
24.586956589458925,35.03623181903528,81.050644,3801600.0205993652,-0.01047707,-0.016596226,72.99157
24.336956356281394,35.12681217825459,78.56935,16070400.386238098,-0.003324099,-0.001860641,73.26744
24.351449221508126,35.36231895652174,77.53338,13996799.876403809,0.054752998,-0.018481193,73.68888
24.60144921950647,34.9456523441682,85.40489,1036799.9806880951,0.011452571,0.0071890093,70.677895
24.177536001617764,35.01449252133363,77.3516,9417600.350189209,0.015577003,-0.030672824,76.87155
24.06159400092239,35.235507653915,77.223785,10799999.95880127,0.05124173,-0.05511853,77.2886
24.579710091518006,35.06884069756067,84.24473,17539199.696159363,-0.012915846,0.000906365,69.81204
24.423912946628306,35.13405791039468,84.735344,17884799.598312378,-0.003509581,-0.021996403,69.69702
24.481884276880134,35.21376834109622,79.042,13996799.876403809,0.020555053,-0.0072816815,73.14438
24.572463802625258,35.028985391507106,77.31845,12268800.365638733,0.020582113,-0.01914384,74.59604
24.16304339770124,35.14130418675153,77.183464,7775999.992275238,0.014116906,-0.01836052,76.94068
24.52536253285706,35.05797113185407,79.99595,4406400.123596191,-0.020959761,-0.010157941,73.88606
24.5036234048686,34.94565269942081,84.86278,691200.0099778175,0.009255804,0.011800262,70.64811
24.55072462237475,35.07608730649443,88.70044,17279999.49531555,0.012115609,-0.031358294,71.15566
24.728260869121893,35.15579704180788,79.23173,3369599.8686790466,-0.023037162,-0.0053552184,74.52947
24.373188349496587,35.09782609021359,73.044136,17020800.39138794,0.010258295,-0.030858813,73.23302
24.49275373635028,35.04710138474188,79.64641,18143999.79915619,-0.00765495,-0.0041677505,71.49024
24.880434869565217,35.11594208344836,73.60822,15897599.886703491,0.018925358,-0.01728165,73.634285
24.40579730278949,34.98550712868071,82.545616,9331199.551963806,0.013224974,-0.035160378,71.64388
24.626811465810288,35.05797113185407,83.9315,15465600.283241272,0.01852954,-0.017140301,69.19824
24.800724541980035,35.0326085145684,80.91604,11231999.562263489,0.02543836,0.0015916154,70.36646
24.068840433535758,35.050724689208764,75.1399,8899199.948501587,-0.015707783,-0.028834717,75.478584
24.677536062942007,35.07971042955572,84.775665,10368000.35533905,0.020415798,-0.026173687,69.94163
24.46739112421217,35.10507235145331,77.031204,8208000.144195557,-0.00055364147,0.009453516,75.830246
24.275362351941567,35.02173896397893,79.32639,10195199.855804443,0.02793429,-0.028182494,74.823654
24.43478277193275,35.06521686399416,78.38795,5788799.732208252,-0.030082371,-0.0053194147,75.51512
24.572463802625258,35.028985391507106,77.31845,17884799.598312378,-0.003775861,-0.002249796,72.87663
24.60144921950647,34.9456523441682,85.40489,3542400.093984604,-0.026639994,0.012832932,71.191025
24.659420157792983,35.13768139626715,82.9603,11318400.360488892,0.020899026,-0.023281788,70.20408
24.271739312019278,35.0833337340226,74.97577,3887999.996137619,-0.039256196,-0.017385578,75.146645
24.152173912100075,34.942029039701325,85.189964,518399.99034404755,0.0018494353,0.007898435,72.12718
24.409420264318722,35.137681214861566,85.684586,4492800.099134445,-0.044314478,0.0045026354,70.80067
24.369565205050215,35.10507235145331,81.59638,5615999.781131744,-0.028854262,-0.012237636,72.65485
24.46739112421217,35.10507235145331,77.031204,17279999.49531555,0.014127644,-0.020114427,73.61419
24.53985505838052,35.14492730981283,78.72631,8380800.095272064,-0.0025533922,0.0071559194,74.59827
24.423912946628306,35.16304383214723,83.815254,18316800.298690796,0.013513027,-0.02517389,69.61929
24.202898613755877,35.17753635462667,82.22561,9676799.454116821,0.027150486,-0.014375048,72.70014
24.271739312019278,35.0833337340226,74.97577,17366400.293540955,0.014629554,-0.02423712,74.58569
24.068840433535758,35.050724689208764,75.1399,1641599.9465703964,-0.0309682,-0.016096657,74.98769
24.423912946628306,35.16304383214723,83.815254,18403200.0,0.013187898,-0.024982607,69.65349
24.521739153231497,35.18115965909355,80.50853,11231999.562263489,0.008865073,-0.018492224,72.27083
24.369565205050215,35.10507235145331,81.59638,14687999.680709839,0.020929493,-0.0164812,70.85118
24.373188532413735,34.85507217391305,83.68782,2678400.0643730164,-0.035152424,0.01525936,73.22261
24.40579722439643,35.07608730649443,81.130585,12527999.469566345,0.025645874,-0.024071837,71.702805
24.5036234048686,34.94565269942081,84.86278,15120000.381088257,0.022727747,-0.043248102,69.7062
24.293478074173446,35.130434424522214,78.52256,14428799.479866028,0.01596831,-0.017381435,73.97914
24.40579730278949,34.98550712868071,82.545616,15206400.082397461,0.019526156,-0.047830895,69.59191
24.152173912100075,34.942029039701325,85.189964,11404800.061798096,0.023326727,-0.017467761,69.9001
24.171296292717127,35.10648163098043,78.049835,10627199.459266663,0.024519917,-0.024244359,76.48466
24.003623304347823,35.192029209683014,80.788605,9676799.454116821,0.03593981,-0.009350011,74.0427
24.62318819070881,35.09782625650204,81.14894,8553600.046348572,-0.008395933,0.009257169,71.85128
24.782608584568965,35.06521774078783,85.492004,5011200.226593018,-0.020948227,0.011717304,70.47798
24.75362311542571,35.148550251468535,82.31272,6566399.786281586,-0.03502905,0.017177414,70.71595
24.141304256647267,35.05072417522627,80.839714,12873600.46863556,0.025832115,-0.024486253,73.12516
24.202898613755877,35.17753635462667,82.22561,345600.00498890877,-0.054815557,-0.06341708,70.06913
24.06159400092239,35.235507653915,77.223785,13737599.675559998,0.057875343,-0.055386387,76.65926
24.619565229179578,35.18478278215484,82.255135,11059200.15964508,0.023840966,-0.030428065,70.7724
24.442029139218562,35.043478080275,76.86345,17798399.897003174,0.008051511,-0.017893093,73.28257
24.528985389862203,35.079710263267266,73.800804,13305600.072097778,0.027814029,-0.018549586,74.07359
24.471014503837736,35.137681214861566,84.09494,12700799.969100952,0.016232122,-0.024200117,70.30482
24.55072462237475,35.07608730649443,88.70044,5011200.226593018,-0.024617318,-0.02782551,72.314964
24.278985653174068,35.159420527680346,80.15937,2851200.015449524,-0.06825729,-0.03540151,72.813385
24.16304339770124,35.14130418675153,77.183464,10972800.458335876,0.03543584,-0.021121679,76.80641
24.409420185925658,35.126811301460926,78.58091,2159999.936914444,-0.021626074,-0.016479516,74.75561
24.152173912100075,34.942029039701325,85.189964,8380800.095272064,-0.008590948,0.012157968,71.19347
24.579710091518006,35.06884069756067,84.24473,12355200.066947937,0.022421623,-0.018895978,69.85781
24.40579722439643,35.07608730649443,81.130585,6134400.182819366,-0.00443187,-0.010318497,72.89444
24.3913043591697,35.05434799367564,86.750465,15551999.984550476,0.015708404,-0.02396891,70.318794
24.340579735906957,35.22101461745307,78.71513,18403200.0,0.0050319806,-0.031025195,73.155205
24.358695745580064,35.14492749121842,79.46463,8467199.796581268,0.0052235983,0.012000008,74.871086
24.619565229179578,35.18478278215484,82.255135,8985600.19826889,0.02720133,-0.026865667,71.38892
24.423912946628306,35.16304383214723,83.815254,2764800.03991127,-0.041362997,-0.005716378,70.0355
24.293478074173446,35.130434424522214,78.52256,17539199.696159363,0.006207593,-0.012689019,73.06162
24.423912946628306,35.16304383214723,83.815254,3283199.893140793,-0.039090622,-0.0025608204,70.27411
24.659420157792983,35.13768139626715,82.9603,8899199.948501587,0.008438937,-0.001254255,70.6921
24.62318819070881,35.09782625650204,81.14894,11664000.262641907,0.00601393,-0.02125631,70.97858
24.60144921950647,34.9456523441682,85.40489,7862400.2420425415,-0.022342104,0.013158052,70.57851
24.358695745580064,35.14492749121842,79.46463,11059200.15964508,0.019805942,-0.016560113,74.42228
24.351449221508126,35.36231895652174,77.53338,18143999.79915619,0.019659132,-0.023933047,73.61713
24.576087129988778,34.96376817111452,80.53768,7603200.0411987305,-0.007822726,-0.01031681,72.37688
24.409420185925658,35.126811301460926,78.58091,5443199.830055237,-0.025272649,-0.014303954,75.18103
24.177536001617764,35.01449252133363,77.3516,12441599.768257141,0.023754433,-0.031152787,76.07526
24.880434869565217,35.11594208344836,73.60822,15811200.185394287,0.018827038,-0.018071266,73.62948
24.586956589458925,35.03623181903528,81.050644,17798399.897003174,-0.0026396476,-0.027500851,70.4558
24.242753659958876,34.931159481553294,83.59315,7689599.742507935,0.017247573,0.019250765,71.21038
24.40579722439643,35.07608730649443,81.130585,6912000.2368927,0.006553553,-0.015388584,72.93067
24.3913043591697,35.05434799367564,86.750465,2246400.0495672226,-0.05011363,-0.03630826,71.17053
24.409420264318722,35.137681214861566,85.684586,7689599.742507935,-0.016084425,0.018507456,71.81632
24.471014503837736,35.137681214861566,84.09494,12787199.670410156,0.01644578,-0.023710387,70.26282
24.57246390714934,35.13405809180027,82.83649,7257600.139045715,-0.014290366,0.0007034186,71.246704
24.409420264318722,35.137681214861566,85.684586,3801600.0205993652,-0.042761277,0.001297731,70.56959
24.152173912100075,34.942029039701325,85.189964,12441599.768257141,0.027856883,-0.016735112,69.51986
24.40579730278949,34.98550712868071,82.545616,18057600.097846985,-0.01058149,-0.03266023,69.8102
24.409420342711783,35.02898555779556,73.23672,432000.01480579376,-0.0030548498,0.012589713,73.09971
24.5036234048686,34.94565269942081,84.86278,4752000.025749207,-0.024821158,-0.016732106,71.571
24.43478277193275,35.06521686399416,78.38795,1296000.0444173813,-0.017576255,-0.015001437,75.698135
24.24275355543479,35.275361916886446,83.709785,16934399.593162537,0.031229801,-0.044318303,69.56115
24.152173912100075,34.942029039701325,85.189964,18143999.79915619,0.0020206124,-0.031025829,70.59817
24.32608705359737,35.05434782738719,80.59564,4579200.074672699,-0.022380184,-0.019276073,73.69078
24.576087129988778,34.96376817111452,80.53768,4665599.775981903,-0.020481266,-0.0033339448,73.59711
24.731883987437246,34.999999998854186,80.17734,4233599.898290634,-0.025955562,-0.00041545555,73.6389
24.264492787947336,35.06521739309379,75.914215,3196799.917602539,-0.027260844,-0.032307044,75.6626
24.53985505838052,35.14492730981283,78.72631,16502399.989700317,0.015960913,-0.025731,72.48338
24.731883987437246,34.999999998854186,80.17734,13996799.876403809,0.018587012,-0.0057236683,70.84656
24.278985574781007,35.18478260074926,85.36457,9676799.454116821,0.027239747,-0.011045447,72.22683
24.72463775080654,35.097825908808005,83.506035,5270399.878978729,-0.012515578,0.013289744,70.531166
24.507246627708035,35.15217355593542,72.15966,14342399.778556824,0.018243318,-0.008200759,72.26898
24.57608686867857,35.22463755910878,78.28966,18316800.298690796,0.01704862,-0.014109099,72.983406
24.481884276880134,35.21376834109622,79.042,11404800.061798096,0.021005685,-0.012339419,74.131134
24.782608584568965,35.06521774078783,85.492004,6912000.2368927,-0.023612965,0.005250154,70.15799
24.731884091961334,34.88405773852335,82.62194,17798399.897003174,0.006186649,-0.0013735071,69.39612
24.365941903817713,35.11594190204278,77.940506,7516799.791431427,-0.03231846,-0.00793392,75.94783
24.518115930392057,35.170290078269815,76.7112,2159999.936914444,-0.026141722,-0.00404031,76.109985
24.068840433535758,35.17753635462667,82.62194,13305600.072097778,0.038954467,-0.025776377,71.05336
24.623188347494935,34.98550731008629,86.27349,14860800.180244446,0.02884562,-0.029896786,70.01606
24.24275355543479,35.275361916886446,83.709785,7775999.992275238,0.0077589676,0.0009768996,72.09992
24.40217392316393,35.07246365433351,77.73675,3542400.093984604,-0.02539708,-0.0156746,75.97245
24.369565205050215,35.10507235145331,81.59638,3715200.0450611115,-0.033435624,-0.0129561145,72.035515
24.177536001617764,35.01449252133363,77.3516,11750399.96395111,0.02273071,-0.03259936,76.303085
24.85869584610084,35.31159408476158,76.05999,259199.99517202377,2.091378e-05,0.038105067,75.85634
24.40217392316393,35.07246365433351,77.73675,5788799.732208252,-0.025744732,-0.008540025,75.953026
24.369565205050215,35.10507235145331,81.59638,6998399.938201904,-0.013754699,-0.012433177,72.77985
24.471014503837736,35.137681214861566,84.09494,6652800.036048889,-0.023402866,0.0023643468,71.099915
24.409420264318722,35.137681214861566,85.684586,8380800.095272064,-0.0020111054,0.0092188995,71.88137
24.782608584568965,35.06521774078783,85.492004,2246400.0495672226,-0.0048570484,0.00052420795,70.65807
24.728260869121893,35.15579704180788,79.23173,8035200.193119049,0.006658096,0.0094171,73.07645
24.514492864338745,35.152173737341,77.98083,14601599.979400635,0.022758422,-0.016824754,73.7906
24.286231733018653,35.16304365074164,82.86601,11923200.463485718,0.02816315,-0.022535792,71.2024
24.608695560661264,35.210145036629335,80.071884,8726399.99742508,0.012508081,0.013822729,73.148735
24.17028990870767,35.119565206509655,75.23819,7343999.840354919,-0.019655053,-0.0022166707,75.9636
24.141304256647267,35.05072417522627,80.839714,691200.0099778175,-0.062372383,-0.0079394225,72.009125
24.518115930392057,35.170290078269815,76.7112,1123200.0247836113,-0.033531938,0.0069812182,76.27207
24.16304339770124,35.14130418675153,77.183464,14860800.180244446,0.031434864,-0.028390156,75.27001
24.782608584568965,35.06521774078783,85.492004,6566399.786281586,-0.022997875,0.0073725414,70.21584
24.15217408195171,35.09782609021359,90.079155,18057600.097846985,0.011772152,-0.04163394,72.151146
24.264492787947336,35.06521739309379,75.914215,5443199.830055237,-0.033942204,-0.0038530678,75.954185
24.068840433535758,35.17753635462667,82.62194,4233599.898290634,-0.029034842,-0.03271965,71.85023
24.800724541980035,35.0326085145684,80.91604,16502399.989700317,0.00684214,0.00094985217,70.53118
24.423912946628306,35.13405791039468,84.735344,10281599.557113647,0.019056577,-0.0160421,71.28602
24.068840433535758,35.17753635462667,82.62194,9590399.752807617,0.032464683,-0.036664613,72.80911
24.677536062942007,35.07971042955572,84.775665,13478399.474716187,0.01689917,-0.022801092,69.24953
24.880434869565217,35.11594208344836,73.60822,13737599.675559998,0.02833838,-0.009993577,73.56582
24.619565229179578,35.18478278215484,82.255135,6652800.036048889,0.0043436475,-0.017759899,71.38261
24.340579657513896,35.072464168316,77.031204,6652800.036048889,-0.029384125,-0.013288809,76.221405
24.60144921950647,34.9456523441682,85.40489,10540799.757957458,0.022968622,-0.019044468,70.30087
24.268116089179838,35.07971042955572,81.07262,2332799.8879909515,-0.04422955,-0.006747404,72.001305
24.507246418659868,35.018115659512056,74.98295,3369599.8686790466,-0.01559962,-0.0077500027,75.59251
24.782608845879178,35.07246365433351,80.82854,17193599.794006348,0.00061420724,0.0060303174,70.60658
24.369565205050215,35.10507235145331,81.59638,17971200.39653778,0.010159701,-0.030515699,70.65518
24.235507135886934,35.09782643790763,86.62735,12355200.066947937,0.024270242,-0.032290682,71.44111
24.409420342711783,35.02898555779556,73.23672,2332799.8879909515,-0.017530344,-0.015766481,72.87667
24.659420157792983,35.13768139626715,82.9603,7862400.2420425415,-0.008460157,0.008127134,70.837074
24.60144921950647,34.9456523441682,85.40489,3715200.0450611115,-0.027161669,0.012892466,71.225006
24.33695651306752,35.26449269887389,75.24537,16329599.49016571,0.022834288,-0.029185677,75.31474
24.264492787947336,35.06521739309379,75.914215,15897599.886703491,0.006321758,-0.02131124,74.869774
24.49275373635028,35.04710138474188,79.64641,172800.00249445438,0.010252584,0.012453895,74.80006
24.85869584610084,35.31159408476158,76.05999,14601599.979400635,0.031503692,-0.021087775,70.27804
24.409420264318722,35.097825908808005,75.01247,16934399.593162537,0.010649372,-0.010400699,74.42626
24.880434869565217,35.11594208344836,73.60822,7775999.992275238,-0.013047639,0.020711474,73.702934
24.003623304347823,35.192029209683014,80.788605,13219200.370788574,0.0423899,-0.02345288,73.25413
24.278985653174068,35.159420527680346,80.15937,3196799.917602539,-0.07105997,-0.033420824,72.964874
24.655797039477626,35.09782643790763,82.953125,7775999.992275238,-0.0045493357,-0.016040714,70.78255
24.340579735906957,35.22101461745307,78.71513,3369599.8686790466,-0.030240279,-0.019326506,74.04031
24.55434784521419,35.039855304907746,78.730316,9763200.252342224,0.026440829,-0.0070443433,74.08965
24.53985505838052,35.14492730981283,78.72631,9158400.149345398,0.008416295,-0.0018336289,74.47193
24.275362351941567,35.02173896397893,79.32639,4233599.898290634,-0.056231346,-0.01656594,75.299995
24.33695651306752,35.26449269887389,75.24537,3196799.917602539,-0.0990545,-0.070960596,74.86262
24.32608705359737,35.05434782738719,80.59564,12009600.164794922,0.026846327,-0.034101166,72.620094
24.822463669968496,35.11956556932083,79.471794,14601599.979400635,0.020349747,-0.020543138,70.60265
24.507246418659868,35.018115659512056,74.98295,7171199.889278412,-0.0010641664,0.011549629,75.20239
24.423912946628306,35.16304383214723,83.815254,9417600.350189209,0.027709613,-0.017752776,71.42738
24.60144921950647,34.9456523441682,85.40489,12441599.768257141,0.027789775,-0.027483167,69.92572
24.2137679164399,35.101449394680465,78.1842,6998399.938201904,-0.014736205,-0.020939665,76.37579
24.409420185925658,35.126811301460926,78.58091,12182399.56741333,0.023152476,-0.019466368,74.50725
24.514492864338745,35.152173737341,77.98083,950400.0051498413,-0.012416534,0.0018314533,75.80396
24.235507135886934,35.09782643790763,86.62735,16934399.593162537,0.011329973,-0.033430874,70.27385
24.06159400092239,35.235507653915,77.223785,5270399.878978729,-0.05159014,-0.04881797,77.47216
24.72463775080654,35.097825908808005,83.506035,1382400.019955635,0.0010766052,0.0019241143,70.81686
24.171296292717127,35.10648163098043,78.049835,5702400.030899048,-0.032245513,-0.022217302,76.16869
24.528985389862203,35.079710263267266,73.800804,16070400.386238098,0.012886388,-0.029301478,73.96854
24.15217408195171,35.09782609021359,90.079155,172800.00249445438,-0.0015733577,-0.023236705,70.43523
24.423912946628306,35.16304383214723,83.815254,8985600.19826889,0.027701132,-0.016764702,71.47099
24.278985653174068,35.159420527680346,80.15937,9417600.350189209,0.015586726,-0.008836588,74.404945
24.619565229179578,35.18478278215484,82.255135,12960000.169944763,0.020272233,-0.029777626,70.04057
24.49275373635028,35.04710138474188,79.64641,13910400.175094604,0.01647866,-0.016955277,72.0822
24.782608845879178,35.07246365433351,80.82854,3628800.0695228577,-0.027160902,-0.011778368,72.76496
24.503623143558386,34.916666955294566,80.479385,12873600.46863556,0.03359765,-0.016187599,71.29858
24.35507260113369,35.04710138474188,76.478294,11664000.262641907,0.016790017,-0.02575667,75.90876
24.85869584610084,35.31159408476158,76.05999,14428799.479866028,0.031101972,-0.02056027,70.435745
24.171296292717127,35.10648163098043,78.049835,13478399.474716187,0.030164253,-0.021094834,75.441315
24.525362323808892,35.01449270273921,80.76379,1468799.9954938889,-0.001979746,0.011260338,73.50005
24.15217408195171,35.09782609021359,90.079155,10799999.95880127,0.027916294,-0.01623228,72.123314
24.275362351941567,35.02173896397893,79.32639,14342399.778556824,0.029387191,-0.032265916,72.92852
24.17028990870767,35.119565206509655,75.23819,1468799.9954938889,-0.05309623,-0.05981519,74.82787
24.068840433535758,35.050724689208764,75.1399,9417600.350189209,-0.0020083413,-0.02449928,75.58939
24.60144921950647,34.9456523441682,85.40489,18143999.79915619,-0.0021398626,-0.013932282,70.15331
24.268116089179838,35.07971042955572,81.07262,9071999.899578094,9.410083e-05,-0.018506704,73.50036
24.608695560661264,35.210145036629335,80.071884,3542400.093984604,-0.034336824,-0.0030463934,72.98388
24.49275373635028,35.04710138474188,79.64641,5443199.830055237,-0.028488543,-0.0028325617,74.24305
24.409420264318722,35.097825908808005,75.01247,3196799.917602539,-0.029476356,-0.01027642,75.40279
24.586956589458925,35.03623181903528,81.050644,1814400.0347614288,-0.0013908334,-0.0055502523,73.24675
24.35507260113369,35.04710138474188,76.478294,1468799.9954938889,-0.009470578,-0.009206725,76.25908
24.677536062942007,35.07971042955572,84.775665,1900800.0102996826,-0.009612743,0.0046213344,70.27776
24.619565229179578,35.18478278215484,82.255135,11145599.860954285,0.023352085,-0.030639762,70.748344
24.576087129988778,34.96376817111452,80.53768,16675200.489234924,0.010383662,-0.02253736,70.09716
24.55072462237475,35.07608730649443,88.70044,8553600.046348572,0.002772648,-0.018925032,72.68555
24.293478074173446,35.130434424522214,78.52256,16243199.788856506,0.0047717914,-0.017048704,73.35538
24.340579657513896,35.072464168316,77.031204,5270399.878978729,-0.033280116,-0.017959217,76.12365
24.47463793572534,35.15579704180788,74.131996,10627199.459266663,0.018746905,-0.01963505,74.2514
24.409420264318722,35.137681214861566,85.684586,5875199.981975555,-0.04029667,0.013395829,71.34919
24.49275373635028,35.04710138474188,79.64641,6739199.737358093,-0.019167341,-0.0011180639,74.02263
24.43478251062254,35.050724689208764,81.254395,8899199.948501587,0.0057661645,3.734976e-05,72.42419
24.177536001617764,35.01449252133363,77.3516,9071999.899578094,0.011080064,-0.030236838,76.94989
24.336956356281394,35.12681217825459,78.56935,17020800.39138794,-0.007970907,0.0034130719,73.04473
24.43478251062254,35.050724689208764,81.254395,16329599.49016571,0.014606815,-0.022014273,70.42765
24.40217392316393,35.07246365433351,77.73675,15638399.68585968,0.008087769,-0.007436091,73.71074
24.40579730278949,34.98550712868071,82.545616,1728000.059223175,-0.033336263,0.0042465962,71.37988
24.373188349496587,35.09782609021359,73.044136,16588799.691009521,0.011828087,-0.02929012,73.2408
24.75362311542571,35.148550251468535,82.31272,12960000.169944763,0.014792364,-0.026257819,69.52453
24.57246390714934,35.13405809180027,82.83649,8208000.144195557,-0.0017099828,0.0019232016,71.20315
24.423912946628306,35.16304383214723,83.815254,5702400.030899048,-0.0139504,-0.007539144,71.15148
24.507246627708035,35.15217355593542,72.15966,8639999.747657776,0.013994135,0.011520503,71.42852
24.43478251062254,35.050724689208764,81.254395,10281599.557113647,0.017831452,-0.021144742,72.27749
24.351449221508126,35.36231895652174,77.53338,1209599.9317646027,-0.07989058,-0.07235445,74.476364
24.822463669968496,35.11956556932083,79.471794,5529600.07982254,-0.004197523,0.02015488,72.98513
24.518115930392057,35.170290078269815,76.7112,777599.9855160713,-0.033487972,0.0149730565,76.35032
24.409420264318722,35.097825908808005,75.01247,3628800.0695228577,-0.026898328,-0.0066279303,75.46255
24.55072462237475,35.07608730649443,88.70044,16588799.691009521,0.014528971,-0.034977198,71.1131
24.579710091518006,35.06884069756067,84.24473,12960000.169944763,0.023127265,-0.019131994,69.66357
24.3913043591697,35.05434799367564,86.750465,10627199.459266663,0.023679763,-0.006982388,71.921104
24.3913043591697,35.05434799367564,86.750465,18403200.0,-0.020181231,-0.012495527,70.67901
24.340579657513896,35.072464168316,77.031204,12182399.56741333,0.024777843,-0.014738066,75.776054
24.623188347494935,34.98550731008629,86.27349,4665599.775981903,-0.03254867,-0.0019321851,71.71608
24.49275373635028,34.95652190987481,78.13308,8467199.796581268,-0.018695146,0.0071816985,75.26334
24.358695745580064,35.14492749121842,79.46463,17452799.99485016,0.0021830723,-0.012461478,72.32174
24.880434869565217,35.11594208344836,73.60822,7084800.187969208,-0.015563317,0.02653072,73.62154
24.800724541980035,35.0326085145684,80.91604,12009600.164794922,0.025334688,0.0071666744,70.14502
24.822463669968496,35.11956556932083,79.471794,14687999.680709839,0.020056287,-0.02098651,70.61933
24.33695651306752,35.26449269887389,75.24537,345600.00498890877,-0.13225211,-0.028023666,76.2424
24.351449221508126,35.36231895652174,77.53338,1814400.0347614288,-0.074773565,-0.075576134,74.658936
24.286231733018653,35.16304365074164,82.86601,7862400.2420425415,0.020395765,-0.026065143,72.32533
24.481884276880134,35.21376834109622,79.042,11923200.463485718,0.022003397,-0.010237778,73.95392
24.677536062942007,35.07971042955572,84.775665,12095999.866104126,0.016404295,-0.029196257,69.60258
24.2137679164399,35.101449394680465,78.1842,6047999.933052063,-0.018602807,-0.0292767,76.15735
24.481884276880134,35.21376834109622,79.042,9590399.752807617,0.020477463,0.0038441177,74.70884
24.471014503837736,35.137681214861566,84.09494,13305600.072097778,0.017443659,-0.020344483,70.01581
24.521739153231497,35.18115965909355,80.50853,17193599.794006348,0.024798889,-0.017158488,71.09685
24.24275355543479,35.275361916886446,83.709785,18057600.097846985,0.023842214,-0.04667759,69.70045
24.514492864338745,35.152173737341,77.98083,3628800.0695228577,-0.025725115,-0.010801705,75.367065
24.5036234048686,34.94565269942081,84.86278,10108800.15449524,0.023808056,-0.028658932,70.493675
24.409420264318722,35.097825908808005,75.01247,2592000.0888347626,-0.03278031,-0.0154358465,75.28685
24.152173912100075,34.942029039701325,85.189964,6047999.933052063,-0.030080501,5.6780875e-05,72.08571
24.57246390714934,35.13405809180027,82.83649,5270399.878978729,-0.018335894,-0.0068425704,71.08756
24.576087129988778,34.96376817111452,80.53768,3542400.093984604,-0.016072396,-0.0048890132,74.071365
24.442029139218562,35.043478080275,76.86345,17625600.494384766,0.008732125,-0.018675977,73.31749
24.35507260113369,35.04710138474188,76.478294,5788799.732208252,-0.023479674,-0.0146955345,76.1814
24.75362311542571,35.148550251468535,82.31272,11836799.665260315,0.0114808995,-0.027556838,69.880554
24.62318819070881,35.09782625650204,81.14894,1555199.9710321426,-0.0017803274,0.005996121,72.81861
24.340579657513896,35.072464168316,77.031204,17884799.598312378,0.0043999664,-0.012810042,73.58604
24.62318819070881,35.09782625650204,81.14894,8726399.99742508,-0.006160505,0.008914098,71.80688
24.409420264318722,35.137681214861566,85.684586,12441599.768257141,0.025696676,-0.013211461,70.83342
24.264492787947336,35.06521739309379,75.914215,3023999.9665260315,-0.026744183,-0.033294708,75.63993
24.17028990870767,35.119565206509655,75.23819,14428799.479866028,0.030206682,-0.02166736,75.48571
24.278985574781007,35.18478260074926,85.36457,16588799.691009521,0.02015553,-0.03312654,69.329056
24.365941903817713,35.11594190204278,77.940506,9763200.252342224,0.0064153783,-0.013865663,75.86547
24.800724541980035,35.0326085145684,80.91604,4838399.727058411,-0.02074083,-0.011346625,72.36784
24.43478277193275,35.06521686399416,78.38795,15897599.886703491,0.01131906,-0.0090361405,72.902985
24.49275373635028,35.04710138474188,79.64641,17193599.794006348,0.00014704838,-0.012384212,71.40189
24.608695560661264,35.210145036629335,80.071884,1036799.9806880951,-0.03593147,-0.0013119876,73.047745
24.75362311542571,35.148550251468535,82.31272,9244799.850654602,0.0072295293,-0.0025936328,70.48266
24.55072462237475,35.07608730649443,88.70044,2246400.0495672226,-0.014417462,-0.016035045,73.042206
24.55434784521419,35.039855304907746,78.730316,3628800.0695228577,-0.014799003,-0.011169104,75.661125
24.373188349496587,35.09782609021359,73.044136,12095999.866104126,0.018044624,-0.024864769,72.801414
24.15217408195171,35.09782609021359,90.079155,3456000.11844635,-0.012164671,-0.045656264,68.548386
24.2137679164399,35.101449394680465,78.1842,13996799.876403809,0.0285061,-0.029976258,74.74022
24.340579657513896,35.072464168316,77.031204,14428799.479866028,0.020019857,-0.008239804,74.86134
24.521739153231497,35.18115965909355,80.50853,1209599.9317646027,-0.0014516339,-0.009321025,72.25747
24.177536001617764,35.01449252133363,77.3516,2332799.8879909515,-0.022492561,-0.022178764,75.69792
24.626811465810288,35.05797113185407,83.9315,4060799.9472141266,-0.02300651,0.012355211,70.64584
24.49275373635028,35.04710138474188,79.64641,2764800.03991127,-0.019071497,-0.0027090646,74.72516
24.75362311542571,35.148550251468535,82.31272,12787199.670410156,0.014095994,-0.02705715,69.58875
24.152173912100075,34.942029039701325,85.189964,15811200.185394287,0.015268253,-0.025378013,69.411446
24.06159400092239,35.235507653915,77.223785,15897599.886703491,0.040697727,-0.069346875,75.59653
24.822463669968496,35.11956556932083,79.471794,17366400.293540955,0.015415253,-0.035573922,71.17563
24.822463669968496,35.11956556932083,79.471794,9590399.752807617,0.01272068,-0.014045591,71.942345
24.521739153231497,35.18115965909355,80.50853,5615999.781131744,-0.0068382323,-0.022821208,73.14064
24.235507135886934,35.09782643790763,86.62735,13996799.876403809,0.027705941,-0.029998293,70.532646
24.43478277193275,35.06521686399416,78.38795,12095999.866104126,0.02428898,-0.008230051,74.24811
24.293478074173446,35.130434424522214,78.52256,6652800.036048889,-0.025717344,-0.020559715,75.80404
24.33695651306752,35.26449269887389,75.24537,12355200.066947937,0.036748722,-0.02846132,75.237206
24.235507135886934,35.09782643790763,86.62735,12614400.267791748,0.024801066,-0.032100864,71.28496
24.278985653174068,35.159420527680346,80.15937,6912000.2368927,-0.03799477,-0.02456765,74.477066
24.40217392316393,35.07246365433351,77.73675,13046399.871253967,0.023082318,-0.008142168,74.77789
24.503623143558386,34.916666955294566,80.479385,15206400.082397461,0.0173774,-0.015374815,70.38469
24.471014503837736,35.137681214861566,84.09494,16070400.386238098,0.004488256,-0.02089809,69.33902
24.782608584568965,35.06521774078783,85.492004,864000.0296115875,0.015765505,0.00045873597,70.64245
24.409420185925658,35.126811301460926,78.58091,1987199.9858379364,-0.018794194,-0.01676877,74.735275
24.47463793572534,35.15579704180788,74.131996,1900800.0102996826,0.0023669414,-0.009835051,74.20167
24.60144921950647,34.9456523441682,85.40489,4319999.873828888,-0.028164487,0.013747033,71.31237
24.55072462237475,35.07608730649443,88.70044,17884799.598312378,0.012353893,-0.027729979,71.24792
24.576087129988778,34.96376817111452,80.53768,17452799.99485016,0.0072295777,-0.022011189,70.121
24.32608705359737,35.05434782738719,80.59564,86400.00124722719,-0.03222752,-0.021517774,72.6926
24.55072462237475,35.07608730649443,88.70044,13824000.4737854,0.035808872,-0.028145587,71.36871
24.623188347494935,34.98550731008629,86.27349,12268800.365638733,0.03369301,-0.026551517,70.28534
24.24275355543479,35.275361916886446,83.709785,6134400.182819366,-0.03692757,-0.043464936,71.51239
24.286231733018653,35.16304365074164,82.86601,1209599.9317646027,0.009017084,-0.014559755,69.924965
24.52536253285706,35.05797113185407,79.99595,13046399.871253967,0.01677064,-0.022681633,71.94616
24.507246627708035,35.15217355593542,72.15966,15120000.381088257,0.0103106275,-0.013123782,72.25258
24.49275373635028,34.95652190987481,78.13308,8985600.19826889,-0.017576471,-0.0017519742,75.2085
24.423912946628306,35.13405791039468,84.735344,16847999.891853333,0.0056997165,-0.02416779,69.44826
24.55072462237475,35.07608730649443,88.70044,6912000.2368927,0.015752872,-0.018875545,72.37368
24.442029139218562,35.043478080275,76.86345,10540799.757957458,0.010996053,-0.02066323,75.739296
24.49275373635028,34.95652190987481,78.13308,6566399.786281586,-0.022593949,0.010802442,75.680756
24.880434869565217,35.11594208344836,73.60822,8035200.193119049,-0.008430369,0.01743923,73.71537
24.731884091961334,34.88405773852335,82.62194,7689599.742507935,-0.011477031,0.006848572,69.79068
24.731884091961334,34.88405773852335,82.62194,10886399.660110474,0.01802436,-0.01626269,69.3783
24.177536001617764,35.01449252133363,77.3516,4319999.873828888,-0.029157292,-0.025077047,76.321625
24.293478074173446,35.130434424522214,78.52256,13564800.27294159,0.018639332,-0.01836096,74.422806
24.782608845879178,35.07246365433351,80.82854,259199.99517202377,0.015300781,0.0009554215,74.31042
24.55434784521419,35.039855304907746,78.730316,11923200.463485718,0.026628312,-0.016146315,73.434616
24.40217392316393,35.07246365433351,77.73675,16934399.593162537,-0.0032066293,-0.0016661435,73.21924
24.271739312019278,35.0833337340226,74.97577,11923200.463485718,0.029479995,-0.025374869,75.5347
24.481884276880134,35.21376834109622,79.042,18316800.298690796,-0.0031978376,-0.01594725,72.26754
24.242753659958876,34.931159481553294,83.59315,5529600.07982254,-0.02558903,0.0019479226,72.21253
24.242753659958876,34.931159481553294,83.59315,7343999.840354919,0.013609756,0.018917624,71.40301
24.442029139218562,35.043478080275,76.86345,6134400.182819366,-0.014708135,-0.010015646,76.2276
24.271739312019278,35.0833337340226,74.97577,345600.00498890877,-0.06273091,0.0014307182,74.43862
24.60144921950647,34.9456523441682,85.40489,1209599.9317646027,0.009475984,0.0073503386,70.657845
24.503623143558386,34.916666955294566,80.479385,3542400.093984604,-0.024428044,-0.015247604,74.394135
24.275362351941567,35.02173896397893,79.32639,9676799.454116821,0.021973643,-0.024126789,74.98884
24.49275373635028,34.95652190987481,78.13308,15379199.48501587,0.0078028813,-0.00037258863,72.65343
24.503623143558386,34.916666955294566,80.479385,16934399.593162537,-0.007571064,-0.00346349,69.86886
24.373188532413735,34.85507217391305,83.68782,1468799.9954938889,-0.020129837,0.026859092,72.617485
24.24275355543479,35.275361916886446,83.709785,8553600.046348572,0.02752037,0.012121243,72.28928
24.72463775080654,35.097825908808005,83.506035,5702400.030899048,-0.008286808,0.016442668,70.50191
24.242753659958876,34.931159481553294,83.59315,15983999.588012695,0.009582378,-0.023183713,69.788315
24.15217408195171,35.09782609021359,90.079155,7171199.889278412,0.026943784,-0.014597712,71.371346
24.659420157792983,35.13768139626715,82.9603,6912000.2368927,-0.013684962,0.01238258,70.85988
24.655797039477626,35.09782643790763,82.953125,15206400.082397461,0.015910901,-0.022140196,69.06677
24.2137679164399,35.101449394680465,78.1842,345600.00498890877,0.010924289,-0.030837098,74.20849
24.235507135886934,35.09782643790763,86.62735,9935999.654960632,0.008710772,-0.030743243,72.60085
24.518115930392057,35.170290078269815,76.7112,6566399.786281586,-0.016751412,-0.011230787,75.79733
24.507246627708035,35.15217355593542,72.15966,11145599.860954285,0.017845975,-0.00981381,72.102646
24.55072462237475,35.07608730649443,88.70044,11231999.562263489,0.034397077,-0.026599279,71.61933
24.782608584568965,35.06521774078783,85.492004,9590399.752807617,0.016402137,-0.010625912,69.64863
24.358695745580064,35.14492749121842,79.46463,16243199.788856506,0.006018121,-0.014148975,72.48641
24.268116089179838,35.07971042955572,81.07262,5184000.177669525,-0.03732677,-0.013581319,73.38563
24.340579735906957,35.22101461745307,78.71513,2419199.8635292053,-0.01966713,-0.026459964,73.81509
24.141304256647267,35.05072417522627,80.839714,15292799.783706665,0.017351924,-0.027091986,71.8255
24.43478277193275,35.06521686399416,78.38795,14774400.478935242,0.019270923,0.0024547148,73.37959
24.134057993885538,35.130434787333385,80.741425,15033599.582862854,0.024648624,-0.020197095,72.185646
24.423912946628306,35.16304383214723,83.815254,3542400.093984604,-0.037822004,-0.0011665188,70.38816
24.60144921950647,34.9456523441682,85.40489,17798399.897003174,0.0029046647,-0.018906536,70.036125
24.365941903817713,35.11594190204278,77.940506,10540799.757957458,0.015525937,-0.016166342,75.6529
24.659420157792983,35.13768139626715,82.9603,13737599.675559998,0.023052303,-0.018227806,69.32108
24.731883987437246,34.999999998854186,80.17734,4838399.727058411,-0.027133804,-0.0034074895,73.29256
24.423912946628306,35.16304383214723,83.815254,4406400.123596191,-0.03215925,0.00015856512,70.73143
24.264492787947336,35.06521739309379,75.914215,2332799.8879909515,-0.025003057,-0.03499669,75.548485
24.619565229179578,35.18478278215484,82.255135,11318400.360488892,0.022423692,-0.031038364,70.69819
24.423912946628306,35.16304383214723,83.815254,11491199.7631073,0.019873912,-0.02894673,71.01635
24.278985574781007,35.18478260074926,85.36457,1036799.9806880951,-0.10190329,-0.031737916,69.951584
24.33695651306752,35.26449269887389,75.24537,17971200.39653778,0.013943613,-0.02908603,75.06095
24.369565205050215,35.10507235145331,81.59638,15379199.48501587,0.014723215,-0.02124188,70.73012
24.782608845879178,35.07246365433351,80.82854,3456000.11844635,-0.026259061,-0.012230584,72.857155
24.471014503837736,35.137681214861566,84.09494,1296000.0444173813,-0.008148473,-0.0057460386,69.29948
24.471014503837736,35.137681214861566,84.09494,17712000.19569397,-0.006805584,-0.014766844,69.52491
24.782608845879178,35.07246365433351,80.82854,8380800.095272064,-0.0018599071,0.009406704,71.272865
24.369565205050215,35.10507235145331,81.59638,13391999.773406982,0.027627315,-0.016269831,71.23595
24.728260869121893,35.15579704180788,79.23173,3887999.996137619,-0.023224968,-0.00054346956,74.37344
24.271739312019278,35.0833337340226,74.97577,14774400.478935242,0.026172204,-0.015651016,75.02957
24.72463775080654,35.097825908808005,83.506035,16502399.989700317,0.009719193,-0.023359029,69.2909
24.619565229179578,35.18478278215484,82.255135,15983999.588012695,0.014054637,-0.022851909,69.41294
24.134057993885538,35.130434787333385,80.741425,12009600.164794922,0.03250792,-0.01987479,73.60857
24.340579735906957,35.22101461745307,78.71513,11231999.562263489,0.028994564,-0.027446179,75.1547
24.53985505838052,35.14492730981283,78.72631,8035200.193119049,-0.008208454,0.007756375,74.64026
24.003623304347823,35.192029209683014,80.788605,3456000.11844635,-0.054967668,-0.06288348,72.05566
24.72463775080654,35.097825908808005,83.506035,16156800.087547302,0.011113975,-0.023693955,69.18072
24.2137679164399,35.101449394680465,78.1842,10108800.15449524,0.021257175,-0.009517854,76.28374
24.43478277193275,35.06521686399416,78.38795,13910400.175094604,0.02180444,0.004372323,73.7017
24.503623143558386,34.916666955294566,80.479385,6393599.835205078,-0.034781482,-0.012776891,73.384605
24.800724541980035,35.0326085145684,80.91604,12700799.969100952,0.024696322,0.011412089,70.05796
24.40217392316393,35.07246365433351,77.73675,17625600.494384766,-0.0070980676,0.004761666,73.05672
24.518115930392057,35.170290078269815,76.7112,9071999.899578094,0.015164239,-0.014690651,75.8906
24.62318819070881,35.09782625650204,81.14894,2592000.0888347626,-0.0155628845,0.00019570999,72.8849
24.282608510179216,35.10869565592019,73.044136,6566399.786281586,-0.05723654,-0.023576064,72.79149
24.60144921950647,34.9456523441682,85.40489,11491199.7631073,0.025874147,-0.025553165,70.16287
24.655797039477626,35.09782643790763,82.953125,13996799.876403809,0.019049603,-0.022962933,69.227806
24.358695745580064,35.14492749121842,79.46463,8639999.747657776,0.007529434,0.010223974,74.87355
24.202898613755877,35.17753635462667,82.22561,5184000.177669525,-0.061118063,-0.029250672,72.30575
24.177536001617764,35.01449252133363,77.3516,1641599.9465703964,-0.0130414665,-0.025159901,75.6044
24.731884091961334,34.88405773852335,82.62194,12527999.469566345,0.022755707,-0.016311394,69.199104
24.579710091518006,35.06884069756067,84.24473,7257600.139045715,-0.012877744,0.013204763,70.74996
24.60144921950647,34.9456523441682,85.40489,1728000.059223175,-0.00046767667,0.009632813,70.68463
24.586956589458925,35.03623181903528,81.050644,6220799.884128571,-0.013225287,0.0030191652,72.23372
24.471014503837736,35.137681214861566,84.09494,16847999.891853333,-0.00030666962,-0.019817634,69.362335
24.358695745580064,35.14492749121842,79.46463,12009600.164794922,0.019707596,-0.0156981,74.05544
24.471014503837736,35.137681214861566,84.09494,3887999.996137619,-0.025739696,-0.0018199142,70.3475
24.409420264318722,35.137681214861566,85.684586,15120000.381088257,0.025340881,-0.010220716,69.92831
24.409420185925658,35.126811301460926,78.58091,5875199.981975555,-0.02006406,-0.014461713,75.221306
24.507246418659868,35.018115659512056,74.98295,18143999.79915619,-0.0053971447,-0.0068007205,74.06056
24.202898613755877,35.17753635462667,82.22561,7430400.090122223,-0.0088348985,0.0048804283,72.95929
24.677536062942007,35.07971042955572,84.775665,16588799.691009521,0.0010789707,-0.025284378,69.560326
24.141304256647267,35.05072417522627,80.839714,11836799.665260315,0.020127326,-0.02646874,73.55391
24.33695651306752,35.26449269887389,75.24537,3801600.0205993652,-0.09050523,-0.06497848,74.766815
24.17028990870767,35.119565206509655,75.23819,4579200.074672699,-0.06271398,-0.039574087,75.43412
24.365941903817713,35.11594190204278,77.940506,4924799.976825714,-0.04544383,-0.016287899,75.6543
24.880434869565217,35.11594208344836,73.60822,11231999.562263489,0.02210484,-0.026986862,73.683754
24.171296292717127,35.10648163098043,78.049835,1814400.0347614288,-0.04473267,-0.026390852,74.64913
24.06159400092239,35.235507653915,77.223785,4147199.9227523804,-0.07327792,-0.061055355,77.685875
24.282608510179216,35.10869565592019,73.044136,16675200.489234924,0.018677212,-0.029803509,73.086
24.282608510179216,35.10869565592019,73.044136,8380800.095272064,-0.035253737,-0.0032976996,72.74844
24.85869584610084,35.31159408476158,76.05999,10627199.459266663,0.007999249,-0.013769003,75.30656
24.16304339770124,35.14130418675153,77.183464,6998399.938201904,0.009607337,-0.021935573,76.79435
24.514492864338745,35.152173737341,77.98083,345600.00498890877,-0.013947878,0.00994383,75.990944
24.068840433535758,35.17753635462667,82.62194,950400.0051498413,-0.03104518,-0.02133481,69.77252
24.608695560661264,35.210145036629335,80.071884,11664000.262641907,0.015236992,-0.013789369,72.30607
24.152173912100075,34.942029039701325,85.189964,15724800.484085083,0.015797311,-0.02500294,69.36822
24.782608584568965,35.06521774078783,85.492004,6307200.133895874,-0.022095118,0.0091975015,70.2619
24.47463793572534,35.15579704180788,74.131996,864000.0296115875,-0.0063517727,0.008244792,73.991806
24.521739153231497,35.18115965909355,80.50853,9071999.899578094,0.0077116415,0.012726278,72.97853
24.57608686867857,35.22463755910878,78.28966,9331199.551963806,0.009390298,0.0015814155,74.940865
24.659420157792983,35.13768139626715,82.9603,17193599.794006348,0.013490746,-0.022164872,69.07185
24.579710091518006,35.06884069756067,84.24473,18230399.500465393,-0.016275775,0.007902075,70.04624
24.5036234048686,34.94565269942081,84.86278,4406400.123596191,-0.025683876,-0.01754005,71.54438
24.731883987437246,34.999999998854186,80.17734,5529600.07982254,-0.024499144,-0.0058366563,72.94354
24.655797039477626,35.09782643790763,82.953125,12873600.46863556,0.017995896,-0.023553828,69.60281
24.409420264318722,35.097825908808005,75.01247,5356800.128746033,-0.025490198,-0.003409097,75.49674
24.282608510179216,35.10869565592019,73.044136,15033599.582862854,0.031982213,-0.017284883,73.12877
24.409420264318722,35.097825908808005,75.01247,7948799.943351746,-0.00022237748,0.015223982,75.21571
24.579710091518006,35.06884069756067,84.24473,86400.00124722719,-0.026705999,0.018563816,70.34985
24.72463775080654,35.097825908808005,83.506035,3801600.0205993652,-0.02011859,-0.00066515803,70.624306
24.16304339770124,35.14130418675153,77.183464,4060799.9472141266,-0.052065086,-0.06365725,75.63046
24.49275373635028,34.95652190987481,78.13308,6998399.938201904,-0.020034019,0.0130608855,75.54279
24.518115930392057,35.170290078269815,76.7112,8639999.747657776,0.009963479,-0.014369423,75.87932
24.351449221508126,35.36231895652174,77.53338,2851200.015449524,-0.07432608,-0.07848012,75.304924
24.15942034471344,35.02536261613985,84.04098,7430400.090122223,0.0026855469,-0.024607679,71.5365
24.2137679164399,35.101449394680465,78.1842,3801600.0205993652,-0.029286403,-0.03625595,75.31853
24.286231733018653,35.16304365074164,82.86601,2851200.015449524,-0.011065051,-0.025824042,70.623055
24.641304357168043,34.938405387540406,81.3883,4492800.099134445,-0.013978664,-0.011282979,72.76538
24.43478251062254,35.050724689208764,81.254395,3715200.0450611115,-0.019818924,-0.009933872,72.64181
24.579710091518006,35.06884069756067,84.24473,10627199.459266663,0.018403454,-0.017419623,70.25053
24.40217392316393,35.07246365433351,77.73675,13910400.175094604,0.02053922,-0.0018193927,74.45806
24.728260869121893,35.15579704180788,79.23173,2419199.8635292053,-0.0211364,-0.0039323643,74.72628
24.623188347494935,34.98550731008629,86.27349,13651199.974250793,0.03314362,-0.02832024,69.99576
24.15942034471344,35.02536261613985,84.04098,18230399.500465393,0.010442911,-0.042150527,70.092926
24.177536001617764,35.01449252133363,77.3516,7257600.139045715,-0.012293145,-0.027005585,77.18183
24.528985389862203,35.079710263267266,73.800804,6307200.133895874,-0.024603333,-0.019084299,74.02678
24.40217392316393,35.07246365433351,77.73675,13132799.572563171,0.022844732,-0.0073355976,74.74881
24.278985653174068,35.159420527680346,80.15937,7516799.791431427,-0.024717357,-0.019386956,74.561745
24.409420185925658,35.126811301460926,78.58091,3887999.996137619,-0.033346,-0.011288686,75.069046
24.507246627708035,35.15217355593542,72.15966,9590399.752807617,0.02077177,-0.0011418741,71.78512
24.626811465810288,35.05797113185407,83.9315,9158400.149345398,0.0041810684,0.004826719,70.250305
24.626811465810288,35.05797113185407,83.9315,18403200.0,0.008174855,-0.013857158,70.14277
24.409420185925658,35.126811301460926,78.58091,18403200.0,0.014901122,-0.020575466,72.77983
24.365941903817713,35.11594190204278,77.940506,1382400.019955635,-0.028612655,-0.009241918,75.32609
24.503623143558386,34.916666955294566,80.479385,1814400.0347614288,-0.00607834,-0.0031991862,74.55444
24.85869584610084,35.31159408476158,76.05999,12355200.066947937,0.020558076,-0.01851985,73.086586
24.282608510179216,35.10869565592019,73.044136,10195199.855804443,0.006583046,-0.012438817,73.02559
24.32608705359737,35.05434782738719,80.59564,9849599.953651428,0.01902932,-0.038416862,73.52305
24.3985509616347,35.079710263267266,82.39983,14601599.979400635,0.026051398,-0.019519983,70.252235
24.659420157792983,35.13768139626715,82.9603,16761600.190544128,0.015557749,-0.02275187,68.992546
24.49275373635028,35.04710138474188,79.64641,14687999.680709839,0.013554197,-0.016001971,71.82204
24.43478251062254,35.050724689208764,81.254395,17452799.99485016,0.0063280314,-0.018493963,70.419365
24.06159400092239,35.235507653915,77.223785,14774400.478935242,0.053608462,-0.06139178,76.23157
24.52536253285706,35.05797113185407,79.99595,7948799.943351746,0.01156841,-0.015265835,73.23622
24.286231733018653,35.16304365074164,82.86601,13391999.773406982,0.028964017,-0.019581048,70.62122
24.40579730278949,34.98550712868071,82.545616,1036799.9806880951,-0.027359087,0.016465612,71.17077
24.409420342711783,35.02898555779556,73.23672,2159999.936914444,-0.016826719,-0.014338931,72.85102
24.3913043591697,35.05434799367564,86.750465,16329599.49016571,0.010145668,-0.02356437,70.36392
24.24275355543479,35.275361916886446,83.709785,4752000.025749207,-0.054839347,-0.06600191,70.868195
24.586956589458925,35.03623181903528,81.050644,8035200.193119049,-0.004364237,0.019622602,72.03035
24.507246418659868,35.018115659512056,74.98295,6652800.036048889,-0.0026116148,0.008971928,75.31544
24.507246418659868,35.018115659512056,74.98295,8985600.19826889,0.017697448,0.006861098,74.98632
24.282608510179216,35.10869565592019,73.044136,3801600.0205993652,-0.060915772,-0.04541672,72.922005
24.3913043591697,35.05434799367564,86.750465,15120000.381088257,0.018643599,-0.022067657,70.311455
24.49275373635028,35.04710138474188,79.64641,2073599.9613761902,-0.010780908,0.0015584454,74.806526
24.293478074173446,35.130434424522214,78.52256,8553600.046348572,-0.0029195026,-0.0020647757,75.93434
24.586956589458925,35.03623181903528,81.050644,7430400.090122223,-0.0071717575,0.017851166,72.09303
24.442029139218562,35.043478080275,76.86345,1900800.0102996826,-0.012965221,0.0021683779,76.66774
24.068840433535758,35.050724689208764,75.1399,15120000.381088257,0.01522561,-0.03627544,75.32321
24.282608510179216,35.10869565592019,73.044136,15811200.185394287,0.025065338,-0.02780229,73.12436
24.003623304347823,35.192029209683014,80.788605,14515200.27809143,0.040485177,-0.029878998,72.9365
24.576087129988778,34.96376817111452,80.53768,5270399.878978729,-0.022757981,-0.0029956065,73.307755
24.518115930392057,35.170290078269815,76.7112,1814400.0347614288,-0.028982174,-0.0026059486,76.15169
24.141304256647267,35.05072417522627,80.839714,9849599.953651428,-0.0016796887,-0.021701092,73.940506
24.731883987437246,34.999999998854186,80.17734,2937599.9909877777,-0.023645166,-0.0033149682,74.49258
24.43478277193275,35.06521686399416,78.38795,11491199.7631073,0.02522564,-0.011673959,74.43759
24.586956589458925,35.03623181903528,81.050644,10627199.459266663,0.017448526,-0.007521378,71.27992
24.365941903817713,35.11594190204278,77.940506,3110399.9420642853,-0.041950118,-0.012606842,75.3653
24.623188347494935,34.98550731008629,86.27349,13737599.675559998,0.0329631,-0.028405255,69.9872
24.423912946628306,35.13405791039468,84.735344,11923200.463485718,0.018808316,-0.022699887,70.8023
24.782608584568965,35.06521774078783,85.492004,14774400.478935242,0.024317058,-0.02621129,69.86288
24.235507135886934,35.09782643790763,86.62735,4147199.9227523804,-0.023651708,-0.007894883,71.65238
24.60144921950647,34.9456523441682,85.40489,691200.0099778175,0.013039449,0.0082842,70.74986
24.373188532413735,34.85507217391305,83.68782,14774400.478935242,0.02100021,-0.041058995,69.18097
24.503623143558386,34.916666955294566,80.479385,17107200.092697144,-0.009377666,-0.0006746445,69.85882
24.171296292717127,35.10648163098043,78.049835,10368000.35533905,0.023956599,-0.024103628,76.51811
24.242753659958876,34.931159481553294,83.59315,1123200.0247836113,-0.055144947,0.016196616,71.590576
24.619565229179578,35.18478278215484,82.255135,9158400.149345398,0.027925849,-0.026932055,71.341324
24.40579730278949,34.98550712868071,82.545616,14860800.180244446,0.021649107,-0.049035683,69.62051
24.33695651306752,35.26449269887389,75.24537,5184000.177669525,-0.0857515,-0.057061993,74.94952
24.423912946628306,35.13405791039468,84.735344,8812800.247192383,0.0051984712,-0.00619231,71.41312
24.53985505838052,35.14492730981283,78.72631,2246400.0495672226,-0.01140194,0.00019319914,74.93478
24.134057993885538,35.130434787333385,80.741425,3628800.0695228577,-0.09499481,-0.0448862,72.78046
24.409420264318722,35.097825908808005,75.01247,4233599.898290634,-0.026373494,-0.004622007,75.51474
24.53985505838052,35.14492730981283,78.72631,7430400.090122223,-0.016376935,0.004529765,74.658745
24.55072462237475,35.07608730649443,88.70044,6480000.084972382,0.010653239,-0.024413293,72.28697
24.3985509616347,35.079710263267266,82.39983,10627199.459266663,0.015964292,-0.030147465,71.79476
24.518115930392057,35.170290078269815,76.7112,7775999.992275238,-0.0038323887,-0.01594186,75.8327
24.57608686867857,35.22463755910878,78.28966,14687999.680709839,0.02736086,-0.010900645,73.630005
24.579710091518006,35.06884069756067,84.24473,8294399.845504761,0.003989987,0.009266542,70.644455
24.409420264318722,35.097825908808005,75.01247,8899199.948501587,0.0125155635,0.009461088,75.24131
24.068840433535758,35.050724689208764,75.1399,14860800.180244446,0.01634347,-0.0367039,75.36585
24.202898613755877,35.17753635462667,82.22561,259199.99517202377,-0.054766458,-0.06345389,70.05093
24.16304339770124,35.14130418675153,77.183464,8121599.894428253,0.017135967,-0.016282307,76.9827
24.880434869565217,35.11594208344836,73.60822,10627199.459266663,0.02460386,-0.019399548,73.64674
24.06159400092239,35.235507653915,77.223785,7171199.889278412,0.010537466,-0.03735704,76.9852
24.068840433535758,35.050724689208764,75.1399,9504000.051498413,0.0006191619,-0.023785504,75.60684
24.278985653174068,35.159420527680346,80.15937,4147199.9227523804,-0.075660154,-0.028783279,73.35925
24.242753659958876,34.931159481553294,83.59315,15724800.484085083,0.010787535,-0.02212814,69.74475
24.579710091518006,35.06884069756067,84.24473,18143999.79915619,-0.015913107,0.007367136,70.01835
24.641304357168043,34.938405387540406,81.3883,15983999.588012695,0.0069542117,-0.028604573,69.55559
24.358695745580064,35.14492749121842,79.46463,9244799.850654602,0.014496459,0.0025826972,74.848236
24.340579657513896,35.072464168316,77.031204,16329599.49016571,0.0071870536,-0.018557174,74.025215
24.17028990870767,35.119565206509655,75.23819,1036799.9806880951,-0.053079356,-0.05763095,74.679085
24.264492787947336,35.06521739309379,75.914215,9763200.252342224,0.020557797,-0.0005457252,76.57952
24.15217408195171,35.09782609021359,90.079155,10454400.056648254,0.029773947,-0.012489138,72.064224
24.572463802625258,35.028985391507106,77.31845,4147199.9227523804,-0.021855649,-0.004042931,76.57072
24.46739112421217,35.10507235145331,77.031204,9763200.252342224,0.016668113,-0.004751662,75.802055
24.659420157792983,35.13768139626715,82.9603,10454400.056648254,0.019586012,-0.0237428,70.39789
24.268116089179838,35.07971042955572,81.07262,2851200.015449524,-0.04421663,-0.008103957,72.185936
24.46739112421217,35.10507235145331,77.031204,2073599.9613761902,-0.0066213943,-0.013877606,76.30573
24.282608510179216,35.10869565592019,73.044136,14083199.577713013,0.0359014,-0.010901088,73.11988
24.586956589458925,35.03623181903528,81.050644,17279999.49531555,0.0007199235,-0.028313046,70.33236
24.55434784521419,35.039855304907746,78.730316,5875199.981975555,-0.013338901,-0.011381151,75.02911
24.623188347494935,34.98550731008629,86.27349,9244799.850654602,0.02325604,-0.0036639795,70.88152
24.608695560661264,35.210145036629335,80.071884,8639999.747657776,0.011622949,0.014422307,73.16418
24.336956356281394,35.12681217825459,78.56935,6047999.933052063,-0.028821517,-0.001213003,75.44716
24.85869584610084,35.31159408476158,76.05999,5356800.128746033,-0.011811148,0.035051778,75.92198
24.507246418659868,35.018115659512056,74.98295,7689599.742507935,0.00504208,0.013622423,75.10486
24.242753659958876,34.931159481553294,83.59315,6480000.084972382,-0.003208395,0.014324628,71.878845
24.336956356281394,35.12681217825459,78.56935,17798399.897003174,-0.008115422,0.006005505,72.92642
24.442029139218562,35.043478080275,76.86345,14169600.375938416,0.017964344,-0.014788022,74.72464
24.880434869565217,35.11594208344836,73.60822,6307200.133895874,-0.023604233,0.028516307,73.51573
24.51086948471318,35.141304337922854,75.965324,3887999.996137619,-0.018685188,-0.010268105,76.05807
24.373188349496587,35.09782609021359,73.044136,1728000.059223175,-0.016986638,0.0005578939,72.81219
24.525362323808892,35.01449270273921,80.76379,10281599.557113647,0.019296281,-0.006567741,71.904724
24.068840433535758,35.050724689208764,75.1399,10972800.458335876,0.025679147,-0.030435747,75.7852
24.134057993885538,35.130434787333385,80.741425,11318400.360488892,0.030242007,-0.019670418,73.80763
24.134057993885538,35.130434787333385,80.741425,10713600.257492065,0.02980688,-0.014062127,73.9663
24.409420342711783,35.02898555779556,73.23672,2764800.03991127,-0.019826643,-0.0173324,72.98115
24.40217392316393,35.07246365433351,77.73675,12009600.164794922,0.025742676,-0.017501315,75.08202
24.423912946628306,35.16304383214723,83.815254,4924799.976825714,-0.026657257,-0.00198178,70.9129
24.3985509616347,35.079710263267266,82.39983,14169600.375938416,0.02811125,-0.019001437,70.33688
24.423912946628306,35.16304383214723,83.815254,9935999.654960632,0.02646121,-0.019935226,71.3648
24.068840433535758,35.17753635462667,82.62194,7430400.090122223,0.012170238,-0.038239896,73.62527
24.800724541980035,35.0326085145684,80.91604,17020800.39138794,-0.0007919334,-0.0006743036,70.81686
24.626811465810288,35.05797113185407,83.9315,13305600.072097778,0.027310666,-0.01819566,69.34534
24.340579735906957,35.22101461745307,78.71513,15983999.588012695,0.022743898,-0.026501467,73.51441
24.278985574781007,35.18478260074926,85.36457,864000.0296115875,-0.10174844,-0.03133066,69.8772
24.579710091518006,35.06884069756067,84.24473,17193599.794006348,-0.011238597,-0.004289234,69.68988
24.572463802625258,35.028985391507106,77.31845,12700799.969100952,0.021811074,-0.016559923,74.44375
24.880434869565217,35.11594208344836,73.60822,2764800.03991127,-0.024897937,0.012034633,73.570435
24.40217392316393,35.07246365433351,77.73675,1036799.9806880951,0.0030016713,-0.0037102588,76.01923
24.141304256647267,35.05072417522627,80.839714,5961600.231742859,-0.04773618,-0.00015868433,74.32921
24.623188347494935,34.98550731008629,86.27349,7603200.0411987305,-0.014076047,0.015698764,71.32208
24.40217392316393,35.07246365433351,77.73675,6480000.084972382,-0.024910223,-0.0041428953,75.89207
24.728260869121893,35.15579704180788,79.23173,9849599.953651428,0.015028341,-0.012964008,72.47725
24.659420157792983,35.13768139626715,82.9603,9331199.551963806,0.014266977,-0.009528937,70.6158
24.003623304347823,35.192029209683014,80.788605,7948799.943351746,0.010542568,0.007858111,74.84314
24.57246390714934,35.13405809180027,82.83649,12355200.066947937,0.018523786,-0.0250376,70.25882
24.423912946628306,35.13405791039468,84.735344,13824000.4737854,0.021346815,-0.016576653,70.012276
24.358695745580064,35.14492749121842,79.46463,4319999.873828888,-0.037491027,-0.0061957818,74.1083
24.40217392316393,35.07246365433351,77.73675,11059200.15964508,0.025646213,-0.020625053,75.34204
24.728260869121893,35.15579704180788,79.23173,10108800.15449524,0.015343763,-0.01614211,72.38462
24.365941903817713,35.11594190204278,77.940506,1900800.0102996826,-0.033213187,-0.01205943,75.306335
24.572463802625258,35.028985391507106,77.31845,18057600.097846985,-0.005568221,0.000412751,72.8456
24.481884276880134,35.21376834109622,79.042,7775999.992275238,-0.004750591,0.01589784,74.70828
24.782608845879178,35.07246365433351,80.82854,4233599.898290634,-0.029215869,-0.009034229,72.47156
24.06159400092239,35.235507653915,77.223785,18230399.500465393,0.010863742,-0.052238278,74.196785
24.57246390714934,35.13405809180027,82.83649,3369599.8686790466,-0.018577069,-0.009723546,70.64984
24.55434784521419,35.039855304907746,78.730316,12355200.066947937,0.027067505,-0.015645536,73.322174
24.40579730278949,34.98550712868071,82.545616,4492800.099134445,-0.042039458,-0.006679671,72.19569
24.626811465810288,35.05797113185407,83.9315,11664000.262641907,0.022214336,-0.021196915,69.75357
24.365941903817713,35.11594190204278,77.940506,10108800.15449524,0.0113596525,-0.014769418,75.77181
24.442029139218562,35.043478080275,76.86345,16502399.989700317,0.00874218,-0.019540755,73.65037
24.52536253285706,35.05797113185407,79.99595,6220799.884128571,-0.009298336,-0.014871923,73.56072
24.514492864338745,35.152173737341,77.98083,5097599.927902222,-0.024006296,-0.0109812375,75.2127
24.278985653174068,35.159420527680346,80.15937,18143999.79915619,-0.0062238798,-0.011363434,72.270164
24.152173912100075,34.942029039701325,85.189964,1382400.019955635,0.0016617998,-0.009056086,71.95641
24.85869584610084,35.31159408476158,76.05999,11318400.360488892,0.013069488,-0.016909825,74.57166
24.514492864338745,35.152173737341,77.98083,8121599.894428253,0.0059441924,0.0018408298,75.27935
24.177536001617764,35.01449252133363,77.3516,12182399.56741333,0.023337858,-0.031714894,76.170204
24.822463669968496,35.11956556932083,79.471794,10713600.257492065,0.010360148,-0.025884176,71.57975
24.57246390714934,35.13405809180027,82.83649,10799999.95880127,0.015366662,-0.020962773,70.7274
24.15217408195171,35.09782609021359,90.079155,6134400.182819366,0.016687658,-0.031592697,70.52066
24.340579657513896,35.072464168316,77.031204,2764800.03991127,-0.03343441,-0.02231984,76.09995
24.15942034471344,35.02536261613985,84.04098,4492800.099134445,-0.019463934,-0.008384174,71.196335
24.40217392316393,35.07246365433351,77.73675,8812800.247192383,0.007849298,0.001957737,75.86451
24.282608510179216,35.10869565592019,73.044136,9504000.051498413,-0.008663911,-0.005000582,72.9254
24.340579735906957,35.22101461745307,78.71513,1123200.0247836113,-0.017891143,-0.025460782,73.99516
24.608695560661264,35.210145036629335,80.071884,9417600.350189209,0.01817231,0.006207818,72.97336
24.286231733018653,35.16304365074164,82.86601,1987199.9858379364,-0.00026579946,-0.023253528,70.17512
24.271739312019278,35.0833337340226,74.97577,16934399.593162537,0.01568224,-0.0250178,74.642235
24.068840433535758,35.17753635462667,82.62194,1900800.0102996826,-0.017202504,-0.0360448,70.14855
24.481884276880134,35.21376834109622,79.042,5702400.030899048,-0.024824139,-0.0026622806,74.21709
24.822463669968496,35.11956556932083,79.471794,2505600.113296509,-0.019733083,0.021367047,74.621254
24.49275373635028,34.95652190987481,78.13308,17366400.293540955,-0.0013591349,-0.014449505,72.03771
24.880434869565217,35.11594208344836,73.60822,15120000.381088257,0.022971028,-0.013241572,73.58213
24.800724541980035,35.0326085145684,80.91604,3801600.0205993652,-0.018916216,-0.01427179,72.93161
24.677536062942007,35.07971042955572,84.775665,4665599.775981903,-0.013032783,-0.0039395187,70.56769
24.72463775080654,35.097825908808005,83.506035,1555199.9710321426,-0.0023408085,0.0020349007,70.80593
24.659420157792983,35.13768139626715,82.9603,10108800.15449524,0.01886206,-0.021402737,70.46683
24.46739112421217,35.10507235145331,77.031204,10108800.15449524,0.020007862,-0.010705674,75.78076
24.373188349496587,35.09782609021359,73.044136,11059200.15964508,0.016120845,-0.019327225,72.843094
24.641304357168043,34.938405387540406,81.3883,10540799.757957458,0.017154122,-0.027167702,70.365685
24.286231733018653,35.16304365074164,82.86601,13046399.871253967,0.028532714,-0.019589921,70.738365
24.271739312019278,35.0833337340226,74.97577,12009600.164794922,0.029645443,-0.024310322,75.52061
24.55072462237475,35.07608730649443,88.70044,10195199.855804443,0.030986916,-0.021494096,72.08191
24.278985653174068,35.159420527680346,80.15937,4579200.074672699,-0.07458873,-0.027357997,73.54751
24.16304339770124,35.14130418675153,77.183464,16934399.593162537,0.025503173,-0.03707941,74.35651
24.373188349496587,35.09782609021359,73.044136,259199.99517202377,-0.019753933,-0.009885317,72.68893
24.068840433535758,35.17753635462667,82.62194,12527999.469566345,0.03715238,-0.027290272,71.37793
24.528985389862203,35.079710263267266,73.800804,3023999.9665260315,-0.025359664,-0.014342228,74.160065
24.275362351941567,35.02173896397893,79.32639,13996799.876403809,0.032132275,-0.031875,73.138374
24.503623143558386,34.916666955294566,80.479385,13305600.072097778,0.033686973,-0.0117799435,71.157906
24.40579730278949,34.98550712868071,82.545616,13391999.773406982,0.028292796,-0.051874213,70.07474
24.33695651306752,35.26449269887389,75.24537,4147199.9227523804,-0.087690786,-0.06175781,74.770226
24.409420185925658,35.126811301460926,78.58091,259199.99517202377,-0.00393245,-0.0077012833,74.87758
24.507246418659868,35.018115659512056,74.98295,18316800.298690796,-0.007616248,-0.0038570967,74.06826
24.623188347494935,34.98550731008629,86.27349,3974399.971675873,-0.029601794,-0.003038818,71.627975
24.728260869121893,35.15579704180788,79.23173,12268800.365638733,0.020606177,-0.02042078,71.60841
24.264492787947336,35.06521739309379,75.914215,2073599.9613761902,-0.024722096,-0.03457535,75.515816
24.481884276880134,35.21376834109622,79.042,15983999.588012695,0.010626966,-0.022224465,72.733215
24.75362311542571,35.148550251468535,82.31272,18316800.298690796,-0.004645951,0.005391052,70.124695
24.731884091961334,34.88405773852335,82.62194,7775999.992275238,-0.011582039,0.0056759063,69.775734
24.16304339770124,35.14130418675153,77.183464,13910400.175094604,0.037262276,-0.018057508,75.91034
24.43478277193275,35.06521686399416,78.38795,0.0,-0.016615517,-0.018476954,75.86455
24.423912946628306,35.13405791039468,84.735344,14428799.479866028,0.01984048,-0.016972037,69.81982
24.507246418659868,35.018115659512056,74.98295,13651199.974250793,0.02899387,-0.0060109627,74.66653
24.40579730278949,34.98550712868071,82.545616,3628800.0695228577,-0.04023513,-0.0073694307,72.10493
24.068840433535758,35.17753635462667,82.62194,10540799.757957458,0.03463951,-0.03296051,72.198975
24.800724541980035,35.0326085145684,80.91604,4147199.9227523804,-0.020023316,-0.012957791,72.72802
24.43478251062254,35.050724689208764,81.254395,10540799.757957458,0.018436087,-0.024019351,72.217705
24.521739153231497,35.18115965909355,80.50853,2159999.936914444,-0.015525766,-0.004352972,72.395775
24.202898613755877,35.17753635462667,82.22561,16847999.891853333,0.019241745,-0.032739185,71.052155
24.53985505838052,35.14492730981283,78.72631,1814400.0347614288,-0.0029232763,-0.0007994864,75.00679
24.731883987437246,34.999999998854186,80.17734,4665599.775981903,-0.027051125,-0.0023804903,73.38618
24.068840433535758,35.050724689208764,75.1399,1382400.019955635,-0.027497914,-0.019246494,75.01886
24.268116089179838,35.07971042955572,81.07262,15638399.68585968,0.016185263,-0.029080635,71.34492
24.822463669968496,35.11956556932083,79.471794,950400.0051498413,-0.017857846,0.023747597,75.36536
24.75362311542571,35.148550251468535,82.31272,1900800.0102996826,-0.027423877,0.02068998,71.67433
24.507246418659868,35.018115659512056,74.98295,12700799.969100952,0.023793334,-0.008101484,74.79881
24.51086948471318,35.141304337922854,75.965324,4579200.074672699,-0.017511744,-0.00740985,75.92971
24.202898613755877,35.17753635462667,82.22561,7516799.791431427,-0.006351147,0.005283531,72.96682
24.003623304347823,35.192029209683014,80.788605,9935999.654960632,0.036140986,-0.012328586,73.92154
24.641304357168043,34.938405387540406,81.3883,2851200.015449524,-0.004753776,-0.0101469215,73.50334
24.15217408195171,35.09782609021359,90.079155,11836799.665260315,0.024056744,-0.02328196,72.379036
24.46739112421217,35.10507235145331,77.031204,17193599.794006348,0.013904519,-0.02065014,73.64359
24.365941903817713,35.11594190204278,77.940506,12700799.969100952,0.022270786,-0.014252124,75.04116
24.47463793572534,35.15579704180788,74.131996,2592000.0888347626,-0.0044115484,-0.013002029,74.343864
24.85869584610084,35.31159408476158,76.05999,604799.9658823013,0.0042263158,0.036560684,75.8678
24.43478277193275,35.06521686399416,78.38795,5529600.07982254,-0.03106821,-0.00668264,75.54317
24.85869584610084,35.31159408476158,76.05999,13910400.175094604,0.029268138,-0.019544946,70.96377
24.655797039477626,35.09782643790763,82.953125,6134400.182819366,-0.013781451,0.004521977,70.83062
24.518115930392057,35.170290078269815,76.7112,3369599.8686790466,-0.019896265,-0.0024428386,76.00336
24.3913043591697,35.05434799367564,86.750465,4319999.873828888,-0.042468455,-0.016127722,71.422226
24.521739153231497,35.18115965909355,80.50853,4924799.976825714,-0.013292488,-0.021478834,73.03905
24.60144921950647,34.9456523441682,85.40489,14256000.07724762,0.026479077,-0.028923074,69.49359
24.576087129988778,34.96376817111452,80.53768,518399.99034404755,0.0058637783,0.011267707,74.63802
24.16304339770124,35.14130418675153,77.183464,345600.00498890877,-0.06081767,-0.066670135,74.420006
24.85869584610084,35.31159408476158,76.05999,11491199.7631073,0.014082463,-0.017770855,74.34835
24.282608510179216,35.10869565592019,73.044136,17452799.99485016,0.01510017,-0.027048266,73.04983
24.278985574781007,35.18478260074926,85.36457,14342399.778556824,0.031656038,-0.0193931,70.160576
24.365941903817713,35.11594190204278,77.940506,604799.9658823013,-0.02481858,-0.00033755042,75.37926
24.572463802625258,35.028985391507106,77.31845,9590399.752807617,0.019283792,-0.0031236038,75.21128
24.822463669968496,35.11956556932083,79.471794,9676799.454116821,0.01253478,-0.015455002,71.91465
24.358695745580064,35.14492749121842,79.46463,17193599.794006348,0.0032115504,-0.01277356,72.34089
24.442029139218562,35.043478080275,76.86345,4060799.9472141266,-0.015342709,0.0014681239,76.55842
24.75362311542571,35.148550251468535,82.31272,12355200.066947937,0.012544619,-0.028051144,69.73667
24.15217408195171,35.09782609021359,90.079155,11318400.360488892,0.025398534,-0.020761231,72.23657
24.275362351941567,35.02173896397893,79.32639,7775999.992275238,-0.02398995,-0.018081767,75.33747
24.268116089179838,35.07971042955572,81.07262,15983999.588012695,0.013669079,-0.030143658,71.26806
24.731884091961334,34.88405773852335,82.62194,5702400.030899048,-0.017383628,0.00980423,70.38654
24.409420185925658,35.126811301460926,78.58091,6307200.133895874,-0.014174573,-0.014747726,75.27274
24.53985505838052,35.14492730981283,78.72631,4319999.873828888,-0.022803549,0.002072923,74.695366
24.623188347494935,34.98550731008629,86.27349,2159999.936914444,-0.001433637,-0.0073017906,71.17059
24.365941903817713,35.11594190204278,77.940506,9590399.752807617,0.0035192706,-0.0133166555,75.90876
24.06159400092239,35.235507653915,77.223785,5875199.981975555,-0.035696607,-0.046227455,77.29271
24.503623143558386,34.916666955294566,80.479385,12960000.169944763,0.033702478,-0.015218081,71.27091
24.579710091518006,35.06884069756067,84.24473,15120000.381088257,0.009307854,-0.017690731,69.21706
24.507246627708035,35.15217355593542,72.15966,13478399.474716187,0.021320391,-0.0066566374,72.22303
24.5036234048686,34.94565269942081,84.86278,15551999.984550476,0.020031925,-0.04281068,69.68239
24.5036234048686,34.94565269942081,84.86278,6134400.182819366,-0.012100704,-0.02051031,71.38879
24.282608510179216,35.10869565592019,73.044136,2332799.8879909515,-0.06758757,-0.040472433,72.42365
24.43478277193275,35.06521686399416,78.38795,16416000.288391113,0.008354813,-0.012419304,72.69327
24.822463669968496,35.11956556932083,79.471794,18316800.298690796,0.016332708,-0.038004458,71.43191
24.800724541980035,35.0326085145684,80.91604,5356800.128746033,-0.018981773,-0.0082807075,72.12329
24.134057993885538,35.130434787333385,80.741425,1296000.0444173813,-0.08215326,-0.07270087,71.104095
24.49275373635028,34.95652190987481,78.13308,1036799.9806880951,-0.015793413,0.018092994,77.89507
24.003623304347823,35.192029209683014,80.788605,17279999.49531555,0.027884865,-0.044920087,72.43968
24.409420264318722,35.097825908808005,75.01247,16070400.386238098,0.009747192,-0.013405291,74.57806
24.152173912100075,34.942029039701325,85.189964,3542400.093984604,-0.024463203,-0.016558783,71.701256
24.576087129988778,34.96376817111452,80.53768,8726399.99742508,0.01077495,-0.017425695,72.07374
24.782608845879178,35.07246365433351,80.82854,6739199.737358093,-0.019137237,0.017002419,71.60463
24.655797039477626,35.09782643790763,82.953125,14256000.07724762,0.0190054,-0.02260906,69.170364
24.5036234048686,34.94565269942081,84.86278,6825599.987125397,-0.00751346,-0.020666538,71.1312
24.2137679164399,35.101449394680465,78.1842,16156800.087547302,0.021990847,-0.041614145,73.5874
24.40217392316393,35.07246365433351,77.73675,2592000.0888347626,-0.021530207,-0.015684633,75.94651
24.528985389862203,35.079710263267266,73.800804,8121599.894428253,-0.009954836,-0.008573374,74.00949
24.358695745580064,35.14492749121842,79.46463,17366400.293540955,0.0025557317,-0.012557736,72.327065
24.068840433535758,35.17753635462667,82.62194,17884799.598312378,0.033013232,-0.039004996,69.81837
24.271739312019278,35.0833337340226,74.97577,1209599.9317646027,-0.045405816,-0.011435719,74.4968
24.53985505838052,35.14492730981283,78.72631,12182399.56741333,0.020414924,-0.020801576,73.608154
24.49275373635028,34.95652190987481,78.13308,2937599.9909877777,-0.028285842,0.0036901236,77.30169
24.271739312019278,35.0833337340226,74.97577,4665599.775981903,-0.038304504,-0.018766513,75.26673
24.177536001617764,35.01449252133363,77.3516,6825599.987125397,-0.015140209,-0.025360608,77.16205
24.731883987437246,34.999999998854186,80.17734,17193599.794006348,0.0005244836,-0.01057365,71.333176
24.576087129988778,34.96376817111452,80.53768,5011200.226593018,-0.021861631,-0.0032029375,73.43318
24.731883987437246,34.999999998854186,80.17734,14601599.979400635,0.015188184,-0.0028637946,70.74104
24.47463793572534,35.15579704180788,74.131996,16934399.593162537,0.014891798,-0.031234765,74.121185
24.373188532413735,34.85507217391305,83.68782,14860800.180244446,0.020480227,-0.041304402,69.170525
24.5036234048686,34.94565269942081,84.86278,7775999.992275238,-0.00794445,-0.008159349,70.73993
24.880434869565217,35.11594208344836,73.60822,17452799.99485016,0.0098923035,0.0023172777,73.553375
24.242753659958876,34.931159481553294,83.59315,3023999.9665260315,-0.03636427,-0.011347892,72.084656
24.358695745580064,35.14492749121842,79.46463,7430400.090122223,-0.009221058,0.01758056,74.78007
24.43478277193275,35.06521686399416,78.38795,2851200.015449524,-0.028679084,-0.011641534,75.64236
24.521739153231497,35.18115965909355,80.50853,1296000.0444173813,-0.0030678362,-0.008977579,72.26856
24.619565229179578,35.18478278215484,82.255135,14515200.27809143,0.01830031,-0.02587769,69.63153
24.171296292717127,35.10648163098043,78.049835,1296000.0444173813,-0.042852808,-0.024471952,74.45288
24.880434869565217,35.11594208344836,73.60822,14169600.375938416,0.027322205,-0.009916371,73.55044
24.503623143558386,34.916666955294566,80.479385,12182399.56741333,0.031528004,-0.023689559,71.52347
24.275362351941567,35.02173896397893,79.32639,13391999.773406982,0.034796372,-0.031458713,73.49584
24.57608686867857,35.22463755910878,78.28966,1296000.0444173813,-0.014359914,0.007087717,75.120964
24.423912946628306,35.13405791039468,84.735344,9504000.051498413,0.015039932,-0.010962771,71.38451
24.40217392316393,35.07246365433351,77.73675,7775999.992275238,-0.011336759,0.0063546263,75.85319
24.17028990870767,35.119565206509655,75.23819,1987199.9858379364,-0.060355555,-0.06510271,74.97611
24.35507260113369,35.04710138474188,76.478294,12268800.365638733,0.016924102,-0.02110253,75.77117
24.235507135886934,35.09782643790763,86.62735,11923200.463485718,0.023451485,-0.032354966,71.704216
24.608695560661264,35.210145036629335,80.071884,6134400.182819366,-0.020699967,0.008004703,73.1808
24.62318819070881,35.09782625650204,81.14894,12527999.469566345,0.011733284,-0.018070383,70.7414
24.409420264318722,35.137681214861566,85.684586,3283199.893140793,-0.04160786,-0.0022793394,70.4573
24.677536062942007,35.07971042955572,84.775665,11836799.665260315,0.016910287,-0.029354772,69.66078
24.659420157792983,35.13768139626715,82.9603,1468799.9954938889,-0.016310826,0.008869059,70.70284
24.278985574781007,35.18478260074926,85.36457,7775999.992275238,-0.023628298,-0.014928656,72.44733
24.43478277193275,35.06521686399416,78.38795,6739199.737358093,-0.02298991,0.0011780895,75.3659
24.579710091518006,35.06884069756067,84.24473,3196799.917602539,-0.026788611,0.0052360147,70.43854
24.623188347494935,34.98550731008629,86.27349,16934399.593162537,0.019241804,-0.030342648,70.49276
24.677536062942007,35.07971042955572,84.775665,4233599.898290634,-0.014818016,-0.0022414234,70.52202
24.528985389862203,35.079710263267266,73.800804,2937599.9909877777,-0.025976066,-0.015139842,74.158226
24.286231733018653,35.16304365074164,82.86601,10540799.757957458,0.03391867,-0.022705631,71.76008
24.152173912100075,34.942029039701325,85.189964,7862400.2420425415,-0.01794799,0.015047075,71.5087
24.62318819070881,35.09782625650204,81.14894,7689599.742507935,-0.016666189,0.0074128453,71.988
24.800724541980035,35.0326085145684,80.91604,11491199.7631073,0.025578946,0.0033350661,70.27926
24.264492787947336,35.06521739309379,75.914215,10368000.35533905,0.026831195,-0.007816585,76.49054
24.141304256647267,35.05072417522627,80.839714,864000.0296115875,-0.05980726,-0.012010952,72.058235
24.33695651306752,35.26449269887389,75.24537,12873600.46863556,0.037560992,-0.022783408,75.130745
24.528985389862203,35.079710263267266,73.800804,2073599.9613761902,-0.020896811,-0.01577559,74.13852
24.06159400092239,35.235507653915,77.223785,12355200.066947937,0.05675251,-0.05219561,76.96572
24.57608686867857,35.22463755910878,78.28966,13132799.572563171,0.02923856,-0.006481575,73.96809
24.423912946628306,35.16304383214723,83.815254,5356800.128746033,-0.020259686,-0.004912665,71.05096
24.369565205050215,35.10507235145331,81.59638,10368000.35533905,0.020803018,-0.023682332,72.49508
24.16304339770124,35.14130418675153,77.183464,432000.01480579376,-0.059873108,-0.067020245,74.44821
24.47463793572534,35.15579704180788,74.131996,7171199.889278412,-0.010788865,-0.0077541266,74.042656
24.55434784521419,35.039855304907746,78.730316,12182399.56741333,0.02690176,-0.015958903,73.36724
24.85869584610084,35.31159408476158,76.05999,17884799.598312378,0.035974815,-0.03009815,69.1023
24.235507135886934,35.09782643790763,86.62735,2246400.0495672226,-0.0052287057,0.019375678,71.142715
24.586956589458925,35.03623181903528,81.050644,12873600.46863556,0.023349762,-0.009460153,70.66892
24.46739112421217,35.10507235145331,77.031204,11145599.860954285,0.024793807,-0.022910548,75.595535
24.782608584568965,35.06521774078783,85.492004,9676799.454116821,0.017180149,-0.012535615,69.625984
24.641304357168043,34.938405387540406,81.3883,8812800.247192383,0.00666257,-0.027613657,70.65227
24.423912946628306,35.13405791039468,84.735344,5443199.830055237,-0.039800998,-0.0014539361,70.963036
24.152173912100075,34.942029039701325,85.189964,5529600.07982254,-0.030316439,-0.0053522903,72.004776
24.55434784521419,35.039855304907746,78.730316,2419199.8635292053,-0.0064765997,-0.014614226,76.04202
24.51086948471318,35.141304337922854,75.965324,6739199.737358093,-0.008662827,0.014525073,75.67006
24.655797039477626,35.09782643790763,82.953125,8121599.894428253,-0.0017923787,-0.014222672,70.72785
24.423912946628306,35.16304383214723,83.815254,10454400.056648254,0.024142167,-0.023106052,71.285164
24.293478074173446,35.130434424522214,78.52256,864000.0296115875,-0.03714182,-0.034116812,74.32764
24.202898613755877,35.17753635462667,82.22561,5356800.128746033,-0.05894002,-0.026692623,72.37655
24.55434784521419,35.039855304907746,78.730316,8208000.144195557,0.023689173,-0.0031074323,74.452774
24.340579657513896,35.072464168316,77.031204,6739199.737358093,-0.028699707,-0.01220995,76.22899
24.202898613755877,35.17753635462667,82.22561,17712000.19569397,0.016159654,-0.033321008,71.15765
24.782608584568965,35.06521774078783,85.492004,9763200.252342224,0.017844412,-0.014436243,69.603935
24.423912946628306,35.16304383214723,83.815254,13132799.572563171,0.02081596,-0.02563359,70.28234
24.53985505838052,35.14492730981283,78.72631,6998399.938201904,-0.020013478,0.0021446235,74.632744
24.409420264318722,35.137681214861566,85.684586,6393599.835205078,-0.035790417,0.018573802,71.513695
24.202898613755877,35.17753635462667,82.22561,10972800.458335876,0.027665302,-0.023324387,72.263405
24.40579730278949,34.98550712868071,82.545616,172800.00249445438,-0.022062507,0.02607628,71.12404
24.62318819070881,35.09782625650204,81.14894,4752000.025749207,-0.027711105,0.0014444329,72.37703
24.659420157792983,35.13768139626715,82.9603,11404800.061798096,0.02103869,-0.022956675,70.1809
24.278985653174068,35.159420527680346,80.15937,10108800.15449524,0.021656906,-0.013910381,74.28021
24.46739112421217,35.10507235145331,77.031204,18143999.79915619,0.01570164,-0.014444159,73.34622
24.579710091518006,35.06884069756067,84.24473,8380800.095272064,0.005361516,0.008153787,70.633575
24.24275355543479,35.275361916886446,83.709785,1209599.9317646027,-0.059566054,-0.07272246,69.14806
24.423912946628306,35.16304383214723,83.815254,12268800.365638733,0.01954558,-0.029098826,70.69539
24.731883987437246,34.999999998854186,80.17734,15465600.283241272,0.0017638952,-0.00449449,70.72932
24.51086948471318,35.141304337922854,75.965324,18143999.79915619,0.0057260282,-0.030758439,73.831085
24.340579657513896,35.072464168316,77.031204,6566399.786281586,-0.029979784,-0.014252266,76.21412
24.49275373635028,35.04710138474188,79.64641,1987199.9858379364,-0.009326849,0.002288375,74.81064
24.880434869565217,35.11594208344836,73.60822,5011200.226593018,-0.02896547,0.025444394,73.4861
24.782608584568965,35.06521774078783,85.492004,10799999.95880127,0.01996,-0.031528488,69.43992
24.134057993885538,35.130434787333385,80.741425,3023999.9665260315,-0.0904149,-0.056313194,72.19332
24.278985574781007,35.18478260074926,85.36457,13391999.773406982,0.031222915,-0.015148224,70.73402
24.503623143558386,34.916666955294566,80.479385,3110399.9420642853,-0.021911543,-0.013186732,74.46807
24.409420264318722,35.097825908808005,75.01247,6307200.133895874,-0.01663274,0.0040712114,75.38556
24.800724541980035,35.0326085145684,80.91604,10713600.257492065,0.024569426,-0.00056230277,70.55521
24.503623143558386,34.916666955294566,80.479385,6047999.933052063,-0.033735823,-0.015567189,73.5472
24.5036234048686,34.94565269942081,84.86278,2073599.9613761902,-0.013069227,-0.008320587,70.925514
24.003623304347823,35.192029209683014,80.788605,7430400.090122223,-0.008008502,0.007445127,74.997406
24.728260869121893,35.15579704180788,79.23173,11318400.360488892,0.017744591,-0.022579825,71.95985
24.271739312019278,35.0833337340226,74.97577,17971200.39653778,0.012146682,-0.024177795,74.53165
24.275362351941567,35.02173896397893,79.32639,1296000.0444173813,-0.057990257,-0.027945416,74.712326
24.503623143558386,34.916666955294566,80.479385,8467199.796581268,-0.026291955,0.003384538,72.70573
24.528985389862203,35.079710263267266,73.800804,3887999.996137619,-0.02736469,-0.012254974,74.17674
24.85869584610084,35.31159408476158,76.05999,10799999.95880127,0.009547483,-0.014472047,75.148605
24.15942034471344,35.02536261613985,84.04098,4665599.775981903,-0.01904247,-0.008545717,71.24122
24.271739312019278,35.0833337340226,74.97577,4147199.9227523804,-0.03900033,-0.017779643,75.195274
24.55072462237475,35.07608730649443,88.70044,4665599.775981903,-0.027270842,-0.025860531,72.40729
24.72463775080654,35.097825908808005,83.506035,1641599.9465703964,-0.003978882,0.0020365678,70.80091
24.659420157792983,35.13768139626715,82.9603,10886399.660110474,0.020234877,-0.024354653,70.30758
24.15217408195171,35.09782609021359,90.079155,13824000.4737854,0.02929053,-0.021804815,72.919716
24.373188349496587,35.09782609021359,73.044136,17712000.19569397,0.008136477,-0.033759423,73.202866
24.35507260113369,35.04710138474188,76.478294,12182399.56741333,0.01691631,-0.022167632,75.79358
24.5036234048686,34.94565269942081,84.86278,18143999.79915619,-0.0030236468,-0.031245926,70.00151
24.202898613755877,35.17753635462667,82.22561,2851200.015449524,-0.06605971,-0.052296095,71.04233
24.507246627708035,35.15217355593542,72.15966,11404800.061798096,0.016057381,-0.012250757,72.106834
24.409420185925658,35.126811301460926,78.58091,9244799.850654602,0.019053692,-0.0040644407,75.33886
24.507246627708035,35.15217355593542,72.15966,15551999.984550476,0.0020623505,-0.021056967,72.24427
24.514492864338745,35.152173737341,77.98083,7257600.139045715,-0.0074175633,0.00034819357,75.281204
24.481884276880134,35.21376834109622,79.042,1123200.0247836113,0.0009224452,-0.0020040516,73.8971
24.068840433535758,35.050724689208764,75.1399,10195199.855804443,0.016482783,-0.024389302,75.71568
24.503623143558386,34.916666955294566,80.479385,12527999.469566345,0.032819845,-0.020152172,71.409325
24.33695651306752,35.26449269887389,75.24537,9935999.654960632,0.03681791,-0.043200843,75.45405
24.5036234048686,34.94565269942081,84.86278,13910400.175094604,0.026840366,-0.044438258,69.87411
24.57246390714934,35.13405809180027,82.83649,3196799.917602539,-0.017406393,-0.010086635,70.59618
24.822463669968496,35.11956556932083,79.471794,4924799.976825714,-0.011974923,0.016893875,73.26496
24.2137679164399,35.101449394680465,78.1842,16847999.891853333,0.02025983,-0.043767206,73.40914
24.268116089179838,35.07971042955572,81.07262,8380800.095272064,-0.0089232735,-0.01564393,73.615875
24.3985509616347,35.079710263267266,82.39983,18143999.79915619,0.021222148,-0.023958923,70.27657
24.782608845879178,35.07246365433351,80.82854,7862400.2420425415,-0.010510996,0.014468447,71.35548
24.49275373635028,35.04710138474188,79.64641,17279999.49531555,-0.00045458227,-0.011616966,71.40748
24.268116089179838,35.07971042955572,81.07262,15206400.082397461,0.019605557,-0.027624564,71.44664
24.52536253285706,35.05797113185407,79.99595,2851200.015449524,-0.018743891,-0.009613479,74.26021
24.49275373635028,34.95652190987481,78.13308,3801600.0205993652,-0.027634274,0.005400017,76.76863
24.268116089179838,35.07971042955572,81.07262,1987199.9858379364,-0.044695493,-0.005024554,71.89822
24.880434869565217,35.11594208344836,73.60822,3801600.0205993652,-0.01935798,0.019766958,73.52037
24.40579722439643,35.07608730649443,81.130585,7430400.090122223,0.012259455,-0.014051521,72.9382
24.369565205050215,35.10507235145331,81.59638,5875199.981975555,-0.026917968,-0.012800308,72.69556
24.507246627708035,35.15217355593542,72.15966,2419199.8635292053,-0.04481766,-0.021473194,71.61713
24.35507260113369,35.04710138474188,76.478294,11404800.061798096,0.01685353,-0.025406888,75.95707
24.16304339770124,35.14130418675153,77.183464,2246400.0495672226,-0.055422667,-0.07376071,74.96093
24.409420185925658,35.126811301460926,78.58091,8812800.247192383,0.015687842,-0.006893767,75.40997
24.51086948471318,35.141304337922854,75.965324,15033599.582862854,0.018490374,-0.021773184,74.842964
24.507246627708035,35.15217355593542,72.15966,3542400.093984604,-0.044593524,-0.015380489,71.68729
24.822463669968496,35.11956556932083,79.471794,5875199.981975555,-4.6551228e-05,0.021507993,72.85392
24.2137679164399,35.101449394680465,78.1842,3283199.893140793,-0.027857546,-0.035887077,75.12775
24.608695560661264,35.210145036629335,80.071884,8553600.046348572,0.010715835,0.014927788,73.17813
24.409420185925658,35.126811301460926,78.58091,6566399.786281586,-0.0106239505,-0.0151207615,75.307236
24.15217408195171,35.09782609021359,90.079155,2764800.03991127,-0.004936997,-0.043934822,68.542366
24.626811465810288,35.05797113185407,83.9315,11750399.96395111,0.022508657,-0.021183254,69.7365
24.47463793572534,35.15579704180788,74.131996,6134400.182819366,-0.014582302,-0.00781353,74.14913
24.579710091518006,35.06884069756067,84.24473,13046399.871253967,0.023161002,-0.019067528,69.63502
24.659420157792983,35.13768139626715,82.9603,3369599.8686790466,-0.021433424,0.008105362,70.768684
24.351449221508126,35.36231895652174,77.53338,5702400.030899048,-0.019221056,-0.026543992,77.17264
24.481884276880134,35.21376834109622,79.042,3715200.0450611115,-0.025654595,-0.012174601,73.79621
24.521739153231497,35.18115965909355,80.50853,9590399.752807617,0.009191364,0.011652464,72.84895
24.134057993885538,35.130434787333385,80.741425,4233599.898290634,-0.09649877,-0.033738762,73.39059
24.72463775080654,35.097825908808005,83.506035,11923200.463485718,0.017338967,-0.02512204,69.48752
24.003623304347823,35.192029209683014,80.788605,11491199.7631073,0.037559018,-0.0232212,73.41172
24.800724541980035,35.0326085145684,80.91604,16243199.788856506,0.009900194,0.0014189165,70.38303
24.152173912100075,34.942029039701325,85.189964,5961600.231742859,-0.030196588,-0.0008460935,72.07744
24.33695651306752,35.26449269887389,75.24537,6220799.884128571,-0.051207464,-0.04743041,75.18645
24.3985509616347,35.079710263267266,82.39983,5443199.830055237,-0.012755077,0.0022728443,71.8807
24.822463669968496,35.11956556932083,79.471794,7862400.2420425415,0.008081112,0.016467879,72.46136
24.235507135886934,35.09782643790763,86.62735,17452799.99485016,0.0046341904,-0.031989127,70.41726
24.85869584610084,35.31159408476158,76.05999,11145599.860954285,0.012083933,-0.015952,74.780365
24.728260869121893,35.15579704180788,79.23173,14169600.375938416,0.026061742,-0.017283404,71.184555
24.655797039477626,35.09782643790763,82.953125,12441599.768257141,0.017323557,-0.023457447,69.76683
24.068840433535758,35.050724689208764,75.1399,4924799.976825714,-0.036026653,-0.03061088,75.16629
24.586956589458925,35.03623181903528,81.050644,7948799.943351746,-0.004760746,0.01946286,72.040535
24.409420342711783,35.02898555779556,73.23672,16675200.489234924,0.010056958,-0.012639614,73.59095
24.3913043591697,35.05434799367564,86.750465,13564800.27294159,0.028438259,-0.010796187,70.47977
24.579710091518006,35.06884069756067,84.24473,15033599.582862854,0.010582564,-0.017470716,69.216515
24.423912946628306,35.13405791039468,84.735344,3542400.093984604,-0.033497673,0.006085694,70.35641
24.47463793572534,35.15579704180788,74.131996,14428799.479866028,0.026052397,-0.016272118,74.28096
24.503623143558386,34.916666955294566,80.479385,3456000.11844635,-0.023975667,-0.014881467,74.4104
24.43478277193275,35.06521686399416,78.38795,7862400.2420425415,-0.00992839,0.0045830496,75.2252
24.619565229179578,35.18478278215484,82.255135,12614400.267791748,0.019972755,-0.030874183,70.18663
24.521739153231497,35.18115965909355,80.50853,14687999.680709839,0.023446437,-0.012443354,71.3622
24.068840433535758,35.050724689208764,75.1399,14601599.979400635,0.017672839,-0.03650064,75.41567
24.728260869121893,35.15579704180788,79.23173,11923200.463485718,0.019526351,-0.021509958,71.73686
24.57246390714934,35.13405809180027,82.83649,12527999.469566345,0.019001251,-0.024903396,70.18974
24.782608845879178,35.07246365433351,80.82854,5443199.830055237,-0.027748104,0.0039733723,72.00758
24.43478251062254,35.050724689208764,81.254395,9331199.551963806,0.0114569515,-0.0061683822,72.39598
24.782608584568965,35.06521774078783,85.492004,11664000.262641907,0.02004296,-0.03614553,69.48071
24.336956356281394,35.12681217825459,78.56935,4492800.099134445,-0.039168593,-0.004079219,75.143684
24.72463775080654,35.097825908808005,83.506035,5615999.781131744,-0.009122636,0.016081143,70.509186
24.152173912100075,34.942029039701325,85.189964,16847999.891853333,0.009460747,-0.028382478,69.991714
24.49275373635028,35.04710138474188,79.64641,10886399.660110474,0.015649028,-0.0082790535,73.06412
24.268116089179838,35.07971042955572,81.07262,259199.99517202377,-0.047220234,0.008233152,71.52584
24.17028990870767,35.119565206509655,75.23819,15811200.185394287,0.018058037,-0.0382851,75.21917
24.40579722439643,35.07608730649443,81.130585,15897599.886703491,0.01990974,-0.019933617,70.67301
24.171296292717127,35.10648163098043,78.049835,18143999.79915619,0.008304611,-0.02319649,73.42347
24.3913043591697,35.05434799367564,86.750465,604799.9658823013,-0.053458463,-0.035110638,70.80257
24.518115930392057,35.170290078269815,76.7112,6047999.933052063,-0.017840222,-0.007126184,75.79896
24.503623143558386,34.916666955294566,80.479385,14342399.778556824,0.02813442,-0.009821294,70.76462
24.264492787947336,35.06521739309379,75.914215,6652800.036048889,-0.021573175,0.011121118,76.181305
24.351449221508126,35.36231895652174,77.53338,10195199.855804443,0.05157716,-0.0055761654,76.34239
24.286231733018653,35.16304365074164,82.86601,2073599.9613761902,-0.0014333837,-0.023795357,70.21292
24.278985574781007,35.18478260074926,85.36457,10627199.459266663,0.030842166,-0.01519463,71.91407
24.528985389862203,35.079710263267266,73.800804,4319999.873828888,-0.028505344,-0.012918087,74.16596
24.286231733018653,35.16304365074164,82.86601,4319999.873828888,-0.013125289,-0.026382795,71.568146
24.134057993885538,35.130434787333385,80.741425,17193599.794006348,0.009575989,-0.021861022,71.85957
24.49275373635028,35.04710138474188,79.64641,2678400.0643730164,-0.018349506,-0.0023434553,74.73997
24.351449221508126,35.36231895652174,77.53338,9590399.752807617,0.049505576,-0.0003958624,76.81717
24.503623143558386,34.916666955294566,80.479385,1641599.9465703964,-0.0026224926,-0.0021559726,74.56199
24.340579735906957,35.22101461745307,78.71513,10281599.557113647,0.02777345,-0.025784114,75.57085
24.659420157792983,35.13768139626715,82.9603,86400.00124722719,-0.018095713,0.017693061,71.03053
24.800724541980035,35.0326085145684,80.91604,5097599.927902222,-0.020140987,-0.010248939,72.24432
24.286231733018653,35.16304365074164,82.86601,2592000.0888347626,-0.008201633,-0.025595604,70.473915
24.340579657513896,35.072464168316,77.031204,3283199.893140793,-0.035361636,-0.021294238,76.09565
24.235507135886934,35.09782643790763,86.62735,7257600.139045715,-0.01584787,-0.03286583,71.944855
24.47463793572534,35.15579704180788,74.131996,17539199.696159363,0.012078548,-0.03308829,73.96612
24.514492864338745,35.152173737341,77.98083,16243199.788856506,0.01377582,-0.022554884,73.29543
24.33695651306752,35.26449269887389,75.24537,8985600.19826889,0.033431355,-0.036383875,75.483925
24.800724541980035,35.0326085145684,80.91604,5875199.981975555,-0.015221093,-0.0011369586,71.88021
24.626811465810288,35.05797113185407,83.9315,604799.9658823013,-0.0017561689,0.022842988,70.62407
24.409420342711783,35.02898555779556,73.23672,0.0,-0.00038804114,0.017560778,73.25324
24.57608686867857,35.22463755910878,78.28966,15811200.185394287,0.021481609,-0.018820668,73.517555
24.507246627708035,35.15217355593542,72.15966,4579200.074672699,-0.043289896,-0.0056526344,71.592735
24.068840433535758,35.050724689208764,75.1399,12700799.969100952,0.027714267,-0.031647146,75.79979
24.55434784521419,35.039855304907746,78.730316,4060799.9472141266,-0.017549321,-0.009154437,75.52795
24.06159400092239,35.235507653915,77.223785,17020800.39138794,0.024222651,-0.06669696,74.87466
24.16304339770124,35.14130418675153,77.183464,7343999.840354919,0.012285786,-0.019609047,76.870224
24.134057993885538,35.130434787333385,80.741425,5615999.781131744,-0.08086188,-0.014477583,74.46152
24.171296292717127,35.10648163098043,78.049835,5443199.830055237,-0.03584485,-0.023406403,76.07246
24.521739153231497,35.18115965909355,80.50853,1814400.0347614288,-0.0117639825,-0.0062745977,72.34292
24.47463793572534,35.15579704180788,74.131996,15465600.283241272,0.023177037,-0.017470526,74.28176
24.40217392316393,35.07246365433351,77.73675,8726399.99742508,0.006326694,0.0029197074,75.8703
24.242753659958876,34.931159481553294,83.59315,3196799.917602539,-0.036478084,-0.012261441,72.1171
24.800724541980035,35.0326085145684,80.91604,7775999.992275238,-0.0023328215,0.0155661255,71.204544
24.47463793572534,35.15579704180788,74.131996,12009600.164794922,0.020701049,-0.026186036,74.30487
24.40579730278949,34.98550712868071,82.545616,5097599.927902222,-0.04333685,-0.006682789,72.17237
24.641304357168043,34.938405387540406,81.3883,432000.01480579376,0.019862931,-0.004401585,73.74529
24.52536253285706,35.05797113185407,79.99595,18316800.298690796,0.005697809,-0.0089112315,71.397285
24.5036234048686,34.94565269942081,84.86278,7430400.090122223,-0.0076341927,-0.014330165,70.87345
24.525362323808892,35.01449270273921,80.76379,7343999.840354919,-0.018420573,0.012648078,72.510765
24.514492864338745,35.152173737341,77.98083,7948799.943351746,0.003166791,0.0025326982,75.28409
24.35507260113369,35.04710138474188,76.478294,3974399.971675873,-0.030319583,-0.013150757,76.29231
24.576087129988778,34.96376817111452,80.53768,5702400.030899048,-0.023593206,-0.0025134068,73.09917
24.15217408195171,35.09782609021359,90.079155,1468799.9954938889,0.016332928,-0.033598997,69.258675
24.409420264318722,35.137681214861566,85.684586,5529600.07982254,-0.042432655,0.010114146,71.22338
24.62318819070881,35.09782625650204,81.14894,4924799.976825714,-0.028108966,0.0020048954,72.342735
24.409420264318722,35.097825908808005,75.01247,5529600.07982254,-0.025282893,-0.0029205512,75.48088
24.35507260113369,35.04710138474188,76.478294,7603200.0411987305,-0.0045669265,-0.0098839905,76.27017
24.141304256647267,35.05072417522627,80.839714,6998399.938201904,-0.04324503,0.0052796174,74.36832
24.51086948471318,35.141304337922854,75.965324,1555199.9710321426,-0.01819843,-0.007892022,76.20828
24.528985389862203,35.079710263267266,73.800804,1555199.9710321426,-0.0191697,-0.017903207,74.097145
24.423912946628306,35.13405791039468,84.735344,16416000.288391113,0.008535989,-0.024206406,69.43966
24.528985389862203,35.079710263267266,73.800804,18316800.298690796,-0.0025406107,-0.028850583,73.64376
24.423912946628306,35.16304383214723,83.815254,16761600.190544128,0.014676273,-0.026174126,69.270035
24.3913043591697,35.05434799367564,86.750465,8985600.19826889,0.011617729,0.010504572,72.308136
24.608695560661264,35.210145036629335,80.071884,6825599.987125397,-0.0108220205,0.011016658,73.22487
24.442029139218562,35.043478080275,76.86345,4752000.025749207,-0.015335575,0.0020277034,76.43712
24.49275373635028,35.04710138474188,79.64641,11491199.7631073,0.01649859,-0.01398517,72.85127
24.358695745580064,35.14492749121842,79.46463,3023999.9665260315,-0.038899597,-0.008174961,73.804344
24.278985653174068,35.159420527680346,80.15937,86400.00124722719,-0.07293044,-0.031268984,71.73826
24.503623143558386,34.916666955294566,80.479385,2764800.03991127,-0.019238696,-0.010969227,74.511406
24.514492864338745,35.152173737341,77.98083,10627199.459266663,0.01700911,-0.023399694,75.04293
24.43478251062254,35.050724689208764,81.254395,11836799.665260315,0.02166299,-0.028243633,71.73693
24.731884091961334,34.88405773852335,82.62194,5097599.927902222,-0.020229474,0.005175229,70.773544
24.351449221508126,35.36231895652174,77.53338,8121599.894428253,0.044037256,0.004863508,77.42948
24.340579657513896,35.072464168316,77.031204,11577599.464416504,0.022668397,-0.018608784,75.91138
24.278985653174068,35.159420527680346,80.15937,13824000.4737854,0.01897268,-0.014001114,72.81175
24.503623143558386,34.916666955294566,80.479385,12441599.768257141,0.03254384,-0.021105228,71.4374
24.655797039477626,35.09782643790763,82.953125,12960000.169944763,0.018114015,-0.023564963,69.56966
24.507246627708035,35.15217355593542,72.15966,3456000.11844635,-0.044509824,-0.016044756,71.68619
24.57246390714934,35.13405809180027,82.83649,16934399.593162537,0.006711006,-0.011446105,69.1813
24.336956356281394,35.12681217825459,78.56935,10799999.95880127,0.02146676,-0.023261754,75.36026
24.336956356281394,35.12681217825459,78.56935,3628800.0695228577,-0.041484352,-0.006677663,74.90361
24.24275355543479,35.275361916886446,83.709785,12355200.066947937,0.040346697,-0.01891034,71.567986
24.340579657513896,35.072464168316,77.031204,12355200.066947937,0.025124906,-0.013571361,75.727715
24.481884276880134,35.21376834109622,79.042,9935999.654960632,0.022219645,-0.0016611163,74.624664
24.782608845879178,35.07246365433351,80.82854,11318400.360488892,0.021761993,-0.015879033,70.5174
24.068840433535758,35.050724689208764,75.1399,259199.99517202377,-0.014728013,-0.02964838,75.07563
24.278985574781007,35.18478260074926,85.36457,13996799.876403809,0.031757645,-0.017208597,70.37634
24.134057993885538,35.130434787333385,80.741425,6220799.884128571,-0.066245705,-0.0073672105,74.673325
24.57246390714934,35.13405809180027,82.83649,2419199.8635292053,-0.01188999,-0.0115739945,70.37512
24.626811465810288,35.05797113185407,83.9315,18316800.298690796,0.008118581,-0.013966443,70.108246
24.57608686867857,35.22463755910878,78.28966,6998399.938201904,-0.011263572,0.010833604,74.813126
24.677536062942007,35.07971042955572,84.775665,13651199.974250793,0.017492356,-0.021649556,69.21138
24.068840433535758,35.050724689208764,75.1399,5011200.226593018,-0.035299074,-0.031148812,75.192474
24.409420185925658,35.126811301460926,78.58091,16934399.593162537,0.020389816,-0.023193622,72.9005
24.141304256647267,35.05072417522627,80.839714,11491199.7631073,0.01763717,-0.026882024,73.66298
24.57608686867857,35.22463755910878,78.28966,10454400.056648254,0.017615408,-0.010448201,74.73176
24.40579730278949,34.98550712868071,82.545616,11318400.360488892,0.023576416,-0.050671227,71.23805
24.202898613755877,35.17753635462667,82.22561,16156800.087547302,0.021048104,-0.029948996,71.003365
24.409420264318722,35.137681214861566,85.684586,9935999.654960632,0.01769112,-0.010725422,71.70151
24.32608705359737,35.05434782738719,80.59564,12527999.469566345,0.029056475,-0.031072116,72.37483
24.177536001617764,35.01449252133363,77.3516,11491199.7631073,0.022490129,-0.03292337,76.37093
24.278985574781007,35.18478260074926,85.36457,11923200.463485718,0.029852703,-0.016999697,71.42034
24.49275373635028,35.04710138474188,79.64641,12441599.768257141,0.017108735,-0.018571721,72.550224
24.235507135886934,35.09782643790763,86.62735,14428799.479866028,0.02766275,-0.029785456,70.355644
24.481884276880134,35.21376834109622,79.042,10022400.453186035,0.022392882,-0.002965713,74.599525
24.351449221508126,35.36231895652174,77.53338,3369599.8686790466,-0.07507753,-0.075671725,75.73566
24.171296292717127,35.10648163098043,78.049835,3974399.971675873,-0.04614426,-0.024422681,75.48781
24.75362311542571,35.148550251468535,82.31272,15292799.783706665,0.01357843,-0.016070107,69.01355
24.51086948471318,35.141304337922854,75.965324,3628800.0695228577,-0.019855786,-0.011193449,76.10472
24.409420264318722,35.137681214861566,85.684586,10886399.660110474,0.020608898,-0.0160496,71.42886
24.409420264318722,35.097825908808005,75.01247,10627199.459266663,0.02025922,-0.015332924,75.36339
24.47463793572534,35.15579704180788,74.131996,17452799.99485016,0.012462907,-0.032883614,73.992256
24.55072462237475,35.07608730649443,88.70044,14515200.27809143,0.029633943,-0.0323748,71.23722
24.55072462237475,35.07608730649443,88.70044,18057600.097846985,0.012052845,-0.026776476,71.27907
24.40579722439643,35.07608730649443,81.130585,8121599.894428253,0.016790342,-0.010414781,72.9183
24.340579657513896,35.072464168316,77.031204,691200.0099778175,-0.015696324,-0.017259313,76.140884
24.731884091961334,34.88405773852335,82.62194,777599.9855160713,0.0049568117,0.013213575,72.79374
24.43478277193275,35.06521686399416,78.38795,6825599.987125397,-0.022104148,0.0018155761,75.35012
24.641304357168043,34.938405387540406,81.3883,12355200.066947937,0.022141846,-0.030710703,70.050476
24.507246418659868,35.018115659512056,74.98295,16156800.087547302,0.011653302,-0.0182924,74.1774
24.55434784521419,35.039855304907746,78.730316,2937599.9909877777,-0.009590261,-0.01460897,75.88081
24.75362311542571,35.148550251468535,82.31272,13737599.675559998,0.017516483,-0.020630041,69.23692
24.340579735906957,35.22101461745307,78.71513,14687999.680709839,0.030884508,-0.017003534,73.75215
24.880434869565217,35.11594208344836,73.60822,11491199.7631073,0.021748893,-0.027421644,73.69578
24.43478277193275,35.06521686399416,78.38795,3974399.971675873,-0.031078514,-0.0116299745,75.63561
24.003623304347823,35.192029209683014,80.788605,8899199.948501587,0.03137954,-9.12305e-05,74.4257
24.586956589458925,35.03623181903528,81.050644,15811200.185394287,0.0115319695,-0.024243617,70.04818
24.369565205050215,35.10507235145331,81.59638,13305600.072097778,0.027608808,-0.016624069,71.27109
24.528985389862203,35.079710263267266,73.800804,10972800.458335876,0.022267284,-0.018628133,73.87059
24.409420264318722,35.097825908808005,75.01247,11318400.360488892,0.01987107,-0.01743359,75.25296
24.068840433535758,35.050724689208764,75.1399,2678400.0643730164,-0.033763062,-0.008360652,74.8337
24.85869584610084,35.31159408476158,76.05999,3283199.893140793,-0.015221104,0.03135277,76.015015
24.278985574781007,35.18478260074926,85.36457,3715200.0450611115,-0.10516375,-0.026287196,71.338036
24.40217392316393,35.07246365433351,77.73675,5011200.226593018,-0.026828472,-0.01215479,75.9924
24.32608705359737,35.05434782738719,80.59564,2764800.03991127,-0.02973767,-0.02175224,73.30822
24.278985574781007,35.18478260074926,85.36457,6047999.933052063,-0.07959227,-0.028961172,72.16163
24.365941903817713,35.11594190204278,77.940506,18143999.79915619,0.0023306608,-0.008443331,73.190796
24.286231733018653,35.16304365074164,82.86601,8380800.095272064,0.025133278,-0.022879494,72.235916
24.782608845879178,35.07246365433351,80.82854,7430400.090122223,-0.015145227,0.017183825,71.4326
24.528985389862203,35.079710263267266,73.800804,13132799.572563171,0.027605934,-0.018564017,74.061485
24.268116089179838,35.07971042955572,81.07262,6047999.933052063,-0.027691487,-0.019407136,73.65858
24.481884276880134,35.21376834109622,79.042,691200.0099778175,0.010058463,0.0035404377,73.95227
24.53985505838052,35.14492730981283,78.72631,9935999.654960632,0.013076428,-0.012890147,74.32441
24.43478251062254,35.050724689208764,81.254395,15033599.582862854,0.02292908,-0.018462947,70.55783
24.373188349496587,35.09782609021359,73.044136,3974399.971675873,-0.01705921,-0.017370814,73.10307
24.152173912100075,34.942029039701325,85.189964,9504000.051498413,0.012050891,-0.0068767164,70.61778
24.264492787947336,35.06521739309379,75.914215,2937599.9909877777,-0.02649523,-0.03371281,75.628494
24.271739312019278,35.0833337340226,74.97577,1814400.0347614288,-0.049949307,-0.019329978,74.60249
24.782608584568965,35.06521774078783,85.492004,17971200.39653778,0.002590049,-0.019529788,70.418686
24.572463802625258,35.028985391507106,77.31845,6307200.133895874,-0.013814468,-0.0041829925,75.92203
24.518115930392057,35.170290078269815,76.7112,11664000.262641907,0.022676999,-0.028147968,75.5137
24.677536062942007,35.07971042955572,84.775665,7603200.0411987305,0.018513244,-0.006721569,70.37905
24.171296292717127,35.10648163098043,78.049835,10195199.855804443,0.023318464,-0.023860862,76.53841
24.782608845879178,35.07246365433351,80.82854,3023999.9665260315,-0.023242373,-0.012783458,73.10251
24.782608845879178,35.07246365433351,80.82854,2937599.9909877777,-0.022488665,-0.012795908,73.15366
24.659420157792983,35.13768139626715,82.9603,18143999.79915619,0.0084628165,-0.01981427,69.3913
24.728260869121893,35.15579704180788,79.23173,11836799.665260315,0.01926131,-0.02175291,71.769165
24.731883987437246,34.999999998854186,80.17734,7430400.090122223,-0.008295845,-0.0053444225,72.154564
24.47463793572534,35.15579704180788,74.131996,2764800.03991127,-0.00729955,-0.013168668,74.366295
24.46739112421217,35.10507235145331,77.031204,6998399.938201904,-0.0011582635,-0.008738322,75.83221
24.409420264318722,35.137681214861566,85.684586,11145599.860954285,0.021189863,-0.016594356,71.33875
24.15217408195171,35.09782609021359,90.079155,6480000.084972382,0.020836096,-0.02639716,70.83005
24.52536253285706,35.05797113185407,79.99595,5356800.128746033,-0.019758575,-0.012983529,73.712395
24.623188347494935,34.98550731008629,86.27349,172800.00249445438,0.018706232,-0.0013605524,71.04019
24.423912946628306,35.13405791039468,84.735344,7084800.187969208,-0.02940644,9.563565e-05,71.30549
24.202898613755877,35.17753635462667,82.22561,17798399.897003174,0.015696319,-0.03319884,71.16942
24.3913043591697,35.05434799367564,86.750465,6566399.786281586,-0.015154198,0.012601721,71.57415
24.572463802625258,35.028985391507106,77.31845,5356800.128746033,-0.019184284,-0.006755529,76.18459
24.268116089179838,35.07971042955572,81.07262,7948799.943351746,-0.013096791,-0.016099496,73.6663
24.40217392316393,35.07246365433351,77.73675,4406400.123596191,-0.026530337,-0.013825672,75.99557
24.52536253285706,35.05797113185407,79.99595,9763200.252342224,0.016425237,-0.009091856,72.91668
24.641304357168043,34.938405387540406,81.3883,5097599.927902222,-0.011017818,-0.016736357,72.406
24.242753659958876,34.931159481553294,83.59315,691200.0099778175,-0.06763959,0.030917242,71.54044
24.800724541980035,35.0326085145684,80.91604,7257600.139045715,-0.005458005,0.018561443,71.323296
24.068840433535758,35.17753635462667,82.62194,15206400.082397461,0.04238477,-0.027373472,70.19427
24.47463793572534,35.15579704180788,74.131996,4492800.099134445,-0.019311983,-0.010371687,74.33921
24.264492787947336,35.06521739309379,75.914215,5529600.07982254,-0.033992942,-0.0025566798,75.96863
24.275362351941567,35.02173896397893,79.32639,10022400.453186035,0.026433814,-0.026954481,74.879074
24.442029139218562,35.043478080275,76.86345,10627199.459266663,0.011923326,-0.020633752,75.7195
24.365941903817713,35.11594190204278,77.940506,18057600.097846985,0.0027576461,-0.008394225,73.19994
24.57246390714934,35.13405809180027,82.83649,6220799.884128571,-0.017770294,-0.0029568505,71.1682
24.358695745580064,35.14492749121842,79.46463,17971200.39653778,-0.00089937076,-0.0120192,72.30981
24.514492864338745,35.152173737341,77.98083,14515200.27809143,0.023100004,-0.01670762,73.8192
24.471014503837736,35.137681214861566,84.09494,3974399.971675873,-0.026098546,-0.0014957637,70.37759
24.35507260113369,35.04710138474188,76.478294,14083199.577713013,0.016405677,0.008145863,75.080574
24.576087129988778,34.96376817111452,80.53768,8467199.796581268,0.0068190806,-0.01645202,72.14211
24.57608686867857,35.22463755910878,78.28966,12095999.866104126,0.023109535,-0.008127512,74.291016
24.60144921950647,34.9456523441682,85.40489,6998399.938201904,-0.024886433,0.016260639,70.871216
24.264492787947336,35.06521739309379,75.914215,1987199.9858379364,-0.024709072,-0.034282573,75.50544
24.576087129988778,34.96376817111452,80.53768,14947199.88155365,0.025296941,-0.015582791,70.364845
24.068840433535758,35.050724689208764,75.1399,17539199.696159363,0.000102587044,-0.037863687,75.1534
24.369565205050215,35.10507235145331,81.59638,8812800.247192383,0.011076264,-0.013121093,72.773155
24.619565229179578,35.18478278215484,82.255135,1296000.0444173813,0.00063761324,0.0006926693,70.78082
24.202898613755877,35.17753635462667,82.22561,12095999.866104126,0.032462634,-0.021929568,71.77394
24.507246418659868,35.018115659512056,74.98295,11059200.15964508,0.015202191,-0.01893521,75.05648
24.15942034471344,35.02536261613985,84.04098,6307200.133895874,-0.003018219,-0.019094681,71.61907
24.822463669968496,35.11956556932083,79.471794,15897599.886703491,0.016748946,-0.031098524,70.92321
24.235507135886934,35.09782643790763,86.62735,15379199.48501587,0.024639312,-0.031601988,70.13663
24.373188349496587,35.09782609021359,73.044136,9590399.752807617,0.012239562,-0.00717734,72.69915
24.40217392316393,35.07246365433351,77.73675,13219200.370788574,0.022605604,-0.0065567847,74.71905
24.40579722439643,35.07608730649443,81.130585,12700799.969100952,0.026193824,-0.0229821,71.61841
24.340579657513896,35.072464168316,77.031204,15897599.886703491,0.009454023,-0.018147891,74.19364
24.282608510179216,35.10869565592019,73.044136,518399.99034404755,-0.074045196,-0.007984081,72.051315
24.626811465810288,35.05797113185407,83.9315,432000.01480579376,-0.004005894,0.023637295,70.669914
24.43478251062254,35.050724689208764,81.254395,10799999.95880127,0.018920975,-0.026168527,72.143974
24.528985389862203,35.079710263267266,73.800804,16243199.788856506,0.012414822,-0.028959716,73.94853
24.782608584568965,35.06521774078783,85.492004,12441599.768257141,0.02117717,-0.03624905,69.58279
24.62318819070881,35.09782625650204,81.14894,10886399.660110474,0.0034024268,-0.020354992,71.1508
24.72463775080654,35.097825908808005,83.506035,777599.9855160713,0.012530081,0.0007601455,70.87594
24.24275355543479,35.275361916886446,83.709785,6480000.084972382,-0.029513162,-0.034253478,71.640076
24.3913043591697,35.05434799367564,86.750465,17279999.49531555,-0.00013806298,-0.018537885,70.47796
24.3985509616347,35.079710263267266,82.39983,15724800.484085083,0.020015981,-0.02409541,70.14418
24.518115930392057,35.170290078269815,76.7112,14169600.375938416,0.026423287,-0.01597018,74.85349
24.293478074173446,35.130434424522214,78.52256,12960000.169944763,0.01791916,-0.021470351,74.758385
24.16304339770124,35.14130418675153,77.183464,10368000.35533905,0.034957867,-0.0140271615,76.888916
24.351449221508126,35.36231895652174,77.53338,10368000.35533905,0.05221314,-0.0074445102,76.18031
24.521739153231497,35.18115965909355,80.50853,259199.99517202377,0.011001952,-0.0107274335,72.196846
24.15942034471344,35.02536261613985,84.04098,6047999.933052063,-0.006121304,-0.016694078,71.58914
24.626811465810288,35.05797113185407,83.9315,13910400.175094604,0.028102832,-0.016047997,69.21641
24.782608584568965,35.06521774078783,85.492004,15897599.886703491,0.022199491,-0.023690028,69.93076
24.33695651306752,35.26449269887389,75.24537,14687999.680709839,0.033786975,-0.0152792875,75.083176
24.278985653174068,35.159420527680346,80.15937,4406400.123596191,-0.07530345,-0.02786505,73.47095
24.202898613755877,35.17753635462667,82.22561,8294399.845504761,0.013019936,0.003088072,72.96495
24.365941903817713,35.11594190204278,77.940506,9244799.850654602,-0.0028703064,-0.011966551,75.98187
24.72463775080654,35.097825908808005,83.506035,8553600.046348572,-0.0031189658,-0.0035968982,70.05489
24.507246418659868,35.018115659512056,74.98295,15638399.68585968,0.017488265,-0.015853873,74.29189
24.177536001617764,35.01449252133363,77.3516,17452799.99485016,-0.002722688,-0.027420575,73.39496
24.55072462237475,35.07608730649443,88.70044,12441599.768257141,0.039355066,-0.026944807,71.475975
24.177536001617764,35.01449252133363,77.3516,2937599.9909877777,-0.028182413,-0.02074082,75.826675
24.409420264318722,35.097825908808005,75.01247,15983999.588012695,0.010188129,-0.01293795,74.58852
24.782608584568965,35.06521774078783,85.492004,14342399.778556824,0.024317542,-0.028007464,69.81972
24.481884276880134,35.21376834109622,79.042,1382400.019955635,-0.004711099,-0.0050241146,73.874374
24.579710091518006,35.06884069756067,84.24473,3974399.971675873,-0.027233284,0.008782715,70.544174
24.471014503837736,35.137681214861566,84.09494,10886399.660110474,0.011354672,-0.02331541,70.98285
24.351449221508126,35.36231895652174,77.53338,15120000.381088257,0.045262333,-0.025119396,74.02459
24.75362311542571,35.148550251468535,82.31272,16675200.489234924,0.0017523095,-0.01119359,69.367615
24.507246627708035,35.15217355593542,72.15966,4665599.775981903,-0.042770695,-0.0045894813,71.57742
24.619565229179578,35.18478278215484,82.255135,6307200.133895874,-0.0014879405,-0.015210593,71.32821
24.53985505838052,35.14492730981283,78.72631,3715200.0450611115,-0.022621397,0.0031704325,74.77164
24.409420342711783,35.02898555779556,73.23672,16588799.691009521,0.01037854,-0.012519846,73.591774
24.2137679164399,35.101449394680465,78.1842,15724800.484085083,0.023575237,-0.039342523,73.75132
24.152173912100075,34.942029039701325,85.189964,1814400.0347614288,-0.0054037757,-0.012700034,71.88529
24.35507260113369,35.04710138474188,76.478294,7084800.187969208,-0.009574991,-0.012422482,76.243126
24.373188532413735,34.85507217391305,83.68782,6566399.786281586,-0.021675419,-0.0312526,72.25427
24.275362351941567,35.02173896397893,79.32639,16156800.087547302,0.009613819,-0.033976384,71.92482
24.85869584610084,35.31159408476158,76.05999,3456000.11844635,-0.016820852,0.03109463,76.005104
24.268116089179838,35.07971042955572,81.07262,11491199.7631073,0.018165499,-0.03127189,72.79043
24.800724541980035,35.0326085145684,80.91604,15120000.381088257,0.014849743,0.0067631267,69.96163
24.782608845879178,35.07246365433351,80.82854,8208000.144195557,-0.0050075464,0.01120536,71.30059
24.003623304347823,35.192029209683014,80.788605,7171199.889278412,-0.01815999,0.005511012,75.044334
24.528985389862203,35.079710263267266,73.800804,8812800.247192383,0.00454136,-0.005444212,73.916115
24.3985509616347,35.079710263267266,82.39983,3628800.0695228577,-0.020332646,0.013158193,71.25551
24.373188532413735,34.85507217391305,83.68782,13391999.773406982,0.024757065,-0.03988304,69.44525
24.518115930392057,35.170290078269815,76.7112,13478399.474716187,0.027068406,-0.015537428,75.03146
24.586956589458925,35.03623181903528,81.050644,14515200.27809143,0.021388376,-0.016337072,70.141655
24.40217392316393,35.07246365433351,77.73675,2678400.0643730164,-0.022202965,-0.015897242,75.947426
24.409420264318722,35.137681214861566,85.684586,2246400.0495672226,-0.040931743,-0.006667258,70.31114
24.409420264318722,35.097825908808005,75.01247,7862400.2420425415,-0.00076175854,0.015271477,75.21949
24.55072462237475,35.07608730649443,88.70044,13910400.175094604,0.035090465,-0.028637981,71.35367
24.677536062942007,35.07971042955572,84.775665,16675200.489234924,0.0005616732,-0.025241805,69.58517
24.06159400092239,35.235507653915,77.223785,3023999.9665260315,-0.079753235,-0.06538559,77.50513
24.15217408195171,35.09782609021359,90.079155,3974399.971675873,-0.012265492,-0.045935497,68.74052
24.782608845879178,35.07246365433351,80.82854,5011200.226593018,-0.029322784,-0.0018394776,72.15644
24.423912946628306,35.16304383214723,83.815254,10799999.95880127,0.022417916,-0.025419476,71.215256
24.423912946628306,35.16304383214723,83.815254,11836799.665260315,0.019404486,-0.02956553,70.88478
24.202898613755877,35.17753635462667,82.22561,2592000.0888347626,-0.0646119,-0.05427295,70.88693
24.55434784521419,35.039855304907746,78.730316,14342399.778556824,0.025992587,-0.011585312,72.66058
24.32608705359737,35.05434782738719,80.59564,16588799.691009521,0.013473086,-0.027242573,71.091255
24.271739312019278,35.0833337340226,74.97577,16243199.788856506,0.018139316,-0.024599949,74.75373
24.53985505838052,35.14492730981283,78.72631,18316800.298690796,0.017063158,-0.020120284,72.1683
24.409420264318722,35.097825908808005,75.01247,1900800.0102996826,-0.032651667,-0.016083883,75.12
24.351449221508126,35.36231895652174,77.53338,17539199.696159363,0.027666427,-0.024497075,73.925705
24.619565229179578,35.18478278215484,82.255135,16243199.788856506,0.013730541,-0.022607567,69.390594
24.409420342711783,35.02898555779556,73.23672,8380800.095272064,-0.0061036088,0.017327271,73.05287
24.800724541980035,35.0326085145684,80.91604,7430400.090122223,-0.0046458766,0.018195745,71.28035
24.55434784521419,35.039855304907746,78.730316,14515200.27809143,0.025214473,-0.012007801,72.584595
24.423912946628306,35.13405791039468,84.735344,4579200.074672699,-0.037512284,0.0021157693,70.68724
24.40579730278949,34.98550712868071,82.545616,5615999.781131744,-0.04377162,-0.007440159,72.113045
24.655797039477626,35.09782643790763,82.953125,4492800.099134445,-0.019318797,0.0021914206,70.90362
24.481884276880134,35.21376834109622,79.042,12355200.066947937,0.022908937,-0.007583758,73.790115
24.409420342711783,35.02898555779556,73.23672,4233599.898290634,-0.01844474,-0.004265448,73.31709
24.49275373635028,34.95652190987481,78.13308,12614400.267791748,0.023348944,-0.012607051,73.922874
24.46739112421217,35.10507235145331,77.031204,3628800.0695228577,-0.02057987,-0.018138183,76.15637
24.507246627708035,35.15217355593542,72.15966,2159999.936914444,-0.047344815,-0.022540232,71.60958
24.525362323808892,35.01449270273921,80.76379,259199.99517202377,0.0060293972,0.016926408,73.52093
24.677536062942007,35.07971042955572,84.775665,15379199.48501587,0.013667453,-0.020706085,69.23063
24.623188347494935,34.98550731008629,86.27349,9935999.654960632,0.03067441,-0.014055995,70.77647
24.731884091961334,34.88405773852335,82.62194,3542400.093984604,-0.016531356,-0.00744248,71.82561
24.47463793572534,35.15579704180788,74.131996,6047999.933052063,-0.014863368,-0.0078936685,74.16035
24.528985389862203,35.079710263267266,73.800804,6393599.835205078,-0.024116028,-0.018681059,74.027245
24.268116089179838,35.07971042955572,81.07262,172800.00249445438,-0.047261994,0.008842617,71.51368
24.40217392316393,35.07246365433351,77.73675,2851200.015449524,-0.023317296,-0.016176594,75.95049
24.33695651306752,35.26449269887389,75.24537,12787199.670410156,0.037459724,-0.0233738,75.14824
24.586956589458925,35.03623181903528,81.050644,8553600.046348572,-0.0013500489,0.019630112,71.9462
24.85869584610084,35.31159408476158,76.05999,11750399.96395111,0.01590735,-0.018458666,73.99002
24.32608705359737,35.05434782738719,80.59564,7948799.943351746,0.0039613135,-0.030556118,73.82799
24.068840433535758,35.17753635462667,82.62194,17020800.39138794,0.03609723,-0.03630814,69.817665
24.518115930392057,35.170290078269815,76.7112,8380800.095272064,0.0052375197,-0.015736887,75.86666
24.677536062942007,35.07971042955572,84.775665,2332799.8879909515,-0.013462566,0.0033138916,70.30871
24.32608705359737,35.05434782738719,80.59564,12268800.365638733,0.028004464,-0.03260403,72.49784
24.409420342711783,35.02898555779556,73.23672,14169600.375938416,0.017765,-0.0099625345,73.40082
24.409420264318722,35.137681214861566,85.684586,14687999.680709839,0.02701063,-0.0073935185,70.05362
24.677536062942007,35.07971042955572,84.775665,6912000.2368927,0.015478304,-0.0013162605,70.42656
24.49275373635028,34.95652190987481,78.13308,10108800.15449524,-0.0050586946,-0.016024364,74.91923
24.16304339770124,35.14130418675153,77.183464,604799.9658823013,-0.058324683,-0.06775364,74.501945
24.728260869121893,35.15579704180788,79.23173,4924799.976825714,-0.026256945,0.0065107346,73.9279
24.47463793572534,35.15579704180788,74.131996,10972800.458335876,0.018417718,-0.023718776,74.283104
24.57608686867857,35.22463755910878,78.28966,15465600.283241272,0.022769058,-0.016354797,73.55294
24.47463793572534,35.15579704180788,74.131996,17193599.794006348,0.013674282,-0.032123685,74.062614
24.15942034471344,35.02536261613985,84.04098,5529600.07982254,-0.012570567,-0.01230417,71.48172
24.373188532413735,34.85507217391305,83.68782,10713600.257492065,0.0058348365,-0.04036084,70.27343
24.35507260113369,35.04710138474188,76.478294,1900800.0102996826,-0.018189345,-0.010506405,76.302986
24.06159400092239,35.235507653915,77.223785,12009600.164794922,0.056123152,-0.056078777,77.01264
24.572463802625258,35.028985391507106,77.31845,11231999.562263489,0.019050654,-0.019577151,74.86601
24.242753659958876,34.931159481553294,83.59315,10108800.15449524,0.017957922,-0.010894464,70.43188
24.068840433535758,35.17753635462667,82.62194,8467199.796581268,0.025430448,-0.038343213,73.3992
24.43478277193275,35.06521686399416,78.38795,2159999.936914444,-0.02577613,-0.012790097,75.6465
24.57246390714934,35.13405809180027,82.83649,11059200.15964508,0.015725777,-0.022065835,70.67032
24.351449221508126,35.36231895652174,77.53338,5788799.732208252,-0.015445501,-0.02431438,77.204544
24.471014503837736,35.137681214861566,84.09494,8726399.99742508,-0.0014030524,-0.0015370138,71.15607
24.068840433535758,35.17753635462667,82.62194,16675200.489234924,0.037013397,-0.034905016,69.84748
24.40217392316393,35.07246365433351,77.73675,1814400.0347614288,-0.011533108,-0.011368798,75.96222
24.62318819070881,35.09782625650204,81.14894,4060799.9472141266,-0.023991328,0.00043153763,72.535706
24.52536253285706,35.05797113185407,79.99595,1987199.9858379364,-0.0116434395,-0.0065412913,74.38761
24.62318819070881,35.09782625650204,81.14894,14601599.979400635,0.01836603,-0.011557592,70.00145
24.351449221508126,35.36231895652174,77.53338,1728000.059223175,-0.07526988,-0.075104535,74.623985
24.442029139218562,35.043478080275,76.86345,12787199.670410156,0.014998652,-0.02294224,75.14926
24.373188349496587,35.09782609021359,73.044136,10108800.15449524,0.015816199,-0.00864487,72.766624
24.655797039477626,35.09782643790763,82.953125,9244799.850654602,0.012547687,-0.013922313,70.49659
24.171296292717127,35.10648163098043,78.049835,86400.00124722719,-0.041741047,-0.016374322,73.982864
24.641304357168043,34.938405387540406,81.3883,13478399.474716187,0.022883855,-0.031521693,69.761345
24.33695651306752,35.26449269887389,75.24537,13391999.773406982,0.037696257,-0.020444022,75.044044
24.52536253285706,35.05797113185407,79.99595,13996799.876403809,0.019023916,-0.019227935,71.6256
24.3913043591697,35.05434799367564,86.750465,3196799.917602539,-0.046662245,-0.030428806,71.36236
24.731884091961334,34.88405773852335,82.62194,15638399.68585968,-0.0014512651,-0.0005929284,68.96859
24.623188347494935,34.98550731008629,86.27349,9331199.551963806,0.024661755,-0.0051244963,70.866264
24.43478277193275,35.06521686399416,78.38795,1987199.9858379364,-0.024557177,-0.013270149,75.65184
24.619565229179578,35.18478278215484,82.255135,17625600.494384766,0.008382566,-0.02254401,69.41704
24.286231733018653,35.16304365074164,82.86601,16156800.087547302,0.021560391,-0.029870091,70.19532
24.62318819070881,35.09782625650204,81.14894,13132799.572563171,0.015681457,-0.014030794,70.5276
24.46739112421217,35.10507235145331,77.031204,12009600.164794922,0.024739541,-0.024877014,75.34838
24.242753659958876,34.931159481553294,83.59315,18230399.500465393,0.0046499,-0.028261995,70.46661
24.282608510179216,35.10869565592019,73.044136,5097599.927902222,-0.062209327,-0.038857497,73.05016
24.33695651306752,35.26449269887389,75.24537,12700799.969100952,0.03734124,-0.024088705,75.16609
24.521739153231497,35.18115965909355,80.50853,86400.00124722719,0.011351271,-0.010680979,72.20159
24.75362311542571,35.148550251468535,82.31272,1123200.0247836113,-0.028480131,0.02394223,71.89991
24.442029139218562,35.043478080275,76.86345,3974399.971675873,-0.0155050345,0.0011298358,76.57384
24.17028990870767,35.119565206509655,75.23819,3023999.9665260315,-0.065229684,-0.05562321,75.18994
24.55072462237475,35.07608730649443,88.70044,16502399.989700317,0.015074927,-0.035325557,71.111206
24.43478277193275,35.06521686399416,78.38795,3110399.9420642853,-0.029349905,-0.011617737,75.64361
24.2137679164399,35.101449394680465,78.1842,1900800.0102996826,-0.009609316,-0.03638152,74.70259
24.202898613755877,35.17753635462667,82.22561,9244799.850654602,0.025475785,-0.008761881,72.811676
24.40579722439643,35.07608730649443,81.130585,10886399.660110474,0.021309942,-0.02841458,72.41935
24.3985509616347,35.079710263267266,82.39983,5702400.030899048,-0.009775285,-0.00060271285,71.93005
24.782608584568965,35.06521774078783,85.492004,9935999.654960632,0.018857634,-0.018132286,69.56231
24.16304339770124,35.14130418675153,77.183464,1123200.0247836113,-0.055677067,-0.070110835,74.64693
24.608695560661264,35.210145036629335,80.071884,16329599.49016571,0.016879348,-0.015707923,71.3794
24.731883987437246,34.999999998854186,80.17734,18403200.0,0.0038137399,-0.013634568,71.87584
24.268116089179838,35.07971042955572,81.07262,13824000.4737854,0.026434556,-0.02503342,71.84868
24.278985653174068,35.159420527680346,80.15937,16761600.190544128,5.2399933e-05,-0.020776095,72.10907
24.152173912100075,34.942029039701325,85.189964,11664000.262641907,0.024558675,-0.017251348,69.809296
24.373188349496587,35.09782609021359,73.044136,13564800.27294159,0.022701852,-0.022343425,72.85701
24.235507135886934,35.09782643790763,86.62735,3369599.8686790466,-0.015818547,0.002395058,71.50741
24.507246627708035,35.15217355593542,72.15966,0.0,-0.07700531,0.0051624216,71.90676
24.655797039477626,35.09782643790763,82.953125,2332799.8879909515,-0.010126568,-0.003835585,71.01761
24.507246418659868,35.018115659512056,74.98295,3456000.11844635,-0.016000882,-0.007010499,75.604546
24.32608705359737,35.05434782738719,80.59564,5270399.878978729,-0.017537732,-0.021988297,73.79945
24.242753659958876,34.931159481553294,83.59315,9071999.899578094,0.019115971,0.008779798,70.665306
24.293478074173446,35.130434424522214,78.52256,950400.0051498413,-0.037014548,-0.034748323,74.32784
24.286231733018653,35.16304365074164,82.86601,3801600.0205993652,-0.015390556,-0.025782036,71.23218
24.15217408195171,35.09782609021359,90.079155,345600.00498890877,0.0047005676,-0.024239397,70.28276
24.423912946628306,35.13405791039468,84.735344,864000.0296115875,-0.02399708,0.014343225,69.47589
24.880434869565217,35.11594208344836,73.60822,2592000.0888347626,-0.024266277,0.010829883,73.58225
24.358695745580064,35.14492749121842,79.46463,12527999.469566345,0.020482041,-0.013444481,73.8253
24.677536062942007,35.07971042955572,84.775665,8899199.948501587,0.023464013,-0.016831664,70.23828
24.409420264318722,35.097825908808005,75.01247,11923200.463485718,0.02257433,-0.012006411,75.103
24.275362351941567,35.02173896397893,79.32639,3023999.9665260315,-0.056268353,-0.0210053,75.01793
24.528985389862203,35.079710263267266,73.800804,5529600.07982254,-0.02339891,-0.016128732,74.05773
24.32608705359737,35.05434782738719,80.59564,6652800.036048889,-0.0049356595,-0.029461471,73.85256
24.373188349496587,35.09782609021359,73.044136,7171199.889278412,-0.0030448735,-0.013107093,72.704384
24.579710091518006,35.06884069756067,84.24473,11145599.860954285,0.019580979,-0.017864516,70.15544
24.235507135886934,35.09782643790763,86.62735,13478399.474716187,0.026876148,-0.030803742,70.79097
24.782608845879178,35.07246365433351,80.82854,15292799.783706665,0.007185988,-0.010151701,69.701546
24.521739153231497,35.18115965909355,80.50853,1555199.9710321426,-0.0077477396,-0.0077355336,72.30459
24.365941903817713,35.11594190204278,77.940506,6652800.036048889,-0.043209236,-0.012968166,75.81914
24.409420342711783,35.02898555779556,73.23672,11577599.464416504,0.016886333,-0.0146007,73.27217
24.409420264318722,35.097825908808005,75.01247,12182399.56741333,0.02366206,-0.010218462,75.03976
24.003623304347823,35.192029209683014,80.788605,14687999.680709839,0.0395406,-0.0314077,72.88537
24.409420342711783,35.02898555779556,73.23672,17366400.293540955,0.007065229,-0.01193217,73.58507
24.202898613755877,35.17753635462667,82.22561,5097599.927902222,-0.062085938,-0.030458944,72.26953
24.06159400092239,35.235507653915,77.223785,16761600.190544128,0.027856149,-0.06822368,75.03587
24.49275373635028,35.04710138474188,79.64641,5875199.981975555,-0.026446376,-0.0026570857,74.1871
24.003623304347823,35.192029209683014,80.788605,4752000.025749207,-0.0672586,-0.03448926,73.74354
24.576087129988778,34.96376817111452,80.53768,18057600.097846985,0.0044267103,-0.019352978,70.20665
24.068840433535758,35.050724689208764,75.1399,3196799.917602539,-0.039561827,-0.013386095,74.80505
24.5036234048686,34.94565269942081,84.86278,9244799.850654602,0.015299343,-0.0097405,70.49443
24.518115930392057,35.170290078269815,76.7112,17020800.39138794,0.016701283,-0.029893113,74.03368
24.409420264318722,35.097825908808005,75.01247,15551999.984550476,0.013450107,-0.009455735,74.635376
24.373188532413735,34.85507217391305,83.68782,16070400.386238098,0.013752617,-0.043352105,69.076836
24.579710091518006,35.06884069756067,84.24473,6134400.182819366,-0.023601104,0.01332182,70.77665
24.572463802625258,35.028985391507106,77.31845,12355200.066947937,0.020808317,-0.018714892,74.56723
24.85869584610084,35.31159408476158,76.05999,6825599.987125397,-0.02066309,0.033852424,75.916336
24.507246627708035,35.15217355593542,72.15966,6912000.2368927,-0.011964027,0.023576472,71.18605
24.15217408195171,35.09782609021359,90.079155,16675200.489234924,0.020449769,-0.037859023,72.102165
24.728260869121893,35.15579704180788,79.23173,15120000.381088257,0.025972724,-0.018952413,71.26395
24.60144921950647,34.9456523441682,85.40489,15465600.283241272,0.018421192,-0.03370685,69.49158
24.423912946628306,35.13405791039468,84.735344,9331199.551963806,0.013163112,-0.009796938,71.39652
24.35507260113369,35.04710138474188,76.478294,2937599.9909877777,-0.029201087,-0.012070565,76.36542
24.525362323808892,35.01449270273921,80.76379,7257600.139045715,-0.019305084,0.012621865,72.529976
24.202898613755877,35.17753635462667,82.22561,1987199.9858379364,-0.060812745,-0.05844801,70.569954
24.271739312019278,35.0833337340226,74.97577,7343999.840354919,-0.0172324,-0.014896022,75.50177
24.731884091961334,34.88405773852335,82.62194,6652800.036048889,-0.010954652,0.013796134,70.00158
24.60144921950647,34.9456523441682,85.40489,518399.99034404755,0.012883792,0.009512298,70.794365
24.442029139218562,35.043478080275,76.86345,5184000.177669525,-0.016148373,-0.00017057545,76.37087
24.141304256647267,35.05072417522627,80.839714,8639999.747657776,-0.021735426,-0.008808451,74.06988
24.579710091518006,35.06884069756067,84.24473,6393599.835205078,-0.021811288,0.012758669,70.78302
24.782608845879178,35.07246365433351,80.82854,5356800.128746033,-0.028165799,0.002758829,72.036156
24.57246390714934,35.13405809180027,82.83649,13737599.675559998,0.020638136,-0.020351598,69.71474
24.141304256647267,35.05072417522627,80.839714,17712000.19569397,-0.002686713,-0.025906494,71.339485
24.340579657513896,35.072464168316,77.031204,6998399.938201904,-0.026390877,-0.008513989,76.25398
24.521739153231497,35.18115965909355,80.50853,8121599.894428253,0.01061875,-0.0018873233,73.11864
24.340579657513896,35.072464168316,77.031204,3369599.8686790466,-0.035340827,-0.020978669,76.09492
24.32608705359737,35.05434782738719,80.59564,2937599.9909877777,-0.02926058,-0.021357546,73.34224
24.880434869565217,35.11594208344836,73.60822,1987199.9858379364,-0.01821566,0.0067680497,73.618454
24.782608845879178,35.07246365433351,80.82854,14515200.27809143,0.013749354,-0.0048831645,69.6845
24.152173912100075,34.942029039701325,85.189964,4060799.9472141266,-0.026479546,-0.016174616,71.72817
24.068840433535758,35.17753635462667,82.62194,10454400.056648254,0.034513135,-0.03335551,72.25117
24.53985505838052,35.14492730981283,78.72631,2592000.0888347626,-0.016533405,0.001631707,74.89119
24.481884276880134,35.21376834109622,79.042,6134400.182819366,-0.022033539,0.0011361632,74.33654
24.3985509616347,35.079710263267266,82.39983,3110399.9420642853,-0.01977766,0.011862052,71.04587
24.3913043591697,35.05434799367564,86.750465,17798399.897003174,-0.008373968,-0.015474288,70.5647
24.336956356281394,35.12681217825459,78.56935,13391999.773406982,0.021339139,-0.008190693,74.29355
24.525362323808892,35.01449270273921,80.76379,13564800.27294159,0.026483888,-0.01866923,70.87894
24.525362323808892,35.01449270273921,80.76379,9763200.252342224,0.015574956,0.0013133194,72.0529
24.53985505838052,35.14492730981283,78.72631,5443199.830055237,-0.024295066,0.0016132966,74.58763
24.40579722439643,35.07608730649443,81.130585,9504000.051498413,0.018707803,-0.019673133,72.760994
24.572463802625258,35.028985391507106,77.31845,10799999.95880127,0.019104468,-0.017512953,74.94681
24.40579722439643,35.07608730649443,81.130585,4579200.074672699,-0.019773465,0.0025901198,72.70794
24.268116089179838,35.07971042955572,81.07262,345600.00498890877,-0.04718409,0.0075965486,71.53884
24.15217408195171,35.09782609021359,90.079155,3196799.917602539,-0.0103393085,-0.04524935,68.511406
24.626811465810288,35.05797113185407,83.9315,7775999.992275238,-0.017506402,0.017206293,70.50938
24.619565229179578,35.18478278215484,82.255135,11664000.262641907,0.02091353,-0.031642653,70.58536
24.141304256647267,35.05072417522627,80.839714,13651199.974250793,0.026866512,-0.023838123,72.71425
24.2137679164399,35.101449394680465,78.1842,6480000.084972382,-0.015622571,-0.02597863,76.27729
24.85869584610084,35.31159408476158,76.05999,4492800.099134445,-0.017756071,0.032108344,75.948524
24.423912946628306,35.13405791039468,84.735344,1382400.019955635,-0.027013984,0.012457527,69.62684
24.068840433535758,35.17753635462667,82.62194,11404800.061798096,0.03574943,-0.029328981,71.767166
24.373188532413735,34.85507217391305,83.68782,14428799.479866028,0.022890547,-0.040202476,69.2284
24.782608584568965,35.06521774078783,85.492004,16675200.489234924,0.017480131,-0.023506066,70.01575
24.235507135886934,35.09782643790763,86.62735,172800.00249445438,-0.0024463944,0.03665719,70.25594
24.40579722439643,35.07608730649443,81.130585,7343999.840354919,0.0114392415,-0.01449698,72.93806
24.409420342711783,35.02898555779556,73.23672,5097599.927902222,-0.025183756,-0.0009949151,73.274574
24.268116089179838,35.07971042955572,81.07262,7257600.139045715,-0.017628938,-0.018985199,73.71777
24.373188349496587,35.09782609021359,73.044136,17971200.39653778,0.006934166,-0.034430116,73.18629
24.373188532413735,34.85507217391305,83.68782,4406400.123596191,-0.032425623,-0.002625158,73.10254
24.202898613755877,35.17753635462667,82.22561,9331199.551963806,0.025972616,-0.009942127,72.79106
24.32608705359737,35.05434782738719,80.59564,3023999.9665260315,-0.02899805,-0.02115087,73.35963
24.365941903817713,35.11594190204278,77.940506,6480000.084972382,-0.04442389,-0.013932539,75.79876
24.293478074173446,35.130434424522214,78.52256,5702400.030899048,-0.034610134,-0.02331218,75.58549
24.85869584610084,35.31159408476158,76.05999,11577599.464416504,0.014648665,-0.018087214,74.23176
24.152173912100075,34.942029039701325,85.189964,13219200.370788574,0.029021796,-0.016220858,69.22286
24.24275355543479,35.275361916886446,83.709785,17366400.293540955,0.029170938,-0.045457035,69.583855
24.141304256647267,35.05072417522627,80.839714,11750399.96395111,0.019530104,-0.02660113,73.582825
24.655797039477626,35.09782643790763,82.953125,11923200.463485718,0.016420174,-0.023449643,69.942764
24.43478251062254,35.050724689208764,81.254395,6566399.786281586,-0.01704204,-0.014286237,72.64504
24.514492864338745,35.152173737341,77.98083,13391999.773406982,0.02460287,-0.019015906,74.16533
24.40579722439643,35.07608730649443,81.130585,1209599.9317646027,0.00020584464,-0.013198053,72.06163
24.608695560661264,35.210145036629335,80.071884,6307200.133895874,-0.018332276,0.008678995,73.19302
24.373188532413735,34.85507217391305,83.68782,172800.00249445438,0.0039076433,0.027737843,71.8279
24.507246627708035,35.15217355593542,72.15966,345600.00498890877,-0.067301214,-0.0006720219,71.86621
24.75362311542571,35.148550251468535,82.31272,5529600.07982254,-0.03790005,0.012809592,70.79046
24.43478251062254,35.050724689208764,81.254395,3023999.9665260315,-0.014356948,-0.011376144,72.53198
24.503623143558386,34.916666955294566,80.479385,18230399.500465393,-0.011882085,0.013080591,70.05619
24.623188347494935,34.98550731008629,86.27349,15638399.68585968,0.025103446,-0.030662978,70.16273
24.521739153231497,35.18115965909355,80.50853,864000.0296115875,0.0046731196,-0.010298306,72.22038
24.3985509616347,35.079710263267266,82.39983,11577599.464416504,0.021330748,-0.029129954,71.495125
24.471014503837736,35.137681214861566,84.09494,6566399.786281586,-0.02411979,0.0020247847,71.08822
24.518115930392057,35.170290078269815,76.7112,6998399.938201904,-0.012877382,-0.013456011,75.80335
24.16304339770124,35.14130418675153,77.183464,13824000.4737854,0.0376179,-0.017433101,75.96637
24.286231733018653,35.16304365074164,82.86601,12095999.866104126,0.027936935,-0.021987272,71.12546
24.731884091961334,34.88405773852335,82.62194,8380800.095272064,-0.009843223,-0.0033421107,69.6755
24.409420264318722,35.137681214861566,85.684586,6134400.182819366,-0.038242433,0.016070066,71.43484
24.731883987437246,34.999999998854186,80.17734,18057600.097846985,0.005306311,-0.012392251,71.70853
24.358695745580064,35.14492749121842,79.46463,1296000.0444173813,-0.03355286,0.0033269804,73.320854
24.75362311542571,35.148550251468535,82.31272,6825599.987125397,-0.033763025,0.017677683,70.705864
24.40217392316393,35.07246365433351,77.73675,16243199.788856506,0.0022932664,-0.008262949,73.4602
24.141304256647267,35.05072417522627,80.839714,13132799.572563171,0.026592296,-0.024132075,72.995476
24.46739112421217,35.10507235145331,77.031204,3369599.8686790466,-0.0201228,-0.018159537,76.17364
24.40579722439643,35.07608730649443,81.130585,5011200.226593018,-0.017581634,0.00065155886,72.7762
24.35507260113369,35.04710138474188,76.478294,6998399.938201904,-0.010881178,-0.013057666,76.23874
24.659420157792983,35.13768139626715,82.9603,13046399.871253967,0.022735773,-0.018526496,69.57881
24.85869584610084,35.31159408476158,76.05999,18403200.0,0.036162548,-0.030134631,69.34614
24.351449221508126,35.36231895652174,77.53338,17279999.49531555,0.03074882,-0.02490901,74.04957
24.373188349496587,35.09782609021359,73.044136,7084800.187969208,-0.0032145903,-0.013426291,72.717354
24.731884091961334,34.88405773852335,82.62194,10713600.257492065,0.017317887,-0.016118368,69.39582
24.003623304347823,35.192029209683014,80.788605,6912000.2368927,-0.028256487,0.0025234725,75.0657
24.134057993885538,35.130434787333385,80.741425,3456000.11844635,-0.09388387,-0.048204444,72.60707
24.503623143558386,34.916666955294566,80.479385,1468799.9954938889,0.0010645017,-0.0014526155,74.57559
24.43478277193275,35.06521686399416,78.38795,5961600.231742859,-0.029214267,-0.0043193325,75.493385
24.35507260113369,35.04710138474188,76.478294,15292799.783706665,0.009814646,0.0033960082,74.537926
24.373188532413735,34.85507217391305,83.68782,16502399.989700317,0.012475528,-0.04294572,69.07626
24.202898613755877,35.17753635462667,82.22561,5788799.732208252,-0.05197676,-0.019520504,72.54423
24.340579657513896,35.072464168316,77.031204,8208000.144195557,-0.017118953,0.006802071,76.40621
24.514492864338745,35.152173737341,77.98083,15724800.484085083,0.016268192,-0.02046789,73.43452
24.626811465810288,35.05797113185407,83.9315,17020800.39138794,0.00885272,-0.017446382,69.6063
24.336956356281394,35.12681217825459,78.56935,2764800.03991127,-0.040836435,-0.011596585,74.64736
24.24275355543479,35.275361916886446,83.709785,15983999.588012695,0.034922276,-0.04102367,69.7213
24.409420264318722,35.137681214861566,85.684586,11836799.665260315,0.023282388,-0.01598023,71.07529
24.5036234048686,34.94565269942081,84.86278,13219200.370788574,0.027963161,-0.044789053,69.9797
24.2137679164399,35.101449394680465,78.1842,1468799.9954938889,-0.0019459054,-0.03549996,74.57704
24.586956589458925,35.03623181903528,81.050644,11404800.061798096,0.020022502,-0.009496791,71.03755
24.275362351941567,35.02173896397893,79.32639,11923200.463485718,0.032430593,-0.03203676,74.23324
24.3913043591697,35.05434799367564,86.750465,15379199.48501587,0.016870113,-0.023383046,70.31424
24.55434784521419,35.039855304907746,78.730316,12441599.768257141,0.027144773,-0.0154407155,73.29942
24.373188349496587,35.09782609021359,73.044136,17107200.092697144,0.010029543,-0.031169316,73.230385
24.880434869565217,35.11594208344836,73.60822,9244799.850654602,0.016127182,-0.0018035267,73.6567
24.5036234048686,34.94565269942081,84.86278,16934399.593162537,0.007568568,-0.039460145,69.78961
24.57608686867857,35.22463755910878,78.28966,15897599.886703491,0.021248935,-0.019349897,73.50784
24.152173912100075,34.942029039701325,85.189964,17193599.794006348,0.0074308664,-0.02902514,70.18015
24.46739112421217,35.10507235145331,77.031204,8380800.095272064,0.0005831905,0.010151433,75.82638
24.800724541980035,35.0326085145684,80.91604,8380800.095272064,0.004972618,0.010308554,71.073
24.32608705359737,35.05434782738719,80.59564,3110399.9420642853,-0.028721642,-0.020939471,73.37729
24.471014503837736,35.137681214861566,84.09494,86400.00124722719,0.013345445,-0.0018799454,69.07436
24.271739312019278,35.0833337340226,74.97577,16847999.891853333,0.015957303,-0.025033547,74.654945
24.340579735906957,35.22101461745307,78.71513,1209599.9317646027,-0.017145555,-0.026131036,73.96104
24.340579657513896,35.072464168316,77.031204,16156800.087547302,0.007954601,-0.018727804,74.09041
24.068840433535758,35.17753635462667,82.62194,12268800.365638733,0.036802642,-0.027578844,71.46729
24.40579730278949,34.98550712868071,82.545616,8812800.247192383,0.0044394396,-0.029084666,71.665886
24.06159400092239,35.235507653915,77.223785,11577599.464416504,0.05436039,-0.057021014,77.083626
24.586956589458925,35.03623181903528,81.050644,17539199.696159363,-0.0010318644,-0.027981589,70.38967
24.471014503837736,35.137681214861566,84.09494,777599.9855160713,0.0021479242,-0.004539987,69.14609
24.06159400092239,35.235507653915,77.223785,1987199.9858379364,-0.08760868,-0.062068403,76.73024
24.365941903817713,35.11594190204278,77.940506,1296000.0444173813,-0.027924914,-0.008519145,75.330826
24.409420185925658,35.126811301460926,78.58091,1123200.0247836113,-0.0055327043,-0.013912262,74.73488
24.507246627708035,35.15217355593542,72.15966,15292799.783706665,0.0068246946,-0.01640358,72.248184
24.409420342711783,35.02898555779556,73.23672,7257600.139045715,-0.012595106,0.018429894,73.041626
24.134057993885538,35.130434787333385,80.741425,14169600.375938416,0.031120714,-0.012240851,72.62999
24.49275373635028,34.95652190987481,78.13308,14515200.27809143,0.021014193,0.0045800675,73.09537
24.068840433535758,35.17753635462667,82.62194,8208000.144195557,0.022807274,-0.03840217,73.485825
24.528985389862203,35.079710263267266,73.800804,15983999.588012695,0.014014401,-0.027704166,73.9786
24.782608584568965,35.06521774078783,85.492004,15811200.185394287,0.022512333,-0.023764582,69.925835
24.43478277193275,35.06521686399416,78.38795,864000.0296115875,-0.015145749,-0.016975777,75.7452
24.17028990870767,35.119565206509655,75.23819,518399.99034404755,-0.05853275,-0.057285115,74.4831
24.5036234048686,34.94565269942081,84.86278,1296000.0444173813,0.00026500598,0.005947558,70.660034
24.293478074173446,35.130434424522214,78.52256,18403200.0,0.0034512877,-0.010409357,72.969795
24.5036234048686,34.94565269942081,84.86278,6652800.036048889,-0.008161787,-0.021216711,71.20233
24.576087129988778,34.96376817111452,80.53768,17366400.293540955,0.0075620227,-0.022261688,70.113945
24.340579735906957,35.22101461745307,78.71513,15206400.082397461,0.02829868,-0.019964697,73.63373
24.641304357168043,34.938405387540406,81.3883,4406400.123596191,-0.014126912,-0.010592191,72.815025
24.16304339770124,35.14130418675153,77.183464,3715200.0450611115,-0.05505455,-0.067098774,75.489105
24.62318819070881,35.09782625650204,81.14894,11145599.860954285,0.0039164796,-0.02102399,71.092125
24.278985653174068,35.159420527680346,80.15937,10972800.458335876,0.021494064,-0.017870838,74.05562
24.641304357168043,34.938405387540406,81.3883,8639999.747657776,0.0049675815,-0.027680503,70.70576
24.655797039477626,35.09782643790763,82.953125,5443199.830055237,-0.01747172,0.0055789165,70.84536
24.003623304347823,35.192029209683014,80.788605,16675200.489234924,0.03053645,-0.04307726,72.51324
24.507246418659868,35.018115659512056,74.98295,10972800.458335876,0.015255308,-0.018702494,75.06246
24.409420185925658,35.126811301460926,78.58091,12095999.866104126,0.022997854,-0.019744808,74.537605
24.3985509616347,35.079710263267266,82.39983,12787199.670410156,0.026824672,-0.02342129,70.884926
24.43478277193275,35.06521686399416,78.38795,8985600.19826889,0.010762904,-0.0032787863,75.14393
24.626811465810288,35.05797113185407,83.9315,1728000.059223175,-2.0489097e-06,0.015065418,70.49887
24.57608686867857,35.22463755910878,78.28966,11836799.665260315,0.022009622,-0.009276064,74.37028
24.5036234048686,34.94565269942081,84.86278,9849599.953651428,0.02317758,-0.024285262,70.495605
24.06159400092239,35.235507653915,77.223785,12873600.46863556,0.0575884,-0.050591506,76.88424
24.518115930392057,35.170290078269815,76.7112,11231999.562263489,0.021249324,-0.02888398,75.621216
24.16304339770124,35.14130418675153,77.183464,11318400.360488892,0.036252487,-0.021462707,76.7612
24.351449221508126,35.36231895652174,77.53338,15551999.984550476,0.041879732,-0.027298288,74.17331
24.068840433535758,35.17753635462667,82.62194,9158400.149345398,0.030500367,-0.03765151,73.07128
24.43478251062254,35.050724689208764,81.254395,345600.00498890877,-0.0012969039,0.010473622,72.1416
24.626811465810288,35.05797113185407,83.9315,2073599.9613761902,-0.0045455135,0.012944319,70.52565
24.822463669968496,35.11956556932083,79.471794,12700799.969100952,0.019768603,-0.024285236,70.76993
24.2137679164399,35.101449394680465,78.1842,2246400.0495672226,-0.015744042,-0.036561996,74.80003
24.47463793572534,35.15579704180788,74.131996,7257600.139045715,-0.010314696,-0.007817028,74.03733
24.40579730278949,34.98550712868071,82.545616,9676799.454116821,0.016498204,-0.03902954,71.62486
24.409420342711783,35.02898555779556,73.23672,8985600.19826889,0.0053113736,0.012617763,73.09055
24.47463793572534,35.15579704180788,74.131996,5961600.231742859,-0.015184589,-0.008006675,74.17166
24.373188532413735,34.85507217391305,83.68782,2764800.03991127,-0.03535721,0.014400343,73.242516
24.293478074173446,35.130434424522214,78.52256,14774400.478935242,0.013642002,-0.017741596,73.83056
24.626811465810288,35.05797113185407,83.9315,17107200.092697144,0.008703284,-0.017156241,69.637054
24.40579722439643,35.07608730649443,81.130585,2073599.9613761902,-0.010755818,-0.011968194,72.23001
24.55434784521419,35.039855304907746,78.730316,2159999.936914444,-0.0048727915,-0.012666555,76.11558
24.340579735906957,35.22101461745307,78.71513,3715200.0450611115,-0.0334162,-0.016171364,74.168976
24.641304357168043,34.938405387540406,81.3883,6998399.938201904,0.00025239214,-0.0247922,71.40466
24.55434784521419,35.039855304907746,78.730316,6652800.036048889,-0.0009259619,-0.0105070155,74.81674
24.49275373635028,34.95652190987481,78.13308,1987199.9858379364,-0.026855748,0.0059415586,77.76543
24.49275373635028,34.95652190987481,78.13308,7862400.2420425415,-0.01873923,0.013375354,75.335754
24.43478277193275,35.06521686399416,78.38795,8035200.193119049,-0.007185042,0.0038631856,75.219154
24.57246390714934,35.13405809180027,82.83649,1641599.9465703964,-0.007900264,-0.0094433185,70.2519
24.822463669968496,35.11956556932083,79.471794,18143999.79915619,0.016008308,-0.037683234,71.37003
24.677536062942007,35.07971042955572,84.775665,691200.0099778175,0.006378934,0.009288814,70.309746
24.52536253285706,35.05797113185407,79.99595,15379199.48501587,0.014190255,-0.015474005,71.22011
24.677536062942007,35.07971042955572,84.775665,6393599.835205078,0.010941036,-0.00051041506,70.47219
24.800724541980035,35.0326085145684,80.91604,6480000.084972382,-0.009896271,0.010277025,71.59924
24.507246418659868,35.018115659512056,74.98295,14428799.479866028,0.028828025,-0.0073296074,74.54646
24.33695651306752,35.26449269887389,75.24537,1728000.059223175,-0.112872794,-0.06584035,75.47971
24.340579735906957,35.22101461745307,78.71513,777599.9855160713,-0.02220891,-0.02194907,74.15878
24.40217392316393,35.07246365433351,77.73675,2505600.113296509,-0.0207671,-0.0154156,75.94605
24.608695560661264,35.210145036629335,80.071884,4319999.873828888,-0.033504676,-0.0006807819,73.03378
24.49275373635028,35.04710138474188,79.64641,15551999.984550476,0.00749648,-0.017690482,71.57294
24.677536062942007,35.07971042955572,84.775665,950400.0051498413,0.003324274,0.008466998,70.28287
24.268116089179838,35.07971042955572,81.07262,4579200.074672699,-0.04219493,-0.0098151285,73.0797
24.340579735906957,35.22101461745307,78.71513,4492800.099134445,-0.03606939,-0.010494089,74.515724
24.55072462237475,35.07608730649443,88.70044,13391999.773406982,0.038750004,-0.026261559,71.42896
24.409420342711783,35.02898555779556,73.23672,12787199.670410156,0.021906136,-0.0046992023,73.26413
24.06159400092239,35.235507653915,77.223785,7689599.742507935,0.020778844,-0.040489584,77.008156
24.528985389862203,35.079710263267266,73.800804,11577599.464416504,0.022355769,-0.020696083,73.93817
24.24275355543479,35.275361916886446,83.709785,14342399.778556824,0.03854917,-0.030107869,70.63279
24.134057993885538,35.130434787333385,80.741425,1728000.059223175,-0.08205545,-0.072291,71.28062
24.409420342711783,35.02898555779556,73.23672,7948799.943351746,-0.010743331,0.019276999,73.0375
24.53985505838052,35.14492730981283,78.72631,4492800.099134445,-0.022873495,0.0018357858,74.67387
24.442029139218562,35.043478080275,76.86345,2073599.9613761902,-0.015009597,0.0005355887,76.67841
24.423912946628306,35.16304383214723,83.815254,6047999.933052063,-0.006871838,-0.010068005,71.2419
24.293478074173446,35.130434424522214,78.52256,10281599.557113647,0.018484809,-0.012470892,75.76013
24.373188349496587,35.09782609021359,73.044136,17193599.794006348,0.009792451,-0.03152422,73.227425
24.15217408195171,35.09782609021359,90.079155,14169600.375938416,0.0298413,-0.022944985,72.92891
24.293478074173446,35.130434424522214,78.52256,3801600.0205993652,-0.043248046,-0.027120313,74.97341
24.40217392316393,35.07246365433351,77.73675,13651199.974250793,0.02136842,-0.0032238662,74.56039
24.75362311542571,35.148550251468535,82.31272,4060799.9472141266,-0.03499232,0.011775061,71.05018
24.579710091518006,35.06884069756067,84.24473,7775999.992275238,-0.004837729,0.013229347,70.70302
24.15217408195171,35.09782609021359,90.079155,2332799.8879909515,0.002545584,-0.041504674,68.68641
24.15217408195171,35.09782609021359,90.079155,13305600.072097778,0.027615432,-0.021680137,72.83259
24.47463793572534,35.15579704180788,74.131996,10713600.257492065,0.018945014,-0.020105856,74.260315
24.373188532413735,34.85507217391305,83.68782,17971200.39653778,0.010027301,-0.039930828,69.457184
24.40217392316393,35.07246365433351,77.73675,17020800.39138794,-0.003785681,-0.0006064065,73.19431
24.15942034471344,35.02536261613985,84.04098,1555199.9710321426,-0.01853618,0.008386115,71.186844
24.3985509616347,35.079710263267266,82.39983,11836799.665260315,0.022554973,-0.028106092,71.377266
24.507246627708035,35.15217355593542,72.15966,3023999.9665260315,-0.043781172,-0.018780781,71.6635
24.75362311542571,35.148550251468535,82.31272,11923200.463485718,0.011574868,-0.027744753,69.85927
24.340579657513896,35.072464168316,77.031204,259199.99517202377,-0.016610064,-0.01505678,76.17579
24.525362323808892,35.01449270273921,80.76379,2678400.0643730164,-0.011731226,-0.0014115125,73.61462
24.514492864338745,35.152173737341,77.98083,17193599.794006348,0.013394747,-0.024677442,73.0221
24.235507135886934,35.09782643790763,86.62735,4838399.727058411,-0.027278107,-0.014284203,71.71361
24.340579735906957,35.22101461745307,78.71513,8208000.144195557,0.021545012,-0.014355546,76.020386
24.576087129988778,34.96376817111452,80.53768,15465600.283241272,0.0201408,-0.017551566,70.23258
24.800724541980035,35.0326085145684,80.91604,11059200.15964508,0.025229547,0.00062592886,70.42892
24.641304357168043,34.938405387540406,81.3883,16243199.788856506,0.0047203414,-0.029106827,69.580414
24.24275355543479,35.275361916886446,83.709785,13910400.175094604,0.038829982,-0.026624681,70.89023
24.677536062942007,35.07971042955572,84.775665,17625600.494384766,-0.0029965453,-0.020651544,69.879196
24.15217408195171,35.09782609021359,90.079155,7603200.0411987305,0.029400486,-0.007150857,71.62447
24.49275373635028,35.04710138474188,79.64641,6825599.987125397,-0.018234994,-0.00083685294,74.00137
24.731884091961334,34.88405773852335,82.62194,16243199.788856506,-0.0038071275,-0.010348076,69.014145
24.340579735906957,35.22101461745307,78.71513,7171199.889278412,0.006084591,-0.014545964,75.85385
24.623188347494935,34.98550731008629,86.27349,12527999.469566345,0.033869516,-0.027011117,70.21638
24.409420264318722,35.097825908808005,75.01247,13737599.675559998,0.026976345,-0.002482567,74.811386
24.282608510179216,35.10869565592019,73.044136,6652800.036048889,-0.055722345,-0.021982292,72.776
24.423912946628306,35.13405791039468,84.735344,5184000.177669525,-0.039467942,-0.00063766725,70.88316
24.365941903817713,35.11594190204278,77.940506,7689599.742507935,-0.030183796,-0.0076156985,75.97429
24.731884091961334,34.88405773852335,82.62194,4406400.123596191,-0.019296888,-0.00097036175,71.26745
24.365941903817713,35.11594190204278,77.940506,4838399.727058411,-0.045181457,-0.016037742,75.64356
24.282608510179216,35.10869565592019,73.044136,11491199.7631073,0.026686162,-0.022000415,73.120224
24.880434869565217,35.11594208344836,73.60822,14601599.979400635,0.025753511,-0.010406455,73.555115
24.57608686867857,35.22463755910878,78.28966,518399.99034404755,-0.015911277,0.022231994,75.272934
24.57608686867857,35.22463755910878,78.28966,18403200.0,0.016631901,-0.013575958,72.9526
24.55434784521419,35.039855304907746,78.730316,4579200.074672699,-0.01951636,-0.008360928,75.37605
24.731883987437246,34.999999998854186,80.17734,11145599.860954285,0.010817973,-0.020948717,71.33458
24.358695745580064,35.14492749121842,79.46463,259199.99517202377,-0.038603645,0.022290528,73.34224
24.659420157792983,35.13768139626715,82.9603,16502399.989700317,0.016633553,-0.022533411,68.96429
24.659420157792983,35.13768139626715,82.9603,2159999.936914444,-0.01926506,0.0051581357,70.6894
24.33695651306752,35.26449269887389,75.24537,17452799.99485016,0.017897462,-0.026462069,75.17724
24.572463802625258,35.028985391507106,77.31845,11750399.96395111,0.019452514,-0.020617733,74.74851
24.409420342711783,35.02898555779556,73.23672,11836799.665260315,0.016874982,-0.014488218,73.270615
24.55072462237475,35.07608730649443,88.70044,259199.99517202377,0.019978413,-0.0040056296,73.11055
24.60144921950647,34.9456523441682,85.40489,2505600.113296509,-0.01722841,0.01272641,70.90475
24.423912946628306,35.16304383214723,83.815254,6307200.133895874,-0.0013519973,-0.011749113,71.30251
24.5036234048686,34.94565269942081,84.86278,11836799.665260315,0.027995527,-0.04016289,70.21976
24.728260869121893,35.15579704180788,79.23173,14687999.680709839,0.026312258,-0.01789158,71.20906
24.51086948471318,35.141304337922854,75.965324,15292799.783706665,0.016459422,-0.023843566,74.79235
24.286231733018653,35.16304365074164,82.86601,1900800.0102996826,0.000891719,-0.022629919,70.13913
24.728260869121893,35.15579704180788,79.23173,518399.99034404755,0.0034384318,0.017777309,75.10761
24.202898613755877,35.17753635462667,82.22561,15638399.68585968,0.023212362,-0.026998302,71.00237
24.822463669968496,35.11956556932083,79.471794,12095999.866104126,0.016426131,-0.026414478,71.00397
24.55434784521419,35.039855304907746,78.730316,3887999.996137619,-0.01655316,-0.009850917,75.58063
24.152173912100075,34.942029039701325,85.189964,16156800.087547302,0.013275281,-0.026665876,69.59696
24.514492864338745,35.152173737341,77.98083,4233599.898290634,-0.02562679,-0.011051161,75.30641
24.141304256647267,35.05072417522627,80.839714,10886399.660110474,0.012327695,-0.0265557,73.80985
24.171296292717127,35.10648163098043,78.049835,16329599.49016571,0.015455516,-0.032252423,73.82082
24.340579657513896,35.072464168316,77.031204,7948799.943351746,-0.019714855,0.0044979732,76.37473
24.52536253285706,35.05797113185407,79.99595,6912000.2368927,0.00075427815,-0.015733117,73.428
24.40217392316393,35.07246365433351,77.73675,10540799.757957458,0.024250621,-0.018212492,75.49313
24.336956356281394,35.12681217825459,78.56935,15638399.68585968,0.0012206323,-0.0032800809,73.385796
24.49275373635028,34.95652190987481,78.13308,13219200.370788574,0.025907021,-0.006247783,73.674675
24.351449221508126,35.36231895652174,77.53338,5356800.128746033,-0.034454603,-0.03592623,77.035255
24.471014503837736,35.137681214861566,84.09494,13391999.773406982,0.017535904,-0.01977806,69.97669
24.572463802625258,35.028985391507106,77.31845,3801600.0205993652,-0.021090556,-0.00431199,76.685394
24.40579730278949,34.98550712868071,82.545616,12268800.365638733,0.028372426,-0.052078836,70.721176
24.43478277193275,35.06521686399416,78.38795,9331199.551963806,0.016347954,-0.0057655293,75.08202
24.293478074173446,35.130434424522214,78.52256,12527999.469566345,0.016970394,-0.024269218,74.98847
24.336956356281394,35.12681217825459,78.56935,3974399.971675873,-0.0407372,-0.0053558517,75.0068
24.521739153231497,35.18115965909355,80.50853,4752000.025749207,-0.014288247,-0.020558195,73.0037
24.55072462237475,35.07608730649443,88.70044,16329599.49016571,0.016247567,-0.035920694,71.108574
24.55072462237475,35.07608730649443,88.70044,8294399.845504761,0.0020075105,-0.01726175,72.671585
24.271739312019278,35.0833337340226,74.97577,16329599.49016571,0.017808111,-0.02470238,74.738754
24.068840433535758,35.17753635462667,82.62194,2332799.8879909515,-0.01777681,-0.037795857,70.36705
24.33695651306752,35.26449269887389,75.24537,864000.0296115875,-0.11839326,-0.043294318,75.936485
24.340579735906957,35.22101461745307,78.71513,10540799.757957458,0.027931143,-0.026688622,75.466934
24.358695745580064,35.14492749121842,79.46463,7775999.992275238,-0.004521519,0.016711976,74.82417
24.40579730278949,34.98550712868071,82.545616,1900800.0102996826,-0.03458761,0.0016942825,71.450455
24.282608510179216,35.10869565592019,73.044136,2851200.015449524,-0.066637576,-0.04592125,72.60674
24.268116089179838,35.07971042955572,81.07262,2419199.8635292053,-0.044170905,-0.0070779603,72.02934
24.641304357168043,34.938405387540406,81.3883,7257600.139045715,8.225441e-05,-0.025256438,71.28606
24.608695560661264,35.210145036629335,80.071884,6739199.737358093,-0.01208096,0.010590609,73.220215
24.423912946628306,35.16304383214723,83.815254,5529600.07982254,-0.01722452,-0.0062193964,71.10241
24.57608686867857,35.22463755910878,78.28966,2764800.03991127,-0.019823376,-0.010013113,74.96219
24.782608584568965,35.06521774078783,85.492004,7603200.0411987305,-0.019716438,0.004508827,70.05815
24.17028990870767,35.119565206509655,75.23819,14256000.07724762,0.031213414,-0.02060127,75.52625
24.72463775080654,35.097825908808005,83.506035,2592000.0888347626,-0.01651686,0.00013766438,70.74379
24.442029139218562,35.043478080275,76.86345,16416000.288391113,0.008847982,-0.019106587,73.683945
24.518115930392057,35.170290078269815,76.7112,3023999.9665260315,-0.020341046,-0.002853373,76.0339
24.336956356281394,35.12681217825459,78.56935,13737599.675559998,0.020378204,-0.005992124,74.124535
24.5036234048686,34.94565269942081,84.86278,1814400.0347614288,-0.009163298,-0.0033257492,70.818184
24.340579657513896,35.072464168316,77.031204,4492800.099134445,-0.034466606,-0.018176546,76.094894
24.409420342711783,35.02898555779556,73.23672,4838399.727058411,-0.02137414,-0.0011355523,73.30142
24.576087129988778,34.96376817111452,80.53768,3801600.0205993652,-0.01710714,-0.004112201,73.973015
24.235507135886934,35.09782643790763,86.62735,11491199.7631073,0.022362106,-0.032133102,71.96381
24.3913043591697,35.05434799367564,86.750465,8639999.747657776,0.00827292,0.013834549,72.26185
24.57246390714934,35.13405809180027,82.83649,14515200.27809143,0.019145776,-0.017138047,69.477745
24.503623143558386,34.916666955294566,80.479385,2937599.9909877777,-0.020671614,-0.012152044,74.49177
24.576087129988778,34.96376817111452,80.53768,7430400.090122223,-0.010563474,-0.008795036,72.426926
24.677536062942007,35.07971042955572,84.775665,13824000.4737854,0.018101448,-0.020591604,69.17812
24.782608584568965,35.06521774078783,85.492004,10627199.459266663,0.020016415,-0.029659199,69.450554
24.171296292717127,35.10648163098043,78.049835,345600.00498890877,-0.041256767,-0.018075077,74.07861
24.141304256647267,35.05072417522627,80.839714,8812800.247192383,-0.01897711,-0.010942625,74.04351
24.40579722439643,35.07608730649443,81.130585,10540799.757957458,0.020489162,-0.027405905,72.52807
24.52536253285706,35.05797113185407,79.99595,14428799.479866028,0.018992146,-0.017476203,71.47873
24.52536253285706,35.05797113185407,79.99595,15897599.886703491,0.0110772215,-0.01496668,71.15219
24.655797039477626,35.09782643790763,82.953125,3196799.917602539,-0.017710391,-0.0024636965,71.01443
24.141304256647267,35.05072417522627,80.839714,16070400.386238098,0.011234224,-0.029168664,71.55299
24.286231733018653,35.16304365074164,82.86601,1814400.0347614288,0.002031874,-0.021921875,70.105034
24.373188532413735,34.85507217391305,83.68782,1900800.0102996826,-0.02821083,0.023125837,72.88895
24.293478074173446,35.130434424522214,78.52256,9417600.350189209,0.011749329,-0.0025596637,75.85835
24.85869584610084,35.31159408476158,76.05999,9504000.051498413,0.004126273,0.003831232,75.92117
24.423912946628306,35.13405791039468,84.735344,11577599.464416504,0.018615821,-0.022444064,70.93564
24.43478277193275,35.06521686399416,78.38795,13219200.370788574,0.022545444,0.0012429841,73.92193
24.57608686867857,35.22463755910878,78.28966,11750399.96395111,0.021699106,-0.009690912,74.396164
24.278985653174068,35.159420527680346,80.15937,4060799.9472141266,-0.075594574,-0.029127752,73.32281
24.60144921950647,34.9456523441682,85.40489,17452799.99485016,0.00634557,-0.023520062,69.93398
24.423912946628306,35.13405791039468,84.735344,2678400.0643730164,-0.0315266,0.007838929,70.07364
24.528985389862203,35.079710263267266,73.800804,4579200.074672699,-0.027715992,-0.013249403,74.14903
24.43478251062254,35.050724689208764,81.254395,5011200.226593018,-0.024378795,-0.010913236,72.73618
24.521739153231497,35.18115965909355,80.50853,10022400.453186035,0.010474781,0.00478057,72.712265
24.60144921950647,34.9456523441682,85.40489,3283199.893140793,-0.025507417,0.012867529,71.13264
24.278985653174068,35.159420527680346,80.15937,11923200.463485718,0.01916962,-0.014994705,73.69873
24.55072462237475,35.07608730649443,88.70044,15811200.185394287,0.019913826,-0.0367366,71.108
24.278985574781007,35.18478260074926,85.36457,5529600.07982254,-0.08954902,-0.030379528,72.01823
24.49275373635028,35.04710138474188,79.64641,12095999.866104126,0.017010117,-0.017635258,72.65587
24.275362351941567,35.02173896397893,79.32639,11750399.96395111,0.031987138,-0.03212277,74.30249
24.15942034471344,35.02536261613985,84.04098,3023999.9665260315,-0.018821627,-0.008444717,71.02163
24.55072462237475,35.07608730649443,88.70044,14860800.180244446,0.026676755,-0.03427039,71.17826
24.003623304347823,35.192029209683014,80.788605,11577599.464416504,0.037786722,-0.023378463,73.39774
24.409420342711783,35.02898555779556,73.23672,15033599.582862854,0.011860531,-0.015255587,73.52296
24.49275373635028,35.04710138474188,79.64641,5270399.878978729,-0.028853554,-0.0028905831,74.26356
24.481884276880134,35.21376834109622,79.042,16675200.489234924,0.0085527375,-0.022363415,72.618774
24.3985509616347,35.079710263267266,82.39983,9676799.454116821,0.0114443,-0.023247803,71.8919
24.40579730278949,34.98550712868071,82.545616,4233599.898290634,-0.041445505,-0.006887717,72.18598
24.572463802625258,35.028985391507106,77.31845,1382400.019955635,0.0026927255,0.0028900728,77.31416
24.62318819070881,35.09782625650204,81.14894,13824000.4737854,0.018494682,-0.01051859,70.263435
24.40579722439643,35.07608730649443,81.130585,4752000.025749207,-0.019104201,0.0020252764,72.73639
24.5036234048686,34.94565269942081,84.86278,9935999.654960632,0.02352103,-0.025909053,70.495636
24.340579735906957,35.22101461745307,78.71513,5356800.128746033,-0.02913117,-0.009189563,74.95574
24.57608686867857,35.22463755910878,78.28966,5615999.781131744,-0.016575284,-0.008103536,74.74174
24.068840433535758,35.17753635462667,82.62194,16847999.891853333,0.03656123,-0.035620853,69.8301
24.35507260113369,35.04710138474188,76.478294,17539199.696159363,0.010146435,-0.005709136,73.82388
24.340579657513896,35.072464168316,77.031204,15206400.082397461,0.01439788,-0.013654852,74.49544
24.293478074173446,35.130434424522214,78.52256,10368000.35533905,0.018588448,-0.013811836,75.74703
24.06159400092239,35.235507653915,77.223785,3456000.11844635,-0.085068464,-0.07031515,77.64277
24.35507260113369,35.04710138474188,76.478294,16156800.087547302,0.005677756,-0.008328838,74.20756
24.572463802625258,35.028985391507106,77.31845,15897599.886703491,0.008841783,-0.013571581,73.24484
24.369565205050215,35.10507235145331,81.59638,1814400.0347614288,-0.027021844,-0.017115565,71.30193
24.340579735906957,35.22101461745307,78.71513,10108800.15449524,0.027721249,-0.024991384,75.63507
24.471014503837736,35.137681214861566,84.09494,8985600.19826889,0.0011108965,-0.004985733,71.15009
24.16304339770124,35.14130418675153,77.183464,9504000.051498413,0.033137776,-0.008873267,76.99236
24.15942034471344,35.02536261613985,84.04098,15292799.783706665,0.016432954,-0.034183092,69.78125
24.46739112421217,35.10507235145331,77.031204,17798399.897003174,0.015274869,-0.016655052,73.446106
24.351449221508126,35.36231895652174,77.53338,12873600.46863556,0.05862618,-0.016462537,73.854546
24.43478277193275,35.06521686399416,78.38795,2332799.8879909515,-0.026733544,-0.0123487655,75.64331
24.134057993885538,35.130434787333385,80.741425,1468799.9954938889,-0.081867516,-0.07289138,71.16809
24.782608584568965,35.06521774078783,85.492004,12009600.164794922,0.020453362,-0.03654263,69.523895
24.800724541980035,35.0326085145684,80.91604,17712000.19569397,-0.0081452355,0.0010945536,71.15689
24.43478251062254,35.050724689208764,81.254395,13305600.072097778,0.02523826,-0.022658972,71.07746
24.514492864338745,35.152173737341,77.98083,2764800.03991127,-0.023407537,-0.010452265,75.42595
24.880434869565217,35.11594208344836,73.60822,172800.00249445438,0.009664871,0.00056217983,73.65275
24.471014503837736,35.137681214861566,84.09494,5875199.981975555,-0.02873877,0.0007041022,70.95461
24.572463802625258,35.028985391507106,77.31845,14601599.979400635,0.022958558,-0.005649725,73.66665
24.503623143558386,34.916666955294566,80.479385,10627199.459266663,0.016506452,-0.019452425,72.10033
24.75362311542571,35.148550251468535,82.31272,6652800.036048889,-0.0346292,0.017385606,70.7122
24.409420264318722,35.097825908808005,75.01247,1036799.9806880951,-0.0331602,-0.013212884,74.97844
24.242753659958876,34.931159481553294,83.59315,2851200.015449524,-0.036411468,-0.010260539,72.0497
24.514492864338745,35.152173737341,77.98083,11923200.463485718,0.018208727,-0.026401872,74.62834
24.507246418659868,35.018115659512056,74.98295,0.0,0.017646035,0.013442217,75.5478
24.278985574781007,35.18478260074926,85.36457,518399.99034404755,-0.10158771,-0.030118236,69.76779
24.57608686867857,35.22463755910878,78.28966,10627199.459266663,0.018354459,-0.0113547165,74.69264
24.17028990870767,35.119565206509655,75.23819,5011200.226593018,-0.06453185,-0.040410623,75.50279
24.782608845879178,35.07246365433351,80.82854,16588799.691009521,0.0045548156,-0.00041646324,70.24349
24.264492787947336,35.06521739309379,75.914215,6393599.835205078,-0.02310023,0.009668112,76.131256
24.507246418659868,35.018115659512056,74.98295,518399.99034404755,0.017841868,0.011081595,75.433464
24.507246627708035,35.15217355593542,72.15966,16847999.891853333,0.0044439137,-0.023838101,72.27101
24.49275373635028,34.95652190987481,78.13308,18316800.298690796,-0.0066882297,-0.013533121,71.96662
24.365941903817713,35.11594190204278,77.940506,4233599.898290634,-0.04324681,-0.013815632,75.55157
24.55434784521419,35.039855304907746,78.730316,10454400.056648254,0.025647203,-0.011812793,73.86494
24.619565229179578,35.18478278215484,82.255135,15292799.783706665,0.015724678,-0.024409575,69.50402
24.822463669968496,35.11956556932083,79.471794,2937599.9909877777,-0.020704467,0.019092677,74.36788
24.471014503837736,35.137681214861566,84.09494,8467199.796581268,-0.0041912645,0.0015472043,71.16087
24.365941903817713,35.11594190204278,77.940506,518399.99034404755,-0.024754617,0.0009791721,75.38668
24.271739312019278,35.0833337340226,74.97577,9849599.953651428,0.030062048,-0.018804336,75.827415
24.3913043591697,35.05434799367564,86.750465,12441599.768257141,0.029720608,-0.0101964455,70.92434
24.782608845879178,35.07246365433351,80.82854,12095999.866104126,0.021511748,-0.014277885,70.23037
24.572463802625258,35.028985391507106,77.31845,10108800.15449524,0.019665264,-0.011151513,75.08317
24.06159400092239,35.235507653915,77.223785,8553600.046348572,0.033332117,-0.04073225,77.27997
24.293478074173446,35.130434424522214,78.52256,8035200.193119049,-0.011907559,-0.0065826084,75.95183
24.53985505838052,35.14492730981283,78.72631,2159999.936914444,-0.009860098,-0.0001199469,74.947495
24.24275355543479,35.275361916886446,83.709785,1728000.059223175,-0.06209826,-0.07118132,69.07659
24.17028990870767,35.119565206509655,75.23819,16502399.989700317,0.015698543,-0.03687893,75.119774
24.409420264318722,35.097825908808005,75.01247,2851200.015449524,-0.031913314,-0.013661349,75.341225
24.15942034471344,35.02536261613985,84.04098,13824000.4737854,0.019114982,-0.030812563,69.92938
24.62318819070881,35.09782625650204,81.14894,1900800.0102996826,-0.007982712,0.0025610626,72.87827
24.57608686867857,35.22463755910878,78.28966,12614400.267791748,0.026067756,-0.0066866186,74.12866
24.336956356281394,35.12681217825459,78.56935,8726399.99742508,0.008371171,-0.009604061,75.77579
24.46739112421217,35.10507235145331,77.031204,3456000.11844635,-0.020361941,-0.018173618,76.167625
24.271739312019278,35.0833337340226,74.97577,12355200.066947937,0.030382618,-0.019500555,75.464554
24.423912946628306,35.16304383214723,83.815254,8553600.046348572,0.026763234,-0.016339006,71.502975
24.282608510179216,35.10869565592019,73.044136,10022400.453186035,0.0023078434,-0.01104386,73.00329
24.576087129988778,34.96376817111452,80.53768,3456000.11844635,-0.01570291,-0.0052190293,74.102104
24.5036234048686,34.94565269942081,84.86278,13824000.4737854,0.027015239,-0.04453025,69.88792
24.278985653174068,35.159420527680346,80.15937,5443199.830055237,-0.065644145,-0.026322367,73.94455
24.731884091961334,34.88405773852335,82.62194,7257600.139045715,-0.010574844,0.011508606,69.86827
24.85869584610084,35.31159408476158,76.05999,7689599.742507935,-0.021814968,0.02795831,75.98076
24.586956589458925,35.03623181903528,81.050644,13046399.871253967,0.023391813,-0.009760564,70.61933
24.47463793572534,35.15579704180788,74.131996,13910400.175094604,0.025585957,-0.019466767,74.267006
24.619565229179578,35.18478278215484,82.255135,12009600.164794922,0.020047462,-0.031823754,70.45196
24.2137679164399,35.101449394680465,78.1842,172800.00249445438,0.011511112,-0.029983053,74.15522
24.003623304347823,35.192029209683014,80.788605,7084800.187969208,-0.021556083,0.0046227053,75.054535
24.271739312019278,35.0833337340226,74.97577,17452799.99485016,0.014418302,-0.024052205,74.576004
24.3985509616347,35.079710263267266,82.39983,5184000.177669525,-0.015185699,0.0051191226,71.81866
24.43478277193275,35.06521686399416,78.38795,8380800.095272064,-0.0008990206,0.0016631223,75.20639
24.55434784521419,35.039855304907746,78.730316,6912000.2368927,0.004388269,-0.009198649,74.74478
24.15217408195171,35.09782609021359,90.079155,16588799.691009521,0.020893414,-0.03763195,72.123085
24.655797039477626,35.09782643790763,82.953125,14601599.979400635,0.018489843,-0.022182269,69.114204
24.15217408195171,35.09782609021359,90.079155,10368000.35533905,0.030213144,-0.011502614,72.05151
24.659420157792983,35.13768139626715,82.9603,6047999.933052063,-0.019517723,0.016961372,70.856865
24.75362311542571,35.148550251468535,82.31272,518399.99034404755,-0.031150702,0.02619531,71.9935
24.32608705359737,35.05434782738719,80.59564,3196799.917602539,-0.02843244,-0.020725032,73.39521
24.507246418659868,35.018115659512056,74.98295,11750399.96395111,0.017151617,-0.016070725,74.96453
24.2137679164399,35.101449394680465,78.1842,3715200.0450611115,-0.029207755,-0.036136717,75.2859
24.268116089179838,35.07971042955572,81.07262,16588799.691009521,0.010578468,-0.031562477,71.151375
24.134057993885538,35.130434787333385,80.741425,12700799.969100952,0.035129298,-0.014830587,73.36306
24.32608705359737,35.05434782738719,80.59564,345600.00498890877,-0.031527985,-0.021666707,72.75193
24.3913043591697,35.05434799367564,86.750465,13737599.675559998,0.027682971,-0.01168037,70.437874
24.521739153231497,35.18115965909355,80.50853,16502399.989700317,0.021377636,-0.018441992,71.19891
24.57246390714934,35.13405809180027,82.83649,3974399.971675873,-0.021165032,-0.00888644,70.83253
24.275362351941567,35.02173896397893,79.32639,17193599.794006348,0.0022850446,-0.032045804,71.6822
24.264492787947336,35.06521739309379,75.914215,7603200.0411987305,-0.014204361,0.012628932,76.352455
24.369565205050215,35.10507235145331,81.59638,11664000.262641907,0.023948424,-0.02361167,72.0092
24.619565229179578,35.18478278215484,82.255135,10627199.459266663,0.026286284,-0.029346911,70.88981
24.586956589458925,35.03623181903528,81.050644,2678400.0643730164,-0.0011167228,-0.01626418,73.23341
24.003623304347823,35.192029209683014,80.788605,6307200.133895874,-0.049041886,-0.0070786793,74.98818
24.293478074173446,35.130434424522214,78.52256,9331199.551963806,0.010555925,-0.002006026,75.866844
24.32608705359737,35.05434782738719,80.59564,15983999.588012695,0.016334428,-0.02562304,71.20282
24.286231733018653,35.16304365074164,82.86601,13219200.370788574,0.028765831,-0.019509504,70.678024
24.409420264318722,35.097825908808005,75.01247,15379199.48501587,0.015199721,-0.0076846126,74.65306
24.586956589458925,35.03623181903528,81.050644,3023999.9665260315,-0.0023650452,-0.017170584,73.18422
24.369565205050215,35.10507235145331,81.59638,4147199.9227523804,-0.033694047,-0.011730371,72.22047
24.15217408195171,35.09782609021359,90.079155,2851200.015449524,-0.0062241517,-0.044277318,68.52692
24.40217392316393,35.07246365433351,77.73675,86400.00124722719,0.011388857,0.0032970961,76.10553
24.242753659958876,34.931159481553294,83.59315,777599.9855160713,-0.06487477,0.027654659,71.54396
24.15217408195171,35.09782609021359,90.079155,3542400.093984604,-0.012512293,-0.04574717,68.56977
24.271739312019278,35.0833337340226,74.97577,15638399.68585968,0.021495475,-0.021380233,74.86392
24.57246390714934,35.13405809180027,82.83649,3023999.9665260315,-0.016151011,-0.01048358,70.543274
24.514492864338745,35.152173737341,77.98083,11059200.15964508,0.016177703,-0.025542887,74.91714
24.60144921950647,34.9456523441682,85.40489,9590399.752807617,0.014819056,-0.006325586,70.34121
24.57608686867857,35.22463755910878,78.28966,8553600.046348572,0.00016791746,0.010500241,74.970245
24.3985509616347,35.079710263267266,82.39983,18403200.0,0.019869015,-0.023768203,70.3763
24.282608510179216,35.10869565592019,73.044136,16329599.49016571,0.020358836,-0.031547636,73.10501
24.822463669968496,35.11956556932083,79.471794,7430400.090122223,0.0071430393,0.01972493,72.53265
24.51086948471318,35.141304337922854,75.965324,8380800.095272064,-0.004245285,0.01022712,75.67117
24.677536062942007,35.07971042955572,84.775665,16156800.087547302,0.0047236457,-0.024474798,69.43771
24.731884091961334,34.88405773852335,82.62194,8035200.193119049,-0.011455011,0.0018761903,69.73171
24.5036234048686,34.94565269942081,84.86278,12700799.969100952,0.02847105,-0.04394564,70.056564
24.336956356281394,35.12681217825459,78.56935,16934399.593162537,-0.007848829,0.0029393807,73.062225
24.141304256647267,35.05072417522627,80.839714,5788799.732208252,-0.048361782,-0.0018037353,74.28604
24.85869584610084,35.31159408476158,76.05999,9158400.149345398,0.0022310317,0.010123296,75.99181
24.822463669968496,35.11956556932083,79.471794,1382400.019955635,-0.018066902,0.024200957,75.21398
24.525362323808892,35.01449270273921,80.76379,15897599.886703491,0.011991076,-0.02278849,70.39157
24.518115930392057,35.170290078269815,76.7112,4838399.727058411,-0.020040866,-0.0028017666,75.85607
24.49275373635028,35.04710138474188,79.64641,7430400.090122223,-0.0112775415,0.0014235768,73.84236
24.068840433535758,35.17753635462667,82.62194,15638399.68585968,0.04067516,-0.029861135,70.05728
24.17028990870767,35.119565206509655,75.23819,6480000.084972382,-0.04306947,-0.024180578,75.795105
24.409420342711783,35.02898555779556,73.23672,1296000.0444173813,-0.013068929,-0.0017188061,72.88027
24.619565229179578,35.18478278215484,82.255135,13564800.27294159,0.020279454,-0.027738003,69.835495
24.53985505838052,35.14492730981283,78.72631,5270399.878978729,-0.024089444,0.0015615318,74.59773
24.579710091518006,35.06884069756067,84.24473,15206400.082397461,0.0080117695,-0.017910818,69.21951
24.268116089179838,35.07971042955572,81.07262,16847999.891853333,0.009880975,-0.03197266,71.11429
24.3913043591697,35.05434799367564,86.750465,10540799.757957458,0.023229942,-0.006275786,71.96201
24.481884276880134,35.21376834109622,79.042,3196799.917602539,-0.024550315,-0.012780445,73.78646
24.35507260113369,35.04710138474188,76.478294,12095999.866104126,0.016894717,-0.023127215,75.81497
24.171296292717127,35.10648163098043,78.049835,12355200.066947937,0.027355853,-0.022790408,76.03863
24.32608705359737,35.05434782738719,80.59564,9244799.850654602,0.014864005,-0.035676643,73.69094
24.293478074173446,35.130434424522214,78.52256,4838399.727058411,-0.03982119,-0.023989225,75.339455
24.003623304347823,35.192029209683014,80.788605,1123200.0247836113,-0.0543616,-0.07926582,69.99869
24.619565229179578,35.18478278215484,82.255135,1382400.019955635,-0.00080274045,0.00067243725,70.76872
24.471014503837736,35.137681214861566,84.09494,2073599.9613761902,-0.018731996,-0.006451139,69.60789
24.286231733018653,35.16304365074164,82.86601,17539199.696159363,0.018222228,-0.031770155,70.400276
24.409420185925658,35.126811301460926,78.58091,12355200.066947937,0.023492469,-0.018743077,74.44479
24.507246418659868,35.018115659512056,74.98295,17020800.39138794,0.004642587,-0.017117536,74.04875
24.579710091518006,35.06884069756067,84.24473,11836799.665260315,0.021338286,-0.018286167,70.00276
24.32608705359737,35.05434782738719,80.59564,1209599.9317646027,-0.030799743,-0.023099927,72.98472
24.619565229179578,35.18478278215484,82.255135,16156800.087547302,0.013832051,-0.022657627,69.397125
24.24275355543479,35.275361916886446,83.709785,8985600.19826889,0.034717374,0.012820093,72.33557
24.40579722439643,35.07608730649443,81.130585,5443199.830055237,-0.013618778,-0.0028952844,72.83262
24.32608705359737,35.05434782738719,80.59564,12095999.866104126,0.027236823,-0.0336091,72.5795
24.40579722439643,35.07608730649443,81.130585,15206400.082397461,0.023840096,-0.016180264,70.770454
24.782608845879178,35.07246365433351,80.82854,6566399.786281586,-0.020134997,0.016163569,71.65598
24.731883987437246,34.999999998854186,80.17734,16588799.691009521,-0.006185379,-0.010300675,71.0837
24.57608686867857,35.22463755910878,78.28966,1814400.0347614288,-0.015764799,-0.0025318563,75.056694
24.53985505838052,35.14492730981283,78.72631,9417600.350189209,0.010494767,-0.0059093665,74.42709
24.177536001617764,35.01449252133363,77.3516,17020800.39138794,0.00047038123,-0.029489936,73.5479
24.40217392316393,35.07246365433351,77.73675,6047999.933052063,-0.02562945,-0.007135583,75.931625
24.503623143558386,34.916666955294566,80.479385,6480000.084972382,-0.035019893,-0.012009228,73.34454
24.17028990870767,35.119565206509655,75.23819,14947199.88155365,0.02489163,-0.031499244,75.37626
24.369565205050215,35.10507235145331,81.59638,10972800.458335876,0.022656605,-0.024472991,72.28684
24.677536062942007,35.07971042955572,84.775665,3542400.093984604,-0.015504722,0.000657361,70.43064
24.271739312019278,35.0833337340226,74.97577,12268800.365638733,0.030201957,-0.020719161,75.47856
24.659420157792983,35.13768139626715,82.9603,1814400.0347614288,-0.018056028,0.00665042,70.686386
24.731884091961334,34.88405773852335,82.62194,15551999.984550476,-0.00057355314,0.0006077457,68.96794
24.003623304347823,35.192029209683014,80.788605,18316800.298690796,0.02127601,-0.047949485,72.23854
24.608695560661264,35.210145036629335,80.071884,11059200.15964508,0.01611865,-0.01304266,72.464485
24.608695560661264,35.210145036629335,80.071884,5443199.830055237,-0.028328504,0.0052928813,73.12729
24.608695560661264,35.210145036629335,80.071884,8899199.948501587,0.014194854,0.012352676,73.11334
24.57608686867857,35.22463755910878,78.28966,2159999.936914444,-0.017128434,-0.006705893,75.0232
24.264492787947336,35.06521739309379,75.914215,12527999.469566345,0.030426122,-0.008632338,75.99905
24.40217392316393,35.07246365433351,77.73675,5097599.927902222,-0.027088236,-0.012018574,75.99009
24.2137679164399,35.101449394680465,78.1842,950400.0051498413,0.005793888,-0.033466518,74.41125
24.57608686867857,35.22463755910878,78.28966,11923200.463485718,0.022347054,-0.008871896,74.34409
24.286231733018653,35.16304365074164,82.86601,15465600.283241272,0.023966601,-0.027461989,70.20834
24.33695651306752,35.26449269887389,75.24537,16588799.691009521,0.022438267,-0.02668984,75.307396
24.53985505838052,35.14492730981283,78.72631,5184000.177669525,-0.023948092,0.0015406907,74.60385
24.340579657513896,35.072464168316,77.031204,1728000.059223175,-0.026343133,-0.023513285,76.10837
24.177536001617764,35.01449252133363,77.3516,4233599.898290634,-0.029410984,-0.024775611,76.28509
24.623188347494935,34.98550731008629,86.27349,15811200.185394287,0.024311502,-0.030703912,70.20334
24.340579657513896,35.072464168316,77.031204,7516799.791431427,-0.022290219,-0.0007563755,76.31593
24.47463793572534,35.15579704180788,74.131996,4665599.775981903,-0.019317996,-0.010249963,74.32334
24.35507260113369,35.04710138474188,76.478294,15379199.48501587,0.009194139,0.0022203736,74.50178
24.579710091518006,35.06884069756067,84.24473,172800.00249445438,-0.026557077,0.018058682,70.317696
24.40579722439643,35.07608730649443,81.130585,17539199.696159363,0.013806194,-0.021025138,70.5872
24.340579735906957,35.22101461745307,78.71513,1987199.9858379364,-0.016398113,-0.028040377,73.79896
24.442029139218562,35.043478080275,76.86345,16847999.891853333,0.008953929,-0.020580893,73.52728
24.481884276880134,35.21376834109622,79.042,2073599.9613761902,-0.016628668,-0.010598941,73.84141
24.278985653174068,35.159420527680346,80.15937,10454400.056648254,0.022325011,-0.016276153,74.20144
24.60144921950647,34.9456523441682,85.40489,3110399.9420642853,-0.024412703,0.012933269,71.08858
24.152173912100075,34.942029039701325,85.189964,6739199.737358093,-0.028098885,0.00727582,72.03538
24.60144921950647,34.9456523441682,85.40489,4060799.9472141266,-0.027861144,0.013260543,71.28124
24.286231733018653,35.16304365074164,82.86601,5615999.781131744,0.00031733885,-0.02981049,72.21492
24.518115930392057,35.170290078269815,76.7112,4319999.873828888,-0.019857634,-0.0021364223,75.905525
24.442029139218562,35.043478080275,76.86345,17279999.49531555,0.009355541,-0.02010093,73.39914
24.242753659958876,34.931159481553294,83.59315,14947199.88155365,0.018886907,-0.0171247,69.67395
24.49275373635028,35.04710138474188,79.64641,16070400.386238098,0.0049458854,-0.018477717,71.45917
24.53985505838052,35.14492730981283,78.72631,5097599.927902222,-0.0237909,0.0015278868,74.61064
24.286231733018653,35.16304365074164,82.86601,1123200.0247836113,0.009818874,-0.013196008,69.908356
24.731883987437246,34.999999998854186,80.17734,12009600.164794922,0.01014154,-0.018075192,71.13151
24.2137679164399,35.101449394680465,78.1842,3369599.8686790466,-0.02827831,-0.035888232,75.158554
24.57246390714934,35.13405809180027,82.83649,13132799.572563171,0.02035446,-0.023215031,69.94353
24.518115930392057,35.170290078269815,76.7112,8294399.845504761,0.0037155896,-0.016046146,75.86191
24.608695560661264,35.210145036629335,80.071884,12095999.866104126,0.016255666,-0.01137205,72.18314
24.47463793572534,35.15579704180788,74.131996,17712000.19569397,0.011778761,-0.03256724,73.909935
24.3913043591697,35.05434799367564,86.750465,17193599.794006348,0.0010450073,-0.019067971,70.46495
24.46739112421217,35.10507235145331,77.031204,16243199.788856506,0.013828175,-0.022584839,73.972466
24.003623304347823,35.192029209683014,80.788605,13737599.675559998,0.042815514,-0.024771398,73.15466
24.409420185925658,35.126811301460926,78.58091,17884799.598312378,0.019058201,-0.022722559,72.77577
24.409420185925658,35.126811301460926,78.58091,10540799.757957458,0.022938924,-0.01098275,75.01021
24.177536001617764,35.01449252133363,77.3516,9504000.051498413,0.016362276,-0.031136556,76.85076
24.800724541980035,35.0326085145684,80.91604,14860800.180244446,0.01594824,0.009476837,69.9381
24.579710091518006,35.06884069756067,84.24473,8467199.796581268,0.006672334,0.006934408,70.62234
24.442029139218562,35.043478080275,76.86345,11404800.061798096,0.015613742,-0.02397669,75.517845
24.177536001617764,35.01449252133363,77.3516,6566399.786281586,-0.017683368,-0.025377383,77.12758
24.409420264318722,35.097825908808005,75.01247,11145599.860954285,0.019616935,-0.017991541,75.28977
24.35507260113369,35.04710138474188,76.478294,17625600.494384766,0.009838302,-0.0053907614,73.80452
24.800724541980035,35.0326085145684,80.91604,12527999.469566345,0.024837773,0.010509724,70.07177
24.369565205050215,35.10507235145331,81.59638,10713600.257492065,0.021974592,-0.024338001,72.38074
24.358695745580064,35.14492749121842,79.46463,14947199.88155365,0.013021417,-0.012801046,72.798035
24.278985653174068,35.159420527680346,80.15937,15897599.886703491,0.0024767965,-0.020654725,72.134964
24.336956356281394,35.12681217825459,78.56935,1468799.9954938889,-0.033171605,-0.015209651,74.476135
24.271739312019278,35.0833337340226,74.97577,6825599.987125397,-0.024444286,-0.01607349,75.428535
24.880434869565217,35.11594208344836,73.60822,5097599.927902222,-0.030026812,0.025800306,73.48359
24.60144921950647,34.9456523441682,85.40489,17971200.39653778,0.0005896315,-0.01643751,70.092636
24.268116089179838,35.07971042955572,81.07262,12268800.365638733,0.021390466,-0.029343838,72.480835
24.53985505838052,35.14492730981283,78.72631,8294399.845504761,-0.003993109,0.007536255,74.61032
24.51086948471318,35.141304337922854,75.965324,6566399.786281586,-0.009051647,0.0136193335,75.682106
24.3985509616347,35.079710263267266,82.39983,12182399.56741333,0.024140881,-0.026495786,71.20385
24.06159400092239,35.235507653915,77.223785,4233599.898290634,-0.07084212,-0.059165277,77.67926
24.43478277193275,35.06521686399416,78.38795,15206400.082397461,0.016439805,-0.0013375953,73.19985
24.576087129988778,34.96376817111452,80.53768,15811200.185394287,0.016684504,-0.019242773,70.17031
24.177536001617764,35.01449252133363,77.3516,15465600.283241272,0.01592503,-0.028461518,74.357216
24.369565205050215,35.10507235145331,81.59638,17193599.794006348,0.010440996,-0.029905347,70.5375
24.423912946628306,35.16304383214723,83.815254,16243199.788856506,0.014291469,-0.025823796,69.2992
24.880434869565217,35.11594208344836,73.60822,15551999.984550476,0.019868778,-0.017482592,73.612625
24.340579657513896,35.072464168316,77.031204,2419199.8635292053,-0.031695534,-0.02308374,76.10256
24.655797039477626,35.09782643790763,82.953125,10281599.557113647,0.015312938,-0.023030711,70.29168
24.677536062942007,35.07971042955572,84.775665,9849599.953651428,0.022185566,-0.023266641,70.04686
24.340579735906957,35.22101461745307,78.71513,17366400.293540955,0.012993414,-0.03230828,73.379074
24.242753659958876,34.931159481553294,83.59315,8899199.948501587,0.019450856,0.011427373,70.7142
24.528985389862203,35.079710263267266,73.800804,1987199.9858379364,-0.019954968,-0.015563237,74.13421
24.53985505838052,35.14492730981283,78.72631,7343999.840354919,-0.017240271,0.003959419,74.6554
24.586956589458925,35.03623181903528,81.050644,9849599.953651428,0.012838382,0.0012256484,71.546425
24.2137679164399,35.101449394680465,78.1842,13132799.572563171,0.027173776,-0.026703103,75.255745
24.85869584610084,35.31159408476158,76.05999,8467199.796581268,-0.006126974,0.020139445,76.029106
24.336956356281394,35.12681217825459,78.56935,1296000.0444173813,-0.032710973,-0.014584599,74.47525
24.3985509616347,35.079710263267266,82.39983,6912000.2368927,0.008518159,-0.0070236605,71.997444
24.507246418659868,35.018115659512056,74.98295,11923200.463485718,0.018378878,-0.014192661,74.9339
24.49275373635028,34.95652190987481,78.13308,6047999.933052063,-0.026137222,0.008275993,75.85589
24.572463802625258,35.028985391507106,77.31845,17107200.092697144,0.00066734105,-0.012247613,73.016266
24.152173912100075,34.942029039701325,85.189964,13737599.675559998,0.028136212,-0.016395086,69.06929
24.16304339770124,35.14130418675153,77.183464,7862400.2420425415,0.014671624,-0.017981095,76.95232
24.134057993885538,35.130434787333385,80.741425,12441599.768257141,0.03427998,-0.017011626,73.46267
24.72463775080654,35.097825908808005,83.506035,2419199.8635292053,-0.015035849,0.00064814836,70.75592
24.528985389862203,35.079710263267266,73.800804,10713600.257492065,0.023444239,-0.014246846,73.84205
24.43478251062254,35.050724689208764,81.254395,4924799.976825714,-0.024302948,-0.010685967,72.735
24.521739153231497,35.18115965909355,80.50853,15551999.984550476,0.021437224,-0.016961405,71.27829
24.271739312019278,35.0833337340226,74.97577,10281599.557113647,0.030029519,-0.024319643,75.79421
24.40217392316393,35.07246365433351,77.73675,1987199.9858379364,-0.014197264,-0.012584655,75.9547
24.202898613755877,35.17753635462667,82.22561,3110399.9420642853,-0.0672535,-0.050239526,71.20371
24.423912946628306,35.13405791039468,84.735344,16588799.691009521,0.0074439496,-0.02428778,69.43689
24.06159400092239,35.235507653915,77.223785,4579200.074672699,-0.06321278,-0.053588018,77.63286
24.5036234048686,34.94565269942081,84.86278,1468799.9954938889,-0.0029617548,0.003145637,70.70001
24.677536062942007,35.07971042955572,84.775665,5443199.830055237,-0.003977474,-0.003934061,70.5669
24.141304256647267,35.05072417522627,80.839714,8035200.193119049,-0.03111932,-0.0015184395,74.181694
24.576087129988778,34.96376817111452,80.53768,14860800.180244446,0.02607051,-0.0153779965,70.391136
24.06159400092239,35.235507653915,77.223785,8726399.99742508,0.035481863,-0.039211035,77.3472
24.576087129988778,34.96376817111452,80.53768,4924799.976825714,-0.021527726,-0.0032491423,73.47463
24.33695651306752,35.26449269887389,75.24537,10713600.257492065,0.037156183,-0.04120042,75.41952
24.286231733018653,35.16304365074164,82.86601,13305600.072097778,0.028871033,-0.01952598,70.64918
24.134057993885538,35.130434787333385,80.741425,6652800.036048889,-0.05325194,-0.0018026829,74.72759
24.55434784521419,35.039855304907746,78.730316,5356800.128746033,-0.017991003,-0.0100032035,75.16553
24.528985389862203,35.079710263267266,73.800804,4752000.025749207,-0.026873175,-0.013564048,74.13403
24.264492787947336,35.06521739309379,75.914215,6134400.182819366,-0.024611015,0.007532779,76.08048
24.068840433535758,35.050724689208764,75.1399,4492800.099134445,-0.03807156,-0.026773727,75.03366
24.62318819070881,35.09782625650204,81.14894,3542400.093984604,-0.020624973,0.00044260733,72.67568
24.49275373635028,35.04710138474188,79.64641,1728000.059223175,-0.004512638,0.0046696104,74.81623
24.471014503837736,35.137681214861566,84.09494,9071999.899578094,0.0018768422,-0.0061590467,71.1478
24.35507260113369,35.04710138474188,76.478294,17798399.897003174,0.008683808,-0.00513055,73.76726
24.17028990870767,35.119565206509655,75.23819,10540799.757957458,0.036796078,-0.0103094075,76.28618
24.518115930392057,35.170290078269815,76.7112,9158400.149345398,0.015985044,-0.014923098,75.8908
24.242753659958876,34.931159481553294,83.59315,7430400.090122223,0.014693083,0.01907526,71.35368
24.293478074173446,35.130434424522214,78.52256,7516799.791431427,-0.018352404,-0.012630301,75.92926
24.409420264318722,35.097825908808005,75.01247,16588799.691009521,0.009863839,-0.012502627,74.499466
24.514492864338745,35.152173737341,77.98083,11664000.262641907,0.017055301,-0.026760096,74.71666
24.068840433535758,35.050724689208764,75.1399,12441599.768257141,0.028303076,-0.03234765,75.82192
24.409420342711783,35.02898555779556,73.23672,4752000.025749207,-0.020626433,-0.0013977382,73.30827
24.336956356281394,35.12681217825459,78.56935,8899199.948501587,0.010840779,-0.0109573025,75.76284
24.40217392316393,35.07246365433351,77.73675,12873600.46863556,0.023553398,-0.009818075,74.83402
24.24275355543479,35.275361916886446,83.709785,9676799.454116821,0.040475316,0.006917404,72.313
24.336956356281394,35.12681217825459,78.56935,5788799.732208252,-0.03154787,-0.0017814543,75.40092
24.40579722439643,35.07608730649443,81.130585,15638399.68585968,0.021291468,-0.018550096,70.70689
24.5036234048686,34.94565269942081,84.86278,10195199.855804443,0.023816565,-0.029794427,70.491295
24.53985505838052,35.14492730981283,78.72631,11923200.463485718,0.019239686,-0.02107442,73.69109
24.340579735906957,35.22101461745307,78.71513,14601599.979400635,0.031208564,-0.016699674,73.774826
24.579710091518006,35.06884069756067,84.24473,10540799.757957458,0.018236285,-0.017245026,70.265915
24.141304256647267,35.05072417522627,80.839714,17452799.99485016,9.7658485e-05,-0.027197504,71.355446
24.782608845879178,35.07246365433351,80.82854,12268800.365638733,0.021292683,-0.013671944,70.174484
24.51086948471318,35.141304337922854,75.965324,3715200.0450611115,-0.019536909,-0.010940483,76.08957
24.46739112421217,35.10507235145331,77.031204,9590399.752807617,0.014953531,-0.0015634671,75.807144
24.152173912100075,34.942029039701325,85.189964,7775999.992275238,-0.019224543,0.014995383,71.56099
24.16304339770124,35.14130418675153,77.183464,11491199.7631073,0.036645185,-0.021497129,76.73887
24.641304357168043,34.938405387540406,81.3883,6480000.084972382,-0.00062636286,-0.023997517,71.6469
24.202898613755877,35.17753635462667,82.22561,17884799.598312378,0.015203005,-0.033051692,71.18137
24.51086948471318,35.141304337922854,75.965324,14515200.27809143,0.022232208,-0.017136635,74.939896
24.275362351941567,35.02173896397893,79.32639,6134400.182819366,-0.044639256,-0.024826357,75.41719
24.782608845879178,35.07246365433351,80.82854,10022400.453186035,0.018336117,-0.0097917225,70.9588
24.358695745580064,35.14492749121842,79.46463,10886399.660110474,0.019992135,-0.015878892,74.48147
24.24275355543479,35.275361916886446,83.709785,3801600.0205993652,-0.06258348,-0.0681821,70.18721
24.75362311542571,35.148550251468535,82.31272,16847999.891853333,0.0005343333,-0.008872187,69.436386
24.340579735906957,35.22101461745307,78.71513,11664000.262641907,0.030105583,-0.026430236,74.94534
24.49275373635028,34.95652190987481,78.13308,864000.0296115875,-0.010464415,0.020538043,77.87683
24.336956356281394,35.12681217825459,78.56935,16156800.087547302,-0.0040729567,-0.0014650375,73.245
24.16304339770124,35.14130418675153,77.183464,12441599.768257141,0.03854807,-0.018186329,76.58102
24.235507135886934,35.09782643790763,86.62735,16329599.49016571,0.017827261,-0.033807002,70.16063
24.55434784521419,35.039855304907746,78.730316,16675200.489234924,0.0056977905,-0.018104063,71.87871
24.782608845879178,35.07246365433351,80.82854,8812800.247192383,0.0060284063,0.0046810266,71.20009
24.068840433535758,35.17753635462667,82.62194,8985600.19826889,0.029472858,-0.037916116,73.16548
24.576087129988778,34.96376817111452,80.53768,9849599.953651428,0.021736654,-0.018921236,71.79848
24.731883987437246,34.999999998854186,80.17734,17020800.39138794,-0.0015938431,-0.010652667,71.26172
24.43478277193275,35.06521686399416,78.38795,6480000.084972382,-0.025460344,-0.0007817149,75.41268
24.677536062942007,35.07971042955572,84.775665,5529600.07982254,-0.0025622211,-0.0036540944,70.56029
24.278985653174068,35.159420527680346,80.15937,13046399.871253967,0.019703891,-0.01247553,73.17689
24.17028990870767,35.119565206509655,75.23819,0.0,-0.063559905,-0.054931805,74.29614
24.264492787947336,35.06521739309379,75.914215,5702400.030899048,-0.03242639,0.0004588142,75.99885
24.152173912100075,34.942029039701325,85.189964,5443199.830055237,-0.03024711,-0.006241834,71.98609
24.608695560661264,35.210145036629335,80.071884,12960000.169944763,0.01967115,-0.0058341417,71.93141
24.75362311542571,35.148550251468535,82.31272,6480000.084972382,-0.035409916,0.016930081,70.72008
24.336956356281394,35.12681217825459,78.56935,11145599.860954285,0.020687312,-0.02388361,75.25225
24.351449221508126,35.36231895652174,77.53338,3974399.971675873,-0.07218419,-0.067573465,76.23254
24.481884276880134,35.21376834109622,79.042,5097599.927902222,-0.026707087,-0.0068992767,74.05276
24.409420185925658,35.126811301460926,78.58091,2505600.113296509,-0.026712287,-0.015284704,74.8128
24.003623304347823,35.192029209683014,80.788605,18057600.097846985,0.02319062,-0.047416963,72.297165
24.507246418659868,35.018115659512056,74.98295,15033599.582862854,0.024441434,-0.011070503,74.42741
24.507246627708035,35.15217355593542,72.15966,16156800.087547302,-0.001708366,-0.02631011,72.250114
24.268116089179838,35.07971042955572,81.07262,12182399.56741333,0.020965401,-0.029643996,72.5168
24.351449221508126,35.36231895652174,77.53338,4752000.025749207,-0.05453365,-0.04964844,76.74552
24.340579657513896,35.072464168316,77.031204,12787199.670410156,0.025578795,-0.010456769,75.58524
24.141304256647267,35.05072417522627,80.839714,6220799.884128571,-0.04685613,0.0020648502,74.373314
24.49275373635028,35.04710138474188,79.64641,15033599.582862854,0.011191288,-0.016378803,71.71485
24.528985389862203,35.079710263267266,73.800804,1036799.9806880951,-0.007982932,-0.014412718,74.01343
24.3913043591697,35.05434799367564,86.750465,2419199.8635292053,-0.04939009,-0.03577616,71.21505
24.271739312019278,35.0833337340226,74.97577,2937599.9909877777,-0.042382862,-0.017932745,74.90611
24.336956356281394,35.12681217825459,78.56935,18143999.79915619,-0.008593835,0.0059610587,72.898026
24.62318819070881,35.09782625650204,81.14894,15897599.886703491,0.011178348,-0.018051201,69.89209
24.782608584568965,35.06521774078783,85.492004,4924799.976825714,-0.021154653,0.011417917,70.4906
24.336956356281394,35.12681217825459,78.56935,10195199.855804443,0.02176713,-0.020248951,75.52511
24.521739153231497,35.18115965909355,80.50853,7516799.791431427,0.012839325,-0.012336189,73.159134
24.57608686867857,35.22463755910878,78.28966,13996799.876403809,0.030725304,-0.008051464,73.74161
24.55434784521419,35.039855304907746,78.730316,16502399.989700317,0.006292399,-0.018566193,71.89812
24.579710091518006,35.06884069756067,84.24473,17712000.19569397,-0.013791222,0.003190631,69.87255
24.85869584610084,35.31159408476158,76.05999,15206400.082397461,0.031972375,-0.023757903,69.78518
24.626811465810288,35.05797113185407,83.9315,10108800.15449524,0.015003059,-0.012060748,70.03075
24.782608845879178,35.07246365433351,80.82854,7343999.840354919,-0.01578505,0.017468661,71.45049
24.471014503837736,35.137681214861566,84.09494,18230399.500465393,-0.012422267,-0.011635056,69.677704
24.278985574781007,35.18478260074926,85.36457,5875199.981975555,-0.083285004,-0.029659579,72.11669
24.373188532413735,34.85507217391305,83.68782,5270399.878978729,-0.029019188,-0.015329687,72.81965
24.626811465810288,35.05797113185407,83.9315,6825599.987125397,-0.02221584,0.013800371,70.58656
24.608695560661264,35.210145036629335,80.071884,13564800.27294159,0.020588597,-0.006536389,71.75272
24.242753659958876,34.931159481553294,83.59315,3715200.0450611115,-0.037339058,-0.013809437,72.201256
24.51086948471318,35.141304337922854,75.965324,6134400.182819366,-0.0102369785,0.010285471,75.71968
24.43478251062254,35.050724689208764,81.254395,18403200.0,0.0010831021,-0.014417706,70.593575
24.202898613755877,35.17753635462667,82.22561,11836799.665260315,0.031095367,-0.022705516,71.89127
24.358695745580064,35.14492749121842,79.46463,3369599.8686790466,-0.038893502,-0.008083137,73.904594
24.641304357168043,34.938405387540406,81.3883,10454400.056648254,0.017040394,-0.026994294,70.37651
24.373188532413735,34.85507217391305,83.68782,3628800.0695228577,-0.034458946,0.0061432086,73.26591
24.623188347494935,34.98550731008629,86.27349,13132799.572563171,0.033819962,-0.027815064,70.07579
24.40217392316393,35.07246365433351,77.73675,4492800.099134445,-0.026468534,-0.013531348,75.996376
24.373188532413735,34.85507217391305,83.68782,9158400.149345398,-0.017755587,-0.02254255,70.8163
24.3913043591697,35.05434799367564,86.750465,432000.01480579376,-0.052992206,-0.034988143,70.800644
24.57246390714934,35.13405809180027,82.83649,11231999.562263489,0.015987244,-0.02273144,70.628494
24.340579735906957,35.22101461745307,78.71513,11836799.665260315,0.030578356,-0.025768945,74.86109
24.423912946628306,35.16304383214723,83.815254,17107200.092697144,0.015118128,-0.026214855,69.292244
24.57608686867857,35.22463755910878,78.28966,13910400.175094604,0.030894518,-0.007814078,73.760254
24.72463775080654,35.097825908808005,83.506035,7603200.0411987305,-0.014497556,-0.0017497353,70.18187
24.528985389862203,35.079710263267266,73.800804,8553600.046348572,-0.0033007897,-0.008079765,73.95533
24.351449221508126,35.36231895652174,77.53338,17107200.092697144,0.032496024,-0.025294157,74.122536
24.51086948471318,35.141304337922854,75.965324,4233599.898290634,-0.017266314,-0.008750545,75.99301
24.275362351941567,35.02173896397893,79.32639,10281599.557113647,0.02852505,-0.028736705,74.796005
24.514492864338745,35.152173737341,77.98083,8726399.99742508,0.013634451,-0.004496189,75.26132
24.47463793572534,35.15579704180788,74.131996,1814400.0347614288,0.002371449,-0.0090812165,74.18022
24.641304357168043,34.938405387540406,81.3883,8467199.796581268,0.0034293532,-0.027636817,70.7654
24.365941903817713,35.11594190204278,77.940506,5875199.981975555,-0.046618376,-0.016432824,75.74229
24.423912946628306,35.16304383214723,83.815254,10022400.453186035,0.026131574,-0.020406602,71.35304
24.373188349496587,35.09782609021359,73.044136,15292799.783706665,0.019153938,-0.025393715,73.17537
24.15217408195171,35.09782609021359,90.079155,10886399.660110474,0.027452778,-0.017095564,72.14013
24.60144921950647,34.9456523441682,85.40489,3456000.11844635,-0.026317429,0.012830611,71.17256
24.336956356281394,35.12681217825459,78.56935,13305600.072097778,0.021442488,-0.008856745,74.33602
24.49275373635028,35.04710138474188,79.64641,2246400.0495672226,-0.013412844,0.00021852553,74.79439
24.880434869565217,35.11594208344836,73.60822,15983999.588012695,0.019234857,-0.01602283,73.63855
24.40579722439643,35.07608730649443,81.130585,14687999.680709839,0.02653068,-0.014459601,70.86979
24.677536062942007,35.07971042955572,84.775665,345600.00498890877,0.0091823675,0.010035066,70.364914
24.49275373635028,35.04710138474188,79.64641,9676799.454116821,0.014204714,0.0038868133,73.416626
24.43478251062254,35.050724689208764,81.254395,12441599.768257141,0.023584351,-0.026470674,71.4583
24.409420264318722,35.137681214861566,85.684586,691200.0099778175,-0.044375878,0.00540179,70.03474
24.33695651306752,35.26449269887389,75.24537,16934399.593162537,0.021155678,-0.02539142,75.272
24.731883987437246,34.999999998854186,80.17734,13651199.974250793,0.018050646,-0.008078037,70.908676
24.507246627708035,35.15217355593542,72.15966,9417600.350189209,0.020326516,0.0009100195,71.71968
24.57246390714934,35.13405809180027,82.83649,8553600.046348572,0.0040550753,-0.00061255693,71.14931
24.134057993885538,35.130434787333385,80.741425,4752000.025749207,-0.09386562,-0.025477422,73.87136
24.822463669968496,35.11956556932083,79.471794,7084800.187969208,0.006754905,0.021091936,72.58077
24.659420157792983,35.13768139626715,82.9603,13478399.474716187,0.022890577,-0.018353397,69.41095
24.49275373635028,35.04710138474188,79.64641,17452799.99485016,-0.0017537326,-0.010085722,71.42039
24.06159400092239,35.235507653915,77.223785,1382400.019955635,-0.09684843,-0.055662975,76.00462
24.003623304347823,35.192029209683014,80.788605,17971200.39653778,0.023785556,-0.047184803,72.31582
24.55434784521419,35.039855304907746,78.730316,7948799.943351746,0.022004077,-0.0039354246,74.49632
24.57246390714934,35.13405809180027,82.83649,691200.0099778175,-0.007117927,0.0014832597,70.3881
24.43478277193275,35.06521686399416,78.38795,10886399.660110474,0.02513885,-0.01213306,74.6439
24.202898613755877,35.17753635462667,82.22561,13651199.974250793,0.03458602,-0.017910866,71.23676
24.15217408195171,35.09782609021359,90.079155,14687999.680709839,0.029563505,-0.026157504,72.85629
24.728260869121893,35.15579704180788,79.23173,5011200.226593018,-0.026425492,0.0065991227,73.8879
24.35507260113369,35.04710138474188,76.478294,8467199.796581268,0.004235897,-0.004595237,76.31605
24.282608510179216,35.10869565592019,73.044136,13132799.572563171,0.035871655,-0.011691211,73.12372
24.275362351941567,35.02173896397893,79.32639,0.0,-0.064012036,-0.019429384,74.3207
24.409420264318722,35.097825908808005,75.01247,1209599.9317646027,-0.033267666,-0.013964137,74.99079
24.677536062942007,35.07971042955572,84.775665,2851200.015449524,-0.015409987,0.0022847708,70.35618
24.336956356281394,35.12681217825459,78.56935,15983999.588012695,-0.002515301,-0.0022211447,73.29026
24.608695560661264,35.210145036629335,80.071884,4492800.099134445,-0.0331459,0.00023438595,73.04774
24.481884276880134,35.21376834109622,79.042,8121599.894428253,9.070709e-05,0.016920477,74.75325
24.3985509616347,35.079710263267266,82.39983,13737599.675559998,0.028971951,-0.01956672,70.46356
24.40579722439643,35.07608730649443,81.130585,17366400.293540955,0.014709478,-0.021203863,70.572266
24.579710091518006,35.06884069756067,84.24473,13132799.572563171,0.023172796,-0.018975059,69.60657
24.17028990870767,35.119565206509655,75.23819,17625600.494384766,0.010914873,-0.031086532,75.07825
24.728260869121893,35.15579704180788,79.23173,17020800.39138794,0.021208752,-0.024357738,71.47054
24.731884091961334,34.88405773852335,82.62194,12614400.267791748,0.022994945,-0.016050784,69.18888
24.619565229179578,35.18478278215484,82.255135,17452799.99485016,0.0093879625,-0.022902561,69.39938
24.358695745580064,35.14492749121842,79.46463,8380800.095272064,0.004037291,0.012802945,74.868385
24.351449221508126,35.36231895652174,77.53338,5011200.226593018,-0.046863344,-0.043983407,76.87917
24.3913043591697,35.05434799367564,86.750465,15897599.886703491,0.013366671,-0.024386136,70.33385
24.572463802625258,35.028985391507106,77.31845,10886399.660110474,0.019080503,-0.01798051,74.93113
24.293478074173446,35.130434424522214,78.52256,2764800.03991127,-0.043482337,-0.03211671,74.58966
24.068840433535758,35.050724689208764,75.1399,8467199.796581268,-0.020903494,-0.031676903,75.40071
24.5036234048686,34.94565269942081,84.86278,2419199.8635292053,-0.016939107,-0.014178665,71.069374
24.43478251062254,35.050724689208764,81.254395,9158400.149345398,0.009338863,-0.0034062415,72.407616
24.49275373635028,35.04710138474188,79.64641,7343999.840354919,-0.012246519,0.0010798294,73.86476
24.72463775080654,35.097825908808005,83.506035,14687999.680709839,0.018783772,-0.023861865,68.87131
24.514492864338745,35.152173737341,77.98083,5702400.030899048,-0.02198409,-0.010355549,75.18731
24.06159400092239,35.235507653915,77.223785,10713600.257492065,0.050916016,-0.054751515,77.3162
24.171296292717127,35.10648163098043,78.049835,7689599.742507935,-0.008590009,-0.019060923,76.65094
24.35507260113369,35.04710138474188,76.478294,7948799.943351746,-0.004199777,-0.010054378,76.289825
24.33695651306752,35.26449269887389,75.24537,7775999.992275238,0.0133276675,-0.03814406,75.43179
24.336956356281394,35.12681217825459,78.56935,17625600.494384766,-0.008076161,0.0057482235,72.94605
24.641304357168043,34.938405387540406,81.3883,8294399.845504761,0.0021257885,-0.027477385,70.830635
24.340579657513896,35.072464168316,77.031204,9935999.654960632,0.014014859,-0.007993175,76.25554
24.659420157792983,35.13768139626715,82.9603,15120000.381088257,0.022870991,-0.018154545,69.017685
24.134057993885538,35.130434787333385,80.741425,14428799.479866028,0.029096812,-0.014338361,72.48833
24.40217392316393,35.07246365433351,77.73675,7516799.791431427,-0.014044326,0.005532261,75.844635
24.800724541980035,35.0326085145684,80.91604,2419199.8635292053,-0.011578508,-0.017172547,73.82841
24.47463793572534,35.15579704180788,74.131996,9071999.899578094,0.011032727,-0.009354243,74.06723
24.235507135886934,35.09782643790763,86.62735,12527999.469566345,0.024616798,-0.03217669,71.33676
24.60144921950647,34.9456523441682,85.40489,2592000.0888347626,-0.018628567,0.012847903,70.933075
24.481884276880134,35.21376834109622,79.042,2246400.0495672226,-0.018673506,-0.011411363,73.834206
24.171296292717127,35.10648163098043,78.049835,3110399.9420642853,-0.047795426,-0.024790684,75.1392
24.134057993885538,35.130434787333385,80.741425,5788799.732208252,-0.077112645,-0.012481136,74.53929
24.15942034471344,35.02536261613985,84.04098,18143999.79915619,0.010362055,-0.042138696,70.0838
24.271739312019278,35.0833337340226,74.97577,9071999.899578094,0.0245464,-0.0115089845,75.79728
24.514492864338745,35.152173737341,77.98083,15292799.783706665,0.018994953,-0.01887195,73.56323
24.271739312019278,35.0833337340226,74.97577,15465600.283241272,0.023209842,-0.018489802,74.89659
24.068840433535758,35.050724689208764,75.1399,6825599.987125397,-0.016329668,-0.034972474,75.41971
24.177536001617764,35.01449252133363,77.3516,9849599.953651428,0.018558536,-0.033586726,76.76473
24.43478251062254,35.050724689208764,81.254395,8380800.095272064,-0.0016438477,0.00249804,72.46143
24.409420342711783,35.02898555779556,73.23672,18316800.298690796,-0.0063570254,-0.011718476,73.61736
24.442029139218562,35.043478080275,76.86345,6480000.084972382,-0.012128115,-0.013604755,76.166595
24.75362311542571,35.148550251468535,82.31272,12095999.866104126,0.011870073,-0.028002853,69.813515
24.52536253285706,35.05797113185407,79.99595,2937599.9909877777,-0.01890872,-0.0096188765,74.239944
24.503623143558386,34.916666955294566,80.479385,7343999.840354919,-0.035814445,-0.0039310455,72.99054
24.33695651306752,35.26449269887389,75.24537,13478399.474716187,0.03762117,-0.020098658,75.03425
24.655797039477626,35.09782643790763,82.953125,17971200.39653778,0.0012076087,-0.020225188,69.64834
24.282608510179216,35.10869565592019,73.044136,10799999.95880127,0.019391946,-0.015509805,73.085396
24.619565229179578,35.18478278215484,82.255135,17712000.19569397,0.007902622,-0.022308527,69.42787
24.55072462237475,35.07608730649443,88.70044,12873600.46863556,0.040176433,-0.025871886,71.46483
24.514492864338745,35.152173737341,77.98083,1036799.9806880951,-0.012767836,0.0006270427,75.77648
24.409420264318722,35.097825908808005,75.01247,5184000.177669525,-0.026162554,-0.003972778,75.50957
24.141304256647267,35.05072417522627,80.839714,3542400.093984604,-0.05439766,-0.020303333,73.10671
24.677536062942007,35.07971042955572,84.775665,11318400.360488892,0.017952941,-0.02896694,69.76485
24.358695745580064,35.14492749121842,79.46463,14515200.27809143,0.016043019,-0.011488365,72.93336
24.369565205050215,35.10507235145331,81.59638,16675200.489234924,0.010092732,-0.028929261,70.55172
24.46739112421217,35.10507235145331,77.031204,950400.0051498413,0.013658585,-0.002762476,76.44501
24.43478277193275,35.06521686399416,78.38795,6912000.2368927,-0.021196116,0.0024277642,75.33455
24.55434784521419,35.039855304907746,78.730316,9331199.551963806,0.025996398,-0.0037522092,74.21954
24.365941903817713,35.11594190204278,77.940506,2851200.015449524,-0.0405594,-0.012638209,75.33682
24.409420264318722,35.137681214861566,85.684586,11664000.262641907,0.022670839,-0.016416712,71.14348
24.242753659958876,34.931159481553294,83.59315,2678400.0643730164,-0.03666001,-0.008997677,72.01193
24.53985505838052,35.14492730981283,78.72631,7171199.889278412,-0.018746693,0.0029377993,74.64551
24.731884091961334,34.88405773852335,82.62194,13564800.27294159,0.023284722,-0.009525837,69.081215
24.514492864338745,35.152173737341,77.98083,9676799.454116821,0.018641436,-0.01638521,75.21557
24.365941903817713,35.11594190204278,77.940506,5443199.830055237,-0.04658815,-0.017016007,75.70699
24.35507260113369,35.04710138474188,76.478294,8553600.046348572,0.0060608126,-0.003517367,76.31877
24.576087129988778,34.96376817111452,80.53768,4233599.898290634,-0.018754117,-0.0034868866,73.79261
24.608695560661264,35.210145036629335,80.071884,16502399.989700317,0.01737146,-0.01496934,71.38825
24.3913043591697,35.05434799367564,86.750465,10195199.855804443,0.021232368,-0.0030323137,72.1081
24.72463775080654,35.097825908808005,83.506035,16761600.190544128,0.008769739,-0.022920867,69.379295
24.525362323808892,35.01449270273921,80.76379,13910400.175094604,0.025611773,-0.019753585,70.76603
24.365941903817713,35.11594190204278,77.940506,2592000.0888347626,-0.038760614,-0.0126761105,75.31731
24.409420185925658,35.126811301460926,78.58091,8553600.046348572,0.013265315,-0.009215156,75.43726
24.40579730278949,34.98550712868071,82.545616,5356800.128746033,-0.04368418,-0.0069730747,72.146454
24.293478074173446,35.130434424522214,78.52256,777599.9855160713,-0.037350167,-0.03342451,74.328
24.134057993885538,35.130434787333385,80.741425,13564800.27294159,0.034762997,-0.010172455,72.95887
24.626811465810288,35.05797113185407,83.9315,6134400.182819366,-0.024995368,0.012714021,70.602844
24.659420157792983,35.13768139626715,82.9603,3628800.0695228577,-0.02152538,0.009750191,70.78674
24.40217392316393,35.07246365433351,77.73675,3456000.11844635,-0.025263611,-0.015831789,75.96936
24.134057993885538,35.130434787333385,80.741425,14083199.577713013,0.03176089,-0.011674145,72.67767
24.423912946628306,35.16304383214723,83.815254,5011200.226593018,-0.025517102,-0.002507612,70.94152
24.202898613755877,35.17753635462667,82.22561,8553600.046348572,0.01776188,0.0004208777,72.938095
24.49275373635028,34.95652190987481,78.13308,17107200.092697144,-0.0012150109,-0.014543572,72.07049
24.141304256647267,35.05072417522627,80.839714,3715200.0450611115,-0.054386754,-0.01935375,73.20835
24.507246418659868,35.018115659512056,74.98295,1468799.9954938889,0.009964839,0.00094939955,75.39178
24.507246418659868,35.018115659512056,74.98295,4060799.9472141266,-0.018147476,-0.0031482652,75.66936
24.134057993885538,35.130434787333385,80.741425,10454400.056648254,0.02993206,-0.010628147,74.03073
24.800724541980035,35.0326085145684,80.91604,6393599.835205078,-0.010609992,0.008669984,71.63766
24.503623143558386,34.916666955294566,80.479385,14083199.577713013,0.030376004,-0.008970497,70.872086
24.340579657513896,35.072464168316,77.031204,3628800.0695228577,-0.034914527,-0.019925145,76.09288
24.57246390714934,35.13405809180027,82.83649,17798399.897003174,-0.0011282004,-0.0077826437,69.27144
24.271739312019278,35.0833337340226,74.97577,3369599.8686790466,-0.039620597,-0.016839562,75.02526
24.52536253285706,35.05797113185407,79.99595,7603200.0411987305,0.00924797,-0.016498858,73.29132
24.282608510179216,35.10869565592019,73.044136,5875199.981975555,-0.060328435,-0.031502612,72.9333
24.409420264318722,35.097825908808005,75.01247,8553600.046348572,0.008675806,0.013289257,75.21717
24.3913043591697,35.05434799367564,86.750465,13219200.370788574,0.029495906,-0.009718971,70.58568
24.85869584610084,35.31159408476158,76.05999,15120000.381088257,0.03198889,-0.023309631,69.85031
24.264492787947336,35.06521739309379,75.914215,8380800.095272064,-0.0037831403,0.011196261,76.493835
24.52536253285706,35.05797113185407,79.99595,4492800.099134445,-0.021181595,-0.010386353,73.868744
24.32608705359737,35.05434782738719,80.59564,2159999.936914444,-0.030782055,-0.022856155,73.19366
24.409420264318722,35.097825908808005,75.01247,14083199.577713013,0.025933936,-0.0015532468,74.78139
24.608695560661264,35.210145036629335,80.071884,2159999.936914444,-0.0363059,-0.0017417017,72.987854
24.358695745580064,35.14492749121842,79.46463,12787199.670410156,0.020855084,-0.012296939,73.70255
24.442029139218562,35.043478080275,76.86345,13824000.4737854,0.017147409,-0.016691146,74.84866
24.340579735906957,35.22101461745307,78.71513,16761600.190544128,0.016906705,-0.031462252,73.44263
24.46739112421217,35.10507235145331,77.031204,1036799.9806880951,0.01256245,-0.00338009,76.43509
24.677536062942007,35.07971042955572,84.775665,5011200.226593018,-0.009981129,-0.004531445,70.58194
24.576087129988778,34.96376817111452,80.53768,9590399.752807617,0.020059388,-0.018747626,71.85829
24.60144921950647,34.9456523441682,85.40489,9244799.850654602,0.0076118186,-0.0006589126,70.35616
24.52536253285706,35.05797113185407,79.99595,16847999.891853333,0.009407096,-0.013032651,71.17646
24.619565229179578,35.18478278215484,82.255135,7171199.889278412,0.012458729,-0.021539519,71.46903
24.731883987437246,34.999999998854186,80.17734,172800.00249445438,0.018191183,0.0015921425,75.294556
24.481884276880134,35.21376834109622,79.042,2937599.9909877777,-0.023640323,-0.012810284,73.79675
24.275362351941567,35.02173896397893,79.32639,3801600.0205993652,-0.056589972,-0.017107276,75.20907
24.46739112421217,35.10507235145331,77.031204,18057600.097846985,0.015628561,-0.014979327,73.370125
24.528985389862203,35.079710263267266,73.800804,3974399.971675873,-0.02781881,-0.012392549,74.17626
24.72463775080654,35.097825908808005,83.506035,7862400.2420425415,-0.013894338,-0.0019917767,70.141525
24.528985389862203,35.079710263267266,73.800804,5788799.732208252,-0.023749996,-0.017594075,74.039955
24.60144921950647,34.9456523441682,85.40489,16847999.891853333,0.009769943,-0.029884746,69.77756
24.409420185925658,35.126811301460926,78.58091,16156800.087547302,0.019741267,-0.02132616,73.10038
24.24275355543479,35.275361916886446,83.709785,12700799.969100952,0.040019117,-0.019969398,71.44335
24.423912946628306,35.16304383214723,83.815254,7689599.742507935,0.02146013,-0.016032742,71.50389
24.365941903817713,35.11594190204278,77.940506,11577599.464416504,0.019820454,-0.019114794,75.390175
24.340579735906957,35.22101461745307,78.71513,3628800.0695228577,-0.03270879,-0.016952218,74.134995
24.55072462237475,35.07608730649443,88.70044,15206400.082397461,0.024059433,-0.0357067,71.13669
24.528985389862203,35.079710263267266,73.800804,16934399.593162537,0.010102756,-0.02712665,73.87231
24.32608705359737,35.05434782738719,80.59564,17625600.494384766,0.008578125,-0.026914189,71.04193
24.068840433535758,35.050724689208764,75.1399,17366400.293540955,0.0014520101,-0.03776297,75.158035
24.423912946628306,35.13405791039468,84.735344,7775999.992275238,-0.016816072,-0.00041765533,71.37314
24.57246390714934,35.13405809180027,82.83649,16156800.087547302,0.010056779,-0.014234005,69.20815
24.728260869121893,35.15579704180788,79.23173,14515200.27809143,0.026321374,-0.017607896,71.19478
24.423912946628306,35.13405791039468,84.735344,17020800.39138794,0.0044348463,-0.023951327,69.46701
24.40579730278949,34.98550712868071,82.545616,8380800.095272064,-0.0057419203,-0.024101181,71.69143
24.373188349496587,35.09782609021359,73.044136,14860800.180244446,0.018906645,-0.029717157,73.11037
24.134057993885538,35.130434787333385,80.741425,12614400.267791748,0.03487822,-0.015564254,73.39738
24.152173912100075,34.942029039701325,85.189964,10195199.855804443,0.018187739,-0.01539894,70.33437
24.2137679164399,35.101449394680465,78.1842,5702400.030899048,-0.021774922,-0.032064825,76.0419
24.264492787947336,35.06521739309379,75.914215,5356800.128746033,-0.033551145,-0.00505347,75.940216
24.17028990870767,35.119565206509655,75.23819,15033599.582862854,0.023974072,-0.032915384,75.35942
24.5036234048686,34.94565269942081,84.86278,4579200.074672699,-0.025411662,-0.017042438,71.56051
24.373188532413735,34.85507217391305,83.68782,3542400.093984604,-0.034665886,0.00698442,73.27565
24.528985389862203,35.079710263267266,73.800804,17020800.39138794,0.009576954,-0.027109375,73.86295
24.55072462237475,35.07608730649443,88.70044,7343999.840354919,0.013408786,-0.015030945,72.47572
24.782608845879178,35.07246365433351,80.82854,7084800.187969208,-0.01734062,0.017773138,71.51055
24.293478074173446,35.130434424522214,78.52256,8726399.99742508,0.00042454526,-0.0011926983,75.92195
24.507246627708035,35.15217355593542,72.15966,11836799.665260315,0.01812628,-0.00911147,72.10702
24.514492864338745,35.152173737341,77.98083,8553600.046348572,0.011865953,-0.00216108,75.26614
24.481884276880134,35.21376834109622,79.042,6825599.987125397,-0.01565209,0.008102996,74.516815
24.641304357168043,34.938405387540406,81.3883,10195199.855804443,0.016566157,-0.026611974,70.40777
24.271739312019278,35.0833337340226,74.97577,10368000.35533905,0.029984765,-0.02498121,75.78412
24.49275373635028,35.04710138474188,79.64641,17107200.092697144,0.00071086735,-0.013143076,71.39709
24.202898613755877,35.17753635462667,82.22561,17971200.39653778,0.014681917,-0.03288272,71.19353
24.068840433535758,35.17753635462667,82.62194,7084800.187969208,0.0061456375,-0.0380006,73.63037
24.278985653174068,35.159420527680346,80.15937,6220799.884128571,-0.05209366,-0.02659372,74.27174
24.525362323808892,35.01449270273921,80.76379,3456000.11844635,-0.015923988,-0.0025353823,73.54303
24.423912946628306,35.16304383214723,83.815254,14947199.88155365,0.017574394,-0.023406291,69.59016
24.003623304347823,35.192029209683014,80.788605,1900800.0102996826,-0.04619396,-0.08272051,70.47223
24.177536001617764,35.01449252133363,77.3516,14256000.07724762,0.024337202,-0.025901487,75.1088
24.608695560661264,35.210145036629335,80.071884,3801600.0205993652,-0.034136187,-0.002656985,72.997314
24.626811465810288,35.05797113185407,83.9315,3801600.0205993652,-0.021998074,0.012521206,70.65332
24.264492787947336,35.06521739309379,75.914215,4492800.099134445,-0.030824315,-0.018191742,75.82226
24.365941903817713,35.11594190204278,77.940506,17452799.99485016,0.0042142533,-0.008071041,73.29749
24.40579722439643,35.07608730649443,81.130585,172800.00249445438,0.0021470375,-0.010685382,71.980446
24.268116089179838,35.07971042955572,81.07262,3715200.0450611115,-0.044710714,-0.00811181,72.59304
24.177536001617764,35.01449252133363,77.3516,12960000.169944763,0.024457961,-0.030312462,75.847595
24.15942034471344,35.02536261613985,84.04098,3715200.0450611115,-0.019275937,-0.008899974,71.05131
24.728260869121893,35.15579704180788,79.23173,6566399.786281586,-0.015064597,0.0077039544,73.36959
24.409420264318722,35.137681214861566,85.684586,18057600.097846985,0.0137888305,-0.019943325,69.98591
24.268116089179838,35.07971042955572,81.07262,5961600.231742859,-0.028661106,-0.018973766,73.64142
24.373188349496587,35.09782609021359,73.044136,14774400.478935242,0.019025635,-0.030050902,73.094864
24.782608584568965,35.06521774078783,85.492004,5184000.177669525,-0.020599395,0.012188091,70.45217
24.525362323808892,35.01449270273921,80.76379,8726399.99742508,0.001211971,0.014808823,72.29164
24.16304339770124,35.14130418675153,77.183464,12009600.164794922,0.037705123,-0.021111464,76.66561
24.47463793572534,35.15579704180788,74.131996,13737599.675559998,0.025120772,-0.020825213,74.26356
24.655797039477626,35.09782643790763,82.953125,2851200.015449524,-0.015538726,-0.0032911971,71.0268
24.271739312019278,35.0833337340226,74.97577,7171199.889278412,-0.019637033,-0.014971124,75.475136
24.626811465810288,35.05797113185407,83.9315,8726399.99742508,-0.0032146461,0.011933308,70.345955
24.60144921950647,34.9456523441682,85.40489,1468799.9954938889,0.005109858,0.00827227,70.654564
24.3913043591697,35.05434799367564,86.750465,14860800.180244446,0.020464215,-0.020315336,70.31439
24.62318819070881,35.09782625650204,81.14894,17020800.39138794,0.01070277,-0.018144043,70.148766
24.62318819070881,35.09782625650204,81.14894,4406400.123596191,-0.026171762,0.0007039923,72.451675
24.268116089179838,35.07971042955572,81.07262,17712000.19569397,0.008870874,-0.03239236,71.092125
24.55072462237475,35.07608730649443,88.70044,2159999.936914444,-0.01315365,-0.015354922,73.06014
24.003623304347823,35.192029209683014,80.788605,16761600.190544128,0.0302088,-0.04332141,72.503815
24.822463669968496,35.11956556932083,79.471794,14860800.180244446,0.019445982,-0.022075588,70.657135
24.409420264318722,35.097825908808005,75.01247,11750399.96395111,0.021649867,-0.013742546,75.14694
24.5036234048686,34.94565269942081,84.86278,1987199.9858379364,-0.011859942,-0.006683124,70.88897
24.340579735906957,35.22101461745307,78.71513,10627199.459266663,0.02800699,-0.026930908,75.43042
24.579710091518006,35.06884069756067,84.24473,3542400.093984604,-0.027147595,0.0067793727,70.48869
24.3913043591697,35.05434799367564,86.750465,15724800.484085083,0.014547603,-0.024304064,70.32535
24.171296292717127,35.10648163098043,78.049835,17366400.293540955,0.012741959,-0.03045907,73.581635
24.068840433535758,35.17753635462667,82.62194,11491199.7631073,0.035857767,-0.029056514,71.733284
24.62318819070881,35.09782625650204,81.14894,15033599.582862854,0.016552482,-0.014124272,69.906105
24.514492864338745,35.152173737341,77.98083,17798399.897003174,0.011437371,-0.023463843,72.85854
24.340579657513896,35.072464168316,77.031204,17020800.39138794,0.0059089847,-0.0147203,73.79561
24.15217408195171,35.09782609021359,90.079155,17798399.897003174,0.013746854,-0.04111243,72.0995
24.202898613755877,35.17753635462667,82.22561,10454400.056648254,0.02727659,-0.021382013,72.45549
24.572463802625258,35.028985391507106,77.31845,5184000.177669525,-0.019205142,-0.0061052795,76.23708
24.40579730278949,34.98550712868071,82.545616,6480000.084972382,-0.04076832,-0.010041805,71.966606
24.373188532413735,34.85507217391305,83.68782,3369599.8686790466,-0.035047185,0.0086299945,73.28827
24.52536253285706,35.05797113185407,79.99595,5615999.781131744,-0.017378014,-0.013673576,73.66775
24.514492864338745,35.152173737341,77.98083,13910400.175094604,0.024633856,-0.017022451,74.011116
24.55072462237475,35.07608730649443,88.70044,4406400.123596191,-0.02760071,-0.024580752,72.48562
24.85869584610084,35.31159408476158,76.05999,1382400.019955635,0.0056985207,0.034512885,75.94336
24.171296292717127,35.10648163098043,78.049835,11664000.262641907,0.025271693,-0.024237564,76.27648
24.47463793572534,35.15579704180788,74.131996,3887999.996137619,-0.01740681,-0.010304278,74.38413
24.471014503837736,35.137681214861566,84.09494,5529600.07982254,-0.029970516,0.00076212734,70.86497
24.134057993885538,35.130434787333385,80.741425,86400.00124722719,-0.09537724,-0.05963072,70.781136
24.471014503837736,35.137681214861566,84.09494,14342399.778556824,0.016187869,-0.016017532,69.62082
24.282608510179216,35.10869565592019,73.044136,12700799.969100952,0.034673788,-0.01490785,73.12778
24.15942034471344,35.02536261613985,84.04098,3456000.11844635,-0.01900506,-0.009027364,71.02881
24.503623143558386,34.916666955294566,80.479385,7084800.187969208,-0.036026392,-0.006325653,73.08506
24.822463669968496,35.11956556932083,79.471794,8121599.894428253,0.009066995,0.013353915,72.40544
24.53985505838052,35.14492730981283,78.72631,13046399.871253967,0.023473976,-0.018891634,73.37378
24.40579722439643,35.07608730649443,81.130585,15551999.984550476,0.021789446,-0.018058347,70.718735
24.782608845879178,35.07246365433351,80.82854,4665599.775981903,-0.029684026,-0.00563691,72.28837
24.275362351941567,35.02173896397893,79.32639,14601599.979400635,0.02685904,-0.03259664,72.770515
24.60144921950647,34.9456523441682,85.40489,16934399.593162537,0.009384733,-0.029133243,69.79886
24.202898613755877,35.17753635462667,82.22561,14428799.479866028,0.030750178,-0.019872779,71.106445
24.141304256647267,35.05072417522627,80.839714,11059200.15964508,0.014013125,-0.026814153,73.77377
24.15217408195171,35.09782609021359,90.079155,9071999.899578094,0.033041153,0.001593763,71.94683
24.72463775080654,35.097825908808005,83.506035,5011200.226593018,-0.014811702,0.010329647,70.54275
24.782608845879178,35.07246365433351,80.82854,11145599.860954285,0.021576304,-0.015865287,70.58484
24.141304256647267,35.05072417522627,80.839714,16156800.087547302,0.010603445,-0.029296314,71.53136
24.518115930392057,35.170290078269815,76.7112,18057600.097846985,0.011694396,-0.028773414,73.6549
24.728260869121893,35.15579704180788,79.23173,11231999.562263489,0.017510932,-0.022564394,71.99085
24.62318819070881,35.09782625650204,81.14894,5097599.927902222,-0.028229002,0.0026766062,72.31007
24.47463793572534,35.15579704180788,74.131996,9244799.850654602,0.01254463,-0.010307008,74.08369
24.731883987437246,34.999999998854186,80.17734,15638399.68585968,-0.0011359528,-0.005431598,70.76024
24.782608845879178,35.07246365433351,80.82854,17366400.293540955,-0.0013635978,0.0065259244,70.706474
24.275362351941567,35.02173896397893,79.32639,13478399.474716187,0.0345915,-0.031491175,73.445946
24.423912946628306,35.13405791039468,84.735344,4060799.9472141266,-0.035338316,0.004454745,70.52025
24.619565229179578,35.18478278215484,82.255135,4233599.898290634,-0.016638465,-0.004866587,71.093315
24.51086948471318,35.141304337922854,75.965324,17366400.293540955,0.0097451545,-0.028709969,74.1352
24.06159400092239,35.235507653915,77.223785,10108800.15449524,0.048041448,-0.05105514,77.49109
24.731883987437246,34.999999998854186,80.17734,13737599.675559998,0.018317478,-0.0074802507,70.89382
24.623188347494935,34.98550731008629,86.27349,8121599.894428253,-0.0030811913,0.013348039,71.1617
24.40579722439643,35.07608730649443,81.130585,0.0,0.001086045,-0.010989552,71.9919
24.3913043591697,35.05434799367564,86.750465,12268800.365638733,0.029442575,-0.010564348,71.014595
24.626811465810288,35.05797113185407,83.9315,14515200.27809143,0.02650436,-0.014972208,69.15002
24.655797039477626,35.09782643790763,82.953125,13564800.27294159,0.018786944,-0.023405286,69.35196
24.623188347494935,34.98550731008629,86.27349,2592000.0888347626,-0.01090559,-0.0069199484,71.29319
24.57246390714934,35.13405809180027,82.83649,3542400.093984604,-0.01959965,-0.00941403,70.70351
24.336956356281394,35.12681217825459,78.56935,9676799.454116821,0.019501254,-0.016654665,75.643326
24.782608584568965,35.06521774078783,85.492004,11404800.061798096,0.019876648,-0.03540861,69.45523
24.40579730278949,34.98550712868071,82.545616,13046399.871253967,0.02900026,-0.052091397,70.25761
24.52536253285706,35.05797113185407,79.99595,10454400.056648254,0.013740515,-0.013979675,72.73333
24.572463802625258,35.028985391507106,77.31845,2332799.8879909515,-0.014341503,-0.0049861465,77.177956
24.608695560661264,35.210145036629335,80.071884,13478399.474716187,0.020565242,-0.006169861,71.77862
24.481884276880134,35.21376834109622,79.042,15897599.886703491,0.010928644,-0.02193646,72.74612
24.242753659958876,34.931159481553294,83.59315,14515200.27809143,0.024734382,-0.013305595,69.67188
24.5036234048686,34.94565269942081,84.86278,2332799.8879909515,-0.016110957,-0.012848305,71.03448
24.608695560661264,35.210145036629335,80.071884,1987199.9858379364,-0.03653602,-0.0017148387,72.996826
24.880434869565217,35.11594208344836,73.60822,11750399.96395111,0.021975955,-0.026388818,73.7016
24.2137679164399,35.101449394680465,78.1842,16588799.691009521,0.0207832,-0.043297634,73.46555
24.507246418659868,35.018115659512056,74.98295,4319999.873828888,-0.017408084,-0.0019038226,75.67983
24.340579657513896,35.072464168316,77.031204,11836799.665260315,0.023767583,-0.016932266,75.85885
24.55434784521419,35.039855304907746,78.730316,259199.99517202377,0.0031096153,0.016529258,76.22351
24.152173912100075,34.942029039701325,85.189964,14428799.479866028,0.024777723,-0.018336395,68.99769
24.06159400092239,35.235507653915,77.223785,10368000.35533905,0.049449343,-0.05284729,77.42401
24.15217408195171,35.09782609021359,90.079155,5097599.927902222,0.0007422827,-0.042782232,69.56315
24.641304357168043,34.938405387540406,81.3883,9849599.953651428,0.015352238,-0.026483929,70.44976
24.24275355543479,35.275361916886446,83.709785,3715200.0450611115,-0.0631198,-0.06811161,70.11887
24.47463793572534,35.15579704180788,74.131996,9331199.551963806,0.013135655,-0.01094901,74.09268
24.373188349496587,35.09782609021359,73.044136,3801600.0205993652,-0.017982375,-0.015493074,73.095375
24.43478277193275,35.06521686399416,78.38795,5615999.781131744,-0.030779142,-0.006244207,75.534386
24.619565229179578,35.18478278215484,82.255135,2505600.113296509,-0.016850103,-1.8024817e-05,70.78089
24.521739153231497,35.18115965909355,80.50853,777599.9855160713,0.006004747,-0.010446293,72.21344
24.57246390714934,35.13405809180027,82.83649,17625600.494384766,0.0011003241,-0.0084635895,69.24157
24.782608584568965,35.06521774078783,85.492004,7430400.090122223,-0.021523308,0.0042010807,70.08168
24.340579735906957,35.22101461745307,78.71513,2851200.015449524,-0.024357852,-0.023688303,73.89018
24.75362311542571,35.148550251468535,82.31272,7171199.889278412,-0.03160191,0.017741712,70.69817
24.15217408195171,35.09782609021359,90.079155,15292799.783706665,0.027627412,-0.031004628,72.650635
24.507246627708035,35.15217355593542,72.15966,12009600.164794922,0.01891565,-0.008087313,72.10873
24.171296292717127,35.10648163098043,78.049835,259199.99517202377,-0.041352067,-0.017492397,74.04583
24.5036234048686,34.94565269942081,84.86278,16588799.691009521,0.010783985,-0.0406608,69.73947
24.235507135886934,35.09782643790763,86.62735,17798399.897003174,-8.3357096e-05,-0.030490229,70.53273
24.134057993885538,35.130434787333385,80.741425,2159999.936914444,-0.08376072,-0.06907847,71.51927
24.134057993885538,35.130434787333385,80.741425,14687999.680709839,0.027071092,-0.016815873,72.352
24.177536001617764,35.01449252133363,77.3516,15551999.984550476,0.015049653,-0.028809046,74.305435
24.507246418659868,35.018115659512056,74.98295,7084800.187969208,-0.0012751073,0.011239784,75.22041
24.782608584568965,35.06521774078783,85.492004,5702400.030899048,-0.020430863,0.012188858,70.36897
24.16304339770124,35.14130418675153,77.183464,5615999.781131744,-0.020877961,-0.04377698,76.28848
24.528985389862203,35.079710263267266,73.800804,17452799.99485016,0.007836144,-0.02502978,73.81243
24.46739112421217,35.10507235145331,77.031204,13478399.474716187,0.026908398,-0.018121382,74.91912
24.365941903817713,35.11594190204278,77.940506,8639999.747657776,-0.01493828,-0.009405183,76.045715
24.286231733018653,35.16304365074164,82.86601,4579200.074672699,-0.011017058,-0.026934402,71.725685
24.409420185925658,35.126811301460926,78.58091,18230399.500465393,0.0164062,-0.021487514,72.77536
24.15217408195171,35.09782609021359,90.079155,3887999.996137619,-0.012575295,-0.04593324,68.698265
24.579710091518006,35.06884069756067,84.24473,14083199.577713013,0.020800507,-0.01696183,69.3315
24.586956589458925,35.03623181903528,81.050644,10454400.056648254,0.01676186,-0.006356841,71.338036
24.278985574781007,35.18478260074926,85.36457,2073599.9613761902,-0.10424329,-0.03058386,70.52479
24.152173912100075,34.942029039701325,85.189964,5097599.927902222,-0.029687267,-0.009657206,71.907036
24.507246418659868,35.018115659512056,74.98295,6220799.884128571,-0.01084796,0.0033134166,75.414116
24.47463793572534,35.15579704180788,74.131996,8208000.144195557,0.00017848983,-0.0075911228,74.01984
24.52536253285706,35.05797113185407,79.99595,6393599.835205078,-0.0067641847,-0.015103655,73.52881
24.579710091518006,35.06884069756067,84.24473,8208000.144195557,0.002569139,0.010259913,70.65499
24.521739153231497,35.18115965909355,80.50853,8726399.99742508,0.007866971,0.009053709,73.04326
24.579710091518006,35.06884069756067,84.24473,8985600.19826889,0.012853311,-0.0016693659,70.54625
24.655797039477626,35.09782643790763,82.953125,13478399.474716187,0.01870747,-0.023460062,69.38056
24.373188532413735,34.85507217391305,83.68782,7171199.889278412,-0.02130298,-0.031329267,71.93481
24.641304357168043,34.938405387540406,81.3883,2246400.0495672226,0.001257699,-0.012496928,73.62521
24.442029139218562,35.043478080275,76.86345,345600.00498890877,0.0030312687,0.014813592,76.69304
24.782608584568965,35.06521774078783,85.492004,18143999.79915619,0.00049522147,-0.018903257,70.49087
24.15942034471344,35.02536261613985,84.04098,3196799.917602539,-0.018846057,-0.008835619,71.02006
24.35507260113369,35.04710138474188,76.478294,8380800.095272064,0.0022031218,-0.0059020426,76.31266
24.358695745580064,35.14492749121842,79.46463,16416000.288391113,0.005474098,-0.013944691,72.45267
24.800724541980035,35.0326085145684,80.91604,15551999.984550476,0.0138225015,0.0030025486,70.06304
24.503623143558386,34.916666955294566,80.479385,8899199.948501587,-0.018610094,0.0033893697,72.620094
24.409420342711783,35.02898555779556,73.23672,10627199.459266663,0.017688466,-0.008731237,73.2342
24.5036234048686,34.94565269942081,84.86278,16243199.788856506,0.014105571,-0.041593328,69.70312
24.572463802625258,35.028985391507106,77.31845,5529600.07982254,-0.019013692,-0.007183971,76.13341
24.481884276880134,35.21376834109622,79.042,2419199.8635292053,-0.020361923,-0.012018302,73.82586
24.365941903817713,35.11594190204278,77.940506,17798399.897003174,0.0037108548,-0.008211182,73.23441
24.423912946628306,35.16304383214723,83.815254,5097599.927902222,-0.024307746,-0.0030691922,70.96964
24.202898613755877,35.17753635462667,82.22561,7862400.2420425415,0.0030552298,0.0055559855,72.98119
24.268116089179838,35.07971042955572,81.07262,7084800.187969208,-0.018672697,-0.01968758,73.72426
24.521739153231497,35.18115965909355,80.50853,11923200.463485718,0.009769484,-0.021253938,72.05535
24.782608584568965,35.06521774078783,85.492004,10713600.257492065,0.019992841,-0.030643387,69.44432
24.46739112421217,35.10507235145331,77.031204,6825599.987125397,-0.00096867234,-0.011068752,75.8361
24.286231733018653,35.16304365074164,82.86601,2505600.113296509,-0.0071431547,-0.025440669,70.42671
24.507246627708035,35.15217355593542,72.15966,8294399.845504761,0.0109685715,0.01673429,71.324585
24.52536253285706,35.05797113185407,79.99595,2764800.03991127,-0.01851258,-0.009572329,74.27954
24.677536062942007,35.07971042955572,84.775665,18143999.79915619,-0.0065659024,-0.017260237,70.05775
24.57246390714934,35.13405809180027,82.83649,5529600.07982254,-0.01784353,-0.0059199203,71.112305
24.351449221508126,35.36231895652174,77.53338,7948799.943351746,0.04283541,0.0054304413,77.46479
24.576087129988778,34.96376817111452,80.53768,8899199.948501587,0.013139214,-0.017870547,72.02881
24.268116089179838,35.07971042955572,81.07262,6393599.835205078,-0.024081793,-0.020534964,73.70643
24.2137679164399,35.101449394680465,78.1842,2678400.0643730164,-0.022313472,-0.036315426,74.92737
24.373188532413735,34.85507217391305,83.68782,10281599.557113647,0.00219455,-0.037720896,70.39482
24.521739153231497,35.18115965909355,80.50853,9244799.850654602,0.008050118,0.013320605,72.93969
24.3985509616347,35.079710263267266,82.39983,5961600.231742859,-0.006283462,-0.0032357667,71.96645
24.134057993885538,35.130434787333385,80.741425,0.0,-0.097099975,-0.05817858,70.75956
24.177536001617764,35.01449252133363,77.3516,14342399.778556824,0.02402622,-0.025847202,75.054924
24.242753659958876,34.931159481553294,83.59315,1728000.059223175,-0.04353668,0.002295019,71.75206
24.235507135886934,35.09782643790763,86.62735,15724800.484085083,0.02260578,-0.032651097,70.1197
24.677536062942007,35.07971042955572,84.775665,14342399.778556824,0.019263865,-0.018535802,69.11935
24.235507135886934,35.09782643790763,86.62735,15551999.984550476,0.023682345,-0.03213638,70.12416
24.579710091518006,35.06884069756067,84.24473,13564800.27294159,0.022793181,-0.018154321,69.46961
24.40217392316393,35.07246365433351,77.73675,10022400.453186035,0.021939516,-0.013537319,75.638535
24.06159400092239,35.235507653915,77.223785,1468799.9954938889,-0.09542562,-0.05695995,76.1173
24.782608584568965,35.06521774078783,85.492004,3715200.0450611115,-0.022209931,0.0058083516,70.64026
24.351449221508126,35.36231895652174,77.53338,6307200.133895874,0.005825337,-0.012396762,77.373695
24.822463669968496,35.11956556932083,79.471794,1987199.9858379364,-0.018733341,0.023415036,74.91831
24.235507135886934,35.09782643790763,86.62735,13046399.871253967,0.025825705,-0.03154844,71.03127
24.514492864338745,35.152173737341,77.98083,2937599.9909877777,-0.024079237,-0.010522293,75.41387
24.293478074173446,35.130434424522214,78.52256,13219200.370788574,0.018392727,-0.01994015,74.61509
24.52536253285706,35.05797113185407,79.99595,7257600.139045715,0.0054687187,-0.016283346,73.357735
24.15942034471344,35.02536261613985,84.04098,15638399.68585968,0.0152472295,-0.03574638,69.7877
24.373188349496587,35.09782609021359,73.044136,17366400.293540955,0.009289332,-0.032315947,73.22053
24.43478277193275,35.06521686399416,78.38795,6134400.182819366,-0.028158214,-0.0032298435,75.46901
24.16304339770124,35.14130418675153,77.183464,17884799.598312378,0.021451488,-0.031559683,74.12156
24.507246627708035,35.15217355593542,72.15966,9331199.551963806,0.019972606,0.0019936021,71.68622
24.55072462237475,35.07608730649443,88.70044,10108800.15449524,0.03010657,-0.021333141,72.13087
24.35507260113369,35.04710138474188,76.478294,2505600.113296509,-0.01961461,-0.007866988,76.3535
24.47463793572534,35.15579704180788,74.131996,12960000.169944763,0.023650214,-0.022796413,74.26915
24.49275373635028,34.95652190987481,78.13308,14256000.07724762,0.023717642,0.0038789567,73.221436
24.282608510179216,35.10869565592019,73.044136,9763200.252342224,-0.003528908,-0.00812014,72.96611
24.800724541980035,35.0326085145684,80.91604,0.0,-0.008048199,0.004937997,74.57226
24.442029139218562,35.043478080275,76.86345,10886399.660110474,0.013954414,-0.02132955,75.65631
24.503623143558386,34.916666955294566,80.479385,8208000.144195557,-0.029911783,0.0024052672,72.75813
24.286231733018653,35.16304365074164,82.86601,17279999.49531555,0.019040646,-0.031731665,70.33838
24.619565229179578,35.18478278215484,82.255135,3196799.917602539,-0.01819951,-0.0018711723,70.914085
24.57608686867857,35.22463755910878,78.28966,604799.9658823013,-0.015226472,0.020913668,75.25283
24.278985574781007,35.18478260074926,85.36457,12960000.169944763,0.03064472,-0.015068019,70.96208
24.282608510179216,35.10869565592019,73.044136,259199.99517202377,-0.0802352,-0.0023662765,72.02024
24.521739153231497,35.18115965909355,80.50853,6739199.737358093,0.008273881,-0.019855296,73.1832
24.608695560661264,35.210145036629335,80.071884,4924799.976825714,-0.031674262,0.0026789512,73.08405
24.576087129988778,34.96376817111452,80.53768,8639999.747657776,0.009506419,-0.01714543,72.09642
24.514492864338745,35.152173737341,77.98083,13564800.27294159,0.024764452,-0.018195985,74.11442
24.731883987437246,34.999999998854186,80.17734,14256000.07724762,0.017877033,-0.0041835215,70.79814
24.525362323808892,35.01449270273921,80.76379,6652800.036048889,-0.02453414,0.011612514,72.687706
24.481884276880134,35.21376834109622,79.042,2505600.113296509,-0.02108236,-0.0122503955,73.82123
24.2137679164399,35.101449394680465,78.1842,11491199.7631073,0.019954437,-0.02604396,75.984985
24.268116089179838,35.07971042955572,81.07262,4924799.976825714,-0.039715838,-0.011761913,73.26312
24.586956589458925,35.03623181903528,81.050644,2937599.9909877777,-0.0019201152,-0.017071323,73.19881
24.15942034471344,35.02536261613985,84.04098,11491199.7631073,0.013495414,-0.030579077,70.49648
24.409420264318722,35.097825908808005,75.01247,7430400.090122223,-0.011684991,0.011863998,75.250244
24.57246390714934,35.13405809180027,82.83649,17971200.39653778,-0.0035673454,-0.0071479026,69.307365
24.880434869565217,35.11594208344836,73.60822,2678400.0643730164,-0.024626154,0.0114314705,73.57632
24.15942034471344,35.02536261613985,84.04098,345600.00498890877,-0.023674231,0.040760044,71.12505
24.3913043591697,35.05434799367564,86.750465,12787199.670410156,0.02995621,-0.009613218,70.75839
24.409420185925658,35.126811301460926,78.58091,0.0,-0.006949108,-0.005934002,74.940765
24.40217392316393,35.07246365433351,77.73675,18316800.298690796,-0.009641811,0.0048841257,72.966675
24.275362351941567,35.02173896397893,79.32639,5875199.981975555,-0.046727214,-0.024082335,75.42532
24.068840433535758,35.17753635462667,82.62194,13132799.572563171,0.03841664,-0.02622901,71.13332
24.409420264318722,35.097825908808005,75.01247,13651199.974250793,0.027096627,-0.0028192736,74.81897
24.271739312019278,35.0833337340226,74.97577,11750399.96395111,0.029212654,-0.027156102,75.56311
24.177536001617764,35.01449252133363,77.3516,12268800.365638733,0.02347644,-0.031522706,76.13992
24.57608686867857,35.22463755910878,78.28966,7171199.889278412,-0.010698762,0.012304847,74.829475
24.586956589458925,35.03623181903528,81.050644,3542400.093984604,-0.007057544,-0.01689821,73.06728
24.3985509616347,35.079710263267266,82.39983,3196799.917602539,-0.01992334,0.012188443,71.0803
24.641304357168043,34.938405387540406,81.3883,10886399.660110474,0.017589105,-0.028006354,70.31907
24.507246627708035,35.15217355593542,72.15966,11664000.262641907,0.017017404,-0.010714268,72.10686
24.278985574781007,35.18478260074926,85.36457,12441599.768257141,0.030082535,-0.015961142,71.2041
24.423912946628306,35.16304383214723,83.815254,10195199.855804443,0.025391774,-0.021428185,71.32794
24.471014503837736,35.137681214861566,84.09494,18403200.0,-0.014447082,-0.010794232,69.73422
24.623188347494935,34.98550731008629,86.27349,11750399.96395111,0.033100385,-0.025403393,70.42574
24.286231733018653,35.16304365074164,82.86601,9504000.051498413,0.03424949,-0.019711377,72.02095
24.16304339770124,35.14130418675153,77.183464,13651199.974250793,0.038207047,-0.016400283,76.07398
24.369565205050215,35.10507235145331,81.59638,11059200.15964508,0.022850312,-0.024459073,72.25421
24.293478074173446,35.130434424522214,78.52256,11836799.665260315,0.016282102,-0.027081253,75.31696
24.278985653174068,35.159420527680346,80.15937,2937599.9909877777,-0.06896116,-0.034905463,72.85217
24.782608845879178,35.07246365433351,80.82854,2073599.9613761902,-0.011439167,-0.011138735,73.673874
24.60144921950647,34.9456523441682,85.40489,5270399.878978729,-0.027530227,0.016410297,71.32109
24.275362351941567,35.02173896397893,79.32639,10368000.35533905,0.02902153,-0.029247964,74.76844
24.731883987437246,34.999999998854186,80.17734,11231999.562263489,0.010574888,-0.02088465,71.31009
24.235507135886934,35.09782643790763,86.62735,11231999.562263489,0.021330995,-0.03189203,72.11237
24.728260869121893,35.15579704180788,79.23173,13996799.876403809,0.025789833,-0.01723524,71.189926
24.409420185925658,35.126811301460926,78.58091,10627199.459266663,0.022903694,-0.012004038,74.98589
24.55072462237475,35.07608730649443,88.70044,2073599.9613761902,-0.01178126,-0.014645727,73.077385
24.278985574781007,35.18478260074926,85.36457,8467199.796581268,0.0011835769,-0.010829149,72.44453
24.626811465810288,35.05797113185407,83.9315,5184000.177669525,-0.02691086,0.011572762,70.61503
24.275362351941567,35.02173896397893,79.32639,6912000.2368927,-0.03744616,-0.023317853,75.37805
24.152173912100075,34.942029039701325,85.189964,18403200.0,0.0009123273,-0.03167405,70.68352
24.340579657513896,35.072464168316,77.031204,8553600.046348572,-0.010567579,0.008526275,76.43305
24.134057993885538,35.130434787333385,80.741425,3196799.917602539,-0.09187931,-0.053132482,72.354454
24.177536001617764,35.01449252133363,77.3516,8467199.796581268,-0.00087857246,-0.03306354,77.063866
24.518115930392057,35.170290078269815,76.7112,8467199.796581268,0.0068405643,-0.015296834,75.8712
24.351449221508126,35.36231895652174,77.53338,12527999.469566345,0.058458373,-0.01692984,74.04984
24.659420157792983,35.13768139626715,82.9603,1987199.9858379364,-0.0187224,0.0057898816,70.68584
24.52536253285706,35.05797113185407,79.99595,14256000.07724762,0.019155383,-0.018140731,71.53673
24.619565229179578,35.18478278215484,82.255135,15465600.283241272,0.015186917,-0.02397572,69.478226
24.43478251062254,35.050724689208764,81.254395,7516799.791431427,-0.010357201,-0.006415954,72.541115
24.33695651306752,35.26449269887389,75.24537,432000.01480579376,-0.12891042,-0.03039263,76.189705
24.242753659958876,34.931159481553294,83.59315,9676799.454116821,0.018014872,-0.0026432574,70.518265
24.608695560661264,35.210145036629335,80.071884,10281599.557113647,0.019136893,-0.005675534,72.68504
24.358695745580064,35.14492749121842,79.46463,2246400.0495672226,-0.037153695,-0.0070774686,73.53956
24.608695560661264,35.210145036629335,80.071884,10454400.056648254,0.01856368,-0.0077407416,72.63106
24.06159400092239,35.235507653915,77.223785,5961600.231742859,-0.031505484,-0.04453432,77.266075
24.409420264318722,35.097825908808005,75.01247,2246400.0495672226,-0.032720435,-0.016312698,75.20533
24.659420157792983,35.13768139626715,82.9603,14601599.979400635,0.02368785,-0.017681269,69.100426
24.16304339770124,35.14130418675153,77.183464,11577599.464416504,0.036828198,-0.021552274,76.72756
24.49275373635028,35.04710138474188,79.64641,604799.9658823013,0.0123729035,0.01324717,74.79361
24.659420157792983,35.13768139626715,82.9603,691200.0099778175,-0.012985308,0.014522366,70.835915
24.409420264318722,35.097825908808005,75.01247,2332799.8879909515,-0.032791127,-0.016228488,75.22643
24.358695745580064,35.14492749121842,79.46463,11491199.7631073,0.019476369,-0.016995957,74.26388
24.340579735906957,35.22101461745307,78.71513,10972800.458335876,0.028467607,-0.027514247,75.276535
24.358695745580064,35.14492749121842,79.46463,1555199.9710321426,-0.034195084,-0.0008102022,73.35527
24.5036234048686,34.94565269942081,84.86278,12787199.670410156,0.028406015,-0.044172913,70.04321
24.423912946628306,35.16304383214723,83.815254,3456000.11844635,-0.038257662,-0.0015982706,70.35068
24.242753659958876,34.931159481553294,83.59315,6912000.2368927,0.0064304546,0.017370706,71.650795
24.521739153231497,35.18115965909355,80.50853,17798399.897003174,0.025020834,-0.015209461,70.98938
24.481884276880134,35.21376834109622,79.042,4406400.123596191,-0.02662154,-0.010270907,73.89079
24.358695745580064,35.14492749121842,79.46463,1468799.9954938889,-0.03392333,0.0004709605,73.34144
24.518115930392057,35.170290078269815,76.7112,4579200.074672699,-0.020010121,-0.002405446,75.87947
24.579710091518006,35.06884069756067,84.24473,6566399.786281586,-0.020419162,0.012517963,70.78271
24.731884091961334,34.88405773852335,82.62194,12787199.670410156,0.02341407,-0.015382698,69.16839
24.514492864338745,35.152173737341,77.98083,9417600.350189209,0.018335883,-0.013265805,75.23581
24.880434869565217,35.11594208344836,73.60822,13391999.773406982,0.02835555,-0.011002863,73.5911
24.626811465810288,35.05797113185407,83.9315,9331199.551963806,0.0067723133,0.0015787128,70.20975
24.242753659958876,34.931159481553294,83.59315,4147199.9227523804,-0.037821505,-0.013288828,72.254845
24.3985509616347,35.079710263267266,82.39983,17971200.39653778,0.021840977,-0.024097724,70.220955
24.75362311542571,35.148550251468535,82.31272,15724800.484085083,0.009952266,-0.01672429,69.07743
24.278985653174068,35.159420527680346,80.15937,3283199.893140793,-0.07173048,-0.03293618,73.00139
24.340579657513896,35.072464168316,77.031204,13305600.072097778,0.025128195,-0.0074663702,75.37872
24.40217392316393,35.07246365433351,77.73675,7603200.0411987305,-0.013395015,0.005821364,75.846725
24.16304339770124,35.14130418675153,77.183464,10454400.056648254,0.03499117,-0.015128663,76.877075
24.85869584610084,35.31159408476158,76.05999,518399.99034404755,0.0034360848,0.03690003,75.86315
24.264492787947336,35.06521739309379,75.914215,15379199.48501587,0.00915233,-0.017668048,75.05911
24.53985505838052,35.14492730981283,78.72631,10540799.757957458,0.014799578,-0.017868465,74.16354
24.880434869565217,35.11594208344836,73.60822,18230399.500465393,-0.009617593,0.013220209,73.33424
24.731884091961334,34.88405773852335,82.62194,10368000.35533905,0.015274638,-0.015868047,69.430984
24.782608845879178,35.07246365433351,80.82854,2419199.8635292053,-0.016687207,-0.012189424,73.46729
24.235507135886934,35.09782643790763,86.62735,5961600.231742859,-0.02471194,-0.023289884,71.756165
24.409420342711783,35.02898555779556,73.23672,5961600.231742859,-0.028381895,0.004400179,73.156685
24.46739112421217,35.10507235145331,77.031204,2937599.9909877777,-0.017586306,-0.017658038,76.208885
24.068840433535758,35.050724689208764,75.1399,12527999.469566345,0.02815423,-0.03201262,75.81581
24.369565205050215,35.10507235145331,81.59638,7948799.943351746,0.00052899495,-0.009777,72.78809
24.57246390714934,35.13405809180027,82.83649,9504000.051498413,0.0133325495,-0.01212194,70.97715
24.171296292717127,35.10648163098043,78.049835,14687999.680709839,0.02491234,-0.025799626,74.63271
24.365941903817713,35.11594190204278,77.940506,7603200.0411987305,-0.031213198,-0.0077211503,75.961266
24.528985389862203,35.079710263267266,73.800804,2246400.0495672226,-0.023607705,-0.016795756,74.14487
24.32608705359737,35.05434782738719,80.59564,1814400.0347614288,-0.030925032,-0.023217415,73.1253
24.373188532413735,34.85507217391305,83.68782,7689599.742507935,-0.023884077,-0.026666215,71.63515
24.242753659958876,34.931159481553294,83.59315,3456000.11844635,-0.036857028,-0.013281422,72.161575
24.423912946628306,35.16304383214723,83.815254,3369599.8686790466,-0.03867994,-0.0020653345,70.31265
24.409420264318722,35.097825908808005,75.01247,5702400.030899048,-0.024831388,-0.0021770988,75.46244
24.177536001617764,35.01449252133363,77.3516,17193599.794006348,-0.00088283047,-0.028740628,73.48187
24.579710091518006,35.06884069756067,84.24473,9244799.850654602,0.014765529,-0.005979305,70.50258
24.271739312019278,35.0833337340226,74.97577,12614400.267791748,0.030810304,-0.016210964,75.42229
24.43478251062254,35.050724689208764,81.254395,9763200.252342224,0.015436685,-0.01350881,72.35786
24.152173912100075,34.942029039701325,85.189964,12614400.267791748,0.028347049,-0.016615367,69.45224
24.514492864338745,35.152173737341,77.98083,9244799.850654602,0.01779284,-0.010974174,75.244804
24.340579735906957,35.22101461745307,78.71513,3542400.093984604,-0.031939525,-0.017742628,74.102165
24.336956356281394,35.12681217825459,78.56935,1209599.9317646027,-0.03259704,-0.014157722,74.47587
24.293478074173446,35.130434424522214,78.52256,2937599.9909877777,-0.043836873,-0.031128218,74.647
24.423912946628306,35.16304383214723,83.815254,9071999.899578094,0.02777822,-0.016909467,71.463
24.286231733018653,35.16304365074164,82.86601,17452799.99485016,0.018512173,-0.031768106,70.378456
24.528985389862203,35.079710263267266,73.800804,2159999.936914444,-0.022113744,-0.016190315,74.14202
24.659420157792983,35.13768139626715,82.9603,17884799.598312378,0.009696364,-0.020152131,69.28611
24.003623304347823,35.192029209683014,80.788605,16934399.593162537,0.0295058,-0.043824486,72.4843
24.282608510179216,35.10869565592019,73.044136,2592000.0888347626,-0.06658025,-0.04315588,72.51296
24.60144921950647,34.9456523441682,85.40489,10108800.15449524,0.020925328,-0.014065048,70.325096
24.507246418659868,35.018115659512056,74.98295,13564800.27294159,0.028456252,-0.0066155214,74.6782
24.264492787947336,35.06521739309379,75.914215,18057600.097846985,0.0076355226,-0.023822336,74.24828
24.340579657513896,35.072464168316,77.031204,7603200.0411987305,-0.021726433,0.00043706782,76.32758
24.17028990870767,35.119565206509655,75.23819,7430400.090122223,-0.016723216,-0.00010896474,75.97837
24.365941903817713,35.11594190204278,77.940506,4406400.123596191,-0.043715727,-0.014446879,75.58054
24.340579657513896,35.072464168316,77.031204,1987199.9858379364,-0.028808322,-0.023751253,76.105835
24.728260869121893,35.15579704180788,79.23173,13219200.370788574,0.02370201,-0.017883336,71.30659
24.409420264318722,35.097825908808005,75.01247,13219200.370788574,0.02677254,-0.005215803,74.86149
24.068840433535758,35.17753635462667,82.62194,13478399.474716187,0.039573025,-0.025289578,70.97008
24.49275373635028,34.95652190987481,78.13308,17452799.99485016,-0.0015198812,-0.01434006,72.02879
24.471014503837736,35.137681214861566,84.09494,5097599.927902222,-0.03019068,0.0008561313,70.73943
24.141304256647267,35.05072417522627,80.839714,12700799.969100952,0.025134524,-0.02478177,73.20684
24.43478251062254,35.050724689208764,81.254395,3887999.996137619,-0.020813782,-0.009724217,72.663506
24.423912946628306,35.13405791039468,84.735344,3283199.893140793,-0.032799777,0.0066505596,70.27378
24.409420342711783,35.02898555779556,73.23672,10368000.35533905,0.018308004,-0.0044485983,73.21275
24.40579722439643,35.07608730649443,81.130585,345600.00498890877,0.0030114688,-0.010732075,71.97787
24.3913043591697,35.05434799367564,86.750465,14601599.979400635,0.022305433,-0.01826877,70.32457
24.24275355543479,35.275361916886446,83.709785,6825599.987125397,-0.020633262,-0.024354523,71.766785
24.518115930392057,35.170290078269815,76.7112,2678400.0643730164,-0.021315623,-0.0032511707,76.062454
24.278985574781007,35.18478260074926,85.36457,13478399.474716187,0.031332158,-0.015295489,70.68541
24.503623143558386,34.916666955294566,80.479385,7689599.742507935,-0.034540456,-0.0009940919,72.88331
24.85869584610084,35.31159408476158,76.05999,12960000.169944763,0.024452394,-0.018654393,72.180984
24.134057993885538,35.130434787333385,80.741425,10281599.557113647,0.029997058,-0.008167474,74.071915
24.2137679164399,35.101449394680465,78.1842,4147199.9227523804,-0.029178064,-0.036844403,75.4509
24.586956589458925,35.03623181903528,81.050644,16761600.190544128,0.00433461,-0.028033724,70.2253
24.880434869565217,35.11594208344836,73.60822,10713600.257492065,0.024482239,-0.020169547,73.65179
24.003623304347823,35.192029209683014,80.788605,17798399.897003174,0.024917055,-0.046664163,72.35127
24.641304357168043,34.938405387540406,81.3883,3110399.9420642853,-0.0073978044,-0.0088267755,73.42452
24.282608510179216,35.10869565592019,73.044136,11750399.96395111,0.02909943,-0.02170525,73.12607
24.528985389862203,35.079710263267266,73.800804,14947199.88155365,0.021644682,-0.020480787,74.08494
24.409420264318722,35.137681214861566,85.684586,1814400.0347614288,-0.041079324,-0.0049951244,70.240486
24.242753659958876,34.931159481553294,83.59315,17712000.19569397,0.008924808,-0.027174445,70.299835
24.503623143558386,34.916666955294566,80.479385,518399.99034404755,0.0202939,-0.005392248,74.80585
24.72463775080654,35.097825908808005,83.506035,950400.0051498413,0.009595711,0.0011472739,70.854355
24.358695745580064,35.14492749121842,79.46463,7343999.840354919,-0.010362975,0.017639272,74.766975
24.442029139218562,35.043478080275,76.86345,13478399.474716187,0.016131693,-0.019010918,74.958275
24.242753659958876,34.931159481553294,83.59315,10713600.257492065,0.019634617,-0.018524053,70.33531
24.481884276880134,35.21376834109622,79.042,13651199.974250793,0.021859927,-0.0053382423,73.26371
24.525362323808892,35.01449270273921,80.76379,12873600.46863556,0.027385218,-0.016902829,71.10126
24.659420157792983,35.13768139626715,82.9603,1036799.9806880951,-0.0138624795,0.012069942,70.75888
24.507246418659868,35.018115659512056,74.98295,345600.00498890877,0.018029012,0.01203831,75.46311
24.55072462237475,35.07608730649443,88.70044,4838399.727058411,-0.026304279,-0.026829047,72.35862
24.177536001617764,35.01449252133363,77.3516,10886399.660110474,0.021933457,-0.0337205,76.51278
24.409420185925658,35.126811301460926,78.58091,4924799.976825714,-0.029053722,-0.013245298,75.146645
24.202898613755877,35.17753635462667,82.22561,4319999.873828888,-0.067633346,-0.039529383,71.91099
24.782608845879178,35.07246365433351,80.82854,6480000.084972382,-0.020679045,0.01563365,71.6823
24.514492864338745,35.152173737341,77.98083,4579200.074672699,-0.025051612,-0.011052923,75.265816
24.518115930392057,35.170290078269815,76.7112,14256000.07724762,0.026180472,-0.01638996,74.831985
24.202898613755877,35.17753635462667,82.22561,11145599.860954285,0.028083682,-0.023530407,72.1937
24.373188349496587,35.09782609021359,73.044136,5011200.226593018,-0.0142599195,-0.022692742,73.07469
24.3913043591697,35.05434799367564,86.750465,2851200.015449524,-0.047749262,-0.03340692,71.30877
24.525362323808892,35.01449270273921,80.76379,13132799.572563171,0.027193703,-0.01749278,71.01971
24.33695651306752,35.26449269887389,75.24537,3456000.11844635,-0.09516893,-0.06862791,74.805466
24.278985653174068,35.159420527680346,80.15937,2246400.0495672226,-0.063908234,-0.038502328,72.524605
24.15217408195171,35.09782609021359,90.079155,12182399.56741333,0.024061766,-0.023713866,72.48764
24.528985389862203,35.079710263267266,73.800804,10454400.056648254,0.02308063,-0.012401497,73.81856
24.235507135886934,35.09782643790763,86.62735,11059200.15964508,0.020403335,-0.031701297,72.20593
24.242753659958876,34.931159481553294,83.59315,4406400.123596191,-0.03753004,-0.01195935,72.27665
24.358695745580064,35.14492749121842,79.46463,2764800.03991127,-0.03862868,-0.008141445,73.71918
24.40579722439643,35.07608730649443,81.130585,16588799.691009521,0.017331142,-0.021837594,70.59445
24.62318819070881,35.09782625650204,81.14894,7343999.840354919,-0.01920098,0.008514047,72.01792
24.3985509616347,35.079710263267266,82.39983,9071999.899578094,0.012327807,-0.014340157,71.89608
24.822463669968496,35.11956556932083,79.471794,8380800.095272064,0.010267545,0.009322759,72.33775
24.40217392316393,35.07246365433351,77.73675,259199.99517202377,0.011116248,0.0023544077,76.08971
24.235507135886934,35.09782643790763,86.62735,3196799.917602539,-0.013905432,0.0050557274,71.462906
24.731884091961334,34.88405773852335,82.62194,15724800.484085083,-0.00219924,-0.0019088704,68.97049
24.282608510179216,35.10869565592019,73.044136,3887999.996137619,-0.0613218,-0.045518182,72.94396
24.336956356281394,35.12681217825459,78.56935,16329599.49016571,-0.0053765737,-0.0005809851,73.20124
24.659420157792983,35.13768139626715,82.9603,1209599.9317646027,-0.014788799,0.010774078,70.73126
24.521739153231497,35.18115965909355,80.50853,17107200.092697144,0.024413913,-0.017403862,71.11185
24.677536062942007,35.07971042955572,84.775665,16243199.788856506,0.0038599297,-0.024757413,69.462105
24.282608510179216,35.10869565592019,73.044136,13305600.072097778,0.03612744,-0.010978239,73.12211
24.271739312019278,35.0833337340226,74.97577,17193599.794006348,0.015016161,-0.024636356,74.60677
24.003623304347823,35.192029209683014,80.788605,2937599.9909877777,-0.05012213,-0.0728319,71.44186
24.525362323808892,35.01449270273921,80.76379,16761600.190544128,0.0050935447,-0.020628078,70.42877
24.782608584568965,35.06521774078783,85.492004,11750399.96395111,0.020127196,-0.036302216,69.490776
24.55434784521419,35.039855304907746,78.730316,15033599.582862854,0.02129393,-0.014252802,72.34995
24.365941903817713,35.11594190204278,77.940506,16243199.788856506,0.0067879558,-0.009962475,73.625656
24.351449221508126,35.36231895652174,77.53338,8899199.948501587,0.047331605,0.002854444,77.18356
24.677536062942007,35.07971042955572,84.775665,11577599.464416504,0.017429672,-0.029262042,69.71459
24.293478074173446,35.130434424522214,78.52256,6912000.2368927,-0.023711342,-0.018862655,75.85121
24.52536253285706,35.05797113185407,79.99595,172800.00249445438,0.005213544,0.0070702843,74.39125
24.626811465810288,35.05797113185407,83.9315,14428799.479866028,0.026925497,-0.015002621,69.15498
24.278985574781007,35.18478260074926,85.36457,4752000.025749207,-0.09906709,-0.029214004,71.755226
24.242753659958876,34.931159481553294,83.59315,3887999.996137619,-0.037621904,-0.013833588,72.224815
24.409420264318722,35.097825908808005,75.01247,3023999.9665260315,-0.030795675,-0.012031337,75.37358
24.369565205050215,35.10507235145331,81.59638,6480000.084972382,-0.020737428,-0.013381528,72.75667
24.268116089179838,35.07971042955572,81.07262,18143999.79915619,0.007498432,-0.03197469,71.15418
24.340579735906957,35.22101461745307,78.71513,172800.00249445438,-0.03382625,-0.014716862,74.499664
24.481884276880134,35.21376834109622,79.042,18403200.0,-0.003941428,-0.015570803,72.248024
24.53985505838052,35.14492730981283,78.72631,13824000.4737854,0.024267768,-0.017676024,73.19313
24.15217408195171,35.09782609021359,90.079155,5356800.128746033,0.0049752034,-0.04074572,69.79782
24.623188347494935,34.98550731008629,86.27349,5356800.128746033,-0.03227095,-0.00072394125,71.73457
24.608695560661264,35.210145036629335,80.071884,7948799.943351746,0.0039546415,0.015925061,73.23746
24.340579657513896,35.072464168316,77.031204,14342399.778556824,0.020558447,-0.007852284,74.90249
24.442029139218562,35.043478080275,76.86345,17107200.092697144,0.009300925,-0.020512769,73.44686
24.202898613755877,35.17753635462667,82.22561,18316800.298690796,0.012373658,-0.03206133,71.2453
24.60144921950647,34.9456523441682,85.40489,8985600.19826889,0.0009652041,0.003345998,70.37446
24.15942034471344,35.02536261613985,84.04098,777599.9855160713,-0.019419637,0.027979128,71.20616
24.003623304347823,35.192029209683014,80.788605,4665599.775981903,-0.0668163,-0.036210038,73.63636
24.409420264318722,35.137681214861566,85.684586,11231999.562263489,0.021401547,-0.01668389,71.307465
24.16304339770124,35.14130418675153,77.183464,3801600.0205993652,-0.054504994,-0.06632328,75.52404
24.278985574781007,35.18478260074926,85.36457,6825599.987125397,-0.05811319,-0.023446066,72.32987
24.880434869565217,35.11594208344836,73.60822,6825599.987125397,-0.016775552,0.02756331,73.58273
24.278985653174068,35.159420527680346,80.15937,1641599.9465703964,-0.061740402,-0.03990721,72.227234
24.171296292717127,35.10648163098043,78.049835,5615999.781131744,-0.033337798,-0.022510504,76.137
24.619565229179578,35.18478278215484,82.255135,1468799.9954938889,-0.0023253746,0.00066514127,70.758064
24.72463775080654,35.097825908808005,83.506035,8639999.747657776,-0.0013613924,-0.0043852534,70.04401
24.35507260113369,35.04710138474188,76.478294,3023999.9665260315,-0.030126039,-0.01245573,76.36462
24.068840433535758,35.050724689208764,75.1399,12009600.164794922,0.028487533,-0.034479655,75.834465
24.47463793572534,35.15579704180788,74.131996,777599.9855160713,-0.007698361,0.010203721,73.984695
24.731883987437246,34.999999998854186,80.17734,1555199.9710321426,-0.011319522,-0.003298374,75.27015
24.49275373635028,35.04710138474188,79.64641,8380800.095272064,-0.0016622469,0.0067232903,73.657585
24.278985574781007,35.18478260074926,85.36457,10022400.453186035,0.029761707,-0.012451658,72.122696
24.235507135886934,35.09782643790763,86.62735,518399.99034404755,-0.0014871769,0.034734942,70.37172
24.623188347494935,34.98550731008629,86.27349,4319999.873828888,-0.031492848,-0.0023599193,71.680374
24.423912946628306,35.16304383214723,83.815254,14083199.577713013,0.0204658,-0.022801029,69.877594
24.423912946628306,35.13405791039468,84.735344,11491199.7631073,0.018620756,-0.022252372,70.96664
24.782608845879178,35.07246365433351,80.82854,12182399.56741333,0.021405915,-0.013983926,70.20199
24.525362323808892,35.01449270273921,80.76379,4752000.025749207,-0.027490396,0.0016286988,73.21569
24.340579657513896,35.072464168316,77.031204,8035200.193119049,-0.01905895,0.005332686,76.3859
24.351449221508126,35.36231895652174,77.53338,950400.0051498413,-0.08293684,-0.07122212,74.43837
24.409420342711783,35.02898555779556,73.23672,4924799.976825714,-0.022401694,-0.000995785,73.29342
24.369565205050215,35.10507235145331,81.59638,10454400.056648254,0.021124532,-0.023903517,72.46782
24.5036234048686,34.94565269942081,84.86278,17625600.494384766,0.0016944632,-0.035769485,69.91086
24.518115930392057,35.170290078269815,76.7112,17712000.19569397,0.014223706,-0.029419074,73.77631
24.507246418659868,35.018115659512056,74.98295,11577599.464416504,0.016159778,-0.017647414,74.99325
24.134057993885538,35.130434787333385,80.741425,2332799.8879909515,-0.084836364,-0.067105174,71.63375
24.52536253285706,35.05797113185407,79.99595,432000.01480579376,0.007845774,0.007566681,74.36654
24.471014503837736,35.137681214861566,84.09494,8639999.747657776,-0.002306264,-0.0004518777,71.1578
24.46739112421217,35.10507235145331,77.031204,11836799.665260315,0.024722086,-0.025112165,75.39994
24.264492787947336,35.06521739309379,75.914215,9071999.899578094,0.011856506,0.0086584985,76.586426
24.278985653174068,35.159420527680346,80.15937,3542400.093984604,-0.07354319,-0.031542085,73.1089
24.507246418659868,35.018115659512056,74.98295,14774400.478935242,0.026769139,-0.009152593,74.48113
24.278985574781007,35.18478260074926,85.36457,17798399.897003174,0.0035903975,-0.028165376,69.657486
24.572463802625258,35.028985391507106,77.31845,5702400.030899048,-0.018556535,-0.007272253,76.08364
24.677536062942007,35.07971042955572,84.775665,11231999.562263489,0.018132225,-0.028828038,69.78104
24.623188347494935,34.98550731008629,86.27349,16588799.691009521,0.0208869,-0.030490963,70.40094
24.351449221508126,35.36231895652174,77.53338,15638399.68585968,0.041294087,-0.027512526,74.19836
24.619565229179578,35.18478278215484,82.255135,10540799.757957458,0.026732642,-0.029138437,70.91384
24.518115930392057,35.170290078269815,76.7112,11750399.96395111,0.022996679,-0.027772522,75.49133
24.202898613755877,35.17753635462667,82.22561,10540799.757957458,0.027269768,-0.021854838,72.42518
24.40217392316393,35.07246365433351,77.73675,14947199.88155365,0.0147392955,-0.00264135,74.01458
24.3985509616347,35.079710263267266,82.39983,6480000.084972382,0.0017652623,-0.006704269,72.00162
24.3913043591697,35.05434799367564,86.750465,6393599.835205078,-0.017526433,0.010871377,71.53504
24.152173912100075,34.942029039701325,85.189964,9590399.752807617,0.01312376,-0.008297404,70.580215
24.586956589458925,35.03623181903528,81.050644,6480000.084972382,-0.011481512,0.0072369464,72.19513
24.655797039477626,35.09782643790763,82.953125,691200.0099778175,0.011236375,0.007408511,70.98635
24.822463669968496,35.11956556932083,79.471794,12960000.169944763,0.020800937,-0.023136174,70.68895
24.47463793572534,35.15579704180788,74.131996,4233599.898290634,-0.018865913,-0.010405688,74.36082
24.365941903817713,35.11594190204278,77.940506,2505600.113296509,-0.03811271,-0.01268336,75.31282
24.572463802625258,35.028985391507106,77.31845,3456000.11844635,-0.020442698,-0.0056232493,76.8016
24.242753659958876,34.931159481553294,83.59315,5097599.927902222,-0.032581467,-0.0045564864,72.27462
24.358695745580064,35.14492749121842,79.46463,12268800.365638733,0.020062465,-0.014623987,73.94315
24.579710091518006,35.06884069756067,84.24473,1123200.0247836113,-0.022478234,0.010616023,70.11452
24.373188532413735,34.85507217391305,83.68782,11318400.360488892,0.010743013,-0.04210837,70.12929
24.278985653174068,35.159420527680346,80.15937,13219200.370788574,0.019804573,-0.0126522165,73.09415
24.72463775080654,35.097825908808005,83.506035,15551999.984550476,0.014300516,-0.023967648,69.013176
24.373188349496587,35.09782609021359,73.044136,10281599.557113647,0.016593184,-0.009589059,72.78779
24.782608845879178,35.07246365433351,80.82854,17712000.19569397,-0.005655125,0.0064810496,70.90056
24.641304357168043,34.938405387540406,81.3883,5961600.231742859,-0.003794659,-0.022558274,71.909515
24.369565205050215,35.10507235145331,81.59638,604799.9658823013,-0.02340712,-0.001112286,71.025406
24.572463802625258,35.028985391507106,77.31845,11836799.665260315,0.019616324,-0.020501206,74.72563
24.171296292717127,35.10648163098043,78.049835,16675200.489234924,0.014581149,-0.032575198,73.725555
24.782608584568965,35.06521774078783,85.492004,9331199.551963806,0.013347719,-0.0050606597,69.71827
24.72463775080654,35.097825908808005,83.506035,5529600.07982254,-0.009977363,0.015566763,70.51568
24.286231733018653,35.16304365074164,82.86601,345600.00498890877,0.014412247,0.00041749328,69.870415
24.655797039477626,35.09782643790763,82.953125,10799999.95880127,0.015274284,-0.024060773,70.19989
24.068840433535758,35.17753635462667,82.62194,4924799.976825714,-0.026930239,-0.03275837,72.54637
24.52536253285706,35.05797113185407,79.99595,3542400.093984604,-0.019178215,-0.009224722,74.086075
24.177536001617764,35.01449252133363,77.3516,17366400.293540955,-0.0021328963,-0.027878312,73.42228
24.518115930392057,35.170290078269815,76.7112,864000.0296115875,-0.033882547,0.012835927,76.32977
24.423912946628306,35.16304383214723,83.815254,3887999.996137619,-0.035903554,8.990243e-05,70.53225
24.340579657513896,35.072464168316,77.031204,5615999.781131744,-0.03262383,-0.0180293,76.14472
24.35507260113369,35.04710138474188,76.478294,7862400.2420425415,-0.0041301735,-0.009883767,76.284836
24.46739112421217,35.10507235145331,77.031204,8035200.193119049,-0.0013114065,0.008009346,75.833176
24.518115930392057,35.170290078269815,76.7112,5875199.981975555,-0.017980278,-0.005962098,75.80198
24.503623143558386,34.916666955294566,80.479385,15033599.582862854,0.019829819,-0.014344556,70.460655
24.677536062942007,35.07971042955572,84.775665,11923200.463485718,0.016738245,-0.029333012,69.64189
24.731884091961334,34.88405773852335,82.62194,16761600.190544128,-0.0014175922,-0.014399381,69.11319
24.85869584610084,35.31159408476158,76.05999,950400.0051498413,0.0056652017,0.035541452,75.89584
24.586956589458925,35.03623181903528,81.050644,16675200.489234924,0.004933279,-0.027839819,70.20723
24.369565205050215,35.10507235145331,81.59638,13824000.4737854,0.026852805,-0.015020857,71.0772
24.57608686867857,35.22463755910878,78.28966,12787199.670410156,0.027180057,-0.0064884257,74.07444
24.003623304347823,35.192029209683014,80.788605,1036799.9806880951,-0.056160484,-0.07831248,69.95902
24.068840433535758,35.17753635462667,82.62194,6393599.835205078,-0.0070388354,-0.03683252,73.51673
24.525362323808892,35.01449270273921,80.76379,14515200.27809143,0.023212422,-0.021702765,70.58512
24.85869584610084,35.31159408476158,76.05999,8639999.747657776,-0.003602855,0.017947512,76.02974
24.068840433535758,35.17753635462667,82.62194,13651199.974250793,0.040253513,-0.024812328,70.88466
24.16304339770124,35.14130418675153,77.183464,11404800.061798096,0.036453374,-0.021465706,76.75005
24.423912946628306,35.16304383214723,83.815254,16416000.288391113,0.014333589,-0.02598554,69.2818
24.373188349496587,35.09782609021359,73.044136,0.0,-0.016981598,-0.0076476242,72.72111
24.85869584610084,35.31159408476158,76.05999,4147199.9227523804,-0.01961517,0.031248936,75.96413
24.800724541980035,35.0326085145684,80.91604,2678400.0643730164,-0.013647944,-0.018004084,73.66266
24.202898613755877,35.17753635462667,82.22561,12182399.56741333,0.032900028,-0.02163875,71.73534
24.728260869121893,35.15579704180788,79.23173,9158400.149345398,0.013787366,-0.0028902981,72.726746
24.177536001617764,35.01449252133363,77.3516,10195199.855804443,0.020006794,-0.035081923,76.67764
24.822463669968496,35.11956556932083,79.471794,5097599.927902222,-0.009817343,0.017825888,73.179634
24.57246390714934,35.13405809180027,82.83649,2159999.936914444,-0.010364093,-0.011503173,70.31803
24.409420342711783,35.02898555779556,73.23672,10454400.056648254,0.018021442,-0.006083017,73.22024
24.268116089179838,35.07971042955572,81.07262,13391999.773406982,0.02613214,-0.025618589,72.0114
24.43478277193275,35.06521686399416,78.38795,1728000.059223175,-0.02229805,-0.0140278805,75.66445
24.202898613755877,35.17753635462667,82.22561,950400.0051498413,-0.05586269,-0.06286093,70.20943
24.731883987437246,34.999999998854186,80.17734,3456000.11844635,-0.023728881,-0.001127705,74.14799
24.731884091961334,34.88405773852335,82.62194,14515200.27809143,0.014883755,0.0016572103,69.00823
24.5036234048686,34.94565269942081,84.86278,4665599.775981903,-0.025156926,-0.016861642,71.566505
24.576087129988778,34.96376817111452,80.53768,15983999.588012695,0.015104961,-0.02008398,70.14671
24.46739112421217,35.10507235145331,77.031204,13305600.072097778,0.026576359,-0.01908199,74.969986
24.782608584568965,35.06521774078783,85.492004,16502399.989700317,0.01886003,-0.023546515,69.98807
24.373188532413735,34.85507217391305,83.68782,15379199.48501587,0.017272979,-0.042696685,69.11826
24.16304339770124,35.14130418675153,77.183464,14601599.979400635,0.0332028,-0.02527999,75.440796
24.49275373635028,34.95652190987481,78.13308,10972800.458335876,0.007919729,-0.017524706,74.58713
24.2137679164399,35.101449394680465,78.1842,1123200.0247836113,0.0035005473,-0.034202807,74.46844
24.49275373635028,34.95652190987481,78.13308,16070400.386238098,-6.398931e-05,-0.00848881,72.34163
24.782608845879178,35.07246365433351,80.82854,2159999.936914444,-0.012859385,-0.011450646,73.623
24.336956356281394,35.12681217825459,78.56935,17193599.794006348,-0.008094534,0.0042778123,73.01206
24.06159400092239,35.235507653915,77.223785,9590399.752807617,0.044084556,-0.045952737,77.54591
24.068840433535758,35.050724689208764,75.1399,11318400.360488892,0.027425297,-0.03297265,75.808586
24.373188349496587,35.09782609021359,73.044136,2851200.015449524,-0.017601442,-0.0007388517,73.00934
24.16304339770124,35.14130418675153,77.183464,10195199.855804443,0.034780454,-0.01255385,76.91228
24.358695745580064,35.14492749121842,79.46463,17107200.092697144,0.0035024993,-0.01289227,72.3494
24.514492864338745,35.152173737341,77.98083,6739199.737358093,-0.01363283,-0.004213242,75.24749
24.141304256647267,35.05072417522627,80.839714,13996799.876403809,0.026029924,-0.024006521,72.51635
24.40579730278949,34.98550712868071,82.545616,0.0,-0.02189773,0.02573659,71.14402
24.3913043591697,35.05434799367564,86.750465,11491199.7631073,0.027310763,-0.011113679,71.45308
24.365941903817713,35.11594190204278,77.940506,0.0,-0.026392903,0.009791112,75.4411
24.33695651306752,35.26449269887389,75.24537,6480000.084972382,-0.041341934,-0.047500573,75.23861
24.641304357168043,34.938405387540406,81.3883,6825599.987125397,0.00019519776,-0.024530793,71.4842
24.60144921950647,34.9456523441682,85.40489,4147199.9227523804,-0.027982082,0.013404321,71.29274
24.068840433535758,35.17753635462667,82.62194,10022400.453186035,0.033720616,-0.035199948,72.52701
24.369565205050215,35.10507235145331,81.59638,4233599.898290634,-0.03365049,-0.011549072,72.255356
24.52536253285706,35.05797113185407,79.99595,17020800.39138794,0.009216122,-0.012620868,71.196
24.423912946628306,35.13405791039468,84.735344,6566399.786281586,-0.035509128,-0.0009696409,71.230354
24.171296292717127,35.10648163098043,78.049835,14342399.778556824,0.027212778,-0.024077112,74.862686
24.677536062942007,35.07971042955572,84.775665,13305600.072097778,0.016383672,-0.023981186,69.291336
24.518115930392057,35.170290078269815,76.7112,11404800.061798096,0.02176728,-0.028844947,75.579254
24.528985389862203,35.079710263267266,73.800804,604799.9658823013,-0.0041360185,-0.01500685,73.92038
24.15942034471344,35.02536261613985,84.04098,1900800.0102996826,-0.018909108,0.0019654762,71.13956
24.518115930392057,35.170290078269815,76.7112,5011200.226593018,-0.019946117,-0.0031331088,75.842445
24.068840433535758,35.17753635462667,82.62194,4752000.025749207,-0.027910095,-0.03257969,72.37649
24.579710091518006,35.06884069756067,84.24473,7948799.943351746,-0.0018660091,0.012445538,70.6847
24.32608705359737,35.05434782738719,80.59564,6307200.133895874,-0.007907342,-0.028108774,73.85533
24.152173912100075,34.942029039701325,85.189964,9935999.654960632,0.016484605,-0.013011297,70.43646
24.15217408195171,35.09782609021359,90.079155,3801600.0205993652,-0.012757119,-0.04591257,68.65993
24.15217408195171,35.09782609021359,90.079155,7948799.943351746,0.030758094,-0.002133811,71.7682
24.46739112421217,35.10507235145331,77.031204,2505600.113296509,-0.013206508,-0.016473992,76.2536
24.373188349496587,35.09782609021359,73.044136,4233599.898290634,-0.015943214,-0.019605136,73.10885
24.264492787947336,35.06521739309379,75.914215,15292799.783706665,0.00989126,-0.016822034,75.09068
24.293478074173446,35.130434424522214,78.52256,4579200.074672699,-0.04082114,-0.024538936,75.25558
24.85869584610084,35.31159408476158,76.05999,7862400.2420425415,-0.018776137,0.02637786,75.995384
24.49275373635028,34.95652190987481,78.13308,2764800.03991127,-0.02790432,0.0035823043,77.40496
24.171296292717127,35.10648163098043,78.049835,10972800.458335876,0.02477082,-0.024363829,76.43097
24.880434869565217,35.11594208344836,73.60822,6047999.933052063,-0.02706493,0.028477067,73.49373
24.373188349496587,35.09782609021359,73.044136,12787199.670410156,0.021047827,-0.022683846,72.78352
24.33695651306752,35.26449269887389,75.24537,4924799.976825714,-0.085552335,-0.056952223,74.890816
24.278985574781007,35.18478260074926,85.36457,13564800.27294159,0.031434625,-0.0154912975,70.63587
24.728260869121893,35.15579704180788,79.23173,4752000.025749207,-0.025785308,0.0061214752,74.00864
24.409420342711783,35.02898555779556,73.23672,14687999.680709839,0.01390674,-0.013923446,73.478485
24.55072462237475,35.07608730649443,88.70044,14947199.88155365,0.025990646,-0.03467872,71.16602
24.409420264318722,35.097825908808005,75.01247,1728000.059223175,-0.032807563,-0.01572585,75.07959
24.15217408195171,35.09782609021359,90.079155,18403200.0,0.009139251,-0.041400068,72.22935
24.800724541980035,35.0326085145684,80.91604,10195199.855804443,0.023121038,0.00011667237,70.71928
24.62318819070881,35.09782625650204,81.14894,2937599.9909877777,-0.017499454,0.00025610812,72.828255
24.2137679164399,35.101449394680465,78.1842,4752000.025749207,-0.027802672,-0.037114337,75.68492
24.53985505838052,35.14492730981283,78.72631,13910400.175094604,0.02425041,-0.017684283,73.1721
24.268116089179838,35.07971042955572,81.07262,5529600.07982254,-0.033619653,-0.016166097,73.52167
24.358695745580064,35.14492749121842,79.46463,14601599.979400635,0.015454719,-0.011747034,72.90429
24.43478277193275,35.06521686399416,78.38795,16329599.49016571,0.008808333,-0.012139676,72.72603
24.15942034471344,35.02536261613985,84.04098,7257600.139045715,0.002568923,-0.024666918,71.56867
24.32608705359737,35.05434782738719,80.59564,17279999.49531555,0.010390677,-0.027561033,71.027084
24.47463793572534,35.15579704180788,74.131996,16588799.691009521,0.016705854,-0.029220948,74.182655
24.822463669968496,35.11956556932083,79.471794,7257600.139045715,0.0069460347,0.020507505,72.556816
24.47463793572534,35.15579704180788,74.131996,11231999.562263489,0.018307107,-0.026299795,74.29906
24.336956356281394,35.12681217825459,78.56935,8639999.747657776,0.007097639,-0.008931255,75.78006
24.278985653174068,35.159420527680346,80.15937,7430400.090122223,-0.026665922,-0.020291677,74.5553
24.15217408195171,35.09782609021359,90.079155,3369599.8686790466,-0.011685226,-0.045544684,68.53149
24.51086948471318,35.141304337922854,75.965324,7343999.840354919,-0.007508602,0.01572809,75.64588
24.782608845879178,35.07246365433351,80.82854,8294399.845504761,-0.0034531876,0.010314327,71.28681
24.268116089179838,35.07971042955572,81.07262,15033599.582862854,0.020932361,-0.027052725,71.48926
24.518115930392057,35.170290078269815,76.7112,14428799.479866028,0.025775146,-0.016802525,74.78966
24.782608584568965,35.06521774078783,85.492004,13996799.876403809,0.024041722,-0.029714758,69.77949
24.677536062942007,35.07971042955572,84.775665,1555199.9710321426,-0.0052036345,0.005994059,70.264984
24.235507135886934,35.09782643790763,86.62735,1900800.0102996826,-0.003325373,0.023585165,70.998245
24.46739112421217,35.10507235145331,77.031204,16156800.087547302,0.014147272,-0.022379963,74.001854
24.677536062942007,35.07971042955572,84.775665,8035200.193119049,0.020382762,-0.010674423,70.34761
24.152173912100075,34.942029039701325,85.189964,9331199.551963806,0.009612177,-0.003819408,70.695244
24.171296292717127,35.10648163098043,78.049835,13046399.871253967,0.029755978,-0.021012465,75.7008
24.33695651306752,35.26449269887389,75.24537,13824000.4737854,0.03701122,-0.018524257,75.01271
24.471014503837736,35.137681214861566,84.09494,4406400.123596191,-0.028021704,-0.000103764236,70.52216
24.268116089179838,35.07971042955572,81.07262,518399.99034404755,-0.047111254,0.006258948,71.56716
24.507246418659868,35.018115659512056,74.98295,5702400.030899048,-0.015639208,-0.000845585,75.52719
24.152173912100075,34.942029039701325,85.189964,18230399.500465393,0.0016252995,-0.03123941,70.6278
24.340579657513896,35.072464168316,77.031204,5011200.226593018,-0.033768754,-0.017912732,76.11075
24.2137679164399,35.101449394680465,78.1842,5615999.781131744,-0.022551153,-0.032752365,76.011154
24.06159400092239,35.235507653915,77.223785,15638399.68585968,0.044406377,-0.067930005,75.75833
24.423912946628306,35.13405791039468,84.735344,11145599.860954285,0.018810239,-0.021031654,71.08
24.503623143558386,34.916666955294566,80.479385,7775999.992275238,-0.03400908,-0.00032745674,72.85977
24.24275355543479,35.275361916886446,83.709785,11491199.7631073,0.04087718,-0.015324766,71.85997
24.369565205050215,35.10507235145331,81.59638,691200.0099778175,-0.023552012,-0.002671549,71.03552
24.235507135886934,35.09782643790763,86.62735,17625600.494384766,0.0022834875,-0.031299695,70.473274
24.728260869121893,35.15579704180788,79.23173,7948799.943351746,0.005709052,0.009822566,73.097824
24.286231733018653,35.16304365074164,82.86601,13564800.27294159,0.029099379,-0.019805828,70.567955
24.53985505838052,35.14492730981283,78.72631,4579200.074672699,-0.022946078,0.001740912,74.66351
24.278985574781007,35.18478260074926,85.36457,17625600.494384766,0.006394841,-0.029461423,69.58921
24.576087129988778,34.96376817111452,80.53768,17193599.794006348,0.008210242,-0.022626666,70.10332
24.358695745580064,35.14492749121842,79.46463,16070400.386238098,0.0066373013,-0.014286617,72.52238
24.409420264318722,35.137681214861566,85.684586,0.0,-0.049899217,0.008355495,70.018776
24.507246627708035,35.15217355593542,72.15966,13564800.27294159,0.021251673,-0.006696457,72.23114
24.264492787947336,35.06521739309379,75.914215,3887999.996137619,-0.02954885,-0.026421757,75.74959
24.822463669968496,35.11956556932083,79.471794,15724800.484085083,0.016992303,-0.02969041,70.88184
24.369565205050215,35.10507235145331,81.59638,11923200.463485718,0.024434434,-0.022865383,71.89602
24.782608584568965,35.06521774078783,85.492004,13478399.474716187,0.023248108,-0.032450706,69.71588
24.518115930392057,35.170290078269815,76.7112,13910400.175094604,0.026947737,-0.015039207,74.91918
24.293478074173446,35.130434424522214,78.52256,12441599.768257141,0.016800325,-0.024799755,75.03258
24.782608845879178,35.07246365433351,80.82854,6134400.182819366,-0.023113359,0.012756723,71.78933
24.286231733018653,35.16304365074164,82.86601,10108800.15449524,0.035213545,-0.021211164,71.88412
24.409420342711783,35.02898555779556,73.23672,8899199.948501587,0.0030627102,0.013180227,73.08429
24.51086948471318,35.141304337922854,75.965324,5875199.981975555,-0.0135805495,0.0067417473,75.74646
24.53985505838052,35.14492730981283,78.72631,15638399.68585968,0.018513639,-0.023179797,72.66306
24.880434869565217,35.11594208344836,73.60822,4752000.025749207,-0.02454542,0.024395345,73.49434
24.43478277193275,35.06521686399416,78.38795,12182399.56741333,0.024125025,-0.007540079,74.22254
24.43478251062254,35.050724689208764,81.254395,7171199.889278412,-0.012691662,-0.010654917,72.577774
24.49275373635028,35.04710138474188,79.64641,12614400.267791748,0.017121656,-0.018767333,72.49772
24.2137679164399,35.101449394680465,78.1842,518399.99034404755,0.009928573,-0.03163521,74.26509
24.373188349496587,35.09782609021359,73.044136,3369599.8686790466,-0.019392028,-0.009125134,73.06496
24.47463793572534,35.15579704180788,74.131996,5615999.781131744,-0.01667767,-0.008661108,74.216705
24.423912946628306,35.13405791039468,84.735344,5356800.128746033,-0.03973366,-0.0012185574,70.93691
24.373188349496587,35.09782609021359,73.044136,9504000.051498413,0.011516133,-0.0070846584,72.68857
24.235507135886934,35.09782643790763,86.62735,1123200.0247836113,-0.0012930408,0.030602911,70.638794
24.503623143558386,34.916666955294566,80.479385,7603200.0411987305,-0.034981865,-0.0016912259,72.90812
24.471014503837736,35.137681214861566,84.09494,16156800.087547302,0.0039064065,-0.020995373,69.33619
24.525362323808892,35.01449270273921,80.76379,13305600.072097778,0.02696214,-0.017935468,70.963936
24.53985505838052,35.14492730981283,78.72631,10799999.95880127,0.01539913,-0.019152699,74.080574
24.528985389862203,35.079710263267266,73.800804,1641599.9465703964,-0.019015234,-0.017083744,74.106895
24.3985509616347,35.079710263267266,82.39983,9244799.850654602,0.011719724,-0.017049888,71.89642
24.576087129988778,34.96376817111452,80.53768,6998399.938201904,-0.016502947,-0.0053561796,72.562744
24.626811465810288,35.05797113185407,83.9315,8380800.095272064,-0.009313777,0.015690986,70.41392
24.33695651306752,35.26449269887389,75.24537,15465600.283241272,0.029899746,-0.017449165,75.22679
24.373188532413735,34.85507217391305,83.68782,14947199.88155365,0.019949462,-0.041553803,69.16061
24.2137679164399,35.101449394680465,78.1842,10454400.056648254,0.020893214,-0.015897864,76.23568
24.47463793572534,35.15579704180788,74.131996,6220799.884128571,-0.014342725,-0.007767843,74.13807
24.134057993885538,35.130434787333385,80.741425,5961600.231742859,-0.07302041,-0.010472527,74.60309
24.235507135886934,35.09782643790763,86.62735,8639999.747657776,-0.0070806257,-0.03279557,72.419685
24.235507135886934,35.09782643790763,86.62735,9504000.051498413,0.0026811175,-0.030997166,72.61327
24.35507260113369,35.04710138474188,76.478294,1209599.9317646027,-0.004338935,-0.008874392,76.23736
24.40579730278949,34.98550712868071,82.545616,9158400.149345398,0.010819852,-0.0331529,71.651184
24.43478277193275,35.06521686399416,78.38795,8639999.747657776,0.0041502416,-0.0004299041,75.18755
24.409420264318722,35.137681214861566,85.684586,172800.00249445438,-0.048312914,0.008160427,70.00656
24.17028990870767,35.119565206509655,75.23819,2851200.015449524,-0.06662527,-0.059409246,75.15935
24.003623304347823,35.192029209683014,80.788605,11231999.562263489,0.036948524,-0.022485128,73.46321
24.51086948471318,35.141304337922854,75.965324,10540799.757957458,0.021060988,-0.016033577,75.670265
24.619565229179578,35.18478278215484,82.255135,14169600.375938416,0.019239917,-0.026382389,69.69518
24.282608510179216,35.10869565592019,73.044136,1123200.0247836113,-0.06737377,-0.019736463,72.131836
24.5036234048686,34.94565269942081,84.86278,11577599.464416504,0.027157836,-0.03876587,70.27847
24.264492787947336,35.06521739309379,75.914215,3715200.0450611115,-0.02897155,-0.02820375,75.72843
24.351449221508126,35.36231895652174,77.53338,16243199.788856506,0.03800519,-0.027451405,74.2942
24.202898613755877,35.17753635462667,82.22561,14860800.180244446,0.027943525,-0.022167047,71.05588
24.72463775080654,35.097825908808005,83.506035,5184000.177669525,-0.013317186,0.012352189,70.53531
24.365941903817713,35.11594190204278,77.940506,12873600.46863556,0.02241934,-0.012963625,74.9747
24.579710091518006,35.06884069756067,84.24473,1468799.9954938889,-0.021730658,0.0076171085,70.12236
24.40217392316393,35.07246365433351,77.73675,7689599.742507935,-0.012533892,0.0060826745,75.84963
24.264492787947336,35.06521739309379,75.914215,7862400.2420425415,-0.013003711,0.011959633,76.399284
24.409420264318722,35.097825908808005,75.01247,9849599.953651428,0.019664468,-0.0054443944,75.35015
24.423912946628306,35.16304383214723,83.815254,7775999.992275238,0.02226282,-0.016085362,71.508415
24.47463793572534,35.15579704180788,74.131996,6393599.835205078,-0.01386749,-0.0077104177,74.116684
24.85869584610084,35.31159408476158,76.05999,5875199.981975555,-0.019740779,0.037210472,75.908875
24.40579730278949,34.98550712868071,82.545616,6220799.884128571,-0.04234727,-0.009107722,72.01413
24.2137679164399,35.101449394680465,78.1842,3887999.996137619,-0.0293173,-0.0363923,75.35138
24.608695560661264,35.210145036629335,80.071884,8467199.796581268,0.009790357,0.015338435,73.19062
24.677536062942007,35.07971042955572,84.775665,13391999.773406982,0.016628535,-0.023391658,69.27004
24.003623304347823,35.192029209683014,80.788605,14256000.07724762,0.041665364,-0.027786883,73.01373
24.43478277193275,35.06521686399416,78.38795,14083199.577713013,0.02155024,0.00457195,73.641754
24.880434869565217,35.11594208344836,73.60822,17625600.494384766,0.007001128,0.0051236153,73.516304
24.57608686867857,35.22463755910878,78.28966,18057600.097846985,0.018108254,-0.01576878,73.07108
24.782608584568965,35.06521774078783,85.492004,950400.0051498413,0.015323358,0.00016381964,70.638794
24.278985574781007,35.18478260074926,85.36457,2332799.8879909515,-0.104993135,-0.029524622,70.6709
24.822463669968496,35.11956556932083,79.471794,8899199.948501587,0.012424905,-0.00069094636,72.17432
24.282608510179216,35.10869565592019,73.044136,16070400.386238098,0.022696309,-0.029925669,73.116394
24.51086948471318,35.141304337922854,75.965324,691200.0099778175,-0.01640366,0.0068872906,76.16956
24.579710091518006,35.06884069756067,84.24473,12268800.365638733,0.02226668,-0.018796848,69.883736
24.202898613755877,35.17753635462667,82.22561,1123200.0247836113,-0.056418072,-0.06245535,70.25605
24.278985653174068,35.159420527680346,80.15937,15206400.082397461,0.008115523,-0.018473154,72.27956
24.782608584568965,35.06521774078783,85.492004,17712000.19569397,0.005859427,-0.020698423,70.3154
24.278985653174068,35.159420527680346,80.15937,5529600.07982254,-0.064333305,-0.026347691,73.98379
24.16304339770124,35.14130418675153,77.183464,1555199.9710321426,-0.05531719,-0.072378434,74.7616
24.15217408195171,35.09782609021359,90.079155,16329599.49016571,0.022243839,-0.03686934,72.20274
24.659420157792983,35.13768139626715,82.9603,16934399.593162537,0.014781989,-0.022652978,69.0193
24.525362323808892,35.01449270273921,80.76379,18403200.0,-0.0027004853,-0.012005372,70.655174
24.586956589458925,35.03623181903528,81.050644,3110399.9420642853,-0.0029067993,-0.017207915,73.16816
24.43478277193275,35.06521686399416,78.38795,14860800.180244446,0.01878417,0.0018348861,73.34444
24.340579735906957,35.22101461745307,78.71513,6220799.884128571,-0.013423484,-0.012090953,75.424355
24.782608584568965,35.06521774078783,85.492004,259199.99517202377,0.015074529,0.004316423,70.71417
24.369565205050215,35.10507235145331,81.59638,3283199.893140793,-0.032397885,-0.014557933,71.84484
24.15942034471344,35.02536261613985,84.04098,4060799.9472141266,-0.019621525,-0.008546764,71.102394
24.423912946628306,35.13405791039468,84.735344,12614400.267791748,0.02004494,-0.02096455,70.505516
24.46739112421217,35.10507235145331,77.031204,1123200.0247836113,0.011452047,-0.003964331,76.42498
24.365941903817713,35.11594190204278,77.940506,864000.0296115875,-0.025447976,-0.0039067045,75.35895
24.72463775080654,35.097825908808005,83.506035,15811200.185394287,0.012830857,-0.023886478,69.08059
24.521739153231497,35.18115965909355,80.50853,15811200.185394287,0.020824814,-0.017792074,71.25984
24.068840433535758,35.17753635462667,82.62194,11145599.860954285,0.035423514,-0.03027769,71.87834
24.40217392316393,35.07246365433351,77.73675,16416000.288391113,0.0007924959,-0.007246485,73.39405
24.423912946628306,35.16304383214723,83.815254,2073599.9613761902,-0.043822024,-0.008487126,69.72718
24.373188349496587,35.09782609021359,73.044136,691200.0099778175,-0.02349906,-0.011100968,72.67448
24.336956356281394,35.12681217825459,78.56935,11664000.262641907,0.019856226,-0.022814067,75.06885
24.068840433535758,35.050724689208764,75.1399,2764800.03991127,-0.035335246,-0.009206334,74.82476
24.17028990870767,35.119565206509655,75.23819,3715200.0450611115,-0.06222641,-0.04445176,75.30254
24.358695745580064,35.14492749121842,79.46463,7948799.943351746,-0.0020824075,0.015904032,74.84118
24.52536253285706,35.05797113185407,79.99595,14169600.375938416,0.019156544,-0.018494884,71.56619
24.068840433535758,35.17753635462667,82.62194,14342399.778556824,0.042791083,-0.024060616,70.54674
24.52536253285706,35.05797113185407,79.99595,3110399.9420642853,-0.019089572,-0.009551657,74.19731
24.2137679164399,35.101449394680465,78.1842,12268800.365638733,0.023248635,-0.026009241,75.68384
24.507246627708035,35.15217355593542,72.15966,4492800.099134445,-0.04376011,-0.006677637,71.60722
24.57246390714934,35.13405809180027,82.83649,15551999.984550476,0.013983911,-0.0153217595,69.27623
24.336956356281394,35.12681217825459,78.56935,14169600.375938416,0.01781893,-0.004385393,73.92174
24.782608584568965,35.06521774078783,85.492004,6047999.933052063,-0.021198932,0.010814408,70.30853
24.423912946628306,35.13405791039468,84.735344,15292799.783706665,0.015370838,-0.020532912,69.6014
24.17028990870767,35.119565206509655,75.23819,15897599.886703491,0.017334387,-0.03919164,75.20489
24.423912946628306,35.13405791039468,84.735344,5788799.732208252,-0.039571937,-0.0019751508,71.06084
24.503623143558386,34.916666955294566,80.479385,11923200.463485718,0.030207919,-0.025640199,71.61301
24.152173912100075,34.942029039701325,85.189964,86400.00124722719,-0.008769542,0.018885074,72.26215
24.134057993885538,35.130434787333385,80.741425,11231999.562263489,0.030086577,-0.019147372,73.8309
24.503623143558386,34.916666955294566,80.479385,6566399.786281586,-0.035242993,-0.011222286,73.30499
24.15942034471344,35.02536261613985,84.04098,12527999.469566345,0.017194074,-0.030544179,70.22837
24.152173912100075,34.942029039701325,85.189964,3887999.996137619,-0.02585471,-0.016492086,71.71428
24.503623143558386,34.916666955294566,80.479385,13910400.175094604,0.03155349,-0.00887938,70.94041
24.268116089179838,35.07971042955572,81.07262,7343999.840354919,-0.017121632,-0.018598588,73.71341
24.235507135886934,35.09782643790763,86.62735,12182399.56741333,0.023944043,-0.032353736,71.54617
24.373188532413735,34.85507217391305,83.68782,1728000.059223175,-0.025281917,0.024729198,72.78449
24.278985653174068,35.159420527680346,80.15937,7862400.2420425415,-0.016770147,-0.015527895,74.570274
24.268116089179838,35.07971042955572,81.07262,15120000.381088257,0.020276658,-0.027335512,71.46779
24.85869584610084,35.31159408476158,76.05999,1209599.9317646027,0.0058640726,0.0349044,75.92355
24.358695745580064,35.14492749121842,79.46463,9763200.252342224,0.018358614,-0.004761914,74.778854
24.275362351941567,35.02173896397893,79.32639,1123200.0247836113,-0.058372926,-0.02754288,74.681145
24.880434869565217,35.11594208344836,73.60822,3974399.971675873,-0.020730462,0.020611133,73.515854
24.351449221508126,35.36231895652174,77.53338,2332799.8879909515,-0.07353839,-0.077988364,74.93286
24.57246390714934,35.13405809180027,82.83649,172800.00249445438,-0.011953898,0.007413335,70.61648
24.655797039477626,35.09782643790763,82.953125,15120000.381088257,0.016393008,-0.022070738,69.06985
24.282608510179216,35.10869565592019,73.044136,3628800.0695228577,-0.06089874,-0.045549005,72.873535
24.43478251062254,35.050724689208764,81.254395,9071999.899578094,0.008190427,-0.002142882,72.41315
24.619565229179578,35.18478278215484,82.255135,12787199.670410156,0.020125143,-0.030356793,70.11172
24.16304339770124,35.14130418675153,77.183464,14687999.680709839,0.03261117,-0.02631954,75.38296
24.731884091961334,34.88405773852335,82.62194,259199.99517202377,0.001385469,0.013534989,72.937904
24.528985389862203,35.079710263267266,73.800804,15120000.381088257,0.020492882,-0.021233285,74.0711
24.525362323808892,35.01449270273921,80.76379,432000.01480579376,0.006187752,0.017548557,73.49295
24.507246627708035,35.15217355593542,72.15966,17884799.598312378,0.0045976564,-0.022373183,72.322075
24.286231733018653,35.16304365074164,82.86601,7171199.889278412,0.0148417,-0.029561056,72.4045
24.202898613755877,35.17753635462667,82.22561,7084800.187969208,-0.019009642,0.0019867625,72.91325
24.423912946628306,35.13405791039468,84.735344,11318400.360488892,0.018686488,-0.021727191,71.02549
24.2137679164399,35.101449394680465,78.1842,2592000.0888347626,-0.02114873,-0.03639152,74.90101
24.800724541980035,35.0326085145684,80.91604,4319999.873828888,-0.0204457,-0.012498261,72.63247
24.586956589458925,35.03623181903528,81.050644,2332799.8879909515,-0.0009743944,-0.01355776,73.25687
24.340579657513896,35.072464168316,77.031204,15811200.185394287,0.010010198,-0.017781606,74.22941
24.471014503837736,35.137681214861566,84.09494,1987199.9858379364,-0.017939359,-0.0064445455,69.57097
24.286231733018653,35.16304365074164,82.86601,14601599.979400635,0.027620409,-0.023571374,70.31954
24.177536001617764,35.01449252133363,77.3516,10540799.757957458,0.021153482,-0.03474573,76.593346
24.623188347494935,34.98550731008629,86.27349,3887999.996137619,-0.028988864,-0.0032572094,71.61245
24.264492787947336,35.06521739309379,75.914215,17712000.19569397,0.008918647,-0.022903385,74.31567
24.728260869121893,35.15579704180788,79.23173,9676799.454116821,0.014806151,-0.010588633,72.53968
24.293478074173446,35.130434424522214,78.52256,4924799.976825714,-0.039456557,-0.023855219,75.36626
24.659420157792983,35.13768139626715,82.9603,14515200.27809143,0.023683945,-0.017698495,69.11727
24.46739112421217,35.10507235145331,77.031204,9158400.149345398,0.010521356,0.0056499206,75.81246
24.608695560661264,35.210145036629335,80.071884,11923200.463485718,0.015704615,-0.012557147,72.23316
24.409420264318722,35.097825908808005,75.01247,4060799.9472141266,-0.026097964,-0.004797457,75.503784
24.3913043591697,35.05434799367564,86.750465,13910400.175094604,0.026792128,-0.012767987,70.403076
24.3985509616347,35.079710263267266,82.39983,13305600.072097778,0.028549787,-0.021008382,70.634056
24.442029139218562,35.043478080275,76.86345,12873600.46863556,0.014999431,-0.02263304,75.12661
24.271739312019278,35.0833337340226,74.97577,4406400.123596191,-0.038668778,-0.018238315,75.23518
24.264492787947336,35.06521739309379,75.914215,16761600.190544128,0.007545229,-0.021972554,74.572876
24.171296292717127,35.10648163098043,78.049835,7516799.791431427,-0.009700477,-0.019396072,76.63196
24.782608845879178,35.07246365433351,80.82854,16156800.087547302,0.0050112456,-0.0075514857,70.00197
24.3913043591697,35.05434799367564,86.750465,11145599.860954285,0.026024459,-0.010139117,71.64935
24.141304256647267,35.05072417522627,80.839714,10108800.15449524,0.0024252497,-0.023487141,73.918365
24.40579730278949,34.98550712868071,82.545616,7343999.840354919,-0.029787589,-0.0145260375,71.81312
24.57608686867857,35.22463755910878,78.28966,11318400.360488892,0.02043358,-0.011554891,74.519775
24.134057993885538,35.130434787333385,80.741425,2073599.9613761902,-0.08329888,-0.0699262,71.46614
24.528985389862203,35.079710263267266,73.800804,16675200.489234924,0.012645401,-0.025128866,73.90025
24.503623143558386,34.916666955294566,80.479385,10195199.855804443,0.008735485,-0.012093691,72.25879
24.06159400092239,35.235507653915,77.223785,9849599.953651428,0.04625586,-0.048869155,77.53446
24.659420157792983,35.13768139626715,82.9603,7171199.889278412,-0.012576561,0.010635875,70.86016
24.15942034471344,35.02536261613985,84.04098,16588799.691009521,0.01197543,-0.03967735,69.8828
24.880434869565217,35.11594208344836,73.60822,12441599.768257141,0.024310594,-0.020697342,73.67836
24.242753659958876,34.931159481553294,83.59315,8985600.19826889,0.019289162,0.010150779,70.68928
24.608695560661264,35.210145036629335,80.071884,8208000.144195557,0.006926913,0.016012207,73.21974
24.264492787947336,35.06521739309379,75.914215,7689599.742507935,-0.014243122,0.012338601,76.36793
24.141304256647267,35.05072417522627,80.839714,18143999.79915619,-0.007850204,-0.02307854,71.32003
24.16304339770124,35.14130418675153,77.183464,4665599.775981903,-0.041038435,-0.054972142,75.88428
24.202898613755877,35.17753635462667,82.22561,7171199.889278412,-0.016450092,0.0028931666,72.92714
24.40579722439643,35.07608730649443,81.130585,9935999.654960632,0.019233344,-0.023750791,72.67912
24.3985509616347,35.079710263267266,82.39983,2678400.0643730164,-0.018697511,0.00964549,70.87671
24.275362351941567,35.02173896397893,79.32639,3887999.996137619,-0.056578215,-0.01688203,75.22876
24.46739112421217,35.10507235145331,77.031204,13132799.572563171,0.026163436,-0.020221299,75.02011
24.528985389862203,35.079710263267266,73.800804,1468799.9954938889,-0.01876501,-0.018387383,74.086136
24.47463793572534,35.15579704180788,74.131996,13305600.072097778,0.024223264,-0.022444418,74.261986
24.340579657513896,35.072464168316,77.031204,9244799.850654602,0.0049901344,0.004414996,76.39851
24.409420342711783,35.02898555779556,73.23672,12009600.164794922,0.017087672,-0.013894143,73.26803
24.351449221508126,35.36231895652174,77.53338,4665599.775981903,-0.056971695,-0.051639996,76.69716
24.46739112421217,35.10507235145331,77.031204,9504000.051498413,0.01409721,1.3653189e-05,75.80878
24.358695745580064,35.14492749121842,79.46463,12873600.46863556,0.020947246,-0.01194617,73.66079
24.3913043591697,35.05434799367564,86.750465,345600.00498890877,-0.05268916,-0.034959346,70.80409
24.521739153231497,35.18115965909355,80.50853,10972800.458335876,0.009419471,-0.01508701,72.36194
24.171296292717127,35.10648163098043,78.049835,7257600.139045715,-0.011858478,-0.02010814,76.59606
24.373188349496587,35.09782609021359,73.044136,14428799.479866028,0.019865213,-0.029797731,73.02686
24.57608686867857,35.22463755910878,78.28966,4406400.123596191,-0.02255899,-0.015000125,74.7637
24.351449221508126,35.36231895652174,77.53338,16934399.593162537,0.033979204,-0.025746075,74.1849
24.32608705359737,35.05434782738719,80.59564,15033599.582862854,0.022287877,-0.023089403,71.41792
24.358695745580064,35.14492749121842,79.46463,13219200.370788574,0.021045826,-0.010812027,73.49188
24.623188347494935,34.98550731008629,86.27349,13046399.871253967,0.033871394,-0.027720412,70.09332
24.278985653174068,35.159420527680346,80.15937,13391999.773406982,0.019788163,-0.0129427705,73.012024
24.626811465810288,35.05797113185407,83.9315,3887999.996137619,-0.022338059,0.01249127,70.65116
24.481884276880134,35.21376834109622,79.042,7603200.0411987305,-0.006989535,0.014908941,74.68026
24.068840433535758,35.17753635462667,82.62194,16070400.386238098,0.03889076,-0.032156058,69.94838
24.264492787947336,35.06521739309379,75.914215,17884799.598312378,0.0084403865,-0.023360426,74.28006
24.75362311542571,35.148550251468535,82.31272,4233599.898290634,-0.035530042,0.011311688,71.00901
24.579710091518006,35.06884069756067,84.24473,6912000.2368927,-0.017090179,0.012581498,70.771904
24.340579735906957,35.22101461745307,78.71513,6047999.933052063,-0.016982272,-0.011398332,75.331345
24.57608686867857,35.22463755910878,78.28966,10972800.458335876,0.019514408,-0.012115551,74.60998
24.409420342711783,35.02898555779556,73.23672,8812800.247192383,0.0009399578,0.013805886,73.07828
24.503623143558386,34.916666955294566,80.479385,2592000.0888347626,-0.017565534,-0.009642595,74.52662
24.47463793572534,35.15579704180788,74.131996,2332799.8879909515,-2.2921711e-05,-0.011723066,74.299194
24.3913043591697,35.05434799367564,86.750465,3023999.9665260315,-0.047183093,-0.032033637,71.33803
24.62318819070881,35.09782625650204,81.14894,777599.9855160713,0.009907875,0.017769981,72.68762
24.43478277193275,35.06521686399416,78.38795,18316800.298690796,-0.0051594824,-0.002184637,72.40712
24.49275373635028,34.95652190987481,78.13308,11577599.464416504,0.015364436,-0.017111575,74.34639
24.51086948471318,35.141304337922854,75.965324,13564800.27294159,0.025613835,-0.015480166,75.138695
24.659420157792983,35.13768139626715,82.9603,11231999.562263489,0.020760996,-0.023580914,70.22633
24.43478277193275,35.06521686399416,78.38795,5097599.927902222,-0.031965304,-0.008668138,75.58
24.242753659958876,34.931159481553294,83.59315,15811200.185394287,0.010294583,-0.022509823,69.75811
24.800724541980035,35.0326085145684,80.91604,7603200.0411987305,-0.003640145,0.01711433,71.24145
24.202898613755877,35.17753635462667,82.22561,15206400.082397461,0.025693605,-0.024293212,71.02518
24.171296292717127,35.10648163098043,78.049835,5097599.927902222,-0.039813127,-0.024716401,75.9398
24.822463669968496,35.11956556932083,79.471794,8467199.796581268,0.010679765,0.0077988617,72.312744
24.3913043591697,35.05434799367564,86.750465,7343999.840354919,-0.0054910295,0.017793521,71.82503
24.409420264318722,35.137681214861566,85.684586,9676799.454116821,0.016076116,-0.008353138,71.75776
24.57246390714934,35.13405809180027,82.83649,4838399.727058411,-0.019756343,-0.007930005,71.029854
24.53985505838052,35.14492730981283,78.72631,14169600.375938416,0.024084851,-0.017918723,73.10561
24.521739153231497,35.18115965909355,80.50853,11059200.15964508,0.009205867,-0.016371613,72.33092
24.141304256647267,35.05072417522627,80.839714,2678400.0643730164,-0.053870838,-0.0241249,72.65883
24.2137679164399,35.101449394680465,78.1842,12614400.267791748,0.025017817,-0.025929349,75.52415
24.60144921950647,34.9456523441682,85.40489,6912000.2368927,-0.024851281,0.016546939,70.90258
24.17028990870767,35.119565206509655,75.23819,10972800.458335876,0.037543997,-0.013471434,76.265114
24.242753659958876,34.931159481553294,83.59315,5270399.878978729,-0.03014898,-0.0020350572,72.256195
24.373188349496587,35.09782609021359,73.044136,16156800.087547302,0.015196076,-0.02569128,73.23717
24.06159400092239,35.235507653915,77.223785,18403200.0,0.009417985,-0.05016987,74.10695
24.365941903817713,35.11594190204278,77.940506,12009600.164794922,0.020942643,-0.018297145,75.27217
24.800724541980035,35.0326085145684,80.91604,2764800.03991127,-0.0142254755,-0.01806605,73.60624
24.503623143558386,34.916666955294566,80.479385,16416000.288391113,-0.00083037466,-0.011171581,69.95378
24.068840433535758,35.17753635462667,82.62194,13996799.876403809,0.04165866,-0.024104835,70.712585
24.32608705359737,35.05434782738719,80.59564,604799.9658823013,-0.031085644,-0.022082055,72.81999
24.626811465810288,35.05797113185407,83.9315,14256000.07724762,0.027568094,-0.015198873,69.16957
24.40579730278949,34.98550712868071,82.545616,15120000.381088257,0.020081889,-0.04815173,69.596664
24.641304357168043,34.938405387540406,81.3883,14256000.07724762,0.021369537,-0.029492492,69.57907
24.16304339770124,35.14130418675153,77.183464,3110399.9420642853,-0.055506844,-0.07044284,75.255135
24.282608510179216,35.10869565592019,73.044136,15120000.381088257,0.031312965,-0.018566245,73.129364
24.60144921950647,34.9456523441682,85.40489,15551999.984550476,0.017699461,-0.033902206,69.50341
24.880434869565217,35.11594208344836,73.60822,15206400.082397461,0.022373488,-0.014049249,73.588036
24.409420185925658,35.126811301460926,78.58091,6047999.933052063,-0.017742567,-0.014532762,75.2407
24.49275373635028,34.95652190987481,78.13308,8553600.046348572,-0.018614255,0.005858347,75.2554
24.32608705359737,35.05434782738719,80.59564,13737599.675559998,0.029772017,-0.024816578,71.834
24.471014503837736,35.137681214861566,84.09494,17625600.494384766,-0.005991202,-0.015335569,69.502754
24.275362351941567,35.02173896397893,79.32639,2419199.8635292053,-0.05647884,-0.024838144,74.88656
24.576087129988778,34.96376817111452,80.53768,14601599.979400635,0.028149687,-0.015037419,70.47604
24.40579722439643,35.07608730649443,81.130585,3456000.11844635,-0.019447222,-0.00052041,72.508835
24.373188532413735,34.85507217391305,83.68782,864000.0296115875,-0.006871544,0.029812071,72.223785
24.242753659958876,34.931159481553294,83.59315,5443199.830055237,-0.027224522,0.0006087553,72.229294
24.55072462237475,35.07608730649443,88.70044,7257600.139045715,0.014377503,-0.015551681,72.45465
24.003623304347823,35.192029209683014,80.788605,8380800.095272064,0.02244121,0.005205756,74.66883
24.528985389862203,35.079710263267266,73.800804,15033599.582862854,0.02105564,-0.0208766,74.078316
24.55072462237475,35.07608730649443,88.70044,6566399.786281586,0.012260396,-0.023309676,72.30245
24.576087129988778,34.96376817111452,80.53768,11577599.464416504,0.029553939,-0.019601831,71.40635
24.46739112421217,35.10507235145331,77.031204,14342399.778556824,0.026543617,-0.015796447,74.642944
24.677536062942007,35.07971042955572,84.775665,7516799.791431427,0.018172441,-0.0059055965,70.384705
24.409420264318722,35.097825908808005,75.01247,17020800.39138794,0.010445083,-0.010230513,74.40499
24.43478251062254,35.050724689208764,81.254395,10195199.855804443,0.017568458,-0.020033082,72.29433
24.46739112421217,35.10507235145331,77.031204,14256000.07724762,0.026757468,-0.015927995,74.672585
24.373188349496587,35.09782609021359,73.044136,16070400.386238098,0.015869351,-0.025069473,73.23464
24.43478251062254,35.050724689208764,81.254395,3974399.971675873,-0.021262977,-0.00965756,72.67337
24.373188349496587,35.09782609021359,73.044136,1209599.9317646027,-0.022387777,-0.006583182,72.719696
24.880434869565217,35.11594208344836,73.60822,7171199.889278412,-0.015581723,0.026070572,73.63422
24.55434784521419,35.039855304907746,78.730316,16847999.891853333,0.0053482354,-0.017505782,71.86557
24.75362311542571,35.148550251468535,82.31272,7257600.139045715,-0.030920226,0.017648268,70.69723
24.51086948471318,35.141304337922854,75.965324,13910400.175094604,0.024692748,-0.015309701,75.0622
24.003623304347823,35.192029209683014,80.788605,6480000.084972382,-0.043691967,-0.004112387,75.03105
24.85869584610084,35.31159408476158,76.05999,2073599.9613761902,0.0023319796,0.033187754,76.01225
24.514492864338745,35.152173737341,77.98083,4406400.123596191,-0.025309917,-0.011031048,75.28617
24.57246390714934,35.13405809180027,82.83649,6998399.938201904,-0.016013,-0.00018729642,71.23304
24.55072462237475,35.07608730649443,88.70044,17539199.696159363,0.012187306,-0.02979693,71.18968
24.171296292717127,35.10648163098043,78.049835,4406400.123596191,-0.044056218,-0.024769055,75.66415
24.46739112421217,35.10507235145331,77.031204,12441599.768257141,0.02494437,-0.023780117,75.2202
24.369565205050215,35.10507235145331,81.59638,6134400.182819366,-0.02455758,-0.0132309515,72.727104
24.003623304347823,35.192029209683014,80.788605,3715200.0450611115,-0.057743784,-0.05718153,72.386986
24.53985505838052,35.14492730981283,78.72631,259199.99517202377,0.012407398,0.013575285,75.28163
24.608695560661264,35.210145036629335,80.071884,8121599.894428253,0.005947817,0.016061109,73.22684
24.202898613755877,35.17753635462667,82.22561,11577599.464416504,0.029775925,-0.023272337,72.00804
24.293478074173446,35.130434424522214,78.52256,17798399.897003174,0.0062054656,-0.011982987,73.025536
24.572463802625258,35.028985391507106,77.31845,14774400.478935242,0.02173117,-0.0061125774,73.59956
24.655797039477626,35.09782643790763,82.953125,12700799.969100952,0.017742481,-0.02351884,69.66921
24.49275373635028,35.04710138474188,79.64641,8467199.796581268,-0.00059087574,0.007256156,73.64383
24.264492787947336,35.06521739309379,75.914215,5788799.732208252,-0.030798707,0.0021205265,76.01458
24.16304339770124,35.14130418675153,77.183464,5270399.878978729,-0.027467411,-0.046647802,76.14082
24.572463802625258,35.028985391507106,77.31845,13219200.370788574,0.023450982,-0.012460431,74.23973
24.47463793572534,35.15579704180788,74.131996,10799999.95880127,0.018868508,-0.021112604,74.26861
24.141304256647267,35.05072417522627,80.839714,10799999.95880127,0.011421317,-0.026372166,73.82613
24.242753659958876,34.931159481553294,83.59315,14342399.778556824,0.026909862,-0.011718543,69.678734
24.068840433535758,35.17753635462667,82.62194,7862400.2420425415,0.0186081,-0.03838163,73.56964
24.275362351941567,35.02173896397893,79.32639,11059200.15964508,0.030847725,-0.031764135,74.54756
24.235507135886934,35.09782643790763,86.62735,777599.9855160713,-0.0012053289,0.033050973,70.47987
24.52536253285706,35.05797113185407,79.99595,864000.0296115875,0.0068638436,0.005223889,74.357994
24.423912946628306,35.13405791039468,84.735344,14083199.577713013,0.020909064,-0.016463747,69.925095
24.264492787947336,35.06521739309379,75.914215,2592000.0888347626,-0.025562894,-0.03481917,75.582535
24.171296292717127,35.10648163098043,78.049835,11923200.463485718,0.025846519,-0.023915382,76.1982
24.235507135886934,35.09782643790763,86.62735,2937599.9909877777,-0.011137951,0.0091356635,71.38789
24.731883987437246,34.999999998854186,80.17734,10281599.557113647,0.014250688,-0.018381992,71.58656
24.586956589458925,35.03623181903528,81.050644,5443199.830055237,-0.020292908,-0.008152967,72.411545
24.171296292717127,35.10648163098043,78.049835,2246400.0495672226,-0.046356987,-0.02659507,74.80961
24.51086948471318,35.141304337922854,75.965324,13651199.974250793,0.025417438,-0.015363952,75.11923
24.409420185925658,35.126811301460926,78.58091,5011200.226593018,-0.028473515,-0.013413401,75.15165
24.47463793572534,35.15579704180788,74.131996,11836799.665260315,0.020110754,-0.026596589,74.308365
24.72463775080654,35.097825908808005,83.506035,1123200.0247836113,0.0062972605,0.0015209857,70.83701
24.655797039477626,35.09782643790763,82.953125,7603200.0411987305,-0.0052215494,-0.015812004,70.80273
24.409420264318722,35.137681214861566,85.684586,3110399.9420642853,-0.04135232,-0.0035142545,70.42939
24.409420264318722,35.137681214861566,85.684586,12960000.169944763,0.027587427,-0.010019591,70.632515
24.800724541980035,35.0326085145684,80.91604,11577599.464416504,0.025580965,0.0039643385,70.25273
24.068840433535758,35.050724689208764,75.1399,2592000.0888347626,-0.03224666,-0.0076596458,74.843956
24.06159400092239,35.235507653915,77.223785,1900800.0102996826,-0.08876656,-0.061477564,76.63698
24.800724541980035,35.0326085145684,80.91604,4060799.9472141266,-0.019773185,-0.013236044,72.77737
24.626811465810288,35.05797113185407,83.9315,9763200.252342224,0.012008056,-0.00648986,70.10762
24.293478074173446,35.130434424522214,78.52256,8899199.948501587,0.0036215968,-0.00081005134,75.90752
24.278985574781007,35.18478260074926,85.36457,17539199.696159363,0.0077679083,-0.030047933,69.55647
24.57246390714934,35.13405809180027,82.83649,10108800.15449524,0.014536599,-0.017211234,70.86367
24.278985574781007,35.18478260074926,85.36457,11318400.360488892,0.03016024,-0.017142238,71.65577
24.068840433535758,35.17753635462667,82.62194,5011200.226593018,-0.026325379,-0.032887697,72.62872
24.16304339770124,35.14130418675153,77.183464,13737599.675559998,0.037932795,-0.016881393,76.02099
24.409420185925658,35.126811301460926,78.58091,4665599.775981903,-0.030593257,-0.0127025,75.132034
24.47463793572534,35.15579704180788,74.131996,8812800.247192383,0.008783925,-0.007796945,74.046745
24.655797039477626,35.09782643790763,82.953125,14687999.680709839,0.018253677,-0.022107271,69.10363
24.068840433535758,35.050724689208764,75.1399,9071999.899578094,-0.0121279955,-0.02776437,75.5154
24.003623304347823,35.192029209683014,80.788605,18403200.0,0.020590372,-0.04805787,72.21845
24.525362323808892,35.01449270273921,80.76379,7084800.187969208,-0.020964388,0.012529081,72.57137
24.35507260113369,35.04710138474188,76.478294,1814400.0347614288,-0.016188603,-0.010005055,76.29409
24.068840433535758,35.17753635462667,82.62194,2073599.9613761902,-0.017059203,-0.037068777,70.232
24.278985653174068,35.159420527680346,80.15937,2332799.8879909515,-0.06443058,-0.0381291,72.567345
24.202898613755877,35.17753635462667,82.22561,15033599.582862854,0.026803266,-0.023213184,71.03933
24.271739312019278,35.0833337340226,74.97577,5961600.231742859,-0.041244376,-0.024263037,75.352234
24.24275355543479,35.275361916886446,83.709785,1987199.9858379364,-0.06336042,-0.07019196,69.104095
24.264492787947336,35.06521739309379,75.914215,7257600.139045715,-0.016495764,0.012776634,76.2914
24.62318819070881,35.09782625650204,81.14894,5356800.128746033,-0.027921226,0.0038412642,72.26354
24.55434784521419,35.039855304907746,78.730316,3369599.8686790466,-0.012762815,-0.012563517,75.742966
24.3985509616347,35.079710263267266,82.39983,10454400.056648254,0.014880905,-0.02961897,71.82547
24.586956589458925,35.03623181903528,81.050644,6652800.036048889,-0.010587707,0.009922003,72.17323
24.286231733018653,35.16304365074164,82.86601,3369599.8686790466,-0.014799703,-0.02575701,70.94764
24.33695651306752,35.26449269887389,75.24537,2246400.0495672226,-0.10966797,-0.07186014,75.22787
24.409420264318722,35.097825908808005,75.01247,10454400.056648254,0.02051675,-0.013474455,75.37295
24.507246627708035,35.15217355593542,72.15966,13824000.4737854,0.020762986,-0.0069426578,72.251465
24.528985389862203,35.079710263267266,73.800804,9158400.149345398,0.010675153,-0.0056863707,73.86461
24.481884276880134,35.21376834109622,79.042,8208000.144195557,0.0013786331,0.016946428,74.761955
24.55072462237475,35.07608730649443,88.70044,1123200.0247836113,0.007864699,-0.0066986587,73.1866
24.32608705359737,35.05434782738719,80.59564,8726399.99742508,0.010345064,-0.032932542,73.77814
24.15942034471344,35.02536261613985,84.04098,15033599.582862854,0.017226128,-0.033146203,69.78746
24.62318819070881,35.09782625650204,81.14894,17366400.293540955,0.010920832,-0.017872216,70.23601
24.340579735906957,35.22101461745307,78.71513,11145599.860954285,0.02880308,-0.027518326,75.19578
24.423912946628306,35.13405791039468,84.735344,9849599.953651428,0.017636692,-0.013241151,71.35001
24.423912946628306,35.16304383214723,83.815254,2332799.8879909515,-0.043001186,-0.007796498,69.837906
24.423912946628306,35.13405791039468,84.735344,9590399.752807617,0.01582986,-0.011537967,71.37721
24.278985574781007,35.18478260074926,85.36457,3456000.11844635,-0.105816424,-0.02618095,71.225075
24.365941903817713,35.11594190204278,77.940506,2246400.0495672226,-0.036081184,-0.012617556,75.30505
24.40579730278949,34.98550712868071,82.545616,17107200.092697144,0.00074922666,-0.038422406,69.71305
24.46739112421217,35.10507235145331,77.031204,17452799.99485016,0.014564987,-0.018978557,73.55633
24.507246418659868,35.018115659512056,74.98295,6393599.835205078,-0.008468073,0.005232921,75.37463
24.47463793572534,35.15579704180788,74.131996,15120000.381088257,0.024202416,-0.016535005,74.28883
24.40217392316393,35.07246365433351,77.73675,2937599.9909877777,-0.023771595,-0.016249282,75.95256
24.423912946628306,35.16304383214723,83.815254,13391999.773406982,0.021030478,-0.024542289,70.16293
24.141304256647267,35.05072417522627,80.839714,6912000.2368927,-0.04382517,0.005267486,74.37748
24.3985509616347,35.079710263267266,82.39983,86400.00124722719,0.0022369288,-0.00495659,70.323715
24.521739153231497,35.18115965909355,80.50853,4492800.099134445,-0.015378527,-0.018659858,72.94384
24.268116089179838,35.07971042955572,81.07262,18403200.0,0.0058788694,-0.031513892,71.21377
24.423912946628306,35.13405791039468,84.735344,15983999.588012695,0.01116523,-0.023380326,69.4773
24.282608510179216,35.10869565592019,73.044136,10540799.757957458,0.016611198,-0.011233026,73.06334
24.576087129988778,34.96376817111452,80.53768,11059200.15964508,0.027242955,-0.019316098,71.52683
24.068840433535758,35.17753635462667,82.62194,16156800.087547302,0.038575273,-0.03257788,69.930176
24.528985389862203,35.079710263267266,73.800804,14860800.180244446,0.022244515,-0.020073967,74.09091
24.85869584610084,35.31159408476158,76.05999,3715200.0450611115,-0.018839091,0.03090995,75.98909
24.235507135886934,35.09782643790763,86.62735,10713600.257492065,0.017841596,-0.031294033,72.37331
24.677536062942007,35.07971042955572,84.775665,14083199.577713013,0.018881002,-0.01931169,69.140045
24.40579722439643,35.07608730649443,81.130585,18316800.298690796,0.00784101,-0.020579794,70.77697
24.51086948471318,35.141304337922854,75.965324,7084800.187969208,-0.0077816844,0.015629595,75.65249
24.351449221508126,35.36231895652174,77.53338,432000.01480579376,-0.088966236,-0.069900975,74.41541
24.46739112421217,35.10507235145331,77.031204,6912000.2368927,-0.0010022707,-0.009922838,75.83373
24.576087129988778,34.96376817111452,80.53768,6912000.2368927,-0.017498877,-0.0047932286,72.59226
24.572463802625258,35.028985391507106,77.31845,17971200.39653778,-0.0046263114,-0.0009266101,72.861046
24.40579722439643,35.07608730649443,81.130585,13996799.876403809,0.028305259,-0.01531033,71.064476
24.32608705359737,35.05434782738719,80.59564,3715200.0450611115,-0.026487757,-0.019510092,73.50723
24.409420342711783,35.02898555779556,73.23672,6566399.786281586,-0.018156316,0.012655685,73.08654
24.33695651306752,35.26449269887389,75.24537,9244799.850654602,0.035060048,-0.037008867,75.479515
24.47463793572534,35.15579704180788,74.131996,13478399.474716187,0.024523988,-0.022096189,74.26123
24.57246390714934,35.13405809180027,82.83649,4233599.898290634,-0.021295909,-0.008668868,70.90244
24.351449221508126,35.36231895652174,77.53338,3542400.093984604,-0.07493405,-0.07394858,75.882095
24.003623304347823,35.192029209683014,80.788605,86400.00124722719,-0.08740714,-0.061934136,69.639084
24.800724541980035,35.0326085145684,80.91604,15638399.68585968,0.013602868,0.0025349427,70.09329
24.24275355543479,35.275361916886446,83.709785,6652800.036048889,-0.025243279,-0.029353065,71.70342
24.365941903817713,35.11594190204278,77.940506,8208000.144195557,-0.023003232,-0.008128049,76.034744
24.40579722439643,35.07608730649443,81.130585,5788799.732208252,-0.009334449,-0.0065358076,72.86773
24.521739153231497,35.18115965909355,80.50853,10886399.660110474,0.009646907,-0.013659945,72.39354
24.275362351941567,35.02173896397893,79.32639,2937599.9909877777,-0.056257945,-0.02156035,74.997246
24.336956356281394,35.12681217825459,78.56935,12614400.267791748,0.020897616,-0.015234726,74.667496
24.40579722439643,35.07608730649443,81.130585,16070400.386238098,0.019113844,-0.020699034,70.65151
24.409420342711783,35.02898555779556,73.23672,17884799.598312378,-9.165704e-05,-0.0131308455,73.59431
24.518115930392057,35.170290078269815,76.7112,12095999.866104126,0.024252428,-0.025710585,75.40021
24.141304256647267,35.05072417522627,80.839714,2419199.8635292053,-0.053687457,-0.024778144,72.54859
24.282608510179216,35.10869565592019,73.044136,10886399.660110474,0.02000914,-0.017443726,73.09157
24.134057993885538,35.130434787333385,80.741425,9331199.551963806,0.02629552,0.005290609,74.26803
24.282608510179216,35.10869565592019,73.044136,16761600.190544128,0.018624194,-0.028553331,73.08093
24.369565205050215,35.10507235145331,81.59638,4665599.775981903,-0.032991555,-0.011043293,72.41408
24.35507260113369,35.04710138474188,76.478294,864000.0296115875,0.00516193,-0.0059778336,76.22219
24.409420264318722,35.137681214861566,85.684586,5615999.781131744,-0.04196505,0.010876475,71.25608
24.572463802625258,35.028985391507106,77.31845,15120000.381088257,0.018389715,-0.007938391,73.473526
24.24275355543479,35.275361916886446,83.709785,2851200.015449524,-0.06573628,-0.067791656,69.475975
24.409420342711783,35.02898555779556,73.23672,4579200.074672699,-0.019690529,-0.0021982528,73.31794
24.40217392316393,35.07246365433351,77.73675,8467199.796581268,0.0016361475,0.005298421,75.87785
24.177536001617764,35.01449252133363,77.3516,9935999.654960632,0.018959828,-0.034130327,76.742874
24.60144921950647,34.9456523441682,85.40489,13478399.474716187,0.027890917,-0.027427355,69.64554
24.369565205050215,35.10507235145331,81.59638,8639999.747657776,0.009306252,-0.011894146,72.780045
24.576087129988778,34.96376817111452,80.53768,10799999.95880127,0.02610999,-0.01924573,71.58579
24.171296292717127,35.10648163098043,78.049835,15724800.484085083,0.017843733,-0.030612031,74.05021
24.33695651306752,35.26449269887389,75.24537,11836799.665260315,0.036308147,-0.034515068,75.3265
24.43478277193275,35.06521686399416,78.38795,2937599.9909877777,-0.028918725,-0.011615833,75.64279
24.641304357168043,34.938405387540406,81.3883,12527999.469566345,0.022585452,-0.030904425,70.010185
24.278985574781007,35.18478260074926,85.36457,1123200.0247836113,-0.10200578,-0.031882353,69.99266
24.33695651306752,35.26449269887389,75.24537,10799999.95880127,0.037111156,-0.04078716,75.41535
24.659420157792983,35.13768139626715,82.9603,10368000.35533905,0.019435516,-0.023330608,70.41524
24.202898613755877,35.17753635462667,82.22561,11318400.360488892,0.028658789,-0.023548158,72.12123
24.3985509616347,35.079710263267266,82.39983,17452799.99485016,0.02232467,-0.02468309,70.110275
24.3985509616347,35.079710263267266,82.39983,7862400.2420425415,0.016848123,-0.0037149936,71.93276
24.51086948471318,35.141304337922854,75.965324,9590399.752807617,0.013799319,-0.0030206442,75.70513
24.525362323808892,35.01449270273921,80.76379,1900800.0102996826,-0.00646434,0.005709965,73.55618
24.5036234048686,34.94565269942081,84.86278,8467199.796581268,-0.002035886,0.00079580955,70.55754
24.373188532413735,34.85507217391305,83.68782,5011200.226593018,-0.030267712,-0.011300398,72.91292
24.507246627708035,35.15217355593542,72.15966,10281599.557113647,0.02203373,-0.004058242,71.9984
24.16304339770124,35.14130418675153,77.183464,9849599.953651428,0.034089737,-0.011022905,76.95606
24.822463669968496,35.11956556932083,79.471794,13478399.474716187,0.021948053,-0.020835439,70.57592
24.608695560661264,35.210145036629335,80.071884,9676799.454116821,0.019259231,0.0025757868,72.88889
24.5036234048686,34.94565269942081,84.86278,2159999.936914444,-0.014180284,-0.009905109,70.96222
24.3913043591697,35.05434799367564,86.750465,13996799.876403809,0.026301626,-0.013376651,70.38821
24.608695560661264,35.210145036629335,80.071884,16070400.386238098,0.016140653,-0.016496958,71.36679
24.503623143558386,34.916666955294566,80.479385,18403200.0,-0.010608532,0.014163466,70.13001
24.731883987437246,34.999999998854186,80.17734,13132799.572563171,0.015342014,-0.011503266,70.984856
24.423912946628306,35.16304383214723,83.815254,6566399.786281586,0.0040676333,-0.013166441,71.356606
24.57246390714934,35.13405809180027,82.83649,6480000.084972382,-0.017632358,-0.0019335598,71.190765
24.572463802625258,35.028985391507106,77.31845,14947199.88155365,0.020194415,-0.0068978835,73.53503
24.800724541980035,35.0326085145684,80.91604,12182399.56741333,0.02516815,0.008374402,70.11428
24.15217408195171,35.09782609021359,90.079155,15379199.48501587,0.027237844,-0.0316749,72.61358
24.57608686867857,35.22463755910878,78.28966,2073599.9613761902,-0.016768217,-0.005848864,75.031296
24.32608705359737,35.05434782738719,80.59564,11059200.15964508,0.023203883,-0.038438775,73.04965
24.271739312019278,35.0833337340226,74.97577,2764800.03991127,-0.04542247,-0.019404048,74.85624
24.340579657513896,35.072464168316,77.031204,8639999.747657776,-0.008604497,0.00858479,76.43579
24.423912946628306,35.13405791039468,84.735344,17279999.49531555,0.0023409165,-0.023473961,69.51257
24.731884091961334,34.88405773852335,82.62194,7430400.090122223,-0.010942362,0.009919884,69.836464
24.608695560661264,35.210145036629335,80.071884,2332799.8879909515,-0.03600728,-0.0018296726,72.98042
24.782608845879178,35.07246365433351,80.82854,1728000.059223175,-0.005110044,-0.009549605,73.8683
24.068840433535758,35.17753635462667,82.62194,4579200.074672699,-0.028585274,-0.03251154,72.20199
24.75362311542571,35.148550251468535,82.31272,11231999.562263489,0.011945395,-0.025363566,70.00613
24.49275373635028,34.95652190987481,78.13308,15206400.082397461,0.010560429,0.0013776701,72.741165
24.49275373635028,35.04710138474188,79.64641,13737599.675559998,0.01672051,-0.01734302,72.14026
24.62318819070881,35.09782625650204,81.14894,10022400.453186035,0.003242433,-0.013539074,71.39487
24.57608686867857,35.22463755910878,78.28966,15638399.68585968,0.022052897,-0.017640965,73.53588
24.677536062942007,35.07971042955572,84.775665,16329599.49016571,0.0030592754,-0.024985453,69.48655
24.507246418659868,35.018115659512056,74.98295,9504000.051498413,0.019106887,5.608797e-05,75.00286
24.507246418659868,35.018115659512056,74.98295,13391999.773406982,0.027052559,-0.008270228,74.70122
24.15217408195171,35.09782609021359,90.079155,17107200.092697144,0.018181916,-0.03899715,72.04433
24.880434869565217,35.11594208344836,73.60822,9071999.899578094,0.014375119,0.0020150598,73.66973
24.373188349496587,35.09782609021359,73.044136,14515200.27809143,0.019598426,-0.03011625,73.044556
24.655797039477626,35.09782643790763,82.953125,11318400.360488892,0.01556539,-0.023816587,70.09981
24.340579657513896,35.072464168316,77.031204,13824000.4737854,0.023326188,-0.006662002,75.14667
24.177536001617764,35.01449252133363,77.3516,16156800.087547302,0.008707173,-0.030523704,73.959816
24.336956356281394,35.12681217825459,78.56935,6480000.084972382,-0.023642454,-0.00050714053,75.52562
24.507246418659868,35.018115659512056,74.98295,8467199.796581268,0.013987405,0.011597742,75.00731
24.507246627708035,35.15217355593542,72.15966,6134400.182819366,-0.022920292,0.017205138,71.28
24.619565229179578,35.18478278215484,82.255135,9763200.252342224,0.029010817,-0.02755651,71.15223
24.268116089179838,35.07971042955572,81.07262,6480000.084972382,-0.023267243,-0.020650765,73.71367
24.55434784521419,35.039855304907746,78.730316,10195199.855804443,0.026016671,-0.01027338,73.95001
24.619565229179578,35.18478278215484,82.255135,3542400.093984604,-0.017658845,-0.0029093847,70.98314
24.177536001617764,35.01449252133363,77.3516,15120000.381088257,0.019143037,-0.027145179,74.56843
24.373188532413735,34.85507217391305,83.68782,18316800.298690796,0.008410361,-0.03861077,69.66167
24.576087129988778,34.96376817111452,80.53768,8035200.193119049,-0.00047768652,-0.013877092,72.257675
24.728260869121893,35.15579704180788,79.23173,5270399.878978729,-0.026548345,0.006563913,73.7719
24.141304256647267,35.05072417522627,80.839714,15120000.381088257,0.01877549,-0.026536902,71.90438
24.47463793572534,35.15579704180788,74.131996,12873600.46863556,0.023477064,-0.022935638,74.27196
24.271739312019278,35.0833337340226,74.97577,5702400.030899048,-0.040415075,-0.023122495,75.337746
24.278985574781007,35.18478260074926,85.36457,13824000.4737854,0.031675667,-0.01637551,70.482185
24.62318819070881,35.09782625650204,81.14894,6998399.938201904,-0.021577325,0.009521086,72.045395
24.068840433535758,35.17753635462667,82.62194,604799.9658823013,-0.04240669,-0.01265504,69.668236
24.57246390714934,35.13405809180027,82.83649,2246400.0495672226,-0.01084907,-0.011583967,70.33566
24.655797039477626,35.09782643790763,82.953125,6652800.036048889,-0.009209171,-0.001793826,70.835304
24.141304256647267,35.05072417522627,80.839714,16847999.891853333,0.0055202134,-0.029127615,71.41046
24.62318819070881,35.09782625650204,81.14894,12355200.066947937,0.010499511,-0.019043317,70.79582
24.72463775080654,35.097825908808005,83.506035,10713600.257492065,0.014538417,-0.027294694,69.7021
24.623188347494935,34.98550731008629,86.27349,13996799.876403809,0.032295052,-0.02868394,69.97068
24.731884091961334,34.88405773852335,82.62194,4665599.775981903,-0.020070586,0.0013967678,71.08284
24.16304339770124,35.14130418675153,77.183464,2937599.9909877777,-0.05510183,-0.07098499,75.19226
24.32608705359737,35.05434782738719,80.59564,5961600.231742859,-0.011172611,-0.02622394,73.849945
24.659420157792983,35.13768139626715,82.9603,3023999.9665260315,-0.021044675,0.006157458,70.74273
24.409420342711783,35.02898555779556,73.23672,13824000.4737854,0.021125993,-0.0053122174,73.35023
24.3913043591697,35.05434799367564,86.750465,7257600.139045715,-0.0064896233,0.017473232,71.79246
24.46739112421217,35.10507235145331,77.031204,16329599.49016571,0.013567315,-0.0227378,73.94294
24.423912946628306,35.13405791039468,84.735344,0.0,-0.01989539,0.01456502,69.3663
24.60144921950647,34.9456523441682,85.40489,2332799.8879909515,-0.0140530765,0.012344959,70.8479
24.576087129988778,34.96376817111452,80.53768,4752000.025749207,-0.020833906,-0.0033124182,73.55663
24.782608845879178,35.07246365433351,80.82854,15811200.185394287,0.0052455254,-0.01108746,69.84634
24.2137679164399,35.101449394680465,78.1842,13305600.072097778,0.027691338,-0.027177272,75.1587
24.351449221508126,35.36231895652174,77.53338,12009600.164794922,0.05742739,-0.01737112,74.46173
24.409420342711783,35.02898555779556,73.23672,10022400.453186035,0.018514479,0.0015973635,73.180885
24.15942034471344,35.02536261613985,84.04098,5443199.830055237,-0.013532918,-0.011699034,71.45928
24.3985509616347,35.079710263267266,82.39983,15811200.185394287,0.019804033,-0.024418494,70.13784
24.481884276880134,35.21376834109622,79.042,13391999.773406982,0.022580298,-0.004571477,73.36256
24.49275373635028,35.04710138474188,79.64641,11145599.860954285,0.016015692,-0.010877995,72.971664
24.626811465810288,35.05797113185407,83.9315,17798399.897003174,0.008139946,-0.014933107,69.90029
24.576087129988778,34.96376817111452,80.53768,5184000.177669525,-0.022481676,-0.0030760001,73.34968
24.351449221508126,35.36231895652174,77.53338,6134400.182819366,-0.0013085529,-0.016440997,77.32207
24.2137679164399,35.101449394680465,78.1842,7084800.187969208,-0.014772315,-0.019784229,76.38745
24.275362351941567,35.02173896397893,79.32639,5184000.177669525,-0.052043375,-0.02029801,75.4154
24.782608845879178,35.07246365433351,80.82854,8553600.046348572,0.0013672262,0.007553572,71.24435
24.85869584610084,35.31159408476158,76.05999,10540799.757957458,0.007204991,-0.01332592,75.37883
24.579710091518006,35.06884069756067,84.24473,15638399.68585968,0.0016152486,-0.018609883,69.25981
24.525362323808892,35.01449270273921,80.76379,11059200.15964508,0.022712937,-0.012848513,71.65848
24.62318819070881,35.09782625650204,81.14894,16934399.593162537,0.010562949,-0.018186035,70.126015
24.619565229179578,35.18478278215484,82.255135,14342399.778556824,0.018794661,-0.026121253,69.66247
24.271739312019278,35.0833337340226,74.97577,13564800.27294159,0.030617733,-0.010304647,75.25847
24.373188532413735,34.85507217391305,83.68782,14256000.07724762,0.023664437,-0.039897732,69.25595
24.782608845879178,35.07246365433351,80.82854,11750399.96395111,0.0218139,-0.015252901,70.35207
24.40217392316393,35.07246365433351,77.73675,5529600.07982254,-0.027574446,-0.010679198,75.9707
24.202898613755877,35.17753635462667,82.22561,864000.0296115875,-0.055629652,-0.06301284,70.18749
24.32608705359737,35.05434782738719,80.59564,5529600.07982254,-0.015272018,-0.02352733,73.82544
24.576087129988778,34.96376817111452,80.53768,14687999.680709839,0.027499892,-0.015103558,70.44682
24.49275373635028,34.95652190987481,78.13308,11491199.7631073,0.014430262,-0.017211827,74.38111
24.068840433535758,35.17753635462667,82.62194,14947199.88155365,0.043045245,-0.025986956,70.289276
24.24275355543479,35.275361916886446,83.709785,16502399.989700317,0.032953504,-0.042995244,69.59355
24.5036234048686,34.94565269942081,84.86278,8121599.894428253,-0.006495215,-0.0022164322,70.632324
24.373188349496587,35.09782609021359,73.044136,13132799.572563171,0.02207463,-0.022101706,72.80272
24.503623143558386,34.916666955294566,80.479385,4406400.123596191,-0.028165456,-0.018338596,74.191
24.53985505838052,35.14492730981283,78.72631,18230399.500465393,0.01778937,-0.020757427,72.170235
24.626811465810288,35.05797113185407,83.9315,11404800.061798096,0.021306034,-0.021067405,69.80117
24.35507260113369,35.04710138474188,76.478294,17366400.293540955,0.010270722,-0.0066626426,73.86403
24.242753659958876,34.931159481553294,83.59315,3542400.093984604,-0.03701518,-0.013517076,72.17534
24.503623143558386,34.916666955294566,80.479385,10022400.453186035,0.005269412,-0.009024097,72.318245
24.3913043591697,35.05434799367564,86.750465,12873600.46863556,0.029936578,-0.0095407795,70.720505
24.47463793572534,35.15579704180788,74.131996,13564800.27294159,0.024701081,-0.02178816,74.261566
24.528985389862203,35.079710263267266,73.800804,3628800.0695228577,-0.025819886,-0.01202905,74.17441
24.293478074173446,35.130434424522214,78.52256,8121599.894428253,-0.010598127,-0.00568573,75.95143
24.75362311542571,35.148550251468535,82.31272,2937599.9909877777,-0.030424092,0.0162972,71.35102
24.271739312019278,35.0833337340226,74.97577,10627199.459266663,0.029743794,-0.026677301,75.74879
24.728260869121893,35.15579704180788,79.23173,5702400.030899048,-0.025052834,0.0061977655,73.60181
24.340579657513896,35.072464168316,77.031204,6047999.933052063,-0.03179315,-0.017468741,76.174576
24.423912946628306,35.16304383214723,83.815254,12700799.969100952,0.020170985,-0.027579298,70.48962
24.134057993885538,35.130434787333385,80.741425,9676799.454116821,0.028879702,0.00063378736,74.20183
24.731884091961334,34.88405773852335,82.62194,11231999.562263489,0.019076487,-0.016597426,69.34296
24.24275355543479,35.275361916886446,83.709785,8639999.747657776,0.029199593,0.012579224,72.30226
24.53985505838052,35.14492730981283,78.72631,8639999.747657776,0.0017553009,0.005163798,74.55828
24.55434784521419,35.039855304907746,78.730316,15897599.886703491,0.011028135,-0.018417163,72.022385
24.731884091961334,34.88405773852335,82.62194,16416000.288391113,-0.0033455417,-0.012499897,69.04174
24.518115930392057,35.170290078269815,76.7112,4147199.9227523804,-0.019762453,-0.0020448174,75.923744
24.60144921950647,34.9456523441682,85.40489,2678400.0643730164,-0.019898951,0.012928936,70.960976
24.528985389862203,35.079710263267266,73.800804,12960000.169944763,0.027245287,-0.018575976,74.04896
24.068840433535758,35.050724689208764,75.1399,1814400.0347614288,-0.032573793,-0.014016254,74.96294
24.49275373635028,34.95652190987481,78.13308,6307200.133895874,-0.02451123,0.009414522,75.76773
24.43478251062254,35.050724689208764,81.254395,5443199.830055237,-0.023997556,-0.01222557,72.73115
24.40217392316393,35.07246365433351,77.73675,9071999.899578094,0.012139741,-0.0012716036,75.83717
24.06159400092239,35.235507653915,77.223785,18316800.298690796,0.010131691,-0.05117155,74.15164
24.471014503837736,35.137681214861566,84.09494,14515200.27809143,0.015410179,-0.016041191,69.5728
24.3913043591697,35.05434799367564,86.750465,10108800.15449524,0.020680154,-0.0021344107,72.139565
24.514492864338745,35.152173737341,77.98083,5529600.07982254,-0.022687096,-0.010640798,75.18932
24.235507135886934,35.09782643790763,86.62735,4665599.775981903,-0.026766118,-0.012869632,71.703064
24.134057993885538,35.130434787333385,80.741425,15206400.082397461,0.023620687,-0.021734124,72.111626
24.423912946628306,35.13405791039468,84.735344,7171199.889278412,-0.028095167,0.00018860586,71.31571
24.471014503837736,35.137681214861566,84.09494,12960000.169944763,0.016843481,-0.022642972,70.178986
24.521739153231497,35.18115965909355,80.50853,13564800.27294159,0.021340473,-0.0109140705,71.57526
24.46739112421217,35.10507235145331,77.031204,432000.01480579376,0.018758358,0.0008002501,76.50186
24.3985509616347,35.079710263267266,82.39983,10886399.660110474,0.017577764,-0.030449616,71.73535
24.52536253285706,35.05797113185407,79.99595,15724800.484085083,0.01195414,-0.015165316,71.16825
24.728260869121893,35.15579704180788,79.23173,6998399.938201904,-0.008048691,0.009387989,73.28876
24.003623304347823,35.192029209683014,80.788605,8121599.894428253,0.015768873,0.007065844,74.777504
24.3985509616347,35.079710263267266,82.39983,10368000.35533905,0.014353588,-0.02924444,71.838326
24.3913043591697,35.05434799367564,86.750465,13132799.572563171,0.029662836,-0.009595597,70.61676
24.24275355543479,35.275361916886446,83.709785,5356800.128746033,-0.048610505,-0.059369825,71.192825
24.15217408195171,35.09782609021359,90.079155,17625600.494384766,0.014984321,-0.04060398,72.07209
24.514492864338745,35.152173737341,77.98083,3110399.9420642853,-0.024609748,-0.010552125,75.40292
24.521739153231497,35.18115965909355,80.50853,2332799.8879909515,-0.016676813,-0.0035960283,72.423325
24.358695745580064,35.14492749121842,79.46463,9071999.899578094,0.012732429,0.0049440973,74.86124
24.16304339770124,35.14130418675153,77.183464,8467199.796581268,0.022035522,-0.013006454,77.01133
24.525362323808892,35.01449270273921,80.76379,2764800.03991127,-0.0121610835,-0.0018232353,73.6136
24.351449221508126,35.36231895652174,77.53338,15897599.886703491,0.039739814,-0.02774859,74.25849
24.373188532413735,34.85507217391305,83.68782,14083199.577713013,0.024282485,-0.039697617,69.28646
24.003623304347823,35.192029209683014,80.788605,13046399.871253967,0.042013302,-0.023313018,73.276054
24.51086948471318,35.141304337922854,75.965324,5184000.177669525,-0.016741958,-0.0020074528,75.83288
24.51086948471318,35.141304337922854,75.965324,6998399.938201904,-0.008015189,0.015442309,75.65599
24.75362311542571,35.148550251468535,82.31272,11750399.96395111,0.011425501,-0.027333656,69.90084
24.62318819070881,35.09782625650204,81.14894,17625600.494384766,0.010630835,-0.01757322,70.298134
24.525362323808892,35.01449270273921,80.76379,15551999.984550476,0.015275363,-0.023134107,70.40208
24.2137679164399,35.101449394680465,78.1842,5875199.981975555,-0.020171773,-0.030661495,76.10134
24.423912946628306,35.13405791039468,84.735344,11404800.061798096,0.018644994,-0.022012578,70.99659
24.731883987437246,34.999999998854186,80.17734,17366400.293540955,0.0024335086,-0.010558618,71.40513
24.32608705359737,35.05434782738719,80.59564,14428799.479866028,0.026410747,-0.023018865,71.588036
24.141304256647267,35.05072417522627,80.839714,11145599.860954285,0.014798552,-0.02689085,73.75395
24.442029139218562,35.043478080275,76.86345,17539199.696159363,0.008985378,-0.019075053,73.336296
24.518115930392057,35.170290078269815,76.7112,13824000.4737854,0.027027402,-0.01496266,74.9414
24.293478074173446,35.130434424522214,78.52256,13737599.675559998,0.018515479,-0.017828872,74.32811
24.068840433535758,35.17753635462667,82.62194,12009600.164794922,0.036489125,-0.027909556,71.55251
24.264492787947336,35.06521739309379,75.914215,14947199.88155365,0.013852064,-0.012353079,75.21591
24.24275355543479,35.275361916886446,83.709785,5097599.927902222,-0.051451754,-0.062833965,71.06438
24.62318819070881,35.09782625650204,81.14894,1209599.9317646027,0.0047055557,0.0109195355,72.747246
24.16304339770124,35.14130418675153,77.183464,15551999.984550476,0.027455289,-0.036072724,74.87111
24.134057993885538,35.130434787333385,80.741425,9849599.953651428,0.029537601,-0.0018439945,74.16696
24.503623143558386,34.916666955294566,80.479385,10108800.15449524,0.0070234463,-0.01054992,72.288864
24.51086948471318,35.141304337922854,75.965324,3542400.093984604,-0.020082869,-0.011387719,76.119354
24.60144921950647,34.9456523441682,85.40489,4924799.976825714,-0.028100241,0.01536969,71.33962
24.49275373635028,35.04710138474188,79.64641,3023999.9665260315,-0.020786341,-0.0035009086,74.67449
24.586956589458925,35.03623181903528,81.050644,13910400.175094604,0.022919744,-0.012850868,70.32974
24.782608845879178,35.07246365433351,80.82854,16329599.49016571,0.0049408823,-0.0048097316,70.093864
24.373188349496587,35.09782609021359,73.044136,6739199.737358093,-0.00384368,-0.014594061,72.77603
24.409420264318722,35.137681214861566,85.684586,9590399.752807617,0.015406853,-0.0074674655,71.77454
24.655797039477626,35.09782643790763,82.953125,5356800.128746033,-0.017719809,0.0053636227,70.84916
24.33695651306752,35.26449269887389,75.24537,11231999.562263489,0.03678412,-0.03797318,75.38975
24.528985389862203,35.079710263267266,73.800804,16156800.087547302,0.012302415,-0.029807618,73.9585
24.782608845879178,35.07246365433351,80.82854,7689599.742507935,-0.012678683,0.015790522,71.38435
24.16304339770124,35.14130418675153,77.183464,7689599.742507935,0.013673216,-0.01865538,76.92831
24.17028990870767,35.119565206509655,75.23819,2505600.113296509,-0.06568709,-0.063941166,75.09332
24.75362311542571,35.148550251468535,82.31272,10540799.757957458,0.014197597,-0.020974608,70.13605
24.235507135886934,35.09782643790763,86.62735,3283199.893140793,-0.014859077,0.0037155729,71.48571
24.32608705359737,35.05434782738719,80.59564,7603200.0411987305,0.0016092174,-0.03037552,73.83522
24.409420342711783,35.02898555779556,73.23672,9331199.551963806,0.012079198,0.009749783,73.11797
24.60144921950647,34.9456523441682,85.40489,13391999.773406982,0.027932119,-0.027391745,69.66694
24.60144921950647,34.9456523441682,85.40489,9417600.350189209,0.011513516,-0.0034883786,70.347664
24.17028990870767,35.119565206509655,75.23819,10108800.15449524,0.03531149,-0.006870946,76.290474
24.55434784521419,35.039855304907746,78.730316,10022400.453186035,0.026264448,-0.009062352,74.006516
24.655797039477626,35.09782643790763,82.953125,1900800.0102996826,-0.0037257,-0.0031735618,70.99057
24.373188532413735,34.85507217391305,83.68782,6998399.938201904,-0.021006528,-0.03197392,72.02963
24.278985653174068,35.159420527680346,80.15937,8639999.747657776,0.0012413636,-0.008534359,74.513405
24.3985509616347,35.079710263267266,82.39983,1555199.9710321426,-0.010767825,0.0005858131,70.458786
24.51086948471318,35.141304337922854,75.965324,7775999.992275238,-0.009688903,0.013930778,75.64798
24.358695745580064,35.14492749121842,79.46463,12355200.066947937,0.020200076,-0.014236061,73.90447
24.481884276880134,35.21376834109622,79.042,13824000.4737854,0.021253457,-0.006191658,73.2021
24.2137679164399,35.101449394680465,78.1842,9504000.051498413,0.017103856,4.582666e-05,76.350624
24.55072462237475,35.07608730649443,88.70044,12268800.365638733,0.038624037,-0.027478246,71.480675
24.49275373635028,35.04710138474188,79.64641,15724800.484085083,0.0064873323,-0.0181118,71.53128
24.423912946628306,35.16304383214723,83.815254,4752000.025749207,-0.028735492,-0.0010570958,70.85426
24.409420185925658,35.126811301460926,78.58091,10454400.056648254,0.022952955,-0.009966901,75.03445
24.782608845879178,35.07246365433351,80.82854,10281599.557113647,0.019389736,-0.012218317,70.88793
24.409420342711783,35.02898555779556,73.23672,15292799.783706665,0.01051881,-0.01594822,73.549614
24.152173912100075,34.942029039701325,85.189964,16243199.788856506,0.012798674,-0.026935885,69.6456
24.481884276880134,35.21376834109622,79.042,14342399.778556824,0.01891817,-0.010001721,73.04139
24.171296292717127,35.10648163098043,78.049835,950400.0051498413,-0.041885573,-0.022345228,74.31754
24.32608705359737,35.05434782738719,80.59564,13391999.773406982,0.030463059,-0.026317203,71.97773
24.677536062942007,35.07971042955572,84.775665,17107200.092697144,-0.0011938699,-0.023939485,69.71317
24.47463793572534,35.15579704180788,74.131996,1036799.9806880951,-0.0049066506,0.0037775617,74.01256
24.619565229179578,35.18478278215484,82.255135,7257600.139045715,0.013629124,-0.022122527,71.482155
24.373188532413735,34.85507217391305,83.68782,17539199.696159363,0.011228481,-0.041124597,69.262184
24.655797039477626,35.09782643790763,82.953125,17539199.696159363,0.005512152,-0.021609513,69.499374
24.731884091961334,34.88405773852335,82.62194,7084800.187969208,-0.010347858,0.012681479,69.9019
24.40217392316393,35.07246365433351,77.73675,604799.9658823013,0.00874291,-4.1928142e-05,76.05846
24.62318819070881,35.09782625650204,81.14894,1382400.019955635,0.0015527755,0.008307813,72.78252
24.264492787947336,35.06521739309379,75.914215,16243199.788856506,0.0061799735,-0.022099635,74.746506
24.800724541980035,35.0326085145684,80.91604,5529600.07982254,-0.017916203,-0.0063672084,72.04277
24.800724541980035,35.0326085145684,80.91604,8208000.144195557,0.0025050715,0.011503498,71.11149
24.52536253285706,35.05797113185407,79.99595,7343999.840354919,0.0065327324,-0.016405469,73.34044
24.49275373635028,34.95652190987481,78.13308,259199.99517202377,-0.0033726431,0.025840526,77.74412
24.17028990870767,35.119565206509655,75.23819,14687999.680709839,0.02803012,-0.025292924,75.42894
24.16304339770124,35.14130418675153,77.183464,11923200.463485718,0.037527654,-0.021403601,76.67918
24.72463775080654,35.097825908808005,83.506035,11059200.15964508,0.01500947,-0.026755212,69.65248
24.06159400092239,35.235507653915,77.223785,4924799.976825714,-0.05668256,-0.049851596,77.56124
24.731883987437246,34.999999998854186,80.17734,17279999.49531555,0.0015180185,-0.010550255,71.36906
24.85869584610084,35.31159408476158,76.05999,16847999.891853333,0.031639226,-0.0305793,68.98454
24.503623143558386,34.916666955294566,80.479385,13132799.572563171,0.03378751,-0.013388736,71.21504
24.507246418659868,35.018115659512056,74.98295,8121599.894428253,0.007894058,0.012238148,75.04198
24.409420185925658,35.126811301460926,78.58091,17539199.696159363,0.02057818,-0.023291549,72.79826
24.286231733018653,35.16304365074164,82.86601,12614400.267791748,0.027992822,-0.020378327,70.90406
24.800724541980035,35.0326085145684,80.91604,15379199.48501587,0.014190663,0.004260905,70.01253
24.572463802625258,35.028985391507106,77.31845,2592000.0888347626,-0.01722378,-0.0069229323,77.09741
24.655797039477626,35.09782643790763,82.953125,3628800.0695228577,-0.01913951,-0.0010952093,70.98191
24.24275355543479,35.275361916886446,83.709785,13824000.4737854,0.038889885,-0.025969917,70.93813
24.471014503837736,35.137681214861566,84.09494,6480000.084972382,-0.02481186,0.0017206427,71.075386
24.608695560661264,35.210145036629335,80.071884,17452799.99485016,0.015538964,-0.007758843,71.39664
24.264492787947336,35.06521739309379,75.914215,10454400.056648254,0.02746963,-0.008670056,76.473976
24.880434869565217,35.11594208344836,73.60822,7516799.791431427,-0.015531838,0.023460098,73.679184
24.40579722439643,35.07608730649443,81.130585,950400.0051498413,0.0024580546,-0.012440262,72.02371
24.373188349496587,35.09782609021359,73.044136,5356800.128746033,-0.014150962,-0.023382032,73.03271
24.373188532413735,34.85507217391305,83.68782,11836799.665260315,0.015505653,-0.04233536,69.98449
24.068840433535758,35.050724689208764,75.1399,17971200.39653778,-0.0036088713,-0.038207628,75.15112
24.282608510179216,35.10869565592019,73.044136,14601599.979400635,0.034380417,-0.013194149,73.124275
24.409420264318722,35.137681214861566,85.684586,12527999.469566345,0.026043009,-0.012701644,70.799225
24.134057993885538,35.130434787333385,80.741425,14515200.27809143,0.02841248,-0.015136411,72.442085
24.731884091961334,34.88405773852335,82.62194,7948799.943351746,-0.011584815,0.0031765383,69.74625
24.731884091961334,34.88405773852335,82.62194,345600.00498890877,0.0026962012,0.013669129,72.909
24.275362351941567,35.02173896397893,79.32639,16761600.190544128,0.0048007593,-0.033321314,71.73605
24.619565229179578,35.18478278215484,82.255135,9071999.899578094,0.027581964,-0.026894527,71.36566
24.068840433535758,35.17753635462667,82.62194,6825599.987125397,0.0012675375,-0.03769339,73.609055
24.52536253285706,35.05797113185407,79.99595,8208000.144195557,0.0125884,-0.012963781,73.20136
24.16304339770124,35.14130418675153,77.183464,11145599.860954285,0.03583308,-0.021455547,76.783615
24.51086948471318,35.141304337922854,75.965324,172800.00249445438,-0.017693494,0.015515922,76.195076
24.17028990870767,35.119565206509655,75.23819,17279999.49531555,0.013510188,-0.03174866,75.07489
24.286231733018653,35.16304365074164,82.86601,12009600.164794922,0.02803235,-0.02226646,71.16383
24.068840433535758,35.050724689208764,75.1399,5443199.830055237,-0.032468084,-0.034552112,75.31113
24.358695745580064,35.14492749121842,79.46463,13824000.4737854,0.019793019,-0.010170152,73.20635
24.340579657513896,35.072464168316,77.031204,16243199.788856506,0.0075396225,-0.01870696,74.05744
24.423912946628306,35.13405791039468,84.735344,950400.0051498413,-0.024517458,0.014086929,69.498215
24.275362351941567,35.02173896397893,79.32639,15983999.588012695,0.011299893,-0.03397551,71.99935
24.409420264318722,35.137681214861566,85.684586,6652800.036048889,-0.032895315,0.0205486,71.58666
24.141304256647267,35.05072417522627,80.839714,3887999.996137619,-0.054306153,-0.01833784,73.31235
24.268116089179838,35.07971042955572,81.07262,8121599.894428253,-0.011591099,-0.015722943,73.64792
24.822463669968496,35.11956556932083,79.471794,10108800.15449524,0.011310166,-0.021242714,71.7796
24.47463793572534,35.15579704180788,74.131996,5184000.177669525,-0.018288795,-0.009499477,74.26917
24.43478251062254,35.050724689208764,81.254395,14687999.680709839,0.024214229,-0.018126087,70.62902
24.880434869565217,35.11594208344836,73.60822,9849599.953651428,0.020681472,-0.0149452705,73.627914
24.40217392316393,35.07246365433351,77.73675,8035200.193119049,-0.006450031,0.006922299,75.86568
24.619565229179578,35.18478278215484,82.255135,5961600.231742859,-0.0068346076,-0.012806399,71.28135
24.782608845879178,35.07246365433351,80.82854,7603200.0411987305,-0.013601288,0.016340781,71.39964
24.177536001617764,35.01449252133363,77.3516,5356800.128746033,-0.029744077,-0.029490935,76.76299
24.525362323808892,35.01449270273921,80.76379,8553600.046348572,-0.0016685501,0.015094922,72.3204
24.608695560661264,35.210145036629335,80.071884,3369599.8686790466,-0.034472954,-0.0030815713,72.97722
24.365941903817713,35.11594190204278,77.940506,9417600.350189209,0.00041282177,-0.012673838,75.94796
24.177536001617764,35.01449252133363,77.3516,17107200.092697144,-0.00021982938,-0.02913277,73.51411
24.068840433535758,35.17753635462667,82.62194,12095999.866104126,0.036592178,-0.027787888,71.52423
24.72463775080654,35.097825908808005,83.506035,7689599.742507935,-0.014551781,-0.0019210093,70.16771
24.49275373635028,35.04710138474188,79.64641,16675200.489234924,0.00289974,-0.016480891,71.391655
24.15942034471344,35.02536261613985,84.04098,16243199.788856506,0.013085719,-0.038440764,69.837555
24.880434869565217,35.11594208344836,73.60822,777599.9855160713,0.0076437965,0.0021915846,73.63844
24.55434784521419,35.039855304907746,78.730316,1900800.0102996826,-0.003350608,-0.009467481,76.17979
24.49275373635028,35.04710138474188,79.64641,8985600.19826889,0.0069118924,0.008550271,73.55206
24.17028990870767,35.119565206509655,75.23819,17020800.39138794,0.0146704875,-0.033067763,75.08056
24.623188347494935,34.98550731008629,86.27349,12182399.56741333,0.03361242,-0.026382273,70.308815
24.171296292717127,35.10648163098043,78.049835,3542400.093984604,-0.047414843,-0.0243012,75.31177
24.677536062942007,35.07971042955572,84.775665,6566399.786281586,0.012809277,-0.00041659735,70.455696
24.365941903817713,35.11594190204278,77.940506,15206400.082397461,0.014081137,-0.00856421,73.98132
24.507246627708035,35.15217355593542,72.15966,172800.00249445438,-0.0702582,0.0025760923,71.88865
24.507246627708035,35.15217355593542,72.15966,12873600.46863556,0.02088137,-0.006764842,72.16005
24.2137679164399,35.101449394680465,78.1842,10627199.459266663,0.020498224,-0.018650258,76.20629
24.655797039477626,35.09782643790763,82.953125,17884799.598312378,0.0020936169,-0.020488074,69.618515
24.55434784521419,35.039855304907746,78.730316,9158400.149345398,0.025655685,-0.0028093532,74.26658
24.641304357168043,34.938405387540406,81.3883,5443199.830055237,-0.008242711,-0.019583067,72.200676
24.2137679164399,35.101449394680465,78.1842,1382400.019955635,-0.00050174445,-0.035219423,74.55067
24.623188347494935,34.98550731008629,86.27349,10195199.855804443,0.0316098,-0.016985165,70.74098
24.655797039477626,35.09782643790763,82.953125,15379199.48501587,0.014896559,-0.022349874,69.0643
24.15217408195171,35.09782609021359,90.079155,2505600.113296509,-0.0006067492,-0.04262521,68.61577
24.481884276880134,35.21376834109622,79.042,9331199.551963806,0.01801581,0.007866349,74.75235
24.528985389862203,35.079710263267266,73.800804,6998399.938201904,-0.020013355,-0.014408821,74.04081
24.336956356281394,35.12681217825459,78.56935,172800.00249445438,-0.037692722,-0.004729813,74.494
24.177536001617764,35.01449252133363,77.3516,2505600.113296509,-0.024477955,-0.021526622,75.728966
24.15217408195171,35.09782609021359,90.079155,15206400.082397461,0.027993675,-0.030315885,72.68625
24.242753659958876,34.931159481553294,83.59315,86400.00124722719,-0.08970961,0.056313552,71.6062
24.06159400092239,35.235507653915,77.223785,2505600.113296509,-0.08162418,-0.06381114,77.199455
24.528985389862203,35.079710263267266,73.800804,13478399.474716187,0.027861502,-0.018488402,74.08486
24.06159400092239,35.235507653915,77.223785,5615999.781131744,-0.04534791,-0.049014844,77.37187
24.481884276880134,35.21376834109622,79.042,9244799.850654602,0.017003955,0.009119498,74.762985
24.373188532413735,34.85507217391305,83.68782,11059200.15964508,0.008497283,-0.04155714,70.19057
24.659420157792983,35.13768139626715,82.9603,14947199.88155365,0.023323942,-0.01787063,69.04208
24.626811465810288,35.05797113185407,83.9315,10627199.459266663,0.018115189,-0.01786509,69.9311
24.40579730278949,34.98550712868071,82.545616,10195199.855804443,0.018788474,-0.044161655,71.569786
24.659420157792983,35.13768139626715,82.9603,4147199.9227523804,-0.021274764,0.012790857,70.81683
24.52536253285706,35.05797113185407,79.99595,14947199.88155365,0.017049322,-0.016034262,71.32018
24.880434869565217,35.11594208344836,73.60822,6739199.737358093,-0.01763603,0.027816178,73.5701
24.340579735906957,35.22101461745307,78.71513,6998399.938201904,0.002748169,-0.014363872,75.79167
24.3985509616347,35.079710263267266,82.39983,2246400.0495672226,-0.016800571,0.0065594707,70.71038
24.471014503837736,35.137681214861566,84.09494,8812800.247192383,-0.0005309209,-0.002662668,71.15421
24.068840433535758,35.050724689208764,75.1399,7084800.187969208,-0.015620172,-0.034761652,75.3995
24.409420264318722,35.137681214861566,85.684586,15983999.588012695,0.02144469,-0.017746976,69.73447
24.141304256647267,35.05072417522627,80.839714,8899199.948501587,-0.01758156,-0.011994654,74.031494
24.503623143558386,34.916666955294566,80.479385,13046399.871253967,0.03376672,-0.014281398,71.243095
24.60144921950647,34.9456523441682,85.40489,14169600.375938416,0.02676816,-0.028642578,69.50584
24.340579735906957,35.22101461745307,78.71513,7689599.742507935,0.014923308,-0.01449115,75.981926
24.525362323808892,35.01449270273921,80.76379,8639999.747657776,-0.00022934005,0.015024244,72.30645
24.641304357168043,34.938405387540406,81.3883,13391999.773406982,0.022973292,-0.03156238,69.784615
24.3985509616347,35.079710263267266,82.39983,18057600.097846985,0.021560665,-0.024025997,70.24762
24.641304357168043,34.938405387540406,81.3883,5356800.128746033,-0.00897938,-0.018925032,72.251465
24.782608584568965,35.06521774078783,85.492004,3283199.893140793,-0.019797474,0.004004935,70.6665
24.351449221508126,35.36231895652174,77.53338,14169600.375938416,0.05352463,-0.019421367,73.718895
24.271739312019278,35.0833337340226,74.97577,172800.00249445438,-0.06682406,0.0057941675,74.434685
24.373188532413735,34.85507217391305,83.68782,7343999.840354919,-0.02192391,-0.030175632,71.83729
24.579710091518006,35.06884069756067,84.24473,4060799.9472141266,-0.027233656,0.009181168,70.55492
24.880434869565217,35.11594208344836,73.60822,11059200.15964508,0.02299179,-0.024777086,73.67353
24.409420185925658,35.126811301460926,78.58091,9849599.953651428,0.02209628,-0.004384931,75.198746
24.782608584568965,35.06521774078783,85.492004,5961600.231742859,-0.02094831,0.011255423,70.32393
24.15217408195171,35.09782609021359,90.079155,6912000.2368927,0.02498437,-0.019176597,71.18465
24.782608584568965,35.06521774078783,85.492004,8639999.747657776,0.00041173026,0.005009072,69.889114
24.06159400092239,35.235507653915,77.223785,7603200.0411987305,0.019224111,-0.040111043,76.99571
24.340579657513896,35.072464168316,77.031204,2246400.0495672226,-0.030715857,-0.023467539,76.10383
24.51086948471318,35.141304337922854,75.965324,12873600.46863556,0.025566338,-0.01966734,75.29685
24.351449221508126,35.36231895652174,77.53338,10972800.458335876,0.054318454,-0.013421295,75.54821
24.52536253285706,35.05797113185407,79.99595,18143999.79915619,0.006252844,-0.009616917,71.360916
24.880434869565217,35.11594208344836,73.60822,10540799.757957458,0.024640054,-0.018697383,73.64208
24.731884091961334,34.88405773852335,82.62194,13132799.572563171,0.02387258,-0.013382653,69.127945
24.15217408195171,35.09782609021359,90.079155,11059200.15964508,0.026563693,-0.018704323,72.17624
24.608695560661264,35.210145036629335,80.071884,9331199.551963806,0.017659612,0.007366676,72.9998
24.409420185925658,35.126811301460926,78.58091,8726399.99742508,0.014912011,-0.0076409113,75.42044
24.572463802625258,35.028985391507106,77.31845,9417600.350189209,0.018837009,-0.00010759756,75.25782
24.655797039477626,35.09782643790763,82.953125,6739199.737358093,-0.008514974,-0.0033026822,70.836044
24.003623304347823,35.192029209683014,80.788605,4579200.074672699,-0.06627227,-0.037973918,73.52698
24.40579730278949,34.98550712868071,82.545616,7171199.889278412,-0.032752413,-0.01340525,71.84147
24.507246418659868,35.018115659512056,74.98295,13305600.072097778,0.02632359,-0.009003213,74.7127
24.242753659958876,34.931159481553294,83.59315,11750399.96395111,0.026131462,-0.016267857,70.176605
24.336956356281394,35.12681217825459,78.56935,10368000.35533905,0.021931149,-0.0212959,75.48091
24.47463793572534,35.15579704180788,74.131996,7603200.0411987305,-0.007878333,-0.008127635,74.02236
24.409420264318722,35.097825908808005,75.01247,9417600.350189209,0.017448295,0.0017468259,75.30036
24.43478277193275,35.06521686399416,78.38795,3456000.11844635,-0.03008369,-0.011716602,75.64359
24.782608584568965,35.06521774078783,85.492004,2678400.0643730164,-0.012525804,0.00179662,70.67
24.619565229179578,35.18478278215484,82.255135,5615999.781131744,-0.011080019,-0.010636011,71.24144
24.623188347494935,34.98550731008629,86.27349,17020800.39138794,0.018797824,-0.030305555,70.51604
24.358695745580064,35.14492749121842,79.46463,7603200.0411987305,-0.006901458,0.01727215,74.80378
24.503623143558386,34.916666955294566,80.479385,9417600.350189209,-0.007712748,-0.00013540685,72.49981
24.33695651306752,35.26449269887389,75.24537,1814400.0347614288,-0.11226845,-0.06714972,75.4366
24.278985574781007,35.18478260074926,85.36457,8812800.247192383,0.011432635,-0.009940455,72.4094
24.351449221508126,35.36231895652174,77.53338,10627199.459266663,0.05315831,-0.010256654,75.91934
24.481884276880134,35.21376834109622,79.042,5184000.177669525,-0.026573617,-0.0063688476,74.075516
24.514492864338745,35.152173737341,77.98083,14428799.479866028,0.02341096,-0.016629012,73.84758
24.17028990870767,35.119565206509655,75.23819,13219200.370788574,0.035812087,-0.01280869,75.81227
24.728260869121893,35.15579704180788,79.23173,7171199.889278412,-0.0052263364,0.009966055,73.25779
24.677536062942007,35.07971042955572,84.775665,1728000.059223175,-0.007522933,0.0052807257,70.26968
24.340579735906957,35.22101461745307,78.71513,10022400.453186035,0.027709994,-0.024519255,75.66557
24.481884276880134,35.21376834109622,79.042,8294399.845504761,0.0026997551,0.016872838,74.76957
24.55072462237475,35.07608730649443,88.70044,6739199.737358093,0.014626464,-0.021045575,72.33645
24.800724541980035,35.0326085145684,80.91604,10281599.557113647,0.023400594,-0.00021262094,70.6954
24.40579730278949,34.98550712868071,82.545616,8294399.845504761,-0.007928826,-0.023145886,71.6981
24.880434869565217,35.11594208344836,73.60822,7689599.742507935,-0.014196735,0.02168971,73.69619
24.53985505838052,35.14492730981283,78.72631,1728000.059223175,-0.0010843836,-0.0007736292,75.02363
24.731884091961334,34.88405773852335,82.62194,8899199.948501587,-0.004097186,-0.009920226,69.59934
24.423912946628306,35.13405791039468,84.735344,2505600.113296509,-0.031159442,0.00825822,70.014275
24.282608510179216,35.10869565592019,73.044136,16934399.593162537,0.01836378,-0.02660855,73.071
24.800724541980035,35.0326085145684,80.91604,11404800.061798096,0.025555031,0.0027249474,70.30717
24.271739312019278,35.0833337340226,74.97577,518399.99034404755,-0.058932018,-0.0024137814,74.44395
24.235507135886934,35.09782643790763,86.62735,16847999.891853333,0.012360023,-0.03357827,70.25388
24.43478251062254,35.050724689208764,81.254395,16502399.989700317,0.013341265,-0.021940397,70.4202
24.286231733018653,35.16304365074164,82.86601,4752000.025749207,-0.009352576,-0.02737446,71.82453
24.351449221508126,35.36231895652174,77.53338,16329599.49016571,0.03759041,-0.027298788,74.293945
24.35507260113369,35.04710138474188,76.478294,14515200.27809143,0.014847778,0.0095412675,74.88282
24.423912946628306,35.16304383214723,83.815254,6912000.2368927,0.010711417,-0.014590362,71.417946
24.655797039477626,35.09782643790763,82.953125,7171199.889278412,-0.0062142126,-0.011151819,70.83147
24.264492787947336,35.06521739309379,75.914215,16070400.386238098,0.005998496,-0.021979736,74.807625
24.40579722439643,35.07608730649443,81.130585,1641599.9465703964,-0.0052009746,-0.013467336,72.1399
24.409420342711783,35.02898555779556,73.23672,15465600.283241272,0.009739853,-0.01630736,73.56373
24.641304357168043,34.938405387540406,81.3883,10713600.257492065,0.017361807,-0.027565455,70.343094
24.659420157792983,35.13768139626715,82.9603,4319999.873828888,-0.021161605,0.013634316,70.82485
24.782608584568965,35.06521774078783,85.492004,345600.00498890877,0.015506811,0.0035673715,70.69785
24.286231733018653,35.16304365074164,82.86601,6739199.737358093,0.011395518,-0.03068362,72.41284
24.340579657513896,35.072464168316,77.031204,11664000.262641907,0.023066415,-0.01805008,75.89456
24.32608705359737,35.05434782738719,80.59564,11664000.262641907,0.02533014,-0.035952665,72.78027
24.134057993885538,35.130434787333385,80.741425,10540799.757957458,0.029885754,-0.011815419,74.009575
24.525362323808892,35.01449270273921,80.76379,3801600.0205993652,-0.018614706,-0.0017248169,73.47178
24.507246418659868,35.018115659512056,74.98295,9676799.454116821,0.01929231,-0.0022458602,75.014694
24.46739112421217,35.10507235145331,77.031204,12095999.866104126,0.02475878,-0.024709215,75.322586
24.822463669968496,35.11956556932083,79.471794,9244799.850654602,0.013012644,-0.0077088457,72.05679
24.33695651306752,35.26449269887389,75.24537,2678400.0643730164,-0.10518749,-0.072747506,75.03854
24.06159400092239,35.235507653915,77.223785,11750399.96395111,0.05516406,-0.05725588,77.05232
24.528985389862203,35.079710263267266,73.800804,12009600.164794922,0.022934841,-0.02179608,73.97774
24.525362323808892,35.01449270273921,80.76379,5961600.231742859,-0.028754573,0.007929783,72.88358
24.731883987437246,34.999999998854186,80.17734,12614400.267791748,0.012280347,-0.014615601,71.046135
24.619565229179578,35.18478278215484,82.255135,8812800.247192383,0.026347134,-0.026820397,71.43164
24.358695745580064,35.14492749121842,79.46463,15551999.984550476,0.009088334,-0.014135202,72.64029
24.06159400092239,35.235507653915,77.223785,11491199.7631073,0.053954538,-0.05677621,77.10114
24.55072462237475,35.07608730649443,88.70044,2332799.8879909515,-0.015571542,-0.016682005,73.02369
24.655797039477626,35.09782643790763,82.953125,13737599.675559998,0.01892427,-0.023260197,69.298294
24.33695651306752,35.26449269887389,75.24537,6739199.737358093,-0.030111197,-0.04713788,75.286705
24.275362351941567,35.02173896397893,79.32639,8208000.144195557,-0.013960499,-0.016673395,75.30645
24.235507135886934,35.09782643790763,86.62735,5529600.07982254,-0.026744243,-0.01966246,71.73906
24.481884276880134,35.21376834109622,79.042,4319999.873828888,-0.026522506,-0.010585977,73.87435
24.880434869565217,35.11594208344836,73.60822,16156800.087547302,0.019949332,-0.013118787,73.64508
24.293478074173446,35.130434424522214,78.52256,12095999.866104126,0.016331658,-0.026507275,75.20084
24.53985505838052,35.14492730981283,78.72631,17020800.39138794,0.01782269,-0.026173415,72.38531
24.586956589458925,35.03623181903528,81.050644,4233599.898290634,-0.016528115,-0.01594791,72.84461
24.43478277193275,35.06521686399416,78.38795,10368000.35533905,0.023969993,-0.010804648,74.81651
24.278985653174068,35.159420527680346,80.15937,3110399.9420642853,-0.070369795,-0.033912204,72.92787
24.731884091961334,34.88405773852335,82.62194,3887999.996137619,-0.017383084,-0.0053836238,71.61484
24.626811465810288,35.05797113185407,83.9315,864000.0296115875,0.0010007098,0.021405399,70.56564
24.24275355543479,35.275361916886446,83.709785,8467199.796581268,0.025723772,0.011500464,72.274506
24.271739312019278,35.0833337340226,74.97577,15033599.582862854,0.025870673,-0.014717443,74.97947
24.46739112421217,35.10507235145331,77.031204,12787199.670410156,0.025406042,-0.022314379,75.11967
24.619565229179578,35.18478278215484,82.255135,9331199.551963806,0.028487114,-0.027041962,71.28993
24.202898613755877,35.17753635462667,82.22561,12700799.969100952,0.034942932,-0.019783525,71.51878
24.528985389862203,35.079710263267266,73.800804,9071999.899578094,0.00941762,-0.0053478125,73.876884
24.731883987437246,34.999999998854186,80.17734,2592000.0888347626,-0.023473438,-0.00440754,74.71156
24.141304256647267,35.05072417522627,80.839714,5443199.830055237,-0.049747523,-0.005272014,74.16825
24.134057993885538,35.130434787333385,80.741425,12527999.469566345,0.034593146,-0.016295953,73.430565
24.40217392316393,35.07246365433351,77.73675,14256000.07724762,0.019174445,-0.0008633025,74.31505
24.782608845879178,35.07246365433351,80.82854,12614400.267791748,0.020808054,-0.012244316,70.073074
24.677536062942007,35.07971042955572,84.775665,10195199.855804443,0.021000506,-0.025312295,69.975746
24.423912946628306,35.13405791039468,84.735344,8294399.845504761,-0.0054546185,-0.0027823132,71.40362
24.75362311542571,35.148550251468535,82.31272,16502399.989700317,0.003081087,-0.013161721,69.30294
24.152173912100075,34.942029039701325,85.189964,2332799.8879909515,-0.013989855,-0.014516914,71.799286
24.242753659958876,34.931159481553294,83.59315,7862400.2420425415,0.01841215,0.019097274,71.12067
24.141304256647267,35.05072417522627,80.839714,13391999.773406982,0.026952252,-0.023909027,72.858025
24.24275355543479,35.275361916886446,83.709785,12614400.267791748,0.040108114,-0.019689878,71.47527
24.608695560661264,35.210145036629335,80.071884,86400.00124722719,-0.037458118,-0.00067417324,73.00674
24.62318819070881,35.09782625650204,81.14894,8985600.19826889,-0.002866257,0.006563466,71.73135
24.271739312019278,35.0833337340226,74.97577,14601599.979400635,0.026775982,-0.01514856,75.062965
24.3985509616347,35.079710263267266,82.39983,6307200.133895874,-0.0010136515,-0.0058925916,71.99523
24.369565205050215,35.10507235145331,81.59638,2332799.8879909515,-0.028798062,-0.01776143,71.47107
24.068840433535758,35.050724689208764,75.1399,3023999.9665260315,-0.038716715,-0.011810919,74.8074
24.507246627708035,35.15217355593542,72.15966,10022400.453186035,0.02145272,-0.00414926,71.93045
24.235507135886934,35.09782643790763,86.62735,11577599.464416504,0.022628978,-0.03219746,71.91274
24.43478277193275,35.06521686399416,78.38795,86400.00124722719,-0.016000763,-0.018556235,75.85109
24.5036234048686,34.94565269942081,84.86278,16847999.891853333,0.008352369,-0.039789796,69.77602
24.35507260113369,35.04710138474188,76.478294,9071999.899578094,0.013279602,-0.0017114244,76.31382
24.003623304347823,35.192029209683014,80.788605,15379199.48501587,0.035532556,-0.037372075,72.70492
24.40217392316393,35.07246365433351,77.73675,12182399.56741333,0.02537318,-0.016236158,75.03545
24.641304357168043,34.938405387540406,81.3883,4752000.025749207,-0.01309064,-0.013562204,72.613075
24.62318819070881,35.09782625650204,81.14894,14774400.478935242,0.017785951,-0.012499658,69.957375
24.264492787947336,35.06521739309379,75.914215,17625600.494384766,0.009013735,-0.02274123,74.33488
24.282608510179216,35.10869565592019,73.044136,12441599.768257141,0.03358286,-0.017241655,73.12942
24.40579730278949,34.98550712868071,82.545616,9504000.051498413,0.015100723,-0.037125617,71.63544
24.278985574781007,35.18478260074926,85.36457,15120000.381088257,0.029817913,-0.025708115,69.7024
24.731884091961334,34.88405773852335,82.62194,12700799.969100952,0.023215981,-0.015742248,69.178635
24.677536062942007,35.07971042955572,84.775665,4752000.025749207,-0.012423266,-0.0041695815,70.573456
24.373188532413735,34.85507217391305,83.68782,7516799.791431427,-0.02281705,-0.028582858,71.737274
24.242753659958876,34.931159481553294,83.59315,6393599.835205078,-0.005321678,0.013505506,71.91983
24.57246390714934,35.13405809180027,82.83649,13651199.974250793,0.02067842,-0.020779265,69.745415
24.286231733018653,35.16304365074164,82.86601,17193599.794006348,0.01927845,-0.031693123,70.32013
24.15217408195171,35.09782609021359,90.079155,8294399.845504761,0.031741496,0.0012825374,71.86161
24.57246390714934,35.13405809180027,82.83649,14687999.680709839,0.018555786,-0.01666799,69.43537
24.06159400092239,35.235507653915,77.223785,8208000.144195557,0.028673481,-0.04229351,77.14772
24.3913043591697,35.05434799367564,86.750465,15292799.783706665,0.017456036,-0.023000022,70.31275
24.35507260113369,35.04710138474188,76.478294,4406400.123596191,-0.029157322,-0.013393791,76.24128
24.55434784521419,35.039855304907746,78.730316,1296000.0444173813,0.00024894252,0.0015209466,76.27407
24.518115930392057,35.170290078269815,76.7112,16847999.891853333,0.017125431,-0.028929995,74.10232
24.503623143558386,34.916666955294566,80.479385,2505600.113296509,-0.016624175,-0.008933162,74.53254
24.85869584610084,35.31159408476158,76.05999,9849599.953651428,0.003769379,-0.003823381,75.80192
24.49275373635028,34.95652190987481,78.13308,15551999.984550476,0.0052570365,-0.0023439415,72.56842
24.800724541980035,35.0326085145684,80.91604,17539199.696159363,-0.0070893727,6.648339e-05,71.071304
24.141304256647267,35.05072417522627,80.839714,2764800.03991127,-0.053940367,-0.023834003,72.69815
24.641304357168043,34.938405387540406,81.3883,11491199.7631073,0.019025248,-0.029481383,70.222824
24.782608845879178,35.07246365433351,80.82854,345600.00498890877,0.015381254,0.00045668148,74.30922
24.242753659958876,34.931159481553294,83.59315,13910400.175094604,0.031230137,-0.008114396,69.71608
24.442029139218562,35.043478080275,76.86345,777599.9855160713,0.004760381,0.013792557,76.658485
24.731883987437246,34.999999998854186,80.17734,9504000.051498413,0.01527488,-0.01482548,71.75283
24.3913043591697,35.05434799367564,86.750465,18316800.298690796,-0.018375657,-0.012874017,70.6621
24.442029139218562,35.043478080275,76.86345,16243199.788856506,0.009315893,-0.018108847,73.754555
24.47463793572534,35.15579704180788,74.131996,8985600.19826889,0.010263797,-0.00886091,74.05982
24.731883987437246,34.999999998854186,80.17734,13391999.773406982,0.016868208,-0.009837726,70.94956
24.659420157792983,35.13768139626715,82.9603,8812800.247192383,0.006989166,0.00022511184,70.70689
24.626811465810288,35.05797113185407,83.9315,6047999.933052063,-0.025376115,0.012622512,70.60397
24.2137679164399,35.101449394680465,78.1842,1641599.9465703964,-0.004945781,-0.03595256,74.62835
24.55434784521419,35.039855304907746,78.730316,13564800.27294159,0.027468218,-0.01192767,72.96443
24.271739312019278,35.0833337340226,74.97577,15120000.381088257,0.025765399,-0.014421737,74.96281
24.264492787947336,35.06521739309379,75.914215,1900800.0102996826,-0.024732333,-0.033896297,75.49542
24.068840433535758,35.050724689208764,75.1399,10022400.453186035,0.013108408,-0.023759915,75.69392
24.33695651306752,35.26449269887389,75.24537,5443199.830055237,-0.08191471,-0.055750668,75.010704
24.677536062942007,35.07971042955572,84.775665,8812800.247192383,0.023314994,-0.016267354,70.25287
24.365941903817713,35.11594190204278,77.940506,11404800.061798096,0.019346902,-0.018983936,75.43382
24.373188349496587,35.09782609021359,73.044136,6307200.133895874,-0.0057778507,-0.01671963,72.85972
24.481884276880134,35.21376834109622,79.042,12182399.56741333,0.022586033,-0.008666756,73.85774
24.17028990870767,35.119565206509655,75.23819,8294399.845504761,0.007007081,0.008615987,76.11866
24.40579722439643,35.07608730649443,81.130585,13132799.572563171,0.027437374,-0.020112684,71.41355
24.619565229179578,35.18478278215484,82.255135,2764800.03991127,-0.017982583,-0.00062219054,70.82597
24.576087129988778,34.96376817111452,80.53768,2159999.936914444,-0.006845109,-0.009534122,74.414375
24.782608584568965,35.06521774078783,85.492004,5875199.981975555,-0.020733688,0.011634732,70.33916
24.52536253285706,35.05797113185407,79.99595,3283199.893140793,-0.019141685,-0.009420408,74.15302
24.264492787947336,35.06521739309379,75.914215,10195199.855804443,0.025212245,-0.006238958,76.52149
24.528985389862203,35.079710263267266,73.800804,4665599.775981903,-0.02730504,-0.013389261,74.14184
24.677536062942007,35.07971042955572,84.775665,9935999.654960632,0.02189696,-0.02381307,70.028786
24.278985574781007,35.18478260074926,85.36457,7516799.791431427,-0.03347413,-0.017097397,72.42731
24.782608845879178,35.07246365433351,80.82854,5875199.981975555,-0.025027473,0.009827228,71.87009
24.43478277193275,35.06521686399416,78.38795,9244799.850654602,0.015096871,-0.0051894095,75.098885
24.409420342711783,35.02898555779556,73.23672,12960000.169944763,0.02235833,-0.0037937071,73.26967
24.17028990870767,35.119565206509655,75.23819,5788799.732208252,-0.057746362,-0.036481366,75.6468
24.521739153231497,35.18115965909355,80.50853,9763200.252342224,0.009793766,0.0094472375,72.79721
24.35507260113369,35.04710138474188,76.478294,13651199.974250793,0.017397886,0.00359945,75.27379
24.365941903817713,35.11594190204278,77.940506,11231999.562263489,0.018853385,-0.018594043,75.47659
24.608695560661264,35.210145036629335,80.071884,518399.99034404755,-0.035917815,-0.0006283391,73.04271
24.141304256647267,35.05072417522627,80.839714,14601599.979400635,0.022768086,-0.025045266,72.17174
24.442029139218562,35.043478080275,76.86345,1814400.0347614288,-0.011655007,0.0031187423,76.66265
24.728260869121893,35.15579704180788,79.23173,8467199.796581268,0.010486204,0.006080186,72.95655
24.471014503837736,35.137681214861566,84.09494,16416000.288391113,0.0022602342,-0.020963622,69.335434
24.32608705359737,35.05434782738719,80.59564,5097599.927902222,-0.018918581,-0.021083606,73.77735
24.068840433535758,35.050724689208764,75.1399,8639999.747657776,-0.01925902,-0.030309798,75.42842
24.177536001617764,35.01449252133363,77.3516,18316800.298690796,-0.0072337836,-0.02291535,73.21103
24.336956356281394,35.12681217825459,78.56935,8208000.144195557,0.0002741553,-0.005954629,75.77879
24.572463802625258,35.028985391507106,77.31845,2246400.0495672226,-0.013728771,-0.004479097,77.20217
24.60144921950647,34.9456523441682,85.40489,5097599.927902222,-0.027860563,0.015893644,71.33371
24.409420264318722,35.097825908808005,75.01247,14601599.979400635,0.022812357,-0.0018506218,74.73264
24.373188349496587,35.09782609021359,73.044136,604799.9658823013,-0.023502234,-0.011501456,72.673386
24.068840433535758,35.050724689208764,75.1399,345600.00498890877,-0.013614338,-0.027820414,75.07319
24.32608705359737,35.05434782738719,80.59564,8899199.948501587,0.011888184,-0.033809803,73.754944
24.43478277193275,35.06521686399416,78.38795,12700799.969100952,0.02322057,-0.0029547624,74.07303
24.514492864338745,35.152173737341,77.98083,6998399.938201904,-0.010671858,-0.0018265415,75.26715
24.471014503837736,35.137681214861566,84.09494,13046399.871253967,0.017022293,-0.022078125,70.137436
24.49275373635028,35.04710138474188,79.64641,8639999.747657776,0.001757469,0.008126831,73.61511
24.15942034471344,35.02536261613985,84.04098,9590399.752807617,0.020152947,-0.019293724,70.96106
24.351449221508126,35.36231895652174,77.53338,17020800.39138794,0.03326989,-0.025513718,74.15519
24.822463669968496,35.11956556932083,79.471794,11577599.464416504,0.013230979,-0.027331984,71.229744
24.731884091961334,34.88405773852335,82.62194,2332799.8879909515,-0.01336351,-0.0027805623,72.42181
24.17028990870767,35.119565206509655,75.23819,11059200.15964508,0.037654728,-0.013774132,76.258705
24.141304256647267,35.05072417522627,80.839714,14515200.27809143,0.02335103,-0.024842413,72.21966
24.202898613755877,35.17753635462667,82.22561,16243199.788856506,0.020775225,-0.030383961,71.00671
24.409420264318722,35.097825908808005,75.01247,7689599.742507935,-0.0064585693,0.013827079,75.229576
24.141304256647267,35.05072417522627,80.839714,4665599.775981903,-0.05281585,-0.012687968,73.781044
24.528985389862203,35.079710263267266,73.800804,2678400.0643730164,-0.028355327,-0.017900726,74.15359
24.202898613755877,35.17753635462667,82.22561,7343999.840354919,-0.0113525465,0.0043453295,72.950165
24.49275373635028,34.95652190987481,78.13308,5184000.177669525,-0.02980737,0.006049104,76.15548
24.068840433535758,35.050724689208764,75.1399,3801600.0205993652,-0.038903248,-0.019056162,74.862305
24.57608686867857,35.22463755910878,78.28966,7948799.943351746,-0.006570369,0.01409531,74.91843
24.586956589458925,35.03623181903528,81.050644,18316800.298690796,-0.0051593073,-0.026605764,70.6352
24.369565205050215,35.10507235145331,81.59638,17452799.99485016,0.010575999,-0.03017074,70.5565
24.57246390714934,35.13405809180027,82.83649,1728000.059223175,-0.008259345,-0.009996476,70.25736
24.608695560661264,35.210145036629335,80.071884,13910400.175094604,0.020341404,-0.008611342,71.64954
24.514492864338745,35.152173737341,77.98083,3283199.893140793,-0.025035623,-0.010587906,75.39203
24.822463669968496,35.11956556932083,79.471794,13132799.572563171,0.021322865,-0.022341283,70.643456
24.409420264318722,35.137681214861566,85.684586,6220799.884128571,-0.03747088,0.016941285,71.46183
24.731883987437246,34.999999998854186,80.17734,7516799.791431427,-0.0074707083,-0.006625617,72.13285
24.171296292717127,35.10648163098043,78.049835,8553600.046348572,0.0030682571,-0.016214592,76.686165
24.53985505838052,35.14492730981283,78.72631,9590399.752807617,0.011542991,-0.0084809605,74.39549
24.358695745580064,35.14492749121842,79.46463,2159999.936914444,-0.03679656,-0.0066611264,73.51105
24.442029139218562,35.043478080275,76.86345,13910400.175094604,0.017382324,-0.016166607,74.81912
24.171296292717127,35.10648163098043,78.049835,7084800.187969208,-0.0135202445,-0.020421805,76.5667
24.800724541980035,35.0326085145684,80.91604,15033599.582862854,0.015157348,0.0076766163,69.95096
24.641304357168043,34.938405387540406,81.3883,14601599.979400635,0.01992109,-0.028042486,69.528915
24.3985509616347,35.079710263267266,82.39983,6393599.835205078,0.00037080422,-0.006346518,71.999054
24.572463802625258,35.028985391507106,77.31845,7603200.0411987305,0.0026316345,0.009201046,75.65251
24.57608686867857,35.22463755910878,78.28966,14601599.979400635,0.027909517,-0.010432651,73.64066
24.75362311542571,35.148550251468535,82.31272,14256000.07724762,0.018003076,-0.0170111,69.088745
24.373188532413735,34.85507217391305,83.68782,7430400.090122223,-0.022341486,-0.029428037,71.787575
24.641304357168043,34.938405387540406,81.3883,17798399.897003174,0.005981367,-0.023247706,69.871956
24.340579657513896,35.072464168316,77.031204,8294399.845504761,-0.01577663,0.0074165184,76.41495
24.409420342711783,35.02898555779556,73.23672,11318400.360488892,0.016935619,-0.01423634,73.2692
24.409420264318722,35.137681214861566,85.684586,7343999.840354919,-0.02260289,0.021142546,71.75319
24.409420342711783,35.02898555779556,73.23672,1814400.0347614288,-0.015250772,-0.009951035,72.832375
24.068840433535758,35.17753635462667,82.62194,10799999.95880127,0.03498731,-0.031769305,72.05126
24.619565229179578,35.18478278215484,82.255135,13219200.370788574,0.020400053,-0.02886662,69.94368
24.481884276880134,35.21376834109622,79.042,1900800.0102996826,-0.0142046325,-0.0095640775,73.84802
24.503623143558386,34.916666955294566,80.479385,2678400.0643730164,-0.01843528,-0.010322617,74.51958
24.507246418659868,35.018115659512056,74.98295,7948799.943351746,0.006252669,0.012870234,75.06476
24.57608686867857,35.22463755910878,78.28966,18230399.500465393,0.017432585,-0.014656605,73.013435
24.40217392316393,35.07246365433351,77.73675,15033599.582862854,0.013993211,-0.0031820647,73.97636
24.586956589458925,35.03623181903528,81.050644,16588799.691009521,0.005533248,-0.027605651,70.18908
24.264492787947336,35.06521739309379,75.914215,8294399.845504761,-0.005356841,0.011444041,76.47849
24.282608510179216,35.10869565592019,73.044136,691200.0099778175,-0.071261704,-0.011515068,72.07247
24.351449221508126,35.36231895652174,77.53338,9331199.551963806,0.048652258,0.0012026131,76.97479
24.15942034471344,35.02536261613985,84.04098,17366400.293540955,0.010363065,-0.04141864,69.994545
24.626811465810288,35.05797113185407,83.9315,13478399.474716187,0.02768908,-0.017572565,69.303604
24.15942034471344,35.02536261613985,84.04098,604799.9658823013,-0.020643044,0.033042382,71.18239
24.235507135886934,35.09782643790763,86.62735,16070400.386238098,0.020077493,-0.033476233,70.13307
24.33695651306752,35.26449269887389,75.24537,10368000.35533905,0.037205253,-0.04235641,75.43507
24.43478277193275,35.06521686399416,78.38795,5356800.128746033,-0.03153466,-0.0075177047,75.55923
24.728260869121893,35.15579704180788,79.23173,11577599.464416504,0.018483326,-0.022332849,71.865395
24.55434784521419,35.039855304907746,78.730316,15465600.283241272,0.016305013,-0.016619919,72.167854
24.528985389862203,35.079710263267266,73.800804,172800.00249445438,-0.009304117,-0.020307848,73.82639
24.40579730278949,34.98550712868071,82.545616,15465600.283241272,0.017732635,-0.04679478,69.58624
24.43478277193275,35.06521686399416,78.38795,10108800.15449524,0.022989105,-0.009813501,74.89426
24.514492864338745,35.152173737341,77.98083,6652800.036048889,-0.01459574,-0.0050128307,75.240265
24.731884091961334,34.88405773852335,82.62194,12441599.768257141,0.022503154,-0.016527215,69.20929
24.51086948471318,35.141304337922854,75.965324,1468799.9954938889,-0.018236134,-0.006900491,76.20334
24.351449221508126,35.36231895652174,77.53338,14860800.180244446,0.04755573,-0.023590697,73.92838
24.47463793572534,35.15579704180788,74.131996,2246400.0495672226,0.0009417571,-0.011375355,74.28163
24.16304339770124,35.14130418675153,77.183464,3023999.9665260315,-0.05529299,-0.07070892,75.22346
24.177536001617764,35.01449252133363,77.3516,15206400.082397461,0.018389836,-0.027446626,74.51511
24.481884276880134,35.21376834109622,79.042,10886399.660110474,0.021197028,-0.011705035,74.306114
24.507246627708035,35.15217355593542,72.15966,8208000.144195557,0.009618055,0.017712805,71.30257
24.49275373635028,34.95652190987481,78.13308,5270399.878978729,-0.029673312,0.0061659776,76.12466
24.528985389862203,35.079710263267266,73.800804,864000.0296115875,-0.0059321485,-0.014447575,73.97769
24.5036234048686,34.94565269942081,84.86278,11664000.262641907,0.027477317,-0.039232552,70.2587
24.35507260113369,35.04710138474188,76.478294,17971200.39653778,0.0068138987,-0.0053610746,73.73211
24.373188532413735,34.85507217391305,83.68782,9244799.850654602,-0.016008168,-0.02372712,70.778076
24.518115930392057,35.170290078269815,76.7112,2332799.8879909515,-0.024127763,-0.0038698483,76.09272
24.72463775080654,35.097825908808005,83.506035,11577599.464416504,0.016289195,-0.02559756,69.563774
24.47463793572534,35.15579704180788,74.131996,14774400.478935242,0.025272707,-0.016062,74.28785
24.15942034471344,35.02536261613985,84.04098,8639999.747657776,0.0109006725,-0.01781881,71.22884
24.72463775080654,35.097825908808005,83.506035,12441599.768257141,0.018784825,-0.024975168,69.34457
24.822463669968496,35.11956556932083,79.471794,6480000.084972382,0.004970316,0.022139532,72.68484
24.53985505838052,35.14492730981283,78.72631,18403200.0,0.016243422,-0.019453263,72.16871
24.17028990870767,35.119565206509655,75.23819,13651199.974250793,0.034341805,-0.015393281,75.68592
24.579710091518006,35.06884069756067,84.24473,13219200.370788574,0.02316001,-0.01885528,69.57832
24.507246418659868,35.018115659512056,74.98295,9590399.752807617,0.01916098,-0.0011715125,75.00851
24.16304339770124,35.14130418675153,77.183464,8726399.99742508,0.026121948,-0.010248983,77.02191
24.068840433535758,35.050724689208764,75.1399,12182399.56741333,0.028477754,-0.033808418,75.832855
24.340579735906957,35.22101461745307,78.71513,12268800.365638733,0.031678602,-0.023702098,74.65373
24.141304256647267,35.05072417522627,80.839714,7689599.742507935,-0.036060397,0.0019551534,74.25175
24.177536001617764,35.01449252133363,77.3516,5788799.732208252,-0.028360542,-0.02967347,76.92486
24.278985653174068,35.159420527680346,80.15937,6652800.036048889,-0.043425772,-0.025790269,74.4126
24.626811465810288,35.05797113185407,83.9315,10195199.855804443,0.015617665,-0.013256075,70.012764
24.608695560661264,35.210145036629335,80.071884,1814400.0347614288,-0.03666191,-0.0017211922,73.00694
24.40217392316393,35.07246365433351,77.73675,9504000.051498413,0.017807253,-0.0071329493,75.76238
24.278985574781007,35.18478260074926,85.36457,3542400.093984604,-0.10563636,-0.026173746,71.26316
24.626811465810288,35.05797113185407,83.9315,6220799.884128571,-0.024605457,0.012804077,70.60161
24.481884276880134,35.21376834109622,79.042,14083199.577713013,0.020174123,-0.007902676,73.11705
24.202898613755877,35.17753635462667,82.22561,15897599.886703491,0.022011088,-0.028536135,70.998764
24.53985505838052,35.14492730981283,78.72631,3456000.11844635,-0.022315402,0.0034060422,74.80152
24.481884276880134,35.21376834109622,79.042,7430400.090122223,-0.009095885,0.013671334,74.648895
24.481884276880134,35.21376834109622,79.042,6739199.737358093,-0.016524386,0.007222282,74.495605
24.336956356281394,35.12681217825459,78.56935,2332799.8879909515,-0.038368452,-0.01398241,74.55287
24.728260869121893,35.15579704180788,79.23173,1382400.019955635,-0.006445855,0.008575002,74.90924
24.336956356281394,35.12681217825459,78.56935,13564800.27294159,0.020973472,-0.0069931094,74.208694
24.3913043591697,35.05434799367564,86.750465,1209599.9317646027,-0.0536219,-0.036026873,70.88869
24.626811465810288,35.05797113185407,83.9315,15638399.68585968,0.016843183,-0.017714838,69.226105
24.40217392316393,35.07246365433351,77.73675,18230399.500465393,-0.009416185,0.005096389,72.975044
24.275362351941567,35.02173896397893,79.32639,3974399.971675873,-0.056540024,-0.016712958,75.24777
24.15217408195171,35.09782609021359,90.079155,9331199.551963806,0.03310119,-0.00024650432,71.95954
24.286231733018653,35.16304365074164,82.86601,0.0,0.015070507,0.0055614263,69.91645
24.576087129988778,34.96376817111452,80.53768,6134400.182819366,-0.023068044,-0.0023166724,72.9
24.57608686867857,35.22463755910878,78.28966,11059200.15964508,0.01975553,-0.012090003,74.58819
24.52536253285706,35.05797113185407,79.99595,1382400.019955635,-0.0008840263,-0.0005220771,74.38122
24.24275355543479,35.275361916886446,83.709785,8208000.144195557,0.01966879,0.0086715575,72.21996
24.619565229179578,35.18478278215484,82.255135,3801600.0205993652,-0.017201535,-0.0036540218,71.029305
24.822463669968496,35.11956556932083,79.471794,18057600.097846985,0.015857082,-0.037463695,71.34189
24.572463802625258,35.028985391507106,77.31845,604799.9658823013,0.019061126,0.0038643554,77.17083
24.55072462237475,35.07608730649443,88.70044,4060799.9472141266,-0.026642565,-0.023289772,72.59126
24.528985389862203,35.079710263267266,73.800804,2419199.8635292053,-0.026868973,-0.018163847,74.14908
24.782608584568965,35.06521774078783,85.492004,18316800.298690796,-0.001464583,-0.018519038,70.56475
24.278985574781007,35.18478260074926,85.36457,14601599.979400635,0.031300593,-0.021378698,69.99987
24.340579657513896,35.072464168316,77.031204,864000.0296115875,-0.016607359,-0.018405968,76.1312
24.3913043591697,35.05434799367564,86.750465,16070400.386238098,0.012139263,-0.024223732,70.34432
24.2137679164399,35.101449394680465,78.1842,10368000.35533905,0.021070193,-0.014368122,76.24888
24.134057993885538,35.130434787333385,80.741425,14774400.478935242,0.026425896,-0.017674716,72.30846
24.409420264318722,35.097825908808005,75.01247,6739199.737358093,-0.014554996,0.0073835775,75.328125
24.626811465810288,35.05797113185407,83.9315,12355200.066947937,0.024491942,-0.020602843,69.59788
24.068840433535758,35.17753635462667,82.62194,15724800.484085083,0.040301826,-0.030344008,70.03318
24.514492864338745,35.152173737341,77.98083,16329599.49016571,0.013517516,-0.022934226,73.27264
24.202898613755877,35.17753635462667,82.22561,14774400.478935242,0.028516732,-0.021664815,71.064964
24.202898613755877,35.17753635462667,82.22561,86400.00124722719,-0.054729376,-0.06357681,70.01542
24.2137679164399,35.101449394680465,78.1842,1036799.9806880951,0.004690502,-0.033834465,74.44004
24.626811465810288,35.05797113185407,83.9315,691200.0099778175,-0.0007321127,0.02239962,70.60302
24.471014503837736,35.137681214861566,84.09494,432000.01480579376,0.008696973,-0.0033667516,69.08544
24.373188349496587,35.09782609021359,73.044136,7257600.139045715,-0.0028679445,-0.012783861,72.6922
24.35507260113369,35.04710138474188,76.478294,12527999.469566345,0.016773902,-0.017528454,75.69757
24.40217392316393,35.07246365433351,77.73675,15983999.588012695,0.004682444,-0.008685326,73.5646
24.507246418659868,35.018115659512056,74.98295,14342399.778556824,0.02915089,-0.0069954116,74.56157
24.268116089179838,35.07971042955572,81.07262,4406400.123596191,-0.043103542,-0.009116365,72.98257
24.623188347494935,34.98550731008629,86.27349,6825599.987125397,-0.02397604,0.011042278,71.53879
24.423912946628306,35.16304383214723,83.815254,2505600.113296509,-0.04237972,-0.007081939,69.9157
24.152173912100075,34.942029039701325,85.189964,8121599.894428253,-0.013589263,0.014307349,71.34986
