x,y,z,t,Z0,theta,eta,P,g1,g2,h1,h2,time_phase_C2,time_phase_C3,Z0_x,Z0_y,Z0_grad_norm
24.271739312019278,35.0833337340226,74.97577,9244799.850654602,72.290504,-0.07341196,-0.08848807,-0.116094604,1.9046078,0.08184748,-0.013228789,0.30579838,0.10431153,0.013828479,0.24746941,0.0052948557,0.24752605
24.340579657513896,35.072464168316,77.031204,18316800.298690796,73.61255,0.043182023,0.023425655,-0.2243276,0.031530887,-0.30021816,-0.16004193,0.24820974,0.20892742,0.060488127,0.21860456,-0.29837853,0.36988875
24.365941903817713,35.11594190204278,77.940506,9676799.454116821,72.2245,0.005781315,0.0030562286,-0.05310815,2.3498616,-0.24249144,-0.34195703,0.015228566,0.012283649,0.39792332,0.16433592,0.016436642,0.16515586
24.340579735906957,35.22101461745307,78.71513,7084800.187969208,72.001755,0.001508685,0.00025129964,-0.20341071,3.3735657,-0.059710123,-0.17726964,-0.05437418,-0.12798885,-0.137645,0.13929579,0.0063840835,0.13944201
24.278985653174068,35.159420527680346,80.15937,10886399.660110474,71.56357,-0.00036547205,0.00042938013,0.087283105,2.3862457,-0.23573034,-0.10266245,-0.13262522,0.10714169,0.27212912,0.1323618,-0.009843465,0.13272731
24.619565229179578,35.18478278215484,82.255135,8208000.144195557,72.37119,-7.359834e-06,-3.300003e-06,0.15175685,3.3523595,-0.226245,0.10060531,-0.196305,-0.072116666,-0.105858006,0.17174323,-0.013155714,0.17224637
24.409420264318722,35.137681214861566,85.684586,8899199.948501587,72.19974,7.112021e-07,2.010464e-06,-0.18752885,2.733429,-0.23602493,-0.19165897,0.16859831,0.122133434,0.0624094,0.14254653,-0.00018124645,0.14254665
24.275362351941567,35.02173896397893,79.32639,4060799.9472141266,72.36981,0.00088905165,0.0018901164,0.1622325,-0.42445076,0.026872993,0.08266689,0.26698753,0.05388213,0.29802006,-0.14678523,0.043192975,0.15300828
24.35507260113369,35.04710138474188,76.478294,9590399.752807617,72.46169,-0.023442036,0.022600768,-0.19123648,2.0730417,-0.15480909,-0.1566365,0.03322908,0.0957834,0.2688421,0.25402993,-0.030872773,0.25589907
24.52536253285706,35.05797113185407,79.99595,13564800.27294159,72.23598,0.00046652608,0.00011714426,-0.38022727,2.7470262,-0.118739605,-0.15357459,0.13011481,0.3605405,0.15563293,0.20750624,-0.00039692147,0.20750661
24.242753659958876,34.931159481553294,83.59315,13046399.871253967,71.99438,2.4522571e-05,2.8528077e-05,-0.46506357,-0.5213753,0.09633589,0.1294084,0.35538536,-0.11689722,0.28916958,-0.1187724,0.008659286,0.119087644
24.358695745580064,35.14492749121842,79.46463,10540799.757957458,71.90316,0.0010266588,-0.00042931223,0.02977807,2.8241127,-0.19625558,-0.30796614,-0.275377,0.040904462,0.266692,0.124207094,0.011299638,0.12472002
24.53985505838052,35.14492730981283,78.72631,13391999.773406982,72.58676,-0.00051677856,0.0010202643,-0.22154933,2.4175024,0.08733091,-0.12056527,0.08715748,0.38016903,0.23908785,0.2780516,0.0016626816,0.2780566
24.62318819070881,35.09782625650204,81.14894,12873600.46863556,72.39695,-0.0002768431,5.770151e-05,-0.18620214,2.0548322,0.39988887,-0.15667832,0.03124842,0.39612162,0.34722972,0.16480683,0.04963777,0.17211972
24.51086948471318,35.141304337922854,75.965324,13219200.370788574,73.49425,-0.053850535,-0.04760274,-0.04037523,1.9396435,-0.20182419,-0.07098461,0.029437024,0.18126044,0.30474943,0.19740973,-0.00364153,0.19744332
24.782608845879178,35.07246365433351,80.82854,17452799.99485016,72.85606,-0.00048669812,0.0004112847,-0.28473952,0.35211468,-0.11559136,0.0693042,0.0995606,0.08995569,-0.03700658,0.13705744,-0.0837095,0.16059895
24.003623304347823,35.192029209683014,80.788605,2505600.113296509,73.49583,-0.0010494348,0.0013947607,-0.009132147,-0.94456077,-0.752753,0.22393116,0.5031321,0.16121666,0.8717082,-0.14391156,-0.10559836,0.17849804
24.623188347494935,34.98550731008629,86.27349,8639999.747657776,72.35911,-1.8281632e-06,3.530293e-07,0.43230063,-1.902719,-0.10742842,0.45465323,0.2789736,0.039359484,0.33890215,-0.12919934,-0.036188543,0.13417183
24.62318819070881,35.09782625650204,81.14894,7084800.187969208,72.63857,-0.00023515846,0.00023446105,-0.13595007,2.1069791,0.8498675,-0.021833465,0.028103054,-0.11340665,-0.1728889,0.15652311,0.053203892,0.1653183
24.242753659958876,34.931159481553294,83.59315,15465600.283241272,71.57237,2.0100883e-06,5.1970637e-06,-0.42719585,-0.40897506,0.007234359,0.11546607,0.23368281,0.13309336,0.5627809,-0.2321231,-0.016838983,0.23273307
24.242753659958876,34.931159481553294,83.59315,13737599.675559998,71.89841,2.5129168e-05,2.5970176e-05,-0.4909535,-0.4509595,0.029032063,0.13747332,0.3285879,-0.06610613,0.3793681,-0.15253273,-0.01102894,0.15293093
24.358695745580064,35.14492749121842,79.46463,13046399.871253967,71.783165,0.00096625666,0.0009572296,0.08650905,0.99222964,0.29186964,-0.08783876,-0.086624555,0.012876179,0.15732163,0.118049115,0.03853942,0.12418084
24.15217408195171,35.09782609021359,90.079155,1296000.0444173813,71.42352,-4.917671e-08,3.804308e-08,-0.25786677,0.4849131,0.04126011,-0.48678607,-0.26375428,-0.23841318,-0.61042064,0.20868766,-0.025790546,0.21027528
24.134057993885538,35.130434787333385,80.741425,432000.01480579376,74.64504,-0.0040886863,-0.003603558,-0.26744747,-1.531451,0.25350392,0.39638516,0.4062507,0.2938558,0.52068573,-0.16300815,0.034573775,0.16663434
24.409420185925658,35.126811301460926,78.58091,9590399.752807617,72.17638,-0.0031068702,0.0030003348,-0.18027748,2.8740497,-0.30317032,-0.3656754,-0.19328678,-0.016646475,0.34090266,0.17135388,-0.025119614,0.17318529
24.068840433535758,35.050724689208764,75.1399,1123200.0247836113,71.73497,-0.044353552,-0.028083965,-0.48169363,-0.6095558,2.6104624,-0.1630665,-0.08306054,0.4280654,-0.16137704,-0.017467495,0.18298179,0.18381362
24.268116089179838,35.07971042955572,81.07262,5615999.781131744,72.46156,-0.00038668225,-0.00034130018,0.14528227,-1.2826926,-0.12783894,0.37925443,0.35988134,0.38266692,0.19364265,-0.105503745,-0.03017017,0.10973277
24.264492787947336,35.06521739309379,75.914215,2678400.0643730164,72.40279,-0.041999735,-0.008823577,-0.2053396,-0.77254564,1.5273906,-0.12032349,0.13715294,-0.052112177,-0.1115189,-0.07781772,0.21899186,0.23240703
24.51086948471318,35.141304337922854,75.965324,5529600.07982254,73.06633,0.07329688,0.069940545,-0.05814077,0.21177836,0.08425241,-0.32332292,0.44722286,0.018463347,0.06718701,0.119689874,0.057630613,0.13284184
24.641304357168043,34.938405387540406,81.3883,2159999.936914444,71.51888,0.00011746028,0.00013264765,-0.2629569,-0.79060566,1.1014028,0.1342994,0.050820332,0.015678722,0.3657767,-0.07750122,0.15109192,0.16980933
24.442029139218562,35.043478080275,76.86345,5356800.128746033,72.52713,-0.001394026,-0.002701432,-0.24772657,1.0320164,0.24145164,0.026561417,0.18483603,-0.11649514,0.013493523,0.25784853,0.04016963,0.26095876
24.579710091518006,35.06884069756067,84.24473,4406400.123596191,72.47643,4.1794715e-06,-2.0055571e-05,0.39264375,-0.47809184,0.6695013,0.15762223,-0.23882985,-0.10019926,-0.0110360235,-0.14253639,0.15757342,0.2124759
24.521739153231497,35.18115965909355,80.50853,6307200.133895874,72.4231,0.00041622674,0.00057026563,-0.18739015,2.0528083,0.55954844,0.16246153,-0.26347327,-0.20264074,0.06934193,0.13532902,0.024182882,0.13747275
24.782608845879178,35.07246365433351,80.82854,14601599.979400635,72.635704,0.0006204232,-0.00062047085,-0.25012088,0.17728528,0.51774925,0.2831923,0.08703825,-0.030994862,0.2602979,0.034493703,0.08576272,0.09243949
24.271739312019278,35.0833337340226,74.97577,4060799.9472141266,72.41751,-0.07778766,-0.09421911,-0.51037556,0.55304295,0.93504906,-0.0140785575,0.16058993,-0.23632604,-0.17851475,0.09197653,0.13182229,0.16073829
24.40579730278949,34.98550712868071,82.545616,10540799.757957458,72.17865,7.143023e-05,-8.7169465e-05,0.21566524,-1.7349643,-0.22433129,0.23094997,0.32794714,0.15205361,-0.39158928,-0.20113471,-0.021715658,0.20230359
24.409420342711783,35.02898555779556,73.23672,2851200.015449524,73.26468,0.9635903,0.9665201,-0.1185458,0.33073306,-0.14634219,0.4322299,0.3487225,-0.25505176,0.40442193,0.1404009,-0.053963505,0.15041433
24.85869584610084,35.31159408476158,76.05999,12787199.670410156,76.12429,-0.7557342,-0.8318145,-0.37443393,0.671517,-0.24078776,-0.018748403,0.114505716,0.0023842752,0.20306379,0.21062697,-0.084976785,0.22712283
24.264492787947336,35.06521739309379,75.914215,10972800.458335876,72.30109,0.024646595,-0.037960976,-0.18844974,1.361537,-0.26931173,0.11986345,0.34898427,-0.2991112,0.2599281,0.12436075,-0.010381089,0.12479328
24.134057993885538,35.130434787333385,80.741425,10627199.459266663,72.064964,0.0001342117,0.00037259664,-0.032181878,-1.838985,-0.3020802,0.37839395,0.20531482,-0.14444098,0.04871069,-0.15423414,-0.017612059,0.15523645
24.55072462237475,35.07608730649443,88.70044,9935999.654960632,72.425385,4.245317e-07,-1.8811585e-07,-0.015464272,1.8956267,0.28370875,-0.727782,0.25581098,0.269878,0.2637855,0.12011799,0.025940243,0.12288706
24.268116089179838,35.07971042955572,81.07262,15724800.484085083,71.12634,0.000116680225,-1.3360024e-05,-0.49271786,0.7605127,-0.17784779,-0.014544167,0.22482827,-0.06176398,0.22738326,0.182288,-0.008567866,0.18248925
24.351449221508126,35.36231895652174,77.53338,15206400.082397461,72.0867,0.007260194,0.002490671,0.2386394,0.98578054,-0.50550944,-0.57617617,-0.24865502,0.1168775,0.036825188,0.091094255,-0.050022494,0.10392504
24.369565205050215,35.10507235145331,81.59638,777599.9855160713,73.30492,-0.00047218756,-5.0448132e-05,0.07681033,-1.5587025,1.2281482,0.06612342,-0.14766014,0.193758,-0.011882015,-0.20241871,0.18573861,0.27472198
24.171296292717127,35.10648163098043,78.049835,17884799.598312378,72.46707,0.0023295875,0.00059353217,-0.14442502,-0.31003404,0.77557707,-0.070033245,0.38267848,0.21980605,0.09994896,-0.07991597,0.2601099,0.27210975
24.528985389862203,35.079710263267266,73.800804,10799999.95880127,73.72653,-0.8367226,-0.85101664,-0.11742625,1.6299149,0.35091043,0.08223752,-0.07973518,0.23715639,0.30549213,0.13426006,0.010283975,0.13465334
24.728260869121893,35.15579704180788,79.23173,13910400.175094604,73.37841,-0.003837917,-0.0028428342,-0.28783032,0.15640846,0.7589028,-0.028108895,-0.019198388,0.3632661,0.27059963,0.0006525822,0.20147118,0.20147224
24.40217392316393,35.07246365433351,77.73675,6134400.182819366,72.30385,0.0074675945,-0.0059810034,-0.28705257,0.99307096,0.3772679,-0.018646263,0.17264752,0.039588757,0.015757386,0.15019107,0.07543665,0.16807155
24.171296292717127,35.10648163098043,78.049835,4319999.873828888,72.582115,0.0061826827,0.0047847764,-0.4317549,-1.0673149,0.30992216,0.2061845,0.45336753,0.11318669,0.30690408,-0.13475625,0.058368456,0.14685409
24.586956589458925,35.03623181903528,81.050644,16243199.788856506,72.253174,0.00018848307,-0.0001840854,-0.27733207,1.345332,-0.6676117,0.03475174,0.31473553,0.21855196,-0.13779676,0.18823823,-0.09280714,0.20987329
24.409420185925658,35.126811301460926,78.58091,13391999.773406982,72.19082,-0.0023569409,-0.0019491913,0.025958136,1.4916816,0.026855636,-0.13975531,-0.06473837,0.022514682,0.10068296,0.08883192,0.025110673,0.09231281
24.17028990870767,35.119565206509655,75.23819,2937599.9909877777,72.58437,0.052676275,0.08695427,-0.66486657,0.11350504,1.0726123,-0.19583258,0.048287522,-0.01148726,-0.088179,0.034676917,0.16752568,0.171077
24.57608686867857,35.22463755910878,78.28966,6566399.786281586,73.09007,-0.008992921,-0.008770282,-0.2001926,1.7835767,0.7505152,-0.110307224,0.03413145,-0.039944887,-0.0010363385,0.16048962,0.07727314,0.17812371
24.728260869121893,35.15579704180788,79.23173,5875199.981975555,73.33899,0.004108968,0.003657009,-0.28029168,1.8450683,0.31084293,-0.0005208552,0.3054421,0.44541848,-0.072844915,0.17218491,0.01179096,0.17258815
24.55072462237475,35.07608730649443,88.70044,7171199.889278412,72.464485,4.1323608e-07,4.305955e-07,0.17525472,2.3533738,-0.38746756,-0.301544,0.17430975,0.23388651,-0.18743217,0.13386638,-0.027505822,0.13666302
24.171296292717127,35.10648163098043,78.049835,6134400.182819366,72.41681,0.0038797052,0.0010233785,-0.2603652,-1.6732697,-0.25461277,0.37412408,0.60162574,0.17252241,0.24326667,-0.26855236,0.0064163213,0.268629
24.514492864338745,35.152173737341,77.98083,14774400.478935242,72.870285,-0.009740353,-0.009818111,0.023923881,1.426649,-0.3165776,0.07279949,-0.0682629,0.39284456,0.0022843145,0.21734339,0.008373817,0.21750465
24.655797039477626,35.09782643790763,82.953125,11231999.562263489,72.19399,-6.135095e-05,5.6518384e-05,0.13105176,2.2636359,-0.04097728,-0.23702723,-0.07614861,0.20068946,0.12372148,0.17342211,0.0104637565,0.1737375
24.286231733018653,35.16304365074164,82.86601,9590399.752807617,71.67939,4.1756823e-05,4.0981904e-05,-0.42879814,3.7666976,0.264652,-0.0661447,-0.040478915,0.3155723,0.05250084,0.08489565,0.0029181438,0.08494579
24.32608705359737,35.05434782738719,80.59564,5011200.226593018,72.324615,0.0003692123,7.9624304e-05,0.17853595,-1.20454,0.08728254,0.2106905,0.31670603,0.213994,0.16229737,-0.16318554,0.002538192,0.16320528
24.369565205050215,35.10507235145331,81.59638,8553600.046348572,71.982506,0.0001159697,-0.00014223077,-0.103560194,0.46032304,-0.42875105,0.2738075,-0.20512629,0.30249926,0.05258072,0.021338219,-0.044855237,0.049672045
24.586956589458925,35.03623181903528,81.050644,1209599.9317646027,72.048515,-0.00025598396,-0.00029007663,-0.040076178,-1.1891233,1.2169505,0.004006505,-0.10275211,-0.08811816,0.07323234,-0.09930578,0.12557757,0.16009799
24.655797039477626,35.09782643790763,82.953125,10195199.855804443,72.21925,-2.5095089e-05,-3.8815215e-05,0.12732178,2.5569468,-0.23036179,-0.2218183,-0.020246387,0.1548878,-0.05366397,0.13470411,0.0052868077,0.13480783
24.55072462237475,35.07608730649443,88.70044,6825599.987125397,72.438705,4.1424144e-07,1.990462e-07,0.16059183,2.3471768,-0.31390822,-0.26187056,0.14582798,0.19714782,-0.22451007,0.12823693,-0.015180202,0.1291323
24.17028990870767,35.119565206509655,75.23819,14169600.375938416,72.71001,0.015408369,0.1023882,0.18199088,0.8096575,-0.23731034,0.0024178475,0.3377644,-0.0007476583,0.026896758,0.14993778,-0.018624425,0.15109006
24.52536253285706,35.05797113185407,79.99595,7430400.090122223,72.34646,0.000105895444,-0.0004814694,-0.14156687,1.884902,-0.12713656,-0.07698067,0.015558768,0.028943215,-0.08876669,0.19175717,-0.026199682,0.19353871
24.46739112421217,35.10507235145331,77.031204,5356800.128746033,72.655045,0.0157137,0.01818691,-0.19658397,0.13589399,0.47118926,-0.15547869,0.26197842,-0.12565002,-0.062214263,0.057506684,0.068970144,0.08979922
24.525362323808892,35.01449270273921,80.76379,14774400.478935242,72.08619,0.0001619492,0.00037235732,-0.389113,1.3876007,-0.43198818,0.08593184,0.2635767,0.17832199,-0.11751347,0.11340367,-0.05512202,0.12609056
24.471014503837736,35.137681214861566,84.09494,6998399.938201904,72.30417,-1.2511677e-05,-1.2141475e-05,0.09455034,2.1417859,0.029487163,0.40065375,0.056547754,-0.16166273,-0.0019966587,0.13681976,-0.00069382595,0.13682152
24.641304357168043,34.938405387540406,81.3883,13651199.974250793,72.25472,-0.00026332866,-0.00012525277,-0.36216784,1.441018,0.13324648,-0.12876728,0.2370575,0.18611574,-0.16237,0.06873868,0.0030356022,0.06880567
24.235507135886934,35.09782643790763,86.62735,12441599.768257141,71.73713,-9.910354e-07,-5.53372e-07,-0.059478864,0.66252404,0.08248395,0.3135034,0.1420253,0.07855651,0.2808228,0.18476316,0.06073579,0.19448975
24.62318819070881,35.09782625650204,81.14894,5702400.030899048,72.673065,-0.00045212632,0.00047997673,-0.29610863,1.0224959,1.0703996,0.10997269,-0.13406903,-0.13215059,-0.082251124,0.10034551,0.101098664,0.14244354
24.677536062942007,35.07971042955572,84.775665,12614400.267791748,72.351585,1.1074571e-05,-1.2382343e-05,0.013538092,2.0752957,0.31499237,-0.32216156,-0.18958625,0.3200062,0.32612303,0.12090339,0.041599147,0.12785976
24.373188349496587,35.09782609021359,73.044136,1814400.0347614288,73.130104,-0.9254142,-0.91059923,-0.31427306,0.16621578,0.16098244,0.57129186,0.57259035,-0.18185213,0.32683846,0.14077972,0.15870748,0.21214853
24.51086948471318,35.141304337922854,75.965324,3974399.971675873,72.75159,0.05422652,0.04748707,0.026261583,-0.028155103,0.260935,-0.26353714,0.40102032,0.08074649,-0.015239909,-0.026382308,0.16182183,0.16395831
24.282608510179216,35.10869565592019,73.044136,7430400.090122223,72.85777,-0.7628388,-0.61336803,-0.543973,1.7733549,0.1996375,0.18276924,0.062486805,-0.2952699,-0.19050342,0.22067337,0.01856916,0.22145326
24.75362311542571,35.148550251468535,82.31272,10886399.660110474,72.48759,-0.00013726696,0.00013560662,-0.20109096,2.0281267,-0.69283575,-0.057065643,0.0475981,0.12939626,0.40538874,0.15155314,-0.05770701,0.16216798
24.369565205050215,35.10507235145331,81.59638,18403200.0,71.27117,8.658432e-05,9.054292e-05,-0.20480628,1.0872495,-0.9955877,0.10906626,0.18168819,-0.016749576,0.5108792,0.15391187,-0.14030544,0.20826541
24.521739153231497,35.18115965909355,80.50853,1036799.9806880951,73.075424,-0.00038967276,0.00023838742,-0.21647085,-1.7265381,1.7157366,-0.09373856,-0.37053955,0.059144996,-0.27169275,-0.1905769,0.16637878,0.2529851
24.340579735906957,35.22101461745307,78.71513,11059200.15964508,72.1585,-0.0027104444,-0.0021890453,0.20622219,3.3345432,0.156597,-0.22442609,-0.15329522,0.18550321,0.029354364,0.16611168,0.010063948,0.16641626
24.242753659958876,34.931159481553294,83.59315,15292799.783706665,71.61668,1.8786894e-06,-6.3769735e-06,-0.44037282,-0.42398137,-0.004250625,0.12314246,0.24366379,0.1083418,0.5467233,-0.23788531,-0.026252912,0.23932956
24.275362351941567,35.02173896397893,79.32639,7689599.742507935,72.12466,0.0014535186,7.063198e-05,0.26829296,-2.4018898,-0.22198257,0.25995332,0.26653138,0.11138773,0.48319927,-0.14162488,-0.020170955,0.1430541
24.75362311542571,35.148550251468535,82.31272,8726399.99742508,72.73199,-0.00017564026,-4.097432e-05,-0.3030384,2.7268798,-0.58510417,-0.081884794,0.291592,0.17903772,0.11014353,0.20643464,-0.05824489,0.21449412
24.068840433535758,35.17753635462667,82.62194,12700799.969100952,71.73811,-3.8949325e-05,1.0415128e-05,-0.16385078,-0.4522425,0.18443164,0.24822712,0.30177784,-0.14509115,0.014676936,-0.110571004,0.05792756,0.12482608
24.152173912100075,34.942029039701325,85.189964,7948799.943351746,73.223495,1.780327e-05,-2.0679605e-05,-0.01135397,-1.8780396,-1.0142442,0.2833754,0.5268994,-0.20860174,-0.1624625,-0.23949623,-0.1187804,0.26733357
24.822463669968496,35.11956556932083,79.471794,15551999.984550476,72.94009,-0.00048664655,0.0017924119,-0.30304903,-0.75005794,0.4486081,0.27142605,-0.16171023,0.08747621,0.29203066,-0.093896575,0.023394538,0.096767105
24.782608584568965,35.06521774078783,85.492004,11491199.7631073,72.64954,8.659047e-07,-6.171061e-06,-0.0734008,2.7511053,-0.18870205,-0.2772458,-0.39234307,0.33248958,0.32624054,0.15086938,0.03662781,0.15525195
24.40217392316393,35.07246365433351,77.73675,12095999.866104126,72.54548,-0.0070022433,-0.0058008153,-0.1788401,1.7617198,-0.41953367,-0.26334098,-0.13580096,-0.13430217,0.21426377,0.147776,-0.026254162,0.15009005
24.40217392316393,35.07246365433351,77.73675,18143999.79915619,73.42401,0.020044142,0.019427264,-0.002662681,0.30943704,-0.5376515,0.043425567,0.10753587,0.29982966,0.07842688,0.1375834,-0.13760282,0.19458605
24.336956356281394,35.12681217825459,78.56935,4060799.9472141266,72.48557,0.0023048613,0.0007725313,-0.43292028,0.10280028,0.9386653,0.19242287,0.20186177,-0.09769776,-0.25141856,0.0582389,0.14339425,0.15476976
24.85869584610084,35.31159408476158,76.05999,6998399.938201904,76.153755,0.22639553,0.22561327,-0.2231097,1.9286419,-1.1354872,0.040138084,0.44203454,0.5714615,0.19264698,0.16430607,-0.120725945,0.20389026
24.278985653174068,35.159420527680346,80.15937,12873600.46863556,71.45308,-0.0003527439,-0.00038633417,0.16857046,0.55979234,0.1651955,-0.015280344,-0.12260703,-0.032900155,0.26447618,0.069390126,0.046749555,0.08366905
24.32608705359737,35.05434782738719,80.59564,8639999.747657776,72.01205,-1.9275454e-05,-0.00039100568,0.1641222,-2.2620077,-0.68605775,0.33735546,0.09372323,0.19650507,0.27431253,-0.07704068,-0.027540915,0.08181545
24.731883987437246,34.999999998854186,80.17734,12095999.866104126,72.84973,0.0013461942,0.0013196695,0.008298941,1.7180783,-0.16068953,-0.035505928,0.3773876,0.104855105,0.33321527,0.2717497,-0.01942064,0.2724428
24.171296292717127,35.10648163098043,78.049835,15292799.783706665,72.22129,0.0035960204,-0.004850775,-0.08608405,-0.8514434,0.2887411,0.07134096,0.50833243,-0.102640726,0.131658,-0.12111324,0.06520355,0.1375497
24.60144921950647,34.9456523441682,85.40489,7775999.992275238,72.04783,-2.6301827e-06,-5.9034437e-06,0.060015783,-2.2229433,0.4464991,0.32837823,-0.08568507,0.2671259,0.32042184,-0.10069815,0.07356902,0.12470974
24.068840433535758,35.050724689208764,75.1399,16416000.288391113,72.444336,0.03463732,0.08798923,0.29205424,1.315635,-0.6436108,0.12412817,0.8518311,0.45571902,-0.045102894,0.17440186,-0.087426595,0.19508824
24.641304357168043,34.938405387540406,81.3883,16847999.891853333,72.57059,7.753828e-05,-9.0388436e-05,-0.27374852,0.33618876,0.010378825,-0.028566867,0.050542943,0.22255072,-0.13234982,0.16364886,-0.039179433,0.16827352
24.659420157792983,35.13768139626715,82.9603,4924799.976825714,72.722305,-4.5224926e-05,9.58812e-05,-0.1998316,0.15418297,0.6314165,0.14002305,0.026006293,0.091047734,-0.0368241,0.0384358,0.11029825,0.11680332
24.62318819070881,35.09782625650204,81.14894,7257600.139045715,72.6276,-4.3676002e-05,6.7895526e-05,-0.1128731,2.2256553,0.8052452,-0.035378046,0.04715754,-0.10446202,-0.17911842,0.15984641,0.051646754,0.16798292
24.782608584568965,35.06521774078783,85.492004,4838399.727058411,72.86165,8.8395645e-06,-2.1946744e-06,-0.34451866,0.37065458,0.6986741,-0.45890272,0.59073293,0.037421506,-0.13674706,0.15633863,0.18442912,0.24177648
24.24275355543479,35.275361916886446,83.709785,14083199.577713013,70.898476,3.5636806e-06,-3.4403577e-06,0.073205486,-0.47158247,0.349954,-0.087570615,0.08537339,0.10439273,0.39102867,-0.12469625,0.07922925,0.1477377
24.62318819070881,35.09782625650204,81.14894,3023999.9665260315,72.43976,0.0003894191,-0.00037274152,-0.2739603,-0.20725541,1.0020199,0.15567563,-0.22711685,-0.09325626,-0.06822631,-0.032845877,0.14300495,0.14672856
24.40217392316393,35.07246365433351,77.73675,5875199.981975555,72.293655,0.007397625,0.0007794207,-0.28162614,0.8302467,0.46175534,-0.0005445406,0.19162473,0.014638424,-0.01610757,0.14765143,0.09904116,0.17779228
24.15942034471344,35.02536261613985,84.04098,2764800.03991127,72.73127,-3.6849277e-05,3.5846275e-05,-0.12366245,0.9081326,-0.67841226,0.06604719,-0.047640808,0.26254696,-0.06509713,0.23681921,-0.111587636,0.26179215
24.731883987437246,34.999999998854186,80.17734,11491199.7631073,73.01242,0.0009123025,0.00067819306,0.059297696,2.0094752,-0.35070992,-0.06212341,0.40148976,0.10693711,0.333549,0.25818574,-0.033420444,0.26033977
24.659420157792983,35.13768139626715,82.9603,3887999.996137619,72.803635,-9.545089e-05,8.755678e-05,-0.12110619,-0.0050100386,0.88797414,0.17909108,0.05136945,0.061795082,0.003487736,0.03898477,0.16768159,0.17215379
24.268116089179838,35.07971042955572,81.07262,17020800.39138794,70.988,7.369737e-05,0.000109991975,-0.49946797,0.7577726,0.006995041,-0.02496025,0.28778434,0.12115207,0.4915031,0.20745145,0.0014847299,0.20745677
24.141304256647267,35.05072417522627,80.839714,1209599.9317646027,73.78292,0.0005983912,0.0017210095,-0.23403972,-0.6126014,0.30481106,0.27409333,0.23788035,0.16574922,0.42803374,-0.14748909,0.07891723,0.1672751
24.278985574781007,35.18478260074926,85.36457,16156800.087547302,71.175255,2.0799207e-06,2.7345518e-06,-0.04253996,-0.5871012,0.9947201,0.12688605,-0.21113396,-0.101547025,0.42501414,-0.07464262,0.15244909,0.1697417
24.60144921950647,34.9456523441682,85.40489,13824000.4737854,72.53226,6.1441156e-06,6.0187735e-06,0.0591529,-0.92860353,-0.26151288,0.5357417,0.00025515258,-0.17907181,-0.36728156,-0.16729587,-0.06358322,0.17897132
24.06159400092239,35.235507653915,77.223785,4752000.025749207,72.292175,-0.009445163,0.0033981842,-0.5884329,-1.6246579,-0.94763464,0.43461505,0.2807954,0.07390574,0.104453355,-0.1133595,-0.048786703,0.12341199
24.52536253285706,35.05797113185407,79.99595,5270399.878978729,72.24696,0.00029149486,0.000135031,-0.30734164,1.1471145,0.49803782,0.09247163,0.08081465,-0.041489013,-0.16614303,0.17319764,0.071435936,0.18735132
24.373188532413735,34.85507217391305,83.68782,13651199.974250793,72.40304,3.806846e-05,-3.731876e-05,-0.33957267,-1.1202801,-0.13261804,0.13053516,-0.02511543,-0.37749287,0.04943418,-0.16140637,-0.03522942,0.16520631
24.32608705359737,35.05434782738719,80.59564,11145599.860954285,71.691795,-1.982996e-05,0.00032665994,-0.1267011,-0.4479317,-0.7389297,0.16383556,0.10600084,0.046644427,0.0816838,-0.054942816,-0.06159376,0.0825379
24.3913043591697,35.05434799367564,86.750465,5184000.177669525,72.47132,2.0670166e-06,1.976748e-06,0.26037794,-1.7791891,-0.6867776,0.6280914,-0.1990301,-0.071884446,-0.053317256,-0.091526985,-0.06436324,0.111891985
24.49275373635028,35.04710138474188,79.64641,16329599.49016571,72.48255,0.001547611,0.00017621048,-0.29167092,1.631654,-0.89319134,0.2238138,0.14047492,-0.008275099,-0.050645977,0.12412376,-0.065368764,0.14028464
24.57246390714934,35.13405809180027,82.83649,11577599.464416504,71.92803,4.1385996e-05,5.073864e-05,0.1582426,1.9438943,0.0629968,-0.12716895,-0.16764832,0.27408347,-0.016862318,0.16718736,-0.020895356,0.16848807
24.655797039477626,35.09782643790763,82.953125,864000.0296115875,72.62579,-2.3560806e-05,1.1648464e-05,0.096319795,-1.3236283,0.656713,0.091341615,-0.10336686,-0.09648434,0.039312407,-0.1524863,0.1413828,0.20794511
24.3913043591697,35.05434799367564,86.750465,9849599.953651428,72.2694,-1.768736e-06,-1.0501504e-06,0.13714632,-1.7455151,-0.42475915,0.30349845,0.40763214,-0.06471617,-0.12886041,-0.09971089,-0.03530362,0.10577621
24.271739312019278,35.0833337340226,74.97577,10022400.453186035,72.375725,0.047076583,0.06769527,-0.112690605,1.9818555,-0.062630124,0.019680217,0.33425185,-0.014310211,0.09926851,0.2105545,-0.017461088,0.21127728
24.49275373635028,35.04710138474188,79.64641,345600.00498890877,72.18401,-0.0010619932,-0.0005531706,0.11145884,-1.9887965,1.0629128,-0.12659547,0.07987115,0.02832786,-0.050946772,-0.21079019,0.111406796,0.23841976
24.619565229179578,35.18478278215484,82.255135,16847999.891853333,71.57844,-5.6203906e-05,1.6899177e-05,0.07032013,2.367016,-1.779377,0.085832044,0.64891475,0.3296548,0.3180471,0.087602265,-0.09482104,0.1290937
24.655797039477626,35.09782643790763,82.953125,15983999.588012695,71.965546,-4.753026e-05,-8.519813e-06,-0.16038407,0.77113736,-0.7702886,0.017350376,0.1557257,0.34832054,0.06947442,0.096827045,-0.1011594,0.14003107
24.340579657513896,35.072464168316,77.031204,10627199.459266663,72.336685,0.013906406,0.014334182,-0.12728012,1.5819094,-0.19637698,-0.16052312,0.05872009,-0.15217933,0.34258503,0.20455566,0.005708868,0.2046353
24.43478277193275,35.06521686399416,78.38795,11059200.15964508,72.43358,-0.0046663885,-7.845517e-05,-0.20136996,1.7705709,-0.30733532,-0.36661828,-0.21207356,0.03475406,0.25412625,0.13715917,-0.022688469,0.13902304
24.32608705359737,35.05434782738719,80.59564,10022400.453186035,71.87505,-0.0002611651,0.00037814383,0.0060225576,-1.1326818,-0.7782214,0.19011754,0.078755155,0.1218527,0.18304524,-0.08154045,-0.055670273,0.098732084
24.264492787947336,35.06521739309379,75.914215,7516799.791431427,72.16825,-0.024178533,-0.033750586,-0.2465157,1.0392107,0.3739217,-0.016050994,0.38268763,0.27311555,0.038997326,0.11828241,0.03730833,0.12402677
24.521739153231497,35.18115965909355,80.50853,4838399.727058411,72.72104,-0.00074206485,0.0008911464,-0.34319574,1.3552086,0.6194735,0.11592191,-0.22088638,-0.12138436,-0.00056320056,0.12358535,0.031617012,0.12756558
24.340579657513896,35.072464168316,77.031204,5702400.030899048,72.20987,-0.011736056,-0.012924604,-0.27065688,0.81286347,0.52682215,0.037416015,0.35214517,0.11155538,-0.07168922,0.1421608,0.083646625,0.16494378
24.57608686867857,35.22463755910878,78.28966,12960000.169944763,72.83301,-0.0057478785,0.0039704125,-0.061355315,2.3671935,-0.22269994,0.11709614,0.43837973,0.264693,0.21576396,0.12324786,0.004927096,0.12334631
24.822463669968496,35.11956556932083,79.471794,864000.0296115875,72.08548,-0.0011708045,0.00052622176,-0.02551943,0.4788543,0.55411196,0.17600912,-0.052793108,-0.026385091,-0.22599897,0.11405473,0.17934987,0.21254379
24.514492864338745,35.152173737341,77.98083,7343999.840354919,72.72492,-0.007398413,-0.007776828,-0.377518,1.679958,0.11978005,-0.22531292,0.039913267,-0.0899759,0.15342808,0.15670346,0.02061366,0.15805346
24.17028990870767,35.119565206509655,75.23819,12527999.469566345,72.4537,-0.07384787,-0.04482546,0.1848865,0.08762275,-0.3145399,0.12439963,0.33239645,-0.17751852,0.14462948,0.013977761,-0.0720279,0.07337163
24.800724541980035,35.0326085145684,80.91604,17279999.49531555,72.9494,0.0007609086,0.00075639004,-0.20607513,0.6119942,-0.09229488,-0.070469625,0.0961457,-0.0429885,-0.01355505,0.1669173,-0.036466073,0.1708542
24.358695745580064,35.14492749121842,79.46463,3715200.0450611115,72.70377,-4.0075873e-05,0.0008142723,-0.40429783,0.15677883,1.2876439,0.19287078,-0.0013464913,-0.074528866,-0.32843494,0.028963784,0.1977204,0.19983056
24.5036234048686,34.94565269942081,84.86278,1728000.059223175,72.24456,9.5964015e-06,-3.3259806e-07,0.0137317255,-0.49770433,0.7295435,0.11043054,-0.26762992,-0.20581257,0.38490018,-0.04451126,0.09909106,0.10862914
24.409420342711783,35.02898555779556,73.23672,15551999.984550476,73.19705,0.88320166,0.95372313,-0.16648862,0.14732099,0.28026497,0.56719244,0.22819826,-0.006607972,-0.008771606,0.10387643,0.12926112,0.16582747
24.579710091518006,35.06884069756067,84.24473,6998399.938201904,72.16207,1.7381508e-05,1.6429001e-05,0.3521787,0.08831565,0.39039958,0.109833226,0.21433437,-0.29800335,-0.19908097,0.0323219,0.06684312,0.07424761
24.409420342711783,35.02898555779556,73.23672,17971200.39653778,73.422386,0.073779516,0.033394568,-0.169162,-0.25330865,0.45623767,0.33670378,0.21561569,0.11778095,-0.09485888,-0.16768426,0.27062565,0.31836498
24.52536253285706,35.05797113185407,79.99595,15033599.582862854,72.3411,0.0009921797,0.00085294835,-0.42282903,2.4572277,-0.47367203,0.027376462,0.115248665,0.20575848,0.10344121,0.18214945,-0.023486918,0.18365744
24.271739312019278,35.0833337340226,74.97577,3456000.11844635,72.51472,-0.09409522,-0.10070044,-0.43630296,0.09902404,1.1081156,-0.008962542,0.13477445,-0.24011567,-0.1252231,0.03322038,0.12318482,0.12758563
24.43478277193275,35.06521686399416,78.38795,9071999.899578094,72.3921,0.0044210223,0.0029262619,-0.239213,1.8587343,-0.328026,-0.27538225,-0.1971913,0.094476186,0.2764188,0.14902093,-0.040551323,0.15443978
24.60144921950647,34.9456523441682,85.40489,17366400.293540955,72.214905,-2.224179e-06,2.4035044e-06,0.029826269,1.0580927,-0.47176743,0.15496418,-0.10893064,0.086918905,-0.34643987,0.20187218,-0.095048994,0.2231293
24.40217392316393,35.07246365433351,77.73675,3110399.9420642853,72.172646,0.006622573,0.0056199683,-0.27836215,-0.33466512,1.0774945,0.09124947,0.22766122,-0.058268942,-0.17501414,-0.04894476,0.16912949,0.17606923
24.373188532413735,34.85507217391305,83.68782,4838399.727058411,72.53056,-3.5913847e-05,1.707562e-05,-0.15336454,-0.7839453,0.12807873,0.5758432,0.2592704,0.029305726,0.16916278,-0.1490011,0.028309565,0.15166661
24.278985574781007,35.18478260074926,85.36457,8985600.19826889,71.801895,7.6717754e-07,-4.408326e-06,-0.7411499,4.3454323,0.33332473,-0.2113407,-0.013816111,0.1366529,-0.045947023,0.240756,0.055057094,0.24697113
24.782608584568965,35.06521774078783,85.492004,15120000.381088257,72.7474,6.788826e-06,-4.558746e-06,-0.12874971,1.885366,-0.14150968,-0.0023160726,-0.20362097,0.29082555,0.07707836,0.228695,-0.0009986283,0.2286972
24.626811465810288,35.05797113185407,83.9315,3283199.893140793,72.41713,3.0219195e-05,-1.8483168e-05,0.2916301,-0.14445104,0.6855265,0.12809303,-0.18262967,0.025191102,0.100034185,-0.028122846,0.10403694,0.10777096
24.43478277193275,35.06521686399416,78.38795,16243199.788856506,72.65342,-0.00117944,-0.0009015736,0.042133532,1.3337513,-0.7649159,0.022726998,0.03266192,0.1787419,-0.0164597,0.19713446,-0.087943204,0.21586108
24.278985574781007,35.18478260074926,85.36457,9158400.149345398,71.77294,3.8439563e-07,-4.778925e-06,-0.718745,4.3907304,0.3155734,-0.23304251,-0.011918597,0.14642765,-0.03272517,0.24509683,0.058681764,0.25202382
24.55072462237475,35.07608730649443,88.70044,10368000.35533905,72.381905,1.2194025e-07,-1.0353613e-07,-0.056584284,1.6334342,0.4311331,-0.7416902,0.19906127,0.23636335,0.3345351,0.117261454,0.047665603,0.12657906
24.503623143558386,34.916666955294566,80.479385,15897599.886703491,72.28288,0.00031834832,0.00045551764,-0.42236173,0.5358262,0.8524947,-0.12412929,0.006231852,-0.012564816,-0.26037356,0.07527769,0.10437977,0.12869292
24.880434869565217,35.11594208344836,73.60822,12527999.469566345,73.54639,-0.27804536,0.40477628,0.22872026,-1.8162694,0.6949451,-0.27542135,-0.13356578,-0.014643773,-0.530573,-0.20564026,0.052304372,0.21218781
24.358695745580064,35.14492749121842,79.46463,5529600.07982254,72.365715,0.00037142966,0.00080265483,-0.35418856,0.67399776,0.5787385,0.18280463,-0.06301621,-0.075183965,-0.21276444,0.090617985,0.09988499,0.13486522
24.365941903817713,35.11594190204278,77.940506,18403200.0,72.96828,0.0059259348,0.010228063,-0.24537168,0.5850989,-0.1423569,0.0030201226,0.122148335,0.07230636,0.2464866,0.32083023,-0.054174762,0.325372
24.423912946628306,35.13405791039468,84.735344,518399.99034404755,72.70677,9.871128e-06,4.241943e-06,0.13715675,0.28375334,-0.1619362,0.60903054,0.008537829,0.061879538,-0.2770878,0.09439313,-0.03033239,0.09914694
24.43478251062254,35.050724689208764,81.254395,3110399.9420642853,72.32781,0.00027794004,0.00031247947,0.060763568,-0.5001688,0.9523708,0.016856335,-0.18897411,0.032295052,0.004948985,-0.0767406,0.15422606,0.17226374
24.409420185925658,35.126811301460926,78.58091,2764800.03991127,72.610405,-0.0039321412,0.0044907485,-0.41994065,-0.71913296,1.7814083,-0.06416286,0.01399152,-0.11840456,-0.392455,-0.046459284,0.20271453,0.2079703
24.409420342711783,35.02898555779556,73.23672,12527999.469566345,73.21895,0.427058,0.25428593,-0.1371525,2.1211276,-0.0004437901,0.43137783,0.0635771,0.13373503,-0.06168288,0.228568,0.01664991,0.22917363
24.525362323808892,35.01449270273921,80.76379,8294399.845504761,72.16305,0.00034768617,-0.00011752147,0.15260828,1.1223619,-0.2527176,-0.080826096,0.24546194,0.11562614,-0.11133864,0.1525734,-0.05252475,0.16136138
24.15942034471344,35.02536261613985,84.04098,4406400.123596191,72.4639,-2.4552335e-05,2.8715003e-05,-0.13459212,0.7767475,-0.5187058,0.11331601,-0.09330157,0.2733417,-0.017445426,0.1919803,-0.09759267,0.21536194
24.85869584610084,35.31159408476158,76.05999,0.0,74.991234,0.32134804,0.27984804,0.3538192,0.00373213,-1.1582165,0.22763959,0.47154215,-0.16000447,0.22618374,-0.015031104,-0.117259756,0.11821922
24.33695651306752,35.26449269887389,75.24537,15206400.082397461,74.49176,-0.50691,-0.49592227,0.3289268,1.755117,-0.56410706,-0.20845312,-0.46132225,0.15617567,0.0559408,0.22889242,-0.09314194,0.2471177
24.271739312019278,35.0833337340226,74.97577,5875199.981975555,72.24053,0.08480618,0.067371696,-0.58767974,1.5596173,0.55834705,0.009774871,0.2311419,-0.040409625,-0.2564303,0.19622916,0.07461217,0.20993537
24.655797039477626,35.09782643790763,82.953125,6480000.084972382,72.49221,3.777288e-05,3.2929136e-05,-0.2250058,0.87722933,0.7404077,-0.07129901,-0.008744098,-0.17273298,-0.26052392,0.12423666,0.100208804,0.15961376
24.293478074173446,35.130434424522214,78.52256,432000.01480579376,73.42539,0.007783475,-0.010077927,0.0976444,-2.2748754,1.727739,0.096538045,0.17214158,0.3256401,-0.07075134,-0.22558364,0.19866152,0.30059007
24.409420342711783,35.02898555779556,73.23672,16416000.288391113,73.2088,-0.9750092,-0.97008896,-0.14730117,-0.07065554,0.3283193,0.50588566,0.23437524,0.009003434,-0.02778662,-0.013691776,0.22886437,0.22927356
24.442029139218562,35.043478080275,76.86345,2332799.8879909515,72.161095,0.009443715,0.014100804,-0.17757523,0.24030924,0.43718046,0.24127057,0.27709645,-0.008888982,0.08231284,0.036473777,0.087276936,0.09459175
24.134057993885538,35.130434787333385,80.741425,691200.0099778175,74.57014,-0.0025439847,-0.0025351362,-0.27121884,-1.4167862,0.19443096,0.40681887,0.4226397,0.3223287,0.53174937,-0.16074923,0.030338254,0.16358705
24.33695651306752,35.26449269887389,75.24537,4492800.099134445,72.05844,0.025591299,0.055157065,-0.29300928,1.6478355,-0.04889418,-0.054845683,-0.08828998,-0.17870092,-0.23822403,0.19347146,0.0152012585,0.19406773
24.655797039477626,35.09782643790763,82.953125,7257600.139045715,72.45556,-2.2069692e-06,7.7180346e-05,-0.1660859,1.6233096,0.62948036,-0.11346059,0.05181509,-0.19241998,-0.33420867,0.12925994,0.055860776,0.14081392
24.60144921950647,34.9456523441682,85.40489,11145599.860954285,72.19546,-6.737445e-06,-3.2737573e-06,0.1661111,-2.2484038,0.12706386,0.6425418,0.36384326,-0.10227453,-0.05986137,-0.19622386,0.018801285,0.19712253
24.3985509616347,35.079710263267266,82.39983,13564800.27294159,71.46109,1.8271254e-05,5.217807e-05,-0.12774014,0.8581717,-0.6062233,-0.06485238,-0.028927974,0.23661932,-0.12022085,0.1422178,-0.08905571,0.16779995
24.35507260113369,35.04710138474188,76.478294,8639999.747657776,72.47003,-0.004922763,-0.007864557,-0.16359603,2.0702927,-0.026963713,-0.15397292,0.09505513,0.21557656,0.23085111,0.25809693,-0.0070523624,0.25819325
24.171296292717127,35.10648163098043,78.049835,14515200.27809143,72.145035,0.0012921199,-0.0041963193,-0.006094061,-1.0932767,0.090834945,0.13190341,0.47837827,-0.18764564,0.152585,-0.15145305,0.0065333536,0.1515939
24.286231733018653,35.16304365074164,82.86601,14687999.680709839,71.10252,1.9535491e-05,2.0441745e-05,-0.10077736,0.2430326,0.2848019,-0.002560988,0.007535614,0.05566995,0.32311597,0.04009947,0.07867811,0.088307485
24.800724541980035,35.0326085145684,80.91604,12873600.46863556,72.694115,-0.00058683794,0.00048818122,0.042224765,0.87634665,0.033798236,0.16894165,0.11667168,-0.00242877,0.32562968,0.26155922,0.0013930564,0.2615629
24.572463802625258,35.028985391507106,77.31845,8985600.19826889,73.311264,-0.015138279,-0.02514758,-0.20517083,2.7574115,-0.3751608,-0.19416401,-0.006189607,0.06974677,0.25511125,0.24311821,-0.060066964,0.25042865
24.53985505838052,35.14492730981283,78.72631,15206400.082397461,72.779106,-0.0046800547,-0.0035902623,-0.14716105,1.9047409,-0.36897045,0.09338871,-0.0746255,0.4126247,0.06356449,0.27214366,-0.036326073,0.27455738
24.619565229179578,35.18478278215484,82.255135,10281599.557113647,72.09636,-8.9180015e-05,-0.000101523,0.20852445,2.3583367,-0.5334332,-0.10616293,-0.23509762,0.102442816,-0.059228405,0.09624204,-0.02905492,0.100532174
24.3913043591697,35.05434799367564,86.750465,11664000.262641907,72.16581,-1.3206936e-06,-1.478886e-06,-0.0030565485,-0.5759719,-0.15346251,0.18719491,0.3732453,0.010526091,0.034826465,-0.09908531,-0.048570875,0.11034957
24.40579722439643,35.07608730649443,81.130585,8380800.095272064,72.037674,-0.00011680832,5.3694162e-05,0.048116684,-0.6216195,-0.49572605,0.2552418,-0.14650664,0.2337347,-0.0018633083,-0.042190526,-0.046792705,0.06300474
24.275362351941567,35.02173896397893,79.32639,1036799.9806880951,72.84793,0.00075339625,-0.002906711,-0.0058377907,-1.3385649,0.46407557,0.22490224,0.28878105,0.059853073,-0.03888592,-0.2399767,0.09448518,0.25790748
24.286231733018653,35.16304365074164,82.86601,11059200.15964508,71.38346,-3.1770323e-05,-3.0709445e-05,-0.3526758,3.6047828,0.22710223,-0.12852463,-0.018173262,0.34545457,0.16088352,0.11169878,0.021109352,0.113675945
24.271739312019278,35.0833337340226,74.97577,12182399.56741333,72.722786,0.1067441,-0.035995096,-0.0829284,1.730148,-0.30021298,0.11622593,0.34223044,-0.41641054,0.19945392,0.14852117,0.0044571217,0.14858803
24.271739312019278,35.0833337340226,74.97577,8639999.747657776,72.27892,-0.08314479,-0.08565552,-0.16708675,1.8758388,0.18736736,-0.023169607,0.2839264,0.15588486,-0.050576277,0.25739968,0.021322815,0.25828135
24.286231733018653,35.16304365074164,82.86601,5788799.732208252,72.25461,-5.1692776e-05,6.487242e-05,-0.6328044,1.4995162,0.32387775,0.4173607,0.12920228,0.36164692,-0.28335175,0.06445074,2.552384e-05,0.06445074
24.623188347494935,34.98550731008629,86.27349,11318400.360488892,72.26897,2.0321076e-07,-7.962051e-08,0.22235171,-1.7880917,-0.08928485,0.5041902,0.33253404,-0.12519428,0.22445682,-0.14230879,-0.010272436,0.14267905
24.134057993885538,35.130434787333385,80.741425,5702400.030899048,72.72603,-9.779966e-05,3.3369834e-05,-0.26200664,-0.7392932,-0.4889536,0.5699346,0.49651664,0.44804928,0.1316674,-0.11840139,-0.06364062,0.13442105
24.655797039477626,35.09782643790763,82.953125,1814400.0347614288,72.54821,-1.6627667e-06,7.551948e-05,0.11839503,-0.62281007,0.6717858,0.123174824,-0.13250515,-0.05974876,0.057664856,-0.13056852,0.14362822,0.19410618
24.782608845879178,35.07246365433351,80.82854,5702400.030899048,73.07597,-0.00079034694,-0.00091459055,-0.61790574,1.3019142,0.43545663,0.14694834,0.36995724,-0.14695469,0.010618102,0.19665909,0.04712533,0.2022266
24.528985389862203,35.079710263267266,73.800804,14083199.577713013,73.790665,-0.99090034,-0.85512847,-0.028939191,0.44139934,0.5348832,0.26527652,-0.2729084,0.11823425,0.15665981,0.061838623,0.093273394,0.11191042
24.5036234048686,34.94565269942081,84.86278,18403200.0,71.35107,4.8420948e-06,-5.1183674e-06,-0.01624962,1.1475425,-0.8268952,0.16646874,-0.19664904,0.08646249,0.109928,0.19862501,-0.11831689,0.23119426
24.40217392316393,35.07246365433351,77.73675,16761600.190544128,73.06103,-0.01269782,-0.0055833044,0.074944034,0.8815452,-0.59288275,-0.057394274,0.06782442,0.2419011,-0.014062401,0.16685355,-0.067745864,0.18008223
24.579710091518006,35.06884069756067,84.24473,11491199.7631073,71.977325,-8.264311e-06,-6.0389557e-06,0.21429051,1.7628071,0.11094886,-0.13307121,0.085492015,0.3597827,0.080125935,0.09275034,0.020934248,0.09508348
24.442029139218562,35.043478080275,76.86345,14774400.478935242,73.212776,-0.029395346,-0.036071748,-0.054519035,1.1780449,-0.4412489,-0.057423897,-0.052971967,0.11340376,-0.06313906,0.14114723,-0.011439472,0.14161003
24.49275373635028,34.95652190987481,78.13308,12182399.56741333,72.67091,-0.0049647563,0.006448719,-0.19334003,2.0567548,-0.3545704,-0.26691282,-0.09419782,0.21652532,-0.0035292432,0.18886447,0.0074349768,0.18901077
24.282608510179216,35.10869565592019,73.044136,17625600.494384766,73.21094,-0.85647416,-0.7680083,0.05777535,1.4208771,-1.0094409,-0.07278406,0.1316398,0.21206972,0.15266395,0.16980746,-0.07423253,0.18532415
24.619565229179578,35.18478278215484,82.255135,10886399.660110474,72.062744,-0.00010034053,-4.7886377e-05,0.15648025,2.149508,-0.44348228,-0.12716472,-0.2311784,0.1273043,-0.029323056,0.12273501,-0.030975236,0.12658337
24.365941903817713,35.11594190204278,77.940506,5788799.732208252,72.28394,0.005858604,0.005953255,-0.3665663,0.8919193,0.43870914,0.02120306,0.28709623,-0.04803489,-0.120950855,0.17440042,0.08906193,0.19582526
24.336956356281394,35.12681217825459,78.56935,2505600.113296509,72.758194,-0.002705054,-0.0049129385,-0.33548778,-0.82854724,1.488262,0.15019563,0.13125888,0.0033356994,-0.25067326,-0.10187727,0.12748559,0.16319177
24.003623304347823,35.192029209683014,80.788605,17193599.794006348,72.22772,-0.00041014052,3.7497317e-05,0.28920424,-2.4514499,1.1322984,0.08005543,0.2126714,-0.11225163,-0.11933436,-0.17904651,0.10052184,0.20533459
24.782608845879178,35.07246365433351,80.82854,16416000.288391113,72.68761,-0.000536225,-0.00030319288,-0.35406744,0.49848396,0.10844588,0.22370404,0.1449387,-0.00608211,0.08354161,0.12403457,0.018494245,0.12540579
24.579710091518006,35.06884069756067,84.24473,14515200.27809143,72.05898,9.854807e-06,-1.5036279e-05,-0.04196777,1.4787182,-0.47762674,-0.026844494,-0.009764783,0.37997097,0.09669122,0.11868968,-0.055464074,0.13100956
24.40217392316393,35.07246365433351,77.73675,1555199.9710321426,72.42825,0.0041070245,7.736799e-05,-0.115888536,-1.3592916,1.2665504,0.06734314,0.30154705,0.074130654,-0.15351814,-0.14201927,0.15035637,0.20682482
24.278985574781007,35.18478260074926,85.36457,12787199.670410156,71.37578,3.2851192e-06,-2.742462e-06,-0.13894123,2.1860213,0.1344125,-0.2525127,-0.016212098,0.19420801,0.2414197,0.17774323,0.038355734,0.1818346
24.2137679164399,35.101449394680465,78.1842,4838399.727058411,72.41099,-0.0040671164,-0.005355513,-0.30802202,-0.8384963,0.23958947,0.24644485,0.45815054,0.103515506,0.16643012,-0.14216362,0.06573056,0.15662375
24.282608510179216,35.10869565592019,73.044136,3974399.971675873,73.06201,0.8634257,0.9472668,-0.6780033,-0.048685446,0.46689868,0.39909956,0.03760761,-0.5275123,-0.044555068,-0.028788326,0.1628038,0.1653295
24.731884091961334,34.88405773852335,82.62194,3283199.893140793,71.67309,-2.83326e-05,5.1055962e-05,-0.08395558,0.35764357,0.39933753,0.24525338,0.17541176,0.2875722,0.21361125,0.034563307,0.06651131,0.07495583
24.572463802625258,35.028985391507106,77.31845,345600.00498890877,71.825195,0.0025408592,-0.005714184,-0.057000652,-0.6878666,0.24188961,0.3002225,0.43451726,0.26312637,0.36095434,-0.19045757,0.08374787,0.20805718
24.72463775080654,35.097825908808005,83.506035,4924799.976825714,72.63203,3.4524004e-05,-5.5168017e-05,-0.43533587,0.6679399,0.88668436,-0.17768961,0.21749485,0.01870083,-0.042223834,0.16470668,0.19299728,0.25372472
24.518115930392057,35.170290078269815,76.7112,11491199.7631073,73.21662,0.040522456,0.007977373,-0.2385352,2.701143,-0.20308024,-0.13115895,0.28336555,0.1541201,0.50787216,0.1318272,-0.029729368,0.13513789
24.60144921950647,34.9456523441682,85.40489,1641599.9465703964,72.00746,-2.8928205e-06,-5.6745043e-06,0.07427955,-0.33694357,0.7836971,0.01715564,-0.1359208,0.09239206,0.3327331,-0.14739254,0.22889769,0.27224752
24.351449221508126,35.36231895652174,77.53338,7862400.2420425415,72.51367,-0.010837829,0.01073256,0.07893264,3.3193038,2.225621,-0.38785282,-0.31469527,0.24848619,0.26235154,0.16793266,0.09998773,0.19544545
24.068840433535758,35.17753635462667,82.62194,9417600.350189209,71.61544,-2.571857e-05,5.2458495e-06,-0.45132846,1.5404332,0.23988034,-0.029208876,0.22837436,0.058769718,-0.10425515,0.14958297,0.008059387,0.14979993
24.33695651306752,35.26449269887389,75.24537,4233599.898290634,72.17056,0.02190926,0.060507894,-0.2684942,1.4197878,-0.09262611,-0.051702797,-0.07226998,-0.16367158,-0.25745982,0.17267406,0.0067564636,0.17280619
24.358695745580064,35.14492749121842,79.46463,9676799.454116821,71.94195,0.0010828876,-0.0011056307,-0.06396622,3.2142081,-0.35174078,-0.30123028,-0.26974618,0.06437916,0.2656406,0.11660424,0.0049086004,0.11670751
24.340579657513896,35.072464168316,77.031204,5875199.981975555,72.20897,-0.011991504,-0.010528556,-0.26406056,0.90250015,0.49372524,0.025789596,0.3577348,0.13393383,-0.053319745,0.14720103,0.07501677,0.16521397
24.16304339770124,35.14130418675153,77.183464,1900800.0102996826,72.9396,-0.00807145,-0.007441257,-0.4176433,0.061528414,0.96186733,-0.061917193,0.07179079,0.34563082,0.17191541,0.013342956,0.20219259,0.20263237
24.40579722439643,35.07608730649443,81.130585,13478399.474716187,71.6071,-5.68522e-05,-0.00010102743,-0.3293044,1.5776943,-0.38398314,0.014854863,0.02771622,0.17932722,-0.05549778,0.14050962,-0.024450995,0.14262119
24.409420342711783,35.02898555779556,73.23672,17798399.897003174,73.38264,-0.26986992,-0.49575907,-0.15655316,-0.24583255,0.43995833,0.35572955,0.21748358,0.102775864,-0.08774654,-0.16424915,0.28178445,0.32615986
24.442029139218562,35.043478080275,76.86345,9504000.051498413,72.81662,-0.004734488,0.021968255,-0.21621259,2.4399843,-0.5435486,-0.30390853,-0.15651616,0.09051432,0.31375468,0.25888607,-0.051764388,0.2640105
24.822463669968496,35.11956556932083,79.471794,3542400.093984604,72.88278,0.0023428558,0.0011426475,-0.26192543,1.0126914,0.4148829,0.25174895,0.16671902,0.018303178,-0.3942902,0.11102348,0.030291254,0.11508159
24.43478277193275,35.06521686399416,78.38795,11836799.665260315,72.44782,-0.003447475,0.0047065644,-0.19980717,1.7336494,-0.32667553,-0.33291104,-0.16830608,0.023836091,0.19855958,0.12676553,-0.02923882,0.13009384
24.608695560661264,35.210145036629335,80.071884,1641599.9465703964,72.82588,-0.0010054809,0.00072066684,-0.32756305,-0.61501414,1.1792494,-0.15436631,-0.21849284,0.06674091,-0.06258353,-0.11738784,0.20308428,0.23457009
24.423912946628306,35.16304383214723,83.815254,3801600.0205993652,72.47521,3.5988576e-06,-3.2362743e-05,-0.15134445,1.3185651,-0.695582,0.35227147,0.39563358,0.042895414,-0.066564046,0.123387314,-0.05964477,0.13704717
24.275362351941567,35.02173896397893,79.32639,4752000.025749207,72.26305,0.0016288385,0.0017039218,0.2309558,-0.5919564,-0.055576757,0.08109927,0.28675035,0.09451627,0.36033815,-0.12312062,-0.0056762756,0.1232514
24.85869584610084,35.31159408476158,76.05999,13564800.27294159,76.083305,-0.95280516,-0.6878093,-0.34121788,0.17002335,-0.15984754,0.017424103,0.08096266,0.038852945,0.0814545,0.051311843,-0.060944837,0.079669185
24.068840433535758,35.17753635462667,82.62194,2592000.0888347626,72.442696,1.9111814e-05,9.684168e-05,-0.1573964,-0.3803811,-0.44837677,0.16802363,0.45399234,0.3581055,0.4728836,-0.10172134,-0.18284693,0.20923726
24.47463793572534,35.15579704180788,74.131996,13651199.974250793,73.62454,0.30451447,-0.3559324,0.14452904,1.8411627,-0.18351468,0.19034751,-0.043325238,0.017127551,0.2408137,0.13889672,-0.016514942,0.1398751
24.481884276880134,35.21376834109622,79.042,7171199.889278412,72.543625,-0.0013673616,-0.0025361215,-0.09641904,2.2029045,0.60267967,-0.0943185,-0.30905715,-0.18247703,-0.0119761005,0.17489307,0.05194308,0.1824436
24.15942034471344,35.02536261613985,84.04098,10195199.855804443,72.47752,-1.3177194e-05,2.971422e-05,-0.23669021,-1.6915939,-0.47725302,0.50370973,0.28613436,-0.0080638155,-0.1277251,-0.046304226,-0.04949537,0.06777812
24.503623143558386,34.916666955294566,80.479385,17625600.494384766,72.7815,0.00093068153,0.00080225687,-0.23749171,0.42199075,0.65199935,-0.21858239,-0.050417125,0.15676661,-0.10842816,0.0463589,0.1052213,0.114981174
24.340579735906957,35.22101461745307,78.71513,15379199.48501587,72.26955,-0.00037848085,0.0028615734,-0.018434808,0.5329735,0.08225747,-0.11615325,-0.055883177,0.117933795,0.05361326,0.11985904,0.033702333,0.124507174
24.275362351941567,35.02173896397893,79.32639,3456000.11844635,72.45095,-0.0005335529,0.0018032381,0.10613102,-0.41329408,0.11829814,0.102722965,0.260341,0.029201914,0.23471782,-0.17147063,0.07884797,0.18873043
24.49275373635028,35.04710138474188,79.64641,10368000.35533905,72.24441,0.00040560696,-0.0012287381,-0.13249967,1.9483314,-0.33260828,-0.33407897,-0.11085849,0.23329896,0.09492722,0.16167267,-0.03445136,0.16530259
24.3985509616347,35.079710263267266,82.39983,259199.99517202377,73.0691,-0.00022052786,0.00012310498,0.13649249,-1.2434705,1.2288464,0.055267274,-0.40370467,-0.021266058,0.08241303,-0.16490127,0.13687345,0.21430533
24.423912946628306,35.13405791039468,84.735344,9935999.654960632,71.95872,2.4604008e-06,9.005241e-06,-0.06846902,2.5728066,-0.24599452,-0.18740955,0.11601494,0.2390556,0.08906165,0.15533355,-0.019581154,0.15656288
24.358695745580064,35.14492749121842,79.46463,11664000.262641907,71.86891,0.00097372686,-0.0006644891,0.0965095,2.0262685,0.076031215,-0.22145084,-0.2327398,0.013770573,0.23719645,0.132628,0.021416673,0.13434605
24.655797039477626,35.09782643790763,82.953125,11404800.061798096,72.19108,-5.361795e-05,6.123637e-05,0.11975896,2.2151263,0.011407889,-0.23852569,-0.08430927,0.2060034,0.15071438,0.17922267,0.010522107,0.17953129
24.800724541980035,35.0326085145684,80.91604,1382400.019955635,71.7294,0.00012246709,-0.00023310287,0.16751598,-0.20418765,0.6771145,0.03360854,0.0004003793,0.0467984,-0.20564684,-0.11453406,0.25760412,0.28191832
24.373188349496587,35.09782609021359,73.044136,2246400.0495672226,73.12535,-0.8743791,-0.889654,-0.30055088,0.17575239,0.14308232,0.5213145,0.5267529,-0.23573807,0.25983506,0.16414039,0.17159103,0.23745641
24.15942034471344,35.02536261613985,84.04098,14860800.180244446,71.99302,2.4740068e-06,1.7562412e-05,-0.27538383,-1.7490768,0.26289624,0.36674744,0.120451614,-0.047376513,0.14148375,-0.13795942,0.016255306,0.13891378
24.271739312019278,35.0833337340226,74.97577,4233599.898290634,72.39235,-0.06702903,-0.08547749,-0.528332,0.67466545,0.89021605,-0.012951165,0.16831744,-0.22800517,-0.19213942,0.10754351,0.13244793,0.17061085
24.423912946628306,35.13405791039468,84.735344,16329599.49016571,71.20965,-2.1132248e-06,1.0020458e-06,-0.09362903,1.1118006,-0.7142121,0.041912228,-0.09454756,0.02237428,0.45887214,0.16390367,-0.11163912,0.19831215
24.49275373635028,34.95652190987481,78.13308,17884799.598312378,73.91869,-0.0059138983,0.018761521,-0.18480691,-0.57334626,0.33806217,-0.077799834,-0.100708716,0.122811176,-0.11303464,-0.108422585,0.09856795,0.1465302
24.586956589458925,35.03623181903528,81.050644,14947199.88155365,72.14093,-0.00026626015,0.00025875343,-0.40683442,1.6554456,-0.14349999,-0.005426191,0.22793564,0.3548515,0.04773496,0.16115215,-0.037758566,0.16551654
24.32608705359737,35.05434782738719,80.59564,15292799.783706665,71.50271,1.5794307e-05,-0.0001399436,-0.53784657,1.1278132,-0.6625645,0.08516643,0.20277026,-0.12022715,-0.03851746,0.24911523,-0.10902114,0.27192646
24.134057993885538,35.130434787333385,80.741425,5875199.981975555,72.710144,3.0505713e-05,7.824444e-06,-0.25308824,-0.80246794,-0.49956316,0.5723787,0.49802837,0.43316656,0.121381894,-0.1349944,-0.06888416,0.15155368
24.2137679164399,35.101449394680465,78.1842,12182399.56741333,71.94487,-0.003490417,-0.0025340451,0.20527719,-1.2186766,-0.49306905,0.19625977,0.26881614,-0.3947957,0.2365374,-0.10614692,-0.024853354,0.10901769
24.068840433535758,35.17753635462667,82.62194,15033599.582862854,72.02496,-1.0301448e-05,3.9471703e-05,0.102512985,-1.6796316,0.5172444,0.32627672,0.20621917,-0.19406435,0.05713686,-0.21863876,0.10868605,0.24416299
24.528985389862203,35.079710263267266,73.800804,11664000.262641907,73.694405,0.35853162,0.8899818,-0.118070096,1.3142205,0.5185648,0.14159516,-0.19084322,0.19312397,0.2747738,0.1333261,0.028486557,0.13633537
24.43478251062254,35.050724689208764,81.254395,13737599.675559998,71.709755,0.00017960263,8.173656e-05,-0.3195879,1.3138015,-0.6756648,-0.0064410046,0.08808929,0.1683242,-0.18247932,0.08557063,-0.049231336,0.09872212
24.423912946628306,35.16304383214723,83.815254,2419199.8635292053,72.69062,-3.8205013e-05,-2.791187e-05,-0.03349122,1.2311753,-0.46941257,0.34886822,0.3306645,0.13676938,-0.15655753,0.13106102,-0.08564666,0.15656418
24.655797039477626,35.09782643790763,82.953125,7862400.2420425415,72.41102,-7.463588e-05,6.2573695e-06,-0.10687693,2.1856341,0.48781258,-0.14524141,0.07063481,-0.15955436,-0.34710768,0.14581448,0.024834843,0.14791428
24.351449221508126,35.36231895652174,77.53338,6652800.036048889,72.06159,-0.006446326,-0.0030812484,0.12264025,3.5342138,2.3092732,-0.25777352,-0.3871856,0.21294767,0.41732088,0.18005584,0.08065337,0.19729438
24.46739112421217,35.10507235145331,77.031204,10195199.855804443,72.876175,0.02330432,-0.003914726,-0.28440642,2.5540051,-0.2825457,-0.35309434,-0.07185937,0.007707931,0.44904357,0.24848066,0.008242587,0.24861734
24.17028990870767,35.119565206509655,75.23819,15120000.381088257,72.84337,0.10843047,0.031284448,0.14155175,1.1141919,-0.26927865,-0.060451783,0.31359425,0.11887783,-0.048245683,0.19671321,-0.019869963,0.1977142
24.731884091961334,34.88405773852335,82.62194,10454400.056648254,72.615364,-4.4483066e-05,-2.7346898e-06,-0.41457582,2.463506,0.005313413,0.02517737,0.5118555,0.112458095,0.06911173,0.1741451,-0.008455533,0.17435026
24.528985389862203,35.079710263267266,73.800804,14515200.27809143,73.81474,-0.67908144,-0.93733275,0.013383597,0.28500938,0.46773928,0.27833247,-0.25946325,0.12126735,0.1320444,0.04934349,0.09860295,0.11026025
24.268116089179838,35.07971042955572,81.07262,7775999.992275238,72.350655,0.0002503439,-0.00018880471,0.110451445,-2.2028162,-0.40212458,0.46280235,0.2616052,0.30473158,0.31385154,-0.23298644,-0.06607587,0.24217494
24.423912946628306,35.13405791039468,84.735344,10713600.257492065,71.88082,2.915258e-06,8.751334e-06,-0.06953243,2.3718896,-0.16201,-0.27430698,0.0847688,0.335218,0.1002939,0.17540847,-0.013350678,0.17591581
24.40579722439643,35.07608730649443,81.130585,9071999.899578094,71.94216,1.8274552e-05,-0.00017916884,0.018540464,-0.046665326,-0.57664686,0.14564916,-0.12867033,0.24723229,0.004619494,-0.0011516623,-0.048679978,0.0486936
24.40217392316393,35.07246365433351,77.73675,15724800.484085083,72.78198,-0.0039215987,0.00023336502,0.05173002,1.243613,-0.57827884,-0.12593815,0.058337264,0.124570705,-0.06530754,0.16291748,-0.03951569,0.16764127
24.507246418659868,35.018115659512056,74.98295,16934399.593162537,74.02677,-0.37899572,-0.38794923,0.12251283,-0.381208,0.1150974,0.28389958,-0.12256882,0.28867397,0.14334142,-0.14706537,0.026531827,0.1494395
24.507246418659868,35.018115659512056,74.98295,8899199.948501587,73.79708,-0.33182576,-0.34311143,-0.08956086,1.7392557,-0.25770378,-0.010914572,-0.017305546,0.007780716,0.2053453,0.21283786,-0.06135331,0.22150436
24.659420157792983,35.13768139626715,82.9603,6652800.036048889,72.58619,-5.9055652e-05,7.078359e-05,-0.18909128,1.7094682,0.21671735,0.0486279,0.015166923,0.011627592,-0.21457046,0.081857994,0.016043516,0.08341538
24.152173912100075,34.942029039701325,85.189964,11059200.15964508,73.04482,-1.23671025e-05,9.3650993e-07,-0.15923056,-0.9329339,0.4728033,0.12914932,0.65763295,-0.00938613,0.28533885,-0.07731355,0.034313343,0.084585994
24.365941903817713,35.11594190204278,77.940506,5356800.128746033,72.327965,0.0060660397,0.0036695353,-0.37828732,0.59019697,0.5953204,0.05405257,0.2845052,-0.091457345,-0.18170899,0.16713831,0.119650416,0.20555155
24.264492787947336,35.06521739309379,75.914215,4752000.025749207,72.145546,-0.026607696,0.020400736,-0.4340229,0.4237857,0.8474455,-0.018906668,0.21354842,-0.010030076,-0.18621963,0.09911484,0.151744,0.18124565
24.264492787947336,35.06521739309379,75.914215,16847999.891853333,73.52651,-0.060601916,-0.11574208,-0.2768891,1.1964791,-0.8705766,0.011321019,0.55012906,-0.14156118,0.071592644,0.15320043,-0.06705041,0.16723077
24.49275373635028,34.95652190987481,78.13308,14601599.979400635,72.733826,-0.0075729038,-0.007697039,-0.3661703,0.4484878,0.413625,-0.12025852,-0.016892068,0.09191054,-0.1372655,0.13742176,0.067664936,0.15317729
24.068840433535758,35.050724689208764,75.1399,777599.9855160713,71.71485,-0.042163186,-0.045192502,-0.42151785,-0.4598071,2.583639,-0.18499827,-0.12594831,0.45527092,-0.19733152,-0.019332688,0.21204033,0.21291983
24.264492787947336,35.06521739309379,75.914215,11145599.860954285,72.32237,0.035786543,-0.033780016,-0.19124323,1.3550035,-0.30418473,0.12948984,0.34565946,-0.34052145,0.25722447,0.12284892,-0.012957877,0.12353042
24.503623143558386,34.916666955294566,80.479385,5875199.981975555,71.78934,-0.0003842263,0.0003808383,-0.33305204,0.7350182,0.62595195,-0.03248971,0.3070324,-0.010496445,0.1418363,0.11786245,0.08129721,0.14318098
24.55434784521419,35.039855304907746,78.730316,18403200.0,73.47694,-0.0001680184,0.0012864133,0.026226163,0.70237017,-1.2762973,0.37317145,0.106554255,-0.13014227,0.020397218,0.1320161,-0.12565532,0.18225671
24.336956356281394,35.12681217825459,78.56935,2419199.8635292053,72.777954,-0.0021967806,-0.004349253,-0.32258874,-0.9001602,1.5149643,0.14513451,0.13081457,0.011631899,-0.2479505,-0.10735805,0.12791994,0.16700079
24.518115930392057,35.170290078269815,76.7112,4060799.9472141266,72.87352,-0.024231113,-0.028421195,-0.08084656,0.25847596,0.6220586,-0.43513793,0.15438248,0.028318714,-0.15352291,0.07082148,0.124407016,0.14315303
24.586956589458925,35.03623181903528,81.050644,15724800.484085083,72.19086,0.0002762471,-0.00021290928,-0.34159327,1.4356537,-0.43457097,0.0225036,0.28558373,0.2752376,-0.062822156,0.17944284,-0.073261745,0.19382213
24.60144921950647,34.9456523441682,85.40489,5615999.781131744,72.02958,4.6179634e-06,-1.4544702e-06,-0.080794014,-1.0456771,0.29419482,0.011635371,-0.114992715,0.40184966,0.26158953,-0.20198491,0.05313581,0.20885716
24.731884091961334,34.88405773852335,82.62194,6566399.786281586,72.11173,1.0575133e-05,-4.680043e-05,-0.21046491,1.3754023,-0.11446689,0.19948733,0.28964075,0.45758262,0.3382725,0.2683998,-0.0026215897,0.2684126
24.623188347494935,34.98550731008629,86.27349,604799.9658823013,72.15816,-1.2618289e-06,1.4391582e-06,0.27291387,-0.41428387,0.71319234,0.20937243,-0.27643406,-0.081924506,0.29365647,-0.11592202,0.17914711,0.21338135
24.5036234048686,34.94565269942081,84.86278,3369599.8686790466,72.25072,-8.210066e-06,3.3639774e-06,-0.15484971,-0.3208732,0.37097538,0.09785097,-0.11082346,-0.023421682,0.35810146,-0.12029165,0.14921147,0.19166152
24.57608686867857,35.22463755910878,78.28966,17279999.49531555,72.86704,-0.0028076768,0.0070754397,0.030250892,0.6800774,-0.76415604,0.089558244,-0.13697973,0.111235134,0.17947853,0.07335431,-0.11557328,0.13688695
24.586956589458925,35.03623181903528,81.050644,3801600.0205993652,72.07062,0.00030441294,0.000114636365,-0.26153556,0.73563,0.88167703,0.15267462,0.0938962,-0.056897245,-0.007698726,0.0791444,0.086861275,0.117510505
24.336956356281394,35.12681217825459,78.56935,16070400.386238098,72.11382,0.0024673375,0.0024075727,-0.1028772,0.72256476,0.032928683,-0.09201009,0.17143556,-0.029969253,0.22991961,0.14739738,0.027145553,0.14987618
24.351449221508126,35.36231895652174,77.53338,13996799.876403809,71.79466,-0.005590962,-0.0013380282,0.20607294,1.0388145,-0.39048058,-0.58157766,0.01161167,0.14595509,0.057636626,0.15161674,-0.0497842,0.15958102
24.60144921950647,34.9456523441682,85.40489,1036799.9806880951,71.96449,-3.1529598e-06,-5.4608354e-06,0.12962766,-0.49235696,0.9032994,0.06729179,-0.23629084,0.017393876,0.31313875,-0.17681797,0.25996917,0.31440192
24.177536001617764,35.01449252133363,77.3516,9417600.350189209,72.10516,-0.008445888,-0.008674444,-0.087606944,-2.374823,-0.10898746,0.41206717,0.3273816,-0.2694073,0.28415146,-0.2766506,-0.02278655,0.27758744
24.06159400092239,35.235507653915,77.223785,10799999.95880127,72.96612,0.018637877,0.012338551,0.20900057,-3.320435,-0.93242645,0.6048408,0.10291434,-0.088353775,-0.013517845,-0.20251213,-0.05106089,0.20885013
24.579710091518006,35.06884069756067,84.24473,17539199.696159363,71.8717,1.03641905e-05,1.3938925e-05,0.009021252,0.60695684,-1.2951523,0.14838928,0.002414301,0.1670183,-0.092472814,0.071739174,-0.19383359,0.20668326
24.423912946628306,35.13405791039468,84.735344,17884799.598312378,71.11556,-4.486661e-06,-2.4882465e-06,-0.06393478,0.56134474,-0.73269284,0.18266615,-0.25079998,-0.08788187,0.441256,0.16390736,-0.171861,0.23749068
24.481884276880134,35.21376834109622,79.042,13996799.876403809,72.39134,-0.002470794,-0.0005708004,0.104499176,1.5373019,-0.09692368,-0.02264455,0.1237711,0.39226958,-0.06064833,0.10232815,0.007973462,0.10263833
24.572463802625258,35.028985391507106,77.31845,12268800.365638733,73.464676,0.026300075,0.018699318,-0.10587109,1.5989106,-0.023928137,-0.2841458,-0.017172642,0.40469632,0.5192609,0.13801484,0.027170124,0.14066382
24.16304339770124,35.14130418675153,77.183464,7775999.992275238,72.08979,-0.0064001605,0.008478967,-0.105366245,-1.5029529,-0.7073822,0.4322269,0.59068865,0.13415904,-0.04977198,-0.22005044,-0.094514415,0.23948939
24.52536253285706,35.05797113185407,79.99595,4406400.123596191,72.13437,0.0002557078,-0.00066050654,-0.32760638,0.77363366,0.74650097,0.08756098,0.08908292,-0.047804147,-0.17317966,0.11780913,0.11783254,0.16662383
24.5036234048686,34.94565269942081,84.86278,691200.0099778175,72.34134,-1.0966062e-05,-3.682349e-06,0.1868503,-0.60289735,0.8050662,0.16285408,-0.42468232,-0.29898942,0.34384966,-0.10942908,0.13392338,0.17294565
24.55072462237475,35.07608730649443,88.70044,17279999.49531555,71.792175,-1.3833385e-07,4.8820986e-08,-0.13554135,-0.8002615,0.013222609,0.12005484,-0.4356777,-0.1052689,0.47659567,-0.18221396,-0.018396303,0.18314025
24.728260869121893,35.15579704180788,79.23173,3369599.8686790466,72.810356,0.0009590952,-0.002562733,-0.21316881,0.594798,0.5865035,0.053456854,0.057838142,0.28530902,-0.11021795,0.059945263,0.04198697,0.07318702
24.373188349496587,35.09782609021359,73.044136,17020800.39138794,73.46395,0.431358,0.5906662,0.058782265,0.9653114,-0.6385988,0.1333779,0.17384127,-0.039617307,0.12561908,0.19395967,-0.07441989,0.20774667
24.49275373635028,35.04710138474188,79.64641,18143999.79915619,72.82794,-0.0015743906,0.0020562962,-0.06573938,0.8835066,-1.2001791,0.4124848,0.08225278,-0.09811055,0.008162998,0.12918998,-0.15318108,0.20038587
24.880434869565217,35.11594208344836,73.60822,15897599.886703491,73.62024,0.91732013,0.7238992,0.2705081,0.5682198,-1.4440756,0.04997737,-0.07293107,0.07413003,-0.5478727,0.11123293,-0.3219467,0.34062067
24.40579730278949,34.98550712868071,82.545616,9331199.551963806,72.05795,-7.804572e-05,6.527405e-05,0.33435923,-2.4655921,-0.20827678,0.33637875,0.49740157,0.19699377,-0.3297949,-0.19604938,-0.042392347,0.20058033
24.626811465810288,35.05797113185407,83.9315,15465600.283241272,72.08114,4.08076e-07,8.998778e-06,-0.13526979,0.9189086,-0.4420393,0.072146036,0.0253742,0.35733098,-0.01178547,0.04844083,-0.040155355,0.06292032
24.800724541980035,35.0326085145684,80.91604,11231999.562263489,73.08988,-0.00062314945,0.0008083627,0.18762912,1.8416175,-0.6603114,0.004470773,0.21680748,0.109537065,0.32156587,0.27388465,-0.117648706,0.29808393
24.068840433535758,35.050724689208764,75.1399,8899199.948501587,72.94744,0.13700485,0.13637164,-0.43885064,-2.553989,-0.21924503,0.5264041,0.40038034,-0.038191512,0.19165915,-0.2833122,-0.017232986,0.28383583
24.677536062942007,35.07971042955572,84.775665,10368000.35533905,72.28103,-8.034173e-06,-2.5493177e-06,0.03662604,2.7180357,-0.32139504,-0.33634835,-0.038632967,0.3010729,0.070872106,0.11489884,-0.024601368,0.11750307
24.46739112421217,35.10507235145331,77.031204,8208000.144195557,72.72788,0.020617874,-0.0018064333,-0.49665856,2.8336577,-0.22762294,-0.2812134,0.034734216,-0.01043351,0.36904615,0.23742121,0.014731884,0.23787783
24.275362351941567,35.02173896397893,79.32639,10195199.855804443,72.03958,-0.00091720244,0.00047582993,-0.009354383,-2.0732524,-0.44191593,0.21690837,0.12903425,-0.1879848,0.22101834,-0.12835908,-0.07868238,0.15055554
24.43478277193275,35.06521686399416,78.38795,5788799.732208252,72.23347,-0.0035938679,0.0028246895,-0.27159542,0.799247,0.39581233,-0.04141002,0.062277317,-0.040175915,-0.03204318,0.10609849,0.103905484,0.14850333
24.572463802625258,35.028985391507106,77.31845,17884799.598312378,73.990585,-0.037965737,0.004389562,0.15340847,0.13438892,-1.0673181,0.25182256,0.13074464,0.02143829,0.13059002,0.03320357,-0.10035005,0.10570057
24.60144921950647,34.9456523441682,85.40489,3542400.093984604,72.03623,-4.9752534e-06,2.6286987e-06,-0.05291628,-0.17900945,0.39422077,-0.079132386,0.04340812,0.2656111,0.29797202,-0.09164098,0.16052625,0.18484248
24.659420157792983,35.13768139626715,82.9603,11318400.360488892,72.20012,1.06607695e-05,3.0747713e-05,0.098281056,2.426164,-0.31999278,-0.19974792,-0.17990214,0.13293622,0.18167043,0.14415413,-0.008222981,0.14438848
24.271739312019278,35.0833337340226,74.97577,3887999.996137619,72.443756,-0.09424126,-0.099416934,-0.49085414,0.42735502,0.9819356,-0.01419127,0.15292002,-0.24150106,-0.16410968,0.07565801,0.1302139,0.15059812
24.152173912100075,34.942029039701325,85.189964,518399.99034404755,73.64958,3.0349116e-05,2.058553e-05,-0.28064626,-0.14764895,0.38560015,0.1551423,0.13202302,0.1909806,0.3661974,-0.075787716,0.18882775,0.20346916
24.409420264318722,35.137681214861566,85.684586,4492800.099134445,72.022804,3.0119872e-06,2.839556e-06,-0.20103839,1.0252371,-0.5991395,0.46529487,0.4916105,-0.016495012,-0.16247419,0.26196668,-0.15575667,0.30477315
24.369565205050215,35.10507235145331,81.59638,5615999.781131744,72.29819,2.253151e-05,9.1115486e-05,-0.013636701,-0.64098513,0.106640965,0.38459626,-0.09784535,0.259418,-0.22523838,-0.13792752,0.05713681,0.14929372
24.46739112421217,35.10507235145331,77.031204,17279999.49531555,73.8701,0.055472225,-0.037305433,0.29610646,0.97745156,-0.85807985,0.18801007,-0.26550564,0.18386649,-0.087404646,0.11428997,-0.05906678,0.12865101
24.53985505838052,35.14492730981283,78.72631,8380800.095272064,72.71349,0.0005177293,0.0037326533,-0.352215,2.3868926,-0.084349,-0.156407,-0.007242337,0.006547235,0.19988418,0.19558248,0.00863109,0.19577283
24.423912946628306,35.16304383214723,83.815254,18316800.298690796,70.77918,2.09726e-06,1.3358303e-06,-0.046648312,0.5402026,-0.9428396,0.17065948,0.13742109,-0.024972484,0.5298042,0.081234716,-0.26502544,0.27719587
24.202898613755877,35.17753635462667,82.22561,9676799.454116821,71.46769,2.1207285e-05,4.9605504e-05,-0.47312796,3.0049155,0.12231718,-0.036735043,0.10073981,0.22783747,0.004478473,0.13105026,0.0044955118,0.13112734
24.271739312019278,35.0833337340226,74.97577,17366400.293540955,73.83647,-0.29860607,0.34966743,-0.2258133,1.8473068,-1.0225347,-0.056163274,0.32649106,-0.027884386,0.12859318,0.25592753,-0.09578106,0.27326345
24.068840433535758,35.050724689208764,75.1399,1641599.9465703964,71.71677,-0.031019878,-0.017581608,-0.5781338,-0.8224695,2.60684,-0.13126448,-0.028390072,0.38422096,-0.1138115,-0.012039154,0.14306416,0.14356983
24.423912946628306,35.16304383214723,83.815254,18403200.0,70.75952,2.6840514e-06,1.1222937e-06,-0.040924586,0.5157492,-0.9416117,0.17682433,0.13161692,-0.03131251,0.5280757,0.08015373,-0.26956868,0.2812328
24.521739153231497,35.18115965909355,80.50853,11231999.562263489,72.08559,0.0004595831,0.0002038758,0.058996826,1.1847099,0.1078852,0.0039315075,-0.043144874,0.24003169,-0.11965204,0.14752716,0.039154496,0.15263465
24.369565205050215,35.10507235145331,81.59638,14687999.680709839,71.486435,3.362941e-05,-8.287182e-06,-0.3611412,1.5496689,-0.301659,-0.026283212,0.02509049,0.09621653,0.04214822,0.13469164,-0.016263416,0.13566996
24.373188532413735,34.85507217391305,83.68782,2678400.0643730164,72.570114,-4.0937888e-05,4.434149e-05,-0.23755074,-0.31434643,-0.016386297,0.33961004,0.15390137,0.112490565,0.1014984,-0.18189801,0.026883366,0.18387388
24.40579722439643,35.07608730649443,81.130585,12527999.469566345,71.57765,-0.00016808813,0.00015691154,-0.23120515,1.4527172,-0.33525503,0.022245143,0.056066,0.2655845,-0.002765514,0.14076576,-0.029543398,0.14383258
24.5036234048686,34.94565269942081,84.86278,15120000.381088257,72.29852,-1.1199356e-05,5.033698e-06,-0.16237646,0.99271405,-0.73600554,0.21894383,-0.1469653,-0.25790945,-0.30936986,0.15606411,-0.12875935,0.20232394
24.293478074173446,35.130434424522214,78.52256,14428799.479866028,71.906555,-0.002564813,0.0011222197,0.04775971,0.36999705,0.0566921,-0.08332338,0.097765945,-0.2552496,0.2524199,0.12584603,0.0741825,0.14608307
24.40579730278949,34.98550712868071,82.545616,15206400.082397461,72.216255,-8.96488e-05,-1.3157686e-05,-0.10380416,0.05386363,-0.88708776,0.11705875,0.18488301,-0.165366,-0.22502631,0.0036271187,-0.1482331,0.14827748
24.152173912100075,34.942029039701325,85.189964,11404800.061798096,73.08772,-1.3268445e-05,-4.88892e-06,-0.16814566,-0.91274846,0.5479119,0.14022574,0.65263325,0.012361087,0.31918073,-0.09487002,0.04688838,0.105824575
24.171296292717127,35.10648163098043,78.049835,10627199.459266663,72.178986,0.0012533071,0.0043164766,0.34297073,-2.3279505,-0.5273081,0.3562374,0.2896055,-0.22558263,0.22515783,-0.2796128,-0.04897741,0.2838699
24.003623304347823,35.192029209683014,80.788605,9676799.454116821,72.11382,0.00031890403,0.00040124648,0.24365549,-3.276205,-0.5521667,0.5029508,0.42377156,-0.25022995,-0.13365522,-0.1968941,-0.013093391,0.19732897
24.62318819070881,35.09782625650204,81.14894,8553600.046348572,72.535194,-4.7817564e-05,0.00040675246,0.068491146,2.757145,0.33437788,-0.100361384,0.16214165,0.023623414,-0.14150906,0.14245401,0.02464154,0.14456955
24.782608584568965,35.06521774078783,85.492004,5011200.226593018,72.87343,1.0015826e-05,2.1704145e-06,-0.33997995,0.44195145,0.66022086,-0.4551586,0.5892698,0.034573674,-0.14383054,0.16768652,0.16229114,0.23336063
24.75362311542571,35.148550251468535,82.31272,6566399.786281586,72.83739,-0.00016057584,1.7716373e-05,-0.34493512,1.883664,0.06575016,-0.032659814,0.34280354,0.25804856,0.038813617,0.21663104,-0.043118414,0.22088052
24.141304256647267,35.05072417522627,80.839714,12873600.46863556,71.626236,0.00016041847,-6.177194e-05,-0.26514858,-2.41943,-0.14886883,0.13518822,0.2654699,-0.38357046,-0.054145344,-0.10653956,-0.0063577318,0.10672909
24.202898613755877,35.17753635462667,82.22561,345600.00498890877,73.266235,-0.0002786037,0.00023655254,-0.14569119,-0.5867364,-0.02599724,0.08541175,0.5004772,0.3980106,0.45307764,-0.2538661,-0.080221035,0.2662394
24.06159400092239,35.235507653915,77.223785,13737599.675559998,72.511086,-0.011128875,-0.01334628,0.36566383,-2.1598253,-0.32735223,0.13656926,0.014245067,-0.12941664,0.011428416,-0.1301837,-0.023110699,0.13221914
24.619565229179578,35.18478278215484,82.255135,11059200.15964508,72.05357,-9.997511e-05,-2.369172e-05,0.1369801,2.1039186,-0.4060173,-0.13007289,-0.22950947,0.12977946,-0.019985974,0.13245,-0.031867903,0.13622983
24.442029139218562,35.043478080275,76.86345,17798399.897003174,73.985344,0.07467931,0.06693125,0.22320746,0.085902855,-0.84233785,-0.043885715,0.054953396,0.35333437,-0.07325085,0.03004232,-0.13704048,0.14029482
24.528985389862203,35.079710263267266,73.800804,13305600.072097778,73.74576,-0.86624473,-0.93912655,-0.08622793,0.7285365,0.6186055,0.23701856,-0.28508726,0.12206851,0.19934303,0.08133883,0.08248359,0.115842775
24.471014503837736,35.137681214861566,84.09494,12700799.969100952,71.723595,7.5704284e-06,-1.3804087e-05,-0.094855905,2.153976,0.08545478,-0.3463595,-0.06948819,0.49026144,0.094655335,0.16512729,-0.01868759,0.16618137
24.55072462237475,35.07608730649443,88.70044,5011200.226593018,72.6751,2.3116681e-07,3.4104283e-07,0.11242978,1.8651042,0.21173589,-0.14911819,0.045852005,0.0024585873,-0.33418006,0.16044188,0.015797067,0.16121769
24.278985653174068,35.159420527680346,80.15937,2851200.015449524,72.929855,0.00013408283,-0.0011993912,-0.31144083,0.036841556,0.8659419,0.3788551,0.25927147,0.16294208,0.0027895235,0.010087124,0.13900457,0.13937008
24.16304339770124,35.14130418675153,77.183464,10972800.458335876,72.17987,0.0109381415,0.01022986,0.34407938,-1.7665251,-0.5160408,0.37306282,0.23848629,-0.1769472,0.16660276,-0.15130919,-0.060933113,0.1631175
24.409420185925658,35.126811301460926,78.58091,2159999.936914444,72.70345,-0.0023936583,0.0049706707,-0.36787522,-1.1781169,1.9359959,-0.12519664,0.03795133,-0.07654802,-0.3795529,-0.088067695,0.18586665,0.2056753
24.152173912100075,34.942029039701325,85.189964,8380800.095272064,73.15287,8.495812e-06,-1.8979124e-05,-0.031002931,-1.8898661,-0.85665566,0.2630626,0.5690004,-0.19063428,-0.12956423,-0.21473981,-0.095175266,0.23488618
24.579710091518006,35.06884069756067,84.24473,12355200.066947937,72.006165,-1.1642262e-05,-1.6141556e-05,0.113043815,1.7245904,0.15574604,-0.15797439,0.007836647,0.41111857,0.119162984,0.0932149,0.009203116,0.09366811
24.40579722439643,35.07608730649443,81.130585,6134400.182819366,72.14217,-3.8169128e-05,0.00030292885,0.12294121,-1.0037206,-0.044345394,0.3055471,-0.10802864,0.19132087,-0.10632142,-0.11158182,-0.003026202,0.11162285
24.3913043591697,35.05434799367564,86.750465,15551999.984550476,71.64147,-4.6502515e-07,-1.0759287e-06,-0.04175473,0.5701633,-0.33374268,0.3474072,-0.25171065,-0.22540215,0.51652026,0.20035377,-0.0970531,0.22262287
24.340579735906957,35.22101461745307,78.71513,18403200.0,72.21186,0.0028080987,0.002842256,-0.20669612,0.829218,-0.7152593,-0.32044527,0.08885542,-0.23245236,0.25152302,0.069838464,-0.052390613,0.08730514
24.358695745580064,35.14492749121842,79.46463,8467199.796581268,72.06242,0.0005520861,0.0011601204,-0.19662789,3.0536516,-0.34831405,-0.17178595,-0.23755193,0.07392693,0.2237123,0.11608309,0.0015001172,0.116092786
24.619565229179578,35.18478278215484,82.255135,8985600.19826889,72.24222,-3.3297756e-06,-8.233817e-05,0.20861153,3.0139072,-0.40734184,0.008943073,-0.23099515,-0.020055704,-0.11246429,0.14566696,-0.02170586,0.14727528
24.423912946628306,35.16304383214723,83.815254,2764800.03991127,72.619865,-2.215499e-05,-3.1505217e-05,-0.06281584,1.2442105,-0.56310606,0.34142962,0.3632329,0.11448732,-0.13192159,0.12170784,-0.085791185,0.14890577
24.293478074173446,35.130434424522214,78.52256,17539199.696159363,72.07646,0.0017691232,-0.0011515755,-0.2651925,0.31258655,0.057235815,-0.14255393,0.35155386,-0.0057388917,0.3379334,0.22802877,0.03504674,0.23070629
24.423912946628306,35.16304383214723,83.815254,3283199.893140793,72.534164,-6.2392273e-06,-3.328808e-05,-0.10754693,1.2588359,-0.6592008,0.34244877,0.39180544,0.07838227,-0.09736576,0.11775876,-0.07419483,0.13918333
24.659420157792983,35.13768139626715,82.9603,8899199.948501587,72.29501,-2.9497125e-05,-3.7296333e-05,0.01439406,3.288454,-0.40923268,-0.12881938,-0.09121197,0.06365067,-0.23146644,0.1212107,-0.016953992,0.12239066
24.62318819070881,35.09782625650204,81.14894,11664000.262641907,72.38167,-0.00018864986,-8.911406e-05,0.0025958568,2.1256132,0.261387,-0.15694633,0.08585491,0.3249323,0.26091513,0.14428791,0.027619358,0.14690757
24.60144921950647,34.9456523441682,85.40489,7862400.2420425415,72.05442,-3.8882654e-06,-5.818795e-06,0.062824145,-2.2677734,0.4365195,0.34391287,-0.06731791,0.2596487,0.32053205,-0.10017562,0.0698778,0.12213952
24.358695745580064,35.14492749121842,79.46463,11059200.15964508,71.892525,0.00095277355,4.361245e-05,0.07012455,2.4790816,-0.07120566,-0.2776939,-0.2646795,0.026413005,0.25798106,0.13022324,0.017448535,0.131387
24.351449221508126,35.36231895652174,77.53338,18143999.79915619,72.770744,0.012094296,0.009137215,0.0038644522,1.6097119,-0.75767535,-0.31181747,-0.9004023,0.062841505,0.108464204,0.13500725,-0.09826229,0.16698034
24.576087129988778,34.96376817111452,80.53768,7603200.0411987305,72.43925,0.000118783966,-0.00065634545,0.030530863,2.1370077,-0.037931286,-0.12891018,0.42270505,0.059934698,0.013348287,0.21717086,0.017356765,0.21786335
24.409420185925658,35.126811301460926,78.58091,5443199.830055237,72.43071,-0.0006038661,-0.001996002,-0.36459464,0.42939594,0.76880676,0.038020115,-0.015601166,-0.15617624,-0.210855,0.08822153,0.13122256,0.15812147
24.177536001617764,35.01449252133363,77.3516,12441599.768257141,72.331314,0.008623747,0.010628289,-0.19802433,-1.2573279,-0.60640144,0.40658665,0.4669732,-0.4989554,-0.09011885,-0.15865737,-0.1009058,0.18802696
24.880434869565217,35.11594208344836,73.60822,15811200.185394287,73.62378,0.96485746,0.90042686,0.2625708,0.55153894,-1.3912299,0.03995931,-0.07972302,0.07947911,-0.5589298,0.107377805,-0.31178454,0.32975686
24.586956589458925,35.03623181903528,81.050644,17798399.897003174,72.50979,0.00040717912,-9.0387555e-05,-0.043663193,1.317018,-1.4260921,0.062154133,0.31768328,0.07885272,-0.2868926,0.13095447,-0.14972143,0.19891098
24.242753659958876,34.931159481553294,83.59315,7689599.742507935,72.645935,3.573369e-05,5.15936e-05,0.028023228,-3.1303618,-0.5056815,0.44196168,0.59180814,-0.25512773,-0.11250595,-0.14204879,-0.018152049,0.1432039
24.40579722439643,35.07608730649443,81.130585,6912000.2368927,72.14769,6.037592e-05,0.00029660255,0.099636614,-1.1626712,-0.23346224,0.3498138,-0.14786428,0.20539409,-0.06581494,-0.10460538,-0.024328047,0.10739711
24.3913043591697,35.05434799367564,86.750465,2246400.0495672226,72.27753,-1.2372494e-06,1.6441115e-06,0.2530887,-0.9396703,-0.8149668,0.6838433,-0.2833856,-0.10092775,-0.24031448,-0.121757105,-0.10278132,0.15933861
24.409420264318722,35.137681214861566,85.684586,7689599.742507935,72.28698,-3.8110813e-06,2.9530117e-06,-0.2564152,2.3349342,-0.0965317,0.09340528,0.210022,0.0032115504,0.016761769,0.15247013,0.012403077,0.15297377
24.471014503837736,35.137681214861566,84.09494,12787199.670410156,71.7156,6.1065934e-06,-1.2733126e-05,-0.100273944,2.1543999,0.07430789,-0.3464179,-0.06538906,0.49180424,0.09964212,0.16493845,-0.019059045,0.16603597
24.57246390714934,35.13405809180027,82.83649,7257600.139045715,72.28728,3.375725e-05,4.0967785e-05,0.14242482,2.3549442,0.37027258,0.251617,0.008202732,-0.3175995,-0.09229771,0.08206331,0.016547183,0.08371497
24.409420264318722,35.137681214861566,85.684586,3801600.0205993652,72.012726,1.2951673e-06,4.442432e-06,-0.12245555,0.9592531,-0.67506814,0.49106452,0.49263692,0.017151888,-0.2009201,0.2597677,-0.1519982,0.30096963
24.152173912100075,34.942029039701325,85.189964,12441599.768257141,73.069016,9.18384e-06,-1.7335129e-05,-0.19424152,-1.1306695,0.67171586,0.20784822,0.64320946,0.07320599,0.3855498,-0.11920335,0.05687405,0.1320761
24.40579730278949,34.98550712868071,82.545616,18057600.097846985,71.854614,2.359374e-05,5.537893e-05,-0.11555204,0.6860316,-1.1093986,0.12201706,0.12639272,0.09168206,0.0917774,0.13932458,-0.18738376,0.23350376
24.409420342711783,35.02898555779556,73.23672,432000.01480579376,73.256935,-0.976077,-0.8453521,-0.09736339,0.3310357,-0.33903438,0.6371449,0.5028571,-0.104704775,0.60431015,0.13048266,-0.08136612,0.15377311
24.5036234048686,34.94565269942081,84.86278,4752000.025749207,72.28294,-4.4417216e-06,3.689101e-06,-0.24621752,-0.75496304,0.13871093,0.21702248,-0.09415235,0.11405187,0.31531355,-0.20567055,0.08848677,0.22389793
24.43478277193275,35.06521686399416,78.38795,1296000.0444173813,72.42888,-0.0046042097,-0.0032148545,-0.086493164,-1.7546074,1.235719,-0.032084078,0.27399862,0.06839681,-0.17529505,-0.17880972,0.16558613,0.24370408
24.24275355543479,35.275361916886446,83.709785,16934399.593162537,71.786415,-1.0429809e-06,9.598852e-06,-0.31340244,-1.4068402,0.7347433,0.15123539,0.1846852,-0.18804887,0.24155384,-0.13426384,0.05939488,0.14681461
24.152173912100075,34.942029039701325,85.189964,18143999.79915619,70.88853,1.5847677e-06,2.4879946e-06,-0.03026693,-1.1992954,1.3969246,-0.025295943,0.06624625,0.5221548,0.50699073,-0.109328836,0.14613149,0.18250261
24.32608705359737,35.05434782738719,80.59564,4579200.074672699,72.36367,0.00033289034,8.2030616e-05,0.12872972,-1.0165838,0.19222127,0.18027483,0.33019987,0.20172235,0.13632134,-0.19842668,0.029914483,0.20066895
24.576087129988778,34.96376817111452,80.53768,4665599.775981903,71.88173,-0.00020230266,-2.9930663e-05,-0.18163423,0.5254051,0.56592345,0.042854354,0.46676016,0.0458446,0.005949054,0.07373117,0.08965043,0.11607534
24.731883987437246,34.999999998854186,80.17734,4233599.898290634,72.681816,-0.00065112946,0.0010088582,-0.26769575,0.3182623,0.68324375,0.3355328,0.29374924,-0.2712976,-0.23041865,0.072716996,0.11272905,0.13414767
24.264492787947336,35.06521739309379,75.914215,3196799.917602539,72.29249,0.016414251,-0.036109768,-0.28733754,-0.3878578,1.3347499,-0.10720458,0.14821029,-0.08579988,-0.13968113,-0.036173027,0.22145303,0.2243879
24.53985505838052,35.14492730981283,78.72631,16502399.989700317,73.03015,0.0038352704,-0.0004614615,-0.09018549,1.3925259,-0.8442957,0.28200272,-0.15033299,0.276964,0.039364107,0.18926987,-0.11772217,0.22289369
24.731883987437246,34.999999998854186,80.17734,13996799.876403809,72.555016,-0.00036560156,0.00046759748,-0.18977097,0.9931733,0.19478509,0.005229205,0.3795408,0.042226225,0.2308371,0.16428888,-0.0063961446,0.16441335
24.278985574781007,35.18478260074926,85.36457,9676799.454116821,71.677246,1.7023426e-06,-2.0182192e-06,-0.6474432,4.4448423,0.26175725,-0.28825212,-0.004689127,0.17484826,0.008643039,0.24848552,0.061798945,0.256055
24.72463775080654,35.097825908808005,83.506035,5270399.878978729,72.63437,-1.3664376e-06,-5.510982e-05,-0.46246922,0.74279773,0.7750945,-0.19250059,0.2213999,0.02005123,-0.06420993,0.1794342,0.1708871,0.24778827
24.507246627708035,35.15217355593542,72.15966,14342399.778556824,72.546486,-0.019228896,-0.28884113,0.13577995,0.6954988,0.24302204,0.05071914,-0.15385437,0.13844478,-0.03980232,0.13629404,0.07057689,0.15348344
24.57608686867857,35.22463755910878,78.28966,18316800.298690796,72.80583,0.004946519,0.0070710713,0.03771066,0.59331226,-0.8520906,0.08240826,-0.20726272,0.041720852,0.26499575,0.0724628,-0.17159534,0.18626812
24.481884276880134,35.21376834109622,79.042,11404800.061798096,72.326004,0.00033416325,0.0022875767,0.12950452,1.6064628,0.095068365,0.042088337,0.09541346,0.19797692,-0.035050094,0.12760945,0.015436667,0.12853973
24.782608584568965,35.06521774078783,85.492004,6912000.2368927,72.93867,2.8924126e-06,-9.389284e-06,-0.34219325,1.808098,0.20047651,-0.40437847,0.466342,0.014625136,-0.12920806,0.22446662,-0.026922539,0.2260754
24.731884091961334,34.88405773852335,82.62194,17798399.897003174,73.43529,0.0002182572,-0.00024591695,0.51328593,0.49385184,-1.4474182,-0.120910205,-0.18746424,0.51085603,-0.34246892,0.044865366,-0.2360693,0.24029486
24.365941903817713,35.11594190204278,77.940506,7516799.791431427,72.2435,-0.0058626328,-0.004190755,-0.3030445,2.3447824,-0.122248285,-0.15245348,0.18544272,0.13483647,0.19684741,0.10587863,0.011801733,0.10653434
24.518115930392057,35.170290078269815,76.7112,2159999.936914444,72.71063,0.026638575,0.026946092,-0.09815461,-0.91182554,1.1263063,-0.30925587,0.070400335,-0.08653482,-0.061847545,-0.105507836,0.15723968,0.18935739
24.068840433535758,35.17753635462667,82.62194,13305600.072097778,71.87707,-3.6379247e-06,-5.4854103e-05,-0.08021608,-0.8125398,0.23146616,0.27473673,0.29735935,-0.16326359,0.031336404,-0.17993115,0.059708606,0.18957937
24.623188347494935,34.98550731008629,86.27349,14860800.180244446,72.63072,3.96074e-06,4.0149757e-06,0.016422652,0.16280246,-0.6151618,0.3760523,-0.08294567,0.06650074,-0.1590851,0.05067137,-0.12697907,0.13671602
24.24275355543479,35.275361916886446,83.709785,7775999.992275238,72.336624,-2.1838627e-05,-3.499117e-05,-0.5840392,3.589351,2.167033,-0.515797,-0.35413358,-0.13088632,-0.033953667,0.1865599,0.16729672,0.2505849
24.40217392316393,35.07246365433351,77.73675,3542400.093984604,72.17287,0.0053805853,0.0049479846,-0.28841949,-0.14343037,1.0102843,0.09012035,0.2226223,-0.077089705,-0.16878173,-0.03190564,0.18437533,0.18711555
24.369565205050215,35.10507235145331,81.59638,3715200.0450611115,72.548935,3.6786383e-05,-1.5145575e-05,0.03447392,-0.3178829,0.48526287,0.10238697,0.04618504,0.25520295,-0.28012422,-0.025534596,0.060113233,0.065311685
24.177536001617764,35.01449252133363,77.3516,11750399.96395111,72.28209,-0.008350079,0.008504213,-0.17361686,-1.7017264,-0.54180366,0.43303803,0.42409,-0.5026054,-0.030138075,-0.1855592,-0.0718728,0.19899225
24.85869584610084,35.31159408476158,76.05999,259199.99517202377,75.12029,0.11157288,0.03551869,0.38436633,0.03466937,-1.1543422,0.21456772,0.47532293,-0.13739887,0.18430623,-0.0025651571,-0.12631463,0.12634067
24.40217392316393,35.07246365433351,77.73675,5788799.732208252,72.289986,0.0073632016,0.0031027778,-0.28004223,0.7788241,0.48924226,0.0051900297,0.19708832,0.006677985,-0.026037976,0.14539331,0.106778294,0.18039075
24.369565205050215,35.10507235145331,81.59638,6998399.938201904,72.22801,-4.806562e-05,0.00017698843,-0.074703835,-0.6961207,-0.13594294,0.46806923,-0.20897269,0.26305038,-0.055790834,-0.09804832,-0.008615775,0.09842614
24.471014503837736,35.137681214861566,84.09494,6652800.036048889,72.353035,-1.511533e-05,1.5010831e-05,0.08093193,1.8139246,0.009960579,0.44490767,0.07908317,-0.17907923,-0.010048818,0.12516353,-0.0045296317,0.12524545
24.409420264318722,35.137681214861566,85.684586,8380800.095272064,72.24444,-3.9083807e-06,5.467468e-06,-0.21855901,2.6318946,-0.17017066,-0.07248122,0.17795321,0.067121916,0.045723896,0.1388778,0.0044922284,0.13895044
24.782608584568965,35.06521774078783,85.492004,2246400.0495672226,72.37604,4.3877812e-06,-9.802874e-07,-0.44495237,-0.47369266,0.96596396,-0.3332839,0.48929247,0.035988085,-0.007126741,-0.1296754,0.2075682,0.24474531
24.728260869121893,35.15579704180788,79.23173,8035200.193119049,73.23855,-0.004487232,-0.0034536216,-0.1605204,1.9402004,-0.36360776,0.08268538,0.5622639,0.31643945,-0.040494576,0.17453398,-0.06631067,0.18670623
24.514492864338745,35.152173737341,77.98083,14601599.979400635,72.84453,-0.009734095,-0.009026059,0.012929119,1.4784315,-0.2554168,0.05029215,-0.049185455,0.389025,0.021188928,0.21513808,0.017992536,0.21588914
24.286231733018653,35.16304365074164,82.86601,11923200.463485718,71.26247,-2.502036e-06,-2.7981236e-05,-0.30570263,2.9919784,0.20393759,-0.11893744,-0.017351516,0.32473248,0.1839894,0.12633446,0.01689917,0.1274597
24.608695560661264,35.210145036629335,80.071884,8726399.99742508,72.671104,0.00021828203,0.0012493907,0.09333974,1.7643791,0.12140936,0.14011359,0.077479236,0.008166954,-0.0015877858,0.14276598,0.025066333,0.14494981
24.17028990870767,35.119565206509655,75.23819,7343999.840354919,72.24517,0.059838653,-0.01400821,-0.4652863,-0.6331171,-0.25923717,0.27098212,0.44524342,0.08141791,-0.39885977,-0.12364928,-0.044992916,0.1315808
24.141304256647267,35.05072417522627,80.839714,691200.0099778175,73.95593,0.0016538837,0.00044070167,-0.27143526,-0.8877313,0.35871083,0.26930764,0.2333669,0.13195844,0.4238998,-0.16660127,0.06641286,0.17935064
24.518115930392057,35.170290078269815,76.7112,1123200.0247836113,72.67275,0.012301125,0.013869922,-0.061282925,-2.0400362,1.3817444,-0.1473625,0.12250735,-0.119556405,0.036601983,-0.2009149,0.1425395,0.24634185
24.16304339770124,35.14130418675153,77.183464,14860800.180244446,72.52222,-0.004518359,0.013786792,0.21483018,-0.7521263,0.05470141,0.112157136,0.33922097,-0.019964822,0.023647634,-0.12471738,0.018773852,0.12612249
24.782608584568965,35.06521774078783,85.492004,6566399.786281586,72.923676,6.168054e-06,-4.0307254e-06,-0.34030032,1.4794645,0.2606582,-0.40764678,0.5053856,0.015999261,-0.14788169,0.21193777,-0.015714016,0.21251953
24.15217408195171,35.09782609021359,90.079155,18057600.097846985,72.61928,-3.9817948e-08,-9.9630626e-08,0.6457576,-1.4672925,0.12710093,0.31023383,0.002905354,0.3475936,0.15188748,-0.19862163,0.024674946,0.20014846
24.264492787947336,35.06521739309379,75.914215,5443199.830055237,72.12003,0.0118555715,0.03083922,-0.43851334,0.6287691,0.6978409,0.008197039,0.2541651,0.07705858,-0.16811088,0.115787014,0.09669957,0.15085569
24.068840433535758,35.17753635462667,82.62194,4233599.898290634,71.45053,-2.318116e-05,-1.7293381e-05,-0.28058776,0.73823917,-0.38688678,0.036861382,0.4263455,0.27755034,0.2194232,0.17593227,-0.09766977,0.20122513
24.800724541980035,35.0326085145684,80.91604,16502399.989700317,72.72215,0.00048577765,-0.00019229125,-0.2457914,0.68517345,0.0674164,0.08739513,0.193728,-0.13168481,0.029040806,0.1528659,-0.019090643,0.15405336
24.423912946628306,35.13405791039468,84.735344,10281599.557113647,71.92519,2.2404863e-06,9.657956e-06,-0.06750316,2.4866843,-0.21620828,-0.23042622,0.10401436,0.28329846,0.093821466,0.16581841,-0.016923355,0.16667977
24.068840433535758,35.17753635462667,82.62194,9590399.752807617,71.58409,-2.587847e-05,1.9337149e-06,-0.43778318,1.4093235,0.2323368,-0.010331564,0.22755736,0.041155547,-0.10256431,0.15098356,0.0110057555,0.15138415
24.677536062942007,35.07971042955572,84.775665,13478399.474716187,72.38657,-1.2960441e-05,-1.3918785e-05,-0.064635836,1.6621656,0.33790922,-0.20352414,-0.16551822,0.3139133,0.34280846,0.12768766,0.03700381,0.13294142
24.880434869565217,35.11594208344836,73.60822,13737599.675559998,73.56195,-0.94341403,-0.38485938,0.19850548,-0.7399345,0.07284194,-0.2142652,-0.17408857,0.067208946,-0.6290442,-0.127048,-0.026348794,0.1297515
24.619565229179578,35.18478278215484,82.255135,6652800.036048889,72.458115,0.00011342415,0.00011377485,0.00034166873,3.099689,-0.16704659,0.20286208,-0.059967972,0.0049137995,0.037665274,0.20502728,-0.028480241,0.20699592
24.340579657513896,35.072464168316,77.031204,6652800.036048889,72.228966,-0.009173729,0.004545161,-0.23080789,1.3475956,0.33454072,-0.03110852,0.3608548,0.22606501,0.04955995,0.16936482,0.043605857,0.1748883
24.60144921950647,34.9456523441682,85.40489,10540799.757957458,72.18562,-5.6971526e-06,-1.0072124e-06,0.16585532,-2.4484673,0.13176598,0.6349078,0.39431262,-0.023082517,0.027218439,-0.17991035,0.03711754,0.18369934
24.268116089179838,35.07971042955572,81.07262,2332799.8879909515,73.0596,0.00066364347,0.0006773628,-0.1336961,-0.56620765,0.2335005,0.1785771,0.3760801,0.26982987,0.0988748,-0.19247241,0.08623926,0.21090956
24.507246418659868,35.018115659512056,74.98295,3369599.8686790466,73.0103,0.16160741,0.14395684,0.009133741,0.49553126,-0.46629542,0.39670467,0.35438278,-0.1368545,0.2010974,0.036986332,-0.08345519,0.09128394
24.782608845879178,35.07246365433351,80.82854,17193599.794006348,72.79861,-0.00063399726,3.261988e-05,-0.31243807,0.42290774,-0.065588206,0.1094296,0.11587819,0.0641532,-0.008183509,0.14015527,-0.052003678,0.14949208
24.369565205050215,35.10507235145331,81.59638,17971200.39653778,71.29494,9.1114656e-05,8.0581616e-05,-0.24296562,1.1663444,-0.9232105,0.09500329,0.1943392,-0.018738188,0.4592177,0.15102306,-0.10286583,0.18272752
24.235507135886934,35.09782643790763,86.62735,12355200.066947937,71.74355,-1.034877e-06,-6.6546977e-07,-0.06835431,0.71406907,0.06222312,0.31037092,0.14605114,0.089196764,0.26661277,0.19527155,0.053425804,0.20244826
24.409420342711783,35.02898555779556,73.23672,2332799.8879909515,73.294785,0.9257745,0.86312926,-0.12810414,0.2923873,-0.19458881,0.5000756,0.4332119,-0.23084638,0.4761994,0.10578871,-0.06558146,0.12446758
24.659420157792983,35.13768139626715,82.9603,7862400.2420425415,72.42745,-1.3541305e-06,-7.2903e-05,-0.082263984,3.0684943,0.0011897814,-0.058981948,-0.03235525,-0.010895312,-0.28351757,0.083733074,-0.005736911,0.083929375
24.60144921950647,34.9456523441682,85.40489,3715200.0450611115,72.03104,-4.228027e-06,4.3897708e-06,-0.06254832,-0.21313606,0.36026818,-0.077747084,0.039942652,0.28037432,0.2938029,-0.10191654,0.15415624,0.18480024
24.33695651306752,35.26449269887389,75.24537,16329599.49016571,74.856476,0.59188354,0.54426104,0.18708624,1.7136481,-0.9028748,-0.33348933,-0.46398336,-0.042313516,-0.021038912,0.23059714,-0.10908191,0.25509587
24.264492787947336,35.06521739309379,75.914215,15897599.886703491,73.28365,0.06701201,0.09328803,-0.2601874,1.2644335,-0.8100898,0.07924922,0.6478323,-0.26350665,0.057893418,0.1501789,-0.025095413,0.15226123
24.49275373635028,35.04710138474188,79.64641,172800.00249445438,72.18912,-0.0008104381,-0.00012639955,0.14202441,-2.0488353,1.003731,-0.122502945,0.104340404,0.031022914,-0.05653376,-0.21349184,0.10075686,0.23607352
24.85869584610084,35.31159408476158,76.05999,14601599.979400635,76.04779,-0.92351013,-0.42494693,-0.30231935,-0.35260195,-0.070109114,0.07985472,0.07036345,0.09569693,-0.030144498,-0.15248673,-0.01886228,0.15364891
24.409420264318722,35.097825908808005,75.01247,16934399.593162537,74.06542,-0.39231062,-0.4173354,0.038884044,0.714472,-0.52866304,0.10992047,0.0635166,0.020870578,-0.16295037,0.1924421,-0.082267515,0.20928906
24.880434869565217,35.11594208344836,73.60822,7775999.992275238,73.66901,0.89904857,0.9054315,0.2940374,-2.3034194,0.0020374656,0.43549258,0.10699177,0.09645603,-0.34132564,-0.16038294,0.001563602,0.16039057
24.003623304347823,35.192029209683014,80.788605,13219200.370788574,71.8596,-0.00029632048,-0.0002849838,0.4326964,-1.8087845,-0.14283246,0.32561567,0.41466904,-0.3197635,-0.24706781,-0.12472894,0.009620055,0.12509938
24.278985653174068,35.159420527680346,80.15937,3196799.917602539,72.82845,-0.00014982272,-0.0013445393,-0.35507035,0.30263656,0.78926456,0.39650244,0.26632133,0.159641,-0.018639665,0.039676588,0.12926713,0.13521916
24.655797039477626,35.09782643790763,82.953125,7775999.992275238,72.417694,-7.387193e-05,2.0305892e-05,-0.11564288,2.1125178,0.51334125,-0.1410377,0.069440626,-0.16738462,-0.3479666,0.14220476,0.028447619,0.14502227
24.340579735906957,35.22101461745307,78.71513,3369599.8686790466,73.249275,0.0072485753,-0.00045692595,-0.3975969,-0.09095599,0.81681037,0.166262,-0.13440838,-0.3118637,-0.33615232,0.003407638,0.088581026,0.088646546
24.55434784521419,35.039855304907746,78.730316,9763200.252342224,72.756165,-0.0042580646,0.003544313,-0.16639653,2.907943,-0.4412024,-0.3673504,-0.008715004,0.25298846,0.25899193,0.1744197,-0.018693915,0.17541863
24.53985505838052,35.14492730981283,78.72631,9158400.149345398,72.72452,0.0026626664,-0.0030154749,-0.34138775,2.5193968,-0.20558892,-0.16782784,0.022247214,0.046199635,0.26874542,0.1850724,0.0200253,0.18615264
24.275362351941567,35.02173896397893,79.32639,4233599.898290634,72.34354,0.0013137893,0.0018353107,0.17929684,-0.45228833,0.0038985405,0.08018221,0.27089846,0.06318909,0.3146821,-0.14000031,0.030785715,0.1433452
24.33695651306752,35.26449269887389,75.24537,3196799.917602539,72.66547,0.058389667,0.09554628,-0.1873992,0.5113308,-0.23433356,-0.031246088,-0.008986294,-0.089723386,-0.30880982,0.07278093,-0.048475727,0.0874469
24.32608705359737,35.05434782738719,80.59564,12009600.164794922,71.581764,-0.0002930933,2.3124026e-05,-0.22964275,-0.15824752,-0.66395974,0.20018011,0.13580638,-0.0097031295,0.0028173812,-0.020529965,-0.0658379,0.06896454
24.822463669968496,35.11956556932083,79.471794,14601599.979400635,72.869545,-0.0024205162,-0.001853344,-0.27032322,-0.7457479,0.6768892,0.22812754,-0.16285205,0.17665641,0.31960702,-0.1083757,0.113577195,0.15698749
24.507246418659868,35.018115659512056,74.98295,7171199.889278412,73.705894,0.2346974,0.21105959,-0.21134299,1.7785769,-0.2796911,0.11993495,0.095132686,-0.13237,0.15921983,0.27043805,-0.047935225,0.27465346
24.423912946628306,35.16304383214723,83.815254,9417600.350189209,71.877754,-1.743389e-05,-1.8320678e-05,-0.17553046,3.8419468,-0.10122495,-0.21319142,-0.08863459,0.17613073,0.056622382,0.10215795,-0.0027171206,0.10219408
24.60144921950647,34.9456523441682,85.40489,12441599.768257141,72.35703,7.797336e-06,2.9506991e-06,0.115152314,-1.7369933,0.012503635,0.63035214,0.19386786,-0.20972285,-0.20627454,-0.22712752,-0.017078653,0.22776872
24.2137679164399,35.101449394680465,78.1842,6998399.938201904,72.110275,-0.0037969518,0.0038061547,-0.021321211,-1.2287576,-0.21087956,0.29549384,0.61335003,0.26035413,0.25987786,-0.18976322,-0.044593237,0.19493239
24.409420185925658,35.126811301460926,78.58091,12182399.56741333,72.22779,0.000950616,0.0032545666,-0.013985708,2.1650133,-0.09268156,-0.2618115,-0.14785087,-0.014918774,0.23905256,0.091159746,0.01477609,0.09234951
24.514492864338745,35.152173737341,77.98083,950400.0051498413,72.47895,-0.0028584332,-0.006591898,-0.15622553,-2.13052,1.7552977,-0.30999342,0.07186424,-0.10310613,-0.10431061,-0.19767708,0.1722241,0.26217812
24.235507135886934,35.09782643790763,86.62735,16934399.593162537,71.614815,1.0781781e-06,-1.0748827e-06,0.042021856,-1.2740103,1.5012729,0.19401854,-0.46596915,-0.19584069,0.47825316,-0.119419634,0.13169436,0.17777641
24.06159400092239,35.235507653915,77.223785,5270399.878978729,72.27631,-0.005231561,0.008649023,-0.5582415,-2.1183093,-1.0449755,0.5657462,0.33637437,0.025471188,0.068840206,-0.11013243,-0.048094496,0.120175846
24.72463775080654,35.097825908808005,83.506035,1382400.019955635,72.53821,5.0464554e-05,4.852583e-05,-0.109277844,-0.6349876,0.60913795,0.03518245,0.18811831,-0.05899871,0.08786076,-0.116728954,0.0870853,0.1456348
24.171296292717127,35.10648163098043,78.049835,5702400.030899048,72.47008,0.005303364,0.0020582953,-0.32510042,-1.4815584,-0.16480142,0.34712657,0.57385737,0.1505844,0.24688104,-0.25118932,0.02389535,0.25232333
24.528985389862203,35.079710263267266,73.800804,16070400.386238098,73.81575,0.9849535,0.24305172,0.19023468,-0.20729934,0.23333474,0.30352268,-0.21033901,0.14992324,0.045173734,-0.088210106,0.10740493,0.13898504
24.15217408195171,35.09782609021359,90.079155,172800.00249445438,71.65827,-5.975795e-08,1.9888596e-08,-0.3887422,0.54120713,-0.04326401,-0.5477464,-0.28507188,-0.27017215,-0.55235237,0.25852945,-0.09492582,0.27540588
24.423912946628306,35.16304383214723,83.815254,8985600.19826889,71.923325,-2.1762835e-05,9.199452e-06,-0.20520246,3.9564846,-0.013028595,-0.14287564,-0.11440142,0.109490976,0.06617339,0.08816646,-0.00087252643,0.08817078
24.278985653174068,35.159420527680346,80.15937,9417600.350189209,71.76587,-0.00041105086,-0.00015936598,-0.08177478,3.0833888,-0.4746691,-0.069230475,-0.05007255,0.18563303,0.21670425,0.07326175,-0.010442388,0.074002214
24.619565229179578,35.18478278215484,82.255135,12960000.169944763,71.99138,-5.6595825e-05,3.1946688e-06,-0.120955035,2.0333648,-0.10667182,-0.11341681,-0.14173386,0.13693845,0.1306607,0.15935968,-0.03276422,0.16269296
24.49275373635028,35.04710138474188,79.64641,13910400.175094604,72.24823,2.6798329e-05,0.0010466174,-0.3819195,2.2690392,-0.36774004,-0.067511655,0.14586942,0.2096231,0.033381563,0.1728324,-0.026346412,0.17482898
24.782608845879178,35.07246365433351,80.82854,3628800.0695228577,72.60825,0.00050267816,0.00037955193,-0.37646753,-0.08193676,0.8514507,0.24451011,0.15511112,-0.15713948,-0.15967032,0.0010832008,0.15996061,0.15996428
24.503623143558386,34.916666955294566,80.479385,12873600.46863556,71.98834,-0.00042744845,0.00042187778,-0.2723661,1.0760506,0.32363516,-0.20698947,-0.13079143,-0.01376304,-0.25411874,0.16588339,0.014627655,0.16652708
24.35507260113369,35.04710138474188,76.478294,11664000.262641907,72.593636,0.028471734,0.02797702,-0.3303107,1.9393715,-0.35596532,-0.024622113,-0.056916736,-0.30237457,0.1869089,0.21642005,-3.7176847e-05,0.21642005
24.85869584610084,35.31159408476158,76.05999,14428799.479866028,76.05259,-0.93399763,-0.21184434,-0.30797172,-0.27388394,-0.0856308,0.06862867,0.07022329,0.08618314,-0.015900604,-0.12527919,-0.023955265,0.12754893
24.171296292717127,35.10648163098043,78.049835,13478399.474716187,72.083374,-0.0022948908,-0.004202337,0.11789848,-1.4755081,-0.1984935,0.2106325,0.3983834,-0.29369956,0.1741963,-0.2182354,-0.04161791,0.22216828
24.525362323808892,35.01449270273921,80.76379,1468799.9954938889,72.059685,-0.00036297028,-0.0003422666,-0.00063026696,-1.3849326,1.1621754,-0.02713339,-0.15138033,-0.01698371,0.19264033,-0.09288666,0.07778474,0.121154435
24.15217408195171,35.09782609021359,90.079155,10799999.95880127,73.681305,3.4141584e-07,1.8703255e-07,-0.10966853,1.2271796,0.45811266,0.16308616,0.2361342,0.13534573,0.039437406,0.1626021,0.078515194,0.18056598
24.275362351941567,35.02173896397893,79.32639,14342399.778556824,71.83446,-0.00065263273,0.00029275895,-0.39490575,0.0028533638,-0.40659338,0.108927995,0.22200164,-0.17732435,-0.075858645,0.009945828,-0.09947462,0.09997059
24.17028990870767,35.119565206509655,75.23819,1468799.9954938889,72.82582,-0.024422942,-0.06472747,-0.47536057,-0.16498385,1.5884064,-0.2048991,-0.03743703,0.231089,0.01920857,0.011298764,0.24906957,0.24932571
24.068840433535758,35.050724689208764,75.1399,9417600.350189209,72.989914,0.050596077,0.022410702,-0.3008651,-2.6651578,-0.28680003,0.5007984,0.4117878,-0.052112326,0.20717564,-0.2882315,-0.04045004,0.291056
24.60144921950647,34.9456523441682,85.40489,18143999.79915619,71.915245,1.2875622e-06,4.831216e-06,0.015166953,1.2070531,-0.3994785,0.11617532,-0.13733271,0.16618901,-0.22759536,0.2709896,-0.076472774,0.28157318
24.268116089179838,35.07971042955572,81.07262,9071999.899578094,72.169395,-0.00025684573,0.00032217146,-0.00018721819,-1.734674,-0.5762167,0.38653925,0.2091319,0.22971314,0.30038318,-0.21444868,-0.11839862,0.24496219
24.608695560661264,35.210145036629335,80.071884,3542400.093984604,73.16878,0.0016969519,-0.00010027074,-0.3704791,-0.065320775,0.7889146,-0.07368652,-0.0711017,0.08488334,0.17697936,-0.0030728744,0.12921408,0.1292506
24.49275373635028,35.04710138474188,79.64641,5443199.830055237,72.15198,0.0007750597,0.00019622984,-0.2058706,0.8089301,0.3273883,0.03125647,0.09052758,-0.016677462,-0.113770165,0.17715609,0.064785115,0.18863031
24.409420264318722,35.097825908808005,75.01247,3196799.917602539,72.853485,0.08859435,-0.0062383274,-0.16195184,0.23825872,0.2653243,0.2577522,0.4323147,-0.1620399,0.070529334,0.038033992,0.06603578,0.0762057
24.586956589458925,35.03623181903528,81.050644,1814400.0347614288,72.039955,1.8645866e-05,-0.0002953191,-0.11260758,-0.5578013,1.0848837,0.0385363,-0.040139377,-0.06589728,0.05036275,-0.051743668,0.14406909,0.15307942
24.35507260113369,35.04710138474188,76.478294,1468799.9954938889,72.321945,0.022982363,0.022392068,0.044380695,-0.6165897,0.6892701,0.32079896,0.3101735,0.021371357,0.012047643,-0.110818475,0.19021352,0.22014067
24.677536062942007,35.07971042955572,84.775665,1900800.0102996826,72.65919,1.7338276e-05,1.1998826e-05,0.26827002,-0.16492729,0.54339254,0.06344738,-0.025339685,-0.004532926,0.13694274,-0.05964657,0.081917495,0.101332076
24.619565229179578,35.18478278215484,82.255135,11145599.860954285,72.04907,-9.957274e-05,-1.1215085e-05,0.12661637,2.0833762,-0.38614416,-0.13111234,-0.22849214,0.1304169,-0.015109826,0.13710283,-0.03235082,0.14086789
24.576087129988778,34.96376817111452,80.53768,16675200.489234924,72.513855,0.0007059331,9.891268e-05,-0.33351064,0.3680182,-0.09551507,0.12546085,0.30516845,0.069975205,-0.14138278,0.08670442,-0.020981362,0.08920692
24.55072462237475,35.07608730649443,88.70044,8553600.046348572,72.522736,4.1344626e-07,-2.8663035e-07,0.13571899,2.2807615,-0.27710968,-0.53971916,0.27938378,0.32016867,0.011898689,0.1780957,-0.013750114,0.17862572
24.293478074173446,35.130434424522214,78.52256,16243199.788856506,72.00998,0.002226595,-0.0026673211,-0.1484645,0.3360763,0.120744705,-0.110794194,0.25504962,-0.09336687,0.28638244,0.15311563,0.07318909,0.16970868
24.340579657513896,35.072464168316,77.031204,5270399.878978729,72.21907,-0.010910622,-0.001020654,-0.28628856,0.61586094,0.60388863,0.064847365,0.332304,0.05591531,-0.108927004,0.12825432,0.10400134,0.16512254
24.47463793572534,35.15579704180788,74.131996,10627199.459266663,73.57591,0.041273195,0.58063835,-0.12896654,2.6773534,-0.25114736,0.004906051,0.15769958,0.06410037,0.527514,0.18865994,0.034645125,0.19181465
24.409420264318722,35.137681214861566,85.684586,5875199.981975555,72.21992,1.8165277e-06,6.9652685e-07,-0.29119557,1.3240767,-0.294468,0.37409905,0.3910995,-0.06837814,-0.09422658,0.22045888,-0.06701931,0.23042072
24.49275373635028,35.04710138474188,79.64641,6739199.737358093,72.30888,-0.0008703246,0.0005631339,-0.16214031,1.2179656,-0.1283963,-0.015114807,0.014109448,0.022054508,-0.045510538,0.1507877,-0.00056738127,0.15078877
24.43478251062254,35.050724689208764,81.254395,8899199.948501587,71.99147,-7.343225e-05,-0.00023450668,0.13744476,-0.67595035,-0.505949,0.16427423,0.024198148,0.23962379,-0.09696188,-0.08320933,-0.06767536,0.10725552
24.177536001617764,35.01449252133363,77.3516,9071999.899578094,72.07852,-0.0073638,-0.0080384705,-0.08386984,-2.378205,-0.04375458,0.40632382,0.31767607,-0.20887685,0.32667089,-0.2614792,-0.025807805,0.26274973
24.336956356281394,35.12681217825459,78.56935,17020800.39138794,72.23336,-0.0014637581,-0.0027583211,-0.19758552,0.6596217,-0.018107593,-0.06603143,0.25153223,0.03176149,0.30139467,0.22996184,-0.0037985002,0.22999321
24.43478251062254,35.050724689208764,81.254395,16329599.49016571,71.793594,2.483321e-05,-0.00012381747,-0.19219604,1.4447938,-1.2772905,0.042432413,0.20411253,-0.049907215,-0.20400003,0.075785145,-0.06780505,0.10169028
24.40217392316393,35.07246365433351,77.73675,15638399.68585968,72.76164,-0.0062293317,-0.0024605726,0.047854394,1.2693857,-0.5778938,-0.13033503,0.058511324,0.11369495,-0.06734323,0.16152503,-0.038391836,0.1660249
24.40579730278949,34.98550712868071,82.545616,1728000.059223175,72.27311,-5.2297044e-05,1.6091353e-06,-0.1336348,-0.7162972,0.7858828,0.26085746,-0.3627582,-0.18637851,0.5542419,-0.20203735,0.18079041,0.2711167
24.373188349496587,35.09782609021359,73.044136,16588799.691009521,73.411644,0.6847826,0.6936231,0.06609379,1.0935595,-0.56497085,0.17046447,0.14926814,-0.0671734,0.10806447,0.20569044,-0.06820333,0.21670315
24.75362311542571,35.148550251468535,82.31272,12960000.169944763,72.49253,9.968725e-06,-0.00010198239,-0.25351188,1.6441082,-0.061870366,0.015769258,-0.09820887,0.07142341,0.5856427,0.16034253,-0.007851817,0.16053466
24.57246390714934,35.13405809180027,82.83649,8208000.144195557,72.16179,3.6066664e-05,-4.6174955e-05,0.24925275,3.012866,0.09620468,0.13929416,0.001557678,-0.2043879,-0.13053581,0.090621,0.022678673,0.09341567
24.423912946628306,35.16304383214723,83.815254,5702400.030899048,72.32002,1.2723543e-05,1.6667287e-05,-0.2747852,2.3295312,-0.28710294,0.37143415,0.17918372,-0.06431583,-0.0055345222,0.13555115,-0.019252488,0.13691156
24.507246627708035,35.15217355593542,72.15966,8639999.747657776,73.65813,0.014750881,-0.25857726,-0.3749501,3.5744636,-0.21850939,0.119116314,0.055409923,0.1984103,0.4048259,0.20508276,0.015805153,0.20569089
24.43478251062254,35.050724689208764,81.254395,10281599.557113647,71.84368,5.8624915e-05,0.00015746645,0.022687368,0.5172569,-0.5525382,0.011270136,0.07872983,0.3224874,-0.100365095,0.07615308,-0.061166126,0.09767592
24.351449221508126,35.36231895652174,77.53338,1209599.9317646027,73.01212,-0.01503513,-0.01091727,0.21634056,-2.253242,0.3953985,0.26611817,-0.039796017,-0.028041527,0.43674132,-0.21400192,0.043078437,0.2182947
24.822463669968496,35.11956556932083,79.471794,5529600.07982254,73.46596,-0.0040385406,0.004446885,-0.38395756,2.0751257,0.17385481,0.10083096,0.539544,0.1541374,-0.18882844,0.123091355,0.024331762,0.12547317
24.518115930392057,35.170290078269815,76.7112,777599.9855160713,72.628075,-0.0012024741,-0.0074029285,-0.04211568,-2.3955913,1.4492482,-0.08076327,0.1447625,-0.11460959,0.073550366,-0.21772699,0.13468418,0.25601733
24.409420264318722,35.097825908808005,75.01247,3628800.0695228577,72.897194,-0.08197385,-0.115661256,-0.1510883,0.27129135,0.27168614,0.19033808,0.39785528,-0.1837399,0.022662625,0.032298062,0.063466385,0.071211986
24.55072462237475,35.07608730649443,88.70044,16588799.691009521,71.87365,1.6552958e-07,-1.5133664e-07,-0.14645264,-0.7074249,0.03849239,0.11192186,-0.40273517,-0.12166654,0.5321606,-0.19297206,-0.009101321,0.19318658
24.579710091518006,35.06884069756067,84.24473,12960000.169944763,72.02525,-1.1681336e-05,-1.595268e-05,0.05012083,1.6885215,0.07333172,-0.14061219,-0.014663525,0.42206976,0.13039693,0.10783162,-0.0038181574,0.1078992
24.3913043591697,35.05434799367564,86.750465,10627199.459266663,72.212456,-2.631622e-07,-1.6725162e-06,0.0733003,-1.2355341,-0.2814951,0.23714623,0.42490375,-0.022966884,-0.072753176,-0.11213203,-0.04233519,0.11985766
24.3913043591697,35.05434799367564,86.750465,18403200.0,71.356346,2.6760708e-07,-8.2851e-07,-0.07201886,0.17832108,0.28951222,0.27713317,-0.81498826,-0.10628799,0.7349803,0.08961483,0.12268593,0.15192977
24.340579657513896,35.072464168316,77.031204,12182399.56741333,72.46213,0.01499131,-0.012649361,-0.19915769,1.7037244,-0.52635413,-0.08707585,0.061884142,-0.3988734,0.23098502,0.2253243,-0.043564815,0.22949713
24.623188347494935,34.98550731008629,86.27349,4665599.775981903,72.33986,1.1635244e-06,-3.3058536e-06,0.28462964,-1.0150906,0.29070646,-0.022674583,-0.1201851,0.27887216,0.05499539,-0.18281837,0.055301826,0.1909996
24.49275373635028,34.95652190987481,78.13308,8467199.796581268,72.764534,0.007613352,-0.007775002,0.08092639,2.071114,-0.6625279,-0.092211954,-0.2668707,-0.08924364,0.047784254,0.17698297,-0.08361447,0.19574052
24.358695745580064,35.14492749121842,79.46463,17452799.99485016,71.93342,0.0006931541,-0.00097294425,-0.20097387,0.30733272,-0.1252142,0.05798926,0.3163795,0.09183653,0.4122867,0.15834205,-0.058734838,0.16888453
24.880434869565217,35.11594208344836,73.60822,7084800.187969208,73.59415,-0.7437037,-0.5394254,0.26061153,-1.9141734,-0.26946312,0.51792645,0.090354264,0.13257962,-0.3071753,-0.16215755,-0.008551667,0.16238289
24.800724541980035,35.0326085145684,80.91604,12009600.164794922,72.90818,-0.000680002,0.00054494437,0.14288557,1.4006444,-0.33335435,0.08530995,0.14803284,0.07411377,0.32380205,0.28973374,-0.05630939,0.29515487
24.822463669968496,35.11956556932083,79.471794,14687999.680709839,72.87631,-0.0025452143,-0.0019138753,-0.27461836,-0.743647,0.66053903,0.23429635,-0.16398114,0.16886064,0.31839845,-0.105197154,0.10291761,0.14716819
24.33695651306752,35.26449269887389,75.24537,345600.00498890877,73.15884,-0.14928386,-0.15126908,-0.05995243,-1.8228457,-0.13224088,0.08278975,0.19547802,0.22765034,-0.11620168,-0.42448252,-0.063186415,0.42915958
24.351449221508126,35.36231895652174,77.53338,1814400.0347614288,72.708046,0.008081094,-0.010222281,0.23398735,-1.9002888,0.5443451,0.22735047,-0.07332987,0.0029396042,0.41869843,-0.19491044,0.07330864,0.2082408
24.286231733018653,35.16304365074164,82.86601,7862400.2420425415,72.01556,-5.084477e-07,4.353742e-05,-0.600058,2.7761686,0.47719926,0.2088395,-0.07662887,0.29574865,-0.12332138,0.09731998,0.025899513,0.10070732
24.481884276880134,35.21376834109622,79.042,11923200.463485718,72.31778,-0.0023316732,0.0021283436,0.13088733,1.5876722,0.12755631,0.024143193,0.11305334,0.24767607,-0.02421245,0.11434784,0.025179338,0.11708726
24.677536062942007,35.07971042955572,84.775665,12095999.866104126,72.3144,1.3231708e-05,-1.2764506e-05,0.051000014,2.3128726,0.19426659,-0.35403943,-0.18035245,0.3247095,0.2930457,0.111390054,0.03677059,0.11730226
24.2137679164399,35.101449394680465,78.1842,6047999.933052063,72.23087,-0.0044161337,-0.0015805361,-0.17455989,-1.0696834,-0.037313834,0.29977086,0.56730694,0.19576691,0.19573283,-0.19154115,0.0031255838,0.19156665
24.481884276880134,35.21376834109622,79.042,9590399.752807617,72.46336,-0.0005385828,-0.002470359,0.052011386,2.47997,-0.075612776,-0.03544184,-0.011020996,0.019916981,-0.040443577,0.17464101,0.00824132,0.17483537
24.471014503837736,35.137681214861566,84.09494,13305600.072097778,71.666725,-2.6356588e-06,2.7998894e-06,-0.12534717,2.1565607,-0.03543877,-0.33801025,-0.034938194,0.49205196,0.13272512,0.15969463,-0.020452091,0.16099896
24.521739153231497,35.18115965909355,80.50853,17193599.794006348,71.91797,-0.00042729362,0.00042829275,-0.02131281,0.5626097,-1.0448575,0.22860026,0.32359943,0.2692031,0.21776402,0.07842187,-0.21148564,0.22555745
24.24275355543479,35.275361916886446,83.709785,18057600.097846985,71.99997,8.054153e-06,2.5100428e-05,-0.44811904,-1.4881287,0.95803636,0.2115564,0.15455306,-0.2697893,0.0356219,-0.20507115,0.1428392,0.24991441
24.514492864338745,35.152173737341,77.98083,3628800.0695228577,72.63351,0.008060109,0.006513136,-0.21118315,-0.1289414,1.250038,-0.36369738,-0.07729063,-0.08779674,-0.28230298,0.011082897,0.15568943,0.1560834
24.5036234048686,34.94565269942081,84.86278,10108800.15449524,72.26033,4.864772e-06,6.3229527e-06,0.30445266,-3.0674002,0.4106213,0.49880245,0.33216685,0.06016977,-0.36469224,-0.10197376,0.0314857,0.10672393
24.409420264318722,35.097825908808005,75.01247,2592000.0888347626,72.771095,0.12591714,0.12613617,-0.17363279,0.18963698,0.26904768,0.3505038,0.48466322,-0.116744034,0.16089076,0.036603905,0.0666409,0.07603194
24.152173912100075,34.942029039701325,85.189964,6047999.933052063,72.973595,4.150813e-06,5.3730773e-06,0.052326873,-1.0085998,-1.045222,0.33202294,0.34348726,-0.14258105,-0.117174275,-0.17021331,-0.2582369,0.3092877
24.57246390714934,35.13405809180027,82.83649,5270399.878978729,72.58753,-5.385752e-05,9.082007e-05,-0.014635764,0.034981757,0.5045069,0.38077173,-0.037968688,-0.27955714,0.059617713,0.0045145294,0.06250686,0.06266968
24.576087129988778,34.96376817111452,80.53768,3542400.093984604,71.7337,-6.0091777e-05,0.00029160877,-0.19319573,0.037918612,0.8369138,0.05985629,0.26870185,0.039811097,0.10989296,0.047126956,0.13624339,0.14416383
24.442029139218562,35.043478080275,76.86345,17625600.494384766,73.94225,0.070440605,0.06693267,0.23314197,0.13447325,-0.8473084,-0.04701642,0.05689337,0.3555155,-0.07528146,0.033051856,-0.13445133,0.13845427
24.35507260113369,35.04710138474188,76.478294,5788799.732208252,72.30492,0.022896169,0.00017967063,-0.23426123,0.9433681,0.47228527,0.049295314,0.15263444,0.07006254,-0.043293536,0.12781337,0.072180785,0.14678666
24.75362311542571,35.148550251468535,82.31272,11836799.665260315,72.489334,-1.3726801e-05,0.000119573175,-0.2120322,1.9361992,-0.3647523,-0.043481365,-0.0430343,0.08669316,0.5191999,0.13082461,-0.03790475,0.13620517
24.62318819070881,35.09782625650204,81.14894,1555199.9710321426,72.37996,1.8190851e-06,0.000107037624,-0.114522286,-1.0787903,0.8829586,0.011523142,-0.12954447,-0.06441126,-0.12145799,-0.1530733,0.13215719,0.20222996
24.340579657513896,35.072464168316,77.031204,17884799.598312378,73.49337,-0.034922216,0.01207834,-0.20971945,0.14449266,-0.3390965,-0.14742461,0.28129798,0.17197376,0.04616874,0.22939597,-0.26913098,0.35362974
24.62318819070881,35.09782625650204,81.14894,8726399.99742508,72.52046,-0.00012806918,0.00041884222,0.09086047,2.7677832,0.26950145,-0.10458999,0.17103894,0.045589685,-0.124447726,0.13512327,0.019273879,0.13649096
24.409420264318722,35.137681214861566,85.684586,12441599.768257141,71.88244,3.605863e-06,3.5286946e-06,-0.11620789,2.3139944,-0.020270593,-0.4539814,0.13113776,0.3886335,0.27276564,0.14903781,0.007977457,0.14925116
24.264492787947336,35.06521739309379,75.914215,3023999.9665260315,72.32464,-0.00031785853,-0.039294835,-0.26137298,-0.51123077,1.398509,-0.11308975,0.14363232,-0.07794126,-0.13062024,-0.051883303,0.22235209,0.22832505
24.17028990870767,35.119565206509655,75.23819,14428799.479866028,72.75013,0.049768273,0.061372317,0.17310296,0.9074399,-0.23806447,-0.015784755,0.3349001,0.03350111,0.0048131607,0.1666311,-0.016411405,0.16743733
24.278985574781007,35.18478260074926,85.36457,16588799.691009521,71.18006,2.7453877e-06,2.2235668e-06,-0.062057637,-0.70704204,1.121621,0.15206507,-0.24003318,-0.13704365,0.41052198,-0.09138509,0.17187542,0.19465968
24.365941903817713,35.11594190204278,77.940506,9763200.252342224,72.22229,0.005772639,0.0019311614,-0.04428852,2.326985,-0.24381688,-0.34345648,0.008929394,0.0021775812,0.3998504,0.16721033,0.016236262,0.16799675
24.800724541980035,35.0326085145684,80.91604,4838399.727058411,72.81867,0.00067399885,0.00026739895,-0.445809,0.37924844,0.964527,0.31330058,0.20670226,-0.33539963,-0.07001603,0.014750691,0.08004328,0.08139109
24.43478277193275,35.06521686399416,78.38795,15897599.886703491,72.57381,0.005099504,0.0052888067,0.025973849,1.3992947,-0.72096926,-0.013089992,0.034400422,0.16033676,-0.041554376,0.19409089,-0.079114795,0.20959586
24.49275373635028,35.04710138474188,79.64641,17193599.794006348,72.65209,0.0017554354,-0.0015599427,-0.17617166,1.27031,-1.0591086,0.31970856,0.13157988,-0.061782606,-0.040336877,0.11300255,-0.10258964,0.15262441
24.608695560661264,35.210145036629335,80.071884,1036799.9806880951,72.82173,-0.0009581947,-8.839462e-05,-0.27896634,-0.57948726,1.3051337,-0.21517944,-0.22505817,0.07913862,-0.11713336,-0.06354341,0.17524447,0.18640919
24.75362311542571,35.148550251468535,82.31272,9244799.850654602,72.651634,-6.67694e-05,-5.9638623e-05,-0.2778582,2.5132082,-0.7599455,-0.07112133,0.23968664,0.18147236,0.17440137,0.19335243,-0.058045425,0.20187728
24.55072462237475,35.07608730649443,88.70044,2246400.0495672226,72.81985,-1.2704268e-07,4.092176e-07,0.3616953,0.55717635,0.082269855,0.46582258,0.3029271,-0.22808477,-0.373743,0.19219846,-0.009446157,0.19243044
24.55434784521419,35.039855304907746,78.730316,3628800.0695228577,72.01119,0.0015486041,0.0023298992,-0.36427492,0.35343814,0.6162129,0.16027868,0.3001696,-0.051874712,-0.20462868,0.047145795,0.10965354,0.119359225
24.373188349496587,35.09782609021359,73.044136,12095999.866104126,73.27653,0.80932623,0.8075985,0.025505051,2.408818,0.102640815,0.24177757,-0.13102987,-0.07260605,0.030500546,0.09102153,0.033127755,0.09686262
24.15217408195171,35.09782609021359,90.079155,3456000.11844635,71.504074,3.784871e-08,5.2686e-08,-0.120738,1.2957278,0.16101025,-0.325333,-0.27358952,-0.06497202,-0.61470795,0.28711548,-0.012507472,0.2873878
24.2137679164399,35.101449394680465,78.1842,13996799.876403809,71.94098,-0.0025712214,-0.0027773466,0.00039552897,-0.9241781,-0.2650812,0.10013436,0.44496632,-0.3178491,0.14819658,-0.11084653,-0.030691367,0.11501701
24.340579657513896,35.072464168316,77.031204,14428799.479866028,72.69402,0.016822003,0.018650144,-0.18408343,1.5968533,-0.7363167,-0.095945336,0.33928135,-0.3059147,0.025386877,0.16910759,-0.059746034,0.17935151
24.521739153231497,35.18115965909355,80.50853,1209599.9317646027,73.05933,-0.00011533507,0.0006988244,-0.24867065,-1.6313584,1.6809452,-0.083064966,-0.3797109,0.047154322,-0.26195163,-0.18912755,0.16623662,0.2518012
24.177536001617764,35.01449252133363,77.3516,2332799.8879909515,71.772575,0.0064387033,0.0060676658,-0.19624451,-1.2139151,1.7814556,-0.15296659,-0.033608846,0.06781422,0.123559184,-0.121992774,0.21514617,0.24732593
24.626811465810288,35.05797113185407,83.9315,4060799.9472141266,72.35709,2.8477136e-05,-2.5109817e-05,0.21769421,-0.015111476,0.8318505,0.03247493,-0.187951,-0.006535031,0.025010131,-0.013894143,0.13241024,0.13313721
24.49275373635028,35.04710138474188,79.64641,2764800.03991127,71.978004,0.0007758763,-0.000100364305,-0.15634754,-0.64381963,1.0532043,-0.030242242,0.09229,0.0046495646,-0.10541352,-0.05647598,0.15003037,0.16030797
24.75362311542571,35.148550251468535,82.31272,12787199.670410156,72.49466,-3.0181961e-06,-5.7354853e-05,-0.24752498,1.7089171,-0.09372629,0.0035203248,-0.09447115,0.071003065,0.581923,0.15192927,-0.010513797,0.15229262
24.152173912100075,34.942029039701325,85.189964,15811200.185394287,72.28824,3.0551226e-07,1.5646721e-07,-0.16714814,-2.131121,0.9238986,0.27578342,0.4731693,0.28509787,0.5088887,-0.08952136,0.042797476,0.09922549
24.06159400092239,35.235507653915,77.223785,15897599.886703491,72.840385,0.010082161,0.018520556,0.15197024,-2.0586812,0.611625,-0.08093584,-0.16700393,-0.10312643,-0.107829444,-0.15610802,0.04774773,0.16324693
24.822463669968496,35.11956556932083,79.471794,17366400.293540955,72.96471,-0.0013687441,0.0019921795,-0.30250055,-1.0069659,0.0024404768,0.21934402,-0.10059386,0.0042020604,0.14799376,-0.20826828,0.005016016,0.20832868
24.822463669968496,35.11956556932083,79.471794,9590399.752807617,73.4508,0.002805021,0.0043822844,0.1188446,0.8244924,-0.5977204,-0.061511494,0.43424106,0.3331816,0.012938293,0.12014276,-0.13164029,0.17822303
24.521739153231497,35.18115965909355,80.50853,5615999.781131744,72.54387,0.0004131447,0.00074435194,-0.26310766,1.7724257,0.56518954,0.1548501,-0.23050424,-0.16365606,0.042345542,0.122722305,0.012986738,0.123407535
24.235507135886934,35.09782643790763,86.62735,13996799.876403809,71.57663,1.2758732e-06,6.5743325e-07,0.0069509074,-0.07598044,0.43633068,0.34141648,0.015703958,-0.12548983,0.42517683,-0.0034244212,0.13896683,0.13900901
24.43478277193275,35.06521686399416,78.38795,12095999.866104126,72.44117,-0.0033146576,0.003393554,-0.19683266,1.7194815,-0.33523744,-0.3160426,-0.14679489,0.022527669,0.17418444,0.12505047,-0.03006464,0.12861377
24.293478074173446,35.130434424522214,78.52256,6652800.036048889,72.019485,0.0012844296,-0.0023630848,-0.2402729,1.2164191,-0.12951055,0.11864538,0.4078135,0.12123358,0.06276448,0.10304798,0.016424492,0.1043487
24.33695651306752,35.26449269887389,75.24537,12355200.066947937,72.781555,0.025551505,0.028294,0.3011998,2.28898,0.23862733,0.0044723228,-0.38623685,0.42460543,0.19412732,0.2260873,0.031569768,0.22828078
24.235507135886934,35.09782643790763,86.62735,12614400.267791748,71.72201,-7.986237e-07,-3.397847e-07,-0.04355435,0.5628593,0.12270431,0.31928235,0.13307379,0.056557134,0.30722436,0.16306971,0.07515793,0.17955625
24.278985653174068,35.159420527680346,80.15937,6912000.2368927,72.091446,0.00046168524,0.0006351459,-0.309761,1.4660302,0.016177643,0.26378116,0.1193994,0.09586874,0.01006835,0.07284967,-0.0005885333,0.072852045
24.40217392316393,35.07246365433351,77.73675,13046399.871253967,72.52255,-0.005012908,-0.008891904,-0.15465231,1.752698,-0.51544595,-0.22405523,-0.056897096,-0.1285469,0.09590551,0.13779062,-0.028436158,0.14069425
24.503623143558386,34.916666955294566,80.479385,15206400.082397461,72.17002,0.00025459344,0.000385851,-0.4687215,0.59876704,0.7962498,-0.08992139,-0.011122376,-0.054374315,-0.2706158,0.09622224,0.114840575,0.14982349
24.471014503837736,35.137681214861566,84.09494,16070400.386238098,71.38233,1.5769173e-06,9.082219e-06,-0.040868457,1.3402917,-1.189042,-0.046805136,0.068785146,0.25745037,0.34445402,0.0828209,-0.0842427,0.118136086
24.782608584568965,35.06521774078783,85.492004,864000.0296115875,72.25545,-6.539751e-06,2.673359e-06,-0.368625,-0.37111628,0.93587244,-0.17588931,0.34718332,-0.025248453,-0.05384534,-0.09053408,0.1770702,0.19887252
24.409420185925658,35.126811301460926,78.58091,1987199.9858379364,72.73728,-0.00033555785,0.0049045812,-0.34480327,-1.3292319,1.971846,-0.14118853,0.047353804,-0.063420065,-0.37387076,-0.10400976,0.18122108,0.20894763
24.47463793572534,35.15579704180788,74.131996,1900800.0102996826,72.58875,0.20986329,0.18418398,0.013579272,-0.78374374,0.111557364,0.35931587,0.8300361,0.1408984,0.14417312,-0.25709528,-0.024990503,0.258307
24.60144921950647,34.9456523441682,85.40489,4319999.873828888,72.006645,-8.5960323e-07,3.25934e-06,-0.08978144,-0.39958924,0.26921242,-0.0636658,0.007862493,0.3318033,0.27989295,-0.14275797,0.12173717,0.18761604
24.55072462237475,35.07608730649443,88.70044,17884799.598312378,71.76322,-1.7302568e-07,6.3176266e-08,-0.13607165,-0.8493036,0.016262524,0.12427604,-0.47218215,-0.06723828,0.4232675,-0.21714021,-0.00064817816,0.21714118
24.576087129988778,34.96376817111452,80.53768,17452799.99485016,72.7731,-0.0002095362,0.0007227701,-0.24861684,0.27732816,-0.31692296,0.13828996,0.27534902,0.071018,-0.117808454,0.07621476,-0.05500088,0.093988225
24.32608705359737,35.05434782738719,80.59564,86400.00124722719,73.441795,0.0012974362,-0.0015830345,-0.123256415,-1.9080398,0.8274421,0.15284245,0.09565165,0.033677906,-0.15443668,-0.1632202,0.12214078,0.20386074
24.55072462237475,35.07608730649443,88.70044,13824000.4737854,72.3769,-3.4492857e-07,-5.8314615e-08,-0.18844986,-0.2250333,0.2873059,-0.09222103,-0.3288901,-0.035007022,0.636312,-0.11619462,0.18498151,0.21844758
24.623188347494935,34.98550731008629,86.27349,12268800.365638733,72.38298,-1.3027895e-06,2.1509198e-08,0.13210474,-1.4311827,-0.15656848,0.48475417,0.17240345,-0.11814169,0.106260814,-0.17069902,-0.022804035,0.17221549
24.24275355543479,35.275361916886446,83.709785,6134400.182819366,72.233734,1.8939063e-05,-1.0380532e-05,-0.5283089,1.2937847,1.9601853,-0.22352222,-0.29299074,-0.20247895,0.008268185,0.10346921,0.146769,0.17957453
24.286231733018653,35.16304365074164,82.86601,1209599.9317646027,73.01496,-7.3910545e-05,0.00013164766,0.018102027,0.28883708,-0.31513846,0.011898696,0.45972967,0.4228335,0.066184714,0.1327273,-0.087151855,0.15878281
24.52536253285706,35.05797113185407,79.99595,13046399.871253967,72.214424,0.00042607804,-0.00016077765,-0.3229624,2.7276857,-0.046471313,-0.20886436,0.12813479,0.38787267,0.15726957,0.21225508,0.011979517,0.21259286
24.507246627708035,35.15217355593542,72.15966,15120000.381088257,72.383385,-0.7670646,-0.8095573,0.221303,0.17030188,0.14423627,0.027866714,-0.016164444,0.17419437,-0.08446243,0.047698893,0.05884514,0.07574916
24.49275373635028,34.95652190987481,78.13308,8985600.19826889,72.760445,0.007875666,0.0020750542,0.076703176,2.232173,-0.74372536,-0.14351973,-0.28799203,-0.035449997,0.06843805,0.17787096,-0.08518787,0.19721828
24.423912946628306,35.13405791039468,84.735344,16847999.891853333,71.16359,3.1133018e-06,-1.7592984e-06,-0.08239547,0.9042831,-0.741245,0.11055353,-0.1451957,-0.029669814,0.46807602,0.16642338,-0.13139209,0.2120392
24.55072462237475,35.07608730649443,88.70044,6912000.2368927,72.444435,4.3058472e-07,2.756759e-07,0.16477202,2.350792,-0.33503664,-0.2707298,0.15290755,0.20649794,-0.21578637,0.1291999,-0.018217975,0.13047801
24.442029139218562,35.043478080275,76.86345,10540799.757957458,72.84946,0.019673688,-0.024878303,-0.22131832,2.1024902,-0.44371438,-0.3030325,-0.22979209,0.036876377,0.28932023,0.28667295,-0.060414653,0.2929698
24.49275373635028,34.95652190987481,78.13308,6566399.786281586,72.564186,0.0043166573,0.0020045468,0.051040947,1.212583,-0.2526343,0.052774563,-0.06283545,-0.17475873,-0.07565633,0.23509426,-0.03046927,0.23706052
24.880434869565217,35.11594208344836,73.60822,8035200.193119049,73.682785,0.91851133,0.9063674,0.30145705,-2.4491625,0.11023176,0.397523,0.11053538,0.07749476,-0.34790984,-0.16721143,-0.0014127552,0.1672174
24.731884091961334,34.88405773852335,82.62194,7689599.742507935,72.26867,8.640525e-05,-5.70815e-05,-0.29055777,1.7967564,-0.18454373,0.14057308,0.36043715,0.46148348,0.2758642,0.207632,0.011414928,0.20794554
24.731884091961334,34.88405773852335,82.62194,10886399.660110474,72.56335,3.8541235e-05,0.00010895794,-0.43364894,2.3116593,0.021850761,0.05116542,0.53980523,0.03965787,0.057254888,0.1863431,-0.006768775,0.186466
24.177536001617764,35.01449252133363,77.3516,4319999.873828888,71.785576,0.0027897872,0.006621999,-0.24572758,-1.1420336,0.97901535,0.10401426,-0.012150742,0.07974324,0.29479307,-0.119719535,0.11321373,0.16477293
24.293478074173446,35.130434424522214,78.52256,13564800.27294159,71.876205,-0.0022216104,0.0015637797,0.1301946,0.43936908,-0.017849088,-0.06197255,0.034757543,-0.2976342,0.27586424,0.16878074,0.057710018,0.17837428
24.782608845879178,35.07246365433351,80.82854,259199.99517202377,71.994415,0.0002744474,9.017641e-05,0.04330779,-0.39368522,0.4304737,-0.07739986,-0.0183561,0.089775875,-0.031841375,-0.07160619,0.08995928,0.114978775
24.55434784521419,35.039855304907746,78.730316,11923200.463485718,72.792,-0.0003112884,0.0047305305,-0.19187483,2.3248746,-0.10548253,-0.37116328,0.061767474,0.39779288,0.34836444,0.18767813,-0.006858873,0.18780342
24.40217392316393,35.07246365433351,77.73675,16934399.593162537,73.11103,-0.0035089229,-0.011102435,0.07382673,0.8118694,-0.59469885,-0.043876886,0.07217416,0.25691923,-0.0026420616,0.16544056,-0.07496986,0.18163441
24.271739312019278,35.0833337340226,74.97577,11923200.463485718,72.68616,0.1258483,0.0600179,-0.096766695,1.787688,-0.28112733,0.11144796,0.33653408,-0.3841113,0.2015816,0.15051806,0.0007888948,0.15052013
24.481884276880134,35.21376834109622,79.042,18316800.298690796,72.212814,0.00016310916,0.0018293337,0.11125904,0.7234114,-1.1999745,0.04333801,0.0069783106,0.15328005,0.20754817,0.10178341,-0.11194918,0.15130262
24.242753659958876,34.931159481553294,83.59315,5529600.07982254,72.42326,-3.632298e-05,-1.6801336e-05,0.06882636,-2.0799513,-0.74584955,0.6756482,0.44845507,-0.08274364,0.37411132,-0.13983573,-0.024390085,0.14194685
24.242753659958876,34.931159481553294,83.59315,7343999.840354919,72.59905,1.4744683e-05,4.9664268e-05,0.023526154,-3.0228,-0.56719756,0.4932869,0.58432066,-0.24555132,-0.041331112,-0.11521126,-0.020168578,0.116963275
24.442029139218562,35.043478080275,76.86345,6134400.182819366,72.64374,0.0222174,0.008570543,-0.2714976,1.3862478,0.07543417,-0.049845047,0.15535137,-0.08783483,0.055082887,0.32299197,-0.009583228,0.3231341
24.271739312019278,35.0833337340226,74.97577,345600.00498890877,72.49601,0.10435386,-0.081690595,0.049047038,-1.894326,1.9189866,0.19935298,0.16898656,0.17486462,0.2375637,-0.11454841,0.13524032,0.17723228
24.60144921950647,34.9456523441682,85.40489,1209599.9317646027,71.976974,-3.0270214e-06,-5.501365e-06,0.11256957,-0.44954604,0.867935,0.054200444,-0.20952284,0.040428404,0.32199273,-0.17176329,0.25035062,0.3036084
24.503623143558386,34.916666955294566,80.479385,3542400.093984604,71.53547,-0.0001547041,0.00013718227,-0.33338487,0.044812128,0.86583996,0.11340393,0.14842151,0.040691294,0.11974867,-0.024314819,0.116999544,0.119499385
24.275362351941567,35.02173896397893,79.32639,9676799.454116821,72.06345,0.00046971353,-0.00018078569,0.05649422,-2.353099,-0.39987952,0.23857754,0.14833866,-0.123608015,0.30376756,-0.14095494,-0.087205246,0.16574997
24.49275373635028,34.95652190987481,78.13308,15379199.48501587,72.8988,-0.0024034798,-0.0048398743,-0.3467307,0.006538704,0.5656931,-0.10921057,-0.03228969,0.08778998,-0.1531153,0.031353734,0.13885424,0.14235012
24.503623143558386,34.916666955294566,80.479385,16934399.593162537,72.54944,0.0005183133,0.0004549099,-0.30743763,0.49985725,0.7780493,-0.20104408,-0.02236855,0.0900384,-0.19563785,0.044068012,0.09073801,0.100873075
24.373188532413735,34.85507217391305,83.68782,1468799.9954938889,72.62647,3.179326e-05,7.76921e-06,-0.22436528,-0.5243775,-0.029487574,0.23214963,-0.05844512,0.016515419,0.14777306,-0.15586069,-0.018545726,0.15696019
24.24275355543479,35.275361916886446,83.709785,8553600.046348572,72.25558,-1.2435503e-05,4.081044e-06,-0.52214336,4.289252,1.8895937,-0.59738576,-0.33959764,-0.079347976,0.0011838377,0.21865062,0.15200539,0.26629633
24.72463775080654,35.097825908808005,83.506035,5702400.030899048,72.64789,-4.9112008e-05,-5.281263e-05,-0.48373336,0.88064134,0.6201701,-0.20610118,0.22881788,0.01446094,-0.09536695,0.20194042,0.1458376,0.24909544
24.242753659958876,34.931159481553294,83.59315,15983999.588012695,71.41405,2.119313e-06,1.706936e-05,-0.38270557,-0.331505,0.060364813,0.08521108,0.20461336,0.21458569,0.6087883,-0.18246537,0.024203222,0.1840636
24.15217408195171,35.09782609021359,90.079155,7171199.889278412,72.43976,1.2402714e-07,-1.0531113e-07,-0.32785589,2.5952108,1.2003897,-0.30055743,-0.23298958,0.26332664,-0.34428072,0.09847202,0.031986587,0.10353686
24.659420157792983,35.13768139626715,82.9603,6912000.2368927,72.55957,-2.0178944e-05,3.6143938e-05,-0.1680704,2.0515523,0.18586352,0.024554092,0.009460494,-0.0041532144,-0.23858011,0.08424918,0.011396116,0.08501645
24.655797039477626,35.09782643790763,82.953125,15206400.082397461,71.99874,1.23877435e-05,4.567722e-05,-0.17985131,0.9645522,-0.3094257,-0.02101992,0.078618236,0.34652427,0.20810273,0.13568512,-0.04987495,0.14456126
24.2137679164399,35.101449394680465,78.1842,345600.00498890877,73.53992,-0.008095187,-0.014972645,0.119009435,-1.6945062,1.8637404,-0.06154407,0.25293672,0.49625993,0.06339372,-0.31868196,0.30443236,0.44072354
24.235507135886934,35.09782643790763,86.62735,9935999.654960632,71.938705,-3.2191514e-07,-1.5683269e-06,-0.44324857,2.1086273,-0.37758768,0.2039721,0.16105771,0.2311588,-0.20198369,0.29859906,-0.035293035,0.30067757
24.518115930392057,35.170290078269815,76.7112,6566399.786281586,73.023026,-0.0033336477,0.023406537,-0.2538687,0.95663893,0.16513014,-0.34560904,0.3222147,-0.0750067,0.1291641,0.10495555,0.02723192,0.108430825
24.507246627708035,35.15217355593542,72.15966,11145599.860954285,73.16181,0.08461614,0.27011412,-0.2912907,2.7430265,0.21029639,0.08170931,-0.28936064,0.1250902,0.23062587,0.16374944,0.046664037,0.17026865
24.55072462237475,35.07608730649443,88.70044,11231999.562263489,72.31881,-3.8452947e-07,2.6080059e-08,-0.11540286,0.99837196,0.59346604,-0.6761893,0.034299236,0.14867294,0.44768763,0.16744412,0.11044969,0.20059079
24.782608584568965,35.06521774078783,85.492004,9590399.752807617,72.74778,4.7032145e-06,-9.24356e-06,-0.24536826,2.730483,-0.2781583,-0.35675475,-0.064699985,0.28373703,0.2373384,0.15525733,-0.013824966,0.15587164
24.358695745580064,35.14492749121842,79.46463,16243199.788856506,71.82178,-0.00057690986,-0.0010187563,-0.121451244,0.298872,0.02826915,0.036902253,0.23685327,0.11252873,0.27654237,0.1357586,0.03293919,0.13969748
24.268116089179838,35.07971042955572,81.07262,5184000.177669525,72.49967,-0.000130016,-0.00032748026,0.11160576,-1.0645078,-0.08561561,0.358475,0.3704363,0.38500327,0.16809407,-0.10043572,-0.03318548,0.10577622
24.340579735906957,35.22101461745307,78.71513,2419199.8635292053,73.47608,-0.006649262,-0.008478086,-0.35531867,-1.0777124,1.1044111,0.19188681,-0.16920167,-0.37952954,-0.26860026,-0.081625104,0.124330625,0.1487305
24.141304256647267,35.05072417522627,80.839714,15292799.783706665,71.25282,8.954026e-05,-0.00016084916,-0.44421244,-1.5813745,0.8194766,-0.06664669,0.5121703,-0.029386505,0.21796641,-0.09278107,0.04924812,0.10504144
24.43478277193275,35.06521686399416,78.38795,14774400.478935242,72.38911,-0.004439225,-0.0039765285,-0.041324258,1.5086353,-0.55910873,-0.1096681,0.04501711,0.09529762,-0.06867248,0.15949002,-0.045782823,0.1659311
24.134057993885538,35.130434787333385,80.741425,15033599.582862854,71.70232,-0.00011777509,-0.00022177554,-0.06826906,-2.6602283,1.1794802,0.16168079,0.16599922,-0.14788273,0.14416522,-0.18411209,0.11704828,0.21816865
24.423912946628306,35.16304383214723,83.815254,3542400.093984604,72.50149,-1.1208937e-06,-3.3094107e-05,-0.1296591,1.2799433,-0.685193,0.34665984,0.3968842,0.060365573,-0.08143621,0.119825386,-0.066717096,0.13714698
24.60144921950647,34.9456523441682,85.40489,17798399.897003174,72.04457,-3.824572e-07,4.885459e-06,0.021265209,1.1559999,-0.43259794,0.13142456,-0.12644807,0.12861487,-0.28278017,0.238139,-0.08416237,0.25257373
24.365941903817713,35.11594190204278,77.940506,10540799.757957458,72.23359,0.0057930048,-0.0022879296,0.012055121,2.1741574,-0.27179998,-0.33049017,-0.042449705,-0.084578626,0.40169436,0.18798217,0.009721101,0.18823335
24.659420157792983,35.13768139626715,82.9603,13737599.675559998,72.08804,-9.555455e-06,5.31011e-06,-0.19285941,1.9482659,-0.005658945,-0.16446868,-0.07841536,0.20373768,0.40715706,0.14787872,-0.017209463,0.14887674
24.731883987437246,34.999999998854186,80.17734,4838399.727058411,72.877075,-0.0009477585,0.0013844224,-0.2928118,0.67153025,0.53239566,0.3546635,0.3346382,-0.30335313,-0.21217546,0.08439472,0.07937186,0.11585492
24.423912946628306,35.16304383214723,83.815254,4406400.123596191,72.4327,1.5045547e-05,-2.7480393e-05,-0.19922873,1.4998255,-0.65629596,0.36675328,0.36654657,0.0048744306,-0.037029006,0.13107938,-0.04622656,0.13899171
24.264492787947336,35.06521739309379,75.914215,2332799.8879909515,72.49372,0.016163906,0.045140862,-0.14487338,-1.0469426,1.6540524,-0.121257655,0.13511027,-0.0143383965,-0.091550894,-0.094397165,0.20785746,0.22828831
24.619565229179578,35.18478278215484,82.255135,11318400.360488892,72.04029,-9.8437085e-05,1.2913955e-05,0.10483168,2.0467517,-0.34502274,-0.13245833,-0.22597864,0.13073143,-0.004878547,0.14557928,-0.03334629,0.14934959
24.423912946628306,35.16304383214723,83.815254,11491199.7631073,71.63695,3.7335483e-06,-1.4774329e-05,-0.07638069,2.6214278,-0.01941132,-0.3327054,-0.05274553,0.45117855,0.0061850883,0.13081825,-0.0065655294,0.13098289
24.278985574781007,35.18478260074926,85.36457,1036799.9806880951,72.46169,-7.3675033e-06,2.3482417e-06,-0.27626258,0.20085067,-0.9917118,0.15899074,0.6003729,0.2092838,-0.20630085,0.015567432,-0.17093375,0.17164117
24.33695651306752,35.26449269887389,75.24537,17971200.39653778,75.19073,-0.1752103,-0.672113,-0.063807555,2.1674001,-1.2385856,-0.51680243,-0.4671684,-0.20084739,-0.11774536,0.18490474,-0.07347556,0.1989684
24.369565205050215,35.10507235145331,81.59638,15379199.48501587,71.517006,0.00011062126,7.569895e-05,-0.37812155,1.6364177,-0.44412005,-0.040231124,0.079274856,0.04815255,0.09076222,0.1358669,-0.038302608,0.14116268
24.782608845879178,35.07246365433351,80.82854,3456000.11844635,72.54888,0.00052559,0.00038298903,-0.3355475,-0.121620044,0.83726853,0.24081355,0.14389461,-0.147472,-0.17519912,-0.007643423,0.17058106,0.17075221
24.471014503837736,35.137681214861566,84.09494,1296000.0444173813,73.013275,-2.8091594e-05,-3.5853518e-05,0.17217703,0.36710835,0.04973069,0.58141303,-0.09193536,0.004310079,-0.24313402,0.14493465,0.05456489,0.15486568
24.471014503837736,35.137681214861566,84.09494,17712000.19569397,71.21257,-9.055715e-06,8.4555495e-06,0.089875355,0.5786134,-1.5303432,0.14426354,0.03415898,0.058730397,0.37282217,0.07137329,-0.21712013,0.22855043
24.782608845879178,35.07246365433351,80.82854,8380800.095272064,73.30501,0.00023725789,-0.0011007774,-0.2960667,2.643847,-0.23613094,-0.14405805,0.4062784,0.028974134,0.157368,0.21750708,-0.015067709,0.21802835
24.369565205050215,35.10507235145331,81.59638,13391999.773406982,71.41492,-0.00010334552,0.00010093168,-0.27085754,1.3650596,-0.09010743,0.037420236,-0.02431383,0.21308994,0.044783473,0.113935575,0.014569273,0.11486331
24.728260869121893,35.15579704180788,79.23173,3887999.996137619,72.92841,-0.001044726,-0.0033469873,-0.23384982,0.82984346,0.59253675,0.030499626,0.1073685,0.34617093,-0.084286965,0.08423684,0.0390011,0.092827424
24.271739312019278,35.0833337340226,74.97577,14774400.478935242,73.21865,-0.16681406,-0.13275634,-0.07939292,1.7796371,-0.5854667,0.06932616,0.50175387,-0.32564855,0.11006187,0.15492071,-0.019479176,0.15614052
24.72463775080654,35.097825908808005,83.506035,16502399.989700317,71.97664,-2.0811237e-06,-3.01825e-05,-0.27938074,0.62521195,-0.5810297,0.18246382,0.08137706,0.28112656,-0.040790595,0.07565832,-0.098213926,0.12397644
24.619565229179578,35.18478278215484,82.255135,15983999.588012695,71.68655,-7.234538e-05,6.4502136e-05,-0.08589521,2.8315263,-1.3434219,0.017220322,0.42843157,0.31688836,0.34082845,0.104283884,-0.062455043,0.12155559
24.134057993885538,35.130434787333385,80.741425,12009600.164794922,71.765686,2.6506006e-05,-0.0001874964,0.01664456,-2.0890553,-0.22698739,0.29649502,0.14114895,-0.23645332,0.046263523,-0.14062616,-0.031886917,0.14419602
24.340579735906957,35.22101461745307,78.71513,11231999.562263489,72.16631,-0.0019355443,-0.001184098,0.21225388,3.1356487,0.19252995,-0.21860406,-0.15044945,0.19145653,0.026118811,0.16191953,0.0075673293,0.16209628
24.53985505838052,35.14492730981283,78.72631,8035200.193119049,72.70225,0.0014623369,-0.0025925552,-0.34838253,2.2580419,-0.011675747,-0.15334892,-0.013935454,-0.007556632,0.15995847,0.20231614,0.0039568334,0.20235482
24.003623304347823,35.192029209683014,80.788605,3456000.11844635,72.88047,0.00060466945,-0.0006188365,-0.025474533,-0.70889986,-0.82055324,0.19359398,0.49906427,0.16463812,0.7857376,-0.16888072,-0.16532552,0.23633286
24.72463775080654,35.097825908808005,83.506035,16156800.087547302,72.03743,2.2640766e-06,-3.229723e-05,-0.27658308,0.7288681,-0.46085823,0.18511832,0.048627246,0.28255478,0.03224873,0.081382446,-0.07223277,0.108814865
24.2137679164399,35.101449394680465,78.1842,10108800.15449524,71.9619,0.002990562,0.0036634447,0.306175,-1.3396537,-0.5154738,0.20813686,0.35673496,-0.069889255,0.34076273,-0.16496903,-0.07124401,0.17969555
24.43478277193275,35.06521686399416,78.38795,13910400.175094604,72.339386,-0.0020624152,-0.0031972232,-0.10530057,1.5777507,-0.44761717,-0.17677546,0.020450603,0.05530367,-0.021550499,0.1330347,-0.018783314,0.13435419
24.503623143558386,34.916666955294566,80.479385,6393599.835205078,71.83288,-0.00014924434,0.000317295,-0.31178725,0.96032655,0.57692647,-0.069241144,0.26879865,-0.041843414,0.14199492,0.15840988,0.078214996,0.17666714
24.800724541980035,35.0326085145684,80.91604,12700799.969100952,72.73356,-0.0006263324,0.00044592112,0.064419806,0.9736531,-0.031923376,0.15348175,0.11740323,0.014731139,0.32680094,0.2715024,-0.007048114,0.27159387
24.40217392316393,35.07246365433351,77.73675,17625600.494384766,73.30329,-0.017423963,-0.006719182,0.04704526,0.52171206,-0.5813814,0.008835234,0.09353308,0.29584298,0.044136643,0.15371394,-0.10787826,0.18779163
24.518115930392057,35.170290078269815,76.7112,9071999.899578094,73.1134,-0.0381962,-0.039034333,-0.5272275,3.0273137,-0.43306732,-0.16894564,0.3179995,0.018735558,0.5050273,0.2714873,-0.017773636,0.27206847
24.62318819070881,35.09782625650204,81.14894,2592000.0888347626,72.40929,0.00034834712,-0.00017151449,-0.21868461,-0.3602432,0.9065309,0.113906786,-0.1916875,-0.07773688,-0.098253526,-0.077300824,0.11894091,0.1418533
24.282608510179216,35.10869565592019,73.044136,6566399.786281586,72.91634,0.37293956,0.4822399,-0.65791816,1.3463943,0.26016837,0.28291926,0.054112263,-0.44022837,-0.16337642,0.20970698,0.035848618,0.212749
24.60144921950647,34.9456523441682,85.40489,11491199.7631073,72.22262,-6.639992e-06,-4.239854e-06,0.15750265,-2.1263468,0.114736065,0.6431993,0.3300626,-0.14207321,-0.10286414,-0.20402281,0.0103788255,0.20428663
24.655797039477626,35.09782643790763,82.953125,13996799.876403809,72.05199,-4.1147763e-05,2.9690507e-05,-0.15387005,1.4195727,0.24379615,-0.12674087,-0.041906573,0.31232437,0.3284213,0.14182553,0.008927825,0.14210625
24.358695745580064,35.14492749121842,79.46463,8639999.747657776,72.04553,0.0010508237,0.0012054052,-0.18016586,3.1383326,-0.3677752,-0.19626233,-0.24294502,0.075753324,0.23438081,0.117653966,0.002869256,0.11768895
24.202898613755877,35.17753635462667,82.22561,5184000.177669525,72.17411,5.445221e-05,6.1435334e-05,-0.6924144,1.3803108,0.19723976,0.53940064,0.54743063,0.4374557,-0.07628869,0.1316536,0.023571735,0.13374715
24.177536001617764,35.01449252133363,77.3516,1641599.9465703964,71.969154,0.0012800982,-0.0015031201,-0.1297659,-1.3833946,1.9303069,-0.20011383,-0.021120906,0.096741736,0.033472337,-0.11279459,0.18422554,0.21601313
24.731884091961334,34.88405773852335,82.62194,12527999.469566345,72.34318,-7.3982924e-06,-7.555528e-05,-0.4899515,1.2930942,-0.043504894,0.23293716,0.5787315,-0.16160119,-0.015745003,0.23251367,-0.04868215,0.23755537
24.579710091518006,35.06884069756067,84.24473,7257600.139045715,72.13699,1.4294643e-05,1.4653224e-05,0.35763937,0.20521338,0.33577013,0.11439611,0.2669633,-0.28956768,-0.20884007,0.058639884,0.05699984,0.081777856
24.60144921950647,34.9456523441682,85.40489,1728000.059223175,72.01266,-2.9298571e-06,-5.712552e-06,0.067311704,-0.3148871,0.7672521,0.009464666,-0.121023856,0.101888314,0.3332909,-0.14080432,0.2249761,0.26540554
24.586956589458925,35.03623181903528,81.050644,6220799.884128571,72.38568,0.0004049732,3.733022e-05,-0.11883333,1.1522174,0.51460177,0.11139147,0.295231,-0.09827008,-0.15770364,0.21842007,0.094158664,0.23785117
24.471014503837736,35.137681214861566,84.09494,16847999.891853333,71.3037,6.8582895e-06,6.7758797e-06,0.021985061,0.9792566,-1.4078699,0.056722507,0.0592018,0.15454087,0.37302837,0.0816363,-0.12699786,0.15097332
24.358695745580064,35.14492749121842,79.46463,12009600.164794922,71.84793,0.0009886774,-0.0010398581,0.10198167,1.7575698,0.15093806,-0.18490124,-0.20425847,0.0098996535,0.22013599,0.13121657,0.02279804,0.13318235
24.471014503837736,35.137681214861566,84.09494,3887999.996137619,72.604935,-3.1558146e-05,2.9762248e-05,0.106964216,0.51866746,-0.46078742,0.5243165,0.20838955,-0.07164406,-0.051344305,0.13479792,-0.086549506,0.16019143
24.409420264318722,35.137681214861566,85.684586,15120000.381088257,71.28704,2.3044222e-06,-2.2489203e-06,-0.14019665,1.453364,-0.18879619,-0.08466797,-0.044463083,0.059911065,0.5043516,0.16339499,-0.02436887,0.16520219
24.409420185925658,35.126811301460926,78.58091,5875199.981975555,72.38372,-8.2195416e-05,0.00085077016,-0.36291164,0.6998937,0.5773815,0.0140705295,-0.045849822,-0.13452771,-0.14144066,0.106598124,0.09686604,0.14403538
24.507246418659868,35.018115659512056,74.98295,18143999.79915619,74.2483,-0.03962104,-0.01699265,0.09134786,-0.40436083,0.015978921,0.17988124,-0.07223775,0.27289912,0.06246007,-0.20916808,-0.030545834,0.21138668
24.202898613755877,35.17753635462667,82.22561,7430400.090122223,71.8731,-8.586206e-05,8.319249e-05,-0.6938913,2.6325715,0.3019783,0.27296555,0.33284536,0.36922657,-0.15858105,0.16665053,-0.032006003,0.16969615
24.677536062942007,35.07971042955572,84.775665,16588799.691009521,72.07389,7.819572e-06,2.0194332e-06,-0.32258183,0.650426,-0.6957154,0.21156749,-0.017646126,0.27533677,-0.0033863485,0.047778632,-0.084496655,0.09706947
24.141304256647267,35.05072417522627,80.839714,11836799.665260315,71.85954,-0.0002477449,8.2571096e-05,-0.20660184,-2.609858,-0.27069575,0.21828231,0.22015011,-0.38289338,-0.061821245,-0.09346159,-0.031687286,0.09868714
24.33695651306752,35.26449269887389,75.24537,3801600.0205993652,72.3766,0.043401238,0.07462696,-0.23057726,1.0349388,-0.15788162,-0.044954658,-0.045491464,-0.13557428,-0.28566885,0.13225158,-0.013102459,0.13289905
24.17028990870767,35.119565206509655,75.23819,4579200.074672699,72.29036,0.03210984,-0.067802414,-0.7532747,0.39648628,0.30792773,-0.051382408,0.23633224,-0.071875,-0.28551435,0.13170266,0.096380755,0.16320184
24.365941903817713,35.11594190204278,77.940506,4924799.976825714,72.37771,0.006642904,0.00046066538,-0.3947934,0.3555348,0.7457706,0.080737956,0.26850143,-0.123617865,-0.23005125,0.14042857,0.14649843,0.20293342
24.880434869565217,35.11594208344836,73.60822,11231999.562263489,73.5099,0.4734681,0.7579343,0.25326878,-2.7404587,0.93932575,-0.18602479,-0.02124504,-0.0788238,-0.4069292,-0.2729654,0.11123004,0.29475793
24.171296292717127,35.10648163098043,78.049835,1814400.0347614288,73.02891,0.010822479,0.010413665,-0.22796911,-1.1818355,1.5723963,-0.034451663,0.24386004,0.3915656,0.3142086,-0.15750182,0.18241796,0.24100442
24.06159400092239,35.235507653915,77.223785,4147199.9227523804,72.32069,0.0030070036,-0.0031402067,-0.5931372,-1.1730077,-0.81472135,0.2888138,0.21056801,0.11616886,0.1617319,-0.123798534,-0.054180093,0.13513534
24.282608510179216,35.10869565592019,73.044136,16675200.489234924,73.0787,0.50572705,0.48486042,0.060994,1.9236528,-0.8228898,-0.08155962,0.12018384,0.17335713,0.12663117,0.15857394,-0.043353144,0.1643934
24.282608510179216,35.10869565592019,73.044136,8380800.095272064,72.83658,0.70033985,0.82909304,-0.34128797,2.0562959,0.14020401,0.088157445,0.07668726,-0.121437185,-0.18328169,0.20674673,0.017133825,0.20745549
24.85869584610084,35.31159408476158,76.05999,10627199.459266663,75.96697,0.521573,0.49307203,-0.43992668,2.4221685,-0.55395424,-0.09794555,0.28341454,0.10416697,0.39425752,0.21933785,0.0024935168,0.21935202
24.16304339770124,35.14130418675153,77.183464,6998399.938201904,72.20381,-0.010044652,-0.009643089,-0.29833782,-1.0990092,-0.64753413,0.3911751,0.628207,0.11453366,-0.08543993,-0.1976445,-0.17597866,0.2646353
24.514492864338745,35.152173737341,77.98083,345600.00498890877,72.4343,-0.0065874807,-0.0025524898,-0.08702797,-2.6216903,1.7423666,-0.22865835,0.1325463,-0.081619374,-0.029117107,-0.2279358,0.18230343,0.291872
24.068840433535758,35.17753635462667,82.62194,950400.0051498413,74.10279,0.0001808976,-0.00034975063,-0.1787208,-1.164343,-0.06604719,0.12744409,0.42361054,0.3367704,0.6183699,-0.22823505,-0.021302512,0.22922704
24.608695560661264,35.210145036629335,80.071884,11664000.262641907,72.48784,0.00029520408,0.0010712297,0.019780211,1.4475695,-0.033237822,0.13423467,0.22323829,0.13777778,0.09202788,0.20245562,0.0068709757,0.2025722
24.152173912100075,34.942029039701325,85.189964,15724800.484085083,72.33322,-3.5248945e-07,-1.8237664e-06,-0.17307259,-2.1383355,0.91202587,0.28286082,0.48487306,0.27640107,0.50773615,-0.08830612,0.040914275,0.09732394
24.782608584568965,35.06521774078783,85.492004,6307200.133895874,72.91274,8.149637e-06,1.3722819e-06,-0.33786035,1.2496142,0.31784123,-0.4129613,0.52991986,0.018391669,-0.1565617,0.20338124,0.0021216315,0.2033923
24.47463793572534,35.15579704180788,74.131996,864000.0296115875,72.28998,-0.18988253,-0.17357948,-0.07170293,-1.278728,0.35964483,0.5424556,0.8015989,0.15572178,0.25474086,-0.26883546,0.023276936,0.26984128
24.521739153231497,35.18115965909355,80.50853,9071999.899578094,72.37079,-0.00030801547,0.0005272262,0.059638217,2.4581594,-0.013315551,-0.027268976,-0.19453982,-0.017603114,-0.03630025,0.08006217,-0.006552575,0.080329865
24.57608686867857,35.22463755910878,78.28966,9331199.551963806,72.93874,-0.007955511,-0.005958589,-0.047916498,1.5883961,-0.22678247,0.21151662,0.48170814,0.02602949,0.12309064,0.14736173,-0.00834167,0.14759764
24.659420157792983,35.13768139626715,82.9603,17193599.794006348,71.65639,-2.4503384e-05,-3.2782675e-05,-0.0017817691,0.9194457,-1.7830713,0.13584562,0.4872698,0.3037271,0.0058429316,0.037850723,-0.13042681,0.13580807
24.579710091518006,35.06884069756067,84.24473,18230399.500465393,71.849144,6.188981e-06,1.4042463e-05,0.05022578,0.43750864,-1.3680475,0.16295269,0.005272761,0.12692255,-0.12785828,0.076539606,-0.22637814,0.23896731
24.5036234048686,34.94565269942081,84.86278,4406400.123596191,72.27345,-8.2716014e-07,1.1054162e-05,-0.23156977,-0.6061389,0.16215073,0.18289945,-0.0938826,0.08925273,0.32867724,-0.1827385,0.10452645,0.21052112
24.731883987437246,34.999999998854186,80.17734,5529600.07982254,73.006714,-0.0014584763,-0.00038938815,-0.29001296,1.2354265,0.30329204,0.34998456,0.38499856,-0.31970766,-0.17160857,0.098203525,0.039159056,0.10572305
24.655797039477626,35.09782643790763,82.953125,12873600.46863556,72.144135,4.7798927e-05,-3.39903e-05,-0.053233806,1.8027365,0.35629117,-0.21246046,-0.10556986,0.26579183,0.31425422,0.181555,0.019503715,0.18259959
24.409420264318722,35.097825908808005,75.01247,5356800.128746033,72.9346,0.152174,0.15325236,-0.17159049,0.86803806,0.32212263,-0.026202895,0.3049529,-0.1958012,-0.009702425,0.075554855,0.025053136,0.07960022
24.282608510179216,35.10869565592019,73.044136,15033599.582862854,73.00795,-0.9307703,-0.4129637,0.07677187,2.4924455,-0.42331654,-0.049725525,0.0914551,0.037474595,0.10968659,0.13179903,0.0028723157,0.13183032
24.409420264318722,35.097825908808005,75.01247,7948799.943351746,72.90277,0.14566731,0.09734714,-0.273431,3.1986485,0.0006963648,-0.16599768,0.19760543,0.0053084716,0.20848215,0.2582326,-0.031339068,0.2601273
24.579710091518006,35.06884069756067,84.24473,86400.00124722719,72.70987,-2.5770798e-05,2.8413659e-05,0.4206385,-0.7722953,0.62298435,0.31461224,-0.31663382,-0.3248372,0.012929065,-0.17794079,0.10099006,0.20460184
24.72463775080654,35.097825908808005,83.506035,3801600.0205993652,72.66867,4.3530064e-05,-5.5070082e-05,-0.29051912,0.49826372,0.995674,-0.101620995,0.23018256,-0.006009355,0.0072774068,0.12113524,0.25274378,0.28027338
24.16304339770124,35.14130418675153,77.183464,4060799.9472141266,72.50501,0.010213371,0.0147395525,-0.58738124,0.14750431,0.09693085,0.08843166,0.32604858,0.037916377,0.07921776,0.066251345,0.01800662,0.06865478
24.49275373635028,34.95652190987481,78.13308,6998399.938201904,72.64575,-0.0030497503,-0.005764627,0.06169422,1.4372258,-0.34901536,0.02616471,-0.12048844,-0.17083538,-0.045397326,0.22415635,-0.043000445,0.22824351
24.518115930392057,35.170290078269815,76.7112,8639999.747657776,73.08107,-0.032042705,0.002909984,-0.5361335,2.8474216,-0.3540305,-0.19540888,0.32122496,-0.008354433,0.47259018,0.24760604,-0.018134987,0.24826926
24.351449221508126,35.36231895652174,77.53338,2851200.015449524,72.10587,-0.007098942,-0.00163552,0.23626561,-0.82331693,0.8562708,0.13027881,-0.12924767,0.06349807,0.375061,-0.109491006,0.11733501,0.16048609
24.15942034471344,35.02536261613985,84.04098,7430400.090122223,72.576,3.0155232e-05,8.884294e-06,-0.09189664,-1.2786953,-0.5098345,0.3917491,0.13895032,0.20266771,-0.06896457,-0.128873,-0.046929803,0.13715196
24.2137679164399,35.101449394680465,78.1842,3801600.0205993652,72.533966,-0.0039740466,-0.0022915937,-0.3324036,-0.8190181,0.643252,0.15938008,0.37077942,0.10464306,0.18376961,-0.09102584,0.083862595,0.123768486
24.286231733018653,35.16304365074164,82.86601,2851200.015449524,72.663246,7.370879e-05,6.1561914e-05,-0.15035771,0.46888462,-0.40974122,0.10353613,0.47918123,0.3864516,-0.15972337,0.07691517,-0.046435438,0.08984538
24.641304357168043,34.938405387540406,81.3883,4492800.099134445,71.78744,-0.00016024477,-8.098099e-05,-0.23552966,0.80619645,0.37162346,0.074615985,0.5477627,0.14062835,0.1383797,0.1326374,0.11435757,0.17512947
24.43478251062254,35.050724689208764,81.254395,3715200.0450611115,72.23164,0.00017257786,0.0002636746,0.09850277,-0.34663498,0.7491184,0.03309218,-0.10650613,0.06280658,-0.0033235177,-0.09136879,0.12813601,0.15737565
24.579710091518006,35.06884069756067,84.24473,10627199.459266663,71.97067,1.4923601e-05,1.0471728e-05,0.30037493,1.7453008,-0.026343308,-0.062543906,0.20778117,0.26697174,0.0166112,0.109981515,0.021588797,0.11208037
24.40217392316393,35.07246365433351,77.73675,13910400.175094604,72.517075,-0.0075104563,-0.008516199,-0.08806764,1.6691934,-0.5644257,-0.1963405,0.01757922,-0.07801857,-0.003990531,0.13351406,-0.025719486,0.13596873
24.728260869121893,35.15579704180788,79.23173,2419199.8635292053,72.66397,0.0019870072,0.002308563,-0.161962,0.20523661,0.55782896,0.0642436,0.006986879,0.16826902,-0.15507156,0.043463744,0.093097515,0.10274359
24.623188347494935,34.98550731008629,86.27349,13651199.974250793,72.56506,4.2890388e-06,4.2632646e-06,0.051032722,-0.57265025,-0.40967137,0.4364985,-0.022116601,-0.011467971,-0.086804636,-0.09557009,-0.08407597,0.12728868
24.15942034471344,35.02536261613985,84.04098,18230399.500465393,71.05248,-1.2321944e-06,8.103885e-06,0.046812825,-0.7385953,1.4795618,-0.016379006,-0.062386565,0.47413313,0.6758427,-0.13512714,0.29279608,0.32247308
24.177536001617764,35.01449252133363,77.3516,7257600.139045715,72.08397,0.00050057465,-0.005204392,-0.11018626,-1.982702,0.17543592,0.36901614,0.23343202,0.09089328,0.4251534,-0.1636332,0.010402717,0.16396353
24.528985389862203,35.079710263267266,73.800804,6307200.133895874,73.82306,0.97075164,0.96620303,0.027566679,1.436183,0.052853264,-0.04192245,0.4019653,-0.05174058,0.3172888,0.22206435,0.018590886,0.22284119
24.40217392316393,35.07246365433351,77.73675,13132799.572563171,72.51969,-0.0050759343,-0.008900201,-0.14973089,1.7482618,-0.5221528,-0.22113284,-0.048716284,-0.12534663,0.084835626,0.1371328,-0.0281148,0.13998516
24.278985653174068,35.159420527680346,80.15937,7516799.791431427,72.00951,-0.0005650854,0.00040118452,-0.26495174,1.9578205,-0.13170627,0.173682,0.07570604,0.1183747,0.06801675,0.046634912,-0.00682831,0.047132164
24.409420185925658,35.126811301460926,78.58091,3887999.996137619,72.53473,-0.0014637333,-0.0029046077,-0.4169284,-0.16053255,1.4046794,0.032308917,0.010993689,-0.16716293,-0.3698888,-0.0133818695,0.22020517,0.22061141
24.507246627708035,35.15217355593542,72.15966,9590399.752807617,73.504326,0.2690623,0.26432818,-0.3915491,3.435678,-0.1331371,0.106881335,-0.07579448,0.19822693,0.36172545,0.14204003,0.02157999,0.14367
24.626811465810288,35.05797113185407,83.9315,9158400.149345398,72.130844,-1.7020187e-05,2.3538481e-05,0.24896298,1.6349373,0.15712196,-0.120822676,0.28973934,0.026627336,-0.20666295,0.1411799,0.011040365,0.14161094
24.626811465810288,35.05797113185407,83.9315,18403200.0,72.02788,1.0618872e-05,1.6503926e-05,-0.016447544,0.6121163,-1.1218979,0.049147032,0.0070089996,0.18638557,-0.33292538,0.11521091,-0.15944321,0.19671221
24.409420185925658,35.126811301460926,78.58091,18403200.0,72.75232,-0.0034140376,0.0013162644,-0.11888387,0.632589,-0.40840828,0.22963393,-0.0011603162,0.027587712,0.23488629,0.23803379,-0.08211508,0.25179946
24.365941903817713,35.11594190204278,77.940506,1382400.019955635,72.85486,0.010194862,-0.005496944,-0.16366343,-1.8260198,1.7934546,-0.015013948,0.21614668,0.07144778,-0.26055118,-0.16682352,0.14311396,0.2197992
24.503623143558386,34.916666955294566,80.479385,1814400.0347614288,71.54562,0.00015297165,-3.3976186e-05,-0.31041214,-0.5538351,1.0564992,-0.012915902,-0.20879987,0.016281229,0.18409705,-0.12253665,0.19383767,0.22932135
24.85869584610084,35.31159408476158,76.05999,12355200.066947937,76.13007,0.5210339,-0.81736124,-0.3917551,0.9913926,-0.2965691,-0.033928998,0.14351475,-0.009471081,0.27420187,0.26620448,-0.0777297,0.27732062
24.282608510179216,35.10869565592019,73.044136,10195199.855804443,72.90366,0.8679548,0.82349443,-0.031827368,2.2585735,0.027334742,0.029256731,0.09291901,0.061393023,-0.06782041,0.14744149,0.010076288,0.1477854
24.32608705359737,35.05434782738719,80.59564,9849599.953651428,71.900604,-5.92111e-05,0.0003932853,0.026775472,-1.2759931,-0.7750415,0.20553565,0.07786265,0.13321054,0.19817919,-0.082703434,-0.052742425,0.09808986
24.3985509616347,35.079710263267266,82.39983,14601599.979400635,71.494995,-1.470353e-05,4.0326773e-05,-0.123467386,1.1739917,-0.84230983,-0.15722477,0.033809032,0.13342576,-0.123875506,0.12489888,-0.07013194,0.14324182
24.659420157792983,35.13768139626715,82.9603,16761600.190544128,71.71914,-3.762197e-05,-3.7218106e-05,-0.06289338,1.1405503,-1.6500217,0.09448218,0.42891404,0.32871822,0.0826543,0.047125313,-0.11732414,0.12643476
24.49275373635028,35.04710138474188,79.64641,14687999.680709839,72.31441,0.0013313615,0.0013479841,-0.40952164,2.156845,-0.534369,0.032230582,0.1383304,0.13656078,0.0042185374,0.17050603,-0.028477013,0.17286772
24.43478251062254,35.050724689208764,81.254395,17452799.99485016,71.86589,0.00015535887,0.00015809137,-0.10824646,1.2989587,-1.4918675,0.16611856,0.18309616,-0.07494057,-0.07507528,0.09060237,-0.117548935,0.1484134
24.06159400092239,35.235507653915,77.223785,14774400.478935242,72.56416,-0.01499126,0.009452699,0.29423177,-2.0707207,0.091359995,0.02571452,-0.036646463,-0.13310081,-0.034481026,-0.12988786,0.007374211,0.13009702
24.52536253285706,35.05797113185407,79.99595,7948799.943351746,72.33501,-0.00021783054,0.0008400418,-0.11044976,2.000545,-0.20003581,-0.13604936,-0.0051162615,0.057246737,-0.06281336,0.1902938,-0.029300919,0.19253643
24.286231733018653,35.16304365074164,82.86601,13391999.773406982,71.129456,-2.0049038e-05,-2.4762749e-06,-0.18631361,1.4377023,0.15645993,-0.0700737,-0.0015848055,0.197707,0.21305409,0.13299273,0.042169526,0.13951822
24.40579730278949,34.98550712868071,82.545616,1036799.9806880951,72.52886,-2.5432133e-05,-0.0001072043,-0.12501739,-0.7528868,0.9222677,0.17154005,-0.4648252,-0.2771284,0.5104173,-0.19461723,0.16925149,0.25791845
24.409420342711783,35.02898555779556,73.23672,2159999.936914444,73.30622,0.9204932,0.79451406,-0.1294714,0.28543556,-0.20963737,0.5220927,0.45691845,-0.22100246,0.49922764,0.09643566,-0.06945286,0.11884248
24.3913043591697,35.05434799367564,86.750465,16329599.49016571,71.56322,7.6587855e-07,-1.1329647e-06,-0.047223415,0.47121137,-0.1895631,0.3841068,-0.41002727,-0.24882987,0.62896854,0.16073665,-0.060117703,0.17161122
24.24275355543479,35.275361916886446,83.709785,4752000.025749207,72.47205,-2.4798832e-05,-3.3752396e-05,-0.42830962,-0.26226473,1.3308623,-0.018005654,-0.08420352,-0.19436568,0.081498146,-0.028681582,0.2096448,0.21159767
24.586956589458925,35.03623181903528,81.050644,8035200.193119049,72.37966,0.00037003815,8.851388e-05,0.11046472,2.0128503,0.17539348,-0.14494425,0.3419646,0.02126772,-0.18187496,0.24717668,0.03616832,0.24980885
24.507246418659868,35.018115659512056,74.98295,6652800.036048889,73.6413,-0.18072149,-0.21795839,-0.18434201,1.6701405,-0.3179332,0.15498027,0.12317437,-0.14371598,0.13812631,0.26596898,-0.050569765,0.2707338
24.507246418659868,35.018115659512056,74.98295,8985600.19826889,73.80301,-0.33209473,-0.33140656,-0.078765534,1.737263,-0.26346892,-0.015496582,-0.024069667,0.019122701,0.2083168,0.20802636,-0.05903449,0.2162407
24.282608510179216,35.10869565592019,73.044136,3801600.0205993652,73.07695,0.8788618,0.90733653,-0.66695535,-0.11446993,0.4844439,0.39985427,0.039744355,-0.5089932,-0.03634803,-0.043940388,0.17260623,0.17811139
24.3913043591697,35.05434799367564,86.750465,15120000.381088257,71.733635,-1.1115621e-06,-6.0381717e-07,-0.043484032,0.59262025,-0.3723209,0.3127457,-0.16656354,-0.1956434,0.4506993,0.21735652,-0.10850368,0.24293396
24.49275373635028,35.04710138474188,79.64641,2073599.9613761902,72.032555,0.0010425118,-0.0006493991,-0.110171355,-1.1213907,1.151983,-0.0637837,0.05613108,0.019743584,-0.074849084,-0.12508482,0.17381044,0.2141408
24.293478074173446,35.130434424522214,78.52256,8553600.046348572,71.90408,0.0022788513,0.0020350618,0.020746745,1.8960122,-0.5104255,-0.07607291,0.27357483,0.20026016,0.30888516,0.13594648,-0.02262727,0.13781668
24.586956589458925,35.03623181903528,81.050644,7430400.090122223,72.41345,0.0004087146,0.0004154858,0.04655549,1.6977997,0.2763946,-0.053343244,0.34434626,-0.033659093,-0.18699175,0.25747907,0.050349746,0.2623558
24.442029139218562,35.043478080275,76.86345,1900800.0102996826,72.16325,0.012497433,0.013814158,-0.14534877,0.002406925,0.44445133,0.26254457,0.31881577,0.026812013,0.11679838,0.004840056,0.08102568,0.08117011
24.068840433535758,35.050724689208764,75.1399,15120000.381088257,72.35082,0.036825206,-0.033643067,0.39071316,0.96437067,-0.68430644,0.12941165,0.7585551,0.2631411,-0.09909203,0.18794402,-0.15496907,0.24359468
24.282608510179216,35.10869565592019,73.044136,15811200.185394287,73.032455,0.94953823,0.980108,0.06634991,2.298085,-0.6196155,-0.072148345,0.10418,0.10612077,0.11425233,0.13362749,-0.019211745,0.13500147
24.003623304347823,35.192029209683014,80.788605,14515200.27809143,72.08208,-0.00035775223,-4.8212147e-05,0.46466714,-2.0629203,0.116497636,0.27340776,0.38084942,-0.241837,-0.19418648,-0.15031187,0.025469262,0.15245439
24.576087129988778,34.96376817111452,80.53768,5270399.878978729,72.00736,0.00027070558,-0.0001586934,-0.17612313,0.76648515,0.41220695,0.029063705,0.53589284,0.045221213,-0.018864356,0.10573219,0.07014951,0.12688676
24.518115930392057,35.170290078269815,76.7112,1814400.0347614288,72.71,0.026985424,0.026966557,-0.09010957,-1.2750487,1.2180789,-0.2632076,0.08200825,-0.10463745,-0.031624436,-0.13989438,0.15437244,0.20832975
24.141304256647267,35.05072417522627,80.839714,9849599.953651428,72.29221,-0.00036296807,-0.00044243544,-0.06291895,-2.8392358,-0.17520112,0.36451164,0.21301588,-0.18271694,0.076924324,-0.17047073,-0.024624227,0.17224
24.731883987437246,34.999999998854186,80.17734,2937599.9909877777,72.15375,-0.0006916424,-0.000328568,-0.11111485,-0.12998252,0.8498647,0.21351749,0.21843058,-0.15165174,-0.20937797,-0.030322349,0.13683352,0.14015298
24.43478277193275,35.06521686399416,78.38795,11491199.7631073,72.44717,-0.004030625,0.0025076729,-0.20127545,1.7507277,-0.31662047,-0.35159498,-0.19177231,0.027511455,0.22664711,0.13044,-0.02640973,0.13308668
24.586956589458925,35.03623181903528,81.050644,10627199.459266663,72.259224,-3.5781537e-05,0.0002060872,0.07771365,2.3870134,0.09722947,-0.29834887,0.27572754,0.35592666,-0.011763353,0.14575683,0.016632387,0.14670272
24.365941903817713,35.11594190204278,77.940506,3110399.9420642853,72.49074,0.00066288805,0.006871065,-0.4226929,-0.43363243,1.3367271,0.094954014,0.16917895,-0.10696565,-0.31496683,-0.05047161,0.1777145,0.18474258
24.623188347494935,34.98550731008629,86.27349,13737599.675559998,72.573586,4.0980694e-06,4.316521e-06,0.04810679,-0.5156185,-0.42695248,0.4325379,-0.030038767,-0.0039459616,-0.09637072,-0.08586379,-0.08888667,0.12358572
24.423912946628306,35.13405791039468,84.735344,11923200.463485718,71.76261,6.751669e-06,1.6017826e-06,-0.09315462,2.1816397,-0.026485324,-0.35310507,0.037668824,0.43165582,0.1313161,0.18019453,-0.013581635,0.18070564
24.782608584568965,35.06521774078783,85.492004,14774400.478935242,72.79675,1.0089423e-05,3.9081874e-06,-0.11427331,2.0745277,-0.07676078,-0.04056219,-0.24309704,0.2845778,0.1118661,0.21337733,0.0054328805,0.21344648
24.235507135886934,35.09782643790763,86.62735,4147199.9227523804,72.21474,-1.1032739e-06,4.0850743e-08,-0.5120257,0.8779817,-0.7789256,-0.014505178,0.14621925,0.26230717,-0.47503945,0.22204785,-0.19878468,0.29802784
24.60144921950647,34.9456523441682,85.40489,691200.0099778175,71.94353,-3.3527722e-06,-5.3575077e-06,0.16641499,-0.5668563,0.9774949,0.08848761,-0.27994224,-0.032363646,0.28592202,-0.18022801,0.28043345,0.33335423
24.373188532413735,34.85507217391305,83.68782,14774400.478935242,72.41598,-3.8386377e-05,-2.6330064e-05,-0.3651349,-0.5125855,-0.3935448,0.083782196,-0.010796405,-0.27726713,0.18269315,-0.14257616,-0.119244374,0.18586871
24.503623143558386,34.916666955294566,80.479385,17107200.092697144,72.60533,0.00074146234,0.0004889354,-0.2880091,0.48794574,0.7500422,-0.20959628,-0.03006234,0.10818338,-0.17691165,0.043462537,0.094675235,0.104174815
24.171296292717127,35.10648163098043,78.049835,10368000.35533905,72.167046,0.0006634947,0.0048868046,0.3440565,-2.3851972,-0.52635497,0.36096427,0.3099579,-0.18291944,0.23089015,-0.2977647,-0.05626168,0.30303332
24.242753659958876,34.931159481553294,83.59315,1123200.0247836113,73.40316,-8.3735395e-06,6.137476e-05,-0.03656681,-0.2329434,0.09838262,0.33195353,0.28122237,0.07283595,0.7512385,-0.22599503,0.02165265,0.22702995
24.619565229179578,35.18478278215484,82.255135,9158400.149345398,72.21319,-8.45792e-06,-9.0383044e-05,0.2172787,2.9214816,-0.4463306,-0.011199206,-0.23436546,-0.0028146952,-0.10799908,0.13571213,-0.023549335,0.13774016
24.40579730278949,34.98550712868071,82.545616,14860800.180244446,72.21343,-5.6676105e-05,-1.4645007e-05,-0.111896336,-0.074293986,-0.8182291,0.13932496,0.16389184,-0.17759931,-0.24383411,-0.015379791,-0.13832551,0.13917789
24.33695651306752,35.26449269887389,75.24537,5184000.177669525,71.84445,0.044951934,0.045507833,-0.35777754,2.2111158,0.08151012,-0.06084495,-0.12784556,-0.21068859,-0.18777847,0.22608423,0.02915102,0.22795583
24.423912946628306,35.13405791039468,84.735344,8812800.247192383,72.05122,5.932847e-07,-1.0526679e-05,-0.08486469,2.6397135,-0.2157574,0.015547052,0.1265955,0.099335,0.07369698,0.12904677,-0.015930343,0.13002633
24.53985505838052,35.14492730981283,78.72631,2246400.0495672226,72.56127,0.0005012625,-0.00073742,-0.28782853,-0.85921,1.496276,-0.34792653,-0.09733429,-0.08033734,-0.29074395,-0.05601328,0.15404432,0.16391198
24.134057993885538,35.130434787333385,80.741425,3628800.0695228577,73.25428,0.00031481305,0.0010416475,-0.31019446,-0.28124726,-0.18781057,0.49298537,0.47473153,0.5567283,0.38118088,-0.134966,-0.062175076,0.14859866
24.409420264318722,35.097825908808005,75.01247,4233599.898290634,72.92696,-0.12466437,-0.11962661,-0.14193872,0.368513,0.28928787,0.10037103,0.35774562,-0.19992718,-0.016968127,0.032380942,0.05335562,0.06241272
24.53985505838052,35.14492730981283,78.72631,7430400.090122223,72.67977,0.00368715,-0.004091604,-0.32996005,1.947004,0.13720019,-0.15342715,-0.0142979175,-0.028142646,0.08039062,0.20277652,0.004342969,0.20282301
24.55072462237475,35.07608730649443,88.70044,6480000.084972382,72.426025,2.3628397e-07,-9.8701946e-08,0.14233282,2.3157663,-0.21628368,-0.23302916,0.11803296,0.15944073,-0.25566077,0.12680906,-0.0053829425,0.12692326
24.3985509616347,35.079710263267266,82.39983,10627199.459266663,71.68753,-1.9445275e-05,5.0135855e-05,0.02411446,0.50199795,-0.5570753,0.20926186,0.123807564,0.38179293,-0.06222488,0.08755595,-0.09930958,0.132395
24.518115930392057,35.170290078269815,76.7112,7775999.992275238,73.03753,0.017524023,0.026354115,-0.46555012,2.1219563,-0.12135204,-0.25991172,0.32765692,-0.062620275,0.36260092,0.16491498,-0.005278454,0.16499943
24.57608686867857,35.22463755910878,78.28966,14687999.680709839,72.992,-0.0084362365,-0.005122148,-0.050337814,1.9037192,-0.39055443,0.07747637,0.2296457,0.29620385,0.13810408,0.102906235,-0.024121772,0.10569557
24.579710091518006,35.06884069756067,84.24473,8294399.845504761,72.0281,8.4752555e-06,1.2885049e-05,0.38232374,0.7938926,0.08997807,0.112559244,0.4025091,-0.16693422,-0.1872418,0.09080171,-0.0064464365,0.091030255
24.409420264318722,35.097825908808005,75.01247,8899199.948501587,72.936966,-0.14501213,-0.1539846,-0.122232646,3.1632817,-0.15803507,-0.17480439,0.15473476,0.07063731,0.2535991,0.27828792,-0.039942876,0.28113982
24.068840433535758,35.050724689208764,75.1399,14860800.180244446,72.35005,0.06274122,0.038353693,0.40327942,0.85619813,-0.6827992,0.13257003,0.736611,0.22712228,-0.101585306,0.17807028,-0.16889311,0.24542597
24.202898613755877,35.17753635462667,82.22561,259199.99517202377,73.28533,-0.00026773487,0.00025272518,-0.145026,-0.57163,0.0047191195,0.086018294,0.4809017,0.39557314,0.4575141,-0.2524457,-0.07468082,0.26326042
24.16304339770124,35.14130418675153,77.183464,8121599.894428253,72.04244,-0.0011994715,0.0074503836,-0.017744265,-1.6401348,-0.7092425,0.44173297,0.5617917,0.12934607,-0.028022267,-0.22487211,-0.06461147,0.23397031
24.880434869565217,35.11594208344836,73.60822,10627199.459266663,73.49762,-0.46598434,0.54943794,0.26488572,-2.9905493,0.91398215,-0.093143634,0.033323042,-0.08685284,-0.36878762,-0.29622886,0.09936028,0.3124484
24.06159400092239,35.235507653915,77.223785,7171199.889278412,72.34346,0.0022110047,-0.008591362,-0.30551672,-3.8108356,-1.1918175,0.95282876,0.4456537,-0.14468151,0.010508738,-0.15728061,-0.051480882,0.16549161
24.068840433535758,35.050724689208764,75.1399,9504000.051498413,72.99161,0.024901371,-0.013047507,-0.27799278,-2.66947,-0.29742396,0.49516478,0.41395184,-0.053522922,0.20771843,-0.28773266,-0.044770118,0.29119486
24.278985653174068,35.159420527680346,80.15937,4147199.9227523804,72.56308,-0.001057347,-0.0005862968,-0.42808115,0.7559899,0.5550664,0.43065068,0.27284467,0.14240256,-0.06891753,0.105578326,0.08980685,0.13860755
24.242753659958876,34.931159481553294,83.59315,15724800.484085083,71.49844,2.3683485e-06,1.5789037e-05,-0.40567327,-0.3766755,0.030470464,0.10158214,0.21897322,0.17247039,0.5861661,-0.21340135,0.0016903945,0.21340804
24.579710091518006,35.06884069756067,84.24473,18143999.79915619,71.849754,7.939828e-06,1.4025987e-05,0.044595376,0.45875198,-1.3611442,0.16177575,0.005824961,0.13114133,-0.12411233,0.07580078,-0.22391629,0.23639853
24.641304357168043,34.938405387540406,81.3883,15983999.588012695,72.392075,0.00027134866,-6.658262e-05,-0.3748039,0.48995948,0.12005301,-0.032258295,0.11265039,0.20248222,-0.16508862,0.1177445,0.004885647,0.11784582
24.358695745580064,35.14492749121842,79.46463,9244799.850654602,71.98137,0.0010805549,-0.00059548405,-0.114823,3.2696414,-0.38529038,-0.26850513,-0.26021066,0.072672136,0.25789234,0.11726227,0.0047697695,0.117359236
24.340579657513896,35.072464168316,77.031204,16329599.49016571,73.11889,0.011558976,0.029353388,-0.19753085,0.7634161,-0.47656298,-0.1016101,0.36896357,-0.02239462,0.007718239,0.19130094,-0.13930471,0.23664711
24.17028990870767,35.119565206509655,75.23819,1036799.9806880951,72.852425,0.027470397,-0.02947462,-0.41531962,-0.22617291,1.6926725,-0.20463985,-0.056254752,0.31909442,0.04778327,0.001638248,0.2828013,0.28280604
24.264492787947336,35.06521739309379,75.914215,9763200.252342224,72.12219,-0.0062273997,0.025376685,-0.14201546,1.2808344,-0.0004991833,0.043186985,0.38626257,0.0069754794,0.23087037,0.17087148,-0.002438569,0.17088889
24.15217408195171,35.09782609021359,90.079155,10454400.056648254,73.66217,9.095337e-08,1.1363677e-07,-0.15636039,1.3619996,0.57847255,0.0775155,0.17341498,0.14817283,0.0046260096,0.15330303,0.08760951,0.17657079
24.572463802625258,35.028985391507106,77.31845,4147199.9227523804,72.18252,0.0070270253,-0.0063892603,-0.1539632,0.40401316,0.2536171,0.26768878,0.2624578,-0.05968062,-0.221852,0.09336255,0.08656341,0.12731767
24.46739112421217,35.10507235145331,77.031204,9763200.252342224,72.85756,-0.018009976,-0.017382475,-0.33818954,2.6983986,-0.29306138,-0.34898755,-0.05482862,0.0059896708,0.45129973,0.25389305,0.0055580377,0.25395387
24.659420157792983,35.13768139626715,82.9603,10454400.056648254,72.18666,-7.768723e-06,-3.2683314e-05,0.1321498,2.629374,-0.57870746,-0.18448514,-0.15543771,0.13792853,0.03399967,0.11296311,-0.035866972,0.118520476
24.268116089179838,35.07971042955572,81.07262,2851200.015449524,72.9491,0.0005446608,0.00063310255,-0.10877762,-0.47460127,0.15875326,0.20460752,0.37776694,0.29920766,0.10047488,-0.18558611,0.063909195,0.19628191
24.46739112421217,35.10507235145331,77.031204,2073599.9613761902,72.29936,0.011257579,0.014048796,-0.20461383,-0.77044487,1.1059141,-0.11749623,0.31243372,0.0056720823,-0.055155292,-0.06499959,0.12915725,0.14459094
24.282608510179216,35.10869565592019,73.044136,14083199.577713013,72.99722,-0.9529884,-0.9131896,0.08161661,2.5530589,-0.2029913,-0.01063709,0.073483095,-0.029477715,0.10599345,0.16417366,0.015063638,0.16486329
24.586956589458925,35.03623181903528,81.050644,17279999.49531555,72.43952,0.00024601037,4.9913822e-05,-0.12262728,1.3035693,-1.1788394,0.053419486,0.3301741,0.11692898,-0.25475052,0.15937543,-0.13105509,0.20633943
24.55434784521419,35.039855304907746,78.730316,5875199.981975555,72.539505,0.003426172,0.0023000198,-0.37919456,1.7675923,0.11854185,0.11497861,0.21476904,-0.10360522,-0.17306265,0.17234841,0.015864374,0.17307702
24.623188347494935,34.98550731008629,86.27349,9244799.850654602,72.39116,2.2675247e-06,1.6733253e-06,0.4018476,-1.9258687,-0.14857963,0.49469903,0.38686365,-0.0008857772,0.34996036,-0.14031072,-0.050989144,0.14928828
24.608695560661264,35.210145036629335,80.071884,8639999.747657776,72.68649,-5.7591027e-05,0.0012755002,0.08677246,1.7813761,0.15021347,0.14201227,0.06957211,0.0023808032,8.82186e-05,0.14803843,0.030501317,0.15114796
24.336956356281394,35.12681217825459,78.56935,6047999.933052063,72.17224,0.003131242,0.0022420501,-0.33145183,0.9692897,0.21826594,0.086853966,0.25643802,-0.0034858435,-0.051415503,0.15197358,0.084506184,0.17388864
24.85869584610084,35.31159408476158,76.05999,5356800.128746033,75.989494,-0.73336214,-0.9026221,0.064124286,0.13271412,-1.1168119,0.17950308,0.49633098,0.5036847,0.19930992,0.01933068,-0.17587882,0.17693794
24.507246418659868,35.018115659512056,74.98295,7689599.742507935,73.74705,0.20178197,0.31756756,-0.20810589,1.8051832,-0.24927883,0.08017994,0.066236034,-0.10965606,0.17389646,0.2713887,-0.053586427,0.27662852
24.242753659958876,34.931159481553294,83.59315,6480000.084972382,72.52255,-2.0128322e-05,-1.5097856e-06,0.03685432,-2.6421347,-0.68626285,0.6063664,0.53251743,-0.18597203,0.16755372,-0.1049489,-0.025017455,0.1078895
24.336956356281394,35.12681217825459,78.56935,17798399.897003174,72.33722,0.0015501858,0.0012248512,-0.27869523,0.58935934,-0.056313056,-0.05950079,0.2992124,0.044655457,0.3647817,0.28177136,-0.01958003,0.28245085
24.442029139218562,35.043478080275,76.86345,14169600.375938416,73.11489,0.01826412,-0.010681928,-0.1540917,1.3747531,-0.3423813,-0.06873002,-0.1115823,0.044067256,-0.026741683,0.13955027,-0.015581613,0.14041746
24.880434869565217,35.11594208344836,73.60822,6307200.133895874,73.513664,0.49979475,-0.32564417,0.20650612,-1.5127016,-0.52406615,0.5832891,0.061297614,0.146984,-0.24313349,-0.17435883,-0.058232956,0.18382622
24.51086948471318,35.141304337922854,75.965324,3887999.996137619,72.73063,0.05021624,0.05113491,0.026827894,-0.046238437,0.27798837,-0.25757992,0.3976149,0.08017523,-0.015104674,-0.036904223,0.16707051,0.17109786
24.373188349496587,35.09782609021359,73.044136,1728000.059223175,73.12933,-0.9120021,-0.85672563,-0.31610593,0.16385657,0.16729616,0.58067876,0.57933325,-0.17079893,0.3405605,0.13447608,0.15474023,0.20500818
24.525362323808892,35.01449270273921,80.76379,10281599.557113647,72.142,0.00041563917,-0.00017896148,0.11370741,1.863354,-0.30235267,-0.25828975,0.21149358,0.3484314,-0.08935819,0.13271101,-0.018061453,0.13393441
24.068840433535758,35.050724689208764,75.1399,10972800.458335876,72.83395,0.011993493,-0.05740036,0.072131336,-2.1154056,-0.4308982,0.36313376,0.45908874,-0.04672405,0.1497893,-0.25453398,-0.07161853,0.26441777
24.134057993885538,35.130434787333385,80.741425,11318400.360488892,71.90864,0.00033314343,6.1188824e-05,-0.0054687634,-1.9301107,-0.29060936,0.33622372,0.16747677,-0.19955969,0.046555456,-0.114202395,-0.02160114,0.11622735
24.134057993885538,35.130434787333385,80.741425,10713600.257492065,72.04701,0.00019581334,0.00038075252,-0.02867541,-1.8469481,-0.3020519,0.3732819,0.19994897,-0.1521864,0.048394322,-0.14669755,-0.017378628,0.14772335
24.409420342711783,35.02898555779556,73.23672,2764800.03991127,73.269104,0.96609855,0.9696135,-0.120493956,0.32247594,-0.1546356,0.4434564,0.36374456,-0.2516588,0.41630656,0.13432717,-0.055741787,0.14543362
24.40217392316393,35.07246365433351,77.73675,12009600.164794922,72.54465,-0.00725938,-0.0043991776,-0.17871787,1.7602134,-0.40936035,-0.2676303,-0.1410059,-0.13215038,0.2238194,0.1491725,-0.025579128,0.15134968
24.423912946628306,35.16304383214723,83.815254,4924799.976825714,72.40217,2.1870415e-05,-1.5397567e-05,-0.23531911,1.7681782,-0.5505746,0.3756538,0.3107547,-0.025106572,-0.019272346,0.13245358,-0.03619131,0.13730898
24.3985509616347,35.079710263267266,82.39983,14169600.375938416,71.4871,-1.933386e-06,4.0128354e-05,-0.13049388,1.0329155,-0.73993033,-0.12418633,-0.0020624176,0.17401677,-0.12862423,0.1398807,-0.08008746,0.16118503
24.423912946628306,35.16304383214723,83.815254,9935999.654960632,71.81675,6.2482395e-06,-1.893532e-05,-0.13880366,3.6019292,-0.15771273,-0.27414724,-0.066114984,0.25682652,0.04075353,0.115551665,-0.008700154,0.11587873
24.068840433535758,35.17753635462667,82.62194,7430400.090122223,71.79353,-5.760729e-05,-4.541785e-05,-0.5317579,2.583344,0.14420174,-0.16112152,0.30108058,0.23963588,-0.06601673,0.11457712,0.023592861,0.11698093
24.800724541980035,35.0326085145684,80.91604,17020800.39138794,72.86346,0.0006461413,0.0005120302,-0.22592875,0.65222585,-0.035485998,-0.017236672,0.13074681,-0.075375594,-0.001861114,0.1677147,-0.031993043,0.1707389
24.626811465810288,35.05797113185407,83.9315,13305600.072097778,72.07585,3.7071488e-06,-2.2654549e-05,-0.017608829,1.3504767,0.2370813,-0.09233064,-0.036487155,0.39883325,0.1416629,0.096764356,0.002171468,0.09678872
24.340579735906957,35.22101461745307,78.71513,15983999.588012695,72.307175,-9.6521035e-05,0.0029833175,-0.050381996,0.53770876,-0.089414075,-0.14249209,-0.024078056,0.06972135,0.0969916,0.1498103,-0.013951795,0.15045856
24.278985574781007,35.18478260074926,85.36457,864000.0296115875,72.51284,-5.1189513e-06,4.8137017e-06,-0.27017856,0.20533717,-0.9798388,0.17563361,0.60683876,0.21713287,-0.19499046,0.013432771,-0.1555251,0.15610413
24.579710091518006,35.06884069756067,84.24473,17193599.794006348,71.89807,3.5910393e-06,1.4462671e-05,-0.007822916,0.69412285,-1.2456268,0.13669124,-0.0030240342,0.19087875,-0.07133559,0.071148805,-0.16813016,0.1825648
24.572463802625258,35.028985391507106,77.31845,12700799.969100952,73.43394,0.004891151,-0.016870994,-0.10806939,1.377154,0.0118622575,-0.23661956,0.0035995916,0.3984412,0.5132287,0.1414453,0.019244133,0.14274842
24.880434869565217,35.11594208344836,73.60822,2764800.03991127,73.63686,0.92272246,0.61300045,-0.031647187,-0.14289825,-1.1502341,0.569624,-0.1862508,0.013442196,-0.0031526461,0.0020890206,-0.15905683,0.15907055
24.40217392316393,35.07246365433351,77.73675,1036799.9806880951,72.56926,-0.0056560542,-0.008216391,-0.029855281,-1.797153,1.3008538,0.058555268,0.33955267,0.124964945,-0.13161466,-0.1987409,0.1470845,0.24724846
24.141304256647267,35.05072417522627,80.839714,5961600.231742859,72.573235,-1.1186081e-05,-0.00047954713,0.1419442,-1.105317,-0.15470509,0.38248777,0.23821247,0.4032549,0.4460915,-0.1582332,-0.011794287,0.15867215
24.623188347494935,34.98550731008629,86.27349,7603200.0411987305,72.20481,2.1025564e-06,-2.7211886e-06,0.4566629,-1.7986934,0.046099342,0.32566956,0.042296257,0.114824906,0.25213787,-0.10329579,-0.018325452,0.104908735
24.40217392316393,35.07246365433351,77.73675,6480000.084972382,72.316315,0.0073751686,-0.0059266416,-0.2945183,1.2232139,0.26272786,-0.044778913,0.14226791,0.07409557,0.062421784,0.14598551,0.044242408,0.15254232
24.728260869121893,35.15579704180788,79.23173,9849599.953651428,73.205635,0.0037478495,0.0018173906,-0.070274964,1.2949399,-0.28052866,0.10831055,0.5669556,0.2603843,0.13443848,0.14168562,-0.041224726,0.14756115
24.659420157792983,35.13768139626715,82.9603,9331199.551963806,72.243614,-2.1851485e-05,-4.2339412e-05,0.060900956,3.1257281,-0.5553229,-0.15123254,-0.112302236,0.09666354,-0.17133063,0.119352035,-0.024923783,0.12192663
24.003623304347823,35.192029209683014,80.788605,7948799.943351746,72.54267,-3.1417945e-05,-0.00012600608,0.049414128,-3.319555,-0.5821999,0.42976922,0.44273916,-0.14817628,0.129716,-0.118987314,-0.052768413,0.13016331
24.57246390714934,35.13405809180027,82.83649,12355200.066947937,71.87209,-7.744397e-06,3.7990518e-05,0.025125667,1.8696749,0.19380176,-0.16123942,-0.15632775,0.31897792,0.045861814,0.18617252,-0.021455795,0.1874048
24.423912946628306,35.13405791039468,84.735344,13824000.4737854,71.56803,-4.2333213e-06,4.603902e-06,-0.13451786,2.1614974,-0.23506819,-0.33724713,0.040157914,0.36822915,0.2513529,0.15232727,-0.035229433,0.15634803
24.358695745580064,35.14492749121842,79.46463,4319999.873828888,72.58683,-0.0008182727,0.0018308877,-0.40183103,0.35992694,1.0552986,0.20999748,-0.0034063533,-0.08230849,-0.31884396,0.06429065,0.18134347,0.19240254
24.40217392316393,35.07246365433351,77.73675,11059200.15964508,72.49183,-0.00708557,0.005763863,-0.16716862,1.7478921,-0.2979663,-0.3153741,-0.16832894,-0.08234801,0.30663437,0.16970214,-0.018921139,0.1707537
24.728260869121893,35.15579704180788,79.23173,10108800.15449524,73.21385,0.0040537966,0.0028530087,-0.07452053,1.1958942,-0.1849795,0.09936083,0.53326726,0.26696682,0.15632373,0.13103427,-0.035482146,0.13575332
24.365941903817713,35.11594190204278,77.940506,1900800.0102996826,72.70743,0.008013392,0.008350646,-0.2715499,-1.3293054,1.6766973,0.021116104,0.1897123,0.010845315,-0.28636348,-0.14908679,0.15896693,0.21793889
24.572463802625258,35.028985391507106,77.31845,18057600.097846985,74.025276,0.0035828261,0.038800146,0.15001929,0.16516154,-1.0907533,0.25679368,0.12704001,0.009129867,0.12177216,0.03567561,-0.10478441,0.11069111
24.481884276880134,35.21376834109622,79.042,7775999.992275238,72.5126,-0.0027646255,-0.002080522,-0.06888785,2.5940306,0.38982075,-0.100173034,-0.24147666,-0.15697992,0.01958041,0.18038319,0.03333106,0.18343678
24.782608845879178,35.07246365433351,80.82854,4233599.898290634,72.801506,0.00012470946,0.00010146504,-0.4987988,0.14960015,0.81953233,0.24045965,0.20689604,-0.17564857,-0.103552155,0.040496796,0.1132994,0.120319344
24.06159400092239,35.235507653915,77.223785,18230399.500465393,73.544785,0.032923274,0.015519185,-0.2016829,-1.8076124,1.3662989,-0.19428715,-0.45273346,-0.016386762,-0.19068763,-0.14897068,0.1928586,0.24369387
24.57246390714934,35.13405809180027,82.83649,3369599.8686790466,72.86338,1.1759453e-05,9.39981e-05,0.0057495683,-0.34369648,0.6044781,0.3913046,-0.11460457,-0.16764963,0.04208266,-0.08177397,0.16378264,0.1830621
24.55434784521419,35.039855304907746,78.730316,12355200.066947937,72.78169,-0.0031907742,0.0044642473,-0.21350689,2.2312462,-0.07112926,-0.3310036,0.097558066,0.39737657,0.3473065,0.18995972,-0.0022623735,0.18997319
24.40579730278949,34.98550712868071,82.545616,4492800.099134445,72.05131,-3.108715e-05,-5.1104777e-05,0.08078939,-0.68046796,0.18152124,0.3726542,0.13927314,0.10198116,0.41764417,-0.16337384,0.04966797,0.1707569
24.626811465810288,35.05797113185407,83.9315,11664000.262641907,72.06757,-7.2096195e-06,-2.028322e-05,0.16107874,1.7272991,0.19267114,-0.18987253,0.0166695,0.3457496,0.069734015,0.13065286,0.011966369,0.13119972
24.365941903817713,35.11594190204278,77.940506,10108800.15449524,72.22009,0.0057498515,-0.0042547565,-0.01398021,2.246184,-0.25273073,-0.3433347,-0.0153892785,-0.03770878,0.40405467,0.17809637,0.014378205,0.17867582
24.442029139218562,35.043478080275,76.86345,16502399.989700317,73.637886,0.037585255,-0.003780744,0.20295171,0.51556903,-0.76566505,-0.059505217,0.05088542,0.3129256,-0.086316966,0.08793666,-0.07906575,0.11825502
24.52536253285706,35.05797113185407,79.99595,6220799.884128571,72.32935,0.00059503585,0.0009790688,-0.23996708,1.5119318,0.1824666,0.042320367,0.059353158,-0.01500158,-0.14128044,0.20050775,0.007606525,0.20065197
24.514492864338745,35.152173737341,77.98083,5097599.927902222,72.69944,-0.0005989105,-0.0044872854,-0.18570565,0.22388181,0.7953282,-0.29971638,0.0385294,-0.0832108,-0.20826429,0.07366845,0.13834521,0.15673685
24.278985653174068,35.159420527680346,80.15937,18143999.79915619,71.5108,0.00039611442,-0.00027284006,-0.20581391,-0.74742496,0.5130094,-0.107410096,0.30252278,-0.08922099,0.4260331,-0.15292251,0.14449842,0.2103927
24.152173912100075,34.942029039701325,85.189964,1382400.019955635,73.43226,4.865879e-06,9.809448e-07,-0.0050066784,-0.3210094,0.28879547,0.22429451,0.19707295,0.2576619,0.20770952,-0.16524956,0.11650956,0.20219271
24.85869584610084,35.31159408476158,76.05999,11318400.360488892,76.0305,0.67901015,-0.407501,-0.4248575,1.8346646,-0.44987726,-0.064699106,0.23005891,0.0179292,0.39464372,0.2683409,-0.0130674755,0.26865888
24.514492864338745,35.152173737341,77.98083,8121599.894428253,72.74981,-0.008950108,-0.008955944,-0.43798685,2.3444061,-0.1137639,-0.20885137,0.031136524,-0.057465203,0.27905,0.19110031,-0.008975135,0.19131096
24.177536001617764,35.01449252133363,77.3516,12182399.56741333,72.308914,0.0020307726,0.0104951095,-0.1897471,-1.4376053,-0.5855586,0.41882274,0.45091438,-0.503789,-0.071128406,-0.17111762,-0.092602395,0.19456732
24.822463669968496,35.11956556932083,79.471794,10713600.257492065,73.185425,0.0032479994,0.0024557377,0.11771384,0.14478081,-0.19816922,-0.09055702,0.2116226,0.34793475,0.115276635,0.008340206,-0.08062155,0.08105179
24.57246390714934,35.13405809180027,82.83649,10799999.95880127,72.00406,5.6870147e-05,3.0739917e-05,0.2702999,2.1619008,-0.12429824,-0.084453456,-0.13820848,0.21259579,-0.059290156,0.132727,-0.019169101,0.1341041
24.15217408195171,35.09782609021359,90.079155,6134400.182819366,71.99447,7.11236e-08,-4.4522373e-08,-0.2929356,2.6263359,1.1057853,-0.33942837,-0.24785951,0.20166683,-0.42813015,0.13415976,0.04289761,0.14085115
24.340579657513896,35.072464168316,77.031204,2764800.03991127,72.2716,0.012517177,-0.0012211651,-0.21924846,-0.30462515,0.9939219,0.18553418,0.23745883,-0.04586149,-0.14386865,-0.05334487,0.15941712,0.1681056
24.15942034471344,35.02536261613985,84.04098,4492800.099134445,72.459496,-2.4587833e-05,2.8653089e-05,-0.13477704,0.7458974,-0.5058477,0.11605804,-0.09197704,0.27367613,-0.014008492,0.18230149,-0.09427706,0.20523645
24.40217392316393,35.07246365433351,77.73675,8812800.247192383,72.40997,-0.006009468,-0.008152748,-0.23070271,2.0224617,-0.18436204,-0.26581427,-0.07180873,0.13305421,0.32846794,0.16111316,-0.026279537,0.16324235
24.282608510179216,35.10869565592019,73.044136,9504000.051498413,72.858284,-0.5420433,0.790022,-0.10907291,2.1938581,0.066304296,0.040046945,0.094178826,0.028002374,-0.1177971,0.16357636,0.019581078,0.16474418
24.340579735906957,35.22101461745307,78.71513,1123200.0247836113,73.56179,-0.00889355,-0.006871704,-0.15018514,-2.3807771,1.3696636,0.1823785,-0.14690882,-0.36972272,-0.11974827,-0.20218967,0.08863455,0.220764
24.608695560661264,35.210145036629335,80.071884,9417600.350189209,72.56469,0.0009939016,0.0009625721,0.12515453,1.627507,-0.083638,0.12664592,0.14622375,0.056992225,-0.002262313,0.105330646,-0.0056246477,0.105480716
24.286231733018653,35.16304365074164,82.86601,1987199.9858379364,72.84608,9.301807e-05,0.000119000455,-0.04992565,0.31874478,-0.39176434,0.033598695,0.49497208,0.39855212,-0.038209617,0.09514486,-0.061511837,0.11329718
24.271739312019278,35.0833337340226,74.97577,16934399.593162537,73.769745,0.33244738,0.3371023,-0.22648956,1.9774735,-0.9800892,-0.035953388,0.38305187,-0.07172578,0.114313,0.23472652,-0.07385382,0.24607098
24.068840433535758,35.17753635462667,82.62194,1900800.0102996826,73.152916,0.00014573763,-0.00018998918,-0.15212399,-0.7642831,-0.33890873,0.16632223,0.4567415,0.36966944,0.5490737,-0.17186001,-0.1208501,0.21009667
24.481884276880134,35.21376834109622,79.042,5702400.030899048,72.77457,-0.001789808,0.0016147658,-0.17253709,1.0859473,0.99893093,-0.10898527,-0.40752888,-0.15015525,-0.18201599,0.13241436,0.1071833,0.17035793
24.822463669968496,35.11956556932083,79.471794,2505600.113296509,72.5843,-0.0006186184,0.0012609198,-0.1356554,0.54061913,0.43832892,0.29901195,0.024418984,-0.051526293,-0.42406395,0.14680234,0.13387951,0.1986823
24.49275373635028,34.95652190987481,78.13308,17366400.293540955,73.68058,-0.017909806,-0.0016744173,-0.21280049,-0.5216022,0.41641718,-0.105313145,-0.08137459,0.12787181,-0.13432291,-0.12882677,0.12762111,0.18133804
24.880434869565217,35.11594208344836,73.60822,15120000.381088257,73.62695,-0.30454805,-0.44791844,0.21442361,0.28873122,-0.92305523,-0.04677312,-0.1279689,0.105061695,-0.6245461,0.045258947,-0.20202892,0.20703636
24.800724541980035,35.0326085145684,80.91604,3801600.0205993652,72.400566,0.00032606503,0.00029331894,-0.29886365,-0.10268451,1.1223212,0.30449572,0.11522722,-0.25696126,-0.16112602,-0.013556646,0.14154856,0.14219627
24.677536062942007,35.07971042955572,84.775665,4665599.775981903,72.459015,-1.1978753e-05,-9.773902e-06,0.03016705,0.97819287,0.6310957,-0.24710882,0.021168597,0.078365535,-0.19292769,0.121703155,0.04707237,0.13048933
24.72463775080654,35.097825908808005,83.506035,1555199.9710321426,72.54297,4.967672e-05,5.052805e-05,-0.10279267,-0.50783557,0.6136429,0.030250512,0.20173332,-0.053165108,0.0846673,-0.0984635,0.09290201,0.13537298
24.659420157792983,35.13768139626715,82.9603,10108800.15449524,72.191284,-9.6214635e-06,-4.2074775e-05,0.12258616,2.7572577,-0.6282514,-0.1773434,-0.14338204,0.13300332,-0.030729294,0.10854833,-0.03886629,0.11529669
24.46739112421217,35.10507235145331,77.031204,10108800.15449524,72.87293,0.022157982,-0.005735548,-0.2944085,2.580646,-0.28443694,-0.35315472,-0.06860583,0.007124774,0.4501046,0.25068364,0.0077843177,0.25080448
24.373188349496587,35.09782609021359,73.044136,11059200.15964508,73.22228,0.85006005,0.82659304,0.048979357,2.6757262,0.013057444,0.17838797,-0.13504931,0.021200955,0.03372023,0.1422602,0.0092748515,0.14256223
24.641304357168043,34.938405387540406,81.3883,10540799.757957458,72.475845,0.00032025058,-0.000268562,-0.013679549,2.6902251,-0.023937492,-0.2969587,0.37849346,0.24201712,-0.03724961,0.23348437,-0.016981712,0.23410112
24.286231733018653,35.16304365074164,82.86601,13046399.871253967,71.1477,-9.058698e-06,-1.36577055e-05,-0.2161898,1.8171661,0.15702355,-0.08407091,-0.006922424,0.23540261,0.199983,0.13952075,0.026388902,0.14199442
24.271739312019278,35.0833337340226,74.97577,12009600.164794922,72.69847,0.12828195,0.028960539,-0.09227504,1.7681382,-0.28743422,0.11330247,0.33794215,-0.39579636,0.20121914,0.14967754,0.0022348894,0.14969423
24.55072462237475,35.07608730649443,88.70044,10195199.855804443,72.39868,2.9574147e-07,-1.368488e-07,-0.041045822,1.7455275,0.3767258,-0.7395825,0.22451657,0.25069693,0.30734348,0.11543882,0.037622027,0.12141473
24.278985653174068,35.159420527680346,80.15937,4579200.074672699,72.448555,-0.00029209716,-0.00053175265,-0.4360336,0.83888024,0.4481153,0.4356261,0.2654319,0.12963036,-0.08313193,0.12827279,0.07093758,0.1465812
24.16304339770124,35.14130418675153,77.183464,16934399.593162537,72.96748,-0.022233896,-0.020228986,0.096561015,-0.43364733,0.32888162,-0.036235392,0.25483814,0.10804863,-0.13667405,-0.06224251,0.10101299,0.11864971
24.373188349496587,35.09782609021359,73.044136,259199.99517202377,72.86303,0.48353666,-0.37020075,-0.30054075,0.13068475,0.33561194,0.6944448,0.57290834,0.03535872,0.5453648,0.006685622,0.07228653,0.072595045
24.068840433535758,35.17753635462667,82.62194,12527999.469566345,71.69612,-4.3735803e-05,3.596673e-05,-0.18552744,-0.35225105,0.17455173,0.23938909,0.30042088,-0.13886312,0.008736603,-0.08863558,0.058705,0.106313415
24.528985389862203,35.079710263267266,73.800804,3023999.9665260315,73.21013,0.5781591,0.49007738,0.26768333,0.06345391,-0.38285094,0.16869804,0.8138666,0.074970655,0.52876574,0.009334344,-0.14839485,0.14868814
24.275362351941567,35.02173896397893,79.32639,13996799.876403809,71.85958,-0.00041405228,0.0007397142,-0.3835919,-0.2033418,-0.405003,0.15014791,0.19740377,-0.21902663,-0.09896668,-0.028330894,-0.09610024,0.1001893
24.503623143558386,34.916666955294566,80.479385,13305600.072097778,71.99552,-0.00045185193,0.00047403036,-0.34548485,0.98353416,0.40975106,-0.16604385,-0.12764636,-0.035893418,-0.26237494,0.14488962,0.020871084,0.14638513
24.40579730278949,34.98550712868071,82.545616,13391999.773406982,72.132286,-7.203915e-05,-3.3320204e-05,-0.15305127,-0.51200175,-0.4830407,0.20567968,0.05621764,-0.15281186,-0.28868288,-0.08010114,-0.06358735,0.102271914
24.33695651306752,35.26449269887389,75.24537,4147199.9227523804,72.21038,0.02271509,0.062841214,-0.2605517,1.3429163,-0.1064399,-0.050517134,-0.06689509,-0.15835172,-0.26360333,0.16503087,0.0033747586,0.16506536
24.409420185925658,35.126811301460926,78.58091,259199.99517202377,73.03514,0.0035221253,0.003934581,0.006979786,-2.9707575,2.057594,-0.20434237,0.14658388,0.06795695,-0.2908773,-0.25778177,0.18432309,0.31690133
24.507246418659868,35.018115659512056,74.98295,18316800.298690796,74.27509,0.51141554,0.52832764,0.06894626,-0.37705302,0.008578107,0.16459781,-0.06451283,0.2672623,0.053254284,-0.20379907,-0.021552905,0.20493557
24.623188347494935,34.98550731008629,86.27349,3974399.971675873,72.43644,3.715576e-06,2.0773177e-06,0.25748748,-0.7913134,0.35298735,-0.021749966,-0.086811,0.26089916,0.121249996,-0.16173181,0.07279448,0.177359
24.728260869121893,35.15579704180788,79.23173,12268800.365638733,73.35867,-0.004843886,-0.0012814808,-0.20402692,0.49944097,0.6715214,-0.007371351,0.14801568,0.3428413,0.2497586,0.056363266,0.08072301,0.09845315
24.264492787947336,35.06521739309379,75.914215,2073599.9613761902,72.563065,0.04720814,0.034844983,-0.09746581,-1.2557861,1.7440939,-0.11782759,0.13707924,0.02019129,-0.076183096,-0.10023803,0.19427583,0.21861097
24.481884276880134,35.21376834109622,79.042,15983999.588012695,72.4867,-0.0022725833,0.0014075479,0.09608859,0.5691312,-0.5542485,0.0851333,0.045290288,0.34299177,-0.078553125,0.075461455,-0.06612142,0.10033182
24.75362311542571,35.148550251468535,82.31272,18316800.298690796,71.80821,-5.8092905e-05,-2.0778567e-05,-0.07756333,-0.2894612,-0.85006714,0.31358492,0.46732047,0.14887798,-0.2977656,-0.0024717092,-0.29794192,0.29795218
24.731884091961334,34.88405773852335,82.62194,7775999.992275238,72.290665,8.613434e-05,-5.3658365e-05,-0.2957033,1.8362194,-0.18361044,0.13418038,0.36511394,0.459167,0.2683776,0.19951348,0.011792524,0.19986169
24.16304339770124,35.14130418675153,77.183464,13910400.175094604,72.33917,-0.012498045,0.0013520946,0.25777096,-1.0658195,-0.09339003,0.18803042,0.30070758,-0.10201534,0.11527348,-0.13406126,-0.0068716356,0.13423726
24.43478277193275,35.06521686399416,78.38795,0.0,72.50973,0.004303578,-0.004483169,0.07309227,-2.651718,1.0901083,0.005384296,0.3879406,0.14160053,-0.14587694,-0.38228604,0.15149204,0.41120854
24.423912946628306,35.13405791039468,84.735344,14428799.479866028,71.47485,-2.7585247e-06,6.2243803e-06,-0.13555089,2.000872,-0.38306183,-0.2759754,0.030508604,0.2937361,0.30793792,0.1457991,-0.04259122,0.15189269
24.507246418659868,35.018115659512056,74.98295,13651199.974250793,73.758224,-0.3219091,-0.2546055,-0.17471291,0.9657117,0.29330134,0.23516285,-0.24227482,0.24818298,0.25440687,0.1275748,0.020971173,0.12928697
24.40579730278949,34.98550712868071,82.545616,3628800.0695228577,72.111,8.092819e-05,1.0715162e-06,0.0065650567,-0.5440073,0.36034614,0.3516912,-0.0101873875,0.05243838,0.5065283,-0.11447469,0.09537103,0.14899695
24.068840433535758,35.17753635462667,82.62194,10540799.757957458,71.45915,-3.6090045e-05,-4.0038136e-05,-0.36284244,0.7480779,0.18129465,0.09209294,0.24263653,-0.03880743,-0.07716799,0.12310847,0.03894091,0.12912044
24.800724541980035,35.0326085145684,80.91604,4147199.9227523804,72.553604,0.0004318701,0.00036398743,-0.36052924,0.0027750283,1.1082922,0.31527552,0.14018914,-0.29123032,-0.13070673,-0.008545326,0.119830176,0.12013448
24.43478251062254,35.050724689208764,81.254395,10540799.757957458,71.820816,-1.01802525e-05,8.359613e-05,-0.0036157966,0.69470674,-0.53808427,0.0003488809,0.09061955,0.3351799,-0.09567604,0.10096377,-0.06129418,0.118112914
24.521739153231497,35.18115965909355,80.50853,2159999.936914444,73.0545,0.0010471249,-0.00040266576,-0.3847667,-0.9889779,1.4035578,-0.029229932,-0.38060796,-0.024067327,-0.18587574,-0.1204942,0.1731731,0.21096866
24.202898613755877,35.17753635462667,82.22561,16847999.891853333,71.489075,5.3208543e-05,5.674624e-05,0.045688912,-1.6520259,1.5440412,0.18168464,-0.25107762,-0.27448663,0.36393702,-0.0917774,0.13307433,0.16165355
24.53985505838052,35.14492730981283,78.72631,1814400.0347614288,72.54369,0.003785534,0.0034189462,-0.26499623,-1.2425227,1.5519884,-0.3534497,-0.05668012,-0.07950903,-0.26981437,-0.06664634,0.13382797,0.14950472
24.731883987437246,34.999999998854186,80.17734,4665599.775981903,72.828125,-0.00079358416,0.0013272746,-0.2885998,0.55669355,0.5810727,0.35147488,0.32251364,-0.29589075,-0.21914348,0.08286781,0.08898565,0.121595725
24.068840433535758,35.050724689208764,75.1399,1382400.019955635,71.732285,-0.036767818,-0.016662346,-0.5292114,-0.71734816,2.6157515,-0.14714527,-0.054034658,0.40635672,-0.1366699,-0.014685006,0.16205293,0.16271694
24.268116089179838,35.07971042955572,81.07262,15638399.68585968,71.13362,0.00010819623,-1.725679e-05,-0.48945785,0.7458177,-0.19121094,-0.010138392,0.2211226,-0.070964254,0.21163207,0.17617264,-0.009254395,0.17641555
24.822463669968496,35.11956556932083,79.471794,950400.0051498413,72.11162,-0.0012321201,0.00065218285,-0.026001591,0.462089,0.5468834,0.18743336,-0.052233137,-0.030876309,-0.24417701,0.11425628,0.18131748,0.21431409
24.75362311542571,35.148550251468535,82.31272,1900800.0102996826,72.4334,8.449148e-05,4.3840322e-05,-0.19445121,-0.5946184,0.95105356,0.12952109,0.28654695,0.013137843,-0.026118964,-0.09843734,0.20271844,0.22535455
24.507246418659868,35.018115659512056,74.98295,12700799.969100952,73.75739,-0.24336538,-0.22561447,-0.17604515,1.4667059,0.115351275,0.14027509,-0.2365705,0.2523552,0.269108,0.1840873,-0.0104967095,0.18438631
24.51086948471318,35.141304337922854,75.965324,4579200.074672699,72.89209,0.027077813,0.013168191,0.012859888,0.06529245,0.16355161,-0.29822758,0.42394438,0.07310338,-0.0026150942,0.04549792,0.11988416,0.12822743
24.202898613755877,35.17753635462667,82.22561,7516799.791431427,71.857445,-8.254305e-05,8.4732936e-05,-0.68533224,2.671054,0.29597223,0.2570198,0.3238594,0.36486807,-0.15681031,0.1699059,-0.032338455,0.17295603
24.003623304347823,35.192029209683014,80.788605,9935999.654960632,72.06821,0.00017392398,0.00037584768,0.26648378,-3.1711755,-0.5408154,0.50017226,0.42107078,-0.2652811,-0.16162357,-0.19576398,-0.0075672935,0.19591019
24.641304357168043,34.938405387540406,81.3883,2851200.015449524,71.622894,-4.7909557e-06,0.00011288238,-0.27350932,-0.14668407,0.8435968,0.1333249,0.20229578,0.053242706,0.30827367,0.018237447,0.15690935,0.15796565
24.15217408195171,35.09782609021359,90.079155,11836799.665260315,73.525276,2.0751457e-07,3.0074813e-07,0.036078632,0.83110964,0.10323531,0.4028226,0.3801004,0.09991287,0.1285724,0.19752556,0.026749946,0.19932865
24.46739112421217,35.10507235145331,77.031204,17193599.794006348,73.846016,0.048526872,-0.050046857,0.29677927,1.0020617,-0.8526868,0.18109453,-0.26449373,0.18878432,-0.09111921,0.11674329,-0.057076436,0.1299489
24.365941903817713,35.11594190204278,77.940506,12700799.969100952,72.33019,-0.005978103,-0.005064319,0.016237736,1.9151398,-0.329767,-0.18195018,-0.048135586,-0.21726626,0.26265672,0.16669007,0.008370185,0.16690008
24.47463793572534,35.15579704180788,74.131996,2592000.0888347626,72.712456,0.23690575,0.19445719,0.058635756,-0.44379187,-0.05899026,0.24020243,0.82070446,0.12889197,0.089589186,-0.17918117,-0.048377663,0.18559712
24.85869584610084,35.31159408476158,76.05999,604799.9658823013,75.307335,-0.48001957,-0.30800542,0.41725153,0.061875775,-1.1400065,0.19832161,0.4783303,-0.10542708,0.1407964,0.011638351,-0.14292109,0.14339417
24.43478277193275,35.06521686399416,78.38795,5529600.07982254,72.2066,-0.0028332167,0.0037647747,-0.26603234,0.6753205,0.49296498,-0.034723848,0.08835149,-0.057673268,-0.060255952,0.1024775,0.12298507,0.16008425
24.85869584610084,35.31159408476158,76.05999,13910400.175094604,76.068275,-0.96399885,-0.24992487,-0.3270694,-0.01989904,-0.1297519,0.03677431,0.07386517,0.05758559,0.03699957,-0.025186645,-0.04450077,0.051133998
24.655797039477626,35.09782643790763,82.953125,6134400.182819366,72.494514,-3.358604e-05,1.3527626e-05,-0.23966505,0.60287815,0.7947888,-0.05492259,-0.04650618,-0.15373656,-0.21472007,0.11769117,0.11794332,0.16661884
24.518115930392057,35.170290078269815,76.7112,3369599.8686790466,72.779816,-0.026761513,-0.020266699,-0.09199204,0.008487433,0.79401696,-0.41127208,0.09826668,-0.0026076138,-0.14074308,0.004259521,0.14153184,0.14159593
24.3913043591697,35.05434799367564,86.750465,4319999.873828888,72.35489,2.0679045e-06,1.2416606e-06,0.280275,-1.375753,-0.70559466,0.65337926,-0.29401147,-0.03700947,-0.098481216,-0.089962855,-0.06318464,0.10993459
24.521739153231497,35.18115965909355,80.50853,4924799.976825714,72.70019,-0.00067033357,0.00087518187,-0.33476615,1.4101229,0.609003,0.12112762,-0.2200028,-0.12543431,0.004322443,0.12399338,0.027401252,0.12698498
24.60144921950647,34.9456523441682,85.40489,14256000.07724762,72.551926,5.747264e-06,8.374131e-06,0.0527568,-0.63410676,-0.34432632,0.4865235,-0.03251805,-0.14619502,-0.41516346,-0.10990917,-0.078695275,0.13517755
24.576087129988778,34.96376817111452,80.53768,518399.99034404755,71.672195,-5.6018238e-05,0.00025036008,-0.014547288,-1.8969796,1.4395945,-0.038750812,-0.3017994,-0.004473351,0.39891648,-0.18760699,0.14058065,0.23443401
24.16304339770124,35.14130418675153,77.183464,345600.00498890877,73.54707,0.034450054,0.032913756,-0.2049286,-0.08808647,1.4070375,-0.12559903,-0.032458253,0.50904816,0.14816386,-1.0536364e-05,0.17687523,0.17687523
24.85869584610084,35.31159408476158,76.05999,11491199.7631073,76.05465,0.99446785,-0.6644882,-0.42019272,1.6890321,-0.4237392,-0.058944695,0.21518338,0.0058725476,0.38305983,0.27799398,-0.023835598,0.27901396
24.282608510179216,35.10869565592019,73.044136,17452799.99485016,73.17928,-0.6970092,-0.8676659,0.0593393,1.5118872,-0.9797937,-0.07565112,0.1307498,0.20845231,0.14689326,0.17056683,-0.06681262,0.1831856
24.278985574781007,35.18478260074926,85.36457,14342399.778556824,71.32247,3.0337658e-06,-2.94824e-06,-0.004197277,0.48367614,0.42780274,-0.056004338,-0.096423395,0.07277358,0.37510717,0.055890806,0.051310115,0.07587167
24.365941903817713,35.11594190204278,77.940506,604799.9658823013,73.00864,-0.00390867,-0.011731182,0.0071108043,-2.6064544,1.9154075,-0.053490557,0.26006725,0.1592136,-0.21445748,-0.18298535,0.10649199,0.21171722
24.572463802625258,35.028985391507106,77.31845,9590399.752807617,73.33412,0.0019446621,-0.013402704,-0.16030619,2.690843,-0.38770795,-0.25112393,-0.036563635,0.17386289,0.34920424,0.1938461,-0.047207244,0.1995115
24.822463669968496,35.11956556932083,79.471794,9676799.454116821,73.435585,0.0029505615,0.0043129763,0.12429698,0.7714322,-0.5795023,-0.06550137,0.41730088,0.33567843,0.018028427,0.113984406,-0.1292621,0.17234017
24.358695745580064,35.14492749121842,79.46463,17193599.794006348,71.9124,0.00033059032,-0.0010761512,-0.18575296,0.3127494,-0.09489727,0.05758416,0.3037776,0.10398849,0.38524356,0.15685447,-0.037259016,0.16121899
24.442029139218562,35.043478080275,76.86345,4060799.9472141266,72.30293,0.011093,-0.0076148473,-0.22719827,0.73009634,0.38728195,0.1296383,0.19843653,-0.10980902,-0.0026465245,0.11775409,0.08872295,0.14743741
24.75362311542571,35.148550251468535,82.31272,12355200.066947937,72.49531,-1.478431e-05,4.9043632e-05,-0.23101522,1.8387344,-0.1995156,-0.022419266,-0.07708993,0.07425834,0.561761,0.13574018,-0.02126277,0.13739541
24.15217408195171,35.09782609021359,90.079155,11318400.360488892,73.64071,3.2217744e-07,2.5660313e-07,-0.037014984,1.028358,0.274755,0.29119188,0.31850877,0.11791791,0.08675819,0.18276559,0.0577837,0.19168259
24.275362351941567,35.02173896397893,79.32639,7775999.992275238,72.12523,0.0015168036,3.946265e-05,0.26045865,-2.4478223,-0.22766502,0.26492494,0.26098958,0.10410765,0.4811002,-0.1443756,-0.023861362,0.14633414
24.268116089179838,35.07971042955572,81.07262,15983999.588012695,71.10151,0.00012487815,8.587295e-06,-0.5005909,0.789765,-0.13740802,-0.024256483,0.23647043,-0.03147833,0.2772763,0.19727635,-0.007020842,0.19740124
24.731884091961334,34.88405773852335,82.62194,5702400.030899048,72.10431,-7.109818e-05,4.6507073e-05,-0.14136432,1.175401,0.008123003,0.20955634,0.24069932,0.43259436,0.32596764,0.23865657,0.025615135,0.24002728
24.409420185925658,35.126811301460926,78.58091,6307200.133895874,72.33348,0.0018345066,0.0033963728,-0.36455733,1.0409015,0.38441807,-0.016839191,-0.08044074,-0.10444439,-0.06298259,0.11031699,0.06533123,0.1282108
24.53985505838052,35.14492730981283,78.72631,4319999.873828888,72.61033,0.0040325224,0.003383487,-0.27904233,0.42860037,1.0509418,-0.25000164,-0.073154695,-0.08029903,-0.26730624,0.06494321,0.17950286,0.19088975
24.623188347494935,34.98550731008629,86.27349,2159999.936914444,72.471375,5.3428306e-07,2.23723e-06,0.24379985,-0.34992826,0.5526085,0.07462586,-0.15194818,0.12316118,0.29991695,-0.14892602,0.20432536,0.2528395
24.365941903817713,35.11594190204278,77.940506,9590399.752807617,72.22726,0.0057880706,0.0039225393,-0.062378604,2.3734834,-0.2414858,-0.33983377,0.021587625,0.022378568,0.3956315,0.1614643,0.016536426,0.16230889
24.06159400092239,35.235507653915,77.223785,5875199.981975555,72.26148,0.010663775,0.011171534,-0.49542135,-2.742436,-1.1351422,0.7155256,0.39239827,-0.038405836,0.04163579,-0.12035563,-0.052868642,0.13145559
24.503623143558386,34.916666955294566,80.479385,12960000.169944763,71.98857,-0.00043325787,0.00043427155,-0.28764012,1.0581197,0.3399049,-0.1983949,-0.1313701,-0.018343076,-0.25598872,0.16146146,0.015095161,0.16216555
24.579710091518006,35.06884069756067,84.24473,15120000.381088257,72.064255,9.280533e-06,-9.459196e-06,-0.051575013,1.3177156,-0.71618396,0.017839152,-0.009595245,0.34407082,0.06357433,0.09859213,-0.06865937,0.12014374
24.507246627708035,35.15217355593542,72.15966,13478399.474716187,72.743065,-0.20838414,0.17235775,0.020993546,1.3186092,0.35559535,0.06556347,-0.28451642,0.10604197,0.021462882,0.20510814,0.08558763,0.22224894
24.5036234048686,34.94565269942081,84.86278,15551999.984550476,72.224,-5.7873062e-06,7.4024733e-06,-0.15361896,1.178645,-0.8205342,0.1889388,-0.14151508,-0.23741946,-0.26755252,0.19492248,-0.13481158,0.23699987
24.5036234048686,34.94565269942081,84.86278,6134400.182819366,72.35854,7.1712648e-06,-9.886912e-06,-0.21798407,-1.4424456,0.3016886,0.3496754,-0.13278332,0.10619813,0.23578578,-0.18938968,0.07566726,0.20394602
24.282608510179216,35.10869565592019,73.044136,2332799.8879909515,73.17753,0.88454264,0.76889074,-0.5321045,-0.43044555,0.71487623,0.41259632,0.0813225,-0.2624639,0.07575747,-0.13015571,0.18697238,0.22781391
24.43478277193275,35.06521686399416,78.38795,16416000.288391113,72.69622,-0.0047864374,-0.0049739047,0.048966557,1.2921144,-0.784315,0.041939363,0.03285364,0.18676943,-0.0019150972,0.1963938,-0.092856586,0.2172392
24.822463669968496,35.11956556932083,79.471794,18316800.298690796,72.940445,0.0008587483,0.0024885898,-0.2512358,-1.1889372,-0.10263917,0.17203598,-0.08549493,0.024309773,0.04756776,-0.28010446,-0.07381747,0.28966796
24.800724541980035,35.0326085145684,80.91604,5356800.128746033,72.9621,0.00063105556,-0.00032365893,-0.47858506,0.79566085,0.7864605,0.29312164,0.2637417,-0.3444589,-0.02684787,0.05806844,0.056764066,0.08120408
24.134057993885538,35.130434787333385,80.741425,1296000.0444173813,74.360535,0.0020176372,-0.0022499473,-0.27845716,-1.1032549,0.07039199,0.42568186,0.44849196,0.39232317,0.53795093,-0.17065696,0.012718798,0.17113027
24.49275373635028,34.95652190987481,78.13308,1036799.9806880951,71.798836,-0.0008305579,-0.0017575136,-0.024306193,-0.34444964,0.6311562,0.09886081,-0.17716563,0.07681246,0.06345031,-0.11552414,0.15457918,0.19297811
24.003623304347823,35.192029209683014,80.788605,17279999.49531555,72.22813,-0.0004163841,0.00012125913,0.28302163,-2.42291,1.172138,0.06885807,0.20427936,-0.110234134,-0.121099494,-0.1715022,0.100515224,0.19878711
24.409420264318722,35.097825908808005,75.01247,16070400.386238098,73.8996,0.36325988,0.35204017,0.06016606,0.9940455,-0.58873034,0.1710016,0.14449519,-0.055403747,-0.12738925,0.19011088,-0.02791181,0.19214894
24.152173912100075,34.942029039701325,85.189964,3542400.093984604,72.81471,-6.616888e-06,1.2940988e-05,0.1830215,-0.1452743,-0.32112098,0.34264836,0.26425686,0.1889075,0.006431043,-0.03582459,-0.12403299,0.12910299
24.576087129988778,34.96376817111452,80.53768,8726399.99742508,72.4536,0.0006555948,0.00054571754,0.14928557,2.6480036,-0.14198971,-0.27139512,0.27264625,0.11801631,0.010891728,0.22267863,0.0008382887,0.22268021
24.782608845879178,35.07246365433351,80.82854,6739199.737358093,73.158615,-0.0008551098,-0.00019565695,-0.5538586,2.2236092,0.18704274,0.031817872,0.43829975,-0.10862363,0.061952353,0.24624996,0.05264528,0.25181454
24.655797039477626,35.09782643790763,82.953125,14256000.07724762,72.03524,6.283035e-06,-3.5700497e-05,-0.1659059,1.3183966,0.15902847,-0.10219168,-0.018939227,0.32124037,0.3150502,0.13853094,0.0005753977,0.13853213
24.5036234048686,34.94565269942081,84.86278,6825599.987125397,72.32069,-1.1127411e-05,-1.0156065e-05,-0.16015676,-1.7967274,0.44656932,0.40294504,-0.13719538,0.06282395,0.17512986,-0.13998282,0.06441662,0.15409312
24.2137679164399,35.101449394680465,78.1842,16156800.087547302,72.136765,0.0042200796,0.0031856787,-0.19593686,-0.5975311,0.15081918,-0.008159965,0.5324173,-0.06204825,0.14071465,-0.10570002,0.031013055,0.11015582
24.40217392316393,35.07246365433351,77.73675,2592000.0888347626,72.20944,0.006425756,0.0058916993,-0.24681228,-0.61617476,1.1507124,0.08711399,0.24338472,-0.02248802,-0.17528945,-0.067315266,0.15436292,0.16840206
24.528985389862203,35.079710263267266,73.800804,8121599.894428253,73.91181,0.2908156,0.8893064,-0.21952327,2.0207076,0.20408998,-0.0005963221,0.22396368,0.03319652,0.30675855,0.17345715,0.011075805,0.17381041
24.358695745580064,35.14492749121842,79.46463,17366400.293540955,71.92655,0.0005783538,-0.001021178,-0.1960411,0.30935198,-0.11529059,0.058116097,0.31253934,0.096286245,0.40342942,0.15807918,-0.05154384,0.16627024
24.068840433535758,35.17753635462667,82.62194,17884799.598312378,72.2047,-4.8767604e-05,-1.51919385e-05,-0.069472775,-1.3557224,1.502371,0.19073117,-0.12807733,-0.25601798,0.015981857,-0.11859145,0.14636077,0.18837571
24.271739312019278,35.0833337340226,74.97577,1209599.9317646027,72.68775,-0.11422954,0.008966151,-0.08157508,-1.5343078,1.8136531,0.13261017,0.12508732,0.032111052,0.12501171,-0.10897567,0.10925926,0.15431553
24.53985505838052,35.14492730981283,78.72631,12182399.56741333,72.57283,-0.0005967172,-0.0010041166,-0.25084296,2.4458127,0.03055149,-0.18036097,0.12726419,0.2775837,0.31679276,0.25001824,-0.037478853,0.25281176
24.49275373635028,34.95652190987481,78.13308,2937599.9909877777,71.68758,-0.0024868576,-0.0015116032,-0.08124154,0.06045142,0.39400172,0.1800476,0.013332464,-0.01566767,-0.12515408,0.015332121,0.15986,0.16059357
24.271739312019278,35.0833337340226,74.97577,4665599.775981903,72.33397,-0.08738315,-0.046608884,-0.56521493,0.9578051,0.7869781,-0.007074289,0.18724906,-0.19465062,-0.22200266,0.1419886,0.12847608,0.19148596
24.177536001617764,35.01449252133363,77.3516,6825599.987125397,72.07725,-0.0029631243,-0.0045091137,-0.12618826,-1.8311644,0.22861946,0.34953973,0.20053172,0.13387391,0.41627616,-0.16391139,0.024645269,0.16575383
24.731883987437246,34.999999998854186,80.17734,17193599.794006348,73.092445,0.00089809444,-0.00049802376,-0.30330536,0.50194335,-0.42014188,-0.15275216,0.2759671,0.045502786,0.060867675,0.08760473,-0.09124309,0.12649068
24.576087129988778,34.96376817111452,80.53768,5011200.226593018,71.95119,8.778935e-05,-0.00012716495,-0.1793026,0.6604119,0.47895432,0.03538064,0.51036936,0.045440335,-0.011239991,0.09038818,0.0770907,0.118798144
24.731883987437246,34.999999998854186,80.17734,14601599.979400635,72.613045,-0.00095486204,0.00058217946,-0.25605127,0.8389111,0.17173423,-0.0033585131,0.38763314,0.030776758,0.17786488,0.10993652,-0.00721499,0.110173024
24.47463793572534,35.15579704180788,74.131996,16934399.593162537,73.645584,0.6286745,0.628956,0.35439432,0.8528813,-0.50679,0.092966035,-0.20180306,0.08352319,-0.10778787,0.08497639,-0.06378656,0.10625306
24.373188532413735,34.85507217391305,83.68782,14860800.180244446,72.39951,-3.796884e-05,-2.602051e-05,-0.36407864,-0.4791252,-0.41073698,0.07965947,-0.01061929,-0.267803,0.19121957,-0.13898805,-0.12722121,0.18842217
24.5036234048686,34.94565269942081,84.86278,7775999.992275238,72.26729,-1.1547054e-05,-9.00429e-06,-0.06385175,-2.40065,0.5389423,0.4683735,-0.01094681,0.039570123,0.05684423,-0.15743195,0.030721951,0.16040155
24.880434869565217,35.11594208344836,73.60822,17452799.99485016,73.531425,-0.51419944,0.1767404,0.43992436,0.2291409,-2.0623388,0.18127292,0.08399375,-0.071162336,-0.2593797,0.049777605,-0.25965506,0.26438335
24.242753659958876,34.931159481553294,83.59315,3023999.9665260315,72.60646,4.494405e-05,3.9888193e-05,0.057325453,-0.4285307,-0.39956015,0.5497572,0.36957297,0.12751539,0.60448796,-0.19320811,-0.13350978,0.2348494
24.358695745580064,35.14492749121842,79.46463,7430400.090122223,72.13972,-0.00076060917,-0.001313483,-0.27115095,2.1913884,-0.11183503,-0.017262846,-0.19998872,0.030815955,0.108616665,0.08539867,-0.0035130947,0.0854709
24.43478277193275,35.06521686399416,78.38795,2851200.015449524,72.117256,0.0031405287,0.0019636399,-0.22575109,-0.6220934,1.1403053,-0.019126698,0.20714766,-0.037633218,-0.19392613,-0.03176051,0.16355734,0.16661252
24.521739153231497,35.18115965909355,80.50853,1296000.0444173813,73.05382,1.8065726e-05,0.0009116582,-0.263968,-1.5811343,1.6612539,-0.0777364,-0.38327718,0.04073131,-0.2564128,-0.18703738,0.16651203,0.25041813
24.619565229179578,35.18478278215484,82.255135,14515200.27809143,71.91691,2.0743557e-05,-6.699793e-06,-0.22683711,2.600644,-0.52048117,-0.05636937,0.08010895,0.22747067,0.2892961,0.1523243,-0.03061541,0.15537052
24.171296292717127,35.10648163098043,78.049835,1296000.0444173813,73.26638,0.0066956445,0.009250144,-0.14968978,-1.2471378,1.7406648,-0.053067766,0.20017922,0.44040623,0.27632448,-0.19297028,0.23105828,0.30104065
24.880434869565217,35.11594208344836,73.60822,14169600.375938416,73.580734,-0.8808158,-0.48746476,0.19390501,-0.3708282,-0.2244329,-0.1679982,-0.16918972,0.08973481,-0.64485526,-0.079635605,-0.06485351,0.10270252
24.503623143558386,34.916666955294566,80.479385,12182399.56741333,72.00917,-0.00045008247,0.00036256024,-0.14835787,1.2064787,0.21413982,-0.27939376,-0.106208585,0.021174967,-0.2355468,0.19721659,0.01514021,0.19779688
24.275362351941567,35.02173896397893,79.32639,13391999.773406982,71.89719,-0.001208405,0.0012311811,-0.35412735,-0.56437445,-0.41088372,0.20835337,0.16275081,-0.27375373,-0.116232075,-0.07946106,-0.08840175,0.11886517
24.57608686867857,35.22463755910878,78.28966,1296000.0444173813,72.49829,-0.0033667593,0.0018388216,-0.2559303,-0.92329824,1.2279541,-0.35101554,-0.20315468,-0.09103534,-0.007380929,-0.15481624,0.23174627,0.27870128
24.423912946628306,35.13405791039468,84.735344,9504000.051498413,71.99701,2.9992602e-06,4.121916e-06,-0.0725525,2.6496959,-0.2581129,-0.12156179,0.124874555,0.18340534,0.083227426,0.14122343,-0.020949109,0.14276877
24.40217392316393,35.07246365433351,77.73675,7775999.992275238,72.379845,-0.004814649,-0.007997015,-0.28840604,1.9340264,-0.08567335,-0.16189325,0.012871791,0.1654637,0.24144953,0.13419928,-0.027871372,0.13706298
24.17028990870767,35.119565206509655,75.23819,1987199.9858379364,72.759056,0.09026512,-0.010802594,-0.54864365,-0.078747794,1.4341407,-0.20574892,-0.012610219,0.12955979,-0.014183,0.01592895,0.20912421,0.20972998
24.35507260113369,35.04710138474188,76.478294,12268800.365638733,72.67441,0.02059439,0.027252568,-0.3506229,1.9277858,-0.4213872,0.0074554384,-0.025218375,-0.3640481,0.12977526,0.22471903,-0.015012829,0.22521995
24.235507135886934,35.09782643790763,86.62735,11923200.463485718,71.76347,-8.4194266e-07,-1.1933523e-06,-0.12152052,0.98603326,-0.03940997,0.29236633,0.16191521,0.13776147,0.18659389,0.243025,0.018208744,0.2437062
24.608695560661264,35.210145036629335,80.071884,6134400.182819366,72.91338,0.0011428172,2.2400896e-05,-0.22488542,2.0559518,0.58519214,0.06268569,0.019063238,0.03547499,0.15384233,0.20519479,0.059840653,0.21374238
24.62318819070881,35.09782625650204,81.14894,12527999.469566345,72.40169,-0.00031639062,-6.190615e-05,-0.13692346,2.0699587,0.38166457,-0.15994972,0.040684313,0.37973303,0.33032304,0.16229704,0.043761134,0.16809332
24.409420264318722,35.137681214861566,85.684586,3283199.893140793,72.05078,-2.7423425e-06,2.7550748e-06,-0.057129033,0.88313466,-0.6919137,0.50671226,0.47519493,0.040138878,-0.23481667,0.23925143,-0.14956085,0.2821519
24.677536062942007,35.07971042955572,84.775665,11836799.665260315,72.297356,1.2835414e-05,-1.298818e-05,0.06373541,2.4181466,0.11321299,-0.36051387,-0.1688194,0.32696015,0.27030414,0.107572116,0.031083276,0.1119729
24.659420157792983,35.13768139626715,82.9603,1468799.9954938889,72.80236,0.00010402021,9.3820316e-05,0.013029993,-0.8772764,0.9436838,0.19089103,0.13079295,-0.050849825,-0.063470416,-0.17102854,0.16482803,0.23752692
24.278985574781007,35.18478260074926,85.36457,7775999.992275238,71.92497,2.5716488e-06,4.532229e-06,-0.8629582,3.6557171,0.4092399,-0.02821841,-0.0027821139,0.076566994,-0.11617423,0.17038423,0.022588259,0.171875
24.43478277193275,35.06521686399416,78.38795,6739199.737358093,72.33049,-0.0037506323,-0.0039426116,-0.28942052,1.2727032,0.036523722,-0.07276469,-0.0396417,0.0375826,0.084743775,0.11948024,0.018117847,0.120846115
24.579710091518006,35.06884069756067,84.24473,3196799.917602539,72.53458,2.4587176e-05,-1.074419e-05,0.4549244,-0.52679795,0.5929499,0.2800658,-0.2894413,-0.018054262,0.059813634,-0.1144883,0.13067694,0.17373553
24.623188347494935,34.98550731008629,86.27349,16934399.593162537,72.44297,-3.6500458e-06,5.121086e-07,-0.103230454,0.90525734,-0.5730063,0.27872568,-0.10805359,0.10622056,-0.07098763,0.121493466,-0.106135674,0.16132404
24.677536062942007,35.07971042955572,84.775665,4233599.898290634,72.489716,-1.369813e-05,-1.4089374e-05,0.079974115,0.8660154,0.64914817,-0.22501013,0.0048465133,0.086590685,-0.13253269,0.10425169,0.056181304,0.11842615
24.528985389862203,35.079710263267266,73.800804,2937599.9909877777,73.189125,0.57601255,0.5360953,0.26195556,0.047250673,-0.3860854,0.18413085,0.8175534,0.080030575,0.5352906,0.001091758,-0.14947313,0.14947711
24.286231733018653,35.16304365074164,82.86601,10540799.757957458,71.47363,-1.8721246e-05,-3.313414e-05,-0.37544465,3.7881663,0.2319306,-0.12093622,-0.020841919,0.34075475,0.13203196,0.10007293,0.011403712,0.10072058
24.152173912100075,34.942029039701325,85.189964,7862400.2420425415,73.23206,1.8838811e-05,-2.0839932e-05,-0.007965542,-1.8644154,-1.0383499,0.28662926,0.51812345,-0.2112143,-0.16685447,-0.24235746,-0.124120675,0.2722923
24.62318819070881,35.09782625650204,81.14894,7689599.742507935,72.59899,0.00041489527,-0.00042875513,-0.05319342,2.4821613,0.6699608,-0.064252995,0.09232393,-0.07274934,-0.18447587,0.16294347,0.046742365,0.16951527
24.800724541980035,35.0326085145684,80.91604,11491199.7631073,73.034645,-0.00068572233,0.00081813143,0.17989494,1.7073205,-0.5609553,0.030893221,0.19177961,0.102645926,0.32095906,0.2827456,-0.100306496,0.30001077
24.264492787947336,35.06521739309379,75.914215,10368000.35533905,72.21165,-0.0331399,-0.024562785,-0.16867928,1.3470558,-0.1367352,0.08162697,0.3675203,-0.14393747,0.2554317,0.14279287,-0.0051067434,0.14288415
24.141304256647267,35.05072417522627,80.839714,864000.0296115875,73.896805,0.001328768,0.0011855519,-0.25900805,-0.7926856,0.34212524,0.27069253,0.2377094,0.14308488,0.42622507,-0.15992777,0.07130843,0.17510507
24.33695651306752,35.26449269887389,75.24537,12873600.46863556,73.09295,-0.05794657,-0.0021762517,0.3449067,2.2165465,0.10676241,-0.018284582,-0.40917727,0.4274813,0.17125756,0.23464014,0.032216046,0.23684144
24.528985389862203,35.079710263267266,73.800804,2073599.9613761902,73.010506,0.4209548,0.4898453,0.18031459,-0.031305566,-0.38681626,0.33953446,0.8237945,0.13713545,0.58575684,-0.05281451,-0.16436851,0.17264524
24.06159400092239,35.235507653915,77.223785,12355200.066947937,72.67889,-0.0063482937,0.011130287,0.34863085,-2.539497,-0.7230613,0.31390876,0.027455203,-0.102518864,0.02255397,-0.18522301,-0.038742557,0.18923147
24.57608686867857,35.22463755910878,78.28966,13132799.572563171,72.8449,-0.0072120745,0.0045842207,-0.06341162,2.3836439,-0.23171018,0.10668081,0.4217089,0.27520445,0.21065637,0.11324964,0.001256251,0.11325661
24.423912946628306,35.16304383214723,83.815254,5356800.128746033,72.36482,2.0919031e-05,2.187855e-06,-0.2598883,2.0622609,-0.41634315,0.37680063,0.24354836,-0.04817228,-0.010260377,0.1326746,-0.02715898,0.13542585
24.369565205050215,35.10507235145331,81.59638,10368000.35533905,71.617004,2.0776271e-05,-1.1001415e-05,-0.088857025,1.5927547,-0.44764715,0.04433592,-0.12587568,0.33079404,0.07772128,0.07261834,-0.014212575,0.07399609
24.16304339770124,35.14130418675153,77.183464,432000.01480579376,73.51856,0.03159514,0.029089887,-0.2171641,-0.07612689,1.3886986,-0.12136061,-0.027862072,0.50339514,0.14827439,-0.0015020731,0.18769291,0.18769893
24.47463793572534,35.15579704180788,74.131996,7171199.889278412,73.53952,0.5858094,0.29840747,-0.33776033,2.5847423,-0.29498202,-0.18801033,0.4346275,-0.065193765,0.38706884,0.27070338,-0.03191992,0.2725788
24.55434784521419,35.039855304907746,78.730316,12182399.56741333,72.78596,-0.0022302128,0.004640271,-0.20460816,2.2685816,-0.08185229,-0.34868947,0.08307468,0.39879635,0.34824622,0.18846653,-0.0035826354,0.18850058
24.85869584610084,35.31159408476158,76.05999,17884799.598312378,75.99539,-0.7652608,-0.86989385,-0.30374104,-1.6637809,0.34493512,0.25298887,0.14872205,0.23422724,-0.117171265,-0.20791905,0.07258242,0.22022383
24.235507135886934,35.09782643790763,86.62735,2246400.0495672226,72.438705,-1.5857303e-06,-1.502848e-06,-0.4422474,0.69098926,-1.1345012,-0.15332517,0.20060238,0.1650171,-0.52287513,0.09570454,-0.17186184,0.19671261
24.586956589458925,35.03623181903528,81.050644,12873600.46863556,72.1362,-0.00031700195,-0.00028888305,-0.30691186,2.1837714,0.24904437,-0.15421098,0.17349634,0.46399856,0.15932152,0.19708267,0.049256362,0.2031447
24.46739112421217,35.10507235145331,77.031204,11145599.860954285,72.90044,0.013064074,-0.024097841,-0.20441498,2.36076,-0.28165758,-0.32516977,-0.10054364,0.022527266,0.41656435,0.19940457,0.0040654116,0.19944601
24.782608584568965,35.06521774078783,85.492004,9676799.454116821,72.74027,5.006442e-06,-9.403534e-06,-0.23678006,2.7080786,-0.29450464,-0.3519127,-0.08586224,0.29463553,0.2488034,0.15440165,-0.01441471,0.15507306
24.641304357168043,34.938405387540406,81.3883,8812800.247192383,72.606,0.00035529412,0.00031215465,0.09178688,2.781813,-0.01369025,-0.23762628,0.4070493,0.18499169,0.022494776,0.19820458,-0.026729,0.19999874
24.423912946628306,35.13405791039468,84.735344,5443199.830055237,72.29503,9.190103e-06,-8.128669e-06,-0.11376043,0.80485964,-0.37542558,0.5276527,0.3325758,-0.084392644,-0.04392477,0.22231512,-0.069082916,0.23280133
24.152173912100075,34.942029039701325,85.189964,5529600.07982254,72.84094,-5.442373e-06,-9.49608e-06,0.07810308,-0.70884764,-0.927628,0.3413631,0.30916145,-0.07700852,-0.07794068,-0.1253244,-0.26469544,0.29286495
24.55434784521419,35.039855304907746,78.730316,2419199.8635292053,71.88604,0.001996338,0.0012609462,-0.32793742,-0.20531394,0.7500545,0.11255353,0.2728856,0.0397507,-0.06646748,-0.05557325,0.14809757,0.15818116
24.51086948471318,35.141304337922854,75.965324,6739199.737358093,73.17302,-0.08069282,-0.06453355,-0.271644,0.90812093,0.0041027814,-0.30933794,0.44202104,-0.050347775,0.2360588,0.1533157,0.017637458,0.15432687
24.655797039477626,35.09782643790763,82.953125,8121599.894428253,72.39001,-7.001275e-05,-3.1132895e-05,-0.08012991,2.3828762,0.4000799,-0.15704337,0.07136472,-0.13021624,-0.3390726,0.15770912,0.015915083,0.15851012
24.423912946628306,35.16304383214723,83.815254,10454400.056648254,71.756165,1.8926426e-05,-1.7818138e-05,-0.10709045,3.288494,-0.15069364,-0.3116699,-0.056407325,0.33297026,0.023857774,0.120280296,-0.013951607,0.12108673
24.293478074173446,35.130434424522214,78.52256,864000.0296115875,73.32081,0.009180121,-0.0030258258,0.020444252,-2.0124648,1.6856388,0.12747552,0.15840718,0.28738493,-0.078969516,-0.17216392,0.19992538,0.26383817
24.202898613755877,35.17753635462667,82.22561,5356800.128746033,72.15302,9.1503025e-05,7.2584626e-05,-0.70980966,1.4704005,0.22715387,0.5353059,0.5313441,0.4317571,-0.09146682,0.13164593,0.024666468,0.13393688
24.55434784521419,35.039855304907746,78.730316,8208000.144195557,72.77781,-0.0021501952,0.0037509033,-0.25343853,3.152288,-0.49160463,-0.19976312,0.05798068,0.074327126,0.09077594,0.16849904,-0.02871061,0.17092754
24.340579657513896,35.072464168316,77.031204,6739199.737358093,72.23306,-0.0077708894,0.004448641,-0.22656211,1.3962901,0.31672275,-0.037794672,0.35879055,0.2347107,0.06236147,0.17218319,0.041252736,0.17705603
24.202898613755877,35.17753635462667,82.22561,17712000.19569397,71.64749,1.3040635e-05,-4.1254327e-05,-0.042733848,-1.5175447,1.7267451,0.12715992,-0.2643209,-0.31227925,0.304883,-0.11068835,0.15389241,0.18956473
24.782608584568965,35.06521774078783,85.492004,9763200.252342224,72.7332,5.0277204e-06,-9.54866e-06,-0.2280151,2.6871705,-0.30896538,-0.34706214,-0.10659643,0.30463758,0.25955704,0.15378416,-0.0144566465,0.15446216
24.423912946628306,35.16304383214723,83.815254,13132799.572563171,71.4566,5.831097e-06,4.3935574e-06,-0.10776897,1.8278028,0.06881421,-0.2697998,0.01632367,0.5063192,0.09402805,0.1564094,0.017615357,0.15739822
24.53985505838052,35.14492730981283,78.72631,6998399.938201904,72.66514,0.004201978,0.00038782015,-0.31109214,1.6864169,0.25652224,-0.15833494,-0.0075640753,-0.03989125,0.01998936,0.19090672,0.014953519,0.19149147
24.409420264318722,35.137681214861566,85.684586,6393599.835205078,72.278366,2.3912542e-06,4.7484255e-07,-0.2955233,1.5690819,-0.17890468,0.3200571,0.33318698,-0.06746281,-0.06336796,0.20490205,-0.020781994,0.20595326
24.202898613755877,35.17753635462667,82.22561,10972800.458335876,71.226295,3.8732047e-05,-2.599188e-06,-0.39919555,2.732845,0.07655173,-0.074565,-0.0072265044,0.15915927,0.13204113,0.09910428,0.022182513,0.101556495
24.40579730278949,34.98550712868071,82.545616,172800.00249445438,72.996544,-0.00013152494,-0.00016248507,-0.06925146,-0.7004819,1.032513,0.054295555,-0.52005464,-0.35442626,0.42190614,-0.08676357,0.21155411,0.22865489
24.62318819070881,35.09782625650204,81.14894,4752000.025749207,72.60287,-8.145245e-05,0.0004113913,-0.35727322,0.38717657,1.1569474,0.18445896,-0.2321344,-0.12908128,-0.0296655,0.05574921,0.16892165,0.17788339
24.659420157792983,35.13768139626715,82.9603,11404800.061798096,72.20221,1.3873783e-05,3.826584e-05,0.09053975,2.410984,-0.28938186,-0.20125988,-0.18153691,0.1322616,0.19492808,0.14787877,-0.0058040963,0.14799263
24.278985653174068,35.159420527680346,80.15937,10108800.15449524,71.67084,-0.00027037767,9.370354e-05,0.002409853,2.9108777,-0.4086851,-0.10258397,-0.09631204,0.1610554,0.24801025,0.104414575,-0.01446787,0.105412155
24.46739112421217,35.10507235145331,77.031204,18143999.79915619,74.06204,-0.05775357,-0.06718295,0.25008988,0.65239245,-0.8196039,0.24714026,-0.26093954,0.1138585,-0.03840839,0.101303406,-0.1045485,0.14557736
24.579710091518006,35.06884069756067,84.24473,8380800.095272064,72.02031,9.021088e-06,1.3046485e-05,0.3833897,0.8477187,0.07011555,0.11030231,0.40685076,-0.15097201,-0.18173972,0.08980916,-0.010010377,0.09036533
24.24275355543479,35.275361916886446,83.709785,1209599.9317646027,73.127106,-2.4594192e-05,4.439132e-05,-0.38720495,-0.74134547,0.47503024,0.167297,0.26397544,0.08327389,0.27337632,-0.110747665,0.06772913,0.12981634
24.423912946628306,35.16304383214723,83.815254,12268800.365638733,71.54427,4.2273405e-06,-7.459492e-06,-0.08290519,2.2076278,0.07042464,-0.3150048,-0.03423299,0.4981197,0.027131574,0.15086278,0.010206496,0.15120764
24.731883987437246,34.999999998854186,80.17734,15465600.283241272,72.7777,-0.00025734896,-8.268233e-05,-0.33401304,0.6781805,0.03285852,-0.039756037,0.376366,0.02599039,0.10687747,0.06702201,-0.0113047855,0.06796873
24.51086948471318,35.141304337922854,75.965324,18143999.79915619,74.14293,0.19340785,0.19224481,0.21142928,1.3572764,-0.93449885,0.1613076,-0.40399334,0.12415096,0.021120755,0.21069402,-0.17308389,0.27267197
24.340579657513896,35.072464168316,77.031204,6566399.786281586,72.22511,-0.010233657,0.004215835,-0.23491862,1.2979504,0.35248005,-0.024476364,0.36243513,0.21699914,0.036920518,0.1666785,0.046209335,0.17296539
24.49275373635028,35.04710138474188,79.64641,1987199.9858379364,72.0414,0.0010539971,-0.00072557625,-0.10299929,-1.1790721,1.1618702,-0.06809499,0.05171206,0.020956203,-0.07103824,-0.13297701,0.17567156,0.22032563
24.880434869565217,35.11594208344836,73.60822,5011200.226593018,73.53927,0.06271817,0.00274347,0.10809535,-0.96795547,-0.8302768,0.64532894,-0.0024650693,0.12265176,-0.11728411,-0.14827491,-0.13655503,0.2015756
24.782608584568965,35.06521774078783,85.492004,10799999.95880127,72.6618,-9.43509e-06,-8.648461e-06,-0.12322716,2.6375415,-0.31154764,-0.29775798,-0.30983734,0.35164785,0.32824636,0.15154275,0.014556145,0.15224023
24.134057993885538,35.130434787333385,80.741425,3023999.9665260315,73.55563,-0.0014764775,0.0014295451,-0.3042407,-0.3483984,-0.12894219,0.4703712,0.46994504,0.5416988,0.4471139,-0.17785558,-0.06464029,0.18923788
24.278985574781007,35.18478260074926,85.36457,13391999.773406982,71.37768,3.342465e-06,-1.3094669e-06,-0.06310535,1.461259,0.21042232,-0.18051597,-0.04079721,0.15273449,0.2948267,0.14445937,0.043240283,0.150792
24.503623143558386,34.916666955294566,80.479385,3110399.9420642853,71.50184,-5.2503423e-05,0.0001111119,-0.33341283,-0.07951753,0.89564925,0.115957014,0.073375136,0.037929088,0.12857375,-0.048642144,0.14196734,0.15006927
24.409420264318722,35.097825908808005,75.01247,6307200.133895874,72.962296,-0.013535191,0.044860464,-0.2494934,1.7052494,0.29057378,-0.088781245,0.2671383,-0.157522,0.05926139,0.14597571,0.011864431,0.14645706
24.800724541980035,35.0326085145684,80.91604,10713600.257492065,73.18413,-0.00026495173,0.00018491624,0.17715244,2.0636737,-0.80511093,-0.042920493,0.26768744,0.10549661,0.3275608,0.24892884,-0.12948644,0.2805928
24.503623143558386,34.916666955294566,80.479385,6047999.933052063,71.803276,-0.00035443075,0.00036663446,-0.3276071,0.8065042,0.6073528,-0.044305526,0.29759148,-0.020306438,0.14265501,0.13163663,0.08054861,0.15432525
24.5036234048686,34.94565269942081,84.86278,2073599.9613761902,72.221016,1.0755191e-05,-1.5470202e-07,-0.028373975,-0.42183954,0.6832425,0.09214721,-0.21648481,-0.17296281,0.38527915,-0.047910552,0.12045552,0.12963392
24.003623304347823,35.192029209683014,80.788605,7430400.090122223,72.6086,-0.00051705533,-1.3826993e-05,0.00015068054,-3.065345,-0.59735775,0.38028026,0.43260238,-0.12139622,0.22026202,-0.09196449,-0.043178394,0.10159647
24.728260869121893,35.15579704180788,79.23173,11318400.360488892,73.27792,0.00081376464,0.0045922487,-0.13701312,0.7714118,0.34850895,0.037504107,0.31753457,0.31328014,0.22637355,0.085379355,0.0077170697,0.0857274
24.271739312019278,35.0833337340226,74.97577,17971200.39653778,73.88704,-0.3725312,-0.22026294,-0.2099946,1.5570321,-1.0211889,-0.07828059,0.23137096,0.027679563,0.15526667,0.26100534,-0.11735972,0.28617668
24.275362351941567,35.02173896397893,79.32639,1296000.0444173813,72.78391,0.0007807653,-0.0027386616,-0.0048870966,-1.2454267,0.44543362,0.22309166,0.28786695,0.055369705,-0.010298133,-0.24894924,0.09947045,0.268086
24.503623143558386,34.916666955294566,80.479385,8467199.796581268,72.09631,-0.00027582786,0.00021443143,-0.10697225,1.6725014,0.4680916,-0.27485958,0.0014159307,-0.11491866,0.044646695,0.19399576,0.045084413,0.19916566
24.528985389862203,35.079710263267266,73.800804,3887999.996137619,73.42315,-0.6037026,-0.6713544,0.2931413,0.3121214,-0.31675178,0.034020234,0.7429243,0.031014312,0.458188,0.09871808,-0.1303629,0.16352291
24.85869584610084,35.31159408476158,76.05999,10799999.95880127,75.97376,-0.40520436,0.2901005,-0.43681115,2.276357,-0.527799,-0.08779547,0.2714779,0.076777875,0.40162402,0.23160659,0.0034823562,0.23163275
24.15942034471344,35.02536261613985,84.04098,4665599.775981903,72.45285,-2.4958588e-05,2.8449227e-05,-0.13442649,0.6759449,-0.48095298,0.12217471,-0.08798493,0.27404732,-0.007526748,0.16193213,-0.08756689,0.1840923
24.271739312019278,35.0833337340226,74.97577,4147199.9227523804,72.4048,-0.071091786,-0.090368,-0.5195607,0.6143947,0.91237754,-0.013629444,0.16445282,-0.23255002,-0.18543115,0.09986738,0.13227043,0.16573763
24.55072462237475,35.07608730649443,88.70044,4665599.775981903,72.76958,5.022081e-07,5.6973715e-07,0.12591837,1.7033813,0.2772848,-0.11373546,0.052155092,-0.034620665,-0.34560522,0.18095873,0.030642796,0.18353486
24.72463775080654,35.097825908808005,83.506035,1641599.9465703964,72.544914,4.9101618e-05,4.773359e-05,-0.10012694,-0.4428662,0.61610985,0.027563721,0.2083652,-0.05064068,0.082443535,-0.08806791,0.097096,0.1310862
24.659420157792983,35.13768139626715,82.9603,10886399.660110474,72.190605,-2.2548566e-06,-7.3720935e-06,0.12552163,2.5119402,-0.46553606,-0.19213715,-0.16909537,0.1369701,0.11100571,0.126274,-0.023166746,0.12838155
24.15217408195171,35.09782609021359,90.079155,13824000.4737854,72.74267,-1.453683e-07,-1.3328454e-07,0.31606877,0.06951068,-0.21460296,0.5399565,0.39808553,0.0426873,0.24400672,0.045402955,-0.1042863,0.1137412
24.373188349496587,35.09782609021359,73.044136,17712000.19569397,73.53835,-0.12316756,0.37686032,0.031731293,0.7307955,-0.70696133,0.06461393,0.21230462,0.008326694,0.1546231,0.1459345,-0.06610879,0.16021003
24.35507260113369,35.04710138474188,76.478294,12182399.56741333,72.66248,0.01954482,0.026074063,-0.34874117,1.9285892,-0.41160715,0.0038317367,-0.03211108,-0.35798055,0.13847402,0.2236585,-0.01134527,0.22394608
24.5036234048686,34.94565269942081,84.86278,18143999.79915619,71.44626,5.4510615e-06,-5.263376e-06,-0.026457611,1.2121481,-0.86261326,0.16050406,-0.2077432,0.046264686,0.06936278,0.19061963,-0.114855655,0.22254813
24.202898613755877,35.17753635462667,82.22561,2851200.015449524,72.73659,-1.099162e-05,0.00018385572,-0.3404941,0.057647407,-0.30366123,0.33309907,0.69740635,0.4653552,0.2072295,0.010878841,-0.110703416,0.11123666
24.507246627708035,35.15217355593542,72.15966,11404800.061798096,73.10852,0.41345975,0.4251274,-0.2615691,2.60255,0.2679286,0.07900612,-0.31724665,0.11216383,0.2055743,0.18694478,0.06010364,0.19636904
24.409420185925658,35.126811301460926,78.58091,9244799.850654602,72.196075,-0.0031234208,0.0008787119,-0.21622524,2.8720074,-0.30721152,-0.33914906,-0.19204557,-0.011524618,0.33110774,0.16279744,-0.017220467,0.16370568
24.507246627708035,35.15217355593542,72.15966,15551999.984550476,72.3105,0.81416386,0.5645899,0.25860852,-0.08124943,0.109454095,0.011606764,0.058313653,0.19650948,-0.10279941,-0.017322898,0.052502826,0.055286795
24.514492864338745,35.152173737341,77.98083,7257600.139045715,72.72326,-0.0064326557,-0.008520986,-0.3682261,1.5983691,0.14671774,-0.22745049,0.041933477,-0.09280444,0.13766669,0.15229735,0.024701143,0.15428749
24.481884276880134,35.21376834109622,79.042,1123200.0247836113,73.10719,0.0007694427,-0.0015966076,-0.18818802,-1.9913723,1.8822625,-0.16552046,-0.37490106,-0.10973913,-0.13405642,-0.1540008,0.15406476,0.21783525
24.068840433535758,35.050724689208764,75.1399,10195199.855804443,72.95076,-0.137948,-0.1389638,-0.10214547,-2.548371,-0.37185,0.4390905,0.43362707,-0.056501634,0.19347796,-0.27541387,-0.0713901,0.284516
24.503623143558386,34.916666955294566,80.479385,12527999.469566345,71.993835,-0.00041410793,0.00037972213,-0.20989114,1.1442897,0.26409698,-0.24274522,-0.12264212,0.0044806898,-0.2456277,0.18329562,0.014864558,0.18389736
24.33695651306752,35.26449269887389,75.24537,9935999.654960632,72.12204,0.053817235,0.057957634,0.006145805,2.6654828,0.55583006,0.052051514,-0.2790096,0.21238506,0.19604027,0.11446673,0.027669907,0.11776356
24.5036234048686,34.94565269942081,84.86278,13910400.175094604,72.54297,1.4614318e-05,1.2087452e-05,-0.15012497,0.109665416,-0.3673957,0.33056056,-0.17489606,-0.27409515,-0.3826309,0.012159441,-0.06840498,0.06947729
24.57246390714934,35.13405809180027,82.83649,3196799.917602539,72.874954,1.9552228e-06,0.00010517872,0.013611339,-0.33478934,0.6100768,0.39012,-0.121182136,-0.15783018,0.027499156,-0.08919443,0.16509612,0.18764961
24.822463669968496,35.11956556932083,79.471794,4924799.976825714,73.3198,-0.0021786115,0.003901329,-0.37839139,1.8004769,0.29106307,0.13520268,0.43450263,0.12241336,-0.2547377,0.1120985,0.02971475,0.11597
24.2137679164399,35.101449394680465,78.1842,16847999.891853333,72.189835,0.0042300923,0.0011509771,-0.20328659,-0.5082129,0.2217851,-0.03974746,0.5060007,0.021942396,0.14781442,-0.11875986,0.066319875,0.13602291
24.268116089179838,35.07971042955572,81.07262,8380800.095272064,72.27345,0.00016771203,-0.00028682483,0.058502033,-2.092212,-0.49088913,0.44364434,0.23599589,0.27429926,0.32016233,-0.23705113,-0.090390265,0.2536999
24.3985509616347,35.079710263267266,82.39983,18143999.79915619,71.254745,3.4095905e-05,4.254526e-05,0.07226317,1.0911323,-1.5699558,0.05039663,0.111417234,-0.008110173,0.273374,0.08294257,-0.0963781,0.12715426
24.782608845879178,35.07246365433351,80.82854,7862400.2420425415,73.25778,0.0010811258,0.00018037754,-0.39000368,2.6899273,-0.073244095,-0.097991295,0.43162534,-0.030529648,0.11775908,0.22697414,0.016185636,0.22755052
24.49275373635028,35.04710138474188,79.64641,17279999.49531555,72.67012,0.0018364174,-0.0017166091,-0.16479008,1.2340147,-1.0740402,0.32891157,0.12882277,-0.0660475,-0.03716529,0.113889515,-0.106802076,0.15613298
24.268116089179838,35.07971042955572,81.07262,15206400.082397461,71.163185,6.0427224e-06,-1.0825663e-05,-0.46879387,0.6341279,-0.2557096,0.02048435,0.2037749,-0.109815754,0.14096561,0.13972272,-0.015738046,0.14060627
24.52536253285706,35.05797113185407,79.99595,2851200.015449524,72.04333,0.0003227451,-0.0002126981,-0.25605354,-0.14588709,1.0300407,-0.0118600875,0.06325031,-0.012241557,-0.15194479,0.0068050176,0.16030674,0.16045111
24.49275373635028,34.95652190987481,78.13308,3801600.0205993652,71.81774,-0.003122741,-0.00018858147,-0.06111685,0.18938588,0.26450753,0.17507447,0.08895477,-0.06611983,-0.16175815,0.057647068,0.07399774,0.09380219
24.268116089179838,35.07971042955572,81.07262,1987199.9858379364,73.137535,0.00041187482,0.0007645146,-0.14196369,-0.6928471,0.29208446,0.17036796,0.37291193,0.25348398,0.098525256,-0.19562298,0.092385314,0.21634093
24.880434869565217,35.11594208344836,73.60822,3801600.0205993652,73.62857,-0.98171973,-0.80805093,0.026984178,-0.54634345,-1.0361423,0.64395505,-0.08442911,0.067748934,-0.031673685,-0.07376913,-0.14668788,0.16419263
24.40579722439643,35.07608730649443,81.130585,7430400.090122223,72.12594,0.00028616973,0.00029680456,0.08089262,-1.1103485,-0.33695823,0.34418026,-0.15617111,0.2155996,-0.038811803,-0.0848911,-0.034697384,0.09170828
24.369565205050215,35.10507235145331,81.59638,5875199.981975555,72.29374,-6.845583e-05,0.00010524163,-0.025679495,-0.70551497,0.063340046,0.41522855,-0.12712082,0.25768548,-0.19643044,-0.14301498,0.047631904,0.15073846
24.507246627708035,35.15217355593542,72.15966,2419199.8635292053,73.384865,0.2381758,0.20941393,0.1223851,-0.18247746,-0.41565835,0.21689343,1.1105641,0.19693768,0.25607195,-0.09833219,-0.15874119,0.1867297
24.35507260113369,35.04710138474188,76.478294,11404800.061798096,72.56147,0.027309015,0.028890535,-0.31678236,1.949607,-0.3301043,-0.042649746,-0.059184335,-0.26318255,0.20797864,0.21349531,-0.0015971876,0.21350129
24.16304339770124,35.14130418675153,77.183464,2246400.0495672226,72.82019,-0.012011908,-0.0023764553,-0.45847577,0.08694148,0.83606297,-0.048613988,0.10000464,0.29137596,0.17373139,0.025919328,0.1775504,0.17943232
24.409420185925658,35.126811301460926,78.58091,8812800.247192383,72.22575,-0.0025379937,-0.002422493,-0.25984484,2.8126216,-0.29560125,-0.2937177,-0.18862379,-0.0041147247,0.30941078,0.14356905,-0.006457306,0.14371419
24.51086948471318,35.141304337922854,75.965324,15033599.582862854,73.83534,0.044024844,0.045663785,0.18323256,1.5320191,-0.5213733,0.0989155,-0.17285371,0.19535671,0.080474004,0.20617951,-0.037918456,0.20963731
24.507246627708035,35.15217355593542,72.15966,3542400.093984604,73.70509,0.22359732,0.24826644,0.23061122,0.21583065,-0.5037931,0.122287914,1.0366734,0.15071332,0.2674961,0.0627252,-0.12566745,0.14045198
24.822463669968496,35.11956556932083,79.471794,5875199.981975555,73.52082,-0.0039782906,0.0038321847,-0.3725552,2.183151,0.0919507,0.08716211,0.5889689,0.16940445,-0.15352947,0.12921506,0.015137224,0.13009869
24.2137679164399,35.101449394680465,78.1842,3283199.893140793,72.590675,-0.0023982914,0.004108683,-0.30696344,-0.9012346,0.89910084,0.11117357,0.33831295,0.15068997,0.190002,-0.077824526,0.09527551,0.12302065
24.608695560661264,35.210145036629335,80.071884,8553600.046348572,72.70195,-0.0003267407,0.0013015684,0.07968135,1.7983819,0.17901836,0.14383486,0.062016368,-0.0031637922,0.0021350533,0.1531524,0.036098607,0.1573492
24.409420185925658,35.126811301460926,78.58091,6566399.786281586,72.30622,0.003156817,0.003218461,-0.36524087,1.2714584,0.27125806,-0.037978053,-0.10067815,-0.08379725,-0.013129532,0.10737028,0.048721317,0.11790735
24.15217408195171,35.09782609021359,90.079155,2764800.03991127,71.424164,-9.863809e-09,4.4967894e-08,-0.1202723,0.8923507,0.028354488,-0.3565219,-0.2675127,-0.1301912,-0.62917733,0.24004957,-0.050342754,0.24527167
24.626811465810288,35.05797113185407,83.9315,11750399.96395111,72.067856,-3.0790238e-06,-2.1366608e-05,0.15177532,1.7087089,0.20691802,-0.18902439,0.009238124,0.35111964,0.07682364,0.13128692,0.01233532,0.13186514
24.47463793572534,35.15579704180788,74.131996,6134400.182819366,73.38386,0.48101187,0.4356414,-0.14262515,1.540295,-0.25534517,-0.20152768,0.5204895,-0.086267464,0.24500078,0.3138779,-0.06824015,0.3212103
24.579710091518006,35.06884069756067,84.24473,13046399.871253967,72.02745,-1.3141407e-05,-1.595871e-05,0.042254865,1.682429,0.053464107,-0.13610497,-0.01606714,0.4221271,0.13089465,0.11036607,-0.0060551106,0.110532045
24.659420157792983,35.13768139626715,82.9603,3369599.8686790466,72.80756,-3.214306e-05,8.7673056e-05,-0.07094551,-0.03417249,0.933725,0.20259473,0.072126225,0.033390805,0.0024489835,0.019535594,0.17075936,0.17187321
24.351449221508126,35.36231895652174,77.53338,5702400.030899048,71.70386,-0.0032881547,0.0010934822,0.15678182,3.0713441,2.094003,-0.15572575,-0.37150982,0.19443634,0.44456893,0.22113825,0.09096779,0.23911768
24.481884276880134,35.21376834109622,79.042,3715200.0450611115,73.09411,-0.0015867405,-0.0030443713,-0.30735666,-0.116793975,1.4772904,-0.23531428,-0.50583184,-0.07652549,-0.3089877,0.00060563814,0.17436896,0.17437002
24.521739153231497,35.18115965909355,80.50853,9590399.752807617,72.326996,4.1360578e-05,-0.00045749889,0.08398016,2.176497,-0.105698735,-0.041945323,-0.14404818,0.06375863,-0.079362236,0.098405845,-0.023874514,0.10126057
24.134057993885538,35.130434787333385,80.741425,4233599.898290634,73.00307,0.0007931794,0.00045854843,-0.30874735,-0.330508,-0.2740422,0.5192029,0.48065636,0.546833,0.30001208,-0.09018265,-0.049212046,0.102736235
24.72463775080654,35.097825908808005,83.506035,11923200.463485718,72.40372,3.465938e-05,4.0114093e-05,-0.065523766,2.2798946,0.024024826,-0.265307,-0.2069509,0.13691033,0.36642748,0.144309,0.027587019,0.1469222
24.003623304347823,35.192029209683014,80.788605,11491199.7631073,71.89183,0.00018287954,0.00022295084,0.35854948,-2.3461702,-0.4094118,0.42918053,0.42653742,-0.33217877,-0.25274983,-0.16706048,-0.017006896,0.16792391
24.800724541980035,35.0326085145684,80.91604,16243199.788856506,72.67039,0.00050645304,-0.00033419227,-0.24730174,0.67328984,0.11266345,0.13426945,0.21818456,-0.15362796,0.04974197,0.14067805,-0.009824901,0.14102072
24.152173912100075,34.942029039701325,85.189964,5961600.231742859,72.950485,2.3832802e-06,3.916375e-06,0.056199268,-0.95694387,-1.0278987,0.33375752,0.33702886,-0.13271981,-0.11058568,-0.16300489,-0.26115966,0.30785543
24.33695651306752,35.26449269887389,75.24537,6220799.884128571,71.82867,0.035907876,0.042230025,-0.41781342,2.822294,0.27902186,-0.06224639,-0.16844565,-0.22187674,-0.12623656,0.21185704,0.035545506,0.21481827
24.3985509616347,35.079710263267266,82.39983,5443199.830055237,72.27325,3.4288572e-05,7.5628144e-05,0.25583482,-1.4501264,-0.16090113,0.45140764,0.012944888,0.2164664,-0.14669758,-0.11284875,-0.0048054606,0.11295102
24.822463669968496,35.11956556932083,79.471794,7862400.2420425415,73.58719,-0.0011378458,-0.0049418025,-0.12698853,1.8540545,-0.48600096,0.02981916,0.67540777,0.25776446,-0.028645732,0.1654918,-0.065794446,0.17809112
24.235507135886934,35.09782643790763,86.62735,17452799.99485016,71.59074,9.305778e-07,-2.3175447e-07,0.089858115,-1.4367436,1.6806089,0.15405586,-0.56188786,-0.15369627,0.46832666,-0.13873997,0.16214652,0.21340168
24.85869584610084,35.31159408476158,76.05999,11145599.860954285,76.00747,-0.25512323,-0.15293719,-0.42920184,1.9815352,-0.47591066,-0.07128555,0.24456796,0.033660635,0.401761,0.25679076,-0.004506735,0.2568303
24.728260869121893,35.15579704180788,79.23173,14169600.375938416,73.34887,-0.004017157,-0.0043599852,-0.29433852,0.11423918,0.7209545,-0.02246318,-0.025386676,0.3622658,0.27521637,-0.005515113,0.2035119,0.20358661
24.655797039477626,35.09782643790763,82.953125,12441599.768257141,72.16885,4.9434126e-05,-2.6609223e-05,0.0023039505,1.9273156,0.29693913,-0.22995889,-0.11106891,0.24576542,0.28126904,0.19134203,0.01662462,0.19206287
24.068840433535758,35.050724689208764,75.1399,4924799.976825714,72.06472,0.06183907,0.05253012,-0.9433474,-1.5148015,1.0079852,0.27298555,0.18822813,0.15684834,-0.011320058,-0.15549402,0.1163379,0.19419809
24.586956589458925,35.03623181903528,81.050644,7948799.943351746,72.384895,0.0003692718,0.00013864826,0.10262467,1.9700052,0.18901046,-0.13243082,0.3429608,0.0124320015,-0.18351975,0.2501839,0.037544943,0.2529854
24.409420342711783,35.02898555779556,73.23672,16675200.489234924,73.22331,-0.78837776,-0.6698248,-0.1414403,-0.11611347,0.345886,0.4806158,0.23230094,0.020953339,-0.037318,-0.05073461,0.25640512,0.26137632
24.3913043591697,35.05434799367564,86.750465,13564800.27294159,72.042885,-8.464036e-07,1.6131227e-06,-0.063943684,0.35435766,-0.2605952,0.19843534,0.11755641,-0.05921199,0.24198842,0.10232281,-0.092166215,0.1377119
24.579710091518006,35.06884069756067,84.24473,15033599.582862854,72.06472,7.415454e-06,-1.0592312e-05,-0.050970387,1.3431321,-0.6837979,0.01171159,-0.009271234,0.34971198,0.06871856,0.10157316,-0.06723641,0.12181068
24.423912946628306,35.13405791039468,84.735344,3542400.093984604,72.348595,1.4047743e-05,1.3989044e-05,0.025690973,0.76993525,-0.6737789,0.49257806,0.3625055,0.03372594,-0.13434201,0.20603488,-0.16645323,0.26487178
24.47463793572534,35.15579704180788,74.131996,14428799.479866028,73.68173,-0.20062369,-0.6662268,0.21692301,1.6342567,-0.3039688,0.2028963,-0.065605275,0.018640112,0.12399167,0.11142297,-0.006519207,0.11161352
24.503623143558386,34.916666955294566,80.479385,3456000.11844635,71.52683,-0.00015849737,0.00013050319,-0.33331507,0.021003962,0.87135285,0.115441516,0.13433145,0.040330775,0.12095453,-0.028969267,0.12172827,0.1251279
24.43478277193275,35.06521686399416,78.38795,7862400.2420425415,72.40885,0.004333651,0.0039371285,-0.28302735,1.7155212,-0.25474054,-0.1483022,-0.13279566,0.10289711,0.20695055,0.13200413,-0.043474793,0.13897894
24.619565229179578,35.18478278215484,82.255135,12614400.267791748,71.99665,-7.847544e-05,5.09989e-05,-0.07624998,1.9788985,-0.110406436,-0.121274225,-0.17105901,0.12915176,0.09648402,0.16175827,-0.035228774,0.16555001
24.521739153231497,35.18115965909355,80.50853,14687999.680709839,71.94903,-0.00025942904,0.00039243064,-0.16811198,1.6822432,-0.1851381,0.05119071,0.164007,0.4316282,0.044535987,0.17393732,0.0080339145,0.17412277
24.068840433535758,35.050724689208764,75.1399,14601599.979400635,72.358055,0.08136994,0.064940564,0.412104,0.7336104,-0.67689544,0.13662244,0.7137906,0.19315591,-0.10044553,0.16156389,-0.17926219,0.24132514
24.728260869121893,35.15579704180788,79.23173,11923200.463485718,73.32782,-0.0034570044,0.0027946415,-0.17989287,0.5920371,0.57451576,0.0070967376,0.20569423,0.3336923,0.24351227,0.06744819,0.050204273,0.08408167
24.57246390714934,35.13405809180027,82.83649,12527999.469566345,71.862785,-1.904989e-05,4.1324292e-05,-0.0031856522,1.8699077,0.20425406,-0.16686177,-0.14789948,0.32800534,0.061904535,0.18729605,-0.021258108,0.18849859
24.782608845879178,35.07246365433351,80.82854,5443199.830055237,73.046936,-0.0008488233,-0.00089902006,-0.6156402,1.0561439,0.5102831,0.17038083,0.34287542,-0.15562603,-0.0061060973,0.1701322,0.049278997,0.17712533
24.43478251062254,35.050724689208764,81.254395,9331199.551963806,71.94523,3.1913736e-05,-8.461852e-05,0.107727915,-0.29039192,-0.544834,0.103932664,0.038569566,0.26518038,-0.10235862,-0.036853038,-0.064221315,0.07404406
24.782608584568965,35.06521774078783,85.492004,11664000.262641907,72.65691,1.4107361e-06,-5.548009e-06,-0.065427765,2.7775497,-0.15477835,-0.27297738,-0.4060325,0.3259474,0.3223883,0.15102866,0.039368417,0.15607539
24.336956356281394,35.12681217825459,78.56935,4492800.099134445,72.40758,0.003808991,0.0015130392,-0.42035735,0.2582132,0.77826935,0.18391314,0.23003569,-0.09993952,-0.229857,0.0959753,0.14765766,0.17610805
24.72463775080654,35.097825908808005,83.506035,5615999.781131744,72.644554,-4.1618612e-05,-5.3830016e-05,-0.48058414,0.8478974,0.6510301,-0.20364064,0.2272526,0.016345005,-0.088931866,0.19707103,0.15044117,0.2479305
24.152173912100075,34.942029039701325,85.189964,16847999.891853333,71.64995,2.5707031e-06,4.462933e-06,-0.09254293,-1.8427913,1.1090285,0.15715182,0.3047021,0.39840454,0.51279306,-0.104180284,0.084371075,0.13405973
24.49275373635028,35.04710138474188,79.64641,10886399.660110474,72.23964,0.0010972722,-0.0012328604,-0.15322307,2.0436313,-0.2832415,-0.34110367,-0.081231244,0.26468918,0.101139225,0.16448234,-0.036518097,0.16848743
24.268116089179838,35.07971042955572,81.07262,259199.99517202377,73.67008,-8.5034655e-05,-0.00068945164,-0.103771985,-1.6484888,0.58354294,0.17807078,0.29399815,0.22665286,0.058427986,-0.1704534,0.03166898,0.17337038
24.17028990870767,35.119565206509655,75.23819,15811200.185394287,72.90899,0.11918553,0.08703966,0.105080694,1.2166723,-0.33463347,-0.09597031,0.27133757,0.19083446,-0.08689549,0.2001637,-0.032980394,0.20286255
24.40579722439643,35.07608730649443,81.130585,15897599.886703491,71.757416,0.00017598514,6.5662265e-05,-0.37476325,1.9336734,-0.87994194,0.013757892,0.09447212,-0.036348954,-0.045787454,0.10443714,-0.03143513,0.1090655
24.171296292717127,35.10648163098043,78.049835,18143999.79915619,72.47207,0.0042878855,0.0027996348,-0.13627821,-0.28515333,0.8246643,-0.07105494,0.3568074,0.25563154,0.10863685,-0.06187929,0.26378292,0.27094367
24.3913043591697,35.05434799367564,86.750465,604799.9658823013,72.844574,-3.2691455e-06,3.1871768e-06,0.118675664,-0.62592196,-0.8692534,0.6119755,-0.09991718,-0.3022106,-0.0931141,-0.06862891,-0.1180095,0.13651435
24.518115930392057,35.170290078269815,76.7112,6047999.933052063,73.01766,-0.033777088,-0.0051796245,-0.17571238,0.65204835,0.25430828,-0.3776847,0.30627412,-0.047262423,0.0327723,0.11086972,0.043023996,0.11892501
24.503623143558386,34.916666955294566,80.479385,14342399.778556824,72.06593,-0.0005048911,0.0003727406,-0.46112436,0.7519987,0.63967943,-0.09752732,-0.06933219,-0.067764945,-0.27130118,0.11246597,0.07796216,0.13684551
24.264492787947336,35.06521739309379,75.914215,6652800.036048889,72.162506,0.032714754,-0.03396886,-0.3554706,0.898201,0.49899322,0.003443107,0.3369341,0.22271928,-0.061712496,0.10366867,0.041252766,0.111575015
24.351449221508126,35.36231895652174,77.53338,10195199.855804443,72.62856,0.010718988,-0.0077201994,0.077634975,1.9594051,1.2500554,-0.54984814,-0.02526857,0.25518617,0.012138879,0.13167793,0.07620901,0.15214102
24.286231733018653,35.16304365074164,82.86601,2073599.9613761902,72.82784,0.000101918915,0.0001175931,-0.058531992,0.32550055,-0.39708537,0.03886836,0.49561214,0.3964583,-0.050446592,0.091569155,-0.059541173,0.10922482
24.278985574781007,35.18478260074926,85.36457,10627199.459266663,71.50435,3.162462e-06,3.4248058e-06,-0.5040808,4.2172976,0.17628129,-0.34720725,0.0060277954,0.21724862,0.08252692,0.23009253,0.044229917,0.23430504
24.528985389862203,35.079710263267266,73.800804,4319999.873828888,73.518135,-0.4733097,-0.5177692,0.281762,0.48992234,-0.2640009,-0.012560487,0.68719435,0.0126795955,0.42348826,0.13878293,-0.110025406,0.17710531
24.286231733018653,35.16304365074164,82.86601,4319999.873828888,72.378716,-6.935641e-05,-2.9781626e-05,-0.40032315,1.0494511,-0.16475958,0.27772388,0.35996056,0.39356336,-0.29766136,0.10701208,-0.026717294,0.11029687
24.134057993885538,35.130434787333385,80.741425,17193599.794006348,71.53578,-0.00024898213,0.00024144423,-0.25552064,-1.730491,2.3932843,-0.034088895,0.21410644,0.068827435,0.25335416,-0.118503824,0.22250882,0.25209787
24.49275373635028,35.04710138474188,79.64641,2678400.0643730164,71.98292,0.00087877916,-0.00015316177,-0.15150177,-0.70354295,1.0670424,-0.034334473,0.08806494,0.00696823,-0.10181897,-0.06520426,0.15335174,0.16663839
24.351449221508126,35.36231895652174,77.53338,9590399.752807617,72.68123,-0.009254585,-0.0070113773,0.06587665,2.303657,1.5649676,-0.5241897,-0.10041993,0.27087286,0.041522704,0.1297023,0.08406743,0.15456396
24.503623143558386,34.916666955294566,80.479385,1641599.9465703964,71.55692,0.00011885982,-6.9992435e-05,-0.2997651,-0.6250748,1.0833098,-0.042319573,-0.25065088,0.012245942,0.19169605,-0.13027368,0.19503324,0.23454039
24.340579735906957,35.22101461745307,78.71513,10281599.557113647,72.09566,-0.001914982,6.7929745e-05,0.14516,4.165145,-0.022616584,-0.24899471,-0.15499592,0.14037219,0.03562828,0.17630757,0.032671034,0.17930911
24.659420157792983,35.13768139626715,82.9603,86400.00124722719,72.67027,7.8999605e-05,3.4740406e-05,-0.077296585,-1.5442412,0.89977133,0.062046945,0.164984,-0.10968646,-0.13106996,-0.16951288,0.12109538,0.20832357
24.800724541980035,35.0326085145684,80.91604,5097599.927902222,72.89695,0.000706472,3.282413e-05,-0.46536314,0.57530296,0.8804958,0.30517757,0.23507074,-0.3424989,-0.0481752,0.033446178,0.067584515,0.07540765
24.286231733018653,35.16304365074164,82.86601,2592000.0888347626,72.71852,0.000100510515,8.790666e-05,-0.11660881,0.40300685,-0.4135247,0.07902145,0.48863977,0.38797584,-0.12413748,0.07795236,-0.049995758,0.09260749
24.340579657513896,35.072464168316,77.031204,3283199.893140793,72.23484,0.01265176,0.012346639,-0.27458167,-0.055520013,0.9106707,0.16813113,0.2359674,-0.071530186,-0.15447176,0.01576292,0.13032317,0.13127299
24.235507135886934,35.09782643790763,86.62735,7257600.139045715,72.57257,2.902247e-06,3.8818047e-07,-0.62582284,1.8935733,-0.32623047,0.18969572,0.08955487,0.2148562,-0.3398759,0.12402711,-0.03801673,0.12972276
24.47463793572534,35.15579704180788,74.131996,17539199.696159363,73.594826,-0.37752777,-0.16626264,0.32746238,0.5980219,-0.45125848,0.04421798,-0.2262859,0.10132833,-0.11741083,0.0811327,-0.076402925,0.111444704
24.514492864338745,35.152173737341,77.98083,16243199.788856506,73.17649,0.011546895,0.012269323,0.05379708,1.234299,-0.8831071,0.24269643,-0.2033475,0.33263874,-0.056409612,0.217303,-0.0975981,0.23821415
24.33695651306752,35.26449269887389,75.24537,8985600.19826889,72.14442,-0.05917184,-0.05700477,-0.13867605,2.878312,0.54678875,0.037506003,-0.23968714,0.07798747,0.12647747,0.12314545,0.027862743,0.12625821
24.800724541980035,35.0326085145684,80.91604,5875199.981975555,73.05505,6.8176385e-05,-0.00083252386,-0.48611104,1.2814299,0.5850643,0.2570104,0.31756812,-0.33468616,0.015067318,0.11766691,0.04019728,0.12434357
24.626811465810288,35.05797113185407,83.9315,604799.9658823013,72.54734,3.4943085e-05,2.939597e-05,0.3502435,-0.92132354,0.61248404,0.23749822,-0.28388083,-0.19534078,0.15541619,-0.13661432,0.12038205,0.182086
24.409420342711783,35.02898555779556,73.23672,0.0,73.150505,-0.9197615,-0.47776377,-0.093670666,0.33071157,-0.36193264,0.62263995,0.4677393,-0.079882,0.5900493,0.15479843,-0.09407022,0.18114017
24.57608686867857,35.22463755910878,78.28966,15811200.185394287,72.98099,0.004175022,0.007331926,-0.011969268,1.1894585,-0.5514139,0.09874909,0.052538686,0.23002607,0.10828423,0.10210416,-0.049796507,0.11359996
24.507246627708035,35.15217355593542,72.15966,4579200.074672699,73.94881,0.06835719,0.1799921,0.22031753,0.858008,-0.46034652,0.08240281,0.86265373,0.115368,0.28790924,0.14733937,-0.07968097,0.16750507
24.068840433535758,35.050724689208764,75.1399,12700799.969100952,72.5913,0.0018506512,0.0322559,0.3398916,-0.61531544,-0.54144734,0.2118676,0.54637593,0.017872911,0.00884524,-0.10527419,-0.11251141,0.15408269
24.55434784521419,35.039855304907746,78.730316,4060799.9472141266,72.09694,0.0007973974,0.0025202981,-0.37510377,0.55413014,0.562205,0.17314672,0.29689676,-0.08067367,-0.2265302,0.072131656,0.08591688,0.112181485
24.06159400092239,35.235507653915,77.223785,17020800.39138794,73.21354,0.026887247,0.026575005,-0.022642326,-1.9897413,1.0614507,-0.16196564,-0.32563767,-0.05380465,-0.17143393,-0.15917635,0.09156363,0.1836328
24.16304339770124,35.14130418675153,77.183464,7343999.840354919,72.15324,-0.009624142,0.0021374156,-0.21518777,-1.2917945,-0.6832819,0.41248742,0.61680675,0.12776093,-0.0725056,-0.21086696,-0.14004967,0.2531379
24.134057993885538,35.130434787333385,80.741425,5615999.781131744,72.73399,-0.00014839687,4.1122006e-05,-0.26627392,-0.70859474,-0.4819801,0.56836075,0.49566785,0.45533645,0.13769624,-0.11069403,-0.060998075,0.12638803
24.171296292717127,35.10648163098043,78.049835,5443199.830055237,72.49787,0.0058970777,0.0025325916,-0.357208,-1.3762501,-0.099850856,0.32664552,0.5536618,0.13711244,0.2531631,-0.23371127,0.03412747,0.23618984
24.521739153231497,35.18115965909355,80.50853,1814400.0347614288,73.04707,0.00071130914,0.0006984878,-0.34376097,-1.2451146,1.517125,-0.047340766,-0.38977402,0.0004137382,-0.21634462,-0.15561311,0.17126401,0.23140182
24.47463793572534,35.15579704180788,74.131996,15465600.283241272,73.72429,-0.49893674,-0.69226104,0.3058017,1.3461157,-0.4587044,0.18373205,-0.11131283,0.03726034,-0.0107561685,0.097428486,-0.02868439,0.101563305
24.40217392316393,35.07246365433351,77.73675,8726399.99742508,72.41014,-0.007545505,-0.0068459804,-0.23633154,2.030626,-0.18102625,-0.25784823,-0.06560939,0.139422,0.3238927,0.1588286,-0.026805326,0.16107467
24.242753659958876,34.931159481553294,83.59315,3196799.917602539,72.55741,4.781773e-05,4.1366136e-05,0.062270254,-0.5084033,-0.44469845,0.56897724,0.36785492,0.12138216,0.5938835,-0.18205151,-0.12910137,0.22318135
24.800724541980035,35.0326085145684,80.91604,7775999.992275238,73.30484,-0.00014930216,0.00038018936,-0.302656,2.5886703,-0.106500715,0.026936807,0.40821552,-0.20377505,0.1944601,0.20373915,-0.029138437,0.20581228
24.47463793572534,35.15579704180788,74.131996,12009600.164794922,73.54792,0.578451,0.5902828,0.011057131,2.1962874,-0.086090155,0.10354334,0.035975534,0.037094265,0.4481376,0.20472407,-0.0054311925,0.20479609
24.40579730278949,34.98550712868071,82.545616,5097599.927902222,71.99127,-7.097266e-05,-6.317195e-05,0.11017607,-0.8665588,0.09326146,0.39780548,0.21926102,0.112326086,0.33896658,-0.20535846,0.03939904,0.20910375
24.641304357168043,34.938405387540406,81.3883,432000.01480579376,71.35563,-0.000115816125,6.672787e-05,-0.053108744,-2.3443937,1.5880979,0.06335319,-0.22627455,-0.03408608,0.43154812,-0.15213983,0.110384144,0.18796591
24.52536253285706,35.05797113185407,79.99595,18316800.298690796,72.705414,-0.0010105617,0.00093214924,0.047932193,1.1384292,-1.4289268,0.36965686,0.0780771,-0.15618286,-0.036704972,0.11088548,-0.16433099,0.19824293
24.5036234048686,34.94565269942081,84.86278,7430400.090122223,72.26901,-1.1710011e-05,-1.1707388e-05,-0.10112626,-2.1611388,0.5262443,0.44476527,-0.07922789,0.041106068,0.10588653,-0.14502338,0.04098172,0.15070263
24.525362323808892,35.01449270273921,80.76379,7343999.840354919,72.16511,0.00021853078,0.00031894835,0.08589004,0.77326536,-0.14868622,0.035911724,0.30061314,0.059191823,-0.09096614,0.16912705,-0.03218031,0.17216136
24.514492864338745,35.152173737341,77.98083,7948799.943351746,72.743195,-0.0088791745,-0.0076361652,-0.42899,2.2148044,-0.0644069,-0.21192184,0.031382184,-0.065373905,0.2544571,0.18411043,-0.003582188,0.18414529
24.35507260113369,35.04710138474188,76.478294,3974399.971675873,72.232315,0.018887648,0.0039539547,-0.24524067,0.48344433,0.59477454,0.17384356,0.12440574,-0.084496774,-0.09610865,0.10549906,0.11734247,0.15779515
24.576087129988778,34.96376817111452,80.53768,5702400.030899048,72.10339,0.00040073972,-0.00016193408,-0.16486229,0.9618132,0.3009014,0.016218137,0.5629425,0.045747112,-0.022264317,0.1332109,0.061666187,0.1467919
24.15217408195171,35.09782609021359,90.079155,1468799.9954938889,71.4017,-4.866045e-08,3.7062037e-08,-0.23637648,0.4997748,0.035558704,-0.4714839,-0.26150328,-0.229139,-0.6157142,0.2044012,-0.027497398,0.20624247
24.409420264318722,35.137681214861566,85.684586,5529600.07982254,72.165695,1.8350123e-06,9.407747e-07,-0.27944225,1.2044858,-0.3803751,0.40294868,0.4263379,-0.060782723,-0.11231177,0.23109306,-0.101283625,0.25231406
24.62318819070881,35.09782625650204,81.14894,4924799.976825714,72.61987,-0.00016724583,0.00043890436,-0.35071045,0.48542374,1.1454233,0.1742808,-0.21750557,-0.12976727,-0.036322877,0.062517695,0.15767394,0.16961585
24.409420264318722,35.097825908808005,75.01247,5529600.07982254,72.93797,0.15117523,0.14666227,-0.18292624,0.9921828,0.32281607,-0.03990657,0.2980468,-0.19171539,-0.0006056689,0.08602234,0.02155335,0.08868139
24.35507260113369,35.04710138474188,76.478294,7603200.0411987305,72.42267,0.0064739925,-0.020027786,-0.18124777,1.8179057,0.16561902,-0.10273097,0.14627442,0.22707248,0.14051741,0.1922048,0.018757822,0.19311796
24.141304256647267,35.05072417522627,80.839714,6998399.938201904,72.51061,-0.00012226882,0.00038634322,0.16687049,-1.8282344,-0.11262441,0.4187465,0.25947008,0.31836808,0.3932211,-0.12967323,0.0026809175,0.12970094
24.51086948471318,35.141304337922854,75.965324,1555199.9710321426,72.40647,0.033733923,0.037830945,0.025960028,-1.2307161,0.8374159,-0.013375126,0.36855894,0.03877779,0.124144204,-0.15612598,0.1258765,0.20054978
24.528985389862203,35.079710263267266,73.800804,1555199.9710321426,72.93309,0.40897596,0.45022756,0.11695729,-0.0104457885,-0.3692971,0.42142114,0.80783975,0.17620905,0.5972965,-0.05105697,-0.17671986,0.18394761
24.423912946628306,35.13405791039468,84.735344,16416000.288391113,71.20111,-1.6388645e-06,4.4365228e-07,-0.09150955,1.0750751,-0.72050244,0.054816406,-0.10268041,0.012683053,0.46162334,0.16475427,-0.11508678,0.20097
24.528985389862203,35.079710263267266,73.800804,18316800.298690796,73.77366,0.9465797,0.97198594,0.23215573,-0.4842537,0.20490934,0.25521243,-0.13877761,0.22967657,-0.03217593,-0.24964102,0.018447816,0.25032172
24.423912946628306,35.16304383214723,83.815254,16761600.190544128,71.1384,-8.534743e-06,8.788703e-06,-0.11653207,0.7032097,-0.82311183,0.06488867,0.21053544,0.13863619,0.50849223,0.107989766,-0.12110741,0.1622615
24.3913043591697,35.05434799367564,86.750465,8985600.19826889,72.368385,-2.1283297e-06,-1.601691e-06,0.19097202,-2.213334,-0.5645941,0.3929921,0.34528008,-0.106933914,-0.14998761,-0.07435124,-0.03306582,0.08137233
24.608695560661264,35.210145036629335,80.071884,6825599.987125397,72.87308,0.00020234092,-0.0013154824,-0.13284597,2.107456,0.55406195,0.115109906,0.008845381,-0.011761561,0.10525046,0.1993644,0.0812425,0.21528238
24.442029139218562,35.043478080275,76.86345,4752000.025749207,72.4158,-0.017646939,-0.01425524,-0.23560838,0.8621275,0.3279602,0.07767224,0.19302015,-0.121295325,-0.002572786,0.18608767,0.06946588,0.19863063
24.49275373635028,35.04710138474188,79.64641,11491199.7631073,72.23089,-0.0009823013,-0.0011411727,-0.18537606,2.1429224,-0.22941968,-0.323171,-0.026141025,0.28967372,0.10017383,0.16296667,-0.032840338,0.16624266
24.358695745580064,35.14492749121842,79.46463,3023999.9665260315,72.83229,0.0018309077,-0.0016802497,-0.3717575,-0.23640768,1.5260254,0.15505634,-0.008585013,-0.054800965,-0.3083526,-0.008500235,0.19397137,0.19415753
24.278985653174068,35.159420527680346,80.15937,86400.00124722719,73.916115,-0.00031828228,-0.003339665,0.081070796,-2.0646589,1.2134904,0.21943602,0.17482412,0.28348437,0.07485108,-0.2372992,0.13398941,0.27251434
24.503623143558386,34.916666955294566,80.479385,2764800.03991127,71.494896,0.0001846614,9.474787e-05,-0.3330499,-0.19058923,0.92678565,0.10206702,0.00562609,0.034093637,0.14039186,-0.069595724,0.16198285,0.1763009
24.514492864338745,35.152173737341,77.98083,10627199.459266663,72.78493,0.0062395795,0.007784901,-0.309397,2.6398814,-0.3094566,-0.20896277,0.09560184,0.08229137,0.40600473,0.20077987,-0.00026115502,0.20078003
24.43478251062254,35.050724689208764,81.254395,11836799.665260315,71.71721,0.00018209353,1.4298032e-05,-0.15011689,1.2302464,-0.46038812,0.00026910752,0.12686451,0.34644097,-0.08345885,0.14264703,-0.043699007,0.14919041
24.731884091961334,34.88405773852335,82.62194,5097599.927902222,72.078064,-7.454801e-05,6.685423e-05,-0.09828637,1.0490725,0.09472244,0.21020538,0.21682364,0.40716955,0.29239163,0.20067748,0.0465442,0.20600441
24.351449221508126,35.36231895652174,77.53338,8121599.894428253,72.57755,-0.011451403,0.01059026,0.072070315,3.1936324,2.1596017,-0.41326228,-0.28777722,0.2567566,0.22161913,0.16309978,0.101883054,0.19230625
24.340579657513896,35.072464168316,77.031204,11577599.464416504,72.42523,0.014870185,0.00725198,-0.1772506,1.6485546,-0.39314574,-0.106570415,0.033838026,-0.33138725,0.2867888,0.21074677,-0.024492482,0.21216522
24.278985653174068,35.159420527680346,80.15937,13824000.4737854,71.49913,0.00014158152,-0.00011305045,0.13371816,-0.1314622,0.2764948,0.017546292,-0.0770959,-0.060925417,0.27020645,0.012434641,0.046780735,0.048405137
24.503623143558386,34.916666955294566,80.479385,12441599.768257141,71.9968,-0.00041726796,0.00037281265,-0.1942549,1.160414,0.25068128,-0.2518991,-0.119238935,0.008875459,-0.2432603,0.18726867,0.015098173,0.18787631
24.655797039477626,35.09782643790763,82.953125,12960000.169944763,72.137794,5.205807e-05,-3.115948e-05,-0.06360124,1.7767365,0.36189282,-0.20780241,-0.10312327,0.26977974,0.31911698,0.17860869,0.019791668,0.1797019
24.507246627708035,35.15217355593542,72.15966,3456000.11844635,73.68306,0.22428161,0.25308248,0.22578336,0.1736224,-0.50157547,0.1276069,1.0471357,0.15435752,0.26634258,0.05225171,-0.12783998,0.13810612
24.57246390714934,35.13405809180027,82.83649,16934399.593162537,71.6181,3.7303533e-05,-1.5491374e-05,0.10392909,1.5247269,-1.9494027,-0.04475104,0.3764564,0.35965174,0.14325818,0.08948368,-0.15784337,0.18144381
24.336956356281394,35.12681217825459,78.56935,10799999.95880127,71.954414,0.0022292403,-0.0022559806,0.13413228,1.7733456,-0.28594488,-0.27666086,-0.08893766,-0.0944181,0.38592216,0.1790382,-0.009338291,0.17928158
24.336956356281394,35.12681217825459,78.56935,3628800.0695228577,72.55621,-0.0011679628,-0.0001975511,-0.4311115,-0.086817965,1.0995039,0.19157207,0.17312962,-0.08235278,-0.26235867,0.012202813,0.13576818,0.13631546
24.24275355543479,35.275361916886446,83.709785,12355200.066947937,70.94406,1.0061349e-05,-6.3351995e-06,0.2138146,1.2142545,0.21789375,-0.27518395,-0.10755091,0.17125916,0.22937089,0.1345838,0.060617343,0.14760509
24.340579657513896,35.072464168316,77.031204,12355200.066947937,72.46923,0.015648816,-0.014844688,-0.20299618,1.7175415,-0.5625048,-0.08447861,0.07654661,-0.41013107,0.2129024,0.22855206,-0.04855334,0.23365246
24.481884276880134,35.21376834109622,79.042,9935999.654960632,72.43876,-0.001032763,-0.0013984662,0.07503265,2.2682564,-0.07630046,-0.008549184,0.019737989,0.055896,-0.05036509,0.16507109,-0.0012674533,0.16507594
24.782608845879178,35.07246365433351,80.82854,11318400.360488892,72.929955,-0.0005422834,0.0005778752,0.0861876,1.2708163,-0.3107146,-0.1052813,0.0760695,0.2459645,0.3193287,0.10854285,-0.019793766,0.11033288
24.068840433535758,35.050724689208764,75.1399,259199.99517202377,71.6382,0.0052321884,-0.0055935387,-0.33896756,-0.21452312,2.5040388,-0.21930876,-0.19282371,0.48969328,-0.25795302,-0.013456681,0.2546782,0.25503343
24.278985574781007,35.18478260074926,85.36457,13996799.876403809,71.35184,3.1834393e-06,-1.980046e-06,-0.016960632,0.80773634,0.33672082,-0.101215415,-0.07458795,0.10335439,0.3480512,0.09086822,0.045306828,0.1015369
24.134057993885538,35.130434787333385,80.741425,6220799.884128571,72.67474,0.00034626105,-0.00010883991,-0.23406303,-0.9351046,-0.5074581,0.5743716,0.49979746,0.4019744,0.10736325,-0.1702764,-0.07799915,0.18729101
24.57246390714934,35.13405809180027,82.83649,2419199.8635292053,72.92465,-7.2961135e-05,0.0001170967,0.050386608,-0.40874296,0.6540394,0.3686929,-0.15554044,-0.12080423,-0.05630514,-0.121850744,0.15909661,0.20039795
24.626811465810288,35.05797113185407,83.9315,18316800.298690796,72.02605,1.0976771e-05,1.8086415e-05,-0.023671158,0.62856394,-1.1138424,0.04994592,0.008211583,0.1899186,-0.32778323,0.1149217,-0.1533794,0.19165656
24.57608686867857,35.22463755910878,78.28966,6998399.938201904,73.041855,-0.006318295,0.002789917,-0.16462138,1.8012267,0.61247694,-0.04241696,0.09055034,-0.047672056,0.03179937,0.16773212,0.07148631,0.18233036
24.677536062942007,35.07971042955572,84.775665,13651199.974250793,72.38656,-7.586901e-06,-1.2664833e-05,-0.08110116,1.5835732,0.31253815,-0.1713697,-0.156005,0.3130981,0.33985284,0.12585744,0.03440259,0.13047466
24.068840433535758,35.050724689208764,75.1399,5011200.226593018,72.08952,0.061927162,0.056289822,-0.9420573,-1.5084682,0.9471265,0.28764275,0.19530603,0.1513679,-0.011239298,-0.15763785,0.11469802,0.19494955
24.409420185925658,35.126811301460926,78.58091,16934399.593162537,72.49041,-0.003977185,-0.0026204302,-0.02136552,0.8991304,-0.40502918,0.13497531,-0.0049884096,0.15518026,0.066943,0.2345338,-0.07729882,0.24694374
24.141304256647267,35.05072417522627,80.839714,11491199.7631073,71.95544,-0.00032962873,9.9931625e-05,-0.18564683,-2.6525824,-0.27295727,0.24301928,0.21171609,-0.36569443,-0.051694885,-0.106674924,-0.034101438,0.111993074
24.57608686867857,35.22463755910878,78.28966,10454400.056648254,72.876144,0.00065001263,0.0069214543,-0.037952386,1.6044643,-0.33500224,0.25663483,0.56492454,0.08564667,0.17012921,0.16474284,-0.0073068663,0.1649048
24.40579730278949,34.98550712868071,82.545616,11318400.360488892,72.24647,-4.3029293e-05,-6.7227134e-05,0.032865882,-1.1921831,-0.21085346,0.21821314,0.17527083,0.066592336,-0.36326575,-0.16092509,-0.03011322,0.16371833
24.202898613755877,35.17753635462667,82.22561,16156800.087547302,71.4181,4.878652e-05,3.2374337e-05,0.112321675,-1.6329336,1.334119,0.20041934,-0.23403794,-0.23053119,0.3725502,-0.090156764,0.12677814,0.15556651
24.409420264318722,35.137681214861566,85.684586,9935999.654960632,72.09027,2.9060213e-06,-4.6912955e-06,-0.1325755,2.6556041,-0.28909725,-0.3685861,0.16288653,0.24309143,0.09635291,0.16757342,0.0064091603,0.16769594
24.32608705359737,35.05434782738719,80.59564,12527999.469566345,71.544556,-0.00017284983,-0.00020805192,-0.29238844,-0.009189472,-0.6242782,0.21848685,0.14827567,-0.043838218,-0.04096231,0.004771222,-0.07529051,0.07544154
24.177536001617764,35.01449252133363,77.3516,11491199.7631073,72.270935,-0.00984059,0.0038884457,-0.16272226,-1.8368921,-0.5091664,0.43762618,0.40868554,-0.49571362,-0.00087087974,-0.19423679,-0.05731675,0.20251702
24.278985574781007,35.18478260074926,85.36457,11923200.463485718,71.37761,2.2074848e-06,-1.872139e-06,-0.28183985,3.1958466,0.10863079,-0.32720846,0.0024209395,0.22942007,0.1739524,0.19793883,0.02682496,0.19974823
24.49275373635028,35.04710138474188,79.64641,12441599.768257141,72.19769,-0.0011663904,-0.00034737278,-0.25440955,2.2549398,-0.19581422,-0.24712837,0.07560243,0.29390633,0.08178757,0.1638744,-0.018364076,0.16490015
24.235507135886934,35.09782643790763,86.62735,14428799.479866028,71.55837,1.261879e-06,9.465985e-07,0.0038957149,-0.24146377,0.5474173,0.337739,-0.03729125,-0.17192164,0.43822172,-0.040037364,0.13302092,0.13891564
24.481884276880134,35.21376834109622,79.042,10022400.453186035,72.4315,-0.001072525,-0.0009494281,0.08031723,2.2133155,-0.071949095,-0.0020259097,0.026408192,0.06465828,-0.051869422,0.16260679,-0.0032648826,0.16263957
24.351449221508126,35.36231895652174,77.53338,3369599.8686790466,71.845085,-0.0058709825,0.0010809036,0.22582383,-0.08865853,1.0554163,0.07423835,-0.16646174,0.09273048,0.36223853,-0.018167485,0.12931742,0.13058732
24.171296292717127,35.10648163098043,78.049835,3974399.971675873,72.60178,0.0052773263,0.006254637,-0.4330253,-1.0295069,0.479066,0.16264841,0.4228059,0.12804109,0.325669,-0.112677775,0.06197821,0.12859851
24.75362311542571,35.148550251468535,82.31272,15292799.783706665,72.24403,9.072663e-06,-0.00010183514,-0.29683715,0.5587035,-0.3519469,0.20364317,0.0583169,0.15021548,0.3871035,0.14184412,-0.11225459,0.18088906
24.51086948471318,35.141304337922854,75.965324,3628800.0695228577,72.66789,0.037277162,0.049114127,0.027140446,-0.10997532,0.333247,-0.23845255,0.387649,0.07656565,-0.012023069,-0.067185655,0.1808631,0.19293877
24.409420264318722,35.137681214861566,85.684586,10886399.660110474,71.98905,3.318445e-06,-3.2640473e-06,-0.106824815,2.461198,-0.2060897,-0.45157117,0.1531712,0.3421027,0.14239481,0.18058012,0.013832301,0.18110912
24.409420264318722,35.097825908808005,75.01247,10627199.459266663,73.14961,0.18073513,0.05958418,0.009342462,2.3816075,-0.18078801,-0.07197858,0.056258827,-0.050287127,0.27399346,0.3042487,0.024136076,0.30520454
24.47463793572534,35.15579704180788,74.131996,17452799.99485016,73.60127,-0.59412843,0.0759215,0.3332731,0.6353754,-0.46123606,0.051500082,-0.22372362,0.09892685,-0.1166789,0.081553966,-0.07380132,0.10998947
24.55072462237475,35.07608730649443,88.70044,14515200.27809143,72.33169,-1.8451306e-07,8.0353324e-08,-0.18698977,-0.35335445,0.19110316,0.014232546,-0.35531396,-0.061084382,0.6374498,-0.19586647,0.1149722,0.22711731
24.55072462237475,35.07608730649443,88.70044,18057600.097846985,71.76083,-1.2070593e-07,4.7608996e-08,-0.1384739,-0.8550899,0.024370763,0.12397027,-0.48396444,-0.05236391,0.40756115,-0.23631628,0.008125067,0.23645592
24.40579722439643,35.07608730649443,81.130585,8121599.894428253,72.06678,7.727911e-07,0.00021027675,0.057418108,-0.8014263,-0.45629972,0.2892093,-0.15109432,0.22896859,-0.008878611,-0.05446243,-0.04416252,0.070117645
24.340579657513896,35.072464168316,77.031204,691200.0099778175,72.78538,0.019140713,-0.003423818,0.18831618,-1.8797591,1.2540051,0.21358573,0.38366425,0.21174175,-0.030428149,-0.20270555,0.19488935,0.2811964
24.731884091961334,34.88405773852335,82.62194,777599.9855160713,71.14429,3.183972e-05,-2.671643e-05,-0.2595548,-1.648915,1.2511811,0.18196827,0.11309886,0.1502409,0.2322172,-0.16207752,0.08026395,0.180863
24.43478277193275,35.06521686399416,78.38795,6825599.987125397,72.3388,-0.0038921735,-0.003800848,-0.290308,1.3143686,0.00680634,-0.076665394,-0.048249118,0.044554595,0.09547864,0.12069844,0.010645294,0.121166974
24.641304357168043,34.938405387540406,81.3883,12355200.066947937,72.283,-0.00027089505,2.9739313e-05,-0.2190155,2.059359,0.091740996,-0.21038717,0.31673104,0.20742244,-0.109786935,0.10252996,-0.0010664549,0.1025355
24.507246418659868,35.018115659512056,74.98295,16156800.087547302,73.89938,-0.20842208,0.3108379,0.058074623,-0.20188011,0.20517589,0.330596,-0.15493563,0.27937955,0.19207913,-0.05982611,0.08726177,0.105800666
24.55434784521419,35.039855304907746,78.730316,2937599.9909877777,71.91617,0.0018654285,0.001951191,-0.34532064,0.04195012,0.6903847,0.13282354,0.29110822,0.001306951,-0.13798302,-0.0052813767,0.13693988,0.13704169
24.75362311542571,35.148550251468535,82.31272,13737599.675559998,72.467926,8.384801e-05,-2.0044438e-06,-0.2738769,1.2816662,-0.007125468,0.079620615,-0.08901844,0.08452329,0.57037437,0.1930841,-0.014032285,0.19359332
24.340579735906957,35.22101461745307,78.71513,14687999.680709839,72.21937,-0.00090771203,0.0006888571,0.024047554,0.59180826,0.23443149,-0.10984852,-0.0807526,0.1535599,0.00976849,0.11551656,0.057620715,0.12908998
24.880434869565217,35.11594208344836,73.60822,11491199.7631073,73.51994,0.77885926,0.923438,0.2489873,-2.592341,0.9244533,-0.21710089,-0.046200313,-0.07027943,-0.4285812,-0.25923884,0.10657755,0.2802919
24.43478277193275,35.06521686399416,78.38795,3974399.971675873,72.07836,0.0018287946,0.003388318,-0.24886756,-0.010240987,0.9485181,-0.012274563,0.1805028,-0.08942983,-0.17150354,0.040418737,0.17630851,0.1808822
24.003623304347823,35.192029209683014,80.788605,8899199.948501587,72.29579,0.00044441025,0.00031778947,0.16057132,-3.456188,-0.57126653,0.48972195,0.43703875,-0.20313758,-0.028605737,-0.17847025,-0.039863028,0.18286796
24.586956589458925,35.03623181903528,81.050644,15811200.185394287,72.19924,0.00032390477,-0.0002797224,-0.33183128,1.4169577,-0.47154248,0.024814751,0.29123467,0.26580927,-0.07559233,0.18164687,-0.0766785,0.19716789
24.369565205050215,35.10507235145331,81.59638,13305600.072097778,71.41235,-0.0001030829,9.291281e-05,-0.26296604,1.3622909,-0.082742274,0.0410804,-0.024960764,0.2209796,0.0477632,0.11155577,0.014209809,0.11245714
24.528985389862203,35.079710263267266,73.800804,10972800.458335876,73.71679,0.44558167,-0.49937418,-0.116003096,1.5655595,0.38457495,0.093312964,-0.10301647,0.23123264,0.2999147,0.13635421,0.011440792,0.13683334
24.409420264318722,35.097825908808005,75.01247,11318400.360488892,73.210144,0.1960381,0.19497845,-0.02149377,2.2585378,-0.19135077,0.015003912,0.017438348,-0.13075334,0.25635108,0.2662426,0.019611748,0.26696393
24.068840433535758,35.050724689208764,75.1399,2678400.0643730164,71.6306,-0.041777022,-0.032784365,-0.7688165,-1.214341,2.3969529,-0.05481895,0.044225328,0.3013649,-0.041856825,-0.026242211,0.09935027,0.10275763
24.85869584610084,35.31159408476158,76.05999,3283199.893140793,76.193535,0.883764,0.8862802,0.36188477,-0.24753101,-1.0204943,0.15620707,0.49252942,0.22300458,0.11847108,-0.030315366,-0.12730023,0.13086012
24.278985574781007,35.18478260074926,85.36457,3715200.0450611115,71.72227,-4.121224e-06,2.284226e-06,-0.5168084,0.38876116,-0.8317146,0.10950552,0.44184992,0.0959136,-0.27650285,0.07553562,-0.13804518,0.15735978
24.40217392316393,35.07246365433351,77.73675,5011200.226593018,72.25028,0.004519481,0.004421387,-0.2750385,0.3924451,0.71259093,0.04937085,0.22546637,-0.052746743,-0.09926019,0.0931583,0.167539,0.19169712
24.32608705359737,35.05434782738719,80.59564,2764800.03991127,72.64602,0.0004267696,-0.0007380121,-0.10128845,-0.8448477,0.58481693,0.09753851,0.2746896,0.11952214,0.033569723,-0.22080918,0.14099658,0.26198614
24.278985574781007,35.18478260074926,85.36457,6047999.933052063,71.85437,5.1076477e-06,-2.353181e-06,-0.8431622,2.0041683,0.1080953,0.1515663,0.16335967,0.06858536,-0.15068257,0.16011505,0.007734849,0.16030177
24.365941903817713,35.11594190204278,77.940506,18143999.79915619,72.93795,0.008452508,0.010974823,-0.20842975,0.64079165,-0.15767695,0.0007161051,0.12067284,0.07777187,0.21909639,0.32114825,-0.054047026,0.32566437
24.286231733018653,35.16304365074164,82.86601,8380800.095272064,71.93115,-1.3815053e-06,-4.815094e-06,-0.54442257,3.171815,0.40657794,0.10729841,-0.0767987,0.29289275,-0.07254503,0.10374,0.03087648,0.108237445
24.782608845879178,35.07246365433351,80.82854,7430400.090122223,73.21547,0.0006060485,0.0010248615,-0.46071404,2.6010065,0.038559664,-0.051104203,0.44238782,-0.068344034,0.09246634,0.23631458,0.037172597,0.23922037
24.528985389862203,35.079710263267266,73.800804,13132799.572563171,73.7366,-0.7526983,-0.7982661,-0.095109574,0.7918555,0.6274225,0.22957242,-0.28406662,0.12521283,0.20833683,0.086552374,0.07924348,0.11734924
24.268116089179838,35.07971042955572,81.07262,6047999.933052063,72.445656,-9.087871e-05,-0.00027928362,0.16689382,-1.522413,-0.17158335,0.40036,0.34495246,0.37510696,0.22127748,-0.12490915,-0.027584353,0.12791869
24.481884276880134,35.21376834109622,79.042,691200.0099778175,73.11112,-0.003997912,-0.0047653676,-0.121222556,-2.274599,1.8609418,-0.12630683,-0.3149439,-0.10055161,-0.09748753,-0.16177079,0.12959503,0.20727918
24.53985505838052,35.14492730981283,78.72631,9935999.654960632,72.710754,0.0011986214,0.0041753203,-0.3136531,2.4868455,-0.2509518,-0.17951918,0.061893277,0.09724079,0.30896577,0.19775113,0.016869131,0.19846934
24.43478251062254,35.050724689208764,81.254395,15033599.582862854,71.77793,0.00017809449,3.384518e-05,-0.29337752,1.3889499,-0.97949296,-0.010159001,0.13347523,0.03355205,-0.2376967,0.09091186,-0.036830407,0.098088965
24.373188349496587,35.09782609021359,73.044136,3974399.971675873,73.08266,0.8783361,0.9510064,-0.22778626,0.28115788,0.23879294,0.3330933,0.27325305,-0.4053123,0.089472115,0.08661555,0.07926158,0.11740805
24.152173912100075,34.942029039701325,85.189964,9504000.051498413,72.9286,-1.1555084e-05,-1.6762921e-06,-0.09553447,-1.5326245,-0.23188134,0.18206038,0.6488541,-0.118269004,0.035134602,-0.100466765,-0.041644316,0.10875578
24.264492787947336,35.06521739309379,75.914215,2937599.9909877777,72.34252,-0.011945462,-0.038026318,-0.2478494,-0.5748945,1.4306595,-0.11547773,0.14165363,-0.072716706,-0.1259523,-0.059129037,0.2221863,0.22991954
24.271739312019278,35.0833337340226,74.97577,1814400.0347614288,72.731064,0.12214626,0.1280475,-0.182491,-1.1618291,1.6532198,0.083663434,0.108845435,-0.069059215,0.050986085,-0.091895394,0.0983654,0.13461247
24.782608584568965,35.06521774078783,85.492004,17971200.39653778,72.320724,-6.779088e-07,-2.9944642e-06,-0.16183034,0.7646892,-0.8623248,0.04086012,0.07999843,0.23421487,-0.26297453,0.14921214,-0.18337935,0.23641542
24.572463802625258,35.028985391507106,77.31845,6307200.133895874,73.019485,0.012267042,0.02021897,-0.22282052,1.5101516,0.032047156,0.11928273,0.1800749,-0.19473127,-0.14607787,0.21643852,0.008066637,0.21658878
24.518115930392057,35.170290078269815,76.7112,11664000.262641907,73.2141,0.036556073,-0.013265917,-0.2177226,2.6597629,-0.17839973,-0.12753895,0.27590883,0.16371244,0.4964035,0.12555595,-0.02808733,0.12865922
24.677536062942007,35.07971042955572,84.775665,7603200.0411987305,72.37725,-1.4009965e-05,1.3773914e-05,-0.093928576,2.1530514,0.106865674,-0.22574645,0.22721124,-0.06033855,-0.4270921,0.17545451,-0.006499346,0.17557485
24.171296292717127,35.10648163098043,78.049835,10195199.855804443,72.15658,0.0012156959,0.0048804954,0.34207475,-2.4218762,-0.52544594,0.3635553,0.3263712,-0.15301132,0.23514423,-0.30565107,-0.060094394,0.31150267
24.782608845879178,35.07246365433351,80.82854,3023999.9665260315,72.40468,0.0005033854,0.00031189105,-0.22773382,-0.18042795,0.7589879,0.22151402,0.122301996,-0.115534015,-0.20937958,-0.027939983,0.18607017,0.18815619
24.782608845879178,35.07246365433351,80.82854,2937599.9909877777,72.377945,0.0004918503,0.0002875644,-0.20604318,-0.18672864,0.7372089,0.21596816,0.118888795,-0.10794581,-0.21498492,-0.031923205,0.18700987,0.189715
24.659420157792983,35.13768139626715,82.9603,18143999.79915619,71.551315,-1.3522563e-05,-1.81624e-05,0.12514251,0.32037064,-1.836823,0.22415927,0.562977,0.22278681,-0.14065647,0.054618753,-0.17945866,0.1875863
24.728260869121893,35.15579704180788,79.23173,11836799.665260315,73.320145,-0.0029334892,0.0033782795,-0.17373323,0.61629766,0.5462921,0.011098061,0.22096229,0.33111367,0.2416091,0.07006086,0.043177117,0.082296945
24.731883987437246,34.999999998854186,80.17734,7430400.090122223,73.19117,0.001594019,0.00037562873,-0.13691343,3.0010014,-0.4315297,0.17567554,0.51309556,-0.2609265,0.0056617483,0.2547742,-0.048081893,0.25927162
24.47463793572534,35.15579704180788,74.131996,2764800.03991127,72.738815,0.27334622,0.2552045,0.066971764,-0.35891503,-0.098497264,0.21054241,0.81504774,0.12450269,0.08013362,-0.15458931,-0.05495778,0.1640677
24.46739112421217,35.10507235145331,77.031204,6998399.938201904,72.71497,-0.01433636,-0.018626653,-0.41342998,1.7438288,0.05735656,-0.233581,0.15728393,-0.084132664,0.18423396,0.20459019,0.01270924,0.20498456
24.409420264318722,35.137681214861566,85.684586,11145599.860954285,71.96668,3.7194804e-06,-2.1347105e-06,-0.10488979,2.4180982,-0.16999544,-0.46282238,0.14973325,0.3620865,0.15941699,0.17918867,0.014214208,0.17975156
24.15217408195171,35.09782609021359,90.079155,6480000.084972382,72.12761,8.710359e-08,-5.746969e-08,-0.30688483,2.6527452,1.1592524,-0.32989272,-0.24526945,0.22831506,-0.40123785,0.11034745,0.033037975,0.1151871
24.52536253285706,35.05797113185407,79.99595,5356800.128746033,72.25723,0.00032611357,0.00029063216,-0.30280486,1.1821222,0.46979028,0.090209976,0.079400465,-0.039633863,-0.1646423,0.17771623,0.06519781,0.1892982
24.623188347494935,34.98550731008629,86.27349,172800.00249445438,72.06881,2.3021936e-07,1.2974039e-06,0.28660095,-0.50273174,0.7558778,0.2433545,-0.2637812,-0.14851254,0.23594594,-0.10968947,0.17725115,0.20844603
24.423912946628306,35.13405791039468,84.735344,7084800.187969208,72.19717,-2.7056067e-06,1.9114368e-06,-0.12846462,1.7239388,-0.06260726,0.40672567,0.16676171,-0.06515551,0.021275507,0.1994981,-0.004480428,0.19954841
24.202898613755877,35.17753635462667,82.22561,17798399.897003174,71.66561,1.0716449e-05,-4.9326154e-05,-0.050162748,-1.4971896,1.739499,0.12003789,-0.26533952,-0.31401107,0.29616714,-0.11333831,0.15878208,0.19508286
24.3913043591697,35.05434799367564,86.750465,6566399.786281586,72.471756,1.4000245e-06,-2.3609264e-06,0.22639786,-2.3512256,-0.6839711,0.5733671,0.023544721,-0.12822339,-0.06325551,-0.1422065,-0.04565346,0.14935504
24.572463802625258,35.028985391507106,77.31845,5356800.128746033,72.63195,0.0015850656,0.0069002076,-0.1849688,0.9223339,0.15303996,0.21095037,0.2246412,-0.1639776,-0.22069919,0.16153407,0.034726307,0.16522461
24.268116089179838,35.07971042955572,81.07262,7948799.943351746,72.32974,0.00036398298,-0.00029726498,0.0961106,-2.1944125,-0.4281965,0.46064204,0.2538561,0.29635176,0.317782,-0.23691761,-0.07265424,0.24780758
24.40217392316393,35.07246365433351,77.73675,4406400.123596191,72.21422,0.0008582008,0.0025624381,-0.28216273,0.1678924,0.8522085,0.07329485,0.22664481,-0.078886785,-0.13771102,0.03202035,0.19297403,0.19561258
24.52536253285706,35.05797113185407,79.99595,9763200.252342224,72.27724,-0.00065237435,-0.000925618,-0.07866859,2.2334073,-0.2138783,-0.30775067,-0.039397225,0.22097114,0.036212176,0.18571332,-0.012949147,0.18616422
24.641304357168043,34.938405387540406,81.3883,5097599.927902222,71.89924,-0.00018062633,1.8012159e-05,-0.20327155,1.0114218,0.25435865,0.044096798,0.6367202,0.16299273,0.08641038,0.15005542,0.08946182,0.17469987
24.242753659958876,34.931159481553294,83.59315,691200.0099778175,73.63661,-1.2996592e-05,-1.3517237e-05,-0.089853846,-0.27410263,0.16863945,0.286322,0.21102983,0.026961006,0.7800604,-0.17847836,0.07016578,0.19177529
24.800724541980035,35.0326085145684,80.91604,7257600.139045715,73.216354,-0.00089779135,0.00055274245,-0.380845,2.3914351,0.08033855,0.095428444,0.39969647,-0.25089905,0.13947693,0.21009272,-0.0033311134,0.21011913
24.068840433535758,35.17753635462667,82.62194,15206400.082397461,72.02127,8.364627e-06,6.0654434e-05,0.10715945,-1.7363799,0.56177515,0.33037204,0.19244894,-0.19791797,0.060433727,-0.21024723,0.112933226,0.23865835
24.47463793572534,35.15579704180788,74.131996,4492800.099134445,73.039986,0.08447305,0.25653,0.060033172,0.4880591,-0.31246698,-0.07580068,0.6874546,0.032413315,0.08717829,0.13864237,-0.11254631,0.17857318
24.264492787947336,35.06521739309379,75.914215,5529600.07982254,72.11961,0.02089367,0.028844563,-0.43634415,0.6505162,0.68163687,0.01000892,0.25977746,0.08850146,-0.1634804,0.1158784,0.09017475,0.14683083
24.275362351941567,35.02173896397893,79.32639,10022400.453186035,72.046936,-0.00027780447,0.0003985333,0.0130260065,-2.1684415,-0.42945653,0.22273919,0.1347009,-0.16741228,0.24921775,-0.13190551,-0.08211596,0.15537727
24.442029139218562,35.043478080275,76.86345,10627199.459266663,72.85309,0.012074483,-0.02628005,-0.22430722,2.0766191,-0.43406624,-0.29991144,-0.23435864,0.031307664,0.285308,0.28565234,-0.058957934,0.29167327
24.365941903817713,35.11594190204278,77.940506,18057600.097846985,72.92679,0.009579744,0.010436457,-0.19683321,0.6595128,-0.16166095,-0.00037641078,0.119395986,0.07896222,0.21034876,0.3199525,-0.053890828,0.32445925
24.57246390714934,35.13405809180027,82.83649,6220799.884128571,72.41223,-2.654536e-05,7.760783e-05,0.037634782,1.0554851,0.4708969,0.3425149,-0.004881941,-0.32749492,-0.014704879,0.05962876,0.004654227,0.059810124
24.358695745580064,35.14492749121842,79.46463,17971200.39653778,71.973724,0.0010962054,-0.00047389677,-0.22700678,0.29594317,-0.18122466,0.052397992,0.33048037,0.05918455,0.4623722,0.15604784,-0.10020258,0.18544942
24.514492864338745,35.152173737341,77.98083,14515200.27809143,72.83265,-0.009649549,-0.008535764,0.006973602,1.5064265,-0.22657111,0.039062005,-0.0396839,0.38634,0.031356126,0.2138808,0.022201741,0.21503003
24.471014503837736,35.137681214861566,84.09494,3974399.971675873,72.59593,-3.118121e-05,3.0709576e-05,0.102993876,0.51127,-0.45861596,0.5244719,0.211577,-0.07798665,-0.047354095,0.13139446,-0.08456386,0.15625477
24.35507260113369,35.04710138474188,76.478294,14083199.577713013,72.98475,-0.02559572,-0.034267396,-0.31698284,1.8003339,-0.6141388,0.02612041,0.23807693,-0.29259706,-0.039300554,0.18877174,-0.075701565,0.2033851
24.576087129988778,34.96376817111452,80.53768,8467199.796581268,72.465485,0.0006894683,0.00038546708,0.13098906,2.5670812,-0.11525841,-0.23996064,0.2980227,0.09686878,0.012969881,0.22551064,0.004700949,0.22555962
24.57608686867857,35.22463755910878,78.28966,12095999.866104126,72.81308,0.003081275,0.003646168,-0.04831694,2.1255984,-0.22006296,0.18169361,0.51005507,0.19997427,0.22448131,0.17508744,0.018492674,0.17606133
24.60144921950647,34.9456523441682,85.40489,6998399.938201904,72.05827,1.2131984e-06,-4.4592855e-07,0.018774986,-1.8040807,0.46700132,0.19319159,-0.18152013,0.33451548,0.29853207,-0.14195043,0.08947783,0.16779812
24.264492787947336,35.06521739309379,75.914215,1987199.9858379364,72.585175,0.039904214,0.02771131,-0.08140999,-1.3251234,1.7726247,-0.115910314,0.13847046,0.03259992,-0.07098956,-0.10100667,0.18884745,0.21416281
24.576087129988778,34.96376817111452,80.53768,14947199.88155365,72.28737,0.0005883077,0.00047472035,-0.44629002,0.92988414,0.1237016,0.005480297,0.23941642,0.13919547,-0.085338525,0.065513976,0.013076437,0.06680624
24.068840433535758,35.050724689208764,75.1399,17539199.696159363,72.51766,-0.028314712,-0.022290243,0.19906186,1.4201454,-0.61992574,0.13413948,0.8900499,0.5831817,0.024447704,0.1970754,-0.115254715,0.22830322
24.369565205050215,35.10507235145331,81.59638,8812800.247192383,71.932076,0.000105516636,2.3390183e-05,-0.10336897,0.70676804,-0.46533442,0.22358385,-0.19810861,0.30758852,0.056819696,0.03426345,-0.042827833,0.054847125
24.619565229179578,35.18478278215484,82.255135,1296000.0444173813,73.26171,0.00029156363,0.00027287632,-0.138302,-0.54812455,0.92192656,0.21568686,0.07662914,0.033002723,-0.093922935,-0.121460155,0.20613961,0.23926158
24.202898613755877,35.17753635462667,82.22561,12095999.866104126,71.070496,-1.6545493e-05,-2.9313744e-05,-0.28965062,1.9263232,0.122763366,-0.044704862,-0.06515715,0.07309286,0.18290746,0.1157437,0.013849421,0.11656933
24.507246418659868,35.018115659512056,74.98295,11059200.15964508,73.82724,0.35254544,0.35108343,-0.046212155,1.8618053,-0.27188617,0.009192012,-0.16474923,0.23985153,0.27857006,0.23577842,7.3058623e-06,0.23577842
24.15942034471344,35.02536261613985,84.04098,6307200.133895874,72.47635,2.609184e-05,-2.963459e-05,-0.09092866,-0.43003017,-0.40089566,0.24087286,0.023041423,0.24504852,-0.0065848604,-0.031050459,-0.048455197,0.0575503
24.822463669968496,35.11956556932083,79.471794,15897599.886703491,72.961365,0.001279832,0.0027794275,-0.30826968,-0.7731837,0.35109466,0.2734095,-0.15394989,0.05787403,0.2731203,-0.10167327,0.009367036,0.102103844
24.235507135886934,35.09782643790763,86.62735,15379199.48501587,71.57764,4.830838e-07,1.1015651e-06,-0.0076790527,-0.61716676,0.8592372,0.30530336,-0.17871028,-0.23303801,0.45687014,-0.08986209,0.100250766,0.13463065
24.373188349496587,35.09782609021359,73.044136,9590399.752807617,73.091156,-0.8786758,-0.9316832,0.03018397,2.8037982,-0.0019335374,0.09884253,-0.12354975,0.04964313,0.023044528,0.17001048,-0.02541397,0.17189948
24.40217392316393,35.07246365433351,77.73675,13219200.370788574,72.51711,-0.005190475,-0.008932928,-0.1443543,1.7430296,-0.528464,-0.21827653,-0.040568173,-0.12171575,0.0738944,0.13649711,-0.027750371,0.13928942
24.40579722439643,35.07608730649443,81.130585,12700799.969100952,71.578156,-0.0001610993,0.00013117718,-0.24999283,1.4741207,-0.33308703,0.022895943,0.053501353,0.2532547,-0.011157833,0.13970101,-0.026616238,0.14221391
24.340579657513896,35.072464168316,77.031204,15897599.886703491,73.02467,0.01902504,0.021584665,-0.19160497,0.97976094,-0.53855526,-0.09781087,0.38306034,-0.0878801,0.0027681887,0.17109358,-0.10762074,0.20212679
24.282608510179216,35.10869565592019,73.044136,518399.99034404755,72.90258,-0.8517474,-0.8720648,-0.37048364,-0.27386707,1.0356665,0.45309088,0.16559009,0.08876029,0.41754556,-0.08850842,0.24969424,0.26491687
24.626811465810288,35.05797113185407,83.9315,432000.01480579376,72.5386,2.9096773e-05,3.2038348e-05,0.35811126,-0.9111061,0.58259076,0.23311478,-0.2743074,-0.21387628,0.1378251,-0.13093811,0.10207493,0.16602434
24.43478251062254,35.050724689208764,81.254395,10799999.95880127,71.7998,-4.776481e-06,2.8024593e-05,-0.030976597,0.8480708,-0.51985043,-0.0051860064,0.10192767,0.34522647,-0.09029583,0.12059216,-0.06067082,0.13499413
24.528985389862203,35.079710263267266,73.800804,16243199.788856506,73.802864,0.9482726,0.726676,0.20792158,-0.25202304,0.21573155,0.30322874,-0.20563722,0.15463239,0.03624786,-0.11228804,0.10662203,0.15484464
24.782608584568965,35.06521774078783,85.492004,12441599.768257141,72.73713,-9.67767e-06,-2.5158129e-06,-0.05117267,2.819407,-0.026748748,-0.2507063,-0.43298167,0.30124515,0.2942228,0.15176189,0.030613514,0.15481879
24.62318819070881,35.09782625650204,81.14894,10886399.660110474,72.367485,2.988876e-05,1.691351e-06,0.1139902,2.2600925,0.11410032,-0.14282289,0.1358376,0.26748496,0.17017442,0.11722593,0.015127483,0.11819797
24.72463775080654,35.097825908808005,83.506035,777599.9855160713,72.49361,4.6133497e-05,-1.5429197e-05,-0.13336807,-0.97794604,0.5679447,0.049726777,0.14875819,-0.0855468,0.0767961,-0.14579381,0.078335375,0.1655061
24.24275355543479,35.275361916886446,83.709785,6480000.084972382,72.24779,2.6432584e-05,-3.2574404e-05,-0.5538239,1.8007445,2.080353,-0.2881146,-0.32253996,-0.19371492,-0.011607703,0.12749112,0.14306095,0.19162573
24.3913043591697,35.05434799367564,86.750465,17279999.49531555,71.53095,1.062087e-06,-1.0965476e-06,-0.05755543,0.31872925,0.026057377,0.36323383,-0.6056215,-0.2138525,0.71989834,0.14939283,0.0033333683,0.14943
24.3985509616347,35.079710263267266,82.39983,15724800.484085083,71.43195,-1.9825355e-05,3.7240083e-05,-0.07516678,1.4121288,-1.1044661,-0.17919466,0.13464999,0.04620593,-0.059572734,0.08021364,-0.05065361,0.09486842
24.518115930392057,35.170290078269815,76.7112,14169600.375938416,73.35261,-0.045110773,-0.047821656,0.07003136,1.7740109,-0.25693566,0.057673465,0.018424641,0.28117955,0.18058348,0.12909989,-0.020041058,0.13064618
24.293478074173446,35.130434424522214,78.52256,12960000.169944763,71.866844,-0.0024579458,0.0014407738,0.18106772,0.5107895,-0.075514704,-0.056363918,-0.0023771897,-0.3036325,0.30653933,0.18717091,0.035615046,0.19052921
24.16304339770124,35.14130418675153,77.183464,10368000.35533905,72.1105,-0.0103292465,-0.0031052805,0.3265919,-1.8239477,-0.5542134,0.39953795,0.2911874,-0.09984792,0.13322951,-0.2316894,-0.06308211,0.24012357
24.351449221508126,35.36231895652174,77.53338,10368000.35533905,72.60518,0.011714751,-0.0067476467,0.08191222,1.8713367,1.1560775,-0.55493575,-0.0057049766,0.2489816,0.008776922,0.13392155,0.074191615,0.15309924
24.521739153231497,35.18115965909355,80.50853,259199.99517202377,73.23835,-0.001383959,-0.00055693835,-0.04967635,-2.0585737,1.783891,-0.1341114,-0.30187133,0.08759144,-0.28497544,-0.1666618,0.16867279,0.23712163
24.15942034471344,35.02536261613985,84.04098,6047999.933052063,72.46439,7.629209e-06,-2.0073976e-05,-0.099071056,-0.2211742,-0.38989013,0.21386802,-0.0009615123,0.2536416,0.0022151545,-0.0042531122,-0.049915593,0.05009646
24.626811465810288,35.05797113185407,83.9315,13910400.175094604,72.08129,-1.5087814e-05,-1.4363193e-05,-0.06584302,1.2164427,0.09980737,-0.029361598,-0.018835679,0.39754763,0.12744191,0.07465018,-0.014180051,0.07598502
24.782608584568965,35.06521774078783,85.492004,15897599.886703491,72.62147,-7.511621e-06,-6.953587e-06,-0.15875974,1.4333031,-0.33496416,0.061825566,-0.124767415,0.31250495,0.0009766258,0.25597733,-0.050514016,0.26091388
24.33695651306752,35.26449269887389,75.24537,14687999.680709839,74.24666,-0.40603113,-0.3789719,0.3676808,1.8557059,-0.40549117,-0.15490735,-0.45898807,0.24894547,0.08563496,0.22775556,-0.05511009,0.23432823
24.278985653174068,35.159420527680346,80.15937,4406400.123596191,72.4931,-0.0007924935,-0.0005096346,-0.43472725,0.8127939,0.49007517,0.43468797,0.2693197,0.13499638,-0.07836615,0.119958095,0.078441,0.14332807
24.202898613755877,35.17753635462667,82.22561,8294399.845504761,71.72088,-7.6773926e-05,2.9847894e-05,-0.59911704,2.9153686,0.23109923,0.120490134,0.24025682,0.31587005,-0.12302638,0.18869439,-0.027349938,0.19066618
24.365941903817713,35.11594190204278,77.940506,9244799.850654602,72.24194,0.0057767117,0.005619733,-0.10325312,2.4703188,-0.23981474,-0.32515237,0.047430884,0.061810125,0.38259727,0.15046288,0.015997373,0.15131092
24.72463775080654,35.097825908808005,83.506035,8553600.046348572,72.54092,3.977437e-05,3.905951e-05,-0.37871385,2.7609174,0.068040155,-0.32200196,0.10983184,-0.015844755,-0.07794906,0.20662163,-0.05204544,0.21307564
24.507246418659868,35.018115659512056,74.98295,15638399.68585968,73.83594,0.25622573,0.35561988,0.00024069846,-0.028008953,0.26431906,0.3427824,-0.17723763,0.26974046,0.21559799,-0.0078948885,0.10521108,0.105506875
24.177536001617764,35.01449252133363,77.3516,17452799.99485016,72.57452,0.012358131,-0.011474115,-0.29213327,1.0078598,-0.8930537,0.1266734,0.4704584,0.20552686,0.18774238,0.16890813,-0.14601688,0.22327313
24.55072462237475,35.07608730649443,88.70044,12441599.768257141,72.29667,-3.7771682e-07,1.9560785e-08,-0.16197795,0.22733438,0.52657485,-0.41605535,-0.19186881,0.029966228,0.5635769,0.1195273,0.18683091,0.22179396
24.177536001617764,35.01449252133363,77.3516,2937599.9909877777,71.6949,0.002120176,0.006088016,-0.23594488,-1.1019833,1.5752295,-0.08717244,-0.042544276,0.047238313,0.19365412,-0.12150733,0.20655534,0.23964377
24.409420264318722,35.097825908808005,75.01247,15983999.588012695,73.88005,0.34691358,0.33145526,0.061625287,1.0189775,-0.59188807,0.17511588,0.1500006,-0.062139817,-0.122477956,0.18794821,-0.024871444,0.1895867
24.782608584568965,35.06521774078783,85.492004,14342399.778556824,72.842545,1.1172885e-05,1.077962e-05,-0.09703164,2.2904828,-0.015586918,-0.09200414,-0.29421544,0.28158832,0.154684,0.19353671,0.0028678146,0.19355796
24.481884276880134,35.21376834109622,79.042,1382400.019955635,73.1115,0.0033944983,0.003411283,-0.22231694,-1.815562,1.8815244,-0.1880717,-0.40894756,-0.1126489,-0.15678763,-0.14340161,0.16591379,0.21929753
24.579710091518006,35.06884069756067,84.24473,3974399.971675873,72.50204,1.7186863e-05,-1.0812683e-05,0.41425878,-0.4992234,0.65177655,0.200019,-0.26372835,-0.05947659,0.013901265,-0.13388395,0.16404775,0.21174648
24.471014503837736,35.137681214861566,84.09494,10886399.660110474,71.901764,1.6266647e-05,-9.327708e-06,0.056944594,2.4627492,-0.087267764,-0.26069686,-0.04814008,0.35198033,0.038935766,0.12951888,-0.011899509,0.13006437
24.351449221508126,35.36231895652174,77.53338,15120000.381088257,72.0516,0.0066766385,0.00068497355,0.23816802,0.9847545,-0.5009812,-0.57884717,-0.22597003,0.119323105,0.037697166,0.09230951,-0.049272448,0.10463661
24.75362311542571,35.148550251468535,82.31272,16675200.489234924,71.9017,-2.9875335e-05,-8.095366e-05,-0.2573508,0.17410703,-0.7786928,0.2644557,0.27066836,0.18360728,0.08124432,0.014722845,-0.1782842,0.17889108
24.507246627708035,35.15217355593542,72.15966,4665599.775981903,73.965935,0.056593418,0.17824434,0.2132469,0.9218303,-0.45173222,0.08097989,0.84511125,0.11349782,0.29040092,0.15239693,-0.07374451,0.16930173
24.619565229179578,35.18478278215484,82.255135,6307200.133895874,72.48678,0.00013517716,9.3220355e-05,-0.029716711,2.8057559,-0.1863692,0.21388367,-0.025725707,0.04156162,0.08213598,0.19068964,-0.03185475,0.193332
24.53985505838052,35.14492730981283,78.72631,3715200.0450611115,72.58828,-0.001011657,0.0010299896,-0.2957489,0.15964249,1.2108657,-0.2794812,-0.11223934,-0.08708199,-0.2909094,0.015457294,0.1865359,0.18717524
24.409420342711783,35.02898555779556,73.23672,16588799.691009521,73.21774,-0.8349441,-0.7127552,-0.14325133,-0.10166122,0.33985054,0.4893089,0.23313373,0.016608287,-0.033972427,-0.038470905,0.24775515,0.2507242
24.2137679164399,35.101449394680465,78.1842,15724800.484085083,72.10189,0.0041108932,-0.0010067011,-0.17502573,-0.6518136,0.091055185,0.01180115,0.5361719,-0.11478803,0.13877106,-0.09543112,0.011354857,0.09610428
24.152173912100075,34.942029039701325,85.189964,1814400.0347614288,73.32187,-3.1549744e-06,-1.591391e-06,0.08492459,-0.3183061,0.19384332,0.25950414,0.22174823,0.2698325,0.14028841,-0.16765581,0.059567288,0.17792338
24.35507260113369,35.04710138474188,76.478294,7084800.187969208,72.38214,-0.0065469514,-0.018348148,-0.1980775,1.577811,0.26960486,-0.062382884,0.1607964,0.19531932,0.083304495,0.15950167,0.03090484,0.16246814
24.373188532413735,34.85507217391305,83.68782,6566399.786281586,72.34369,3.3228564e-05,5.8729984e-06,-0.15730423,-1.1228157,0.46902418,0.6138612,0.30293646,-0.20575279,0.09950811,-0.10319532,0.073228866,0.1265375
24.275362351941567,35.02173896397893,79.32639,16156800.087547302,71.73214,0.0010620299,0.0007465915,-0.38222945,0.55333835,-0.43126667,-0.07119005,0.3830933,0.15100011,0.16051385,0.20105155,-0.1341707,0.24170953
24.85869584610084,35.31159408476158,76.05999,3456000.11844635,76.18407,0.84623647,0.83917516,0.34503496,-0.27501178,-1.0230033,0.15973783,0.49392098,0.2476705,0.12519446,-0.034279156,-0.120644435,0.12541986
24.268116089179838,35.07971042955572,81.07262,11491199.7631073,71.64384,0.00014241808,-7.212036e-05,-0.16040853,-0.67624366,-0.55242157,0.2826051,0.14052677,-0.00072942674,0.1324889,-0.12058019,-0.115197435,0.1667634
24.800724541980035,35.0326085145684,80.91604,15120000.381088257,72.54797,0.00029666495,0.0005215169,-0.205014,0.50061226,0.26700604,0.25797728,0.24774104,-0.18569398,0.17145562,0.104832724,0.03183604,0.10956018
24.782608845879178,35.07246365433351,80.82854,8208000.144195557,73.29115,0.00065662636,-0.0008157148,-0.3283301,2.6766768,-0.17877156,-0.13018367,0.41633877,0.0075835735,0.14315581,0.22075874,-0.0043984,0.22080255
24.003623304347823,35.192029209683014,80.788605,7171199.889278412,72.607124,-0.0006021331,0.00021902738,-0.019051064,-2.8956358,-0.6090434,0.3526196,0.4252255,-0.10829011,0.26461127,-0.08586148,-0.03816275,0.093960576
24.528985389862203,35.079710263267266,73.800804,8812800.247192383,73.84916,-0.03929422,-0.27899468,-0.21910834,2.1082733,0.2020118,0.005969316,0.15581676,0.116679564,0.32144094,0.14118208,0.02012047,0.1426086
24.3985509616347,35.079710263267266,82.39983,3628800.0695228577,72.53978,7.047154e-05,8.5416705e-06,0.18993695,-0.56134474,0.33679426,0.14069963,-0.12731361,0.19275054,-0.1663459,-0.10173595,0.08076678,0.12989794
24.373188532413735,34.85507217391305,83.68782,13391999.773406982,72.367424,3.550536e-05,-3.5852463e-05,-0.3245152,-1.2965765,-0.06849499,0.13983071,-0.027570501,-0.39093313,0.014000921,-0.16150871,-0.022641033,0.16308795
24.518115930392057,35.170290078269815,76.7112,13478399.474716187,73.26812,-0.04479917,-0.043123994,-0.008618183,2.0472817,-0.13970971,-0.016530871,0.11935875,0.2560727,0.28301564,0.11806414,-0.013304156,0.11881138
24.586956589458925,35.03623181903528,81.050644,14515200.27809143,72.12377,-0.0003066351,0.00031327523,-0.4215424,1.7971787,-0.016876528,-0.027767725,0.19794033,0.39188656,0.0986608,0.16184323,-0.014561449,0.16249697
24.40217392316393,35.07246365433351,77.73675,2678400.0643730164,72.1999,0.0063548777,0.0058833486,-0.25371084,-0.56495905,1.1390724,0.088172175,0.24003816,-0.029288158,-0.17576453,-0.063836806,0.15619802,0.16873932
24.409420264318722,35.137681214861566,85.684586,2246400.0495672226,72.16137,-4.064265e-06,-4.7168405e-06,0.06774664,0.6112436,-0.63955605,0.5489771,0.4125828,0.07112639,-0.31181717,0.16794053,-0.15644749,0.22952089
24.409420264318722,35.097825908808005,75.01247,7862400.2420425415,72.90736,0.14329657,0.1316387,-0.2821874,3.1600852,0.019455135,-0.1633628,0.20138645,-0.0038486943,0.20246997,0.2567096,-0.02741766,0.2581696
24.55072462237475,35.07608730649443,88.70044,13910400.175094604,72.37707,-3.248072e-07,-4.4503853e-08,-0.18881826,-0.24268039,0.27379942,-0.07629619,-0.3334172,-0.03806948,0.6377699,-0.12824647,0.17763585,0.21909279
24.677536062942007,35.07971042955572,84.775665,16675200.489234924,72.06606,8.305507e-06,2.4095557e-06,-0.32390326,0.63674533,-0.71671826,0.2127322,-0.015938066,0.2711109,-0.018080372,0.048179984,-0.088783346,0.10101383
24.06159400092239,35.235507653915,77.223785,3023999.9665260315,72.54433,0.0101552,-0.014726847,-0.5393493,-0.78969145,-0.49778825,0.050536595,0.07473365,0.15318999,0.30286554,-0.14032571,-0.05037714,0.14909448
24.15217408195171,35.09782609021359,90.079155,3974399.971675873,71.56005,5.5169842e-08,5.5662465e-08,-0.14852381,1.6408145,0.3375007,-0.32146275,-0.27198163,-0.013811797,-0.59094435,0.30065054,0.03228166,0.30237865
24.782608845879178,35.07246365433351,80.82854,5011200.226593018,72.9824,-0.0008029336,-0.00073258916,-0.59425586,0.6744166,0.6380016,0.20329916,0.29358798,-0.16840634,-0.03752233,0.12029719,0.06231759,0.13548024
24.423912946628306,35.16304383214723,83.815254,10799999.95880127,71.716866,1.3357021e-05,-1.8270039e-05,-0.09143994,3.0615973,-0.11741298,-0.3256587,-0.054916926,0.3785241,0.014216205,0.12164689,-0.014526832,0.1225112
24.423912946628306,35.16304383214723,83.815254,11836799.665260315,71.59552,3.0489266e-06,-1.1652928e-05,-0.07664745,2.4252923,0.027745247,-0.3277632,-0.04752408,0.47673059,0.010946903,0.1395399,0.00073388434,0.13954182
24.202898613755877,35.17753635462667,82.22561,2592000.0888347626,72.81262,-2.0489457e-05,0.00014062937,-0.3025113,-0.09266113,-0.3268606,0.29420644,0.7034306,0.4608344,0.24087474,-0.02948377,-0.123449326,0.12692136
24.55434784521419,35.039855304907746,78.730316,14342399.778556824,72.8087,-0.0046975375,-0.0029791917,-0.30040002,1.7686334,-0.27075142,-0.035210818,0.20895183,0.27953756,0.29643083,0.1851824,-0.032013327,0.18792917
24.32608705359737,35.05434782738719,80.59564,16588799.691009521,71.45265,1.5453048e-06,0.00026202007,-0.5584878,1.3521558,-0.7236582,0.07359579,0.27347082,-0.00231006,0.17483538,0.3601147,-0.14064692,0.38660592
24.271739312019278,35.0833337340226,74.97577,16243199.788856506,73.61269,0.28022546,0.29266846,-0.19991794,2.035959,-0.8628018,-0.0002996102,0.4526116,-0.14845178,0.09998047,0.19096535,-0.039399475,0.1949874
24.53985505838052,35.14492730981283,78.72631,18316800.298690796,73.175804,0.0067057563,0.0033981549,-0.009648435,1.0152175,-1.2630674,0.42647958,-0.15825057,0.05255524,0.14176181,0.108518034,-0.13300943,0.17166151
24.409420264318722,35.097825908808005,75.01247,1900800.0102996826,72.677086,0.11832225,0.11116549,-0.16736147,0.05217865,0.294658,0.44972223,0.5397465,-0.046244122,0.2831794,-0.004237641,0.06759109,0.0677238
24.351449221508126,35.36231895652174,77.53338,17539199.696159363,72.78946,-0.012005474,-0.010629063,0.08374515,1.403715,-0.67366123,-0.3765779,-0.8333862,0.062366053,0.08030388,0.13828617,-0.11494661,0.17982155
24.619565229179578,35.18478278215484,82.255135,16243199.788856506,71.654175,-6.627846e-05,7.080755e-05,-0.041190017,2.7471318,-1.4889207,0.03459335,0.497445,0.32437387,0.336705,0.097742826,-0.07030531,0.1204014
24.409420342711783,35.02898555779556,73.23672,8380800.095272064,73.30204,-0.39375374,-0.35441735,-0.13365576,1.8146741,-0.114032574,0.2001372,-0.016089804,-0.02088514,0.086266994,0.23712456,-0.0014147392,0.23712878
24.800724541980035,35.0326085145684,80.91604,7430400.090122223,73.24415,-0.000820545,0.0009710899,-0.35655135,2.4731257,0.01942683,0.07217472,0.40352473,-0.23620108,0.15747926,0.20975716,-0.012192347,0.21011122
24.55434784521419,35.039855304907746,78.730316,14515200.27809143,72.81759,-0.00439605,-0.003362001,-0.3025151,1.7223617,-0.3106212,-0.008009702,0.21200576,0.26264113,0.28717852,0.17930228,-0.035230786,0.18273072
24.423912946628306,35.13405791039468,84.735344,4579200.074672699,72.282974,1.31342795e-05,3.098384e-06,-0.061953504,0.7000208,-0.57882464,0.52018225,0.3864421,-0.036926024,-0.07516839,0.22226724,-0.13774565,0.26148918
24.40579730278949,34.98550712868071,82.545616,5615999.781131744,71.94652,-6.149532e-05,-6.250437e-05,0.12126385,-1.0777203,0.04958272,0.42598397,0.27056018,0.11123513,0.26321393,-0.23619714,0.043128166,0.24010234
24.655797039477626,35.09782643790763,82.953125,4492800.099134445,72.47801,-4.1741325e-05,-9.378266e-06,-0.18752784,-0.0012492836,1.114955,0.032984693,-0.21527731,-0.08562278,-0.015348457,0.04015728,0.18319462,0.18754433
24.481884276880134,35.21376834109622,79.042,12355200.066947937,72.3236,-0.0016047028,0.00027547235,0.1271005,1.6255045,0.12253605,0.002899997,0.12538293,0.28802353,-0.020498,0.10529919,0.023814829,0.10795863
24.409420342711783,35.02898555779556,73.23672,4233599.898290634,73.213615,-0.9753215,-0.9576312,-0.11269465,0.59272736,-0.03733787,0.2928502,0.1335992,-0.27070364,0.26196456,0.20983535,-0.041049577,0.21381287
24.49275373635028,34.95652190987481,78.13308,12614400.267791748,72.64502,0.002979763,-0.001904473,-0.24468371,1.8226079,-0.22347452,-0.24092406,-0.0587798,0.20337012,-0.03174422,0.18772487,0.010549934,0.18802108
24.46739112421217,35.10507235145331,77.031204,3628800.0695228577,72.40838,0.014419497,0.0013790859,-0.18493393,-0.3760271,0.84281766,-0.11309301,0.24843776,-0.08179017,-0.15010211,-0.07289599,0.16183412,0.17749397
24.507246627708035,35.15217355593542,72.15966,2159999.936914444,73.29346,0.3023228,0.21023743,0.08771162,-0.22647221,-0.38296324,0.24611056,1.108103,0.20589739,0.25453952,-0.13278912,-0.17162444,0.21699746
24.525362323808892,35.01449270273921,80.76379,259199.99517202377,72.20101,0.0002663985,-0.0003013393,0.18784766,-1.8119183,1.1736838,-0.084228255,-0.24871051,-0.08477079,0.18679085,-0.18433517,0.08798515,0.20425682
24.677536062942007,35.07971042955572,84.775665,15379199.48501587,72.241554,-1.22521615e-05,6.091451e-06,-0.2510823,0.93519956,-0.2906171,0.13861173,-0.050641216,0.30831346,0.18596947,0.07639278,-0.034589037,0.08385856
24.623188347494935,34.98550731008629,86.27349,9935999.654960632,72.33314,2.0341572e-06,2.1454223e-06,0.35445565,-1.9309254,-0.140958,0.5130034,0.44068363,-0.047364198,0.33239886,-0.12942305,-0.04093226,0.13574158
24.731884091961334,34.88405773852335,82.62194,3542400.093984604,71.75065,-3.717636e-05,5.1276304e-05,-0.07228832,0.4973132,0.3404768,0.2386182,0.18112051,0.3086206,0.21573418,0.062404048,0.0633758,0.08894244
24.47463793572534,35.15579704180788,74.131996,6047999.933052063,73.36731,0.4541161,0.418996,-0.1271281,1.4664714,-0.25731498,-0.2001313,0.5283268,-0.083397366,0.2337488,0.31253877,-0.07176657,0.3206726
24.528985389862203,35.079710263267266,73.800804,6393599.835205078,73.834435,0.97011054,0.9646008,0.011756964,1.4721211,0.06561139,-0.03935156,0.3918904,-0.052548654,0.31477123,0.22196744,0.021130754,0.22297098
24.268116089179838,35.07971042955572,81.07262,172800.00249445438,73.70685,2.659184e-05,-0.00086525554,-0.098962665,-1.6783239,0.5913838,0.17522089,0.28652018,0.22654715,0.052669957,-0.1686251,0.029608367,0.17120479
24.40217392316393,35.07246365433351,77.73675,2851200.015449524,72.185074,0.006394793,0.0058176387,-0.2655037,-0.4677565,1.1150995,0.08986516,0.23419857,-0.04195053,-0.17609537,-0.05758106,0.16070586,0.17071015
24.33695651306752,35.26449269887389,75.24537,12787199.670410156,73.038246,-0.044558357,-0.004836001,0.3384835,2.229355,0.12953937,-0.014053427,-0.40546474,0.42855784,0.17522642,0.23389186,0.03263292,0.23615739
24.586956589458925,35.03623181903528,81.050644,8553600.046348572,72.34812,0.0003832914,-0.00017422179,0.14729604,2.237362,0.10137386,-0.21259966,0.33373755,0.08156337,-0.16543892,0.22100182,0.032291595,0.2233485
24.85869584610084,35.31159408476158,76.05999,11750399.96395111,76.088234,0.8810426,-0.9130484,-0.41258556,1.4737238,-0.38453782,-0.05130881,0.1927231,-0.005898677,0.3581786,0.28674132,-0.04209872,0.28981525
24.32608705359737,35.05434782738719,80.59564,7948799.943351746,72.07077,0.00020832814,0.00016359331,0.22424437,-2.522537,-0.5869933,0.36904803,0.118150815,0.21516114,0.28094682,-0.07119964,-0.029525235,0.077078715
24.068840433535758,35.17753635462667,82.62194,17020800.39138794,72.07525,3.7067464e-05,4.6285597e-05,0.010667592,-1.798394,1.1655128,0.29919693,0.0065139607,-0.2573654,0.0711564,-0.14213826,0.11670983,0.1839143
24.518115930392057,35.170290078269815,76.7112,8380800.095272064,73.06514,0.0027247942,0.031126339,-0.5272006,2.6750631,-0.29012406,-0.21386352,0.32320708,-0.025365978,0.4464874,0.22449909,-0.01641425,0.22509836
24.677536062942007,35.07971042955572,84.775665,2332799.8879909515,72.63338,1.7355307e-05,-2.3979715e-06,0.26440662,0.10062549,0.50738955,0.004101075,-0.005371079,0.037277747,0.103627756,-0.024940185,0.06360468,0.068319604
24.32608705359737,35.05434782738719,80.59564,12268800.365638733,71.56009,-0.00026613448,-0.000107427084,-0.26103747,-0.08437218,-0.6424514,0.21072754,0.14277174,-0.026710726,-0.019756272,-0.008663991,-0.06966453,0.07020122
24.409420342711783,35.02898555779556,73.23672,14169600.375938416,73.22252,0.8540688,0.20147587,-0.16864865,0.87745696,0.21164721,0.5662573,0.16696507,0.031594306,-0.019301172,0.2189794,0.04686925,0.22393906
24.409420264318722,35.137681214861566,85.684586,14687999.680709839,71.41601,1.1666392e-06,-2.4421004e-06,-0.140859,1.6940887,-0.14169303,-0.1699228,0.002849251,0.13028115,0.47848737,0.15978226,-0.0108980825,0.16015348
24.677536062942007,35.07971042955572,84.775665,6912000.2368927,72.39056,-9.483846e-06,1.2415635e-05,-0.10062681,1.7680998,0.19211805,-0.2121774,0.20722783,-0.04482445,-0.44693026,0.17984925,0.030008838,0.18233563
24.49275373635028,34.95652190987481,78.13308,10108800.15449524,72.74534,0.0022271187,0.007615152,0.029221885,2.446856,-0.78284925,-0.24540704,-0.2723236,0.098605305,0.08157588,0.19748081,-0.058867857,0.20606819
24.16304339770124,35.14130418675153,77.183464,604799.9658823013,73.45805,0.02826376,0.020250604,-0.2417891,-0.053980783,1.3494536,-0.1131288,-0.018125147,0.4911814,0.14924274,-0.0036456583,0.20569918,0.20573148
24.728260869121893,35.15579704180788,79.23173,4924799.976825714,73.19496,-0.0007776514,-0.0032547715,-0.26854748,1.3697301,0.5059627,-9.3996525e-05,0.21443012,0.42805657,-0.05961939,0.15311725,0.046680298,0.1600748
24.47463793572534,35.15579704180788,74.131996,10972800.458335876,73.56544,0.32973537,0.55981624,-0.084927715,2.5115294,-0.1918785,0.027537338,0.12471708,0.05829552,0.5150218,0.19488825,0.034570474,0.19793066
24.57608686867857,35.22463755910878,78.28966,15465600.283241272,72.99903,-0.004818933,0.0012158444,-0.02447743,1.4003574,-0.50003,0.092731565,0.10760123,0.25516906,0.11104332,0.10842562,-0.03930039,0.11532838
24.47463793572534,35.15579704180788,74.131996,17193599.794006348,73.622635,0.2256181,0.6025324,0.3467589,0.746039,-0.48738408,0.07268825,-0.21408615,0.09143272,-0.11334091,0.0830085,-0.06781096,0.10718553
24.15942034471344,35.02536261613985,84.04098,5529600.07982254,72.4498,-2.7017366e-05,1.4475773e-05,-0.11713972,0.17249583,-0.39517146,0.16952118,-0.04324025,0.2668036,0.009542868,0.05441683,-0.058750484,0.080080025
24.373188532413735,34.85507217391305,83.68782,10713600.257492065,72.23159,-1.000353e-06,-1.1194458e-05,-0.17459352,-2.4782836,0.48704362,0.11148515,0.15250914,-0.36138466,-0.40767133,-0.20420909,0.038089152,0.20773092
24.35507260113369,35.04710138474188,76.478294,1900800.0102996826,72.23914,0.021048954,0.013358241,-0.040447894,-0.33155227,0.6768024,0.2986979,0.25614387,-0.023304634,-0.019513194,-0.06568043,0.18064448,0.19221433
24.06159400092239,35.235507653915,77.223785,12009600.164794922,72.74265,0.005574267,0.012638388,0.3256567,-2.6879954,-0.79132944,0.3689471,0.034847245,-0.09648173,0.017080966,-0.19847687,-0.04186035,0.20284317
24.572463802625258,35.028985391507106,77.31845,11231999.562263489,73.48219,0.014659319,0.024857476,-0.0966215,2.093734,-0.18615335,-0.33368388,-0.051697053,0.3731728,0.5018331,0.13143685,0.018796133,0.13277403
24.242753659958876,34.931159481553294,83.59315,10108800.15449524,72.71597,-3.3675362e-05,-2.1423935e-05,-0.041428015,-2.4635923,0.05458855,0.1884834,0.48657772,-0.18670401,-0.17822877,-0.16639118,-0.004463994,0.16645105
24.068840433535758,35.17753635462667,82.62194,8467199.796581268,71.7689,-4.149629e-05,-4.1357966e-05,-0.5131748,2.215405,0.24525924,-0.116731636,0.2528081,0.16095977,-0.096651055,0.12296807,0.010223514,0.12339233
24.43478277193275,35.06521686399416,78.38795,2159999.936914444,72.23315,-0.00012191502,-0.0028104782,-0.18050331,-1.1037809,1.2110696,-0.025365233,0.22933859,0.0101748705,-0.189704,-0.08092517,0.15777475,0.17731822
24.57246390714934,35.13405809180027,82.83649,11059200.15964508,71.977974,5.5957196e-05,4.9105027e-05,0.23751514,2.0724907,-0.06313129,-0.09915195,-0.15179685,0.23590684,-0.047094278,0.1450258,-0.019663824,0.14635283
24.351449221508126,35.36231895652174,77.53338,5788799.732208252,71.73032,-0.0033300628,0.0021873973,0.15389845,3.1398342,2.1228316,-0.16460857,-0.37557676,0.1962339,0.4458857,0.21676558,0.08845611,0.2341192
24.471014503837736,35.137681214861566,84.09494,8726399.99742508,72.07284,-5.10728e-06,3.7608722e-06,0.14361477,3.0871155,-0.2044452,0.04838869,0.026720103,0.02703964,0.030957328,0.06371078,-0.0069779153,0.064091764
24.068840433535758,35.17753635462667,82.62194,16675200.489234924,72.03643,4.0083214e-05,7.180323e-05,0.043205388,-1.8805032,1.0355603,0.32229605,0.049925677,-0.24730447,0.079042554,-0.14956267,0.11416643,0.18815677
24.40217392316393,35.07246365433351,77.73675,1814400.0347614288,72.35887,0.0066815014,0.0033778965,-0.15577939,-1.1534042,1.2426016,0.07289796,0.2844008,0.048465192,-0.16175991,-0.11714834,0.1496858,0.1900778
24.62318819070881,35.09782625650204,81.14894,4060799.9472141266,72.531166,0.0002126481,0.00010023712,-0.35781068,0.08143164,1.1632173,0.20325294,-0.26554972,-0.12256984,-0.021578401,0.03210648,0.19179794,0.19446665
24.52536253285706,35.05797113185407,79.99595,1987199.9858379364,72.04563,0.0007629566,3.7791444e-05,-0.17784801,-0.86406994,1.1861331,-0.07811964,0.01669686,-0.001033105,-0.11570861,-0.09455346,0.18299717,0.20598136
24.62318819070881,35.09782625650204,81.14894,14601599.979400635,72.306656,-6.306114e-05,0.00034488123,-0.28702188,1.792534,0.13957499,-0.11732512,0.07608347,0.40410563,0.32158253,0.15348062,0.038481347,0.15823121
24.351449221508126,35.36231895652174,77.53338,1728000.059223175,72.75537,0.003162878,-0.0106841065,0.23213251,-1.9625218,0.5221386,0.2337901,-0.0688696,-0.0019712448,0.42194954,-0.19809726,0.06881535,0.20970951
24.442029139218562,35.043478080275,76.86345,12787199.670410156,72.980385,0.027971117,0.017851911,-0.28495452,1.6691513,-0.26666313,-0.14228436,-0.2297869,-0.04274498,0.10496814,0.17925352,-0.016784105,0.18003759
24.373188349496587,35.09782609021359,73.044136,10108800.15449524,73.130775,-0.92426544,-0.8750752,0.056465656,2.779766,-0.023644608,0.12347412,-0.12432193,0.06621405,0.029542863,0.17784783,-0.022825925,0.17930666
24.655797039477626,35.09782643790763,82.953125,9244799.850654602,72.27672,-6.607152e-05,-6.573647e-05,0.04311528,2.7375233,-0.06204039,-0.19777578,0.03339712,0.04764304,-0.2181896,0.15583992,-0.0025051117,0.15586005
24.171296292717127,35.10648163098043,78.049835,86400.00124722719,73.92628,0.011161969,0.001065597,0.013072751,-1.3945315,1.9064721,-0.08432651,0.119472735,0.5086881,0.18811008,-0.23056045,0.30079207,0.37899074
24.641304357168043,34.938405387540406,81.3883,13478399.474716187,72.251816,-0.0002528552,-0.00019287698,-0.34601676,1.52564,0.12973934,-0.1392965,0.24721566,0.18714198,-0.15676224,0.068743415,0.0010647314,0.06875166
24.33695651306752,35.26449269887389,75.24537,13391999.773406982,73.435394,-0.13912557,0.13064153,0.37470394,2.1309624,-0.0338779,-0.047856353,-0.42977232,0.4067135,0.1471633,0.23457693,0.023717511,0.23577288
24.52536253285706,35.05797113185407,79.99595,13996799.876403809,72.26692,0.000635816,0.00045573222,-0.41549414,2.7182171,-0.20531629,-0.10242563,0.124704584,0.32525173,0.14839226,0.1994611,-0.011233755,0.1997772
24.3913043591697,35.05434799367564,86.750465,3196799.917602539,72.202774,-9.4391226e-07,-1.8706264e-06,0.28445107,-1.0225612,-0.75391716,0.6751388,-0.3363862,-0.035204098,-0.19408163,-0.11506871,-0.07773981,0.13886788
24.731884091961334,34.88405773852335,82.62194,15638399.68585968,72.66411,-1.5070873e-05,-0.000125897,-0.11189443,0.02761881,-0.71134984,0.16181238,0.18762295,0.07003767,-0.39847744,-0.029411314,-0.14627372,0.14920129
24.623188347494935,34.98550731008629,86.27349,9331199.551963806,72.38834,2.8896995e-06,1.7952605e-06,0.39668864,-1.9277434,-0.15046553,0.49837536,0.39799738,-0.0065992028,0.34940845,-0.14000145,-0.051385038,0.1491336
24.43478277193275,35.06521686399416,78.38795,1987199.9858379364,72.27125,-0.0012542239,-0.0037123514,-0.16463923,-1.2327448,1.2223598,-0.026896276,0.23652804,0.022387698,-0.18732113,-0.09620612,0.15838458,0.18531403
24.619565229179578,35.18478278215484,82.255135,17625600.494384766,71.41632,-5.273439e-05,-5.2072148e-05,0.20492361,1.5583388,-1.9785396,0.17727524,0.7913721,0.31735387,0.2814429,0.08700809,-0.1435828,0.16788815
24.286231733018653,35.16304365074164,82.86601,16156800.087547302,71.06112,1.2772937e-05,9.555597e-06,-0.075278565,-0.43881953,0.59480876,0.06797474,-0.016152985,-0.05918751,0.47411487,-0.070236996,0.105488755,0.12673244
24.62318819070881,35.09782625650204,81.14894,13132799.572563171,72.387924,-0.00018504245,0.00018176579,-0.2181877,2.0386267,0.39983797,-0.15270472,0.028189309,0.40540645,0.3555021,0.16544913,0.052910555,0.1737036
24.46739112421217,35.10507235145331,77.031204,12009600.164794922,72.90097,0.012097774,-0.018131366,-0.15934464,2.2485325,-0.30843174,-0.27202144,-0.108988546,0.0460395,0.3426268,0.1556282,-0.007949623,0.15583111
24.242753659958876,34.931159481553294,83.59315,18230399.500465393,70.250595,-5.509967e-06,2.052191e-06,-0.2103862,0.42255092,0.32589006,-0.06630913,0.0775447,0.61553556,0.72495973,0.112049215,0.06926145,0.13172765
24.282608510179216,35.10869565592019,73.044136,5097599.927902222,72.984634,0.6122545,0.86350596,-0.7124433,0.4903084,0.37736112,0.38253826,0.03873407,-0.5709484,-0.09483474,0.097640835,0.08337439,0.12839401
24.33695651306752,35.26449269887389,75.24537,12700799.969100952,72.984535,-0.030910414,-0.0034174353,0.33169073,2.2418234,0.15204784,-0.010007016,-0.40169725,0.42898795,0.17915222,0.23288244,0.032816805,0.23518328
24.521739153231497,35.18115965909355,80.50853,86400.00124722719,73.290924,-0.0014914854,-0.00043645737,-0.009397648,-2.1095793,1.7784458,-0.13922021,-0.2823609,0.086573586,-0.2792127,-0.16011609,0.16543083,0.23022711
24.75362311542571,35.148550251468535,82.31272,1123200.0247836113,72.327705,-1.2100113e-05,-3.0881885e-05,-0.25424254,-0.972949,0.92684627,0.10305558,0.26683554,-0.027938135,-0.01763061,-0.16796322,0.20319419,0.26362762
24.442029139218562,35.043478080275,76.86345,3974399.971675873,72.291,0.013170535,-0.0052657207,-0.22621725,0.7149864,0.39224327,0.13582547,0.19951734,-0.10711453,-0.0012076348,0.111367665,0.09005601,0.14322305
24.17028990870767,35.119565206509655,75.23819,3023999.9665260315,72.56717,0.0621581,0.079791866,-0.67327434,0.13210475,1.0352404,-0.19301233,0.05546085,-0.02033887,-0.09634345,0.039047252,0.16542666,0.16997255
24.55072462237475,35.07608730649443,88.70044,16502399.989700317,71.88795,1.6672881e-07,-1.8562949e-07,-0.14832842,-0.6940259,0.04264633,0.11084056,-0.39932966,-0.12184832,0.5386104,-0.1965883,-0.0064725056,0.1966948
24.43478277193275,35.06521686399416,78.38795,3110399.9420642853,72.0924,0.00342517,0.0029098983,-0.23550545,-0.46144825,1.1044091,-0.0168145,0.2008059,-0.053580225,-0.19246748,-0.015242438,0.16795643,0.16864665
24.2137679164399,35.101449394680465,78.1842,1900800.0102996826,72.884094,0.0034257362,0.006813987,-0.123447716,-1.2945204,1.5491154,0.010220818,0.2825798,0.34628725,0.15374713,-0.10933306,0.17509693,0.20642832
24.202898613755877,35.17753635462667,82.22561,9244799.850654602,71.55344,-8.206251e-06,3.7087553e-05,-0.50467056,3.009249,0.15213771,-0.0017707869,0.14192387,0.25199503,-0.041645885,0.1574668,-0.007833586,0.15766153
24.40579722439643,35.07608730649443,81.130585,10886399.660110474,71.6703,0.00017333489,6.9429196e-05,-0.08391966,1.1205847,-0.51295096,-0.0072007775,-0.017156944,0.29686803,0.01798003,0.125161,-0.039044157,0.1311096
24.3985509616347,35.079710263267266,82.39983,5702400.030899048,72.25409,5.3429267e-05,5.1960786e-05,0.25676703,-1.6116891,-0.2117149,0.49710205,0.013010249,0.21287048,-0.13743177,-0.11974995,-0.011157517,0.12026862
24.782608584568965,35.06521774078783,85.492004,9935999.654960632,72.71999,4.1845556e-06,-9.766845e-06,-0.21013047,2.6515527,-0.33161372,-0.33748224,-0.14656806,0.32177094,0.27876905,0.15307307,-0.012920691,0.15361741
24.16304339770124,35.14130418675153,77.183464,1123200.0247836113,73.25472,0.028673254,-0.0030778036,-0.31518647,0.00023412704,1.212551,-0.09069244,0.014800068,0.4452521,0.15705025,-0.0036039317,0.23043199,0.23046018
24.608695560661264,35.210145036629335,80.071884,16329599.49016571,72.34847,0.0006325099,0.00087108725,-0.108840406,1.8195662,-0.7824435,0.08031962,0.17460199,0.18053645,0.24800718,0.1560703,-0.082825325,0.1766861
24.731883987437246,34.999999998854186,80.17734,18403200.0,73.453415,-0.0014279217,-0.0011521499,-0.0552368,0.702776,-0.8234579,-0.20813462,0.19437158,0.07213814,0.03032862,0.13765465,-0.13688663,0.19413075
24.268116089179838,35.07971042955572,81.07262,13824000.4737854,71.2771,5.4513446e-05,8.186836e-05,-0.36484766,-0.006631255,-0.40486342,0.17451397,0.15850586,-0.14901581,0.026022544,0.014708633,-0.07301646,0.0744832
24.278985653174068,35.159420527680346,80.15937,16761600.190544128,71.51947,0.00028239816,-0.00033481355,-0.13877288,-0.7451389,0.50751066,-0.012798972,0.21564767,-0.061221622,0.41947857,-0.106489636,0.11549384,0.1570951
24.152173912100075,34.942029039701325,85.189964,11664000.262641907,73.10486,7.4235427e-06,-1.03815755e-05,-0.17445745,-0.93164253,0.5902262,0.1531953,0.6494425,0.028291497,0.3397368,-0.10623487,0.05347816,0.11893596
24.373188349496587,35.09782609021359,73.044136,13564800.27294159,73.26722,-0.6694241,-0.6591911,0.037824906,1.8437903,0.046878457,0.2827406,-0.041925393,-0.14205027,0.025790473,0.13965666,0.006566834,0.13981096
24.235507135886934,35.09782643790763,86.62735,3369599.8686790466,72.20742,-2.180425e-06,4.230869e-07,-0.4564473,0.72892016,-0.9654472,-0.063822575,0.15699667,0.23161253,-0.51434445,0.19533561,-0.22486013,0.29785582
24.507246627708035,35.15217355593542,72.15966,0.0,72.20769,-0.9058544,-0.8098654,-0.22589292,0.025109634,-0.16704372,0.508393,0.89117414,0.26555628,0.23727977,-0.078239776,-0.2710935,0.28215802
24.655797039477626,35.09782643790763,82.953125,2332799.8879909515,72.50642,1.1002068e-05,2.6670326e-05,0.09429966,-0.31047374,0.7453444,0.13417408,-0.15387219,-0.054044418,0.0611671,-0.09337141,0.15584882,0.18167849
24.507246418659868,35.018115659512056,74.98295,3456000.11844635,73.0227,0.16644217,0.15925264,0.0093629435,0.50546235,-0.46467185,0.38688603,0.34748736,-0.13902673,0.18962389,0.038467698,-0.08196114,0.090539455
24.32608705359737,35.05434782738719,80.59564,5270399.878978729,72.30636,-0.00030676115,6.164387e-05,0.20418681,-1.3353639,0.022750571,0.22831717,0.30398363,0.2195853,0.17775393,-0.13846314,-0.010655898,0.13887256
24.242753659958876,34.931159481553294,83.59315,9071999.899578094,72.85049,6.217492e-05,-6.2316874e-05,0.050275266,-3.1150062,-0.19478248,0.26640618,0.55370396,-0.22495273,-0.24745736,-0.19039062,-0.024369359,0.19194388
24.293478074173446,35.130434424522214,78.52256,950400.0051498413,73.29849,0.008934325,-0.0012744415,0.0037559494,-1.9533613,1.673222,0.13373666,0.15603033,0.27927822,-0.08082336,-0.16379723,0.19929406,0.2579683
24.286231733018653,35.16304365074164,82.86601,3801600.0205993652,72.46526,-6.2363426e-05,-2.0644175e-05,-0.30280682,0.83197546,-0.29873717,0.2113795,0.41546452,0.39105868,-0.26531643,0.09709769,-0.03606841,0.10358036
24.15217408195171,35.09782609021359,90.079155,345600.00498890877,71.61915,-5.7586007e-08,2.7114034e-08,-0.37066352,0.5180556,-0.012414837,-0.543921,-0.2828345,-0.26833445,-0.5640498,0.24938329,-0.0741854,0.26018357
24.423912946628306,35.13405791039468,84.735344,864000.0296115875,72.67595,-4.148672e-06,-7.0283413e-06,0.1511736,0.38730943,-0.22774285,0.58943856,0.046340846,0.07329145,-0.28238982,0.103683345,-0.046914533,0.11380338
24.880434869565217,35.11594208344836,73.60822,2592000.0888347626,73.633865,0.94106746,0.3379436,-0.040391717,-0.064140186,-1.160382,0.54882413,-0.20586011,0.0043795705,-0.0021532625,0.014844217,-0.16240062,0.16307762
24.358695745580064,35.14492749121842,79.46463,12527999.469566345,71.812996,0.0009829834,0.00026268692,0.09938218,1.3597878,0.23956998,-0.13190672,-0.149705,0.0089656785,0.18934777,0.12586768,0.027562926,0.12885025
24.677536062942007,35.07971042955572,84.775665,8899199.948501587,72.33139,-1.2590247e-05,1.1375521e-05,-0.044293143,2.6527474,-0.18865725,-0.27618417,0.1498537,0.09361023,-0.23197585,0.20894848,-0.0028988176,0.2089686
24.409420264318722,35.097825908808005,75.01247,11923200.463485718,73.24994,-0.13840318,0.053463414,-0.039969437,2.1734772,-0.22982912,0.084077545,0.0028260723,-0.17972708,0.2242949,0.23097563,0.008302374,0.23112479
24.275362351941567,35.02173896397893,79.32639,3023999.9665260315,72.49882,-0.0013397534,0.0010946571,0.071137875,-0.4942916,0.19150731,0.12694666,0.26203933,0.021212723,0.1860824,-0.18877058,0.093826875,0.21080278
24.528985389862203,35.079710263267266,73.800804,5529600.07982254,73.71879,-0.33882394,-0.7392805,0.1602031,1.0790769,-0.07455649,-0.057494663,0.5049619,-0.03283661,0.3471977,0.20937896,-0.023574496,0.21070193
24.32608705359737,35.05434782738719,80.59564,6652800.036048889,72.22147,3.9442613e-05,0.0001629275,0.2734452,-2.1593895,-0.31825602,0.31965953,0.20334849,0.23030034,0.24906707,-0.058808267,-0.041261707,0.07183969
24.373188349496587,35.09782609021359,73.044136,7171199.889278412,73.168434,-0.78314126,-0.6187797,-0.22344384,2.1539452,0.174853,0.1113314,-0.01888378,-0.2804195,0.053550556,0.16778517,0.018093415,0.16875792
24.579710091518006,35.06884069756067,84.24473,11145599.860954285,71.97129,4.133454e-06,1.616343e-06,0.25204498,1.7676253,0.058282517,-0.1086997,0.13069941,0.3275045,0.05729922,0.09929151,0.022811135,0.10187812
24.235507135886934,35.09782643790763,86.62735,13478399.474716187,71.62355,1.1534022e-06,3.688321e-07,0.0016756654,0.13560002,0.31711084,0.33843228,0.06931655,-0.059831567,0.39816353,0.052654453,0.12964982,0.13993415
24.782608845879178,35.07246365433351,80.82854,15292799.783706665,72.66103,0.0005545929,0.0004627583,-0.31498903,0.29491204,0.3859673,0.30289206,0.12533078,-0.048947066,0.20603597,0.060232274,0.06680081,0.08994596
24.521739153231497,35.18115965909355,80.50853,1555199.9710321426,73.045815,0.0003903167,0.0011924895,-0.30649573,-1.4204099,1.594151,-0.06210325,-0.38972417,0.020570781,-0.23761111,-0.1751911,0.168514,0.24308208
24.365941903817713,35.11594190204278,77.940506,6652800.036048889,72.236824,0.0034878692,0.00050484267,-0.347737,1.6578914,0.12202445,-0.058493085,0.25242025,0.056052208,0.033395592,0.1339894,0.03614242,0.13877836
24.409420342711783,35.02898555779556,73.23672,11577599.464416504,73.26304,0.92884445,0.5587972,-0.09878017,2.4926825,-0.19103216,0.33411074,0.05029729,0.19900554,-0.067658134,0.21528508,-0.008732913,0.21546213
24.409420264318722,35.097825908808005,75.01247,12182399.56741333,73.263916,-0.17485972,-0.17263411,-0.04094109,2.128612,-0.25481218,0.107988164,0.004933715,-0.19263116,0.20623598,0.21689872,0.002192578,0.2169098
24.003623304347823,35.192029209683014,80.788605,14687999.680709839,72.11799,-0.00039686525,-0.00018854818,0.4629746,-2.125968,0.15968017,0.26732266,0.37516072,-0.22904709,-0.18556347,-0.16414268,0.027143579,0.16637185
24.409420342711783,35.02898555779556,73.23672,17366400.293540955,73.30054,0.9274904,0.5924761,-0.13904038,-0.20997779,0.40070432,0.40473154,0.22308818,0.066953436,-0.06810381,-0.13592124,0.29375792,0.3236793
24.202898613755877,35.17753635462667,82.22561,5097599.927902222,72.185486,2.8304048e-05,5.5089862e-05,-0.6828179,1.335672,0.18094783,0.5402181,0.55535465,0.4403335,-0.068196766,0.13164793,0.022141207,0.13349685
24.06159400092239,35.235507653915,77.223785,16761600.190544128,73.127914,0.024797631,0.024836063,0.018087864,-2.0155704,0.971318,-0.1467528,-0.29089564,-0.06482864,-0.15972596,-0.16118175,0.07853727,0.17929769
24.49275373635028,35.04710138474188,79.64641,5875199.981975555,72.21038,0.00050803466,0.0007028977,-0.1939317,0.9665577,0.16362873,0.021487314,0.067327216,-0.004109204,-0.09405253,0.18183814,0.040950924,0.18639229
24.003623304347823,35.192029209683014,80.788605,4752000.025749207,72.27033,3.9759154e-05,-0.00014776533,-0.062051103,-0.9932544,-0.76156217,0.16262409,0.45542568,0.0757863,0.6187379,-0.19805232,-0.18064132,0.2680597
24.576087129988778,34.96376817111452,80.53768,18057600.097846985,72.99423,0.0003966825,0.0011137635,-0.1917521,0.2775395,-0.5259018,0.14047627,0.23695102,0.083486415,-0.08312813,0.06744107,-0.09631701,0.11758088
24.068840433535758,35.050724689208764,75.1399,3196799.917602539,71.64867,-0.021271247,-0.009359737,-0.84632355,-1.3730254,2.1722956,0.00043413788,0.0718606,0.26614916,-0.020520076,-0.05567567,0.09679263,0.11166286
24.5036234048686,34.94565269942081,84.86278,9244799.850654602,72.29893,-9.645257e-07,1.1588571e-05,0.17830937,-3.1301353,0.40914488,0.514857,0.33128798,0.077750295,-0.21709615,-0.101913124,0.041737545,0.1101286
24.518115930392057,35.170290078269815,76.7112,17020800.39138794,73.77521,-0.056648552,-0.060881834,0.15149958,1.7105494,-1.0129148,0.21678737,-0.371029,0.23546305,0.019018069,0.1935877,-0.10661272,0.22100334
24.409420264318722,35.097825908808005,75.01247,15551999.984550476,73.77837,0.1386868,0.19677709,0.06660201,1.1400235,-0.5992016,0.19027874,0.16901688,-0.09291842,-0.095066436,0.1732402,-0.01665047,0.17403851
24.373188532413735,34.85507217391305,83.68782,16070400.386238098,71.86313,-1.40049315e-05,-1.2772426e-05,-0.2928752,-0.17128704,-0.6097507,0.008403622,-0.029967368,-0.14433482,0.27198434,-0.05988621,-0.21011207,0.21847984
24.579710091518006,35.06884069756067,84.24473,6134400.182819366,72.25489,1.37861e-05,1.7972063e-05,0.3469118,-0.20301662,0.5397284,0.09395593,0.022416614,-0.2735758,-0.13507101,-0.07250455,0.07623963,0.105211176
24.572463802625258,35.028985391507106,77.31845,12355200.066947937,73.45913,0.023021866,0.011958497,-0.106653556,1.5551544,-0.01468963,-0.2757906,-0.0132425055,0.40425903,0.5185666,0.13887359,0.026056228,0.14129685
24.85869584610084,35.31159408476158,76.05999,6825599.987125397,76.14278,-0.37122905,-0.54133326,-0.19790733,1.7139407,-1.1441349,0.06425595,0.45066535,0.57321703,0.19807443,0.15544032,-0.13623871,0.20669465
24.507246627708035,35.15217355593542,72.15966,6912000.2368927,73.96418,-0.038365323,-0.08429718,-0.16977975,2.8309987,-0.24408269,0.10597559,0.35578337,0.14218244,0.39035368,0.27114075,0.0030819795,0.27115828
24.15217408195171,35.09782609021359,90.079155,16675200.489234924,72.49376,-7.521985e-08,1.2654861e-07,0.6050651,-0.9999323,0.039176606,0.35750574,0.10432115,0.1820797,0.21386278,-0.2413763,0.016945785,0.2419704
24.728260869121893,35.15579704180788,79.23173,15120000.381088257,73.219666,-0.004429498,-0.0024597214,-0.29898936,-0.045296714,0.5015704,0.020250939,0.0012748167,0.34065327,0.29441786,-0.036729205,0.15505552,0.15934631
24.60144921950647,34.9456523441682,85.40489,15465600.283241272,72.55424,3.0781182e-06,8.965542e-06,0.05228381,0.170722,-0.502975,0.33374226,-0.061336003,-0.0468408,-0.4864302,0.063807555,-0.11088098,0.12792966
24.423912946628306,35.13405791039468,84.735344,9331199.551963806,72.01123,2.9883417e-06,4.3496627e-07,-0.07499874,2.6651955,-0.25431263,-0.09100104,0.126481,0.16162448,0.080905594,0.13630828,-0.020547245,0.13784824
24.35507260113369,35.04710138474188,76.478294,2937599.9909877777,72.173355,0.016599197,0.01686013,-0.1878874,0.1955468,0.6378848,0.23888287,0.16178866,-0.09113348,-0.07376659,0.05484071,0.1304019,0.14146434
24.525362323808892,35.01449270273921,80.76379,7257600.139045715,72.16325,0.00017615753,0.00019260826,0.07798985,0.74497396,-0.135851,0.04488441,0.30493924,0.056229945,-0.08829274,0.17129569,-0.026076173,0.1732691
24.202898613755877,35.17753635462667,82.22561,1987199.9858379364,72.96988,-9.655224e-05,-2.7061136e-05,-0.22663365,-0.39461058,-0.33349448,0.20599195,0.70126796,0.44682848,0.31412074,-0.12939377,-0.1388136,0.18976818
24.271739312019278,35.0833337340226,74.97577,7343999.840354919,72.29834,0.08040473,-0.04575625,-0.405155,1.8807559,0.36225307,-0.007223271,0.2606071,0.13754866,-0.17612779,0.21790524,0.033258833,0.22042876
24.731884091961334,34.88405773852335,82.62194,6652800.036048889,72.11533,2.2208169e-05,-5.697236e-05,-0.21726151,1.400503,-0.12476435,0.1969509,0.29524064,0.4593315,0.33646265,0.26812637,-0.0032003256,0.26814547
24.60144921950647,34.9456523441682,85.40489,518399.99034404755,71.935844,-3.3692584e-06,-5.245846e-06,0.18569972,-0.59640515,1.0159241,0.096140124,-0.29514024,-0.058688127,0.26725894,-0.17969762,0.2903465,0.34145617
24.442029139218562,35.043478080275,76.86345,5184000.177669525,72.49561,-0.009737579,-0.0077790758,-0.24360664,0.9755365,0.2698214,0.04186958,0.18810831,-0.11933113,0.0074494034,0.23774283,0.04959864,0.24286143
24.141304256647267,35.05072417522627,80.839714,8639999.747657776,72.36755,0.00043314975,0.0003890293,0.05383627,-2.7753797,-0.10361644,0.43887356,0.24502358,0.033775248,0.2313647,-0.13170414,-0.022049084,0.13353704
24.579710091518006,35.06884069756067,84.24473,6393599.835205078,72.22352,1.7605216e-05,1.9569994e-05,0.34629834,-0.13001607,0.50001943,0.097706154,0.079918526,-0.28811133,-0.15741006,-0.04221817,0.07433764,0.08548952
24.782608845879178,35.07246365433351,80.82854,5356800.128746033,73.0358,-0.00086676393,-0.0008873677,-0.61314,0.9762873,0.53587407,0.1775941,0.3333179,-0.15841177,-0.012046456,0.1605112,0.050888386,0.1683849
24.57246390714934,35.13405809180027,82.83649,13737599.675559998,71.81062,-3.5280067e-05,-4.4092034e-05,-0.14355177,1.9727153,0.0078043807,-0.18154535,-0.040197104,0.38934088,0.16754246,0.16807415,-0.015379328,0.16877632
24.141304256647267,35.05072417522627,80.839714,17712000.19569397,70.98589,0.00012803084,-0.00013862019,-0.5108789,-0.4548012,1.4011184,-0.14582047,0.6205236,0.6346877,0.5765211,-0.039121278,0.182162,0.1863155
24.340579657513896,35.072464168316,77.031204,6998399.938201904,72.24622,-0.00170974,0.0013978308,-0.2129681,1.5334768,0.26460427,-0.05809533,0.3498106,0.25770247,0.10125099,0.18163688,0.035748508,0.18512134
24.521739153231497,35.18115965909355,80.50853,8121599.894428253,72.366455,-0.0006410387,0.00022780664,-0.008728474,2.6127758,0.2844755,0.04291094,-0.28056315,-0.1548357,0.03607582,0.109043024,0.037478376,0.115303986
24.340579657513896,35.072464168316,77.031204,3369599.8686790466,72.23304,0.011706662,0.010407999,-0.28106666,-0.020246774,0.89699227,0.16470183,0.23725083,-0.07326063,-0.15547621,0.02517875,0.12747945,0.12994222
24.32608705359737,35.05434782738719,80.59564,2937599.9909877777,72.61256,0.00028502953,-0.00064466475,-0.08371149,-0.8038248,0.550529,0.097393975,0.28552264,0.12736806,0.04289465,-0.2215003,0.13654934,0.2602078
24.880434869565217,35.11594208344836,73.60822,1987199.9858379364,73.621254,0.8398479,0.987908,-0.068643846,0.24452774,-1.1678476,0.4569543,-0.27607325,-0.027025342,-0.0042115115,0.058504894,-0.17356654,0.18316159
24.782608845879178,35.07246365433351,80.82854,14515200.27809143,72.63195,0.00061846554,-0.0005941881,-0.2405961,0.17108065,0.52875763,0.27736193,0.0814178,-0.02663491,0.26593012,0.032911625,0.08693189,0.09295337
24.152173912100075,34.942029039701325,85.189964,4060799.9472141266,72.72446,-1.0257191e-05,1.1821736e-05,0.16387726,-0.17824776,-0.48889202,0.34867132,0.26783904,0.13075411,-0.0076170303,-0.028040048,-0.17124645,0.17352693
24.068840433535758,35.17753635462667,82.62194,10454400.056648254,71.46514,-3.4987504e-05,-3.8126345e-05,-0.36947918,0.8024453,0.18576106,0.08340457,0.24016467,-0.03275139,-0.08042479,0.12821358,0.036110405,0.13320167
24.53985505838052,35.14492730981283,78.72631,2592000.0888347626,72.56675,-0.0024210664,-0.0027647882,-0.2993884,-0.57117045,1.4435031,-0.33598977,-0.11894501,-0.08269022,-0.2988805,-0.046173308,0.16554092,0.17185974
24.481884276880134,35.21376834109622,79.042,6134400.182819366,72.68653,-0.001188241,-0.0013271236,-0.14579502,1.3927671,0.8967333,-0.0957227,-0.38524687,-0.17024183,-0.12749553,0.1537948,0.091978274,0.17920056
24.3985509616347,35.079710263267266,82.39983,3110399.9420642853,72.63696,-1.7344983e-05,5.351944e-05,0.1612617,-0.4703158,0.51386493,0.09329712,-0.20754504,0.16696656,-0.14423528,-0.087708004,0.09665986,0.13052136
24.3913043591697,35.05434799367564,86.750465,17798399.897003174,71.46679,9.772509e-07,-9.924082e-07,-0.06322473,0.24662112,0.14155181,0.32777488,-0.70750254,-0.17010376,0.7384741,0.1322977,0.050709225,0.14168312
24.336956356281394,35.12681217825459,78.56935,13391999.773406982,72.01371,-0.0023192193,-0.0023400574,0.087874144,1.0931547,-0.017329497,-0.11484548,-0.025110394,-0.20511347,0.23428294,0.1695305,0.028790085,0.17195772
24.525362323808892,35.01449270273921,80.76379,13564800.27294159,71.96173,-0.0001128917,-9.769847e-05,-0.3834347,1.8406489,-0.1920873,-0.02630467,0.17426479,0.30221945,-0.021201715,0.15636958,-0.016884457,0.15727851
24.525362323808892,35.01449270273921,80.76379,9763200.252342224,72.14099,0.00040871828,-0.0004211398,0.15199462,1.6932006,-0.32942832,-0.23833114,0.21181625,0.29100823,-0.10341325,0.13947527,-0.014674019,0.14024507
24.53985505838052,35.14492730981283,78.72631,5443199.830055237,72.633545,-0.00329445,-0.0040454497,-0.26270497,0.8536994,0.7219251,-0.20304343,-0.0051067993,-0.0637091,-0.17807567,0.12920836,0.11482522,0.17285725
24.40579722439643,35.07608730649443,81.130585,9504000.051498413,71.87148,0.00023387356,0.00018603975,-0.0032447577,0.31784767,-0.6001613,0.08081432,-0.111441426,0.25777823,0.0046269745,0.031882845,-0.04453912,0.054774527
24.572463802625258,35.028985391507106,77.31845,10799999.95880127,73.454445,0.016311796,0.027198091,-0.100951985,2.281722,-0.2611485,-0.32747582,-0.057130523,0.33803403,0.47761577,0.13614167,0.004366511,0.13621168
24.40579722439643,35.07608730649443,81.130585,4579200.074672699,72.21427,0.00011170208,-5.534714e-05,0.10950245,-0.48929912,0.4677331,0.099101506,-0.018598087,0.15710856,-0.17474204,-0.055923145,0.054070048,0.07778797
24.268116089179838,35.07971042955572,81.07262,345600.00498890877,73.634346,-0.00017416521,-0.0005114163,-0.10827647,-1.6147183,0.5746,0.18022832,0.3011405,0.22673723,0.06374655,-0.17259535,0.03435316,0.17598096
24.15217408195171,35.09782609021359,90.079155,3196799.917602539,71.474045,2.1959963e-08,5.0355943e-08,-0.11488053,1.1329807,0.09627988,-0.33335915,-0.27219182,-0.08993741,-0.62232316,0.27129406,-0.03154705,0.2731221
24.626811465810288,35.05797113185407,83.9315,7775999.992275238,72.22232,1.2813325e-05,2.5930489e-05,0.17119502,1.0247167,0.56946105,-0.12694159,0.24391732,-0.1989873,-0.31056905,0.17423654,0.04942185,0.18111016
24.619565229179578,35.18478278215484,82.255135,11664000.262641907,72.02437,-9.504476e-05,5.0621627e-05,0.05803059,1.991485,-0.26239884,-0.1326904,-0.2184062,0.1289562,0.017758578,0.15781944,-0.035185244,0.16169408
24.141304256647267,35.05072417522627,80.839714,13651199.974250793,71.51036,0.00020233075,-0.00016431694,-0.31259638,-2.1933644,0.08261056,0.061950214,0.32327464,-0.3275434,-0.0051264167,-0.10996435,0.00782121,0.110242136
24.2137679164399,35.101449394680465,78.1842,6480000.084972382,72.17281,-0.0043346104,0.0033669134,-0.10747865,-1.1527361,-0.11571852,0.30288947,0.5951317,0.2299301,0.22287112,-0.19291586,-0.021518445,0.19411227
24.85869584610084,35.31159408476158,76.05999,4492800.099134445,76.046875,0.20887472,0.4629781,0.21343867,-0.26608074,-1.0650233,0.18087389,0.49992734,0.3962885,0.16770682,-0.034811188,-0.12624547,0.130957
24.423912946628306,35.13405791039468,84.735344,1382400.019955635,72.63867,-1.7826129e-05,-1.7349766e-05,0.15766412,0.5643656,-0.34520853,0.5492609,0.11417569,0.089285105,-0.27559814,0.1318485,-0.07739431,0.15288527
24.068840433535758,35.17753635462667,82.62194,11404800.061798096,71.48043,-4.3472588e-05,-4.0831408e-05,-0.29639944,0.25704393,0.15173149,0.16772431,0.27200988,-0.08949382,-0.039177716,0.048503194,0.059586264,0.07683152
24.373188532413735,34.85507217391305,83.68782,14428799.479866028,72.45185,-1.8511626e-05,-2.973337e-05,-0.3647015,-0.666178,-0.31982738,0.09932788,-0.013583966,-0.31365767,0.14572921,-0.15344399,-0.08869521,0.17723402
24.782608584568965,35.06521774078783,85.492004,16675200.489234924,72.52177,-2.850081e-06,1.8581791e-06,-0.17516789,1.0267545,-0.57352525,0.08416564,-0.053520225,0.31806242,-0.07852407,0.26440933,-0.10166587,0.2832812
24.235507135886934,35.09782643790763,86.62735,172800.00249445438,73.04249,-2.9543949e-06,-1.6692258e-06,-0.5583612,0.8446479,-1.0654236,-0.26157263,0.25086308,-0.024981856,-0.27270836,0.105332315,-0.15197992,0.18491293
24.40579722439643,35.07608730649443,81.130585,7343999.840354919,72.131096,0.00026184405,0.0002979873,0.08394459,-1.1295848,-0.32067198,0.34718463,-0.15569255,0.21387982,-0.04322756,-0.08852724,-0.033216562,0.094553754
24.409420342711783,35.02898555779556,73.23672,5097599.927902222,73.20258,0.01679801,-0.025066426,-0.15319528,0.8916681,-0.026256233,0.26237538,0.058877476,-0.2567654,0.23033813,0.2110588,-0.031442657,0.21338804
24.268116089179838,35.07971042955572,81.07262,7257600.139045715,72.40311,-0.00034974032,3.3032095e-05,0.14761989,-2.1191669,-0.3240565,0.4557468,0.28699782,0.3294983,0.29393232,-0.20908907,-0.048161723,0.21456419
24.373188349496587,35.09782609021359,73.044136,17971200.39653778,73.56082,-0.15766189,-0.022285225,0.015272237,0.6399961,-0.70903426,0.036770534,0.2237069,0.026248243,0.16621973,0.11927048,-0.059904203,0.13346896
24.373188532413735,34.85507217391305,83.68782,4406400.123596191,72.561,-4.233431e-05,4.122577e-05,-0.17398572,-0.65266395,0.07013592,0.5346116,0.24688321,0.070642844,0.15454319,-0.16853741,0.03017762,0.17121783
24.202898613755877,35.17753635462667,82.22561,9331199.551963806,71.5367,-1.6594308e-06,4.9157024e-05,-0.497783,3.0105062,0.14577852,-0.009780996,0.13351986,0.24689129,-0.03267871,0.15225793,-0.0054612374,0.15235583
24.32608705359737,35.05434782738719,80.59564,3023999.9665260315,72.59623,0.00020243543,-0.000588925,-0.074232206,-0.788479,0.53309304,0.09819344,0.29074013,0.13147281,0.047579803,-0.22197366,0.13366981,0.25911373
24.365941903817713,35.11594190204278,77.940506,6480000.084972382,72.24158,0.0050827214,0.0024194068,-0.35237354,1.4969811,0.18311028,-0.041278414,0.26295197,0.035116795,1.649931e-05,0.14488451,0.044652686,0.15160932
24.293478074173446,35.130434424522214,78.52256,5702400.030899048,72.11073,-0.0014717618,0.0026646166,-0.34045237,0.72769564,0.13728929,0.18974848,0.40636766,0.028798964,-0.0583748,0.073480785,0.056226768,0.092525
24.85869584610084,35.31159408476158,76.05999,11577599.464416504,76.06644,0.9716728,-0.77216476,-0.41774017,1.6168059,-0.41065276,-0.056299858,0.20768607,0.0011434332,0.3757102,0.28179637,-0.029766355,0.28336412
24.152173912100075,34.942029039701325,85.189964,13219200.370788574,72.96213,1.6181404e-05,-4.544275e-06,-0.21589382,-1.4498212,0.7201837,0.26811472,0.636543,0.111971945,0.421216,-0.105023794,0.04645848,0.1148407
24.24275355543479,35.275361916886446,83.709785,17366400.293540955,71.878204,-2.1424055e-06,1.6437069e-05,-0.3650148,-1.4405136,0.82255185,0.1790635,0.17696421,-0.2282382,0.16232435,-0.15915607,0.08582229,0.18082069
24.141304256647267,35.05072417522627,80.839714,11750399.96395111,71.883224,-0.00027540707,8.9170084e-05,-0.2014738,-2.6211383,-0.27264702,0.22454476,0.2177558,-0.37934265,-0.059839003,-0.09579875,-0.032641336,0.101207
24.655797039477626,35.09782643790763,82.953125,11923200.463485718,72.18348,4.3709395e-05,2.4270272e-05,0.0686415,2.0711467,0.1696848,-0.23905444,-0.10362015,0.22379902,0.2238934,0.19084261,0.012416276,0.19124609
24.43478251062254,35.050724689208764,81.254395,6566399.786281586,72.09199,-8.9635e-05,-0.000119049124,0.19980343,-1.235183,-0.15143733,0.2815886,0.020497069,0.15782228,-0.052846693,-0.16261658,-0.019653104,0.16379987
24.514492864338745,35.152173737341,77.98083,13391999.773406982,72.74117,-0.0019264272,-0.0010079028,-0.08560381,1.9435211,0.007861804,-0.09187002,0.06438863,0.31375223,0.1884219,0.18491003,0.03358039,0.18793446
24.40579722439643,35.07608730649443,81.130585,1209599.9317646027,72.87229,-0.00034403976,-0.00035831102,-0.010369107,-1.677734,1.4634374,-0.013488963,-0.25579047,0.021987129,-0.10159431,-0.12087987,0.16815215,0.20709199
24.608695560661264,35.210145036629335,80.071884,6307200.133895874,72.89838,0.0015171152,-0.0005644075,-0.20314737,2.0911365,0.58040607,0.0768649,0.01654673,0.022762049,0.14260933,0.20462705,0.064796366,0.2146411
24.373188532413735,34.85507217391305,83.68782,172800.00249445438,72.83465,8.4561125e-06,-5.2000978e-05,-0.11795671,-0.9956634,-0.10692317,0.22855076,-0.281244,-0.10039654,0.27268782,-0.21683426,-0.03351393,0.21940893
24.507246627708035,35.15217355593542,72.15966,345600.00498890877,72.39659,-0.74719006,-0.7063984,-0.17886129,-0.066,-0.18345311,0.47257906,0.93832475,0.25637478,0.24433395,-0.12772061,-0.2735091,0.3018605
24.75362311542571,35.148550251468535,82.31272,5529600.07982254,72.78485,8.390573e-05,0.00013471766,-0.3317238,0.9227364,0.29755324,0.021139365,0.3135974,0.31871068,0.06223546,0.14890437,0.02489485,0.15097107
24.43478251062254,35.050724689208764,81.254395,3023999.9665260315,72.34225,0.00028823916,0.00032036763,0.055280432,-0.53419966,0.97960955,0.015663054,-0.20094049,0.027585663,0.0059551857,-0.07562154,0.15774086,0.17493083
24.503623143558386,34.916666955294566,80.479385,18230399.500465393,72.99986,0.00103474,0.0010908726,-0.2009165,0.28481704,0.52007735,-0.1935266,-0.059255175,0.1949234,-0.012877725,0.027311848,0.07134137,0.07639063
24.623188347494935,34.98550731008629,86.27349,15638399.68585968,72.606865,-1.3807332e-06,-2.3290388e-06,-0.015570253,0.5289154,-0.6734348,0.33622643,-0.084898524,0.081366174,-0.14100084,0.10655815,-0.12067916,0.160991
24.521739153231497,35.18115965909355,80.50853,864000.0296115875,73.09886,-0.0006625948,-0.00015282001,-0.18224733,-1.8143661,1.743854,-0.10420007,-0.35881865,0.06955487,-0.27936912,-0.18869598,0.16731237,0.2521896
24.3985509616347,35.079710263267266,82.39983,11577599.464416504,71.52804,2.6551809e-06,5.1819385e-05,-0.033094198,0.67034405,-0.4523139,0.14099163,0.08392214,0.39150095,-0.055842064,0.10947119,-0.089024924,0.1411006
24.471014503837736,35.137681214861566,84.09494,6566399.786281586,72.364876,-1.5987738e-05,2.0027173e-05,0.077826455,1.7310921,0.00048694573,0.45404747,0.085508406,-0.18199936,-0.011684526,0.12128354,-0.005709557,0.12141786
24.518115930392057,35.170290078269815,76.7112,6998399.938201904,73.02404,0.033520114,0.035960604,-0.3315519,1.321243,0.07716402,-0.31677088,0.32826498,-0.08410344,0.21601662,0.113734275,0.01605202,0.11486145
24.16304339770124,35.14130418675153,77.183464,13824000.4737854,72.32546,-0.012253178,-0.0012658004,0.26169533,-1.0961632,-0.10857044,0.19443816,0.295727,-0.11048033,0.12249915,-0.1332355,-0.008634341,0.13351499
24.286231733018653,35.16304365074164,82.86601,12095999.866104126,71.240944,1.1622591e-06,-2.8014889e-05,-0.29381615,2.830264,0.19609882,-0.114766516,-0.016704507,0.31541842,0.18595585,0.12936932,0.014616243,0.13019237
24.731884091961334,34.88405773852335,82.62194,8380800.095272064,72.45828,6.990844e-05,-4.543974e-05,-0.327013,2.1184764,-0.1564877,0.08735562,0.39399704,0.4256556,0.21186772,0.14895628,0.0027533034,0.14898174
24.409420264318722,35.137681214861566,85.684586,6134400.182819366,72.25344,2.0792559e-06,5.658269e-07,-0.29522437,1.4373807,-0.23324195,0.34897423,0.36248115,-0.06996255,-0.07936787,0.21288554,-0.04204838,0.21699844
24.731883987437246,34.999999998854186,80.17734,18057600.097846985,73.33364,-0.0016672885,-0.0015264485,-0.14011033,0.5938715,-0.70111555,-0.192788,0.2148647,0.064625755,0.04700988,0.120401725,-0.12281215,0.17198662
24.358695745580064,35.14492749121842,79.46463,1296000.0444173813,73.198,0.0024455008,0.0012848775,-0.12420717,-1.7847733,1.8955104,0.051464193,0.0041663796,0.053731367,-0.19097543,-0.10102728,0.13038197,0.16494232
24.75362311542571,35.148550251468535,82.31272,6825599.987125397,72.846214,-7.283926e-05,-0.00012803002,-0.34064567,2.1302161,0.016591847,-0.04647301,0.34861514,0.23625955,0.033076193,0.22757937,-0.05132588,0.23329534
24.40217392316393,35.07246365433351,77.73675,16243199.788856506,72.91483,0.011841853,0.012760735,0.068896875,1.0753933,-0.584095,-0.09520123,0.059620213,0.18756822,-0.044791356,0.16775146,-0.049975116,0.17503732
24.141304256647267,35.05072417522627,80.839714,13132799.572563171,71.58443,0.00019354356,-0.000102199505,-0.28008404,-2.3520355,-0.08512059,0.11158078,0.28222615,-0.37066907,-0.042165957,-0.11148428,0.00014409111,0.11148437
24.46739112421217,35.10507235145331,77.031204,3369599.8686790466,72.37243,0.008441058,-0.0035804517,-0.19328582,-0.42178214,0.89520234,-0.113457404,0.2510236,-0.07122377,-0.1452389,-0.07496311,0.16123083,0.17780565
24.40579722439643,35.07608730649443,81.130585,5011200.226593018,72.16279,0.00029681507,5.5626813e-05,0.120945826,-0.595039,0.31117332,0.16033453,-0.030343845,0.16907334,-0.16051745,-0.06588213,0.032545365,0.07348236
24.35507260113369,35.04710138474188,76.478294,6998399.938201904,72.37542,-0.0065670707,-0.016428849,-0.20089859,1.5333444,0.28630024,-0.05501733,0.16220304,0.18845458,0.07359854,0.15520382,0.033010513,0.15867552
24.659420157792983,35.13768139626715,82.9603,13046399.871253967,72.16019,2.0082256e-05,4.6366542e-05,-0.12311715,2.102879,0.08470543,-0.19977313,-0.14606959,0.16597489,0.37708417,0.16792616,-0.011640358,0.16832912
24.85869584610084,35.31159408476158,76.05999,18403200.0,75.95525,0.8867159,0.8677849,-0.33648103,-1.7785764,0.40218198,0.2522887,0.17073372,0.24201217,-0.096851386,-0.1834734,0.03332555,0.18647541
24.351449221508126,35.36231895652174,77.53338,17279999.49531555,72.77479,-0.013679741,-0.012962049,0.115124136,1.3246238,-0.6433379,-0.4048411,-0.78833544,0.06480078,0.070157684,0.1392245,-0.1130372,0.17933452
24.373188349496587,35.09782609021359,73.044136,7084800.187969208,73.16851,-0.8557654,-0.7475443,-0.22748964,2.09967,0.17851657,0.11583276,-0.010983899,-0.29084486,0.055866368,0.16435649,0.018738708,0.16542126
24.731884091961334,34.88405773852335,82.62194,10713600.257492065,72.585815,1.2763303e-06,7.8335055e-05,-0.42601848,2.3814616,0.01666386,0.039021414,0.5290184,0.06815694,0.061619557,0.18161242,-0.0070879464,0.18175067
24.003623304347823,35.192029209683014,80.788605,6912000.2368927,72.58109,-0.0006059348,0.00047776164,-0.034450103,-2.7025163,-0.62300533,0.32394946,0.4178795,-0.09473998,0.30773634,-0.08599073,-0.035901435,0.09318432
24.134057993885538,35.130434787333385,80.741425,3456000.11844635,73.337364,-0.00041733254,0.0012195489,-0.3090797,-0.2876302,-0.1685781,0.48604625,0.47322407,0.55493176,0.40190637,-0.14868616,-0.06476819,0.16218042
24.503623143558386,34.916666955294566,80.479385,1468799.9954938889,71.56671,0.00010396392,-0.00010308508,-0.28642398,-0.6956692,1.1089675,-0.07241569,-0.29255462,0.00829386,0.19867808,-0.13745584,0.19543359,0.23893178
24.43478277193275,35.06521686399416,78.38795,5961600.231742859,72.25138,-0.003912576,0.0011229748,-0.27540398,0.8841443,0.32937646,-0.046134286,0.043865643,-0.027115509,-0.011972513,0.10834831,0.08959009,0.14059068
24.35507260113369,35.04710138474188,76.478294,15292799.783706665,73.27039,-0.012286068,-0.018409532,-0.25924718,1.3244762,-0.6407902,-0.0044492185,0.3719418,-0.11606444,-0.08799713,0.1353361,-0.030186635,0.13866179
24.373188532413735,34.85507217391305,83.68782,16502399.989700317,71.60194,-1.4482337e-05,-3.3052088e-06,-0.24313398,-0.09781848,-0.6688957,-0.021565065,-0.038983673,-0.11022694,0.28232473,-0.027174696,-0.21408872,0.2158065
24.202898613755877,35.17753635462667,82.22561,5788799.732208252,72.10615,0.00010928977,8.8229164e-05,-0.74151343,1.7042997,0.28546953,0.5109903,0.49050987,0.41865277,-0.12305444,0.13215098,0.017666504,0.13332662
24.340579657513896,35.072464168316,77.031204,8208000.144195557,72.29353,0.013653421,0.011988423,-0.13796006,1.8402904,0.07844543,-0.15043414,0.26873288,0.2770936,0.2611572,0.24191673,0.04475201,0.24602123
24.514492864338745,35.152173737341,77.98083,15724800.484085083,73.05607,0.007647356,-0.002307782,0.05679573,1.254567,-0.6933292,0.1893171,-0.164042,0.3733832,-0.05904475,0.22380339,-0.060214873,0.23176235
24.626811465810288,35.05797113185407,83.9315,17020800.39138794,72.014915,-1.6394933e-05,2.1629916e-05,-0.11392519,0.7825492,-0.8993572,0.06661637,0.018756405,0.26637828,-0.20637688,0.06092354,-0.08312478,0.10306021
24.336956356281394,35.12681217825459,78.56935,2764800.03991127,72.70329,-0.0036013299,-0.004852726,-0.3697288,-0.62473595,1.4048439,0.16402318,0.13500476,-0.02056972,-0.2575886,-0.081542775,0.12692778,0.1508638
24.24275355543479,35.275361916886446,83.709785,15983999.588012695,71.51587,3.4904697e-06,-2.6835448e-06,-0.19788504,-1.2481065,0.5652501,0.07521369,0.1881854,-0.079261206,0.37826645,-0.11908648,0.041467175,0.12609963
24.409420264318722,35.137681214861566,85.684586,11836799.665260315,71.92069,4.0401333e-06,2.68755e-06,-0.10789044,2.345021,-0.07538572,-0.47142148,0.14036836,0.3928768,0.21503443,0.16566038,0.012341367,0.16611944
24.5036234048686,34.94565269942081,84.86278,13219200.370788574,72.63159,9.17923e-06,1.6276206e-05,-0.097655766,-0.5673416,-0.12542894,0.39480984,-0.14894873,-0.25037262,-0.401356,-0.090588585,-0.019793313,0.09272576
24.2137679164399,35.101449394680465,78.1842,1468799.9954938889,73.035416,-0.0075950767,-0.0011029878,-0.048950072,-1.4210303,1.691231,-0.011937298,0.2709859,0.3999593,0.1281462,-0.15362293,0.21350127,0.26302624
24.586956589458925,35.03623181903528,81.050644,11404800.061798096,72.22845,0.00010116263,0.00019291883,-0.042923514,2.3071156,0.19627564,-0.26491502,0.2395066,0.42029938,0.05972125,0.15895064,0.019904383,0.16019204
24.275362351941567,35.02173896397893,79.32639,11923200.463485718,71.97659,-0.00011340602,0.0006056487,-0.2276997,-1.277128,-0.4600045,0.24034834,0.11729926,-0.31233245,-0.03197588,-0.11863233,-0.059240695,0.13260125
24.3913043591697,35.05434799367564,86.750465,15379199.48501587,71.67506,-7.655559e-07,-9.593141e-07,-0.04194995,0.5827736,-0.35355127,0.33427048,-0.21736726,-0.21462476,0.49007836,0.20898174,-0.10254122,0.2327833
24.55434784521419,35.039855304907746,78.730316,12441599.768257141,72.77964,-0.0035618052,0.004318454,-0.21803637,2.2125547,-0.067405716,-0.32139447,0.10477381,0.39604968,0.3466077,0.19094916,-0.0019088049,0.1909587
24.373188349496587,35.09782609021359,73.044136,17107200.092697144,73.47419,0.5037721,0.5745375,0.05655998,0.93761045,-0.65109384,0.12534976,0.17888767,-0.03378249,0.12914708,0.19008915,-0.0745429,0.20418258
24.880434869565217,35.11594208344836,73.60822,9244799.850654602,73.60605,-0.21110702,-0.76780415,0.29952896,-2.9909444,0.5892376,0.17643696,0.104893014,-0.02656132,-0.348909,-0.2509681,0.006839428,0.25106126
24.5036234048686,34.94565269942081,84.86278,16934399.593162537,71.937874,5.9852044e-07,8.2290635e-06,-0.094270036,1.383707,-0.92768294,0.14165816,-0.1898239,-0.12006884,-0.10450428,0.22211413,-0.123586684,0.25418174
24.57608686867857,35.22463755910878,78.28966,15897599.886703491,72.97504,0.0060861404,0.007903371,-0.008884847,1.1409391,-0.5643874,0.0998607,0.039050575,0.22334456,0.10875534,0.099825665,-0.052824546,0.11294068
24.152173912100075,34.942029039701325,85.189964,17193599.794006348,71.42604,2.020253e-06,3.3221286e-06,-0.071067154,-1.684457,1.1849759,0.10839529,0.24189577,0.43606287,0.5119301,-0.10649488,0.102387376,0.14773062
24.46739112421217,35.10507235145331,77.031204,8380800.095272064,72.741455,0.01868586,-0.014845561,-0.49092823,2.896366,-0.25167474,-0.2889977,0.020985235,-0.0045701414,0.38734204,0.23574263,0.012777576,0.23608866
24.800724541980035,35.0326085145684,80.91604,8380800.095272064,73.39972,0.00081143394,-0.0010351817,-0.19471711,2.6462348,-0.34440887,-0.04139433,0.40721595,-0.13686243,0.2573405,0.18560815,-0.043892488,0.19072738
24.32608705359737,35.05434782738719,80.59564,3110399.9420642853,72.58017,0.00011456247,-0.00052966847,-0.06433688,-0.7765639,0.5154888,0.09955886,0.29578456,0.1356706,0.052282408,-0.22251934,0.13033307,0.257879
24.471014503837736,35.137681214861566,84.09494,86400.00124722719,73.12387,2.035704e-05,2.0425994e-05,0.14323963,0.20038445,0.29198986,0.5539824,-0.15763271,-0.037101254,-0.28185347,0.062465392,0.15306525,0.16532059
24.271739312019278,35.0833337340226,74.97577,16847999.891853333,73.75314,0.33082175,0.27573588,-0.22508119,1.9946764,-0.96812016,-0.031634428,0.39316475,-0.0808939,0.11193534,0.22933649,-0.069210626,0.23955236
24.340579735906957,35.22101461745307,78.71513,1209599.9317646027,73.56432,-0.007559188,-0.006859774,-0.1672714,-2.30471,1.3607513,0.18404186,-0.1503064,-0.3751566,-0.13081142,-0.19455108,0.09281623,0.21555737
24.340579657513896,35.072464168316,77.031204,16156800.087547302,73.081375,0.026280949,0.028120048,-0.19534853,0.84907883,-0.50017023,-0.09962276,0.37550068,-0.04820568,0.005309306,0.18286751,-0.12582591,0.22197452
24.068840433535758,35.17753635462667,82.62194,12268800.365638733,71.63478,-4.6362376e-05,4.968118e-05,-0.21558358,-0.2061023,0.16274926,0.22507155,0.2965187,-0.1287747,-0.0010607392,-0.05532411,0.060254447,0.08180071
24.40579730278949,34.98550712868071,82.545616,8812800.247192383,72.06635,-7.72382e-05,7.342188e-05,0.3018371,-2.562843,-0.15993798,0.39466155,0.50272566,0.17772453,-0.26973736,-0.15887861,-0.03726383,0.16319008
24.06159400092239,35.235507653915,77.223785,11577599.464416504,72.82742,0.017147858,0.013091319,0.28917712,-2.8994923,-0.85844105,0.44599214,0.051063508,-0.09086423,0.007148467,-0.20894568,-0.046109777,0.21397293
24.586956589458925,35.03623181903528,81.050644,17539199.696159363,72.480446,0.0004283809,-7.8512436e-05,-0.08257805,1.3097079,-1.3049849,0.057816774,0.32523286,0.09660412,-0.27322415,0.14522451,-0.1406937,0.20220008
24.471014503837736,35.137681214861566,84.09494,777599.9855160713,73.05745,-4.5793462e-05,-1.6400887e-05,0.15641938,0.22593546,0.18711379,0.5858427,-0.14412054,-0.011559524,-0.26714638,0.11852093,0.10390249,0.15761642
24.06159400092239,35.235507653915,77.223785,1987199.9858379364,73.04516,0.010543585,-0.0043661045,-0.48261613,-0.823874,-0.1210972,-0.14654401,-0.030229472,0.15570414,0.44976255,-0.17949603,-0.01589751,0.18019865
24.365941903817713,35.11594190204278,77.940506,1296000.0444173813,72.87818,0.010365925,-0.0076416843,-0.14449099,-1.9124901,1.8104721,-0.02053342,0.22094852,0.08157628,-0.2557784,-0.16887878,0.13975708,0.21920785
24.409420185925658,35.126811301460926,78.58091,1123200.0247836113,72.91845,-0.003240369,-0.0005779256,-0.18473321,-2.167334,2.0814366,-0.1992642,0.10112341,0.004947223,-0.33763278,-0.19413765,0.16236664,0.25308567
24.507246627708035,35.15217355593542,72.15966,15292799.783706665,72.35257,-0.20558234,-0.57338,0.23715492,0.065431386,0.12797232,0.021635622,0.014190137,0.18292086,-0.092508905,0.023087945,0.056172315,0.06073205
24.409420342711783,35.02898555779556,73.23672,7257600.139045715,73.35747,-0.850228,-0.89651656,-0.20920601,1.619611,-0.062194098,0.24681875,-0.026089914,-0.1540347,0.17221978,0.1886069,-0.0069734054,0.18873577
24.134057993885538,35.130434787333385,80.741425,14169600.375938416,71.71864,0.0002936931,-0.00027678368,0.00028579682,-2.6618457,0.6243283,0.20848224,0.1393117,-0.2106258,0.09598054,-0.21399556,0.068078585,0.22456355
24.49275373635028,34.95652190987481,78.13308,14515200.27809143,72.72049,-0.006912878,-0.0076011172,-0.36614668,0.5055966,0.39001787,-0.12312094,-0.015504912,0.094505176,-0.13439667,0.14613967,0.06079058,0.15827918
24.068840433535758,35.17753635462667,82.62194,8208000.144195557,71.793175,-4.8093927e-05,-5.5517034e-05,-0.5235673,2.357289,0.23145728,-0.13327473,0.26382533,0.18607742,-0.0905006,0.11585942,0.014549095,0.11676935
24.528985389862203,35.079710263267266,73.800804,15983999.588012695,73.821266,0.979387,0.28351805,0.18096615,-0.1840239,0.24303864,0.30341262,-0.2127294,0.14767972,0.049728647,-0.0763844,0.10765675,0.13200209
24.782608584568965,35.06521774078783,85.492004,15811200.185394287,72.63514,-6.306358e-06,-8.001402e-06,-0.15587911,1.4835374,-0.310488,0.05660384,-0.13289729,0.31017682,0.009304486,0.2536395,-0.043511923,0.25734466
24.43478277193275,35.06521686399416,78.38795,864000.0296115875,72.50016,-0.004047293,-0.0022240083,-0.0311325,-2.0683625,1.213828,-0.03147448,0.3055954,0.09392348,-0.16700551,-0.24740794,0.16833055,0.29924217
24.17028990870767,35.119565206509655,75.23819,518399.99034404755,72.8401,0.106486306,0.08682834,-0.3476426,-0.29304492,1.7888799,-0.2042279,-0.07730167,0.41887987,0.08707196,-0.016522158,0.3020124,0.302464
24.5036234048686,34.94565269942081,84.86278,1296000.0444173813,72.285614,3.3920758e-06,-9.353101e-07,0.07647453,-0.57583016,0.765623,0.13590682,-0.33756647,-0.24364877,0.3753246,-0.062416255,0.08852164,0.108313754
24.293478074173446,35.130434424522214,78.52256,18403200.0,72.16149,0.0029699197,-0.00153593,-0.3293836,0.27607146,0.03341151,-0.18090186,0.36003476,0.017687637,0.38765916,0.26260433,0.0035653105,0.26262853
24.5036234048686,34.94565269942081,84.86278,6652800.036048889,72.33672,-9.345123e-06,-9.59789e-06,-0.1760059,-1.7050463,0.41355425,0.3905443,-0.14126799,0.072998255,0.1919302,-0.14815363,0.06975039,0.16375169
24.576087129988778,34.96376817111452,80.53768,17366400.293540955,72.74074,-0.000131942,0.000629988,-0.25775155,0.2823029,-0.28898263,0.13774475,0.28007662,0.069908045,-0.12185047,0.07822859,-0.05032134,0.09301586
24.340579735906957,35.22101461745307,78.71513,15206400.082397461,72.25587,-0.0004440864,0.0025658137,-0.008530222,0.5388437,0.12525304,-0.112266935,-0.06329519,0.12854925,0.041636672,0.11588436,0.042538755,0.12344526
24.641304357168043,34.938405387540406,81.3883,4406400.123596191,71.77551,-0.00015173732,-8.584068e-05,-0.23924384,0.77397245,0.39032483,0.07889037,0.53244114,0.13691875,0.1468643,0.12914234,0.118081816,0.17498875
24.16304339770124,35.14130418675153,77.183464,3715200.0450611115,72.53678,0.015098595,0.014705519,-0.57668275,0.16241938,0.23787613,0.05112119,0.27017406,0.06984818,0.109447494,0.07009271,0.057317797,0.09054456
24.62318819070881,35.09782625650204,81.14894,11145599.860954285,72.36821,-2.7518648e-05,-3.317102e-05,0.08103357,2.2041996,0.16184223,-0.1483024,0.11966033,0.28719792,0.2028766,0.12629381,0.019123215,0.12773341
24.278985653174068,35.159420527680346,80.15937,10972800.458335876,71.55228,-0.00037392828,0.0004110461,0.095252484,2.3134634,-0.21357702,-0.10066093,-0.13516623,0.10025411,0.27388903,0.13387674,-0.008000551,0.13411559
24.641304357168043,34.938405387540406,81.3883,8639999.747657776,72.599976,0.00035225486,0.00035148454,0.091731325,2.741267,-0.007160034,-0.22229362,0.4184106,0.1797865,0.02669764,0.18601261,-0.022111075,0.18732215
24.655797039477626,35.09782643790763,82.953125,5443199.830055237,72.481705,-7.304826e-05,-9.1374284e-07,-0.24238066,0.2214184,0.9356253,-0.023821324,-0.12891936,-0.11805094,-0.11924816,0.09101439,0.15204376,0.17720306
24.003623304347823,35.192029209683014,80.788605,16675200.489234924,72.24094,-0.00037348073,-0.00040743512,0.33069777,-2.5555172,0.89286983,0.14025816,0.25947264,-0.124318235,-0.11661894,-0.22160581,0.09102633,0.23957239
24.507246418659868,35.018115659512056,74.98295,10972800.458335876,73.83346,0.35381806,0.35444424,-0.038689468,1.8619949,-0.2846067,0.004264787,-0.15971002,0.23582163,0.27723554,0.23542725,0.00029658707,0.23542744
24.409420185925658,35.126811301460926,78.58091,12095999.866104126,72.22842,0.0018295835,0.003163029,-0.016829357,2.2079055,-0.102734685,-0.2708681,-0.15259627,-0.016131245,0.24739012,0.09320114,0.0141835725,0.09427421
24.3985509616347,35.079710263267266,82.39983,12787199.670410156,71.44193,3.47257e-05,-2.5956966e-05,-0.10319357,0.7321185,-0.47778344,0.02133656,-0.010390043,0.3175973,-0.09247669,0.121504456,-0.08740252,0.14967476
24.43478277193275,35.06521686399416,78.38795,8985600.19826889,72.394775,0.0043657064,0.0018135166,-0.24266857,1.8583134,-0.32838082,-0.26636586,-0.19361472,0.09704664,0.27368593,0.14784822,-0.041704785,0.15361767
24.626811465810288,35.05797113185407,83.9315,1728000.059223175,72.56014,1.6353903e-05,-2.242583e-05,0.35112834,-0.63073856,0.59517264,0.23615962,-0.24295655,-0.057537653,0.19095334,-0.088939734,0.13343301,0.16035786
24.57608686867857,35.22463755910878,78.28966,11836799.665260315,72.8173,0.003051223,0.0042108097,-0.044877443,2.0242703,-0.23389673,0.2016468,0.5273853,0.17929217,0.22131982,0.18420106,0.018886494,0.18516676
24.5036234048686,34.94565269942081,84.86278,9849599.953651428,72.2645,4.2806637e-06,9.471747e-06,0.27823794,-3.125894,0.40466785,0.5048084,0.3492685,0.07299287,-0.3260104,-0.100385144,0.038515378,0.10752028
24.06159400092239,35.235507653915,77.223785,12873600.46863556,72.595764,-0.015186925,0.005535342,0.3700739,-2.3568618,-0.5971259,0.24094024,0.022556726,-0.11305226,0.02507448,-0.16176754,-0.03443257,0.16539147
24.518115930392057,35.170290078269815,76.7112,11231999.562263489,73.22029,0.042903442,0.035218187,-0.27067733,2.7615008,-0.24466221,-0.1346586,0.29254517,0.1397033,0.5219243,0.14468324,-0.030723294,0.1479093
24.16304339770124,35.14130418675153,77.183464,11318400.360488892,72.19652,0.004484792,0.010836056,0.3450814,-1.7265306,-0.48997992,0.35512823,0.22054076,-0.20996001,0.18050015,-0.10641191,-0.05282438,0.11880198
24.351449221508126,35.36231895652174,77.53338,15551999.984550476,72.23691,0.008283809,0.008397511,0.2363592,0.9998798,-0.52189225,-0.561051,-0.3431059,0.10680004,0.035141755,0.09283397,-0.05535996,0.10808733
24.068840433535758,35.17753635462667,82.62194,9158400.149345398,71.66282,-2.7303982e-05,2.9728633e-06,-0.4708413,1.7371762,0.2483523,-0.056397714,0.23186883,0.08641977,-0.104929335,0.14458676,0.0056155357,0.14469577
24.43478251062254,35.050724689208764,81.254395,345600.00498890877,72.99292,-0.00030664503,-0.00033159935,0.0031428784,-1.572713,1.3917199,-0.07514269,-0.35476372,-0.1452769,-0.06661834,-0.18099934,0.10110136,0.2073216
24.626811465810288,35.05797113185407,83.9315,2073599.9613761902,72.530975,2.3994604e-05,-3.2916378e-05,0.35455596,-0.48285836,0.57117164,0.22396964,-0.21633503,-0.021873213,0.18109426,-0.06650945,0.1116336,0.12994447
24.822463669968496,35.11956556932083,79.471794,12700799.969100952,72.761604,0.0022076408,0.00044244688,-0.10852129,-0.67832613,0.6524627,0.028744709,-0.07319165,0.2971678,0.30034792,-0.18520388,0.16592532,0.24865979
24.2137679164399,35.101449394680465,78.1842,2246400.0495672226,72.784164,0.0076859333,0.0076568336,-0.18081622,-1.1881936,1.40827,0.030624293,0.29356793,0.29711953,0.17060241,-0.0873669,0.14722314,0.17119472
24.47463793572534,35.15579704180788,74.131996,7257600.139045715,73.54656,0.5831233,0.34649354,-0.35215056,2.6752267,-0.30366337,-0.1849944,0.42810962,-0.05959081,0.3980917,0.26521888,-0.029922048,0.26690146
24.40579730278949,34.98550712868071,82.545616,9676799.454116821,72.06973,-6.866148e-05,1.3464296e-05,0.33191478,-2.31424,-0.22582592,0.29808718,0.47019175,0.19838789,-0.36045843,-0.2110729,-0.038294137,0.21451856
24.409420342711783,35.02898555779556,73.23672,8985600.19826889,73.271194,-0.80379826,-0.76336676,-0.08288907,1.9357275,-0.17710048,0.18367395,0.009840421,0.06417448,0.03723898,0.24713926,0.0011762328,0.24714206
24.47463793572534,35.15579704180788,74.131996,5961600.231742859,73.35046,0.43071234,0.41366673,-0.11204972,1.3953098,-0.25990182,-0.19823164,0.53629684,-0.0798566,0.2227526,0.31017426,-0.07528803,0.31918076
24.373188532413735,34.85507217391305,83.68782,2764800.03991127,72.56977,-3.7189293e-05,4.4139535e-05,-0.23619004,-0.315827,-0.015994245,0.34889853,0.16266797,0.11554459,0.10155222,-0.18302706,0.03005681,0.18547861
24.293478074173446,35.130434424522214,78.52256,14774400.478935242,71.925125,-0.0022586698,0.0018136513,0.011652745,0.3547935,0.08186569,-0.09168511,0.124892056,-0.22953492,0.251451,0.11430567,0.0776117,0.13816425
24.626811465810288,35.05797113185407,83.9315,17107200.092697144,72.01353,-1.2257027e-05,2.1592345e-05,-0.109655544,0.77679664,-0.9185125,0.065225184,0.018137462,0.26066324,-0.21642256,0.06517022,-0.08734939,0.108982
24.40579722439643,35.07608730649443,81.130585,2073599.9613761902,72.68064,0.00033286234,0.00026151206,-0.0016358122,-1.1362355,1.323455,-0.033110224,-0.21564364,0.05757712,-0.13147768,-0.08249876,0.17469086,0.19319147
24.55434784521419,35.039855304907746,78.730316,2159999.936914444,71.885475,0.0020817989,0.000549687,-0.31606913,-0.33440125,0.78079647,0.10372849,0.26092875,0.05677967,-0.026108049,-0.081382625,0.15152027,0.17199281
24.340579735906957,35.22101461745307,78.71513,3715200.0450611115,73.13458,0.006442542,0.002031158,-0.39140552,0.25046375,0.7092614,0.14949986,-0.11368618,-0.27953458,-0.34763196,0.03727994,0.07034119,0.079609536
24.641304357168043,34.938405387540406,81.3883,6998399.938201904,72.36797,-0.00011992277,0.00024421344,-0.022354856,1.9086628,0.031015314,-0.06536899,0.6209744,0.18462358,0.035372876,0.1122283,0.023926225,0.1147504
24.55434784521419,35.039855304907746,78.730316,6652800.036048889,72.68741,0.0039923303,0.0037401887,-0.34870708,2.4186962,-0.14470308,0.022932015,0.15788709,-0.06188474,-0.10001812,0.19445044,0.0048155114,0.19451006
24.49275373635028,34.95652190987481,78.13308,1987199.9858379364,71.679665,0.0012292097,-0.0011197135,-0.06737425,-0.11893062,0.54706794,0.15217373,-0.09374639,0.03283996,-0.045465685,-0.046342555,0.20089637,0.20617223
24.49275373635028,34.95652190987481,78.13308,7862400.2420425415,72.74474,0.004911524,-0.0029510912,0.07695401,1.8406242,-0.5408116,-0.037527345,-0.22013807,-0.13632104,0.013901761,0.18927282,-0.071142346,0.20220147
24.43478277193275,35.06521686399416,78.38795,8035200.193119049,72.41232,0.0044872616,0.0040912614,-0.27839053,1.75766,-0.27875388,-0.16483459,-0.14387757,0.106478706,0.22113371,0.13395815,-0.045843747,0.14158542
24.57246390714934,35.13405809180027,82.83649,1641599.9465703964,73.02454,-0.00011379791,-8.222292e-06,0.0732571,-0.7034153,0.7702744,0.307777,-0.19171417,-0.09485694,-0.15273228,-0.12765935,0.13671604,0.1870513
24.822463669968496,35.11956556932083,79.471794,18143999.79915619,72.94176,-0.0003387876,0.0027053962,-0.26489687,-1.1599687,-0.091477506,0.17884183,-0.085554875,0.01972019,0.065959014,-0.26973253,-0.049851827,0.27430066
24.677536062942007,35.07971042955572,84.775665,691200.0099778175,72.61106,1.602781e-05,3.4126597e-06,0.24881239,-0.6294818,0.6013656,0.20550796,-0.065681286,-0.16542089,0.11688518,-0.11616792,0.14259276,0.18392302
24.52536253285706,35.05797113185407,79.99595,15379199.48501587,72.35981,0.0009129487,-0.0002003223,-0.39816266,2.3180666,-0.5734435,0.06984496,0.11824179,0.15957399,0.08017492,0.17182323,-0.025198776,0.17366117
24.677536062942007,35.07971042955572,84.775665,6393599.835205078,72.39966,-1.7020478e-06,1.045526e-05,-0.0914675,1.510995,0.2708487,-0.21762002,0.17065772,-0.009282798,-0.41949123,0.18156914,0.04955536,0.18821022
24.800724541980035,35.0326085145684,80.91604,6480000.084972382,73.12235,-0.00068635977,-0.00087579497,-0.4618616,1.8433133,0.3549472,0.19546217,0.36608773,-0.30590603,0.06560544,0.17909485,0.0258622,0.18095253
24.507246418659868,35.018115659512056,74.98295,14428799.479866028,73.76671,-0.3324702,-0.3300512,-0.12640695,0.5301994,0.33922768,0.30163467,-0.22513354,0.2518562,0.2441456,0.079243645,0.067910984,0.104362145
24.33695651306752,35.26449269887389,75.24537,1728000.059223175,73.117,0.14531103,0.12305159,-0.12831822,-0.638679,-0.32572109,0.02739885,0.08641907,0.06021823,-0.25784522,-0.094710045,-0.055658247,0.10985369
24.340579735906957,35.22101461745307,78.71513,777599.9855160713,73.5439,-0.005796428,-0.007844045,-0.08089345,-2.6546512,1.3894025,0.1753962,-0.13186827,-0.34110674,-0.07479251,-0.23145539,0.073158264,0.2427421
24.40217392316393,35.07246365433351,77.73675,2505600.113296509,72.22045,0.006558212,0.0058776527,-0.23924051,-0.66914296,1.1621099,0.08592493,0.2470035,-0.01540599,-0.17460975,-0.07110733,0.15282539,0.16855815
24.608695560661264,35.210145036629335,80.071884,4319999.873828888,73.18123,-8.263033e-06,-0.0018393749,-0.35739535,0.6630529,0.675862,-0.05485397,-0.012998834,0.10600631,0.20997563,0.08058221,0.084630504,0.1168581
24.49275373635028,35.04710138474188,79.64641,15551999.984550476,72.38057,0.00086235197,-0.001372279,-0.37428313,1.9212153,-0.72683525,0.13518612,0.13462745,0.05497188,-0.0303751,0.15409659,-0.041359037,0.1595504
24.677536062942007,35.07971042955572,84.775665,950400.0051498413,72.636215,1.7655382e-05,9.760374e-06,0.2526291,-0.5987927,0.61676735,0.17940396,-0.066482596,-0.13077873,0.13905014,-0.10924897,0.14645499,0.182714
24.268116089179838,35.07971042955572,81.07262,4579200.074672699,72.59428,0.0003717916,-0.00013087549,0.052022725,-0.80633044,-0.025887549,0.3264162,0.37792483,0.37887937,0.13823389,-0.117097594,-0.027898477,0.12037513
24.340579735906957,35.22101461745307,78.71513,4492800.099134445,72.82275,0.0049116234,0.0040941234,-0.35165942,0.9746441,0.47597444,0.09809423,-0.06636273,-0.20793349,-0.3467631,0.11337874,0.03498449,0.1186535
24.55072462237475,35.07608730649443,88.70044,13391999.773406982,72.358086,-3.9562516e-07,-8.339179e-08,-0.18408974,-0.12361924,0.36009377,-0.18184978,-0.29982367,-0.019545093,0.62321943,-0.04784913,0.20911464,0.21451917
24.409420342711783,35.02898555779556,73.23672,12787199.670410156,73.21704,-0.41611013,-0.57084626,-0.14458463,1.9495119,0.047954455,0.45748344,0.075767376,0.11456601,-0.05630242,0.2304854,0.02198074,0.23153114
24.06159400092239,35.235507653915,77.223785,7689599.742507935,72.45473,0.01177978,0.007609272,-0.22293653,-4.02993,-1.1587322,0.9937323,0.42945933,-0.15865925,-0.00011142716,-0.15321238,-0.04022508,0.15840483
24.528985389862203,35.079710263267266,73.800804,11577599.464416504,73.695435,0.23185141,0.90938354,-0.11756712,1.3450282,0.503124,0.13541624,-0.18079531,0.19853798,0.2781293,0.13479641,0.025389338,0.13716665
24.24275355543479,35.275361916886446,83.709785,14342399.778556824,70.95581,-3.042124e-06,-5.288755e-06,0.03455594,-0.620052,0.37564492,-0.06590075,0.11008364,0.08572645,0.4073395,-0.14287433,0.081106566,0.16429044
24.134057993885538,35.130434787333385,80.741425,1728000.059223175,74.18383,0.0024114568,-0.0027063906,-0.28402406,-0.8685607,-0.0002544988,0.4362293,0.4584894,0.44025517,0.52836794,-0.18461892,-0.007850972,0.18478578
24.409420342711783,35.02898555779556,73.23672,7948799.943351746,73.33883,0.90330654,-0.59178966,-0.1692304,1.7442044,-0.08473776,0.2188963,-0.026234105,-0.078449495,0.12228324,0.21900828,-0.003787994,0.21904105
24.53985505838052,35.14492730981283,78.72631,4492800.099134445,72.61574,0.0033211135,0.0016389237,-0.2744214,0.49527454,1.0022393,-0.24216112,-0.060556464,-0.07757642,-0.25752786,0.07822847,0.17353983,0.19035695
24.442029139218562,35.043478080275,76.86345,2073599.9613761902,72.15984,0.010279052,0.013674148,-0.15956688,0.10434854,0.44168222,0.25449383,0.30123025,0.012317404,0.102674335,0.018949578,0.083740056,0.08585735
24.423912946628306,35.16304383214723,83.815254,6047999.933052063,72.26179,-4.5660668e-06,2.557055e-05,-0.28478628,2.6105037,-0.1497239,0.35848266,0.109470725,-0.07693172,-0.0008439645,0.14153193,-0.010833211,0.14194591
24.293478074173446,35.130434424522214,78.52256,10281599.557113647,71.825035,0.00069177046,-0.0021531433,0.23751675,1.1872997,-0.4086427,-0.15390977,0.0785109,-0.030195601,0.38675168,0.081404075,-0.020140972,0.083858706
24.373188349496587,35.09782609021359,73.044136,17193599.794006348,73.484245,0.6021464,0.5823594,0.054041415,0.90931374,-0.6626476,0.11713733,0.18392883,-0.0278721,0.13269082,0.18562545,-0.07428501,0.19993766
24.15217408195171,35.09782609021359,90.079155,14169600.375938416,72.61212,-1.1734981e-07,5.591825e-09,0.36236268,-0.06189303,-0.2097572,0.52445906,0.37157574,0.044632453,0.25299454,-0.012638311,-0.101277575,0.10206309
24.293478074173446,35.130434424522214,78.52256,3801600.0205993652,72.51306,0.0021358337,-0.0039310376,-0.4388004,0.10633462,0.741672,0.255589,0.26433203,-0.0107528865,-0.13809124,0.025357276,0.09227399,0.09569473
24.40217392316393,35.07246365433351,77.73675,13651199.974250793,72.5117,-0.0064505544,-0.008906378,-0.1114273,1.7038033,-0.55394167,-0.20454335,-0.0020807236,-0.09733582,0.022635266,0.13396554,-0.026009692,0.1364671
24.75362311542571,35.148550251468535,82.31272,4060799.9472141266,72.8533,0.00019720747,0.00018447704,-0.23897514,0.19188772,0.71000475,0.07975627,0.30457503,0.2435602,0.043103997,0.050340604,0.10149315,0.113291815
24.579710091518006,35.06884069756067,84.24473,7775999.992275238,72.08249,8.639348e-06,1.2694872e-05,0.37124187,0.48007816,0.21504982,0.118598506,0.35263386,-0.24581084,-0.2096085,0.08869915,0.02504972,0.09216847
24.15217408195171,35.09782609021359,90.079155,2332799.8879909515,71.385864,-3.5113153e-08,3.9138893e-08,-0.14499584,0.7032485,0.006313026,-0.3903066,-0.26225343,-0.16778594,-0.62982076,0.21405022,-0.050785303,0.21999237
24.15217408195171,35.09782609021359,90.079155,13305600.072097778,72.96199,-1.9199312e-07,-1.30937e-07,0.2436028,0.26844624,-0.19236156,0.5470527,0.4239327,0.049099404,0.22275949,0.120933436,-0.087565236,0.14930695
24.47463793572534,35.15579704180788,74.131996,10713600.257492065,73.57358,0.054990295,0.57266206,-0.11721742,2.6327,-0.23564392,0.010349795,0.1493622,0.06280074,0.52476656,0.18984702,0.03544886,0.19312824
24.373188532413735,34.85507217391305,83.68782,17971200.39653778,71.168495,-1.11710715e-05,4.7234257e-06,-0.07728925,0.16333558,-0.77927315,-0.10531741,0.02176169,0.006455861,0.27987057,0.04223263,-0.26050818,0.26390928
24.40217392316393,35.07246365433351,77.73675,17020800.39138794,73.13599,0.0006277041,-0.012806243,0.07254748,0.7763262,-0.59508634,-0.037076354,0.074588165,0.26371565,0.0031678192,0.16452609,-0.07875613,0.1824044
24.15942034471344,35.02536261613985,84.04098,1555199.9710321426,73.107735,-4.7186495e-05,-4.8455022e-05,-0.18626396,0.6193706,-0.539096,-0.0074562654,0.010689713,0.23632929,-0.020111494,0.10970459,-0.0663749,0.12822138
24.3985509616347,35.079710263267266,82.39983,11836799.665260315,71.49652,1.6830687e-05,2.6239271e-05,-0.049643487,0.6854161,-0.43843347,0.118971735,0.06404875,0.38388863,-0.059952624,0.10934829,-0.08621142,0.13924603
24.507246627708035,35.15217355593542,72.15966,3023999.9665260315,73.56834,0.28017658,0.26473218,0.1915455,-0.009068534,-0.47759992,0.15909438,1.0878516,0.17285454,0.2612966,-0.0075350353,-0.13823882,0.13844402
24.75362311542571,35.148550251468535,82.31272,11923200.463485718,72.49059,-1.2310271e-05,0.00011194207,-0.214863,1.9237971,-0.33511245,-0.04074932,-0.049599618,0.08397516,0.5275127,0.13049506,-0.03510439,0.1351343
24.340579657513896,35.072464168316,77.031204,259199.99517202377,72.82582,-0.006502765,0.019348187,0.2559805,-2.233857,1.2673255,0.22080994,0.43378392,0.26284492,0.003837254,-0.1957628,0.13539942,0.23802537
24.525362323808892,35.01449270273921,80.76379,2678400.0643730164,72.012764,0.00017445165,-1.858828e-05,-0.05997881,-0.5871292,0.91369647,0.024754021,0.030262921,0.047582246,0.15760908,-0.060885083,0.098336905,0.11565959
24.514492864338745,35.152173737341,77.98083,17193599.794006348,73.34519,-0.0073126093,-0.013280489,0.020861894,1.2632216,-1.1104401,0.3137374,-0.2507766,0.21545151,0.009027369,0.18586656,-0.14699143,0.23696594
24.235507135886934,35.09782643790763,86.62735,4838399.727058411,72.28117,-2.337005e-06,-1.2041912e-06,-0.5665436,1.0509845,-0.5963771,0.031777736,0.1370368,0.27348936,-0.43265527,0.2305716,-0.14436667,0.27203858
24.340579735906957,35.22101461745307,78.71513,8208000.144195557,71.96035,-0.00021599291,0.0017815825,-0.13028839,4.4544325,-0.19114849,-0.25831577,-0.08635048,-0.06991977,-0.027505614,0.14558576,0.017647572,0.14665146
24.576087129988778,34.96376817111452,80.53768,15465600.283241272,72.323105,0.00039410926,0.00059272646,-0.4340257,0.71,0.095350035,0.054319896,0.27580446,0.11135791,-0.113496654,0.062687814,0.008596753,0.06327453
24.800724541980035,35.0326085145684,80.91604,11059200.15964508,73.12336,-0.00053906575,0.000686577,0.1881106,1.9224418,-0.71767837,-0.012322441,0.23387235,0.110936984,0.32293144,0.26644546,-0.12548342,0.2945153
24.641304357168043,34.938405387540406,81.3883,16243199.788856506,72.432205,0.00031157487,-9.7779775e-05,-0.34934872,0.4275993,0.098803475,-0.028887376,0.09467776,0.20730737,-0.15724045,0.13192335,-0.0039330767,0.13198197
24.24275355543479,35.275361916886446,83.709785,13910400.175094604,70.869835,6.7994306e-06,-3.3878237e-06,0.09808712,-0.361207,0.332641,-0.10231479,0.06752076,0.1156894,0.37812406,-0.107441105,0.07599769,0.13160259
24.677536062942007,35.07971042955572,84.775665,17625600.494384766,72.01276,4.8124434e-06,8.322122e-06,-0.30088165,0.5129311,-0.88574123,0.21298623,0.0089969635,0.21336943,-0.1839276,0.06525765,-0.17515881,0.18692023
24.15217408195171,35.09782609021359,90.079155,7603200.0411987305,72.64982,1.4894542e-07,-1.5015807e-07,-0.33503127,2.4947875,1.1879913,-0.27835378,-0.21612924,0.2704203,-0.30491084,0.113935,0.042811725,0.12171289
24.49275373635028,35.04710138474188,79.64641,6825599.987125397,72.31613,-0.0010139686,0.00028046506,-0.15886644,1.2390484,-0.15280181,-0.020159133,0.0086306855,0.024705458,-0.040480547,0.14683452,-0.004085839,0.14689136
24.731884091961334,34.88405773852335,82.62194,16243199.788856506,72.82707,-5.2181287e-05,-0.00014406744,0.06525235,0.07997109,-0.9126145,0.065928586,0.05146505,0.20085284,-0.4420765,-0.028387347,-0.15548119,0.15805139
24.340579735906957,35.22101461745307,78.71513,7171199.889278412,71.99456,0.0016093682,-0.0005995358,-0.19955704,3.4653223,-0.071471244,-0.18583784,-0.056653224,-0.1261816,-0.1278246,0.13941902,0.008101153,0.13965419
24.623188347494935,34.98550731008629,86.27349,12527999.469566345,72.42118,-1.7417358e-06,9.921912e-07,0.11163564,-1.2912495,-0.19459552,0.47793096,0.12854975,-0.104366414,0.06901187,-0.16919652,-0.030356437,0.17189816
24.409420264318722,35.097825908808005,75.01247,13737599.675559998,73.39705,-0.20691636,-0.07761768,0.021779217,1.7005907,-0.465621,0.18395795,0.102575555,-0.18538818,0.063137285,0.1502478,-0.027238334,0.15269685
24.282608510179216,35.10869565592019,73.044136,6652800.036048889,72.91037,-0.09862628,0.25771067,-0.6499583,1.3946195,0.25357646,0.27367038,0.054899104,-0.42733708,-0.16699517,0.21185514,0.03410906,0.21458338
24.423912946628306,35.13405791039468,84.735344,5184000.177669525,72.29095,1.0732873e-05,-5.788e-06,-0.10129987,0.74738556,-0.443721,0.5283567,0.35493952,-0.07260876,-0.052245237,0.22316936,-0.09134381,0.24113949
24.365941903817713,35.11594190204278,77.940506,7689599.742507935,72.24922,-0.0059025115,-0.0037713267,-0.28877854,2.436837,-0.15431656,-0.172449,0.17090821,0.14206246,0.22555742,0.107674666,0.010053134,0.10814296
24.731884091961334,34.88405773852335,82.62194,4406400.123596191,71.97787,-6.671902e-05,6.0766724e-05,-0.067294575,0.85859746,0.19033031,0.21747938,0.1985543,0.36953694,0.24867994,0.14780697,0.055978153,0.15805207
24.365941903817713,35.11594190204278,77.940506,4838399.727058411,72.38732,0.0066665956,-4.949808e-05,-0.3985309,0.31523982,0.77522457,0.085201785,0.263959,-0.12848735,-0.23828718,0.13341944,0.15108047,0.20155907
24.282608510179216,35.10869565592019,73.044136,11491199.7631073,73.04619,0.19487196,0.9807897,0.012335129,2.405858,0.0009751264,0.031231284,0.06406705,0.017980225,0.018274952,0.16931556,0.014704456,0.16995288
24.880434869565217,35.11594208344836,73.60822,14601599.979400635,73.60445,-0.84436196,-0.94169647,0.19716312,-0.03757064,-0.54111797,-0.11462804,-0.15502027,0.103461,-0.6456383,-0.02315449,-0.11845876,0.12070049
24.57608686867857,35.22463755910878,78.28966,518399.99034404755,72.3796,-0.0048212186,-0.0020610436,-0.20949529,-0.9578737,1.3144798,-0.26124862,-0.16807416,-0.09540058,0.09480859,-0.13381717,0.18632403,0.22939852
24.57608686867857,35.22463755910878,78.28966,18403200.0,72.799675,0.004955621,0.007004385,0.03752297,0.58762276,-0.85424966,0.08419359,-0.2114647,0.037352793,0.27099377,0.06922949,-0.17698497,0.19004317
24.55434784521419,35.039855304907746,78.730316,4579200.074672699,72.21898,0.00055390195,0.0025882428,-0.38526314,0.8271547,0.47509712,0.17864706,0.28432906,-0.10554681,-0.23295078,0.09983011,0.055896442,0.11441356
24.731883987437246,34.999999998854186,80.17734,11145599.860954285,73.098755,-4.1159863e-05,-0.0010993702,0.082623556,2.1897802,-0.45714456,-0.0773427,0.41948324,0.09879829,0.32561222,0.24756238,-0.04215911,0.2511265
24.358695745580064,35.14492749121842,79.46463,259199.99517202377,73.43081,-0.0037753368,-0.004327835,0.059067965,-2.5009205,1.8953395,0.032228,0.012423988,0.13613316,-0.13502628,-0.1029909,0.06897979,0.123957
24.659420157792983,35.13768139626715,82.9603,16502399.989700317,71.75559,-4.101636e-05,-3.9671544e-05,-0.09775166,1.2498425,-1.5397341,0.070740685,0.38891345,0.33725166,0.12961817,0.060142204,-0.113690525,0.12861812
24.659420157792983,35.13768139626715,82.9603,2159999.936914444,72.75691,0.00010106672,0.00010124081,0.019725189,-0.40375304,0.9206272,0.22144416,0.119231254,-0.028258383,-0.034691297,-0.103493,0.17604631,0.20421338
24.33695651306752,35.26449269887389,75.24537,17452799.99485016,75.10192,-0.39294422,-0.6826902,0.010390185,1.985606,-1.1628916,-0.46064526,-0.46893644,-0.1720962,-0.09180445,0.20983995,-0.07771463,0.22376856
24.572463802625258,35.028985391507106,77.31845,11750399.96395111,73.48697,0.02870222,0.030257042,-0.09982349,1.853569,-0.09640953,-0.3208137,-0.037714094,0.3978293,0.51703054,0.13291925,0.02806652,0.13585013
24.409420342711783,35.02898555779556,73.23672,11836799.665260315,73.24565,0.9239077,0.5902475,-0.11092074,2.4372954,-0.14138663,0.36033556,0.04910003,0.1838212,-0.06837862,0.22007036,-0.0014333797,0.22007504
24.55072462237475,35.07608730649443,88.70044,259199.99517202377,72.89507,-1.4923023e-07,3.0951148e-07,0.4126988,0.34822622,-0.49872255,0.8819276,0.3531909,-0.24334052,-0.32804582,0.0761594,-0.15681994,0.17433515
24.60144921950647,34.9456523441682,85.40489,2505600.113296509,72.03954,-4.6210516e-06,-5.1335755e-06,0.011599511,-0.16018774,0.61516196,-0.05115871,-0.006985113,0.17732671,0.32392478,-0.08275851,0.19328249,0.21025483
24.423912946628306,35.16304383214723,83.815254,6307200.133895874,72.21258,-1.9687015e-05,2.76262e-05,-0.28890538,2.8214965,-0.049454954,0.34247667,0.05662296,-0.08315597,0.003991496,0.14667177,-0.0045151133,0.14674126
24.5036234048686,34.94565269942081,84.86278,11836799.665260315,72.47398,-2.2796955e-06,-4.3006376e-06,0.1427264,-1.957005,0.2813015,0.46494347,0.044064432,-0.1260427,-0.43797427,-0.17373383,0.04211284,0.17876503
24.728260869121893,35.15579704180788,79.23173,14687999.680709839,73.275246,-0.0044017937,-0.0041041775,-0.30080822,0.030912757,0.61396766,-0.003297761,-0.01987049,0.35445195,0.28581107,-0.018678607,0.18721175,0.18814126
24.51086948471318,35.141304337922854,75.965324,15292799.783706665,73.886894,0.13551933,0.09858434,0.20803897,1.5197845,-0.58912116,0.12062455,-0.20735109,0.19807923,0.059266962,0.20796096,-0.050765008,0.21406738
24.286231733018653,35.16304365074164,82.86601,1900800.0102996826,72.864365,8.10866e-05,0.00011971771,-0.041581973,0.31334358,-0.38578779,0.028812096,0.49374786,0.40081474,-0.02605497,0.09900049,-0.06361484,0.11767729
24.728260869121893,35.15579704180788,79.23173,518399.99034404755,72.41542,-0.0009944906,-0.000889218,-0.06375606,-0.45639825,0.93479544,-0.09912295,0.06210933,-0.013485901,0.00011789054,-0.10712742,0.25331792,0.27503866
24.202898613755877,35.17753635462667,82.22561,15638399.68585968,71.38021,7.745777e-06,5.3844575e-05,0.14388412,-1.5146047,1.146987,0.19783854,-0.21608597,-0.19787389,0.35769433,-0.08748873,0.11645734,0.14565916
24.822463669968496,35.11956556932083,79.471794,12095999.866104126,72.82586,0.002501718,0.002478241,-0.03391684,-0.5215696,0.45916128,-0.03052964,-0.010104157,0.3192097,0.26470038,-0.15750793,0.07141712,0.17294262
24.55434784521419,35.039855304907746,78.730316,3887999.996137619,72.060555,0.0011156837,0.0024491127,-0.37092644,0.47197953,0.5853203,0.1686814,0.29900414,-0.06985637,-0.21963319,0.06257813,0.095835626,0.11445737
24.152173912100075,34.942029039701325,85.189964,16156800.087547302,72.09179,2.1675855e-06,5.778624e-06,-0.14221019,-2.0743744,0.97698414,0.24259603,0.42207605,0.321517,0.5119698,-0.09482189,0.053026278,0.108641505
24.514492864338745,35.152173737341,77.98083,4233599.898290634,72.66846,0.0040771016,0.0028073837,-0.19175452,0.039318487,1.0622565,-0.338038,-0.030291453,-0.07974624,-0.27136236,0.041716103,0.16127442,0.16658233
24.141304256647267,35.05072417522627,80.839714,10886399.660110474,72.11495,-0.0003746881,3.9049028e-05,-0.1455143,-2.7206492,-0.24997143,0.2858097,0.20414633,-0.31703743,-0.019977823,-0.14414735,-0.03152717,0.14755481
24.171296292717127,35.10648163098043,78.049835,16329599.49016571,72.34727,0.0028940337,0.005798692,-0.15045317,-0.58378446,0.49819487,-0.0035097972,0.49572992,0.016670756,0.10136841,-0.12138732,0.15443179,0.19642825
24.340579657513896,35.072464168316,77.031204,7948799.943351746,72.287384,0.012138378,-0.0016346379,-0.15429088,1.828364,0.10891655,-0.13201967,0.28965202,0.2878448,0.23249009,0.22934285,0.038574435,0.23256424
24.52536253285706,35.05797113185407,79.99595,6912000.2368927,72.3483,0.00042734318,-0.00043867293,-0.18103912,1.7411199,-0.01632195,-0.021101795,0.035960656,0.007958956,-0.11322852,0.19604577,-0.017573657,0.19683185
24.40217392316393,35.07246365433351,77.73675,10540799.757957458,72.4472,-0.0040051104,0.0053007957,-0.16370434,1.7672387,-0.24940658,-0.3322576,-0.16149238,-0.038568906,0.33358368,0.17876902,-0.018299004,0.17970315
24.336956356281394,35.12681217825459,78.56935,15638399.68585968,72.06547,0.0017241453,0.0011513577,-0.061643314,0.74376994,0.048707217,-0.10239247,0.13739279,-0.06734223,0.20490226,0.12166939,0.03655756,0.12704289
24.49275373635028,34.95652190987481,78.13308,13219200.370788574,72.628845,-0.0024557342,-0.0069915596,-0.30606818,1.4298608,-0.028228208,-0.19797051,-0.0249049,0.16908874,-0.07037564,0.19114037,0.0126271425,0.191557
24.351449221508126,35.36231895652174,77.53338,5356800.128746033,71.6161,-0.004185084,-0.0016770231,0.16791426,2.746619,1.9638841,-0.12119418,-0.3505104,0.18602738,0.43353564,0.23439763,0.1031028,0.25607115
24.471014503837736,35.137681214861566,84.09494,13391999.773406982,71.658295,-3.6633974e-06,5.779658e-06,-0.12819779,2.1549282,-0.060468197,-0.33510387,-0.02927097,0.49062076,0.13870229,0.15814538,-0.020553479,0.15947542
24.572463802625258,35.028985391507106,77.31845,3801600.0205993652,72.09588,0.009016577,0.0008634873,-0.14880781,0.291151,0.2755257,0.27534992,0.2712753,-0.021451429,-0.1960175,0.06781703,0.103620164,0.123839766
24.40579730278949,34.98550712868071,82.545616,12268800.365638733,72.1756,6.371659e-05,-8.2388586e-05,-0.122667916,-0.7645006,-0.27533454,0.2203927,0.058224272,-0.04852984,-0.3164044,-0.12105818,-0.035918217,0.12627432
24.43478277193275,35.06521686399416,78.38795,9331199.551963806,72.385506,0.00443708,0.004439932,-0.22935404,1.8546113,-0.32450867,-0.3009457,-0.20682484,0.08599267,0.28271425,0.15189418,-0.03672425,0.15627064
24.293478074173446,35.130434424522214,78.52256,12527999.469566345,71.86268,-0.002177792,7.155312e-05,0.2130271,0.5709361,-0.12000389,-0.061524026,-0.02105055,-0.29313186,0.33094576,0.18748154,0.017294694,0.18827754
24.336956356281394,35.12681217825459,78.56935,3974399.971675873,72.50025,0.0016762828,0.00061764976,-0.4338686,0.068305865,0.970924,0.19300047,0.19596499,-0.09563767,-0.25441682,0.04961979,0.1419762,0.15039735
24.521739153231497,35.18115965909355,80.50853,4752000.025749207,72.74194,-0.0007988813,0.0009066215,-0.35146356,1.2978115,0.631213,0.11061071,-0.22227255,-0.11752995,-0.005429253,0.12273784,0.03632825,0.12800124
24.55072462237475,35.07608730649443,88.70044,16329599.49016571,71.91936,1.4236433e-07,-2.4509555e-07,-0.15225224,-0.6663558,0.051318765,0.10853701,-0.39303628,-0.12111036,0.5511417,-0.20442626,-0.0007267374,0.20442756
24.55072462237475,35.07608730649443,88.70044,8294399.845504761,72.52355,4.6484087e-07,-2.068834e-07,0.15663812,2.3004618,-0.35043812,-0.4914217,0.26360303,0.31537172,-0.031217933,0.17421417,-0.024630092,0.17594664
24.271739312019278,35.0833337340226,74.97577,16329599.49016571,73.63482,0.28570288,0.23242956,-0.2050714,2.0379465,-0.87949693,-0.00481724,0.44535848,-0.13847089,0.10116248,0.1959833,-0.04308849,0.20066409
24.068840433535758,35.17753635462667,82.62194,2332799.8879909515,72.69959,4.420488e-05,-1.5463065e-05,-0.15205444,-0.5300011,-0.41934747,0.17129463,0.45632216,0.3655814,0.5042421,-0.13323875,-0.16522434,0.21225373
24.33695651306752,35.26449269887389,75.24537,864000.0296115875,73.16948,-0.14357758,-0.099495076,-0.09426775,-1.3460095,-0.24640454,0.066393256,0.15485987,0.1675323,-0.1756098,-0.28560263,-0.0328498,0.2874856
24.340579735906957,35.22101461745307,78.71513,10540799.757957458,72.12139,-0.0012741339,-0.0017671976,0.17151764,3.9083126,0.03794115,-0.24120867,-0.15675396,0.15886053,0.035072118,0.17569457,0.024493115,0.17739362
24.358695745580064,35.14492749121842,79.46463,7775999.992275238,72.11641,-0.0012178258,-0.0012575004,-0.2507555,2.5308552,-0.21072818,-0.06801032,-0.21416408,0.05104991,0.15708184,0.09842741,-0.0043028425,0.09852142
24.40579730278949,34.98550712868071,82.545616,1900800.0102996826,72.23284,-7.156442e-05,2.1983764e-05,-0.12975755,-0.6942625,0.7493925,0.27818826,-0.33345616,-0.1616309,0.560347,-0.19143228,0.18191195,0.26408005
24.282608510179216,35.10869565592019,73.044136,2851200.015449524,73.153854,0.88878834,0.87598056,-0.58494174,-0.37126738,0.61741215,0.40552044,0.06274436,-0.36250937,0.023004066,-0.10741588,0.19087073,0.21902011
24.268116089179838,35.07971042955572,81.07262,2419199.8635292053,73.040726,0.00069216976,0.0006622705,-0.1305864,-0.5427697,0.21993688,0.18184437,0.3765475,0.27440655,0.09900914,-0.19152021,0.08350082,0.20893152
24.641304357168043,34.938405387540406,81.3883,7257600.139045715,72.42015,-0.00013124422,0.00023949172,0.005605951,2.0715508,0.02145734,-0.0870711,0.58709395,0.18097654,0.036768775,0.11274821,0.016073238,0.11388814
24.608695560661264,35.210145036629335,80.071884,6739199.737358093,72.875946,0.0005886675,-0.0012798742,-0.14489445,2.1124184,0.56024617,0.1094108,0.009943739,-0.0066881552,0.111753054,0.20034778,0.07873086,0.21526212
24.423912946628306,35.16304383214723,83.815254,5529600.07982254,72.344246,1.7879807e-05,9.816337e-06,-0.2679176,2.1932828,-0.3534931,0.37494054,0.21230549,-0.05659064,-0.007749755,0.13369298,-0.023281151,0.13570492
24.57608686867857,35.22463755910878,78.28966,2764800.03991127,72.91876,0.0017926,0.00758963,-0.30496418,-0.5618133,1.148279,-0.46703023,-0.20918089,-0.04262069,-0.114713736,-0.03879451,0.16958055,0.17396142
24.782608584568965,35.06521774078783,85.492004,7603200.0411987305,72.94577,-4.8916113e-06,-1.2135931e-05,-0.33866245,2.439602,0.12250386,-0.40650633,0.36969635,0.028744325,-0.065989554,0.2351211,-0.016782954,0.23571932
24.17028990870767,35.119565206509655,75.23819,14256000.07724762,72.7236,0.027710391,0.0976227,0.179256,0.843224,-0.23690629,-0.0037158802,0.33708027,0.010730185,0.01946979,0.15576488,-0.017663138,0.15676314
24.72463775080654,35.097825908808005,83.506035,2592000.0888347626,72.599,4.034778e-05,-3.2039177e-05,-0.12374647,0.16665688,0.7240173,-0.0149418935,0.25162816,-0.035452522,0.0489733,0.0349459,0.19297662,0.19611526
24.442029139218562,35.043478080275,76.86345,16416000.288391113,73.613686,0.033790424,0.005390766,0.19464512,0.5481303,-0.7528757,-0.059767433,0.04870529,0.30575767,-0.08694785,0.09325702,-0.073164426,0.11853229
24.518115930392057,35.170290078269815,76.7112,3023999.9665260315,72.74255,-0.018094262,0.0034465042,-0.09776245,-0.18977557,0.887156,-0.3903375,0.079477064,-0.026011981,-0.123629875,-0.027550992,0.14917308,0.15169597
24.336956356281394,35.12681217825459,78.56935,13737599.675559998,72.0047,-0.0021368465,-0.002642521,0.07151531,1.0063928,0.010348756,-0.109619506,0.002462022,-0.19494864,0.21269539,0.15472832,0.034261093,0.1584761
24.5036234048686,34.94565269942081,84.86278,1814400.0347614288,72.23747,1.0104587e-05,-2.7627658e-07,0.0026194602,-0.47900683,0.7197127,0.10548328,-0.25419226,-0.19790035,0.3855614,-0.043861594,0.10397814,0.112850755
24.340579657513896,35.072464168316,77.031204,4492800.099134445,72.23785,-0.008832067,0.00742192,-0.30691177,0.34628296,0.7261769,0.10981229,0.28571007,-0.029683635,-0.14689115,0.098738976,0.12182947,0.15681775
24.409420342711783,35.02898555779556,73.23672,4838399.727058411,73.201866,-0.85717833,-0.84798765,-0.13848567,0.79361403,-0.025002828,0.2671706,0.07705341,-0.2618202,0.2362423,0.21397182,-0.03534114,0.21687078
24.576087129988778,34.96376817111452,80.53768,3801600.0205993652,71.75588,-0.0002851755,0.00036304575,-0.18914075,0.16565377,0.77403915,0.057464756,0.31995746,0.042789083,0.080723464,0.052908376,0.12837279,0.13884836
24.235507135886934,35.09782643790763,86.62735,11491199.7631073,71.76779,-3.1059113e-07,-1.4825582e-06,-0.18722723,1.271305,-0.1377744,0.27110144,0.17124474,0.1767703,0.09581505,0.28044787,-0.010279268,0.2806362
24.3913043591697,35.05434799367564,86.750465,8639999.747657776,72.40431,-1.4335491e-06,-2.1308517e-06,0.2036406,-2.343189,-0.60581666,0.4281602,0.31240562,-0.119410016,-0.14696258,-0.06758213,-0.034088127,0.07569244
24.57246390714934,35.13405809180027,82.83649,14515200.27809143,71.76263,-1.6194339e-06,4.5125966e-05,-0.15852034,2.047133,-0.3807975,-0.16978404,0.059410833,0.4251835,0.20104033,0.1436523,-0.018896623,0.14488985
24.503623143558386,34.916666955294566,80.479385,2937599.9909877777,71.49602,6.185889e-05,0.00010341524,-0.33340275,-0.13359563,0.91014105,0.110951975,0.040302694,0.036187608,0.13400307,-0.059025206,0.15220578,0.16325003
24.576087129988778,34.96376817111452,80.53768,7430400.090122223,72.42032,3.834081e-05,-0.0006595031,0.006313145,2.0268762,-0.02071668,-0.10821412,0.44944212,0.05718407,0.011547616,0.2125406,0.020700563,0.21354629
24.677536062942007,35.07971042955572,84.775665,13824000.4737854,72.383965,-8.2688297e-07,-9.85507e-06,-0.09777333,1.5073313,0.27769196,-0.13749474,-0.14545819,0.31245494,0.33456844,0.122975975,0.031032506,0.12683102
24.782608584568965,35.06521774078783,85.492004,10627199.459266663,72.67207,-8.662309e-06,-9.151818e-06,-0.13932452,2.619613,-0.3317377,-0.30432826,-0.28239194,0.35212636,0.324003,0.1519488,0.007892191,0.15215361
24.171296292717127,35.10648163098043,78.049835,345600.00498890877,73.78678,0.003938733,-0.0038591535,-0.017593913,-1.363532,1.8970351,-0.07760895,0.13368101,0.49654666,0.20486107,-0.23375168,0.28740785,0.3704634
24.141304256647267,35.05072417522627,80.839714,8812800.247192383,72.358665,0.0003443598,0.00028186935,0.03667275,-2.8149273,-0.109893195,0.43228862,0.24055618,0.0006529018,0.20941979,-0.1370623,-0.022992043,0.13897736
24.40579722439643,35.07608730649443,81.130585,10540799.757957458,71.71067,6.181493e-05,5.4463217e-05,-0.06162148,0.9805572,-0.5539627,-0.002854228,-0.044667304,0.28860542,0.013251966,0.10818373,-0.036439862,0.114155956
24.52536253285706,35.05797113185407,79.99595,14428799.479866028,72.300804,0.0008685887,0.0008082569,-0.43321794,2.6419237,-0.30943757,-0.048629247,0.11818801,0.28029492,0.13464388,0.19234434,-0.019041905,0.1932846
24.52536253285706,35.05797113185407,79.99595,15897599.886703491,72.389336,0.00081128516,-0.00022548871,-0.33861017,2.0811613,-0.7280194,0.13141735,0.12673032,0.08892457,0.041684538,0.14805683,-0.033754326,0.15185578
24.655797039477626,35.09782643790763,82.953125,3196799.917602539,72.510345,1.5992762e-05,-1.4834589e-05,-0.017098647,-0.08488409,0.99326646,0.11914557,-0.20699057,-0.059467755,0.051891327,-0.024550205,0.18601055,0.18762366
24.141304256647267,35.05072417522627,80.839714,16070400.386238098,71.122154,9.32429e-05,-0.000116155854,-0.5012577,-1.2886357,1.1323982,-0.092945896,0.6014703,0.18055943,0.35499573,-0.105427854,0.11710676,0.15757228
24.286231733018653,35.16304365074164,82.86601,1814400.0347614288,72.88274,6.622043e-05,0.000119996774,-0.0334824,0.30908173,-0.37917215,0.024540544,0.49191204,0.40323168,-0.014004305,0.10308636,-0.06586228,0.12233004
24.373188532413735,34.85507217391305,83.68782,1900800.0102996826,72.59524,-2.2312468e-06,3.5624224e-05,-0.23692496,-0.4039824,-0.020202637,0.26493523,0.035891306,0.060425635,0.12154328,-0.16683586,-0.008039426,0.16702944
24.293478074173446,35.130434424522214,78.52256,9417600.350189209,71.85322,0.002266174,-0.0013036996,0.14743139,1.6113552,-0.5012674,-0.13978359,0.17846413,0.10926742,0.36276165,0.094793715,-0.030992325,0.099731505
24.85869584610084,35.31159408476158,76.05999,9504000.051498413,76.085365,-0.69718325,-0.58983934,-0.43735075,3.1846902,-0.743706,-0.17470893,0.33166298,0.3396615,0.26414752,0.15923318,-0.036008917,0.16325393
24.423912946628306,35.13405791039468,84.735344,11577599.464416504,71.79384,6.0978077e-06,4.004193e-06,-0.084313735,2.2062066,-0.05148475,-0.33647868,0.04714962,0.41372323,0.119480014,0.181608,-0.011386632,0.18196462
24.43478277193275,35.06521686399416,78.38795,13219200.370788574,72.3655,-0.0027440183,-0.0037307038,-0.15385428,1.6391094,-0.38747823,-0.23056352,-0.03432761,0.034015175,0.04894927,0.12446783,-0.017576592,0.12570272
24.57608686867857,35.22463755910878,78.28966,11750399.96395111,72.81938,0.00278772,0.004446904,-0.043866865,1.9899871,-0.23979507,0.20797062,0.5326416,0.1725032,0.2196927,0.1861488,0.018503005,0.18706614
24.278985653174068,35.159420527680346,80.15937,4060799.9472141266,72.58691,-0.0010356038,-0.00064028666,-0.42458445,0.73148155,0.5770083,0.42868847,0.27342942,0.14464338,-0.06523757,0.10036803,0.09362255,0.13725495
24.60144921950647,34.9456523441682,85.40489,17452799.99485016,72.18145,-1.9521317e-06,3.2662574e-06,0.028064057,1.0810115,-0.46433872,0.14978805,-0.112616204,0.094768,-0.33430967,0.20860076,-0.09292869,0.22836378
24.423912946628306,35.13405791039468,84.735344,2678400.0643730164,72.4785,-1.6229063e-06,1.3437066e-06,0.09819521,0.803174,-0.60881895,0.48497888,0.28311643,0.08138488,-0.19883665,0.18562181,-0.14805454,0.23743546
24.528985389862203,35.079710263267266,73.800804,4579200.074672699,73.56883,-0.67506784,-0.6553399,0.26671243,0.6092095,-0.2276332,-0.032396354,0.6495155,0.0023380965,0.40412426,0.15928528,-0.09377991,0.18484174
24.43478251062254,35.050724689208764,81.254395,5011200.226593018,72.096245,0.00017843592,0.00025778747,0.16147527,-0.5213952,0.2783258,0.1280363,0.01683883,0.11732801,-0.023024097,-0.11068222,0.059738073,0.12577437
24.521739153231497,35.18115965909355,80.50853,10022400.453186035,72.26548,0.0002548817,-0.00045265513,0.09263462,1.879543,-0.11396141,-0.038923487,-0.10991771,0.12421876,-0.10746273,0.12066951,-0.024722626,0.123176046
24.60144921950647,34.9456523441682,85.40489,3283199.893140793,72.04128,-5.7159755e-06,-1.9799207e-07,-0.037628625,-0.14474176,0.44861424,-0.07836168,0.04273942,0.24364811,0.304424,-0.079444386,0.16868183,0.18645367
24.278985653174068,35.159420527680346,80.15937,11923200.463485718,71.45841,-0.0003905325,-0.0001743054,0.15699594,1.4304762,0.013877157,-0.06212326,-0.1432032,0.024745792,0.27809823,0.12011597,0.025007235,0.12269152
24.55072462237475,35.07608730649443,88.70044,15811200.185394287,72.03414,-1.6335346e-07,-2.2506993e-07,-0.16446827,-0.5784154,0.080107905,0.098775744,-0.37836352,-0.1113069,0.58537096,-0.22651948,0.019246344,0.22733565
24.278985574781007,35.18478260074926,85.36457,5529600.07982254,71.789604,-1.1098198e-06,-4.34308e-06,-0.7889421,1.5445459,-0.10210151,0.15795217,0.23940483,0.07698269,-0.16523534,0.16643313,-0.01305507,0.16694437
24.49275373635028,35.04710138474188,79.64641,12095999.866104126,72.21057,-0.0011704215,-0.0007591288,-0.22656599,2.2216957,-0.19713885,-0.2803664,0.039907165,0.29786584,0.09045997,0.16183536,-0.022793066,0.16343257
24.275362351941567,35.02173896397893,79.32639,11750399.96395111,71.98486,-0.0001366534,-2.9872914e-05,-0.20808756,-1.3473315,-0.46537936,0.23566636,0.11509071,-0.30785063,-0.011991613,-0.11922624,-0.058082744,0.13262165
24.15942034471344,35.02536261613985,84.04098,3023999.9665260315,72.6655,-3.388951e-05,3.5204845e-05,-0.121874064,0.9350019,-0.67548496,0.0763561,-0.061191566,0.2642965,-0.06341379,0.25144848,-0.11848225,0.2779647
24.55072462237475,35.07608730649443,88.70044,14860800.180244446,72.26945,-2.0213957e-07,1.0103589e-07,-0.18296611,-0.41273487,0.15346655,0.04958994,-0.3623087,-0.075491436,0.6296079,-0.22001335,0.08024646,0.23419088
24.003623304347823,35.192029209683014,80.788605,11577599.464416504,71.88455,0.00020819028,0.00016346651,0.36234576,-2.3015268,-0.39862782,0.4237075,0.42708397,-0.33406734,-0.25455174,-0.16572082,-0.017407019,0.1666325
24.409420342711783,35.02898555779556,73.23672,15033599.582862854,73.20576,0.945808,0.4435341,-0.17156896,0.35643286,0.25659633,0.5821853,0.21239379,0.00042072684,-0.0073185787,0.16096798,0.08526628,0.1821566
24.49275373635028,35.04710138474188,79.64641,5270399.878978729,72.12832,0.00085049483,6.49982e-05,-0.2092643,0.7397327,0.39268166,0.03356533,0.09860933,-0.021073237,-0.12023442,0.17001908,0.07396046,0.18540937
24.481884276880134,35.21376834109622,79.042,16675200.489234924,72.45575,-0.0017625139,0.0015683742,0.09855224,0.37735975,-0.73796886,0.09743773,0.026171338,0.2899847,-0.023143314,0.076626435,-0.13614179,0.15622483
24.3985509616347,35.079710263267266,82.39983,9676799.454116821,71.87118,4.717093e-05,6.8512745e-05,0.07332547,-0.012354255,-0.6443504,0.30125743,0.11204697,0.33500725,-0.07842857,8.551486e-06,-0.094858326,0.094858326
24.40579730278949,34.98550712868071,82.545616,4233599.898290634,72.07382,3.3055272e-05,-3.9605897e-05,0.061906755,-0.62247586,0.23026198,0.36482945,0.09805147,0.09181437,0.44751075,-0.14565977,0.060030468,0.157545
24.572463802625258,35.028985391507106,77.31845,1382400.019955635,71.92191,0.004958803,0.00040222157,-0.14388396,-0.45771903,0.4043358,0.29164416,0.35841602,0.19728741,0.20310846,-0.1361586,0.09559909,0.16636813
24.62318819070881,35.09782625650204,81.14894,13824000.4737854,72.3506,0.00031845615,0.0003595219,-0.27620906,1.9556668,0.33585846,-0.13740692,0.03716473,0.41586733,0.35743818,0.162864,0.0535378,0.17143796
24.40579722439643,35.07608730649443,81.130585,4752000.025749207,72.19062,0.00020297678,-1.8329021e-05,0.11463499,-0.52508783,0.40418798,0.123007365,-0.021193944,0.16219223,-0.16974622,-0.058346972,0.044549398,0.07340993
24.5036234048686,34.94565269942081,84.86278,9935999.654960632,72.26215,4.5961287e-06,8.624887e-06,0.28838354,-3.1100805,0.40660208,0.502854,0.34497368,0.06944693,-0.33960733,-0.10095848,0.0363536,0.10730424
24.340579735906957,35.22101461745307,78.71513,5356800.128746033,72.445045,0.00340291,0.0035113837,-0.29215133,1.7259761,0.24858458,0.01850178,-0.034772053,-0.15315834,-0.30731842,0.16085099,0.0066421404,0.16098808
24.57608686867857,35.22463755910878,78.28966,5615999.781131744,73.22752,0.007796518,0.010264912,-0.27643543,1.5663799,0.9738063,-0.26944554,-0.059030645,-0.009493135,-0.07658131,0.14852244,0.08036079,0.1688691
24.068840433535758,35.17753635462667,82.62194,16847999.891853333,72.053955,3.9837334e-05,6.542252e-05,0.02728606,-1.8460481,1.0998979,0.3120984,0.028885953,-0.25279483,0.07603578,-0.14577797,0.114782326,0.18554299
24.35507260113369,35.04710138474188,76.478294,17539199.696159363,73.86172,-0.09153194,-0.09189375,-0.17449775,0.20854376,-0.46766943,-0.16633955,0.29008484,0.16992941,-0.10686781,0.101050176,-0.15621838,0.18605193
24.340579657513896,35.072464168316,77.031204,15206400.082397461,72.868576,-0.010325607,-0.022938639,-0.18266504,1.3143626,-0.64630353,-0.09702753,0.38417092,-0.19522613,0.0039984174,0.15361892,-0.07317199,0.17015556
24.293478074173446,35.130434424522214,78.52256,10368000.35533905,71.82427,0.0006484925,-0.0019449502,0.24331652,1.1479764,-0.39708817,-0.15245232,0.06912564,-0.044771105,0.38777158,0.08387019,-0.018916165,0.08597691
24.06159400092239,35.235507653915,77.223785,3456000.11844635,72.41805,0.012264678,-0.011091947,-0.56586426,-0.8692485,-0.63205653,0.13748406,0.12651858,0.14443552,0.24461752,-0.13380483,-0.056275878,0.14515753
24.35507260113369,35.04710138474188,76.478294,16156800.087547302,73.494804,0.06792105,0.06789636,-0.22104906,0.8399927,-0.5985769,-0.052882753,0.3815398,0.0111423135,-0.10195198,0.1276564,-0.061313152,0.1416173
24.572463802625258,35.028985391507106,77.31845,15897599.886703491,73.51184,0.02361585,0.029398266,0.06642243,0.08253497,-0.54887,0.17724359,0.1517307,0.18411963,0.31723988,0.02656286,-0.10039594,0.10385052
24.369565205050215,35.10507235145331,81.59638,1814400.0347614288,73.03636,-2.2847214e-06,0.00044217464,0.047185063,-0.90735376,1.038636,0.023427017,-0.09126971,0.21220812,-0.1002095,-0.11279119,0.17652535,0.20948282
24.340579735906957,35.22101461745307,78.71513,10108800.15449524,72.07681,-0.0024862946,0.0013323536,0.124680966,4.318448,-0.061264522,-0.25384843,-0.15242255,0.1261921,0.03515765,0.1746856,0.03711698,0.17858535
24.471014503837736,35.137681214861566,84.09494,8985600.19826889,72.0494,-2.0095424e-06,-7.13263e-06,0.14312312,3.085106,-0.24049899,-0.0041421726,0.026682373,0.06486233,0.032581426,0.058448352,-0.008263591,0.059029628
24.16304339770124,35.14130418675153,77.183464,9504000.051498413,71.99376,-0.009155355,-0.009283312,0.25253594,-1.8661327,-0.6167628,0.42921218,0.39805123,0.017896157,0.07270341,-0.2652024,-0.04120654,0.2683846
24.15942034471344,35.02536261613985,84.04098,15292799.783706665,71.91639,1.5406697e-05,6.317119e-06,-0.24689257,-1.7059743,0.42979276,0.33890527,0.108339295,0.005766697,0.20555782,-0.13136753,0.028987369,0.13452768
24.46739112421217,35.10507235145331,77.031204,17798399.897003174,73.998604,0.009833216,0.030476663,0.2772658,0.7974168,-0.8546744,0.22576281,-0.26561853,0.14561418,-0.060297795,0.10154227,-0.081068315,0.12993424
24.351449221508126,35.36231895652174,77.53338,12873600.46863556,71.95361,-0.0058761104,-0.0056372457,0.15996408,1.1625142,-0.09882433,-0.56665415,0.11544107,0.1646384,0.06393205,0.18269685,-0.02786665,0.18480988
24.43478277193275,35.06521686399416,78.38795,2332799.8879909515,72.19804,0.000955463,-0.001601762,-0.19457558,-0.9773967,1.1970423,-0.023823276,0.22288054,-0.00209672,-0.19165507,-0.067220196,0.15801209,0.17171597
24.134057993885538,35.130434787333385,80.741425,1468799.9954938889,74.29236,0.0023861404,-0.0025592437,-0.28057528,-1.0087324,0.040090863,0.4300761,0.45318663,0.4119742,0.53533626,-0.1760999,0.0052080452,0.17617689
24.782608584568965,35.06521774078783,85.492004,12009600.164794922,72.68465,-1.8332421e-06,-4.30242e-06,-0.055027097,2.8143277,-0.091225326,-0.26427558,-0.42500505,0.31353113,0.31191003,0.15140381,0.039687965,0.15651917
24.800724541980035,35.0326085145684,80.91604,17712000.19569397,73.102325,0.00044121107,0.00057627173,-0.1559752,0.5345574,-0.19091997,-0.15293944,0.041950554,0.012625329,-0.03249894,0.15205081,-0.046258964,0.15893187
24.43478251062254,35.050724689208764,81.254395,13305600.072097778,71.68201,0.00017306003,3.6692967e-05,-0.29940706,1.3200303,-0.5885543,-0.0021917224,0.094400786,0.22110164,-0.1547449,0.08995617,-0.045437254,0.10078024
24.514492864338745,35.152173737341,77.98083,2764800.03991127,72.59492,0.0018062043,0.007786245,-0.23342112,-0.55814946,1.493575,-0.3918242,-0.09765298,-0.102602996,-0.2592937,-0.02754073,0.13880101,0.14150694
24.880434869565217,35.11594208344836,73.60822,172800.00249445438,73.56062,-0.95208967,-0.95385164,-0.13692875,1.322771,-0.87053686,0.124725886,-0.40347165,-0.11002233,-0.02971404,0.28142035,-0.12754716,0.30897522
24.471014503837736,35.137681214861566,84.09494,5875199.981975555,72.44988,-2.443894e-05,1.8115794e-05,0.06085758,1.1143227,-0.12570734,0.50332123,0.1425978,-0.18498576,-0.018458802,0.09301354,-0.019020444,0.094938375
24.572463802625258,35.028985391507106,77.31845,14601599.979400635,73.34769,-0.027869472,-0.027405202,-0.036372546,0.4486892,-0.18234889,0.04771827,0.106726706,0.2890188,0.42939115,0.091644056,-0.050974187,0.10486659
24.503623143558386,34.916666955294566,80.479385,10627199.459266663,72.11547,0.00037740162,0.00048460788,0.020739287,1.4387869,0.13799676,-0.3969193,-0.0076254606,0.027536284,-0.15549514,0.18602611,-0.024724953,0.18766204
24.75362311542571,35.148550251468535,82.31272,6652800.036048889,72.84109,-0.0001347572,-3.231948e-05,-0.3437211,1.9676031,0.049451366,-0.037331477,0.3449591,0.2507335,0.036727913,0.22065265,-0.04645034,0.22548887
24.409420264318722,35.097825908808005,75.01247,1036799.9806880951,72.57599,0.10379732,0.08867786,-0.115646124,-0.32375717,0.35439664,0.55681944,0.58558816,0.060213186,0.4289572,-0.10717452,0.061787736,0.12370975
24.242753659958876,34.931159481553294,83.59315,2851200.015449524,72.66005,3.4641867e-05,4.058843e-05,0.052132055,-0.3594619,-0.35273832,0.52986926,0.37113833,0.13198915,0.61557245,-0.20494173,-0.13495994,0.24538806
24.514492864338745,35.152173737341,77.98083,11923200.463485718,72.7509,0.008706856,0.0048878333,-0.20546177,2.4075332,-0.078769,-0.18995178,0.11160566,0.18061689,0.35511655,0.15066813,-0.0031378223,0.15070081
24.507246418659868,35.018115659512056,74.98295,0.0,72.67283,-0.10261553,-0.09201986,-0.08336564,-0.31667185,-0.29911166,0.6654107,0.6350906,0.10026765,0.5923997,-0.27913734,-0.18532276,0.3350555
24.278985574781007,35.18478260074926,85.36457,518399.99034404755,72.60254,9.603425e-07,7.522222e-06,-0.2600177,0.20126003,-0.9529524,0.21645641,0.61444503,0.2309559,-0.17583898,0.0019708665,-0.121120796,0.12113683
24.57608686867857,35.22463755910878,78.28966,10627199.459266663,72.86638,-0.0052076494,0.007454175,-0.037772324,1.6335567,-0.32891083,0.256537,0.5671538,0.095525816,0.1783827,0.17038855,-0.0035083971,0.17042467
24.17028990870767,35.119565206509655,75.23819,5011200.226593018,72.23932,0.06022262,-0.064141914,-0.7532426,0.4045521,0.1300228,0.008846432,0.29354572,-0.05814483,-0.3422741,0.12405078,0.053323813,0.13502602
24.782608845879178,35.07246365433351,80.82854,16588799.691009521,72.70286,-0.0006026737,-0.00034224222,-0.3501053,0.5015619,0.06720133,0.20084229,0.14156628,0.007623203,0.06274499,0.13110536,0.006622938,0.13127254
24.264492787947336,35.06521739309379,75.914215,6393599.835205078,72.149124,0.026292793,-0.02624457,-0.38226497,0.8456338,0.5381624,0.008941017,0.31946954,0.19615033,-0.09054283,0.10599189,0.04587182,0.11549245
24.507246418659868,35.018115659512056,74.98295,518399.99034404755,72.72008,-0.12376838,-0.12543066,-0.082780115,-0.16188128,-0.26392916,0.6483658,0.6071302,0.054225266,0.5476234,-0.17194012,-0.17414238,0.24472223
24.507246627708035,35.15217355593542,72.15966,16847999.891853333,72.17343,-0.9110874,-0.57902867,0.31831712,-0.58513415,0.140871,-0.044186674,0.22908631,0.2651215,-0.104021795,-0.24227129,0.069268964,0.2519793
24.49275373635028,34.95652190987481,78.13308,18316800.298690796,74.08868,0.026072528,0.026050061,-0.17201376,-0.59805435,0.28942215,-0.04489045,-0.117387526,0.11464543,-0.08557429,-0.09016128,0.08947031,0.12701966
24.365941903817713,35.11594190204278,77.940506,4233599.898290634,72.44067,0.0037415856,-0.0006075508,-0.4241801,0.0684105,0.9773751,0.106749654,0.22510639,-0.14656901,-0.28345558,0.075479515,0.17382407,0.18950453
24.55434784521419,35.039855304907746,78.730316,10454400.056648254,72.77945,0.0034604713,0.004582054,-0.15340108,2.6949303,-0.33570427,-0.40280288,-0.012551405,0.32257894,0.30761445,0.1903411,-0.02284231,0.19170682
24.619565229179578,35.18478278215484,82.255135,15292799.783706665,71.795654,-6.591126e-05,2.842744e-05,-0.18169098,2.8459318,-0.93693924,-0.020522036,0.2500927,0.2824557,0.33439255,0.12865052,-0.04571161,0.13653024
24.822463669968496,35.11956556932083,79.471794,2937599.9909877777,72.70925,0.0004474828,0.0010812375,-0.1873506,0.70747304,0.42702484,0.29002613,0.07383443,-0.027720287,-0.42438275,0.13192552,0.083491445,0.15612547
24.471014503837736,35.137681214861566,84.09494,8467199.796581268,72.100365,-7.431292e-06,1.51025315e-05,0.14154474,3.0519056,-0.15949872,0.10440041,0.025924522,-0.008891061,0.02880744,0.07558547,-0.004770219,0.075735845
24.365941903817713,35.11594190204278,77.940506,518399.99034404755,73.01497,-0.006284537,-0.011765261,0.024725787,-2.6902845,1.924179,-0.05571007,0.2648354,0.16826573,-0.20892861,-0.18480043,0.10176964,0.2109698
24.271739312019278,35.0833337340226,74.97577,9849599.953651428,72.35053,0.049956996,0.0045704753,-0.10976672,1.9661803,-0.031383738,0.010694552,0.32901275,0.016569395,0.08085151,0.21932498,-0.013191881,0.21972135
24.3913043591697,35.05434799367564,86.750465,12441599.768257141,72.12345,-8.889204e-08,-3.7193748e-09,-0.0429649,-0.13639401,-0.14838144,0.17551666,0.28754425,0.0034995377,0.11849056,-0.04142072,-0.05900819,0.07209468
24.782608845879178,35.07246365433351,80.82854,12095999.866104126,72.8183,-0.00051639957,0.0003410802,0.053316668,0.8965553,0.05155178,-0.018401302,0.011037089,0.18857756,0.33167356,0.09727609,0.014188167,0.09830535
24.572463802625258,35.028985391507106,77.31845,10108800.15449524,73.38233,0.025479505,0.027494702,-0.12686677,2.5465539,-0.35511404,-0.29204354,-0.05214838,0.2546189,0.41511804,0.16040222,-0.025988534,0.16249393
24.06159400092239,35.235507653915,77.223785,8553600.046348572,72.71741,0.0023642376,0.0034638157,-0.087054566,-4.1248484,-1.0730399,0.9828144,0.35762122,-0.14695102,-0.017839443,-0.13060315,-0.02658438,0.13328132
24.293478074173446,35.130434424522214,78.52256,8035200.193119049,71.93874,0.0012680942,0.001314054,-0.057515383,1.8837086,-0.4573257,-0.023139924,0.3231622,0.21457085,0.257369,0.14007045,-0.01273093,0.14064781
24.53985505838052,35.14492730981283,78.72631,2159999.936914444,72.55891,0.00142497,9.629493e-05,-0.28397283,-0.9344666,1.5082476,-0.34998474,-0.09028836,-0.07996496,-0.2876002,-0.058191355,0.15055302,0.1614077
24.24275355543479,35.275361916886446,83.709785,1728000.059223175,73.18031,1.449691e-06,5.6695393e-05,-0.41383106,-0.70824903,0.5414,0.13183425,0.24298778,0.006862566,0.24496683,-0.086140275,0.07372501,0.113382205
24.17028990870767,35.119565206509655,75.23819,16502399.989700317,72.95154,0.0489089,-0.07487505,0.06808783,1.2002945,-0.41213804,-0.11590318,0.21312672,0.24807483,-0.106911294,0.17762288,-0.045930713,0.18346532
24.409420264318722,35.097825908808005,75.01247,2851200.015449524,72.808075,0.13710137,0.09275743,-0.16982698,0.21461675,0.2654345,0.3112605,0.46207622,-0.13823712,0.11933126,0.03996187,0.06646633,0.07755465
24.15942034471344,35.02536261613985,84.04098,13824000.4737854,72.06107,9.506441e-06,1.0314346e-05,-0.305225,-1.8365076,-0.045655612,0.39831185,0.16089614,-0.13098341,0.03125172,-0.21151282,-0.012696375,0.21189354
24.62318819070881,35.09782625650204,81.14894,1900800.0102996826,72.38003,0.00014794727,0.00010941257,-0.14016601,-0.7844995,0.8457758,0.04195305,-0.14348,-0.062770195,-0.12677711,-0.14001021,0.12090657,0.18498987
24.57608686867857,35.22463755910878,78.28966,12614400.267791748,72.81747,-0.00086205214,0.003345846,-0.056303762,2.2973945,-0.21262601,0.14118755,0.46939942,0.24057189,0.22276023,0.14554514,0.0118636815,0.14602786
24.336956356281394,35.12681217825459,78.56935,8726399.99742508,72.027756,0.0026430672,0.0026429393,-0.08190876,2.4686832,-0.40827328,-0.21929595,0.065268196,0.13366875,0.34046125,0.15810049,-0.02255608,0.1597014
24.46739112421217,35.10507235145331,77.031204,3456000.11844635,72.38391,0.010656378,-0.0023581951,-0.19053158,-0.40633124,0.8780024,-0.113156624,0.24979949,-0.07493607,-0.14738312,-0.07488139,0.16191328,0.1783904
24.271739312019278,35.0833337340226,74.97577,12355200.066947937,72.74689,0.027481202,-0.08924228,-0.07342311,1.6947737,-0.31342608,0.11813559,0.34855276,-0.43317178,0.19643328,0.1479932,0.0056686774,0.14810173
24.423912946628306,35.16304383214723,83.815254,8553600.046348572,71.959076,-1.9675888e-05,1.5824344e-05,-0.23097147,3.9772294,0.08946144,-0.056341223,-0.13823736,0.047381092,0.06980391,0.08205888,-0.0016686996,0.08207584
24.282608510179216,35.10869565592019,73.044136,10022400.453186035,72.88864,0.72002226,0.83612627,-0.045817655,2.2410674,0.03573439,0.03125978,0.09448987,0.057523802,-0.08008864,0.14971516,0.012018126,0.15019675
24.576087129988778,34.96376817111452,80.53768,3456000.11844635,71.72781,5.3313903e-05,0.00022828182,-0.19470814,-0.007505253,0.85825086,0.060308956,0.25118387,0.038582515,0.12007071,0.04449645,0.13798559,0.1449826
24.5036234048686,34.94565269942081,84.86278,13824000.4737854,72.55847,1.5245137e-05,1.3189319e-05,-0.14597622,0.029588267,-0.33725488,0.3391137,-0.17422262,-0.27255827,-0.38550663,-0.00017983421,-0.062588274,0.062588535
24.278985653174068,35.159420527680346,80.15937,5443199.830055237,72.272545,-8.070995e-06,-0.00075312325,-0.41081238,0.9131627,0.26884723,0.41344815,0.22773513,0.103112295,-0.08324107,0.14610684,0.03449682,0.15012407
24.731884091961334,34.88405773852335,82.62194,7257600.139045715,72.17807,7.800013e-05,-7.588458e-05,-0.26232797,1.6115905,-0.17552592,0.1693947,0.334763,0.4660637,0.3087645,0.24401352,0.004448209,0.24405405
24.85869584610084,35.31159408476158,76.05999,7689599.742507935,76.162796,0.6837774,-0.6435096,-0.30878747,2.693564,-1.0684718,-0.064069025,0.4051049,0.5524645,0.17009825,0.175045,-0.06344402,0.18618779
24.586956589458925,35.03623181903528,81.050644,13046399.871253967,72.126686,-0.00031122848,-0.00020166328,-0.33148938,2.160485,0.23676564,-0.13919851,0.16885337,0.46214214,0.16353229,0.19736153,0.04792811,0.2030977
24.47463793572534,35.15579704180788,74.131996,13910400.175094604,73.64376,0.18148679,-0.5376175,0.16835463,1.774253,-0.22111866,0.1968197,-0.050532207,0.016606878,0.20165238,0.12803152,-0.011483731,0.12854551
24.619565229179578,35.18478278215484,82.255135,12009600.164794922,72.01145,-9.074152e-05,6.835633e-05,0.0088560805,1.9615555,-0.18871294,-0.13033572,-0.20630717,0.12666143,0.04357849,0.16320705,-0.03631574,0.16719861
24.2137679164399,35.101449394680465,78.1842,172800.00249445438,73.62245,-0.00035744664,-0.014589911,0.13858876,-1.7300928,1.8660649,-0.06853097,0.25141996,0.50763744,0.056086335,-0.34399605,0.3185931,0.46886548
24.003623304347823,35.192029209683014,80.788605,7084800.187969208,72.601105,-0.000609441,0.00031039302,-0.024599444,-2.83363,-0.61347747,0.3431347,0.4227059,-0.10385037,0.2791395,-0.085196204,-0.03699599,0.092882164
24.271739312019278,35.0833337340226,74.97577,17452799.99485016,73.84651,-0.36003873,0.26594532,-0.22433947,1.8127987,-1.0270033,-0.05983735,0.3139938,-0.01952409,0.13192636,0.25854242,-0.09965526,0.27708367
24.3985509616347,35.079710263267266,82.39983,5184000.177669525,72.2974,3.2680113e-05,0.00010006942,0.25219828,-1.2876456,-0.10535607,0.40229377,0.009222373,0.21908897,-0.15552944,-0.107901275,0.004456197,0.10799325
24.43478277193275,35.06521686399416,78.38795,8380800.095272064,72.411545,0.003549685,-0.003422142,-0.2668,1.818264,-0.3110981,-0.20068955,-0.16408566,0.108151376,0.24517459,0.13860764,-0.046860915,0.1463148
24.55434784521419,35.039855304907746,78.730316,6912000.2368927,72.72318,0.004427832,0.00436348,-0.33506852,2.612414,-0.22652292,-0.013141528,0.13923018,-0.04341866,-0.07107839,0.19479999,-0.0017755564,0.19480808
24.15217408195171,35.09782609021359,90.079155,16588799.691009521,72.47958,-8.587118e-08,1.2773563e-07,0.5996362,-0.9676671,0.029846326,0.3620275,0.11237853,0.17419098,0.21695346,-0.24221039,0.015316551,0.24269418
24.655797039477626,35.09782643790763,82.953125,14601599.979400635,72.01844,3.8022034e-05,-2.923837e-05,-0.17612356,1.182394,0.013870619,-0.0698799,0.014920253,0.33207405,0.28644422,0.13827011,-0.0145988595,0.13903867
24.15217408195171,35.09782609021359,90.079155,10368000.35533905,73.651794,1.12856835e-08,9.05946e-08,-0.167616,1.3961378,0.60771155,0.05690758,0.1571933,0.15167193,-0.0044487417,0.15196137,0.08934729,0.17628159
24.659420157792983,35.13768139626715,82.9603,6047999.933052063,72.6295,-4.0880586e-05,9.0334186e-05,-0.22002946,0.9619266,0.31270707,0.0957124,0.020555772,0.05395306,-0.1475167,0.06285891,0.031731386,0.07041395
24.75362311542571,35.148550251468535,82.31272,518399.99034404755,72.32673,-7.49579e-05,9.795287e-06,-0.3144601,-1.1515453,0.87461126,0.05284762,0.24694237,-0.05646976,0.0031366274,-0.18449353,0.1681877,0.24964969
24.32608705359737,35.05434782738719,80.59564,3196799.917602539,72.564415,2.4443378e-05,-0.00046870962,-0.05406207,-0.7680381,0.4977302,0.101471655,0.30062565,0.13993905,0.057004243,-0.22311622,0.12653805,0.25650093
24.507246418659868,35.018115659512056,74.98295,11750399.96395111,73.78237,0.21885543,0.20273973,-0.11181338,1.7892879,-0.12962541,0.05618199,-0.20190558,0.25587133,0.2811779,0.22513098,-0.007273228,0.22524843
24.2137679164399,35.101449394680465,78.1842,3715200.0450611115,72.5428,-0.003841725,-0.0012588298,-0.3300175,-0.82861316,0.6842145,0.15127215,0.36480093,0.11027083,0.18526524,-0.08822337,0.08532873,0.12273693
24.268116089179838,35.07971042955572,81.07262,16588799.691009521,71.032875,9.6184216e-05,8.55976e-05,-0.5067295,0.788162,-0.046568833,-0.029432632,0.26626143,0.05278378,0.40290624,0.21089898,-0.00257703,0.21091473
24.134057993885538,35.130434787333385,80.741425,12700799.969100952,71.69826,-4.5740253e-05,0.0002877467,0.031050548,-2.2983007,-0.07059153,0.26573375,0.12733059,-0.25171626,0.051487364,-0.20241162,-0.02821308,0.2043684
24.32608705359737,35.05434782738719,80.59564,345600.00498890877,73.32678,0.0012647401,-0.0013331433,-0.13545021,-1.8946865,0.83743143,0.16618194,0.11450774,0.04744102,-0.13021106,-0.18068573,0.13618846,0.2262623
24.3913043591697,35.05434799367564,86.750465,13737599.675559998,72.022545,-1.3274001e-06,1.6792768e-06,-0.06309566,0.40811443,-0.2833194,0.20693544,0.08808069,-0.07322586,0.26253542,0.12531877,-0.09728455,0.15864766
24.521739153231497,35.18115965909355,80.50853,16502399.989700317,72.00232,-0.0003050641,0.0003400234,-0.10324548,0.7914007,-0.8040894,0.20509097,0.287275,0.33331987,0.14230612,0.09162156,-0.15452978,0.17964956
24.57246390714934,35.13405809180027,82.83649,3974399.971675873,72.80654,-5.7153125e-06,8.069915e-05,-0.015661135,-0.3815773,0.5806838,0.39096165,-0.09207561,-0.20389855,0.07755256,-0.059220534,0.15075433,0.16196895
24.275362351941567,35.02173896397893,79.32639,17193599.794006348,71.8166,0.0010699785,3.6057314e-05,-0.30288234,0.35390097,-0.43526357,-0.074722774,0.4506964,0.37010804,0.3146984,0.1655933,-0.13610268,0.21434803
24.264492787947336,35.06521739309379,75.914215,7603200.0411987305,72.164116,-0.02707106,-0.030955283,-0.23542006,1.0495821,0.36172944,-0.01718492,0.38582015,0.27398014,0.048635617,0.12193467,0.03655246,0.12729551
24.369565205050215,35.10507235145331,81.59638,11664000.262641907,71.44049,0.000104830964,3.2458593e-05,-0.12379835,1.5418241,-0.2012129,0.054524906,-0.04835272,0.32339206,0.09192899,0.077184804,-0.020129329,0.07976644
24.619565229179578,35.18478278215484,82.255135,10627199.459266663,72.07673,-9.8920405e-05,-7.817992e-05,0.18217506,2.229443,-0.49139822,-0.12042474,-0.23307225,0.119990565,-0.04251284,0.108756736,-0.02991342,0.11279557
24.586956589458925,35.03623181903528,81.050644,2678400.0643730164,72.090126,0.00029118202,-0.00028627948,-0.18984869,0.23559524,0.9309975,0.09015012,0.036381923,-0.046148032,0.03053281,0.030653466,0.13618386,0.13959111
24.003623304347823,35.192029209683014,80.788605,6307200.133895874,72.44626,-0.00039733952,0.0003725315,-0.057369627,-2.1913495,-0.6602145,0.25808856,0.40811124,-0.05833874,0.4023829,-0.10891902,-0.051255383,0.120376356
24.293478074173446,35.130434424522214,78.52256,9331199.551963806,71.857635,0.0023504894,-0.0010871267,0.13578248,1.6512862,-0.5068761,-0.1354141,0.18847412,0.12139492,0.35889435,0.09920441,-0.03119721,0.10399414
24.32608705359737,35.05434782738719,80.59564,15983999.588012695,71.48513,0.00022227554,6.3063744e-05,-0.55880713,1.3187159,-0.6986878,0.061208338,0.24197909,-0.06911721,0.058424,0.31145054,-0.115023285,0.33201173
24.286231733018653,35.16304365074164,82.86601,13219200.370788574,71.13745,-1.4692309e-05,-8.187503e-06,-0.20114224,1.6261673,0.15523931,-0.07727716,-0.004276186,0.21689063,0.20570382,0.13731074,0.03387975,0.14142871
24.409420264318722,35.097825908808005,75.01247,15379199.48501587,73.73685,-0.0115529625,0.09297711,0.067267165,1.1881572,-0.59800214,0.19398198,0.17251718,-0.10396614,-0.082849614,0.16650863,-0.016127149,0.16728781
24.586956589458925,35.03623181903528,81.050644,3023999.9665260315,72.09298,0.0003060858,-0.00021677974,-0.21703605,0.44915438,0.90575594,0.1114164,0.055879526,-0.045294225,0.022781026,0.051233277,0.11824421,0.12886637
24.369565205050215,35.10507235145331,81.59638,4147199.9227523804,72.44584,4.8549588e-05,-1.2397552e-05,0.030967608,-0.3267678,0.38083386,0.16042963,0.040587187,0.2609114,-0.2945035,-0.04094219,0.056115925,0.06946409
24.15217408195171,35.09782609021359,90.079155,2851200.015449524,71.43371,-3.5357828e-09,4.6164853e-08,-0.11761126,0.93675023,0.037983876,-0.35094664,-0.26859367,-0.12231196,-0.62834406,0.24627033,-0.048088115,0.2509214
24.40217392316393,35.07246365433351,77.73675,86400.00124722719,72.70757,0.0033365076,-0.009854022,0.10890302,-2.623118,1.3035017,0.07445731,0.41831183,0.20855308,-0.07325974,-0.2844785,0.098059095,0.30090463
24.242753659958876,34.931159481553294,83.59315,777599.9855160713,73.58898,-8.095339e-06,7.651604e-06,-0.07747897,-0.2676432,0.15703362,0.2953588,0.22625601,0.03715363,0.7750078,-0.18899211,0.06199862,0.19890161
24.15217408195171,35.09782609021359,90.079155,3542400.093984604,71.513756,4.210044e-08,5.3319237e-08,-0.12403804,1.352056,0.18639357,-0.32362196,-0.27373758,-0.056550153,-0.6115398,0.29128072,-0.0053099655,0.29132912
24.271739312019278,35.0833337340226,74.97577,15638399.68585968,73.44961,0.0055213193,-0.12780038,-0.15337288,1.9659892,-0.74176604,0.030540138,0.4907788,-0.2205539,0.097108066,0.16570434,-0.022200037,0.16718483
24.57246390714934,35.13405809180027,82.83649,3023999.9665260315,72.88534,-1.2299135e-05,0.00011693805,0.0219002,-0.33264917,0.6161945,0.387941,-0.12805569,-0.14849687,0.011228342,-0.096994795,0.16551468,0.19184133
24.514492864338745,35.152173737341,77.98083,11059200.15964508,72.776985,0.008642413,0.0064766477,-0.27301323,2.5656786,-0.23733105,-0.20824254,0.1055264,0.11299245,0.39769086,0.17675705,-0.001988639,0.17676824
24.60144921950647,34.9456523441682,85.40489,9590399.752807617,72.23045,6.5302775e-06,9.1359703e-07,0.12530366,-2.6675127,0.16226335,0.58921504,0.34464848,0.09486309,0.17600429,-0.14877377,0.057000916,0.15931962
24.57608686867857,35.22463755910878,78.28966,8553600.046348572,72.965355,-0.0015475095,-0.0038040516,-0.06939281,1.6770672,0.011303002,0.14758778,0.35871252,-0.013635002,0.102125034,0.15975735,0.015528206,0.16051023
24.3985509616347,35.079710263267266,82.39983,18403200.0,71.26591,3.8816426e-05,4.2760515e-05,0.08312084,1.0643854,-1.6168911,0.072266825,0.088380374,-0.0048689917,0.3074378,0.07698674,-0.1023795,0.12809575
24.282608510179216,35.10869565592019,73.044136,16329599.49016571,73.054855,0.96598375,0.987258,0.062049434,2.0898378,-0.7444967,-0.07986487,0.11369982,0.14909026,0.12051828,0.14790475,-0.034347985,0.1518407
24.822463669968496,35.11956556932083,79.471794,7430400.090122223,73.59093,0.0024461562,-0.003038393,-0.20036247,2.053133,-0.36200577,0.04598985,0.6894649,0.23703063,-0.042022385,0.15945497,-0.039560698,0.16428919
24.51086948471318,35.141304337922854,75.965324,8380800.095272064,73.24059,0.031339847,0.07954072,-0.58091235,2.7112248,-0.30469674,-0.2532292,0.3640517,0.028545357,0.49069327,0.23522292,0.016622972,0.23580955
24.677536062942007,35.07971042955572,84.775665,16156800.087547302,72.12409,2.4954575e-06,8.9966943e-07,-0.30746925,0.7318585,-0.5740498,0.1993913,-0.026503861,0.2926331,0.068002254,0.052047595,-0.06691808,0.084776066
24.731884091961334,34.88405773852335,82.62194,8035200.193119049,72.3614,8.253875e-05,-4.644855e-05,-0.31009087,1.957174,-0.1759619,0.114291996,0.37821034,0.44873983,0.24475265,0.17558967,0.010197676,0.17588554
24.5036234048686,34.94565269942081,84.86278,12700799.969100952,72.623665,4.121134e-06,1.5754018e-05,-0.025618348,-1.1026832,0.04813972,0.4316209,-0.09629341,-0.21495456,-0.4138677,-0.15591238,0.015227908,0.15665428
24.336956356281394,35.12681217825459,78.56935,16934399.593162537,72.22211,-0.0015514098,-0.0027892217,-0.18881978,0.6667359,-0.013128135,-0.0678749,0.24461979,0.028076958,0.29449216,0.22248112,-0.0011462637,0.22248407
24.141304256647267,35.05072417522627,80.839714,5788799.732208252,72.582306,7.4371485e-05,-0.0005520728,0.13077156,-1.0071528,-0.15995593,0.37793037,0.23293704,0.4084515,0.45117295,-0.16164885,-0.018396158,0.16269226
24.85869584610084,35.31159408476158,76.05999,9158400.149345398,76.12767,-0.88570166,-0.91216826,-0.42468745,3.2866719,-0.8098714,-0.1850872,0.34137657,0.40788803,0.22066694,0.14993976,-0.03839139,0.1547767
24.822463669968496,35.11956556932083,79.471794,1382400.019955635,72.24328,-0.0014183584,0.0011149278,-0.038732808,0.40320513,0.51015836,0.23826444,-0.044305645,-0.051524915,-0.32293278,0.12749256,0.19012971,0.22891846
24.525362323808892,35.01449270273921,80.76379,15897599.886703491,72.20251,-0.00042642048,-0.0004349107,-0.27352142,1.0344601,-0.7360141,0.15964428,0.35849118,0.07229267,-0.23096395,0.07328171,-0.07403649,0.10417106
24.518115930392057,35.170290078269815,76.7112,4838399.727058411,72.95879,-0.02668108,-0.033244506,-0.08555959,0.38035524,0.4580397,-0.43190736,0.22683457,0.024230912,-0.12135198,0.121225655,0.09740452,0.1555098
24.49275373635028,35.04710138474188,79.64641,7430400.090122223,72.34704,-0.0013545154,-0.0012186528,-0.13757399,1.3723863,-0.29203552,-0.063614614,-0.029200666,0.045341063,-0.006843332,0.12613034,-0.025669506,0.12871592
24.068840433535758,35.17753635462667,82.62194,15638399.68585968,72.01013,2.9113708e-05,6.229959e-05,0.10605885,-1.8469484,0.6849338,0.33813605,0.15557587,-0.20990428,0.06957185,-0.18763132,0.11858128,0.22196178
24.17028990870767,35.119565206509655,75.23819,6480000.084972382,72.20185,0.060889315,0.04693242,-0.6451296,-0.041202173,-0.21100076,0.18715198,0.4328613,0.03627422,-0.4485439,0.0007997394,-0.05935092,0.059356306
24.409420342711783,35.02898555779556,73.23672,1296000.0444173813,73.3437,0.88566357,0.9040193,-0.11876689,0.29243588,-0.27848327,0.610831,0.52396846,-0.16391867,0.58652467,0.08527176,-0.079964355,0.11689983
24.619565229179578,35.18478278215484,82.255135,13564800.27294159,71.980736,4.6528756e-05,-9.247243e-05,-0.18557274,2.2067,-0.18490928,-0.09492596,-0.07329922,0.1630438,0.19485325,0.15789399,-0.027631659,0.16029355
24.53985505838052,35.14492730981283,78.72631,5270399.878978729,72.63128,-0.0030314394,-0.004110579,-0.26251227,0.7843383,0.7738744,-0.20968121,-0.01210887,-0.06583706,-0.19559607,0.122480586,0.12774728,0.17697701
24.579710091518006,35.06884069756067,84.24473,15206400.082397461,72.06322,1.148038e-05,-8.19205e-06,-0.051942915,1.2916819,-0.74783844,0.023886696,-0.010006711,0.33828452,0.058328114,0.095697336,-0.070012555,0.11857376
24.268116089179838,35.07971042955572,81.07262,16847999.891853333,71.00463,8.117196e-05,0.00010483302,-0.50360674,0.77047575,-0.012690807,-0.026992127,0.27936852,0.09326559,0.4568272,0.20950918,-1.2330474e-05,0.20950918
24.3913043591697,35.05434799367564,86.750465,10540799.757957458,72.216995,-3.60262e-07,-1.6190603e-06,0.08046152,-1.2929358,-0.2966323,0.2433612,0.4253222,-0.02727943,-0.08048493,-0.11135228,-0.041585658,0.11886419
24.481884276880134,35.21376834109622,79.042,3196799.917602539,73.13071,-0.0026125435,-0.0046745725,-0.32200974,-0.4804328,1.6060872,-0.254583,-0.5179775,-0.08147303,-0.29463723,-0.034304988,0.19064763,0.19370945
24.35507260113369,35.04710138474188,76.478294,12095999.866104126,72.65069,0.019516021,0.025322732,-0.3465129,1.9296128,-0.40196377,-0.000117607415,-0.038213797,-0.3509775,0.14702511,0.2225105,-0.008141251,0.2226594
24.171296292717127,35.10648163098043,78.049835,12355200.066947937,72.09166,-0.0011389243,-0.001582516,0.24036734,-1.8894844,-0.43503058,0.28514174,0.3023758,-0.36231276,0.1968551,-0.2174822,-0.028381025,0.21932621
24.32608705359737,35.05434782738719,80.59564,9244799.850654602,71.96946,0.0003661171,-4.321024e-05,0.098590314,-1.8057454,-0.7443445,0.27380604,0.08165097,0.16947106,0.24536002,-0.08161672,-0.038449746,0.09022013
24.293478074173446,35.130434424522214,78.52256,4838399.727058411,72.276375,0.00023679191,-0.0035492922,-0.41209412,0.4582796,0.38273394,0.23438945,0.3596084,-0.02154348,-0.11983707,0.053604484,0.07554733,0.09263282
24.003623304347823,35.192029209683014,80.788605,1123200.0247836113,74.13932,0.0019000189,-0.001134302,-0.026661158,-1.5326422,-0.4538015,0.16796765,0.43840078,0.050198328,0.91650635,-0.16262327,-0.03405226,0.16615018
24.619565229179578,35.18478278215484,82.255135,1382400.019955635,73.2545,0.000282859,0.00027365307,-0.14193672,-0.52557915,0.9055789,0.22751951,0.07758056,0.031495176,-0.07992729,-0.116371766,0.2029639,0.23395883
24.471014503837736,35.137681214861566,84.09494,2073599.9613761902,72.907,-1.1383741e-05,-4.105248e-05,0.1763912,0.575868,-0.18250483,0.55373764,0.019400742,0.015219305,-0.18550372,0.1625833,-0.022311078,0.16410702
24.286231733018653,35.16304365074164,82.86601,17539199.696159363,71.13737,2.1073301e-05,2.4330773e-05,-0.06078861,-0.67845184,0.8227628,0.079992205,-0.056126915,-0.13797012,0.50881046,-0.191228,0.21058562,0.28445464
24.409420185925658,35.126811301460926,78.58091,12355200.066947937,72.22537,-0.0008802609,0.0030231944,-0.008379705,2.0757122,-0.07253498,-0.24349701,-0.13754192,-0.01197134,0.22146922,0.08786268,0.015774947,0.089267574
24.507246418659868,35.018115659512056,74.98295,17020800.39138794,74.042534,-0.4212446,-0.36333328,0.12664434,-0.39429402,0.10586446,0.2771999,-0.1190444,0.28894302,0.13727564,-0.15593301,0.01876077,0.15705754
24.579710091518006,35.06884069756067,84.24473,11836799.665260315,71.98749,-1.5623655e-05,-1.2359113e-05,0.1738609,1.7500681,0.14813225,-0.14992422,0.047845516,0.38546383,0.098936595,0.08963269,0.017300073,0.09128697
24.32608705359737,35.05434782738719,80.59564,1209599.9317646027,73.00975,0.0009210636,-0.00048182142,-0.16063492,-1.6194748,0.8128663,0.16676542,0.17485642,0.0780586,-0.056703776,-0.21354434,0.14874244,0.2602412
24.619565229179578,35.18478278215484,82.255135,16156800.087547302,71.664566,-6.855574e-05,7.035385e-05,-0.05644334,2.7804646,-1.4413729,0.028541405,0.47451803,0.32223624,0.3383921,0.09974026,-0.06753892,0.120455906
24.24275355543479,35.275361916886446,83.709785,8985600.19826889,72.152664,-1.8253509e-06,1.9685209e-05,-0.45748758,4.487202,1.6481928,-0.61605996,-0.32771605,-0.046671525,0.028845064,0.23323433,0.12709288,0.26561412
24.40579722439643,35.07608730649443,81.130585,5443199.830055237,72.1384,0.00022627639,0.00019865493,0.12714075,-0.74476904,0.16407609,0.22261202,-0.056420125,0.17873175,-0.14146417,-0.08553193,0.01721957,0.087248065
24.32608705359737,35.05434782738719,80.59564,12095999.866104126,71.57386,-0.000293658,-2.2264092e-05,-0.24009593,-0.13355233,-0.656511,0.20392954,0.1382818,-0.015357316,-0.004824113,-0.016702142,-0.066928305,0.068980865
24.40579722439643,35.07608730649443,81.130585,15206400.082397461,71.73321,0.00019615258,7.391624e-05,-0.39592153,1.8918812,-0.7191759,-0.008813649,0.04324139,0.0073860884,-0.088394694,0.12305875,-0.027692348,0.12613612
24.782608845879178,35.07246365433351,80.82854,6566399.786281586,73.14596,-0.00096695864,-0.0005900641,-0.5718498,2.0909042,0.2234306,0.052639574,0.43226418,-0.1159677,0.054698315,0.24472256,0.052850056,0.25036424
24.731883987437246,34.999999998854186,80.17734,16588799.691009521,72.98135,0.0013369435,0.0014878764,-0.3564027,0.53811187,-0.24724104,-0.1158955,0.31938872,0.034468878,0.06308408,0.06966877,-0.060281467,0.09212813
24.57608686867857,35.22463755910878,78.28966,1814400.0347614288,72.637955,0.0033060024,0.0060886666,-0.2747385,-0.87240624,1.1892488,-0.40219954,-0.21898517,-0.07968629,-0.057690598,-0.12247965,0.22383356,0.25515234
24.53985505838052,35.14492730981283,78.72631,9417600.350189209,72.72266,0.0042079412,0.001470552,-0.33311558,2.5209231,-0.23026952,-0.17197487,0.034982163,0.062066447,0.28502393,0.18678859,0.021359555,0.18800586
24.177536001617764,35.01449252133363,77.3516,17020800.39138794,72.51472,0.012507134,0.00171654,-0.31002522,0.9924248,-0.8885589,0.1474896,0.49646524,0.126813,0.15648435,0.14240651,-0.121689096,0.1873175
24.40217392316393,35.07246365433351,77.73675,6047999.933052063,72.300575,0.007446017,-0.004082725,-0.28516442,0.93751997,0.40570092,-0.012465544,0.17938331,0.031123027,0.004802514,0.15000424,0.083340496,0.17160101
24.503623143558386,34.916666955294566,80.479385,6480000.084972382,71.8409,-6.128433e-05,0.00030158146,-0.30674148,1.0005571,0.5708277,-0.07582904,0.2596542,-0.047485217,0.14128447,0.16470318,0.07752216,0.18203522
24.17028990870767,35.119565206509655,75.23819,14947199.88155365,72.82239,0.09759946,-0.007989415,0.15021479,1.0711675,-0.25765175,-0.049944595,0.32092234,0.09864942,-0.03609275,0.19147444,-0.017836506,0.1923034
24.369565205050215,35.10507235145331,81.59638,10972800.458335876,71.517395,3.2646603e-05,9.627908e-05,-0.095313676,1.6235167,-0.34135848,0.040999103,-0.08667899,0.3337755,0.08783391,0.07409645,-0.01866475,0.0764111
24.677536062942007,35.07971042955572,84.775665,3542400.093984604,72.543045,9.145969e-06,-1.612258e-05,0.16599573,0.6602541,0.5907601,-0.15929216,0.0015653074,0.08725662,-0.03886947,0.07111147,0.074453264,0.102956936
24.271739312019278,35.0833337340226,74.97577,12268800.365638733,72.73485,0.07345134,-0.064924665,-0.07817074,1.7120539,-0.30675185,0.117304616,0.34513602,-0.42528313,0.19809034,0.1481854,0.0051952437,0.14827645
24.659420157792983,35.13768139626715,82.9603,1814400.0347614288,72.77219,0.000102138474,9.8894954e-05,0.022990473,-0.6229094,0.9282424,0.21022743,0.12694076,-0.04011683,-0.049551792,-0.14095287,0.17164911,0.22210611
24.731884091961334,34.88405773852335,82.62194,15551999.984550476,72.643486,-7.2930384e-06,-0.00012377065,-0.13541886,0.029427484,-0.68410414,0.17473984,0.20644227,0.05232921,-0.389756,-0.025403386,-0.14610416,0.14829618
24.003623304347823,35.192029209683014,80.788605,18316800.298690796,72.31071,-0.00046542453,-0.00024293976,0.2232909,-1.8215659,1.6186049,-0.09076508,0.08562612,-0.07047365,-0.1741071,-0.10387732,0.05624421,0.11812667
24.608695560661264,35.210145036629335,80.071884,11059200.15964508,72.47935,2.91592e-05,0.0010474022,0.067868546,1.3941654,-0.12037542,0.13495755,0.22909704,0.12389505,0.06055268,0.16984113,-0.0006701229,0.16984245
24.608695560661264,35.210145036629335,80.071884,5443199.830055237,73.01331,-0.0011238508,0.0016862354,-0.29724687,1.7272086,0.6019905,0.0069580227,0.022575848,0.081595644,0.19032961,0.18800646,0.052443054,0.19518377
24.608695560661264,35.210145036629335,80.071884,8899199.948501587,72.64107,0.0007270157,0.0012155079,0.10482395,1.7303377,0.06465902,0.13624635,0.094128445,0.02025466,-0.0038381144,0.1320478,0.0149759585,0.13289432
24.57608686867857,35.22463755910878,78.28966,2159999.936914444,72.74039,0.0067218915,0.00635694,-0.2855907,-0.8007034,1.170045,-0.43062377,-0.2211541,-0.068070225,-0.082895316,-0.09031145,0.20798072,0.22674245
24.264492787947336,35.06521739309379,75.914215,12527999.469566345,72.463,-0.035624903,-0.04254488,-0.17525062,1.2469376,-0.5260477,0.16764282,0.40702018,-0.5450753,0.1844961,0.13723712,-0.046350174,0.1448529
24.40217392316393,35.07246365433351,77.73675,5097599.927902222,72.2552,0.005158168,0.005121946,-0.27467692,0.42881745,0.6902046,0.045168992,0.22407576,-0.047428116,-0.09251691,0.1012869,0.16197957,0.19104037
24.2137679164399,35.101449394680465,78.1842,950400.0051498413,73.253204,-0.011734449,-0.011248316,0.036053628,-1.5573514,1.8061756,-0.03570377,0.26051828,0.4509933,0.09575674,-0.2259658,0.25748593,0.3425778
24.57608686867857,35.22463755910878,78.28966,11923200.463485718,72.81553,0.0031866548,0.003997393,-0.04595982,2.058478,-0.22860622,0.1951301,0.52185917,0.1861479,0.22266448,0.18169697,0.019009415,0.18268865
24.286231733018653,35.16304365074164,82.86601,15465600.283241272,71.0775,1.5073563e-05,1.5662283e-05,-0.08046573,-0.20204161,0.443748,0.04039517,-0.0019931495,-0.011164188,0.41152394,-0.025524983,0.08210631,0.08598238
24.33695651306752,35.26449269887389,75.24537,16588799.691009521,74.91971,-0.36647677,-0.21014504,0.14699218,1.7513063,-0.9727921,-0.36299962,-0.46543115,-0.08027313,-0.038991846,0.22922565,-0.10162699,0.25074378
24.53985505838052,35.14492730981283,78.72631,5184000.177669525,72.63008,-0.0027506484,-0.0040811663,-0.2628551,0.75094825,0.79973984,-0.21308017,-0.01624088,-0.06697031,-0.20387885,0.11880983,0.13398059,0.17907141
24.340579657513896,35.072464168316,77.031204,1728000.059223175,72.508934,0.016962575,-0.00026471863,-0.030663341,-1.010152,1.1522675,0.20452243,0.28609675,0.06894824,-0.09962543,-0.18759924,0.23354556,0.29956135
24.177536001617764,35.01449252133363,77.3516,4233599.898290634,71.77391,0.004464595,0.0065542464,-0.24803302,-1.1283271,1.016938,0.09196961,-0.016753241,0.0744128,0.29028732,-0.11809414,0.119449764,0.16797164
24.623188347494935,34.98550731008629,86.27349,15811200.185394287,72.59468,-2.8237293e-06,-3.783549e-06,-0.024899177,0.5962579,-0.67509186,0.32776797,-0.085047625,0.08277965,-0.13294554,0.11208814,-0.11828283,0.16295576
24.340579657513896,35.072464168316,77.031204,7516799.791431427,72.27161,0.009250575,-0.013048087,-0.18212259,1.7426248,0.17124759,-0.09900647,0.32114407,0.28651437,0.17687428,0.20589279,0.03258382,0.20845513
24.47463793572534,35.15579704180788,74.131996,4665599.775981903,73.07665,0.21382831,0.3391747,0.048512265,0.5763899,-0.31264782,-0.09894573,0.6693789,0.01826632,0.09751861,0.16781132,-0.11235083,0.20194887
24.35507260113369,35.04710138474188,76.478294,15379199.48501587,73.29234,0.0026183373,-0.00040832855,-0.25531512,1.2779545,-0.6385091,-0.008196689,0.37620366,-0.10273527,-0.0898586,0.13354138,-0.029893262,0.13684629
24.579710091518006,35.06884069756067,84.24473,172800.00249445438,72.70827,-2.9276634e-05,2.9073757e-05,0.41937685,-0.8036704,0.6325128,0.31842482,-0.32948104,-0.31330085,0.021074008,-0.16724257,0.099844076,0.19477914
24.40579722439643,35.07608730649443,81.130585,17539199.696159363,71.73691,-2.7630962e-05,0.00018102292,-0.25780147,1.5709517,-1.2346433,0.17442492,0.16037923,-0.076684184,0.17830077,0.17313027,-0.13338333,0.21855251
24.340579735906957,35.22101461745307,78.71513,1987199.9858379364,73.534996,-0.00673049,-0.009122795,-0.30307,-1.5346577,1.2184794,0.19346231,-0.16997677,-0.39231163,-0.22411367,-0.121323444,0.12275266,0.17259082
24.442029139218562,35.043478080275,76.86345,16847999.891853333,73.73448,0.05684623,-0.0005299919,0.22844623,0.3888178,-0.8090303,-0.057325818,0.05681721,0.33638054,-0.083268516,0.06678294,-0.10167602,0.12164692
24.481884276880134,35.21376834109622,79.042,2073599.9613761902,73.134155,0.0037581215,-0.0026835764,-0.2893782,-1.3230363,1.826728,-0.23675358,-0.48070717,-0.10790437,-0.21765259,-0.10687529,0.18855244,0.21673566
24.278985653174068,35.159420527680346,80.15937,10454400.056648254,71.62258,-0.00030674227,0.00032907483,0.042590126,2.7117689,-0.34031188,-0.10699909,-0.11524675,0.13945979,0.26037514,0.11928113,-0.014760403,0.12019092
24.60144921950647,34.9456523441682,85.40489,3110399.9420642853,72.04286,-5.8776996e-06,-1.8312148e-06,-0.027053941,-0.13319565,0.48603094,-0.07568825,0.038038094,0.22909123,0.3088398,-0.07435592,0.17374429,0.18898647
24.152173912100075,34.942029039701325,85.189964,6739199.737358093,73.1468,1.6434366e-05,-1.9026505e-06,0.027039655,-1.4167273,-1.1387068,0.31679803,0.40374115,-0.20059669,-0.16232911,-0.22033882,-0.2136079,0.30688357
24.60144921950647,34.9456523441682,85.40489,4060799.9472141266,72.017426,-2.3964417e-06,5.640085e-06,-0.07967472,-0.30752832,0.30174005,-0.07124593,0.024935309,0.3100013,0.28573632,-0.12502216,0.1377172,0.18600154
24.286231733018653,35.16304365074164,82.86601,5615999.781131744,72.26589,-6.7763276e-06,7.028713e-05,-0.61456203,1.448792,0.27286166,0.4101338,0.1584817,0.36842948,-0.29186195,0.07203585,0.0006240404,0.07203855
24.518115930392057,35.170290078269815,76.7112,4319999.873828888,72.90634,-0.021081671,-0.027584942,-0.07940045,0.31144717,0.56374025,-0.43760782,0.17877623,0.03193698,-0.1488064,0.09259813,0.1168372,0.14908168
24.442029139218562,35.043478080275,76.86345,17279999.49531555,73.85229,0.06320574,0.061486162,0.24074726,0.24103026,-0.84184206,-0.05238431,0.058816418,0.35292447,-0.07896982,0.04446375,-0.12395059,0.13168438
24.242753659958876,34.931159481553294,83.59315,14947199.88155365,71.6953,3.0905826e-06,-2.1998505e-05,-0.46304578,-0.44088018,-0.017359545,0.13441667,0.26384932,0.062279478,0.5133021,-0.23509179,-0.03710412,0.23800181
24.49275373635028,35.04710138474188,79.64641,16070400.386238098,72.44198,0.0012789186,0.0014874273,-0.32309622,1.7341982,-0.8389673,0.19443077,0.13867745,0.011383783,-0.046288088,0.13382497,-0.0562665,0.14517246
24.53985505838052,35.14492730981283,78.72631,5097599.927902222,72.6288,-0.0023442528,-0.0039468072,-0.26347768,0.71823984,0.82551664,-0.2165308,-0.02076634,-0.068155415,-0.21182826,0.1148785,0.14001016,0.18110746
24.286231733018653,35.16304365074164,82.86601,1123200.0247836113,73.03444,-9.032863e-05,0.00013624803,0.024985641,0.2837048,-0.30335492,0.012952168,0.45210907,0.42575505,0.07691707,0.1362278,-0.09123944,0.1639593
24.731883987437246,34.999999998854186,80.17734,12009600.164794922,72.87318,0.0013525279,0.0013733851,0.016163096,1.758033,-0.18732522,-0.03910692,0.38016975,0.10626681,0.33437845,0.270567,-0.021285864,0.27140298
24.2137679164399,35.101449394680465,78.1842,3369599.8686790466,72.58026,-0.0028210806,0.0031610809,-0.31307238,-0.8836328,0.8551566,0.11904263,0.3431678,0.1410976,0.18951121,-0.079418845,0.092876405,0.12220221
24.57246390714934,35.13405809180027,82.83649,13132799.572563171,71.83585,-4.7345336e-05,4.2985586e-05,-0.08869353,1.905839,0.16854581,-0.17971992,-0.10343296,0.35884154,0.11876346,0.18258987,-0.0192649,0.18360336
24.518115930392057,35.170290078269815,76.7112,8294399.845504761,73.06037,0.017329726,0.035418145,-0.52177405,2.6075926,-0.26703823,-0.22028631,0.32387316,-0.031050809,0.43651468,0.21600318,-0.015426911,0.21655338
24.608695560661264,35.210145036629335,80.071884,12095999.866104126,72.49646,-1.0772172e-06,0.00067439623,-0.018327277,1.5664238,0.011635847,0.12532137,0.21484122,0.15130965,0.11339442,0.21540493,0.010234098,0.2156479
24.47463793572534,35.15579704180788,74.131996,17712000.19569397,73.58328,-0.001199667,-0.47675928,0.31387842,0.52313733,-0.42972666,0.02929822,-0.23037878,0.105987966,-0.11843222,0.08025456,-0.0826203,0.115182064
24.3913043591697,35.05434799367564,86.750465,17193599.794006348,71.53739,1.0624094e-06,-1.1053426e-06,-0.056673467,0.33194208,0.006847078,0.3678707,-0.58811295,-0.21970448,0.7146413,0.1504256,-0.0034080648,0.1504642
24.46739112421217,35.10507235145331,77.031204,16243199.788856506,73.56719,0.0032835484,-0.006093866,0.26845807,1.1763191,-0.70918655,0.097049005,-0.2325185,0.21136421,-0.11203065,0.14170116,-0.04895894,0.14992064
24.003623304347823,35.192029209683014,80.788605,13737599.675559998,71.92718,-0.00019579598,0.00013830663,0.45220864,-1.8475947,-0.048624665,0.30206504,0.40261453,-0.2943727,-0.22982013,-0.118162245,0.01856958,0.119612485
24.409420185925658,35.126811301460926,78.58091,17884799.598312378,72.661446,-0.0037356543,-0.0046330737,-0.08063905,0.75359,-0.43401092,0.20409,0.003112942,0.08162458,0.17419598,0.23459981,-0.09697145,0.2538514
24.409420185925658,35.126811301460926,78.58091,10540799.757957458,72.177414,-0.0031024555,-0.002096504,-0.093840756,2.7465904,-0.25432646,-0.38372236,-0.19210708,-0.0221669,0.33882666,0.15700917,-0.019806936,0.15825358
24.177536001617764,35.01449252133363,77.3516,9504000.051498413,72.11344,-0.008420448,-0.008519011,-0.0890497,-2.369829,-0.12646338,0.4136314,0.32974678,-0.2839135,0.27276793,-0.2786395,-0.021763979,0.27948818
24.800724541980035,35.0326085145684,80.91604,14860800.180244446,72.53142,0.0002089703,0.00015009083,-0.18591782,0.4653737,0.29031694,0.2661763,0.23749211,-0.1776512,0.2012757,0.107701235,0.036556605,0.11373628
24.579710091518006,35.06884069756067,84.24473,8467199.796581268,72.013115,9.6843305e-06,1.3226247e-05,0.3841592,0.9014624,0.050831474,0.107654214,0.41002846,-0.13439244,-0.17583713,0.08877265,-0.012900672,0.089705124
24.442029139218562,35.043478080275,76.86345,11404800.061798096,72.89537,-0.014390948,-0.027966266,-0.2598074,1.8859729,-0.3529302,-0.2538799,-0.26093963,-0.01543016,0.23683113,0.25806224,-0.036432076,0.26062122
24.177536001617764,35.01449252133363,77.3516,6566399.786281586,72.06518,-0.004750868,-0.0024077792,-0.13743128,-1.7411729,0.26865506,0.33472848,0.17852148,0.1512053,0.40691268,-0.1658451,0.03192562,0.16889003
24.409420264318722,35.097825908808005,75.01247,11145599.860954285,73.19631,0.1682764,0.18574525,-0.0134227425,2.2830029,-0.18557736,-0.006969288,0.025670629,-0.11240093,0.26268503,0.276567,0.021798844,0.27742478
24.35507260113369,35.04710138474188,76.478294,17625600.494384766,73.884415,-0.09491004,-0.095528044,-0.1734918,0.17857221,-0.4573714,-0.17324445,0.28215614,0.17794141,-0.10634033,0.09715546,-0.15781407,0.1853226
24.800724541980035,35.0326085145684,80.91604,12527999.469566345,72.77538,-0.00064325746,0.00042271582,0.085942,1.0766416,-0.102700375,0.13731976,0.12110633,0.031175237,0.3269567,0.27926844,-0.017084654,0.27979055
24.369565205050215,35.10507235145331,81.59638,10713600.257492065,71.55699,1.132425e-05,5.0197246e-05,-0.090689965,1.6264926,-0.3910035,0.039434604,-0.10352986,0.33353078,0.08385826,0.07374953,-0.016131235,0.075493105
24.358695745580064,35.14492749121842,79.46463,14947199.88155365,71.73403,-0.0005670556,-0.0005660745,-0.022698298,0.27641955,0.20134181,-0.008589402,0.123057224,0.06266292,0.14905009,0.10878768,0.08087517,0.13555646
24.278985653174068,35.159420527680346,80.15937,15897599.886703491,71.5443,-4.5553308e-05,4.643824e-05,-0.05307404,-0.727199,0.4876513,0.020717304,0.123756975,-0.055636577,0.38934365,-0.09166702,0.094246194,0.13147314
24.336956356281394,35.12681217825459,78.56935,1468799.9954938889,73.02554,0.004938545,0.0064795767,-0.14529055,-1.7551296,1.7632965,0.07971773,0.1459218,0.10712072,-0.21057758,-0.12900518,0.1301027,0.18321857
24.271739312019278,35.0833337340226,74.97577,6825599.987125397,72.27618,0.080558054,-0.03425572,-0.49603844,1.8211116,0.42516077,0.0033515692,0.25327027,0.08670846,-0.21740076,0.20718345,0.037698787,0.21058533
24.880434869565217,35.11594208344836,73.60822,5097599.927902222,73.53236,0.24530597,0.20247436,0.114396185,-0.9999715,-0.81320035,0.6429366,0.002340041,0.12569627,-0.12513447,-0.15228385,-0.13400787,0.20285088
24.60144921950647,34.9456523441682,85.40489,17971200.39653778,71.978035,4.986664e-07,4.9711193e-06,0.018120117,1.1841891,-0.41606152,0.123479605,-0.13236886,0.14696002,-0.25554398,0.25421563,-0.080075756,0.266529
24.268116089179838,35.07971042955572,81.07262,12268800.365638733,71.51013,0.00016209942,-0.0001641825,-0.22249871,-0.55067587,-0.4867695,0.28262275,0.136494,-0.06566981,0.07639826,-0.104157016,-0.10786139,0.14994253
24.53985505838052,35.14492730981283,78.72631,8294399.845504761,72.71093,0.0006829897,0.0022405765,-0.35177422,2.358635,-0.06714067,-0.15547004,-0.009350143,0.0028408095,0.19038796,0.19744095,0.007283256,0.19757523
24.51086948471318,35.141304337922854,75.965324,6566399.786281586,73.16457,-0.07943447,-0.07380343,-0.23302199,0.7518144,0.021974426,-0.31348473,0.44567293,-0.04655768,0.2074579,0.14898975,0.020753695,0.15042827
24.3985509616347,35.079710263267266,82.39983,12182399.56741333,71.465195,3.0100262e-05,-2.9027877e-05,-0.07102951,0.69866925,-0.4357136,0.08613157,0.035018165,0.36629742,-0.069322996,0.11033454,-0.084571086,0.13901791
24.06159400092239,35.235507653915,77.223785,4233599.898290634,72.314766,0.00027515567,-0.0021813626,-0.5943622,-1.2273523,-0.8350745,0.30892316,0.22087026,0.111173555,0.15256967,-0.12226938,-0.05335533,0.13340387
24.43478277193275,35.06521686399416,78.38795,15206400.082397461,72.44585,-0.0027488773,-0.0028080102,-0.013052635,1.4767385,-0.62222,-0.07497201,0.04274115,0.11966704,-0.06966069,0.17521769,-0.060625665,0.18540958
24.576087129988778,34.96376817111452,80.53768,15811200.185394287,72.355515,0.00030786722,0.00044426948,-0.4137252,0.58752304,0.059441477,0.081439525,0.2938923,0.095048234,-0.12848604,0.06918008,0.0023742134,0.0692208
24.177536001617764,35.01449252133363,77.3516,15465600.283241272,72.42628,-0.0079809865,-0.011784351,-0.30102265,0.7682343,-0.79415274,0.21404052,0.5572425,-0.17528298,0.0070605353,0.10819745,-0.08906769,0.14014186
24.369565205050215,35.10507235145331,81.59638,17193599.794006348,71.3721,8.485743e-05,1.8037304e-05,-0.30731124,1.3488301,-0.7900038,0.051916078,0.19218104,-0.015981771,0.34889477,0.14869545,-0.059015498,0.15997864
24.423912946628306,35.16304383214723,83.815254,16243199.788856506,71.21907,1.3604271e-06,1.1691924e-05,-0.13151567,0.7142294,-0.7151501,0.02482896,0.21193847,0.20747986,0.47502118,0.11088232,-0.09468952,0.1458115
24.880434869565217,35.11594208344836,73.60822,15551999.984550476,73.630325,0.92828864,0.83633673,0.24119432,0.47912347,-1.2241814,0.008614242,-0.09913907,0.09275053,-0.5883892,0.09011023,-0.27493507,0.28932533
24.340579657513896,35.072464168316,77.031204,2419199.8635292053,72.32745,0.013181339,-0.012625657,-0.16666201,-0.5100324,1.049325,0.19403034,0.24721482,-0.015413411,-0.13245216,-0.1054449,0.18697873,0.21466176
24.655797039477626,35.09782643790763,82.953125,10281599.557113647,72.21663,-2.2443599e-05,-3.3079876e-05,0.13197371,2.5331411,-0.2274267,-0.22344047,-0.02510377,0.16077171,-0.038257964,0.13666679,0.006365109,0.13681494
24.677536062942007,35.07971042955572,84.775665,9849599.953651428,72.293816,-1.11341815e-05,3.6675297e-06,0.006133519,2.725328,-0.3511685,-0.316704,0.02560987,0.2513778,-0.028211452,0.14549857,-0.023112947,0.14732292
24.340579735906957,35.22101461745307,78.71513,17366400.293540955,72.232025,0.0025245938,0.002811082,-0.12631638,0.6190675,-0.5130093,-0.24797443,0.05984312,-0.099572025,0.18344846,0.17894824,-0.14465834,0.23010543
24.242753659958876,34.931159481553294,83.59315,8899199.948501587,72.84181,6.1185834e-05,-5.7489022e-05,0.05313365,-3.1680365,-0.23803592,0.28386062,0.56292075,-0.23225373,-0.2452324,-0.19370839,-0.024481317,0.19524927
24.528985389862203,35.079710263267266,73.800804,1987199.9858379364,72.99639,0.4350783,0.48414105,0.17025958,-0.031238064,-0.38439918,0.3541309,0.82188624,0.14343657,0.58880323,-0.05443476,-0.16632868,0.17500964
24.53985505838052,35.14492730981283,78.72631,7343999.840354919,72.67667,0.0039161183,-0.0038024099,-0.32642114,1.8963548,0.16034074,-0.15408152,-0.013295643,-0.030693091,0.068411015,0.20116605,0.0057024644,0.20124686
24.586956589458925,35.03623181903528,81.050644,9849599.953651428,72.28474,-0.00037007593,-7.81538e-05,0.14915287,2.4486008,0.030699566,-0.30187207,0.3045024,0.26315916,-0.08073084,0.15338999,0.026183484,0.15560868
24.2137679164399,35.101449394680465,78.1842,13132799.572563171,71.89749,-0.0034560761,-0.002034813,0.10401671,-1.0923678,-0.41625714,0.15047798,0.35376486,-0.38940123,0.18069765,-0.11262351,-0.022352211,0.11482019
24.85869584610084,35.31159408476158,76.05999,8467199.796581268,76.15732,-0.82443684,-0.9160117,-0.38129908,3.215605,-0.94231373,-0.15906465,0.3664382,0.50279266,0.16982037,0.1551122,-0.035644855,0.15915512
24.336956356281394,35.12681217825459,78.56935,1296000.0444173813,73.070694,0.005464827,0.0068443245,-0.109309375,-1.9114921,1.7977086,0.067028984,0.15104313,0.12432173,-0.20340654,-0.12880194,0.12779956,0.18144605
24.3985509616347,35.079710263267266,82.39983,6912000.2368927,72.189995,9.199467e-05,-3.1149907e-06,0.22079365,-2.0738697,-0.39828384,0.61936474,0.0074035227,0.20601827,-0.098025076,-0.15044227,-0.019436551,0.15169264
24.507246418659868,35.018115659512056,74.98295,11923200.463485718,73.77445,0.01992865,0.010338343,-0.12721586,1.7493498,-0.08603911,0.06992453,-0.20993534,0.25648624,0.2799104,0.21948896,-0.009342405,0.2196877
24.49275373635028,34.95652190987481,78.13308,6047999.933052063,72.44154,0.0042711566,0.0052403165,0.03537769,0.94152987,-0.13951787,0.08197664,0.0047369897,-0.16945896,-0.108945735,0.22805847,-0.019975236,0.22893159
24.572463802625258,35.028985391507106,77.31845,17107200.092697144,73.80888,0.012019699,-0.042231377,0.14335309,0.03534171,-0.90805244,0.230028,0.14780848,0.08125217,0.19013655,0.015641013,-0.09921463,0.10043995
24.152173912100075,34.942029039701325,85.189964,13737599.675559998,72.88902,7.054395e-06,-4.2600686e-06,-0.22697484,-1.6748283,0.74760365,0.30069438,0.6272927,0.13612649,0.44365725,-0.09226709,0.040193178,0.10064148
24.16304339770124,35.14130418675153,77.183464,7862400.2420425415,72.07749,-0.0052636224,0.008554918,-0.08324034,-1.5401398,-0.70927954,0.43514547,0.5840784,0.13383566,-0.044576734,-0.22131301,-0.08628585,0.23753884
24.134057993885538,35.130434787333385,80.741425,12441599.768257141,71.71311,-5.2060765e-05,0.00022012134,0.026920713,-2.2166514,-0.14208274,0.27621633,0.13098188,-0.24863547,0.048622146,-0.17979722,-0.03268665,0.18274423
24.72463775080654,35.097825908808005,83.506035,2419199.8635292053,72.58287,4.213421e-05,-2.0829972e-05,-0.11068136,0.08016913,0.6897228,-0.005312383,0.24880278,-0.03758113,0.055261232,0.015237736,0.17234159,0.1730139
24.528985389862203,35.079710263267266,73.800804,10713600.257492065,73.73176,-0.88792306,-0.92521644,-0.11863986,1.6621394,0.3347211,0.07692964,-0.06812488,0.23927596,0.30814207,0.13292748,0.010139767,0.13331366
24.43478251062254,35.050724689208764,81.254395,4924799.976825714,72.100945,0.00020974399,0.00025597974,0.15811266,-0.49085146,0.30862093,0.11925325,0.012185607,0.114231154,-0.021720752,-0.10997203,0.06507437,0.1277831
24.521739153231497,35.18115965909355,80.50853,15551999.984550476,71.99355,-0.00046170314,0.0003569678,-0.16650626,1.3016125,-0.47080082,0.1288087,0.2229453,0.40690267,0.074112736,0.13714498,-0.048555095,0.14548658
24.271739312019278,35.0833337340226,74.97577,10281599.557113647,72.41783,0.077083215,0.0973122,-0.11826971,1.9976784,-0.106742986,0.034295335,0.33995137,-0.0644451,0.12514246,0.19810803,-0.02194337,0.1993196
24.40217392316393,35.07246365433351,77.73675,1987199.9858379364,72.31669,0.0073178937,0.0046750912,-0.18015145,-1.0228219,1.2245266,0.07656701,0.27380815,0.0316375,-0.16621599,-0.102760725,0.14934468,0.1812832
24.202898613755877,35.17753635462667,82.22561,3110399.9420642853,72.65801,-1.24047065e-05,0.00017562263,-0.38061392,0.21404521,-0.26852,0.37115133,0.6885097,0.4687279,0.17294696,0.046436522,-0.09533507,0.10604304
24.423912946628306,35.13405791039468,84.735344,16588799.691009521,71.18505,-1.0023591e-07,-5.8091445e-07,-0.08756536,1.0042604,-0.7308731,0.078935795,-0.11935524,-0.0055023655,0.4656571,0.16593935,-0.121774524,0.20582736
24.06159400092239,35.235507653915,77.223785,4579200.074672699,72.29812,-0.0078819515,0.0015610193,-0.5930588,-1.4794672,-0.91183627,0.39185372,0.26122472,0.08770019,0.11912972,-0.11607046,-0.05006035,0.12640566
24.5036234048686,34.94565269942081,84.86278,1468799.9954938889,72.26866,6.6808657e-06,-6.0946473e-07,0.049840912,-0.5487017,0.7532892,0.12583187,-0.30942398,-0.22871089,0.38043532,-0.052584454,0.089184016,0.10353219
24.677536062942007,35.07971042955572,84.775665,5443199.830055237,72.42141,4.034848e-06,1.9685608e-06,-0.04121974,1.1783931,0.488748,-0.24818537,0.08055325,0.050181925,-0.30511653,0.15529789,0.051680293,0.16367127
24.141304256647267,35.05072417522627,80.839714,8035200.193119049,72.409966,0.00041377137,0.0005009784,0.11020909,-2.5335104,-0.09369524,0.4468831,0.25701326,0.14964218,0.30183628,-0.1200752,-0.014901353,0.120996304
24.576087129988778,34.96376817111452,80.53768,14860800.180244446,72.281975,0.00056702876,0.00041962857,-0.44597387,0.9704578,0.12561187,-0.0033888668,0.23286813,0.14402144,-0.08033068,0.06772433,0.013107032,0.06898101
24.06159400092239,35.235507653915,77.223785,8726399.99742508,72.77195,-0.008777187,-0.0058709043,-0.06081584,-4.109264,-1.056191,0.969236,0.33841854,-0.14129749,-0.020892493,-0.1281149,-0.02650388,0.13082768
24.576087129988778,34.96376817111452,80.53768,4924799.976825714,71.93311,1.2924114e-05,-0.00010941756,-0.18001473,0.6262359,0.5009543,0.03733481,0.5004467,0.045552522,-0.0076970235,0.085743606,0.07986726,0.11717826
24.33695651306752,35.26449269887389,75.24537,10713600.257492065,72.18549,0.058762494,0.0633947,0.11154851,2.5170033,0.5157883,0.0462865,-0.31245244,0.30530953,0.2220605,0.1462527,0.019499801,0.14754693
24.286231733018653,35.16304365074164,82.86601,13305600.072097778,71.13319,-1.7472054e-05,-5.336284e-06,-0.19368666,1.5315144,0.15544564,-0.07372864,-0.0029280186,0.20736706,0.20916435,0.13542826,0.037964437,0.1406489
24.134057993885538,35.130434787333385,80.741425,6652800.036048889,72.61719,0.0006255568,-0.00038179013,-0.20905991,-1.1088078,-0.49496675,0.5713281,0.49779734,0.3592034,0.09932676,-0.21097207,-0.08430164,0.22719151
24.55434784521419,35.039855304907746,78.730316,5356800.128746033,72.41659,0.0031310548,0.0022489082,-0.3883922,1.3474419,0.28278595,0.15539117,0.24840546,-0.11589148,-0.20788297,0.14433779,0.024350964,0.14637747
24.528985389862203,35.079710263267266,73.800804,4752000.025749207,73.59995,-0.80451983,-0.7749649,0.2532326,0.6924236,-0.20177919,-0.042246662,0.62334126,-0.0043845624,0.39203623,0.17132203,-0.081680596,0.18979715
24.264492787947336,35.06521739309379,75.914215,6134400.182819366,72.13559,0.02658402,-0.0071234745,-0.40449327,0.7902958,0.57859063,0.012555517,0.30134022,0.16616574,-0.11687546,0.10966687,0.05439224,0.12241461
24.068840433535758,35.050724689208764,75.1399,4492800.099134445,71.93848,0.052614506,0.028500902,-0.9425425,-1.53477,1.322863,0.19813502,0.15417959,0.18458144,-0.0102286525,-0.14028884,0.11735539,0.18290229
24.62318819070881,35.09782625650204,81.14894,3542400.093984604,72.48226,0.00034664356,-0.0002842616,-0.32796222,-0.07169582,1.1075815,0.1907095,-0.25859407,-0.110775076,-0.037158683,0.0076341243,0.17713913,0.17730355
24.49275373635028,35.04710138474188,79.64641,1728000.059223175,72.06948,0.001005219,-0.00092472835,-0.07918718,-1.3453318,1.1864293,-0.08112634,0.039825935,0.023610756,-0.060330577,-0.15469989,0.17840178,0.23613396
24.471014503837736,35.137681214861566,84.09494,9071999.899578094,72.0424,-8.295483e-07,-1.0038498e-05,0.1423708,3.0769184,-0.24987873,-0.020707913,0.026293173,0.077836014,0.033050306,0.05825764,-0.008470726,0.058870245
24.35507260113369,35.04710138474188,76.478294,17798399.897003174,73.92955,-0.09501297,-0.09056903,-0.17268845,0.12143652,-0.43585533,-0.18632421,0.2658116,0.19325787,-0.104985215,0.08876966,-0.15861085,0.18176208
24.17028990870767,35.119565206509655,75.23819,10540799.757957458,72.20217,0.011249198,0.009088256,0.10660526,-0.8325658,-0.2870623,0.2601736,0.37720874,-0.10685203,0.07660404,-0.22391863,-0.1268458,0.25735074
24.518115930392057,35.170290078269815,76.7112,9158400.149345398,73.12068,-0.038678776,-0.037541647,-0.5222044,3.0474901,-0.44356817,-0.16451162,0.3173726,0.023905199,0.5101168,0.27336237,-0.017426409,0.27391726
24.242753659958876,34.931159481553294,83.59315,7430400.090122223,72.6094,1.9825591e-05,5.014623e-05,0.02411443,-3.052524,-0.55251503,0.4805316,0.5869544,-0.24875477,-0.060186386,-0.12113248,-0.019536747,0.12269785
24.293478074173446,35.130434424522214,78.52256,7516799.791431427,71.97204,0.0018425093,-0.0023565958,-0.13133235,1.713126,-0.35906667,0.032963343,0.36469975,0.1971888,0.19094595,0.12920529,-0.004804923,0.1292946
24.409420264318722,35.097825908808005,75.01247,16588799.691009521,74.00678,0.1638937,0.1094431,0.048875466,0.83381486,-0.5586514,0.13853434,0.10084701,-0.011188611,-0.15212113,0.19528107,-0.056146193,0.20319226
24.514492864338745,35.152173737341,77.98083,11664000.262641907,72.75911,0.008919176,0.0051713437,-0.22538455,2.4597728,-0.123893216,-0.19828615,0.11182864,0.15927702,0.37198812,0.15396082,-0.0046394807,0.15403071
24.068840433535758,35.050724689208764,75.1399,12441599.768257141,72.62631,0.042750414,0.06770327,0.3113081,-0.84777105,-0.5212328,0.23017943,0.52847344,0.0034372061,0.031503446,-0.14220993,-0.09549356,0.17129707
24.409420342711783,35.02898555779556,73.23672,4752000.025749207,73.20258,-0.9513505,-0.93953574,-0.1339292,0.76222503,-0.025329627,0.26951602,0.08380542,-0.2633602,0.2387751,0.21435878,-0.03646481,0.21743819
24.336956356281394,35.12681217825459,78.56935,8899199.948501587,72.01165,0.0027089822,0.0027031577,-0.05868243,2.447079,-0.41019,-0.23652488,0.050591715,0.12026684,0.35155484,0.1548866,-0.025433313,0.15696086
24.40217392316393,35.07246365433351,77.73675,12873600.46863556,72.52875,-0.005039982,-0.008983627,-0.16308533,1.7593422,-0.5008806,-0.23015013,-0.073154695,-0.13363153,0.1182538,0.13916846,-0.028878989,0.14213322
24.24275355543479,35.275361916886446,83.709785,9676799.454116821,71.91891,2.7878725e-06,1.3104613e-05,-0.31362933,4.4672604,1.1987333,-0.608429,-0.3047667,0.012208074,0.070238635,0.23863274,0.077432096,0.25088108
24.336956356281394,35.12681217825459,78.56935,5788799.732208252,72.19732,0.0031178293,0.0030690893,-0.34714895,0.8026619,0.3115332,0.10905397,0.26257142,-0.029079296,-0.09209751,0.15249462,0.102903254,0.18396655
24.40579722439643,35.07608730649443,81.130585,15638399.68585968,71.752205,0.00020798286,8.243937e-05,-0.38542658,1.9320778,-0.8191694,0.0015541539,0.07432216,-0.021684632,-0.06622938,0.10943349,-0.027324734,0.112793304
24.5036234048686,34.94565269942081,84.86278,10195199.855804443,72.2609,4.8187526e-06,4.8816228e-06,0.31022006,-3.0406349,0.41237128,0.49674642,0.3238547,0.05448571,-0.3760696,-0.102425024,0.029012658,0.10645478
24.53985505838052,35.14492730981283,78.72631,11923200.463485718,72.58554,-0.002983071,-0.001557102,-0.25642833,2.4340649,-0.0095311245,-0.18551213,0.12735559,0.25500143,0.32435596,0.24638827,-0.039847825,0.24958973
24.340579735906957,35.22101461745307,78.71513,14601599.979400635,72.21463,-0.0010420708,0.00026460638,0.029923216,0.6072569,0.24957113,-0.11063359,-0.0830118,0.15690434,0.0052795336,0.116668284,0.05869294,0.13059996
24.579710091518006,35.06884069756067,84.24473,10540799.757957458,71.97126,1.5405347e-05,1.1412607e-05,0.30732656,1.7365216,-0.038982444,-0.054168932,0.22111744,0.25542653,0.009217858,0.11116679,0.02082922,0.11310133
24.141304256647267,35.05072417522627,80.839714,17452799.99485016,70.9888,0.00013050967,-0.00013850907,-0.52285486,-0.62296015,1.3912293,-0.13362512,0.63919085,0.56732124,0.55149597,-0.057723656,0.18849061,0.19713125
24.782608845879178,35.07246365433351,80.82854,12268800.365638733,72.79226,-0.00054305646,0.00034187257,0.038274676,0.81147975,0.12995961,0.0036939532,0.0027432442,0.17222244,0.3327974,0.09217365,0.022396559,0.094855614
24.51086948471318,35.141304337922854,75.965324,3715200.0450611115,72.68869,0.04061488,0.05199409,0.02723749,-0.08706872,0.3141846,-0.24502736,0.3909081,0.078050524,-0.013482913,-0.057380717,0.17662887,0.18571566
24.46739112421217,35.10507235145331,77.031204,9590399.752807617,72.84792,-0.022881929,-0.0215927,-0.36157405,2.75976,-0.29701257,-0.3444225,-0.04746998,0.005952142,0.44989648,0.25233063,0.0046335184,0.2523732
24.152173912100075,34.942029039701325,85.189964,7775999.992275238,73.238464,1.9648109e-05,-2.0952413e-05,-0.0047440454,-1.847197,-1.0599587,0.28966013,0.5092738,-0.21344462,-0.17052755,-0.24450466,-0.1297197,0.27678463
24.16304339770124,35.14130418675153,77.183464,11491199.7631073,72.199165,0.0017801835,0.010208717,0.34365845,-1.703734,-0.4746213,0.34542394,0.21504703,-0.2220692,0.18579423,-0.08905945,-0.047949716,0.10114723
24.641304357168043,34.938405387540406,81.3883,6480000.084972382,72.2513,-9.5407675e-05,0.00025757976,-0.08037429,1.598513,0.06548759,-0.02881945,0.6717441,0.18767296,0.034877624,0.12337074,0.04124527,0.13008271
24.202898613755877,35.17753635462667,82.22561,17884799.598312378,71.68347,9.0780295e-06,-5.367675e-05,-0.057139844,-1.4758458,1.7511488,0.11263347,-0.26632205,-0.3152745,0.2869728,-0.11593911,0.16440634,0.20117486
24.51086948471318,35.141304337922854,75.965324,14515200.27809143,73.72157,-0.12075933,-0.074443124,0.12448822,1.6000508,-0.39847922,0.05024536,-0.1056182,0.19025227,0.13336861,0.20028298,-0.020097923,0.20128883
24.275362351941567,35.02173896397893,79.32639,6134400.182819366,72.1249,-0.0011930824,0.0007406469,0.32838082,-1.3056606,-0.1497109,0.13897784,0.3218247,0.16149043,0.45192942,-0.11264052,-0.030294528,0.11664324
24.782608845879178,35.07246365433351,80.82854,10022400.453186035,73.159676,-0.0006420573,0.0009825695,-0.0025701597,1.8792912,-0.63234484,-0.18519631,0.23557502,0.23050404,0.28015158,0.13648361,-0.052509595,0.14623623
24.358695745580064,35.14492749121842,79.46463,10886399.660110474,71.896416,0.00096576824,-2.1723163e-05,0.058426008,2.600065,-0.11400379,-0.29012805,-0.26977634,0.031031203,0.26176473,0.12848434,0.015563154,0.12942347
24.24275355543479,35.275361916886446,83.709785,3801600.0205993652,72.8377,-9.560942e-06,-4.7560017e-05,-0.40054804,-0.68923324,0.9635616,0.048272137,0.075103536,-0.1677723,0.11295187,-0.10310965,0.1882198,0.21461196
24.75362311542571,35.148550251468535,82.31272,16847999.891853333,71.87242,-2.5639536e-05,-8.121649e-05,-0.24424258,0.12641338,-0.81312054,0.27008992,0.29737523,0.18249425,0.037689734,0.0022904724,-0.1925118,0.19252542
24.340579735906957,35.22101461745307,78.71513,11664000.262641907,72.17817,0.0027097962,0.0020293891,0.21595384,2.6433463,0.26956683,-0.20374414,-0.14095095,0.2007783,0.015566926,0.1528127,0.007968784,0.15302034
24.49275373635028,34.95652190987481,78.13308,864000.0296115875,71.82699,-0.0019015397,-0.0024830594,-0.015427906,-0.38489413,0.62459934,0.08970486,-0.18514296,0.08546383,0.08446117,-0.122827776,0.13930921,0.18572484
24.336956356281394,35.12681217825459,78.56935,16156800.087547302,72.124176,0.0019365775,0.0017027518,-0.11132837,0.7181465,0.029020991,-0.08955658,0.17862338,-0.02284503,0.23572254,0.15398325,0.024673546,0.1559475
24.16304339770124,35.14130418675153,77.183464,12441599.768257141,72.198006,0.007936769,0.010113531,0.31977046,-1.5261611,-0.35418016,0.2870155,0.22159925,-0.22786257,0.19211939,-0.07576917,-0.026577884,0.0802954
24.235507135886934,35.09782643790763,86.62735,16329599.49016571,71.61478,6.0697425e-07,-1.0775295e-06,0.0063851923,-1.028549,1.2528123,0.24193749,-0.3498363,-0.22872546,0.47461307,-0.10862108,0.10003174,0.14766479
24.55434784521419,35.039855304907746,78.730316,16675200.489234924,73.04784,0.0052108364,-0.00074141554,-0.16545863,1.0562233,-0.90053266,0.2479611,0.19404025,0.015689537,0.096381485,0.072192416,-0.059503786,0.093554504
24.782608845879178,35.07246365433351,80.82854,8812800.247192383,73.32068,-0.00081451435,-0.0005762041,-0.21273728,2.4980464,-0.38447326,-0.17126662,0.37348154,0.08701179,0.19517136,0.20545405,-0.03929212,0.20917754
24.068840433535758,35.17753635462667,82.62194,8985600.19826889,71.69323,-2.9657855e-05,-3.77424e-06,-0.48300904,1.8656658,0.25153428,-0.0733983,0.23564494,0.10532722,-0.10416301,0.1398044,0.00535444,0.1399069
24.576087129988778,34.96376817111452,80.53768,9849599.953651428,72.389244,9.735771e-05,-9.6508986e-05,0.14847016,2.7771077,-0.25269923,-0.36419737,0.24565932,0.23849884,0.0034294538,0.19628955,-0.009449995,0.1965169
24.731883987437246,34.999999998854186,80.17734,17020800.39138794,73.05745,0.0014981665,0.00031826727,-0.32396877,0.506979,-0.36907393,-0.14315143,0.2887554,0.041999996,0.06106447,0.0822049,-0.08326237,0.11700542
24.43478277193275,35.06521686399416,78.38795,6480000.084972382,72.304695,-0.0037319772,-0.0040931646,-0.28574798,1.1443875,0.13040213,-0.06246393,-0.01264073,0.015893169,0.052110877,0.11565817,0.04189039,0.123010635
24.677536062942007,35.07971042955572,84.775665,5529600.07982254,72.41867,4.545115e-06,3.1188729e-06,-0.047517873,1.2026708,0.4677292,-0.24587733,0.08877092,0.04593481,-0.3173677,0.15885206,0.05274515,0.16737989
24.278985653174068,35.159420527680346,80.15937,13046399.871253967,71.46018,-0.00031892356,-0.00036998506,0.16544822,0.4169246,0.18618861,-0.007907137,-0.11635906,-0.040246144,0.26284665,0.059460554,0.047420193,0.07605414
24.17028990870767,35.119565206509655,75.23819,0.0,72.77704,0.025259808,0.10563321,-0.28372097,-0.36493194,1.8522712,-0.2002599,-0.096304394,0.50431794,0.13482699,-0.038290627,0.26867577,0.27139056
24.264492787947336,35.06521739309379,75.914215,5702400.030899048,72.12096,0.03140138,0.02254411,-0.43020344,0.6923795,0.65052265,0.012513455,0.27130774,0.111310504,-0.15262526,0.115101166,0.0779696,0.13902351
24.152173912100075,34.942029039701325,85.189964,5443199.830055237,72.82126,-6.6431867e-06,-1.1976126e-05,0.08294617,-0.6623753,-0.90527177,0.34262758,0.30451924,-0.06488585,-0.07177085,-0.117620274,-0.26319405,0.2882805
24.608695560661264,35.210145036629335,80.071884,12960000.169944763,72.49183,-0.0007705536,-0.0010337026,-0.097264275,1.9708048,0.0057823136,0.089909345,0.19634795,0.18946815,0.15076166,0.21628816,0.0055982345,0.21636061
24.75362311542571,35.148550251468535,82.31272,6480000.084972382,72.83304,-0.00017996632,6.4437285e-05,-0.3458768,1.7986559,0.08216363,-0.02795475,0.34047425,0.26529798,0.04101662,0.21226996,-0.039220385,0.21586287
24.336956356281394,35.12681217825459,78.56935,11145599.860954285,71.97656,0.0021123046,-0.0011135594,0.14500606,1.665871,-0.2526488,-0.25550508,-0.10321192,-0.1289315,0.37730253,0.19050595,-0.0041404623,0.19055095
24.351449221508126,35.36231895652174,77.53338,3974399.971675873,71.63408,-0.00058720633,0.00093350944,0.20923404,0.84673816,1.32365,0.01090128,-0.22113875,0.12626813,0.36659527,0.10834315,0.13564172,0.17359987
24.481884276880134,35.21376834109622,79.042,5097599.927902222,72.89752,0.0012460569,0.003875119,-0.2159564,0.7091267,1.138196,-0.14197674,-0.437585,-0.117480166,-0.24873465,0.092361785,0.1251488,0.15554073
24.409420185925658,35.126811301460926,78.58091,2505600.113296509,72.64487,-0.003905506,0.0047447872,-0.40311527,-0.9017544,1.8527598,-0.090828784,0.022302922,-0.10141235,-0.38847807,-0.06133566,0.19537438,0.204776
24.003623304347823,35.192029209683014,80.788605,18057600.097846985,72.27728,-0.00046466192,7.957199e-05,0.2365718,-2.0164196,1.5145994,-0.046615236,0.11920895,-0.084360026,-0.15557212,-0.11485626,0.07521213,0.13729103
24.507246418659868,35.018115659512056,74.98295,15033599.582862854,73.788765,-0.02151762,-0.29752818,-0.067861915,0.22605442,0.31818527,0.33395183,-0.20284435,0.25925553,0.23346707,0.039874878,0.09796853,0.105772585
24.507246627708035,35.15217355593542,72.15966,16156800.087547302,72.231026,0.900063,0.8861953,0.29727685,-0.36675858,0.0982183,-0.014129497,0.15037282,0.22962332,-0.11569827,-0.12359018,0.050242916,0.13341245
24.268116089179838,35.07971042955572,81.07262,12182399.56741333,71.52373,0.0001800649,-0.0001761916,-0.21509443,-0.56685036,-0.49298394,0.28395417,0.13648275,-0.058917575,0.08218755,-0.10728331,-0.10875655,0.15276681
24.351449221508126,35.36231895652174,77.53338,4752000.025749207,71.54521,-0.00028786005,-0.0017463397,0.18631168,2.0065541,1.6948875,-0.063749366,-0.2990442,0.16479965,0.40145922,0.22100778,0.12496722,0.25389218
24.340579657513896,35.072464168316,77.031204,12787199.670410156,72.486305,0.011177497,-0.015300871,-0.20747301,1.7439783,-0.64432716,-0.08276043,0.12431974,-0.42270124,0.16554356,0.23124012,-0.058360342,0.23849092
24.141304256647267,35.05072417522627,80.839714,6220799.884128571,72.56076,-0.00010986274,-0.00028648778,0.15552449,-1.2667181,-0.14479642,0.39019427,0.24539515,0.39094526,0.436495,-0.15182807,-0.0036533468,0.15187201
24.49275373635028,35.04710138474188,79.64641,15033599.582862854,72.33906,0.0012391235,0.0010514783,-0.4039086,2.075706,-0.61170363,0.0743721,0.1349258,0.10307726,-0.009766791,0.16699784,-0.03163739,0.16996823
24.528985389862203,35.079710263267266,73.800804,1036799.9806880951,72.8613,0.18679993,0.026994862,0.049640268,0.05821365,-0.3523302,0.4870747,0.7854074,0.21706405,0.5931436,-0.024247745,-0.19113156,0.1926635
24.3913043591697,35.05434799367564,86.750465,2419199.8635292053,72.24516,-1.6309834e-06,1.1457892e-06,0.26207894,-0.9441005,-0.80339766,0.68364024,-0.29896143,-0.083647706,-0.23785445,-0.122757606,-0.10004821,0.15836374
24.271739312019278,35.0833337340226,74.97577,2937599.9909877777,72.60701,-0.06879776,-0.009849132,-0.36251026,-0.3104552,1.2751693,0.009074442,0.11723368,-0.2116948,-0.07402634,-0.015892802,0.11210063,0.11322161
24.336956356281394,35.12681217825459,78.56935,18143999.79915619,72.38475,0.0022642736,0.0023164405,-0.3155151,0.55742866,-0.066417515,-0.062206216,0.3074385,0.040474772,0.39406985,0.29359537,-0.021989921,0.29441774
24.62318819070881,35.09782625650204,81.14894,15897599.886703491,72.23835,0.0002175951,0.00022324141,-0.19392323,1.5231012,-0.46669984,-0.08917575,0.19717343,0.3439162,0.18824336,0.13207965,-0.011991522,0.13262288
24.782608584568965,35.06521774078783,85.492004,4924799.976825714,72.868,9.516994e-06,-5.0134975e-08,-0.34209877,0.40560228,0.6799133,-0.45716667,0.590134,0.035970736,-0.14040026,0.16241522,0.17350765,0.2376628
24.336956356281394,35.12681217825459,78.56935,10195199.855804443,71.933426,0.0025232378,-0.00052650174,0.094831616,1.9969875,-0.34041387,-0.2957812,-0.0520807,-0.025003746,0.39002573,0.15693568,-0.02094628,0.15832736
24.521739153231497,35.18115965909355,80.50853,7516799.791431427,72.34733,-0.00063469564,0.00015479187,-0.061810456,2.4887671,0.44674742,0.09690861,-0.3021539,-0.20638144,0.063648865,0.14175728,0.04634864,0.14914195
24.57608686867857,35.22463755910878,78.28966,13996799.876403809,72.9318,-0.0055625783,0.007686719,-0.064131655,2.249325,-0.30647993,0.07624,0.32507378,0.30506772,0.17313379,0.091523856,-0.01458726,0.09267904
24.55434784521419,35.039855304907746,78.730316,16502399.989700317,73.01251,0.005442565,0.0009228743,-0.18607186,1.1070812,-0.8526013,0.23308522,0.19938126,0.03521901,0.11229695,0.077049,-0.058300555,0.0966204
24.579710091518006,35.06884069756067,84.24473,17712000.19569397,71.86221,1.1318978e-05,1.3884177e-05,0.018432759,0.56440485,-1.3168429,0.15313101,0.0044681355,0.15583374,-0.10234759,0.07254391,-0.20470642,0.21718043
24.85869584610084,35.31159408476158,76.05999,15206400.082397461,76.025734,-0.96304685,-0.8901309,-0.28567427,-0.6170749,-0.008542813,0.12090814,0.07399774,0.1286858,-0.0697749,-0.21973166,-0.005268678,0.21979481
24.626811465810288,35.05797113185407,83.9315,10108800.15449524,72.10335,-1.861151e-05,2.2004286e-05,0.25875872,1.8691459,0.014939196,-0.1520285,0.199727,0.19241688,-0.09363162,0.11774068,0.011297501,0.118281454
24.782608845879178,35.07246365433351,80.82854,7343999.840354919,73.20759,0.00040891397,0.0010382368,-0.47387093,2.5690503,0.058538675,-0.041078024,0.4434209,-0.07461471,0.08817531,0.2382719,0.040435247,0.24167852
24.471014503837736,35.137681214861566,84.09494,18230399.500465393,71.16802,-8.397405e-06,8.577156e-06,0.12966004,0.3399396,-1.5466585,0.18537724,0.012774289,0.018533655,0.36122316,0.06507849,-0.29128498,0.29846632
24.278985574781007,35.18478260074926,85.36457,5875199.981975555,71.83461,3.8911517e-06,-4.3520504e-06,-0.8270956,1.8453623,0.04256842,0.15580407,0.18857718,0.07147904,-0.15460062,0.16411704,0.0015707227,0.16412456
24.373188532413735,34.85507217391305,83.68782,5270399.878978729,72.483284,-7.649258e-06,-7.889138e-06,-0.13684636,-0.9046017,0.20076138,0.6087753,0.27017102,-0.022318237,0.17522445,-0.1288697,0.033266064,0.13309406
24.626811465810288,35.05797113185407,83.9315,6825599.987125397,72.22522,1.884556e-05,2.5156203e-05,0.13084824,0.6828718,0.758545,-0.14313829,0.099243894,-0.22813165,-0.27456364,0.12399544,0.092299156,0.15457685
24.608695560661264,35.210145036629335,80.071884,13564800.27294159,72.46726,-0.0010292918,-0.0010512953,-0.14711672,2.2777584,-0.07563245,0.06345192,0.18458883,0.21749067,0.17207012,0.19159569,-0.00487064,0.19165759
24.242753659958876,34.931159481553294,83.59315,3715200.0450611115,72.44044,1.670249e-05,3.8713824e-05,0.07503402,-0.8039255,-0.5659657,0.6205325,0.3654253,0.09381427,0.5633122,-0.15561701,-0.10292787,0.18657653
24.51086948471318,35.141304337922854,75.965324,6134400.182819366,73.13515,-0.034793492,-0.05602687,-0.1470994,0.44884568,0.053998232,-0.32123953,0.45019802,-0.025688447,0.14171991,0.139395,0.032098316,0.14304288
24.43478251062254,35.050724689208764,81.254395,18403200.0,71.955956,-0.00022902599,0.00021853804,-0.068219416,1.1018268,-1.603387,0.27702788,0.098307766,-0.057491653,0.062541656,0.11649648,-0.13658747,0.17952038
24.202898613755877,35.17753635462667,82.22561,11836799.665260315,71.09974,-1.3600172e-05,-4.4072385e-05,-0.32296243,2.1681402,0.102649614,-0.056022175,-0.054953434,0.09552404,0.17636234,0.11536677,0.012336621,0.116024494
24.358695745580064,35.14492749121842,79.46463,3369599.8686790466,72.767746,0.00089610345,-0.00032373104,-0.39341223,-0.016130537,1.4115984,0.17585717,-0.0047450736,-0.06635728,-0.32212883,0.009856481,0.19850338,0.19874793
24.641304357168043,34.938405387540406,81.3883,10454400.056648254,72.48706,0.00031468688,-0.00027411847,-0.005414456,2.7099736,-0.028063256,-0.29838172,0.37929308,0.2411204,-0.033945397,0.23656139,-0.01960608,0.23737246
24.373188532413735,34.85507217391305,83.68782,3628800.0695228577,72.57606,-1.2729358e-05,-2.92668e-05,-0.21025176,-0.4369383,0.00552205,0.4480621,0.21920744,0.115306206,0.12179373,-0.18703687,0.040305488,0.1913304
24.623188347494935,34.98550731008629,86.27349,13132799.572563171,72.5051,6.4662356e-07,3.4411821e-06,0.07331787,-0.9165671,-0.30498332,0.45811254,0.03733557,-0.057887845,-0.01953043,-0.14286834,-0.055743102,0.15335794
24.40217392316393,35.07246365433351,77.73675,4492800.099134445,72.219406,0.0010747169,0.0024960975,-0.28085035,0.19783731,0.8339862,0.07048367,0.22712925,-0.07643295,-0.1331121,0.040577874,0.1909679,0.19523141
24.373188532413735,34.85507217391305,83.68782,9158400.149345398,72.2858,-4.4663366e-06,3.4392197e-05,-0.33334118,-1.9187481,0.77804357,0.1628452,0.3603104,-0.38081905,-0.41794106,-0.16217443,0.064279914,0.17444901
24.3913043591697,35.05434799367564,86.750465,432000.01480579376,72.91485,-3.6842036e-06,3.4299221e-06,0.10508427,-0.51713836,-0.8657637,0.5937162,-0.08596621,-0.31364405,-0.06276575,-0.061943796,-0.12547985,0.1399365
24.57246390714934,35.13405809180027,82.83649,11231999.562263489,71.96061,5.3323987e-05,5.422058e-05,0.2128524,2.0221674,-0.020495968,-0.10875932,-0.15892899,0.24972677,-0.038007103,0.15293567,-0.020085905,0.15424903
24.340579735906957,35.22101461745307,78.71513,11836799.665260315,72.18081,0.00219973,0.0027000608,0.21330138,2.4529438,0.29458296,-0.1977053,-0.1365928,0.20258164,0.010605019,0.15018672,0.010468658,0.15055113
24.423912946628306,35.16304383214723,83.815254,17107200.092697144,71.07062,-8.696311e-06,6.2330823e-06,-0.10486454,0.69932395,-0.8755372,0.08900879,0.20219836,0.09523161,0.5230202,0.10333022,-0.1484672,0.18088572
24.57608686867857,35.22463755910878,78.28966,13910400.175094604,72.92237,-0.005244653,0.00788623,-0.06495075,2.2791715,-0.29722565,0.07756631,0.33583942,0.3040552,0.17750096,0.0913659,-0.013276216,0.092325434
24.72463775080654,35.097825908808005,83.506035,7603200.0411987305,72.6051,3.215462e-05,-3.3682736e-05,-0.43665856,2.300383,0.2711656,-0.2951941,0.20309895,-0.07554842,-0.17157853,0.24601075,0.030020189,0.24783564
24.528985389862203,35.079710263267266,73.800804,8553600.046348572,73.8729,0.87222743,0.9289211,-0.22603454,2.0904553,0.20511453,0.003105022,0.18221337,0.08421477,0.31604463,0.15285406,0.01616341,0.15370627
24.351449221508126,35.36231895652174,77.53338,17107200.092697144,72.755226,-0.01309086,-0.013168674,0.13463806,1.2753632,-0.6251307,-0.4236167,-0.7535829,0.0672243,0.06399439,0.13867639,-0.10939605,0.17663136
24.51086948471318,35.141304337922854,75.965324,4233599.898290634,72.813576,0.052207343,0.029530663,0.02276346,0.017962635,0.21434212,-0.27999622,0.4111972,0.080134645,-0.012804415,0.0053874906,0.14465728,0.14475758
24.275362351941567,35.02173896397893,79.32639,10281599.557113647,72.03618,-0.0011947718,0.00045928734,-0.020657491,-2.0259397,-0.44745302,0.21465623,0.12650737,-0.19785622,0.2068302,-0.12687741,-0.076861896,0.14834294
24.514492864338745,35.152173737341,77.98083,8726399.99742508,72.77104,-0.0061597098,0.008943318,-0.44575155,2.6715372,-0.2626874,-0.20202619,0.037758462,-0.028775126,0.34633076,0.21456778,-0.021435551,0.21563584
24.47463793572534,35.15579704180788,74.131996,1814400.0347614288,72.569824,0.20378597,0.20848648,0.006899029,-0.826097,0.13331306,0.37442258,0.82970154,0.1419895,0.15259233,-0.26370472,-0.021977538,0.26461896
24.641304357168043,34.938405387540406,81.3883,8467199.796581268,72.58979,0.0002770477,0.00035946883,0.089099094,2.6896977,-0.0014822595,-0.20596397,0.43256646,0.17583537,0.030313779,0.17337756,-0.017213805,0.17423
24.365941903817713,35.11594190204278,77.940506,5875199.981975555,72.27659,0.005885591,0.0060528014,-0.36471498,0.9605668,0.4067368,0.014007807,0.28590423,-0.03827984,-0.10731072,0.17314897,0.082919136,0.19197956
24.423912946628306,35.16304383214723,83.815254,10022400.453186035,71.806496,1.053923e-05,-1.838347e-05,-0.13299638,3.5535636,-0.16081953,-0.28192934,-0.06364762,0.26998246,0.03789979,0.116871215,-0.009787862,0.117280364
24.373188349496587,35.09782609021359,73.044136,15292799.783706665,73.29388,-0.4704646,-0.6031271,0.06517634,1.3854612,-0.292045,0.24864909,0.08315986,-0.12558967,0.05776931,0.20225596,-0.023887137,0.20366167
24.15217408195171,35.09782609021359,90.079155,10886399.660110474,73.6803,3.67754e-07,2.0128842e-07,-0.09769581,1.1938221,0.42748243,0.184833,0.2510213,0.13235807,0.04773877,0.165702,0.07568634,0.18216908
24.60144921950647,34.9456523441682,85.40489,3456000.11844635,72.038284,-5.2809987e-06,1.6687148e-06,-0.047914654,-0.16531895,0.41199446,-0.07927892,0.044000447,0.2582661,0.30009598,-0.087068796,0.16338292,0.18513495
24.336956356281394,35.12681217825459,78.56935,13305600.072097778,72.01598,-0.0024101592,-0.0022553562,0.09180927,1.1155579,-0.025054835,-0.1169272,-0.031974927,-0.20688951,0.24029422,0.17291766,0.027230944,0.1750487
24.49275373635028,35.04710138474188,79.64641,2246400.0495672226,72.015976,0.0010264934,-0.0004935151,-0.12347275,-1.00365,1.1302127,-0.055235006,0.065306805,0.016826179,-0.08264088,-0.108580425,0.16900079,0.20087552
24.880434869565217,35.11594208344836,73.60822,15983999.588012695,73.616104,0.82626885,0.46573728,0.27881652,0.58107406,-1.4953581,0.059754737,-0.06598035,0.06834306,-0.53621274,0.11410255,-0.33080846,0.34993374
24.40579722439643,35.07608730649443,81.130585,14687999.680709839,71.6981,0.00012964018,-2.7024518e-05,-0.39508086,1.8020656,-0.60358655,-0.008371659,0.017734788,0.050561294,-0.096574225,0.13836268,-0.032112543,0.1420403
24.677536062942007,35.07971042955572,84.775665,345600.00498890877,72.57398,9.2677565e-06,-3.4496022e-06,0.24289633,-0.60423213,0.5462725,0.23548773,-0.052832387,-0.2068184,0.0724009,-0.12561965,0.12007348,0.17377554
24.49275373635028,35.04710138474188,79.64641,9676799.454116821,72.26085,-0.0012847034,-0.00064547145,-0.11498506,1.8137271,-0.38641202,-0.29373255,-0.12270146,0.18347108,0.07915032,0.15250394,-0.033708837,0.15618494
24.43478251062254,35.050724689208764,81.254395,12441599.768257141,71.67781,0.00015657626,3.0422756e-05,-0.22098617,1.3116833,-0.47597653,0.0034727752,0.119251356,0.31138352,-0.1030759,0.12243947,-0.035603836,0.127511
24.409420264318722,35.137681214861566,85.684586,691200.0099778175,72.249535,-5.3318136e-06,2.4831481e-06,0.1365546,0.07168943,-0.44974244,0.68630105,0.26459765,0.05287978,-0.38401276,0.026153302,-0.1282787,0.13091761
24.33695651306752,35.26449269887389,75.24537,16934399.593162537,74.99722,-0.6256261,-0.7994268,0.09195705,1.8278499,-1.057514,-0.40233618,-0.46740055,-0.12370271,-0.06161741,0.22470768,-0.09052168,0.24225548
24.731883987437246,34.999999998854186,80.17734,13651199.974250793,72.557755,6.449583e-05,-0.00094442687,-0.15117896,1.0990644,0.17569871,0.004565336,0.37262297,0.05240176,0.25829822,0.19961046,-0.004907593,0.19967078
24.507246627708035,35.15217355593542,72.15966,9417600.350189209,73.53487,0.19435431,0.18024082,-0.3931691,3.4836237,-0.15678813,0.10982831,-0.052077584,0.20112652,0.37211436,0.1531384,0.023366502,0.15491082
24.57246390714934,35.13405809180027,82.83649,8553600.046348572,72.12118,3.3251636e-05,-5.311497e-05,0.28374517,3.061595,-0.02380447,0.09645338,-0.006059304,-0.14371184,-0.13404262,0.09079161,0.010968608,0.09145177
24.134057993885538,35.130434787333385,80.741425,4752000.025749207,72.85572,8.709516e-06,0.00016792337,-0.2992838,-0.4412403,-0.36295074,0.5414884,0.48618507,0.520536,0.22853765,-0.07250739,-0.044335626,0.08498805
24.822463669968496,35.11956556932083,79.471794,7084800.187969208,73.58955,0.0049291863,-0.0023028755,-0.25340506,2.16997,-0.25563103,0.055995926,0.686282,0.2210429,-0.058289945,0.15272729,-0.024023391,0.15460514
24.659420157792983,35.13768139626715,82.9603,13478399.474716187,72.11634,1.749479e-06,5.2507286e-05,-0.17064844,2.0073113,0.049725533,-0.18049338,-0.10769216,0.18854305,0.39961463,0.15486997,-0.015285559,0.15562248
24.49275373635028,35.04710138474188,79.64641,17452799.99485016,72.70563,0.0018758634,-0.0019080513,-0.14260685,1.1619534,-1.1027877,0.34695765,0.12217158,-0.073974974,-0.029837452,0.11639355,-0.11545526,0.16394322
24.06159400092239,35.235507653915,77.223785,1382400.019955635,73.36595,-0.0308875,-0.001245799,-0.46862,-0.89068437,0.10843615,-0.262748,-0.07056045,0.1513162,0.5300886,-0.2123347,0.010050284,0.21257243
24.003623304347823,35.192029209683014,80.788605,17971200.39653778,72.26783,-0.00046173605,0.00016434677,0.24110506,-2.0749235,1.4786035,-0.032502107,0.12970768,-0.0882773,-0.15011203,-0.11956474,0.08036596,0.14406393
24.55434784521419,35.039855304907746,78.730316,7948799.943351746,72.78155,-0.004466545,0.004690948,-0.27072632,3.109466,-0.46207136,-0.16366199,0.07268603,0.047517188,0.05783863,0.17468278,-0.027540574,0.17684048
24.57246390714934,35.13405809180027,82.83649,691200.0099778175,73.12405,4.0490406e-05,-7.9065714e-05,0.090758935,-1.0542276,0.9347602,0.19152468,-0.17892659,-0.073509134,-0.24478936,-0.14957313,0.14220427,0.20638357
24.43478277193275,35.06521686399416,78.38795,10886399.660110474,72.425575,-0.0043854555,-0.00032654422,-0.20150639,1.7785137,-0.30506146,-0.36947578,-0.21741465,0.038378675,0.26271906,0.14024106,-0.021808332,0.1419266
24.202898613755877,35.17753635462667,82.22561,13651199.974250793,71.111824,3.280135e-05,3.0745283e-05,-0.010443531,0.06393841,0.41240346,0.07006357,-0.12078353,-0.067217,0.2263906,0.027002018,0.06801105,0.07317522
24.15217408195171,35.09782609021359,90.079155,14687999.680709839,72.46118,-1.1235004e-07,1.2317257e-07,0.42677188,-0.25666583,-0.18016545,0.4915716,0.32138613,0.056940775,0.25819948,-0.09920317,-0.07852527,0.1265207
24.728260869121893,35.15579704180788,79.23173,5011200.226593018,73.21427,-0.0004755497,-0.00299112,-0.27076977,1.4168077,0.4926383,-0.0011945739,0.22289065,0.43192992,-0.059624843,0.15704279,0.04552767,0.16350904
24.35507260113369,35.04710138474188,76.478294,8467199.796581268,72.46716,0.014695663,0.011159542,-0.16372201,2.0507076,0.0016022418,-0.14858222,0.10500468,0.22604659,0.21902892,0.2506736,-0.0024893782,0.25068596
24.282608510179216,35.10869565592019,73.044136,13132799.572563171,73.03788,-0.64747876,-0.9627003,0.06345144,2.5200338,-0.058674645,0.024339102,0.05443432,-0.053450145,0.092501774,0.19638355,0.0157758,0.19701618
24.275362351941567,35.02173896397893,79.32639,0.0,73.09751,-0.0023097715,-0.00298607,0.0037416741,-1.565144,0.47391117,0.20270658,0.278078,0.06615229,-0.14136022,-0.13789222,0.07176557,0.15544954
24.409420264318722,35.097825908808005,75.01247,1209599.9317646027,72.59741,0.10509103,0.11002803,-0.12972583,-0.23017319,0.34077883,0.53756845,0.57873297,0.037847545,0.4022919,-0.08564112,0.06388569,0.10684467
24.677536062942007,35.07971042955572,84.775665,2851200.015449524,72.59446,1.6975619e-05,-1.3990672e-05,0.23716693,0.38170475,0.5130009,-0.06893053,0.0049284175,0.06898278,0.048636608,0.02014255,0.068153806,0.07106802
24.336956356281394,35.12681217825459,78.56935,15983999.588012695,72.10364,0.0028140622,0.002835402,-0.09447838,0.7268409,0.036606446,-0.09436781,0.16436169,-0.037259646,0.22435015,0.14123468,0.029436188,0.14426962
24.608695560661264,35.210145036629335,80.071884,4492800.099134445,73.16655,-0.0006839509,-0.0013697976,-0.3521191,0.8459025,0.6582855,-0.04841982,-0.0035648718,0.10726741,0.21129078,0.09996927,0.076963805,0.1261637
24.481884276880134,35.21376834109622,79.042,8121599.894428253,72.50387,-0.0027513842,-0.0023021197,-0.050252646,2.7381365,0.26393878,-0.1003462,-0.19642308,-0.13158232,0.021252658,0.18404959,0.026947184,0.18601184
24.3985509616347,35.079710263267266,82.39983,13737599.675559998,71.469025,1.2651205e-05,5.078186e-05,-0.13004538,0.90251595,-0.64249676,-0.08291515,-0.024769425,0.21822041,-0.12417845,0.14394464,-0.08741958,0.16841093
24.40579722439643,35.07608730649443,81.130585,17366400.293540955,71.737206,-2.5214893e-05,0.00014640877,-0.2719615,1.626589,-1.202348,0.1549739,0.16164768,-0.0770228,0.15100537,0.16017717,-0.12063723,0.20052448
24.579710091518006,35.06884069756067,84.24473,13132799.572563171,72.029526,-1.46507e-05,-1.6000817e-05,0.034706414,1.6759744,0.031729184,-0.13118607,-0.017096132,0.42184466,0.13111022,0.11289058,-0.008405407,0.11320306
24.17028990870767,35.119565206509655,75.23819,17625600.494384766,73.03207,-0.112231225,-0.099752516,-0.0077179074,0.9803595,-0.5062177,-0.09729012,0.11488269,0.3095819,-0.09234158,0.1386494,-0.045099404,0.1457999
24.728260869121893,35.15579704180788,79.23173,17020800.39138794,73.3365,-0.0046208687,0.004646324,-0.19819343,-0.5628844,-0.0077169826,0.16995355,0.15320858,0.2109581,0.27360737,-0.19116375,-0.03335195,0.19405136
24.731884091961334,34.88405773852335,82.62194,12614400.267791748,72.33609,-1.1019716e-05,-6.747996e-05,-0.49067718,1.2339692,-0.052803233,0.24244517,0.5763673,-0.16748872,-0.023069203,0.2334546,-0.053117245,0.23942116
24.619565229179578,35.18478278215484,82.255135,17452799.99485016,71.46032,-5.9325346e-05,-4.636753e-05,0.17739259,1.7606401,-1.9556836,0.15458257,0.76686007,0.3213622,0.29047713,0.08470345,-0.13048396,0.15556586
24.358695745580064,35.14492749121842,79.46463,8380800.095272064,72.07035,0.00018245378,0.0009304598,-0.20442748,3.0037148,-0.3362183,-0.15915981,-0.23480439,0.07246055,0.21755669,0.114869565,0.0007093011,0.114871755
24.351449221508126,35.36231895652174,77.53338,5011200.226593018,71.56156,-0.0041276226,-0.002198359,0.17854308,2.3473861,1.8148772,-0.08806371,-0.32294777,0.1750066,0.41614124,0.23426871,0.11631358,0.26155436
24.3913043591697,35.05434799367564,86.750465,15897599.886703491,71.591965,1.8485153e-07,-1.1418155e-06,-0.043160465,0.53310627,-0.27875894,0.3690345,-0.32141668,-0.24133652,0.5686493,0.1804689,-0.082792096,0.19855365
24.572463802625258,35.028985391507106,77.31845,10886399.660110474,73.46156,0.014745717,0.026641969,-0.09941378,2.2451503,-0.24669349,-0.3298354,-0.05654017,0.34613946,0.48335084,0.13464455,0.007654874,0.13486198
24.293478074173446,35.130434424522214,78.52256,2764800.03991127,72.773674,-0.0054195523,-0.004845413,-0.34966528,-0.5157255,1.1522018,0.2368454,0.17731926,0.07778094,-0.1253981,-0.045414776,0.12974018,0.13745914
24.068840433535758,35.050724689208764,75.1399,8467199.796581268,72.87865,0.099177234,0.1150406,-0.54980624,-2.369684,-0.16100134,0.5366144,0.39219317,-0.020133242,0.16408715,-0.26802477,-0.0069619375,0.26811516
24.5036234048686,34.94565269942081,84.86278,2419199.8635292053,72.21355,1.0510283e-05,3.7852725e-08,-0.065456375,-0.3537982,0.6174237,0.08018468,-0.17433912,-0.13656017,0.38062423,-0.064077295,0.14027643,0.1542186
24.43478251062254,35.050724689208764,81.254395,9158400.149345398,71.96433,-3.626281e-05,-0.00018522811,0.12045194,-0.44762993,-0.5316016,0.12764491,0.03249447,0.25466925,-0.10039287,-0.05649903,-0.06565934,0.08662152
24.49275373635028,35.04710138474188,79.64641,7343999.840354919,72.34488,-0.0013787153,-0.0013693761,-0.14037946,1.3545506,-0.27563447,-0.056511335,-0.023892954,0.042067893,-0.011408869,0.12807122,-0.022954373,0.13011204
24.72463775080654,35.097825908808005,83.506035,14687999.680709839,72.25717,-2.1362317e-05,3.3922162e-05,-0.21230644,1.3715882,0.09384142,0.07999527,-0.10610413,0.22641104,0.2770272,0.16999547,-0.005445077,0.17008266
24.514492864338745,35.152173737341,77.98083,5702400.030899048,72.710464,0.0014719696,-0.004572416,-0.20960827,0.43052256,0.6158159,-0.27484232,0.06340174,-0.0951949,-0.13293695,0.08593472,0.10807574,0.13807657
24.06159400092239,35.235507653915,77.223785,10713600.257492065,72.97771,0.018165376,0.012622962,0.19931512,-3.3674574,-0.9377177,0.6234684,0.11045776,-0.08881257,-0.015598375,-0.1996238,-0.051058505,0.20605005
24.171296292717127,35.10648163098043,78.049835,7689599.742507935,72.2079,0.0028667494,-0.0034835269,0.04111404,-2.3285031,-0.4584816,0.3992961,0.60286605,0.18520369,0.26759723,-0.24688876,-0.030241223,0.24873397
24.35507260113369,35.04710138474188,76.478294,7948799.943351746,72.44582,0.020894866,0.013238179,-0.17164403,1.9391906,0.09671507,-0.124668874,0.1317651,0.23620158,0.17537573,0.21759509,0.01052091,0.21784928
24.33695651306752,35.26449269887389,75.24537,7775999.992275238,72.109184,-0.014542799,-0.054746997,-0.32457054,3.0724132,0.4746179,-0.016247503,-0.20077324,-0.098525845,0.00027201325,0.16825444,0.016273309,0.16903956
24.336956356281394,35.12681217825459,78.56935,17625600.494384766,72.31383,0.0008692503,9.4813404e-05,-0.2603376,0.60538155,-0.04942389,-0.05932478,0.29160795,0.04476844,0.35046127,0.27319166,-0.017394038,0.27374482
24.641304357168043,34.938405387540406,81.3883,8294399.845504761,72.57552,0.00016470165,0.00034520382,0.08387335,2.627261,0.0031397026,-0.18891773,0.44948155,0.17327408,0.033272956,0.16080557,-0.0122624785,0.16127244
24.340579657513896,35.072464168316,77.031204,9935999.654960632,72.29673,-0.00785955,0.005881761,-0.098448455,1.6031407,-0.08875438,-0.19286257,0.11227687,0.0040783435,0.35341656,0.223563,0.032273997,0.22588056
24.659420157792983,35.13768139626715,82.9603,15120000.381088257,71.93328,-4.261071e-05,-2.5241794e-05,-0.22023483,1.6330138,-0.69171596,-0.04737629,0.14054948,0.2979313,0.3471642,0.13630216,-0.06420157,0.1506656
24.134057993885538,35.130434787333385,80.741425,14428799.479866028,71.717674,0.00024891057,-0.00029333556,-0.016966797,-2.6832063,0.7857014,0.19584721,0.1462856,-0.19409442,0.10912884,-0.203528,0.08673584,0.22123913
24.40217392316393,35.07246365433351,77.73675,7516799.791431427,72.364685,-0.007883225,-0.003704295,-0.29619262,1.8370018,-0.03473664,-0.13617235,0.037701372,0.15690517,0.20936185,0.13114698,-0.0221458,0.13300364
24.800724541980035,35.0326085145684,80.91604,2419199.8635292053,71.885895,0.00012623283,-8.980274e-05,0.016369812,-0.15558143,0.8304992,0.17837128,0.06369811,-0.07681299,-0.2412357,-0.07177225,0.21641597,0.22800687
24.47463793572534,35.15579704180788,74.131996,9071999.899578094,73.54641,-0.5625272,-0.5702939,-0.38246924,3.5132651,-0.4661203,-0.08494381,0.3036955,0.054416306,0.5317542,0.22327083,-0.011025972,0.22354291
24.235507135886934,35.09782643790763,86.62735,12527999.469566345,71.72993,-9.1340837e-07,-4.442714e-07,-0.05121179,0.6121053,0.10265149,0.31647363,0.13770133,0.06766749,0.29436594,0.17401583,0.067999475,0.18682997
24.60144921950647,34.9456523441682,85.40489,2592000.0888347626,72.040764,-4.899553e-06,-4.8678457e-06,0.005917102,-0.15035571,0.59726053,-0.056112252,0.0021496266,0.18491751,0.32192776,-0.07890141,0.19019262,0.20590937
24.481884276880134,35.21376834109622,79.042,2246400.0495672226,73.139046,0.0025750499,-0.0042280033,-0.30055773,-1.1947231,1.8017027,-0.245002,-0.49302816,-0.10432788,-0.23211294,-0.096789055,0.19211318,0.21511763
24.171296292717127,35.10648163098043,78.049835,3110399.9420642853,72.681114,0.0021271901,0.006598338,-0.39053392,-1.0372274,0.94835865,0.060086068,0.35170266,0.21708614,0.35495567,-0.09908763,0.08260057,0.12900083
24.134057993885538,35.130434787333385,80.741425,5788799.732208252,72.71813,-3.7780774e-05,2.2623515e-05,-0.25760752,-0.77059263,-0.49481988,0.57127523,0.49730873,0.44066054,0.12623316,-0.12653196,-0.06628499,0.1428427
24.15942034471344,35.02536261613985,84.04098,18143999.79915619,71.07996,-1.0026524e-06,8.357146e-06,0.03930722,-0.79285514,1.4627337,-0.004775353,-0.051643036,0.46192354,0.6685786,-0.13390578,0.28887808,0.31840432
24.271739312019278,35.0833337340226,74.97577,9071999.899578094,72.28262,-0.0866451,-0.08668439,-0.12536679,1.8914064,0.11340514,-0.01751963,0.29897916,0.1228919,-0.0050499924,0.25286776,0.010448089,0.25308353
24.514492864338745,35.152173737341,77.98083,15292799.783706665,72.963,-0.0043062787,-0.009228667,0.048097104,1.3087717,-0.51908565,0.1386975,-0.12353899,0.39103556,-0.04101363,0.22229157,-0.02728377,0.2239597
24.271739312019278,35.0833337340226,74.97577,15465600.283241272,73.40237,-0.13960357,-0.18922284,-0.13808016,1.9328767,-0.70790917,0.038898695,0.4972949,-0.24163443,0.098102696,0.16173732,-0.02012647,0.16298477
24.068840433535758,35.050724689208764,75.1399,6825599.987125397,72.542336,-0.08039628,-0.09418947,-0.8411288,-1.5812769,0.09428386,0.50097895,0.33454707,0.058737926,0.035942413,-0.18329975,0.009571422,0.18354948
24.177536001617764,35.01449252133363,77.3516,9849599.953651428,72.15036,-0.005527011,-0.0076477565,-0.09683345,-2.3342254,-0.19941202,0.42031685,0.3393921,-0.3385994,0.22512391,-0.27853423,-0.017707335,0.2790965
24.43478251062254,35.050724689208764,81.254395,8380800.095272064,72.03746,7.682299e-05,-7.9941616e-05,0.1637095,-1.0681709,-0.44016534,0.2322174,0.010923408,0.2131767,-0.09015203,-0.12510993,-0.06841027,0.14259192
24.409420342711783,35.02898555779556,73.23672,18316800.298690796,73.50976,0.78053755,0.7772464,-0.20471713,-0.25366896,0.4886648,0.3004734,0.2125757,0.14787051,-0.10696948,-0.16043437,0.24307165,0.2912439
24.442029139218562,35.043478080275,76.86345,6480000.084972382,72.674774,0.019267641,-0.0031726114,-0.28231978,1.5951831,-0.01766967,-0.08662567,0.13310929,-0.066444255,0.081505895,0.33079398,-0.033201676,0.33245602
24.75362311542571,35.148550251468535,82.31272,12095999.866104126,72.49291,-1.2594251e-05,9.213051e-05,-0.22102849,1.8946892,-0.2780202,-0.034360178,-0.061701663,0.07930467,0.5427478,0.13116762,-0.02943691,0.13443018
24.52536253285706,35.05797113185407,79.99595,2937599.9909877777,72.044106,0.00033357943,-0.00025516553,-0.2626526,-0.08135109,1.0158494,-0.0050315633,0.06674276,-0.014409073,-0.15449828,0.015161979,0.15691379,0.15764461
24.503623143558386,34.916666955294566,80.479385,7343999.840354919,71.940895,0.00023012212,0.00015336598,-0.23323773,1.3971415,0.53484887,-0.15161303,0.1390856,-0.09959213,0.11945102,0.20769237,0.07084179,0.21944174
24.33695651306752,35.26449269887389,75.24537,13478399.474716187,73.49365,-0.15408543,0.1675341,0.37805694,2.11506,-0.05778281,-0.05352416,-0.43283272,0.40078798,0.14316824,0.23402262,0.0211082,0.23497264
24.655797039477626,35.09782643790763,82.953125,17971200.39653778,71.83718,1.5165767e-05,4.4481232e-05,-0.00045020133,0.4408548,-1.4788977,0.05194427,0.26330772,0.23490998,-0.28969026,0.07717974,-0.2224825,0.23548923
24.282608510179216,35.10869565592019,73.044136,10799999.95880127,72.97117,-0.61728895,-0.92182773,-0.0032110885,2.3270469,0.007632831,0.026536964,0.08174001,0.054099724,-0.026457801,0.15019289,0.009396658,0.15048654
24.619565229179578,35.18478278215484,82.255135,17712000.19569397,71.3931,-4.6810874e-05,-5.3255673e-05,0.21798868,1.454182,-1.9849504,0.18904498,0.8018627,0.31514305,0.276808,0.08902571,-0.15076186,0.17508487
24.55072462237475,35.07608730649443,88.70044,12873600.46863556,72.31927,-3.8454624e-07,-3.5778758e-08,-0.17376542,0.04111238,0.45362502,-0.30622795,-0.24904567,0.0031439513,0.59532166,0.046105336,0.2070397,0.21211115
24.514492864338745,35.152173737341,77.98083,1036799.9806880951,72.488754,-0.0014538927,-0.0057914816,-0.1643002,-2.0530703,1.7529035,-0.32000262,0.061443686,-0.105267756,-0.11459532,-0.18984866,0.17096579,0.2554835
24.409420264318722,35.097825908808005,75.01247,5184000.177669525,72.93251,0.13444662,0.14921682,-0.16205958,0.7572967,0.3195172,-0.011044867,0.3120002,-0.1989071,-0.016907394,0.06598442,0.02899596,0.07207433
24.141304256647267,35.05072417522627,80.839714,3542400.093984604,73.02718,0.0003376458,-0.0007868807,-0.063426495,-0.25302768,-0.014797603,0.32358754,0.17749351,0.3372637,0.44628647,-0.1462491,-0.014925149,0.1470087
24.677536062942007,35.07971042955572,84.775665,11318400.360488892,72.275604,6.90624e-06,-1.1833098e-05,0.07250038,2.5849152,-0.06620491,-0.3603751,-0.13368875,0.328942,0.21322519,0.10302758,0.012545457,0.10378859
24.358695745580064,35.14492749121842,79.46463,14515200.27809143,71.73415,0.0002911849,-0.00038217235,0.008652866,0.33613476,0.24938844,-0.021271832,0.08179309,0.04586232,0.1279979,0.106061056,0.079358004,0.13246374
24.369565205050215,35.10507235145331,81.59638,16675200.489234924,71.43485,4.820866e-05,1.5416414e-05,-0.34209132,1.4842955,-0.6979912,0.015200026,0.17259565,-0.006964028,0.26768446,0.14576289,-0.0498964,0.15406646
24.46739112421217,35.10507235145331,77.031204,950400.0051498413,72.36106,-0.014847535,-0.014776709,-0.13175726,-1.4276707,1.1762831,-0.05849231,0.39070952,0.0845598,0.07829496,-0.16905117,0.111125916,0.20230488
24.43478277193275,35.06521686399416,78.38795,6912000.2368927,72.3469,-0.0040826816,-0.0037436949,-0.29100168,1.3552439,-0.021951381,-0.080836155,-0.056627102,0.05132664,0.1060861,0.121868834,0.0035049636,0.12191922
24.55434784521419,35.039855304907746,78.730316,9331199.551963806,72.751144,-0.002250894,0.004291711,-0.18472746,3.032148,-0.48779148,-0.331624,0.004138164,0.20332295,0.21938086,0.16439626,-0.018530194,0.1654373
24.365941903817713,35.11594190204278,77.940506,2851200.015449524,72.514465,0.003571533,0.005352914,-0.40483296,-0.58930176,1.4151524,0.08298566,0.16645315,-0.08655899,-0.31363434,-0.07798895,0.17485245,0.19145666
24.409420264318722,35.137681214861566,85.684586,11664000.262641907,71.93084,4.1293542e-06,1.4585461e-06,-0.10626009,2.3579097,-0.09715716,-0.472126,0.1427215,0.38856092,0.1998519,0.17008452,0.013164818,0.17059325
24.242753659958876,34.931159481553294,83.59315,2678400.0643730164,72.717896,1.9718964e-05,4.37209e-05,0.046702936,-0.30174017,-0.30468982,0.5095327,0.37212095,0.1347235,0.6272352,-0.21677142,-0.1330865,0.25436562
24.53985505838052,35.14492730981283,78.72631,7171199.889278412,72.670715,0.0042088516,-0.0023669074,-0.3189296,1.7924259,0.20776281,-0.1558845,-0.010711387,-0.035497107,0.044252165,0.19673222,0.009557173,0.19696423
24.731884091961334,34.88405773852335,82.62194,13564800.27294159,72.323685,1.0908895e-05,-3.5105604e-05,-0.46626496,0.6426918,-0.1912539,0.31230053,0.5173836,-0.18916214,-0.1279009,0.20639901,-0.10260071,0.23049393
24.514492864338745,35.152173737341,77.98083,9676799.454116821,72.786385,0.008906457,0.0021568928,-0.39326113,2.7821927,-0.37524426,-0.20309204,0.06446718,0.021369103,0.3984203,0.2345366,-0.013797317,0.23494208
24.365941903817713,35.11594190204278,77.940506,5443199.830055237,72.31838,0.0059719947,0.004294141,-0.3755567,0.64488274,0.5644972,0.047930747,0.2861577,-0.08358417,-0.17056218,0.17034824,0.11368849,0.20480135
24.35507260113369,35.04710138474188,76.478294,8553600.046348572,72.468864,0.0054862336,0.0018035031,-0.16347742,2.0614908,-0.012894291,-0.15144631,0.10008734,0.22126752,0.22512013,0.2546804,-0.0047552185,0.25472477
24.576087129988778,34.96376817111452,80.53768,4233599.898290634,71.808975,-0.00035298153,0.00018805839,-0.18438251,0.3545696,0.6708739,0.051041942,0.39904985,0.045439534,0.03825289,0.0606676,0.10943865,0.12512945
24.608695560661264,35.210145036629335,80.071884,16502399.989700317,72.33158,0.000347642,0.000541011,-0.08945292,1.7078403,-0.8268139,0.08317442,0.17614134,0.17222631,0.25622237,0.1593932,-0.0855274,0.18088983
24.3913043591697,35.05434799367564,86.750465,10195199.855804443,72.23921,-1.0476091e-06,-1.3279783e-06,0.10930969,-1.5223713,-0.36016345,0.27130613,0.42094857,-0.045656435,-0.10793149,-0.10671817,-0.038324066,0.11339092
24.72463775080654,35.097825908808005,83.506035,16761600.190544128,71.94128,-1.7193347e-06,-2.7735212e-05,-0.2766716,0.55836964,-0.6575285,0.17580032,0.10419942,0.27524406,-0.09859874,0.07872515,-0.11811404,0.14194568
24.525362323808892,35.01449270273921,80.76379,13910400.175094604,71.99089,0.00012401029,6.217122e-05,-0.4025722,1.7159564,-0.24784744,0.008115545,0.18998647,0.2674958,-0.041560315,0.1448008,-0.027633758,0.14741403
24.365941903817713,35.11594190204278,77.940506,2592000.0888347626,72.55037,0.006586343,0.004710586,-0.3788771,-0.7649041,1.4910429,0.068325244,0.16806793,-0.06300857,-0.30945754,-0.102628715,0.17146705,0.19983394
24.409420185925658,35.126811301460926,78.58091,8553600.046348572,72.24071,-0.00084891135,-0.0032598565,-0.2837114,2.739352,-0.2768553,-0.2619496,-0.18520382,-0.0006092936,0.29054832,0.12997843,-0.0017619352,0.12999037
24.40579730278949,34.98550712868071,82.545616,5356800.128746033,71.96687,-6.3541695e-05,-6.3753e-05,0.11695959,-0.96639395,0.06783024,0.41133213,0.24662548,0.112492085,0.30192843,-0.22174172,0.040324222,0.22537842
24.293478074173446,35.130434424522214,78.52256,777599.9855160713,73.34268,0.009115905,-0.004943344,0.036749616,-2.0694995,1.6967303,0.12120685,0.16093776,0.2953236,-0.07718571,-0.18126518,0.20019957,0.2700684
24.134057993885538,35.130434787333385,80.741425,13564800.27294159,71.70705,0.00015580014,-0.00011074421,0.026438333,-2.550759,0.28419387,0.23396438,0.12811859,-0.2391696,0.07133441,-0.23220804,0.019184586,0.23299919
24.626811465810288,35.05797113185407,83.9315,6134400.182819366,72.21414,-1.4310298e-06,1.8222454e-05,0.12508178,0.48888433,0.8355637,-0.13861072,-0.016983971,-0.19486654,-0.20117381,0.07315915,0.11394757,0.13541164
24.659420157792983,35.13768139626715,82.9603,3628800.0695228577,72.80985,-7.37627e-05,8.642678e-05,-0.09640287,-0.016370222,0.9181897,0.19109008,0.061325833,0.04819142,0.0044092014,0.03223614,0.1701888,0.17321488
24.40217392316393,35.07246365433351,77.73675,3456000.11844635,72.17113,0.005888696,0.005127018,-0.28740406,-0.17895113,1.0242184,0.09071135,0.22308156,-0.07423442,-0.17049092,-0.03587993,0.18148424,0.18499702
24.134057993885538,35.130434787333385,80.741425,14083199.577713013,71.7181,0.0002891608,-0.00026453793,0.005266197,-2.6509268,0.57224107,0.21244839,0.13725048,-0.21560484,0.0919213,-0.21745129,0.061306998,0.22592834
24.423912946628306,35.16304383214723,83.815254,5011200.226593018,72.39603,2.2287484e-05,-1.2338664e-05,-0.24069597,1.8224565,-0.52678525,0.37644684,0.29871878,-0.029890925,-0.017078824,0.13238603,-0.03445656,0.13679661
24.202898613755877,35.17753635462667,82.22561,8553600.046348572,71.67721,-6.511544e-05,2.3629943e-06,-0.57049185,2.9585512,0.20837082,0.08114297,0.21246648,0.29759836,-0.10469436,0.18656409,-0.023346787,0.18801923
24.49275373635028,34.95652190987481,78.13308,17107200.092697144,73.55728,-0.016157225,-0.00844401,-0.23049289,-0.4862157,0.45959806,-0.11345986,-0.072721966,0.12731683,-0.14104503,-0.13253935,0.14586258,0.19708519
24.141304256647267,35.05072417522627,80.839714,3715200.0450611115,72.9698,0.0004752133,-0.0007849449,-0.049185738,-0.28467882,-0.03894477,0.32857716,0.17823794,0.34857532,0.4492965,-0.1496264,-0.025160877,0.15172715
24.507246418659868,35.018115659512056,74.98295,1468799.9954938889,72.801865,-0.12512717,-0.117784284,-0.05370538,0.1411707,-0.33004922,0.59462047,0.52407014,-0.034578115,0.45492956,0.013364865,-0.13153738,0.1322146
24.507246418659868,35.018115659512056,74.98295,4060799.9472141266,73.12751,0.09792684,0.045123503,0.0020998418,0.6042879,-0.44442666,0.32391348,0.29988587,-0.14984542,0.12190235,0.07337794,-0.073859885,0.104113415
24.134057993885538,35.130434787333385,80.741425,10454400.056648254,72.098724,5.137633e-06,0.00036599484,-0.039266326,-1.825532,-0.3016287,0.38839832,0.21662211,-0.12827429,0.049410198,-0.17015111,-0.01874577,0.17118062
24.800724541980035,35.0326085145684,80.91604,6393599.835205078,73.11379,-0.0006106643,-0.0008557626,-0.46752888,1.7675471,0.38675988,0.20539296,0.36037064,-0.3108861,0.0581138,0.1720015,0.02798391,0.17426306
24.503623143558386,34.916666955294566,80.479385,14083199.577713013,72.042046,-0.0004910447,0.00041195174,-0.44250798,0.80831915,0.5826893,-0.10968178,-0.08837239,-0.06395789,-0.2702888,0.11829152,0.060403492,0.13282119
24.340579657513896,35.072464168316,77.031204,3628800.0695228577,72.23223,0.006519529,0.0029770557,-0.29611623,0.076747075,0.85648,0.1535927,0.24358505,-0.07394343,-0.15716544,0.04940626,0.122243844,0.13185044
24.57246390714934,35.13405809180027,82.83649,17798399.897003174,71.5391,2.4325338e-06,-2.6857793e-05,0.21685375,0.9820681,-2.2040708,0.050956562,0.44125146,0.25731975,0.12278562,0.07227062,-0.20350145,0.21595342
24.271739312019278,35.0833337340226,74.97577,3369599.8686790466,72.5298,-0.086082645,-0.09647396,-0.4245594,0.031538427,1.134852,-0.0068631694,0.13144907,-0.23736668,-0.11701157,0.024730481,0.12144194,0.12393442
24.52536253285706,35.05797113185407,79.99595,7603200.0411987305,72.34354,-9.351179e-06,9.8142795e-05,-0.13015112,1.9266602,-0.1556454,-0.09648567,0.008575678,0.037398126,-0.08023373,0.19101664,-0.027799388,0.19302893
24.282608510179216,35.10869565592019,73.044136,5875199.981975555,72.95401,0.44920403,0.84409064,-0.6996437,0.94058204,0.3159086,0.34404233,0.047203496,-0.52475303,-0.1313631,0.17636657,0.050587375,0.18347819
24.409420264318722,35.097825908808005,75.01247,8553600.046348572,72.905,-0.12838887,-0.13315159,-0.18418334,3.2662137,-0.113979444,-0.17580327,0.17073697,0.056468222,0.24125728,0.2670355,-0.0464948,0.271053
24.3913043591697,35.05434799367564,86.750465,13219200.370788574,72.07438,9.03783e-07,1.3329745e-06,-0.06259269,0.22761086,-0.21655987,0.1855945,0.17427221,-0.03413502,0.20249718,0.05493437,-0.0811011,0.09795496
24.85869584610084,35.31159408476158,76.05999,15120000.381088257,76.02953,-0.97265905,-0.96287704,-0.2877478,-0.57978433,-0.018147103,0.114911266,0.07325078,0.124014124,-0.0649142,-0.21272789,-0.007109598,0.21284665
24.264492787947336,35.06521739309379,75.914215,8380800.095272064,72.10437,0.030905481,0.030809272,-0.1540175,1.1213834,0.25048387,-0.014396854,0.40156236,0.24054307,0.12727833,0.16292617,0.0217535,0.16437198
24.52536253285706,35.05797113185407,79.99595,4492800.099134445,72.14511,0.00023208148,-0.0006443794,-0.32774198,0.81344265,0.72514695,0.090214424,0.0887663,-0.04829838,-0.17308477,0.12357416,0.11486419,0.16871382
24.32608705359737,35.05434782738719,80.59564,2159999.936914444,72.77093,0.0006832994,-0.0007468131,-0.14571312,-1.089179,0.69535,0.11555497,0.2352418,0.09755688,0.0010836236,-0.22029653,0.14646444,0.26454186
24.409420264318722,35.097825908808005,75.01247,14083199.577713013,73.45326,-0.24471895,-0.24153899,0.038787663,1.5855371,-0.5098139,0.19103892,0.1291816,-0.1714553,0.028946642,0.143582,-0.027450606,0.1461825
24.608695560661264,35.210145036629335,80.071884,2159999.936914444,72.9097,-0.001396161,-0.0013650139,-0.35471886,-0.6038807,1.0723206,-0.11609284,-0.1914249,0.058044214,0.009266503,-0.12976366,0.20871244,0.2457631
24.358695745580064,35.14492749121842,79.46463,12787199.670410156,71.797035,0.0009737085,0.00088340894,0.09407656,1.1704488,0.27057666,-0.10842777,-0.118754424,0.010399736,0.17302963,0.12212654,0.032231197,0.12630813
24.442029139218562,35.043478080275,76.86345,13824000.4737854,73.07118,0.027533267,0.011386485,-0.20230016,1.468074,-0.30259663,-0.08111679,-0.14548245,0.011633486,0.001177147,0.1423966,-0.017865844,0.143513
24.340579735906957,35.22101461745307,78.71513,16761600.190544128,72.29165,0.0012369059,0.0026606724,-0.0902453,0.5693885,-0.33508724,-0.19871238,0.024624113,-0.018063135,0.14812282,0.19113977,-0.10075497,0.21606939
24.46739112421217,35.10507235145331,77.031204,1036799.9806880951,72.3557,-0.014715787,-0.014704881,-0.14043432,-1.3638023,1.1757052,-0.065967135,0.3855145,0.07843971,0.06781319,-0.15798698,0.112209216,0.19378027
24.677536062942007,35.07971042955572,84.775665,5011200.226593018,72.4392,-2.967646e-06,-4.6097925e-06,-0.004747525,1.0651982,0.58193517,-0.25323611,0.04348339,0.06796478,-0.24258834,0.13647743,0.046686836,0.14424197
24.576087129988778,34.96376817111452,80.53768,9590399.752807617,72.400635,0.00057092984,0.00019624639,0.15987533,2.7738972,-0.23464996,-0.35073975,0.24320251,0.21080342,0.0043923035,0.20308073,-0.009196458,0.20328885
24.60144921950647,34.9456523441682,85.40489,9244799.850654602,72.2311,3.7091257e-07,1.1134492e-06,0.10632101,-2.6835687,0.19980097,0.55661464,0.2873574,0.13115713,0.22391567,-0.1405356,0.05340792,0.15034181
24.52536253285706,35.05797113185407,79.99595,16847999.891853333,72.48689,0.00053914933,-0.0010757381,-0.1843055,1.6415795,-1.0178216,0.23711884,0.13454421,-0.031507157,-0.018039111,0.10665528,-0.08329809,0.13532893
24.619565229179578,35.18478278215484,82.255135,7171199.889278412,72.43883,6.190548e-05,0.00011476042,0.05256076,3.371812,-0.14204615,0.18169214,-0.11079756,-0.043805875,-0.023931332,0.20157623,-0.01803429,0.20238136
24.731883987437246,34.999999998854186,80.17734,172800.00249445438,71.5114,0.00035275126,-0.00020918177,0.2781216,-1.7735708,1.410345,-0.14627296,-0.053108566,0.028621767,0.1337732,-0.092126355,0.16673687,0.19049527
24.481884276880134,35.21376834109622,79.042,2937599.9909877777,73.140274,-0.0020236063,-0.0048845042,-0.32274172,-0.6727953,1.6667649,-0.25807562,-0.5179806,-0.08695199,-0.28140745,-0.052199796,0.19498903,0.20185524
24.275362351941567,35.02173896397893,79.32639,3801600.0205993652,72.40694,0.00022326673,0.0019351824,0.13735488,-0.4024979,0.064091995,0.08910987,0.26276752,0.041619554,0.27176553,-0.1573758,0.060355935,0.1685526
24.46739112421217,35.10507235145331,77.031204,18057600.097846985,74.04815,-0.045127776,-0.05717352,0.25793833,0.69004434,-0.83054626,0.24208438,-0.2624044,0.12210852,-0.04411394,0.10032846,-0.0982175,0.14040112
24.528985389862203,35.079710263267266,73.800804,3974399.971675873,73.443115,-0.53257805,-0.62412995,0.29221648,0.34519815,-0.30709404,0.02339622,0.73266804,0.02720175,0.45107725,0.10724036,-0.12702793,0.16624255
24.72463775080654,35.097825908808005,83.506035,7862400.2420425415,72.58114,3.7722217e-05,-5.2592382e-05,-0.4210956,2.4885798,0.23828845,-0.30725592,0.18320973,-0.07156759,-0.15705565,0.23016472,-0.00026322383,0.23016487
24.528985389862203,35.079710263267266,73.800804,5788799.732208252,73.75391,0.1677478,-0.37191692,0.11905578,1.204044,-0.030605849,-0.054497354,0.46822265,-0.04089941,0.33571875,0.21637878,-0.0063274386,0.21647127
24.60144921950647,34.9456523441682,85.40489,16847999.891853333,72.38954,-2.0387363e-06,-5.976616e-06,0.040029913,0.8848372,-0.5089721,0.19144659,-0.08752718,0.044881374,-0.41108555,0.16731471,-0.10524952,0.19766556
24.409420185925658,35.126811301460926,78.58091,16156800.087547302,72.33777,-0.0034237378,0.00090527796,0.013757624,0.91296375,-0.28938252,0.06859297,-0.010749176,0.1660216,-0.0009414032,0.2134132,-0.03206752,0.21580899
24.24275355543479,35.275361916886446,83.709785,12700799.969100952,70.884964,9.421805e-06,-7.668201e-06,0.21370082,0.7633816,0.2270871,-0.22810546,-0.06962719,0.1673581,0.26346943,0.08250991,0.05543781,0.09940441
24.423912946628306,35.16304383214723,83.815254,7689599.742507935,72.013504,5.160654e-06,-3.3769832e-06,-0.26867372,3.7407827,0.21881886,0.1375557,-0.13908368,-0.046521865,0.053687435,0.1148566,0.0029612416,0.11489477
24.365941903817713,35.11594190204278,77.940506,11577599.464416504,72.303535,-9.365487e-05,0.006178208,0.02894044,2.0820508,-0.32791322,-0.26177123,-0.07731033,-0.17361063,0.36070645,0.18667798,-0.002952601,0.18670133
24.340579735906957,35.22101461745307,78.71513,3628800.0695228577,73.164825,0.0066464846,0.0015029234,-0.39381003,0.16620389,0.73605496,0.15404496,-0.1190665,-0.2877697,-0.3454645,0.028635353,0.07485371,0.080144
24.55072462237475,35.07608730649443,88.70044,15206400.082397461,72.188644,-2.9605116e-07,3.673301e-08,-0.17727152,-0.47249418,0.12234287,0.074414864,-0.36763477,-0.08990573,0.6169508,-0.23228906,0.052251235,0.23809326
24.528985389862203,35.079710263267266,73.800804,16934399.593162537,73.740425,0.62175584,-0.5249516,0.2617054,-0.40211177,0.17073978,0.2957291,-0.18686816,0.1761846,0.003965698,-0.19966346,0.09886634,0.22280048
24.32608705359737,35.05434782738719,80.59564,17625600.494384766,71.40585,1.4394915e-05,2.8708431e-05,-0.51942366,1.2071217,-0.7304996,0.13843021,0.29345673,0.14149642,0.39444944,0.38283458,-0.15886967,0.41448992
24.068840433535758,35.050724689208764,75.1399,17366400.293540955,72.512985,-0.054859236,-0.021580989,0.21231873,1.4131635,-0.6181983,0.13150597,0.8886744,0.5688557,0.0139296185,0.18453342,-0.10526494,0.21244597
24.423912946628306,35.13405791039468,84.735344,7775999.992275238,72.13129,-1.1567253e-05,1.1431203e-05,-0.11221394,2.2116988,-0.08815532,0.26681027,0.13276052,-0.009138107,0.050152592,0.16328001,-0.004829073,0.1633514
24.57246390714934,35.13405809180027,82.83649,16156800.087547302,71.64769,2.2910372e-05,-7.022684e-06,-0.008174039,1.8640419,-1.5253456,-0.10534064,0.28761414,0.42418075,0.16698971,0.1049586,-0.11995161,0.15938851
24.728260869121893,35.15579704180788,79.23173,14515200.27809143,73.30058,-0.0042999117,-0.004425964,-0.29965585,0.059089035,0.65364814,-0.010836996,-0.024285935,0.35803017,0.28216618,-0.013747055,0.19559802,0.1960805
24.423912946628306,35.13405791039468,84.735344,17020800.39138794,71.15113,4.625851e-06,-2.2724128e-06,-0.07937951,0.8414008,-0.74498767,0.12845773,-0.16280499,-0.04364182,0.46736327,0.1660236,-0.13767432,0.21568044
24.40579730278949,34.98550712868071,82.545616,8380800.095272064,72.07385,-7.790256e-05,5.1126604e-05,0.2581215,-2.5191884,-0.10650219,0.4371977,0.48283565,0.15451112,-0.20810121,-0.13433768,-0.02634796,0.13689715
24.373188349496587,35.09782609021359,73.044136,14860800.180244446,73.27572,0.7788079,0.5618915,0.060497344,1.4744201,-0.1968282,0.2643768,0.05776926,-0.13636157,0.04454174,0.19442512,-0.013384311,0.19488527
24.134057993885538,35.130434787333385,80.741425,12614400.267791748,71.7019,-5.153039e-05,0.0002843532,0.029883586,-2.2709227,-0.09621766,0.26911414,0.12834261,-0.25104356,0.050394725,-0.19529366,-0.030198285,0.19761465
24.152173912100075,34.942029039701325,85.189964,10195199.855804443,72.92197,9.583766e-06,4.5534766e-06,-0.12998664,-1.1984764,0.15527041,0.13900591,0.6648206,-0.06748683,0.16166578,-0.0572359,-0.007098739,0.057674434
24.2137679164399,35.101449394680465,78.1842,5702400.030899048,72.28101,-0.004311733,-0.004459058,-0.22226717,-0.9963175,0.028649095,0.29098105,0.5390392,0.16625631,0.17945045,-0.18427351,0.024477035,0.18589203
24.264492787947336,35.06521739309379,75.914215,5356800.128746033,72.12117,0.0012337773,0.032135744,-0.44007933,0.6063717,0.7145238,0.0060128793,0.24866569,0.065641865,-0.17220306,0.11532286,0.10343373,0.15491255
24.17028990870767,35.119565206509655,75.23819,15033599.582862854,72.83309,0.10337442,0.0075607873,0.1459275,1.0934774,-0.2631719,-0.055263005,0.31742784,0.108869225,-0.042278595,0.19430086,-0.018766904,0.19520508
24.5036234048686,34.94565269942081,84.86278,4579200.074672699,72.277306,-1.6496574e-06,8.293589e-06,-0.2398277,-0.67823195,0.14699951,0.19983345,-0.09362472,0.10281022,0.32228842,-0.194564,0.09611079,0.2170079
24.373188532413735,34.85507217391305,83.68782,3542400.093984604,72.5756,-1.1575457e-05,-1.5902995e-05,-0.21371594,-0.41756177,0.0013341624,0.43795192,0.21532395,0.117762566,0.11853709,-0.18752396,0.04088329,0.19192883
24.528985389862203,35.079710263267266,73.800804,17020800.39138794,73.73351,0.8829774,-0.46533054,0.26589376,-0.41699827,0.16801167,0.2941623,-0.18440738,0.17915362,0.0004345365,-0.20809591,0.09711383,0.22964104
24.55072462237475,35.07608730649443,88.70044,7343999.840354919,72.47844,3.754999e-07,4.3428142e-07,0.17988248,2.3497145,-0.41156816,-0.32554147,0.18865854,0.25118962,-0.16679099,0.13856441,-0.032826725,0.14239976
24.782608845879178,35.07246365433351,80.82854,7084800.187969208,73.18539,-0.00023402103,0.00071837666,-0.51098657,2.4459882,0.11517376,-0.010185242,0.44404095,-0.091113605,0.076382235,0.24344882,0.0479895,0.24813369
24.293478074173446,35.130434424522214,78.52256,8726399.99742508,71.892975,0.0024385408,0.0011825887,0.047149986,1.8651125,-0.5177707,-0.09189529,0.25562677,0.18822895,0.32262638,0.13010545,-0.025789604,0.13263685
24.507246627708035,35.15217355593542,72.15966,11836799.665260315,73.030426,0.11420151,0.45580754,-0.20698543,2.3610039,0.34464306,0.07558661,-0.35037592,0.09611397,0.16414413,0.22153158,0.080058865,0.23555395
24.514492864338745,35.152173737341,77.98083,8553600.046348572,72.76571,-0.008110082,0.0058409893,-0.4473284,2.5997868,-0.22483343,-0.20330912,0.034787364,-0.03710437,0.33013812,0.20803438,-0.019065583,0.20890619
24.481884276880134,35.21376834109622,79.042,6825599.987125397,72.57711,-0.00025614302,-0.002939752,-0.11135961,1.9347512,0.7111762,-0.09144179,-0.3396153,-0.18563381,-0.044477955,0.1712347,0.06497682,0.18314832
24.641304357168043,34.938405387540406,81.3883,10195199.855804443,72.52004,0.00024611238,-0.00027453346,0.018124051,2.762508,-0.037617285,-0.30017337,0.3809599,0.2365225,-0.024049543,0.24251513,-0.027083388,0.24402274
24.271739312019278,35.0833337340226,74.97577,10368000.35533905,72.43263,0.09405662,0.08898181,-0.12010682,2.0002315,-0.12050294,0.03935324,0.3411947,-0.08197925,0.13315031,0.19423348,-0.022822632,0.19556972
24.49275373635028,35.04710138474188,79.64641,17107200.092697144,72.63401,0.0016725658,-0.0014468657,-0.18770121,1.3067297,-1.0438275,0.31040186,0.1339577,-0.0573171,-0.04315023,0.1124182,-0.09845603,0.14943708
24.202898613755877,35.17753635462667,82.22561,17971200.39653778,71.700836,8.249463e-06,-5.4372973e-05,-0.06361939,-1.4535685,1.7616593,0.10495137,-0.26727188,-0.3160522,0.2773096,-0.118422374,0.17080417,0.2078411
24.068840433535758,35.17753635462667,82.62194,7084800.187969208,71.75872,-5.4623164e-05,-4.6971014e-05,-0.52414227,2.5719852,0.08671979,-0.16344166,0.31795847,0.25118315,-0.052844673,0.12675941,0.022546848,0.12874901
24.278985653174068,35.159420527680346,80.15937,6220799.884128571,72.17522,-0.00036549548,0.00065236504,-0.36037922,1.0880637,0.14357676,0.35006505,0.17336035,0.089993745,-0.0460772,0.11750028,0.0101253,0.11793574
24.525362323808892,35.01449270273921,80.76379,3456000.11844635,71.97018,0.00011430053,0.00036013508,-0.07926634,-0.13487352,0.76467115,0.049511533,0.12553193,0.06201365,0.1182387,-0.008888251,0.11081675,0.111172624
24.423912946628306,35.16304383214723,83.815254,14947199.88155365,71.33969,-7.153672e-06,8.937221e-06,-0.149421,0.9933817,-0.33476722,-0.10195891,0.16061948,0.37585324,0.3323361,0.11288866,-0.050675094,0.12374091
24.003623304347823,35.192029209683014,80.788605,1900800.0102996826,73.824646,-0.0015535991,0.0010475797,-0.013044111,-1.2008244,-0.64255553,0.21828946,0.48760164,0.12468402,0.9013725,-0.14886788,-0.072382554,0.1655321
24.177536001617764,35.01449252133363,77.3516,14256000.07724762,72.465416,-0.009346928,-0.011188764,-0.24922508,0.15308642,-0.7119032,0.28503823,0.54888046,-0.36745018,-0.09109875,0.042551465,-0.09269064,0.10199109
24.608695560661264,35.210145036629335,80.071884,3801600.0205993652,73.187126,0.0019698166,-0.0012760488,-0.367679,0.15004268,0.7451572,-0.06870984,-0.049293667,0.093803026,0.19329664,0.024499195,0.11259777,0.11523224
24.626811465810288,35.05797113185407,83.9315,3801600.0205993652,72.37756,2.9988249e-05,-2.1298378e-05,0.24177985,-0.060211435,0.7884068,0.06531136,-0.18750384,0.00899234,0.050598882,-0.018634798,0.124005206,0.12539756
24.264492787947336,35.06521739309379,75.914215,4492800.099134445,72.16162,-0.005584389,0.0018436415,-0.42226428,0.32669836,0.91432285,-0.033695176,0.20025527,-0.037708335,-0.18517262,0.084334716,0.17039903,0.19012673
24.365941903817713,35.11594190204278,77.940506,17452799.99485016,72.83342,-0.003028285,-0.0018493875,-0.12757386,0.79069203,-0.17145157,-0.013864972,0.10232835,0.07576086,0.15497002,0.2925652,-0.051065233,0.2969883
24.40579722439643,35.07608730649443,81.130585,172800.00249445438,73.25273,-0.0007190892,-0.0004294611,0.033974446,-1.8916001,1.4198217,-0.02417297,-0.22575977,-0.031089135,-0.108316205,-0.1606701,0.107079364,0.19308256
24.268116089179838,35.07971042955572,81.07262,3715200.0450611115,72.77082,-0.00020289994,0.000453853,-0.037977096,-0.54684454,0.061001092,0.267874,0.37891418,0.34842145,0.11100916,-0.16004314,0.010216992,0.16036892
24.177536001617764,35.01449252133363,77.3516,12960000.169944763,72.38551,0.011207046,0.007879811,-0.21196641,-0.8592682,-0.6397577,0.37569186,0.4970645,-0.4785953,-0.11368468,-0.11744264,-0.106772125,0.15872322
24.15942034471344,35.02536261613985,84.04098,3715200.0450611115,72.531654,-2.722564e-05,2.9471212e-05,-0.12751423,0.92837065,-0.6179087,0.09579662,-0.08836617,0.26885116,-0.04537636,0.24884647,-0.118649304,0.275685
24.728260869121893,35.15579704180788,79.23173,6566399.786281586,73.34131,0.0035017969,0.003687126,-0.2645261,2.0534346,0.10627013,0.015559223,0.37859938,0.42451724,-0.086716406,0.16953017,-0.029797506,0.17212893
24.409420264318722,35.137681214861566,85.684586,18057600.097846985,71.16572,9.0202735e-07,-1.8197329e-06,-0.16813186,0.27275,-0.05849952,0.21218836,-0.41470814,-0.11296267,0.40531147,0.15960796,-0.052268177,0.1679484
24.268116089179838,35.07971042955572,81.07262,5961600.231742859,72.447586,-0.00013415178,-0.0002985129,0.16370347,-1.4733527,-0.16257331,0.39606246,0.3482672,0.3770367,0.21565983,-0.12006418,-0.027815156,0.123244025
24.373188349496587,35.09782609021359,73.044136,14774400.478935242,73.27322,0.81142896,0.6629853,0.059351534,1.4934133,-0.17804676,0.26695007,0.05216441,-0.13802001,0.042277247,0.19234629,-0.011772381,0.19270621
24.782608584568965,35.06521774078783,85.492004,5184000.177669525,72.88185,1.0615989e-05,6.4218298e-06,-0.3366487,0.5195113,0.6182699,-0.45042205,0.5866555,0.031946078,-0.14994362,0.17606367,0.13920629,0.22444779
24.525362323808892,35.01449270273921,80.76379,8726399.99742508,72.15331,0.00019314156,-0.00019809922,0.16742389,1.2938594,-0.28822404,-0.13658172,0.2263214,0.1595067,-0.114333354,0.14898345,-0.039249856,0.15406694
24.16304339770124,35.14130418675153,77.183464,12009600.164794922,72.19622,0.008422866,0.0105549,0.33338422,-1.6194297,-0.416633,0.31421536,0.2116091,-0.23798427,0.19432053,-0.06572757,-0.034252256,0.074117005
24.47463793572534,35.15579704180788,74.131996,13737599.675559998,73.630875,0.26526675,-0.4255862,0.15240416,1.8191808,-0.1956324,0.19274697,-0.04576458,0.016853478,0.2278018,0.13511583,-0.014760122,0.13591965
24.655797039477626,35.09782643790763,82.953125,2851200.015449524,72.50529,1.6968306e-05,-6.3318603e-06,0.03433405,-0.13798495,0.8887844,0.13095246,-0.18553028,-0.05587495,0.05871526,-0.05071145,0.17573391,0.1829045
24.271739312019278,35.0833337340226,74.97577,7171199.889278412,72.29302,0.07991945,-0.06192624,-0.43790698,1.8673028,0.38290673,-0.0034558848,0.258427,0.12280992,-0.19095615,0.21333233,0.033960853,0.21601856
24.626811465810288,35.05797113185407,83.9315,8726399.99742508,72.15436,-1.4259867e-05,2.3960123e-05,0.2297184,1.4540533,0.28148443,-0.116057344,0.30205813,-0.05835841,-0.25279477,0.16120231,0.015229285,0.16192009
24.60144921950647,34.9456523441682,85.40489,1468799.9954938889,71.99593,-2.894518e-06,-5.594637e-06,0.088871285,-0.3820547,0.8168516,0.032435168,-0.16589254,0.07253867,0.33016473,-0.15906441,0.23706976,0.28548828
24.3913043591697,35.05434799367564,86.750465,14860800.180244446,71.79748,-1.3303257e-06,-2.069312e-08,-0.04641121,0.5900269,-0.37766415,0.29021645,-0.116660215,-0.17410916,0.4122373,0.21793263,-0.11168001,0.24488172
24.62318819070881,35.09782625650204,81.14894,17020800.39138794,72.19551,-6.413629e-05,0.0001517049,-0.046045706,1.3675044,-1.1093203,-0.06001415,0.3113084,0.26057637,0.045356076,0.11440649,-0.09663621,0.14975782
24.62318819070881,35.09782625650204,81.14894,4406400.123596191,72.566895,7.963902e-05,0.00030482057,-0.362998,0.21714206,1.1696296,0.19859472,-0.25446257,-0.1268439,-0.021645047,0.04382396,0.18574208,0.19084199
24.268116089179838,35.07971042955572,81.07262,17712000.19569397,70.946075,7.1442024e-05,0.00010838591,-0.46548182,0.7353808,0.053907976,-0.022765316,0.3138351,0.23466134,0.610437,0.2020848,0.0005922099,0.20208566
24.55072462237475,35.07608730649443,88.70044,2159999.936914444,72.81216,-3.0155505e-07,4.1714486e-07,0.37002307,0.5265232,0.058450073,0.49163458,0.3113341,-0.23087072,-0.37299743,0.1864049,-0.014646381,0.18697941
24.003623304347823,35.192029209683014,80.788605,16761600.190544128,72.23743,-0.00037961543,-0.00036781223,0.32333124,-2.545987,0.93246895,0.1310615,0.25209472,-0.12215925,-0.11620099,-0.21527949,0.09358322,0.23474045
24.822463669968496,35.11956556932083,79.471794,14860800.180244446,72.88961,-0.0026463612,-0.0017882739,-0.28237507,-0.74043316,0.62458163,0.24535751,-0.16551724,0.15285638,0.31529966,-0.09984416,0.08255966,0.12955676
24.409420264318722,35.097825908808005,75.01247,11750399.96395111,73.239845,-0.059207056,0.15754646,-0.03680936,2.199631,-0.215934,0.066057935,0.0043639913,-0.1683842,0.23495844,0.24074,0.01202494,0.24104014
24.5036234048686,34.94565269942081,84.86278,1987199.9858379364,72.22557,1.0647215e-05,-1.9121245e-07,-0.0184002,-0.44078255,0.6966171,0.096275695,-0.22855219,-0.18149239,0.3857286,-0.045619335,0.11485733,0.12358532
24.340579735906957,35.22101461745307,78.71513,10627199.459266663,72.12902,-0.0013492621,-0.0022037043,0.17902069,3.8170323,0.058316767,-0.23850572,-0.15679067,0.1642552,0.03454615,0.17473005,0.021669291,0.17606859
24.579710091518006,35.06884069756067,84.24473,3542400.093984604,72.5192,2.543323e-05,-7.2374596e-06,0.4375049,-0.51169074,0.61970675,0.24557868,-0.2790546,-0.030359201,0.039637726,-0.12292151,0.15159829,0.19517106
24.3913043591697,35.05434799367564,86.750465,15724800.484085083,71.613594,-1.3584675e-07,-1.1272627e-06,-0.042184368,0.5533995,-0.30858707,0.35911614,-0.28640535,-0.23437998,0.5428133,0.19048372,-0.09043365,0.21086083
24.171296292717127,35.10648163098043,78.049835,17366400.293540955,72.44499,-0.0001517147,-0.00030740388,-0.1571647,-0.3789971,0.6802634,-0.057747446,0.42967165,0.1488603,0.09081748,-0.10683735,0.23738669,0.2603203
24.068840433535758,35.17753635462667,82.62194,11491199.7631073,71.490715,-4.3903903e-05,-3.8108e-05,-0.28934553,0.21115264,0.15082248,0.17419142,0.27497405,-0.09382238,-0.035157092,0.03909518,0.06049176,0.07202559
24.62318819070881,35.09782625650204,81.14894,15033599.582862854,72.283905,-0.00021960419,0.00010676457,-0.26905704,1.6909753,-0.028576512,-0.10711961,0.110035606,0.38894504,0.2851173,0.14677984,0.0248598,0.14887017
24.514492864338745,35.152173737341,77.98083,17798399.897003174,73.3953,-0.005083623,-0.011416915,-0.005054727,1.2794787,-1.1695652,0.33943942,-0.2679439,0.13397469,0.06881972,0.17629471,-0.16638105,0.24240974
24.340579657513896,35.072464168316,77.031204,17020800.39138794,73.27281,-0.01691671,0.011321004,-0.20254618,0.4490311,-0.40240276,-0.11697606,0.3350947,0.07348291,0.021777002,0.22107896,-0.19940268,0.29772022
24.15217408195171,35.09782609021359,90.079155,17798399.897003174,72.62195,1.5508027e-08,-4.289332e-08,0.6462001,-1.3905375,0.120984,0.3153246,0.019106537,0.31133854,0.1656969,-0.20652246,0.026287543,0.20818876
24.202898613755877,35.17753635462667,82.22561,10454400.056648254,71.31537,5.2384876e-05,-3.942842e-05,-0.42898095,2.905896,0.08499619,-0.07016284,0.032151606,0.18857817,0.08698672,0.09924404,0.022076927,0.10166991
24.572463802625258,35.028985391507106,77.31845,5184000.177669525,72.55799,-0.00055134506,-0.0005924651,-0.1793607,0.83239615,0.17068884,0.22291496,0.23109195,-0.15296781,-0.22847262,0.15242809,0.040150378,0.15762733
24.40579730278949,34.98550712868071,82.545616,6480000.084972382,71.93429,-5.947003e-05,-4.312674e-05,0.13183193,-1.5282224,0.023815695,0.47330478,0.33685538,0.10649498,0.123828955,-0.25390172,0.047202438,0.2582521
24.373188532413735,34.85507217391305,83.68782,3369599.8686790466,72.574104,-1.2021596e-05,1.135033e-05,-0.22013459,-0.38292718,-0.005452564,0.4176973,0.2067081,0.121100605,0.11264851,-0.18773662,0.041159075,0.19219549
24.52536253285706,35.05797113185407,79.99595,5615999.781131744,72.28501,0.00043758925,0.0007064324,-0.2868979,1.2850552,0.3832959,0.08047834,0.074521504,-0.033157587,-0.15921336,0.18902053,0.04619116,0.19458258
24.514492864338745,35.152173737341,77.98083,13910400.175094604,72.76898,-0.008401447,-0.004474516,-0.040796865,1.7322007,-0.065233424,-0.036268875,0.022585783,0.35467377,0.112582944,0.20113978,0.038197827,0.20473467
24.55072462237475,35.07608730649443,88.70044,4406400.123596191,72.83007,6.0892984e-07,2.9379103e-07,0.14097108,1.574378,0.3124572,-0.07884883,0.06456385,-0.062302537,-0.353299,0.19815081,0.042601507,0.20267864
24.85869584610084,35.31159408476158,76.05999,1382400.019955635,75.73361,-0.74339455,-0.7221443,0.45353472,0.06031394,-1.0893354,0.16745153,0.4808064,-0.02383688,0.08918905,0.020632226,-0.17540056,0.17660986
24.171296292717127,35.10648163098043,78.049835,11664000.262641907,72.14605,0.0036172476,0.0044689775,0.29791993,-2.087519,-0.50442046,0.32199597,0.26799628,-0.34615827,0.20845899,-0.20768142,-0.022095142,0.20885345
24.47463793572534,35.15579704180788,74.131996,3887999.996137619,72.92004,-0.26925892,0.024556449,0.08347729,0.18936586,-0.28208572,0.01764052,0.7453356,0.075511046,0.064140424,0.031564433,-0.10130994,0.106113225
24.471014503837736,35.137681214861566,84.09494,5529600.07982254,72.48324,-2.763986e-05,1.1545033e-05,0.05914195,0.8697971,-0.20729308,0.5155248,0.17027622,-0.17465535,-0.019073118,0.08794439,-0.028859643,0.0925586
24.134057993885538,35.130434787333385,80.741425,86400.00124722719,74.73009,-0.0028492904,-0.0043742466,-0.2608787,-1.6541575,0.33442378,0.37962395,0.37878278,0.25978827,0.49739417,-0.17208838,0.038979188,0.17644769
24.471014503837736,35.137681214861566,84.09494,14342399.778556824,71.558136,1.8231702e-06,8.06097e-06,-0.13356936,2.034398,-0.4319821,-0.2732549,0.029416688,0.4472482,0.21156028,0.12933744,-0.02541777,0.13181137
24.282608510179216,35.10869565592019,73.044136,12700799.969100952,73.06228,0.8358191,-0.9808368,0.048952505,2.4979,-0.024850568,0.03310489,0.050128575,-0.046426833,0.07953263,0.19928508,0.016014423,0.1999275
24.15942034471344,35.02536261613985,84.04098,3456000.11844635,72.5741,-2.9388751e-05,3.091635e-05,-0.12429424,0.9456862,-0.6467761,0.089465305,-0.0802236,0.2670362,-0.054028124,0.2570692,-0.12173389,0.28443578
24.503623143558386,34.916666955294566,80.479385,7084800.187969208,71.90698,0.0004325433,0.00018723277,-0.2592529,1.285031,0.5424984,-0.12688765,0.17885008,-0.08592617,0.12905559,0.19956583,0.072742134,0.21240984
24.822463669968496,35.11956556932083,79.471794,8121599.894428253,73.58158,-0.0019134335,-0.0048102234,-0.08139402,1.714319,-0.549841,0.017973315,0.6568862,0.27041662,-0.023583837,0.16682783,-0.084197454,0.18687092
24.53985505838052,35.14492730981283,78.72631,13046399.871253967,72.570465,0.0027515895,0.00078324234,-0.23091604,2.4470484,0.09899426,-0.1444003,0.10609497,0.35287958,0.2684278,0.26791126,-0.010069612,0.2681004
24.40579722439643,35.07608730649443,81.130585,15551999.984550476,71.74938,0.0002116357,8.5131076e-05,-0.3882792,1.9275216,-0.7989953,-0.0014727637,0.06770775,-0.01634124,-0.07184394,0.11179963,-0.026792038,0.11496508
24.782608845879178,35.07246365433351,80.82854,4665599.775981903,72.91279,-0.0004427829,-0.00037842165,-0.56093156,0.41099346,0.7318162,0.22362807,0.25351858,-0.17508134,-0.06551989,0.08130279,0.08145854,0.11508969
24.275362351941567,35.02173896397893,79.32639,14601599.979400635,71.81442,-0.0010157849,8.4058716e-05,-0.40085363,0.14856993,-0.4096585,0.07621974,0.24259269,-0.1410349,-0.052870393,0.04160145,-0.10268617,0.11079318
24.60144921950647,34.9456523441682,85.40489,16934399.593162537,72.364555,-2.323894e-06,-4.511844e-06,0.0384356,0.9178889,-0.5038445,0.1847018,-0.09084829,0.051315885,-0.4013989,0.17246881,-0.103905804,0.20135021
24.202898613755877,35.17753635462667,82.22561,14428799.479866028,71.238075,-1.7224755e-05,2.7496737e-05,0.10569717,-0.774022,0.67443895,0.13667637,-0.1588068,-0.124875106,0.27808282,-0.036064442,0.08588658,0.09315122
24.141304256647267,35.05072417522627,80.839714,11059200.15964508,72.07218,-0.0003628034,7.332087e-05,-0.15749992,-2.7011576,-0.2591102,0.27347332,0.20537385,-0.33328354,-0.03087803,-0.13312048,-0.032819998,0.13710658
24.15217408195171,35.09782609021359,90.079155,9071999.899578094,73.29766,-1.9037081e-07,-2.6394972e-07,-0.29841405,1.9352429,0.97530866,-0.17175686,-0.07241882,0.21970195,-0.14971754,0.16478072,0.08892328,0.18724325
24.72463775080654,35.097825908808005,83.506035,5011200.226593018,72.63173,2.6884834e-05,-5.5158296e-05,-0.4429698,0.68458366,0.8609164,-0.18181297,0.2182033,0.019431435,-0.047405347,0.16815345,0.1874156,0.25179395
24.782608845879178,35.07246365433351,80.82854,11145599.860954285,72.95485,-0.00055012794,0.00064275967,0.08477759,1.3506063,-0.38337225,-0.121055506,0.095168635,0.25326583,0.31549606,0.10943172,-0.02567519,0.11240336
24.141304256647267,35.05072417522627,80.839714,16156800.087547302,71.108826,9.968488e-05,-0.00011467491,-0.506183,-1.2549665,1.1606646,-0.095038064,0.6094295,0.20509094,0.36985543,-0.105691105,0.12516561,0.16382015
24.518115930392057,35.170290078269815,76.7112,18057600.097846985,73.88716,0.0010605034,-0.005346418,0.08683829,1.7602077,-1.0186722,0.17856188,-0.4179746,0.1527762,0.0686292,0.14214428,-0.07837807,0.16232103
24.728260869121893,35.15579704180788,79.23173,11231999.562263489,73.27175,0.0013936844,0.004611787,-0.13111322,0.7988937,0.3116501,0.042186692,0.33412993,0.30996457,0.22309116,0.0880358,0.0029945779,0.08808672
24.62318819070881,35.09782625650204,81.14894,5097599.927902222,72.63555,-0.00025100465,0.00045654835,-0.3419128,0.5921453,1.1314316,0.16231853,-0.20104009,-0.1303277,-0.044512346,0.069985695,0.14529343,0.16127051
24.47463793572534,35.15579704180788,74.131996,9244799.850654602,73.55241,-0.5769948,-0.48658907,-0.35738546,3.4561894,-0.45874393,-0.07429219,0.28939673,0.059596006,0.53597015,0.21838062,-0.007418755,0.21850659
24.731883987437246,34.999999998854186,80.17734,15638399.68585968,72.81253,0.0004034726,0.00010841918,-0.3450306,0.65252024,-0.00544184,-0.050224073,0.37043646,0.026233122,0.09574954,0.06324744,-0.015385631,0.06509191
24.782608845879178,35.07246365433351,80.82854,17366400.293540955,72.83618,-0.00055645214,0.00028060054,-0.29474494,0.37758166,-0.099447064,0.08250641,0.10525562,0.08138547,-0.0275032,0.13843083,-0.07288697,0.15644681
24.275362351941567,35.02173896397893,79.32639,13478399.474716187,71.89225,-0.0011007403,0.0012091687,-0.35912108,-0.5142257,-0.4093296,0.20145515,0.1670585,-0.26733124,-0.11566756,-0.073588,-0.089828104,0.11612184
24.423912946628306,35.13405791039468,84.735344,4060799.9472141266,72.29969,1.3518836e-05,1.1043388e-05,-0.019874997,0.72444564,-0.6507005,0.50661075,0.38638428,-0.0017140955,-0.10139496,0.21615991,-0.16075453,0.26938286
24.619565229179578,35.18478278215484,82.255135,4233599.898290634,72.900185,0.00018867971,0.00020911003,-0.109993264,0.56441426,0.085519366,0.25920713,0.11723171,0.13117692,0.2476601,0.061904263,0.00536238,0.062136084
24.51086948471318,35.141304337922854,75.965324,17366400.293540955,74.10506,-0.12931463,-0.17949928,0.25720125,1.5522743,-0.9846042,0.17578483,-0.3966722,0.16550936,0.012135271,0.19918197,-0.13291879,0.23945953
24.06159400092239,35.235507653915,77.223785,10108800.15449524,73.01771,0.01978848,0.020598475,0.12811379,-3.67719,-0.9667458,0.7526323,0.17179485,-0.096874274,-0.02651108,-0.17081851,-0.04661561,0.1770649
24.731883987437246,34.999999998854186,80.17734,13737599.675559998,72.55445,-3.9374972e-05,-0.0006897289,-0.16078568,1.0713693,0.18268357,0.005073592,0.37432843,0.049627524,0.2517089,0.19086207,-0.0052569523,0.19093445
24.623188347494935,34.98550731008629,86.27349,8121599.894428253,72.2778,-1.3299951e-06,-1.2527495e-06,0.44979233,-1.8634255,-0.037518635,0.39866176,0.16026682,0.07583368,0.30639797,-0.109975286,-0.021321226,0.112023026
24.40579722439643,35.07608730649443,81.130585,0.0,73.337555,-0.00062610314,-0.0003768044,0.049687147,-1.85708,1.3830267,-0.028849736,-0.21096405,-0.040703073,-0.11288396,-0.15950312,0.08904595,0.18267573
24.3913043591697,35.05434799367564,86.750465,12268800.365638733,72.13323,-7.9975376e-07,-3.9696636e-07,-0.03565378,-0.22884978,-0.14236553,0.17637065,0.30933207,0.007780716,0.10008168,-0.058309093,-0.055611417,0.08057655
24.626811465810288,35.05797113185407,83.9315,14515200.27809143,72.08976,2.1984464e-05,-1.1909333e-06,-0.10199169,1.0888474,-0.0963946,0.025459621,0.0037862584,0.38865817,0.088536486,0.06253073,-0.029543832,0.06915873
24.655797039477626,35.09782643790763,82.953125,13564800.27294159,72.08664,-1.0987211e-05,3.745122e-05,-0.12455761,1.579171,0.3358621,-0.16523862,-0.07404586,0.29597908,0.33608422,0.15453301,0.017300833,0.15549846
24.623188347494935,34.98550731008629,86.27349,2592000.0888347626,72.50543,2.1797778e-06,2.6333864e-06,0.24286686,-0.42043632,0.5041535,0.042652547,-0.11197335,0.16625929,0.26586932,-0.1403386,0.18473077,0.2319922
24.57246390714934,35.13405809180027,82.83649,3542400.093984604,72.850006,1.5760572e-05,8.557062e-05,-0.0014689192,-0.35632288,0.59870535,0.39174512,-0.10819324,-0.17782184,0.054813422,-0.074861534,0.16152446,0.17802921
24.336956356281394,35.12681217825459,78.56935,9676799.454116821,71.94705,0.0025447926,0.0021157896,0.041737944,2.2078493,-0.38045597,-0.28876865,-0.013294384,0.037958015,0.38285202,0.1465009,-0.028423851,0.1492328
24.782608584568965,35.06521774078783,85.492004,11404800.061798096,72.64758,4.8034853e-08,-6.486564e-06,-0.078098506,2.736591,-0.20576589,-0.27944475,-0.3844507,0.33570004,0.32776326,0.15082535,0.03470017,0.15476559
24.40579730278949,34.98550712868071,82.545616,13046399.871253967,72.12865,-3.0066876e-06,-6.10421e-05,-0.15572873,-0.5827815,-0.40850425,0.21271768,0.04268676,-0.12680757,-0.29528388,-0.09277868,-0.049180508,0.10500765
24.52536253285706,35.05797113185407,79.99595,10454400.056648254,72.26852,-0.00058635604,-0.0008364434,-0.096283786,2.3146281,-0.15581347,-0.33273497,-0.020273976,0.2902556,0.075968,0.18760665,-0.007994644,0.18777692
24.572463802625258,35.028985391507106,77.31845,2332799.8879909515,71.9224,0.005753295,0.0056017283,-0.15159896,-0.16512607,0.37483037,0.289299,0.31495437,0.1307954,0.026544299,-0.06934743,0.11569456,0.13488623
24.608695560661264,35.210145036629335,80.071884,13478399.474716187,72.471375,-0.001007215,-0.0010545391,-0.1406207,2.237967,-0.06078515,0.06676257,0.18613422,0.21384585,0.16928902,0.19640012,-0.0031993433,0.19642618
24.481884276880134,35.21376834109622,79.042,15897599.886703491,72.485855,-0.0021198697,0.0013701433,0.09606357,0.6055115,-0.53215843,0.08161627,0.0483299,0.3487786,-0.082744695,0.07614818,-0.058294524,0.09589993
24.242753659958876,34.931159481553294,83.59315,14515200.27809143,71.77836,9.025564e-06,-1.3306106e-06,-0.48295522,-0.4452051,-0.015842607,0.14100805,0.28875422,0.010747749,0.4686868,-0.21181141,-0.03634046,0.21490626
24.5036234048686,34.94565269942081,84.86278,2332799.8879909515,72.213776,1.0680264e-05,-2.5007372e-08,-0.056543954,-0.36911613,0.6356683,0.08238906,-0.1838938,-0.14599675,0.38214812,-0.059235223,0.13594338,0.14828828
24.608695560661264,35.210145036629335,80.071884,1987199.9858379364,72.87578,-0.0012266765,-0.0014594502,-0.34720933,-0.61448044,1.1081544,-0.12707463,-0.20238128,0.06003323,-0.015944805,-0.13100784,0.20988184,0.2474135
24.880434869565217,35.11594208344836,73.60822,11750399.96395111,73.52971,0.9209888,0.9282375,0.24468331,-2.4229941,0.8931231,-0.24191904,-0.07074427,-0.0592544,-0.45255402,-0.24503954,0.0971052,0.26357883
24.2137679164399,35.101449394680465,78.1842,16588799.691009521,72.17001,0.00440069,0.0037944345,-0.20418914,-0.54219514,0.19754523,-0.028057918,0.5186588,-0.009550028,0.1443212,-0.11561615,0.052981712,0.12717766
24.507246418659868,35.018115659512056,74.98295,4319999.873828888,73.18191,-0.013782676,-0.08866468,-0.005822912,0.67047805,-0.43411124,0.30080503,0.27975973,-0.15239933,0.10163549,0.09978148,-0.0719233,0.12300124
24.340579657513896,35.072464168316,77.031204,11836799.665260315,72.44383,0.015910052,-0.0023051081,-0.18813163,1.672878,-0.45084715,-0.096211694,0.041328777,-0.3655467,0.2645103,0.21704592,-0.032743625,0.21950188
24.55434784521419,35.039855304907746,78.730316,259199.99517202377,71.9625,-0.0016831693,-0.0022088627,-0.029874675,-1.2042795,0.65277135,0.089943096,0.25049725,0.13897619,0.22779256,-0.14825724,0.12925172,0.19668812
24.152173912100075,34.942029039701325,85.189964,14428799.479866028,72.7777,-6.8723493e-06,-1.1991114e-05,-0.2284632,-1.9401312,0.78817576,0.32439497,0.6021783,0.17271979,0.4719283,-0.08230348,0.03521638,0.08952126
24.06159400092239,35.235507653915,77.223785,10368000.35533905,73.01049,0.017682588,0.016073355,0.15935774,-3.549868,-0.9554092,0.6980363,0.14381847,-0.09235134,-0.022733599,-0.18456198,-0.04947346,0.19107786
24.15217408195171,35.09782609021359,90.079155,5097599.927902222,71.71244,5.4804083e-08,3.067245e-08,-0.23432338,2.3094337,0.8026101,-0.3406735,-0.25666833,0.10135114,-0.50998914,0.23612545,0.07728347,0.24845114
24.641304357168043,34.938405387540406,81.3883,9849599.953651428,72.55952,7.973708e-05,-0.00022271644,0.046020202,2.81423,-0.04267972,-0.29612684,0.3823752,0.22635815,-0.011077538,0.24283159,-0.034453604,0.2452636
24.24275355543479,35.275361916886446,83.709785,3715200.0450611115,72.87232,-9.320593e-06,-4.6736564e-05,-0.400123,-0.7054929,0.936876,0.05184477,0.08732842,-0.16483551,0.1163607,-0.10633616,0.18158273,0.21042736
24.47463793572534,35.15579704180788,74.131996,9331199.551963806,73.55591,-0.5869928,-0.40850365,-0.3437767,3.420676,-0.45283937,-0.06908607,0.28193554,0.061735198,0.53761536,0.21553996,-0.005293453,0.21560496
24.373188349496587,35.09782609021359,73.044136,3801600.0205993652,73.08749,0.7537247,0.9416709,-0.23242629,0.25016093,0.22772472,0.3487974,0.29493693,-0.3943186,0.09763898,0.102362126,0.09361976,0.13871792
24.43478277193275,35.06521686399416,78.38795,5615999.781131744,72.215546,-0.003111078,0.0036361997,-0.26784474,0.71613055,0.46102005,-0.036902376,0.079916336,-0.052154668,-0.051127978,0.10375474,0.11696442,0.15635127
24.619565229179578,35.18478278215484,82.255135,2505600.113296509,73.169586,0.00018866234,0.00017977858,-0.15897366,-0.17450236,0.6297708,0.29573488,0.10794671,0.0503555,0.106957585,-0.036466736,0.14773123,0.1521655
24.521739153231497,35.18115965909355,80.50853,777599.9855160713,73.11345,-0.0007933743,-0.00030144004,-0.16443163,-1.8553939,1.7552372,-0.10925021,-0.35208297,0.07401474,-0.28232405,-0.18668857,0.1679528,0.25111902
24.57246390714934,35.13405809180027,82.83649,17625600.494384766,71.55914,1.1106389e-05,-2.5868158e-05,0.1965387,1.0994444,-2.1726432,0.030007858,0.4319792,0.2786442,0.12669732,0.07312344,-0.19265293,0.20606354
24.782608584568965,35.06521774078783,85.492004,7430400.090122223,72.94861,-2.8483328e-06,-1.228689e-05,-0.34040654,2.2948806,0.13944025,-0.40555975,0.3960272,0.02204644,-0.08501493,0.23576823,-0.021863427,0.2367798
24.340579735906957,35.22101461745307,78.71513,2851200.015449524,73.389175,0.004759188,-0.005300848,-0.38661855,-0.6225167,0.97715485,0.18407673,-0.15860188,-0.35419154,-0.3053006,-0.043646786,0.113077916,0.121209145
24.75362311542571,35.148550251468535,82.31272,7171199.889278412,72.84663,3.8050686e-05,-0.00018616683,-0.33324385,2.420779,-0.05464865,-0.06320355,0.35255027,0.21017012,0.029009221,0.23634271,-0.05433889,0.24250895
24.15217408195171,35.09782609021359,90.079155,15292799.783706665,72.375084,-1.15880965e-07,9.579066e-08,0.4925552,-0.48177505,-0.12248902,0.4471852,0.25357437,0.083341144,0.25298828,-0.18109691,-0.0392779,0.18530744
24.507246627708035,35.15217355593542,72.15966,12009600.164794922,73.00213,-0.11845197,0.40327248,-0.18393996,2.2617095,0.36687273,0.074545085,-0.3580386,0.09200615,0.14786455,0.23154001,0.08607117,0.24702029
24.171296292717127,35.10648163098043,78.049835,259199.99517202377,73.834145,0.006116744,-0.002886358,-0.0070651174,-1.3739004,1.901666,-0.079811834,0.12877184,0.5006084,0.19908994,-0.2335205,0.29166242,0.3736292
24.5036234048686,34.94565269942081,84.86278,16588799.691009521,72.03637,-9.66078e-07,9.493223e-06,-0.11304398,1.3784834,-0.91785085,0.14582369,-0.17248434,-0.15767583,-0.14854315,0.23182598,-0.12642829,0.26405945
24.235507135886934,35.09782643790763,86.62735,17798399.897003174,71.5585,6.1578714e-07,9.1058006e-08,0.12871625,-1.5064803,1.7726929,0.12950155,-0.6208152,-0.12028571,0.45237595,-0.15712239,0.1729058,0.2336319
24.134057993885538,35.130434787333385,80.741425,2159999.936914444,73.98782,0.0017250986,-0.0013237922,-0.29055545,-0.65136516,-0.05396329,0.44622692,0.46395093,0.48263004,0.509654,-0.19500756,-0.03188068,0.19759637
24.134057993885538,35.130434787333385,80.741425,14687999.680709839,71.71304,0.000113885646,-0.00028014174,-0.03732616,-2.686313,0.9526749,0.18204397,0.15426448,-0.17543885,0.12354034,-0.19405101,0.10211104,0.21927714
24.177536001617764,35.01449252133363,77.3516,15551999.984550476,72.424385,-0.006079834,-0.011739693,-0.30424345,0.79468626,-0.8004432,0.20993802,0.5560252,-0.15893337,0.015737517,0.10904437,-0.0893215,0.14095746
24.507246418659868,35.018115659512056,74.98295,7084800.187969208,73.696526,0.097183414,0.09536023,-0.20870087,1.7666651,-0.28577137,0.12610881,0.09979181,-0.13488689,0.1561881,0.2696813,-0.047816053,0.27388754
24.782608584568965,35.06521774078783,85.492004,5702400.030899048,72.89581,1.0665774e-05,1.1458979e-05,-0.3333571,0.8021038,0.47839344,-0.43256122,0.5700383,0.025187634,-0.16099805,0.18987127,0.06910976,0.20205756
24.16304339770124,35.14130418675153,77.183464,5615999.781131744,72.37765,0.013134292,0.011824475,-0.5329323,-0.30089247,-0.39843953,0.270944,0.56711984,0.033877634,-0.061820984,-0.07135936,-0.18843119,0.20149063
24.528985389862203,35.079710263267266,73.800804,17452799.99485016,73.7124,-0.21124174,-0.6626487,0.275963,-0.47497565,0.16390304,0.28452075,-0.17126405,0.19481175,-0.015004549,-0.2384216,0.0835885,0.25264975
24.46739112421217,35.10507235145331,77.031204,13478399.474716187,72.94201,-0.014296784,-0.021001536,-0.035348307,1.8617882,-0.3556378,-0.1659972,-0.09922465,0.1030393,0.12698749,0.1509093,-0.00669597,0.15105778
24.365941903817713,35.11594190204278,77.940506,8639999.747657776,72.264465,0.005360522,0.005103214,-0.18201487,2.596505,-0.23527524,-0.2779492,0.093717836,0.11921014,0.34268245,0.13345575,0.01229352,0.13402078
24.286231733018653,35.16304365074164,82.86601,4579200.074672699,72.34572,-5.2077245e-05,-2.3079887e-05,-0.4496854,1.1464217,-0.08179864,0.31068233,0.32597345,0.3927787,-0.30607298,0.10689303,-0.020083511,0.10876335
24.409420185925658,35.126811301460926,78.58091,18230399.500465393,72.72146,-0.0037145328,-0.0013787851,-0.10609494,0.6746515,-0.41854203,0.22220996,0.0012517422,0.045693833,0.21474406,0.23635542,-0.08942744,0.25270766
24.15217408195171,35.09782609021359,90.079155,3887999.996137619,71.55095,5.356072e-08,5.530168e-08,-0.14274335,1.5827636,0.30448335,-0.3211299,-0.2726523,-0.022439152,-0.5956828,0.30044556,0.02492335,0.30147752
24.579710091518006,35.06884069756067,84.24473,14083199.577713013,72.049446,1.6074626e-05,-1.6544165e-05,-0.026709437,1.5648373,-0.29994386,-0.061006986,-0.013249829,0.39970106,0.11470664,0.12667587,-0.040931668,0.13312466
24.586956589458925,35.03623181903528,81.050644,10454400.056648254,72.264885,-0.00022506515,0.00017344732,0.09833014,2.4055305,0.077060364,-0.30217403,0.28295517,0.33768672,-0.027604036,0.14526509,0.018203732,0.14640124
24.278985574781007,35.18478260074926,85.36457,2073599.9613761902,72.12448,-6.5391923e-06,-4.9541623e-06,-0.33083063,0.14194927,-1.0319391,0.103387676,0.5454278,0.15579054,-0.27741766,0.012741724,-0.21651693,0.21689151
24.152173912100075,34.942029039701325,85.189964,5097599.927902222,72.754654,-9.915653e-06,-1.04823275e-05,0.10343443,-0.4917205,-0.80992514,0.3466968,0.2890979,-0.014643155,-0.049373366,-0.0872817,-0.25053406,0.26530248
24.507246418659868,35.018115659512056,74.98295,6220799.884128571,73.57589,0.25372624,0.2542053,-0.14725702,1.5140435,-0.3492092,0.18103251,0.1476484,-0.14857188,0.11655438,0.2607575,-0.05689616,0.26689258
24.47463793572534,35.15579704180788,74.131996,8208000.144195557,73.55239,-0.39511198,-0.287202,-0.4412912,3.4391882,-0.4206453,-0.13895997,0.36385718,0.010230102,0.49103734,0.23264955,-0.01963042,0.23347627
24.52536253285706,35.05797113185407,79.99595,6393599.835205078,72.336876,0.0005900852,0.0009307362,-0.2251845,1.5726761,0.12840892,0.028087977,0.05406125,-0.009478748,-0.13492051,0.20043789,-0.0006099747,0.20043883
24.579710091518006,35.06884069756067,84.24473,8208000.144195557,72.036415,8.070986e-06,1.2749092e-05,0.38098377,0.7401949,0.110302985,0.114436015,0.39700678,-0.18219918,-0.19230282,0.09162191,-0.0022581378,0.09164973
24.521739153231497,35.18115965909355,80.50853,8726399.99742508,72.379654,-0.0005052695,0.0006282691,0.03732737,2.5724354,0.086322665,-0.006726913,-0.22989318,-0.072156005,-0.0069851503,0.0813696,0.010643046,0.0820627
24.579710091518006,35.06884069756067,84.24473,8985600.19826889,71.98462,1.42859135e-05,1.4341958e-05,0.3818134,1.21048,-0.046486225,0.08325396,0.40531734,-0.02686122,-0.13414657,0.08723047,-0.015944969,0.08867579
24.655797039477626,35.09782643790763,82.953125,13478399.474716187,72.09417,1.1867992e-05,2.4572997e-05,-0.11724148,1.6092671,0.3468215,-0.17227617,-0.079412766,0.29246777,0.33555743,0.15788928,0.018236123,0.15893893
24.373188532413735,34.85507217391305,83.68782,7171199.889278412,72.35905,3.6543835e-05,-1.1514426e-05,-0.21632425,-1.2031434,0.5977044,0.54712313,0.32871518,-0.28210124,0.002878327,-0.09931507,0.08160498,0.12854126
24.641304357168043,34.938405387540406,81.3883,2246400.0495672226,71.53351,0.00013048302,0.00013402296,-0.26567745,-0.7046592,1.0689203,0.13512214,0.06917717,0.019935746,0.35949177,-0.064971834,0.15226726,0.16554956
24.442029139218562,35.043478080275,76.86345,345600.00498890877,72.30916,0.008548912,0.013317892,0.033180647,-1.1656873,0.41953605,0.31420368,0.4965828,0.15826616,0.25239766,-0.187774,0.04868053,0.19398162
24.782608584568965,35.06521774078783,85.492004,18143999.79915619,72.26308,-1.7219754e-06,-4.420095e-06,-0.15748289,0.77647966,-0.8745822,0.03193746,0.099998176,0.21786222,-0.29164216,0.114727154,-0.20949845,0.23885544
24.15942034471344,35.02536261613985,84.04098,3196799.917602539,72.626,-3.1994437e-05,3.3423697e-05,-0.12219374,0.9447338,-0.66732645,0.08212346,-0.06947354,0.26536804,-0.060548857,0.25662374,-0.12108264,0.28375474
24.35507260113369,35.04710138474188,76.478294,8380800.095272064,72.46492,0.021462504,0.019035874,-0.1643112,2.037829,0.016519308,-0.1453881,0.10980206,0.22991917,0.21258372,0.246128,-0.00025452627,0.24612813
24.358695745580064,35.14492749121842,79.46463,16416000.288391113,71.83932,-0.0004811404,-0.0010323412,-0.13394475,0.30597422,0.0048294365,0.04251329,0.2507397,0.115219936,0.29687873,0.14073704,0.021666944,0.14239512
24.800724541980035,35.0326085145684,80.91604,15551999.984550476,72.582924,0.0005113438,0.00011098405,-0.22952679,0.5750509,0.21569552,0.22736633,0.2513366,-0.18626276,0.1208438,0.11143201,0.01823645,0.1129144
24.503623143558386,34.916666955294566,80.479385,8899199.948501587,72.140686,-6.796697e-05,0.0003176597,-0.062362447,1.6739067,0.4065622,-0.3221385,-0.016017936,-0.098092504,0.0041337498,0.18210563,0.020787597,0.18328825
24.409420342711783,35.02898555779556,73.23672,10627199.459266663,73.3202,-0.51168525,-0.6519188,-0.053515717,2.4207196,-0.29865927,0.2470181,0.063831754,0.21346971,-0.0499425,0.20525195,-0.021244455,0.20634846
24.5036234048686,34.94565269942081,84.86278,16243199.788856506,72.11006,-1.8264436e-06,9.478932e-06,-0.12945919,1.3450509,-0.898086,0.1553175,-0.15649223,-0.18954271,-0.19035837,0.23091714,-0.13007474,0.26503238
24.572463802625258,35.028985391507106,77.31845,5529600.07982254,72.706566,0.004501206,0.013241029,-0.19102252,1.0180755,0.13411187,0.1974684,0.21773735,-0.1734491,-0.21088985,0.17080665,0.029762352,0.17338024
24.481884276880134,35.21376834109622,79.042,2419199.8635292053,73.14249,0.0012159542,-0.0047906702,-0.30947715,-1.0648929,1.7727464,-0.25132996,-0.50289124,-0.100186594,-0.24591216,-0.08628658,0.19465876,0.21292582
24.365941903817713,35.11594190204278,77.940506,17798399.897003174,72.889915,0.009854348,0.0057098125,-0.16454674,0.7159866,-0.16976479,-0.004838899,0.11356707,0.08023137,0.18534636,0.31225693,-0.05316493,0.31675053
24.423912946628306,35.16304383214723,83.815254,5097599.927902222,72.38931,2.243083e-05,-8.999122e-06,-0.24585442,1.8791645,-0.5013769,0.37698185,0.28594723,-0.034601413,-0.015095394,0.1323317,-0.032688003,0.13630915
24.202898613755877,35.17753635462667,82.22561,7862400.2420425415,71.79532,-7.725369e-05,7.817219e-05,-0.6482033,2.8025167,0.26874745,0.19395682,0.28708115,0.3449217,-0.14580208,0.18162315,-0.031635027,0.18435764
24.268116089179838,35.07971042955572,81.07262,7084800.187969208,72.41571,-0.00040842086,3.803857e-05,0.15708517,-2.0593479,-0.29906434,0.44989404,0.2959049,0.33752167,0.28516582,-0.19797267,-0.04292178,0.2025721
24.521739153231497,35.18115965909355,80.50853,11923200.463485718,72.03229,0.0004669759,-0.00034765812,0.01518818,1.1164523,0.2348183,0.015781034,-0.004120104,0.2855719,-0.0880013,0.15831803,0.07291367,0.17430146
24.782608584568965,35.06521774078783,85.492004,10713600.257492065,72.66674,-9.405266e-06,-8.912375e-06,-0.13114092,2.6275787,-0.32245284,-0.3009559,-0.29644957,0.35220486,0.32642305,0.15174735,0.011222257,0.15216175
24.46739112421217,35.10507235145331,77.031204,6825599.987125397,72.71792,-0.019588714,-0.017340135,-0.38804847,1.532991,0.10609729,-0.22588125,0.17521407,-0.09520889,0.15396166,0.19069612,0.012815297,0.19112624
24.286231733018653,35.16304365074164,82.86601,2505600.113296509,72.736824,0.00010615291,9.540844e-05,-0.10609219,0.38516998,-0.4128331,0.07143988,0.49097127,0.38887972,-0.11197475,0.07917406,-0.05134683,0.09436645
24.507246627708035,35.15217355593542,72.15966,8294399.845504761,73.71383,-0.115460336,-0.23757629,-0.3525582,3.5348406,-0.22835124,0.12028031,0.10656201,0.19076377,0.41162428,0.22450039,0.0049286825,0.22455448
24.52536253285706,35.05797113185407,79.99595,2764800.03991127,72.04278,0.00032083408,-0.00017193137,-0.24923538,-0.21212633,1.0444852,-0.018694445,0.059486356,-0.010210335,-0.14918926,-0.0020219062,0.16372554,0.16373803
24.677536062942007,35.07971042955572,84.775665,18143999.79915619,71.97304,-8.2521665e-06,9.653234e-06,-0.26456833,0.43228152,-0.93966657,0.21237996,0.0301531,0.1826055,-0.26914877,0.054431193,-0.25689262,0.26259583
24.57246390714934,35.13405809180027,82.83649,5529600.07982254,72.53534,-1.5745689e-05,8.606262e-05,-0.0051973313,0.2584678,0.49304038,0.3746116,-0.02748996,-0.29422587,0.04228798,0.021351341,0.041218955,0.04642071
24.351449221508126,35.36231895652174,77.53338,7948799.943351746,72.53664,-0.011064912,0.011050323,0.076484054,3.2795808,2.20527,-0.3964683,-0.30608383,0.25131357,0.24877247,0.16652954,0.10083278,0.19467752
24.576087129988778,34.96376817111452,80.53768,8899199.948501587,72.44311,0.00061577297,0.0005741086,0.15767047,2.6898434,-0.16113262,-0.29082814,0.26023325,0.13455468,0.009376198,0.21969225,-0.0017939861,0.21969958
24.268116089179838,35.07971042955572,81.07262,6393599.835205078,72.44033,-7.502438e-05,-0.00016823613,0.17347299,-1.7190087,-0.20969668,0.41783643,0.33022743,0.36533177,0.24375015,-0.14765242,-0.028915638,0.15045714
24.2137679164399,35.101449394680465,78.1842,2678400.0643730164,72.685486,0.0034252184,0.0070342557,-0.24401914,-1.0570173,1.2061127,0.060601518,0.3096506,0.23240468,0.18473274,-0.0752616,0.119699396,0.14139397
24.373188532413735,34.85507217391305,83.68782,10281599.557113647,72.21732,-2.3461927e-05,7.630246e-06,-0.20857814,-2.382575,0.5812455,0.09629923,0.21908012,-0.35894048,-0.446261,-0.20620142,0.052921835,0.21288435
24.521739153231497,35.18115965909355,80.50853,9244799.850654602,72.36034,-0.00018999333,0.00024421752,0.069183245,2.3772795,-0.053153686,-0.034454472,-0.17690921,0.01004583,-0.05119673,0.083946705,-0.013887917,0.08508774
24.3985509616347,35.079710263267266,82.39983,5961600.231742859,72.23877,7.965724e-05,3.4633118e-05,0.25461692,-1.7634401,-0.25821456,0.5374002,0.010865837,0.20906258,-0.1282661,-0.12760483,-0.014835438,0.12846433
24.134057993885538,35.130434787333385,80.741425,0.0,74.748634,-0.0020927705,-0.004254643,-0.25888973,-1.678389,0.35470945,0.37486327,0.37086913,0.25222123,0.49003902,-0.17520796,0.04008536,0.17973498
24.177536001617764,35.01449252133363,77.3516,14342399.778556824,72.46475,-0.010679249,-0.011454008,-0.25258374,0.21142727,-0.71723306,0.27921116,0.55088,-0.35655487,-0.08608737,0.0514704,-0.09191662,0.10534641
24.242753659958876,34.931159481553294,83.59315,1728000.059223175,73.10406,-2.8252782e-05,7.74551e-05,0.008566067,-0.18342362,-0.04107475,0.3980784,0.34594887,0.11592996,0.7017438,-0.2555237,-0.059514426,0.262363
24.235507135886934,35.09782643790763,86.62735,15724800.484085083,71.59356,1.5432857e-07,4.6574033e-07,-0.007460214,-0.7644072,0.9964963,0.28514105,-0.23805991,-0.23895237,0.46362627,-0.09918232,0.09296777,0.13594168
24.677536062942007,35.07971042955572,84.775665,14342399.778556824,72.36034,8.521247e-06,6.0229927e-06,-0.14909168,1.2940966,0.124602884,-0.032254614,-0.110564314,0.31150553,0.30415112,0.10999581,0.015324153,0.11105813
24.235507135886934,35.09782643790763,86.62735,15551999.984550476,71.585594,2.6529568e-07,8.4291014e-07,-0.008122772,-0.69011045,0.92656773,0.2957225,-0.20789957,-0.23710734,0.46021673,-0.095016465,0.09579181,0.13492294
24.579710091518006,35.06884069756067,84.24473,13564800.27294159,72.038635,-1.1397108e-05,-1.6536043e-05,0.001875177,1.63633,-0.1016183,-0.10178927,-0.017753392,0.41579083,0.12790015,0.1236248,-0.021948706,0.12555811
24.40217392316393,35.07246365433351,77.73675,10022400.453186035,72.41472,0.0007509312,0.005444415,-0.17036106,1.8226136,-0.2172703,-0.33385146,-0.14303583,0.013102993,0.34780875,0.18085952,-0.019934949,0.18195485
24.06159400092239,35.235507653915,77.223785,1468799.9954938889,73.3231,-0.028748034,-0.00039771094,-0.46962595,-0.88229,0.07649485,-0.24583563,-0.06581215,0.15191436,0.5192498,-0.20798902,0.006048366,0.20807695
24.782608584568965,35.06521774078783,85.492004,3715200.0450611115,72.67647,-9.522581e-06,-9.468164e-06,-0.39747214,-0.025159314,0.8590895,-0.4498757,0.5794831,0.056892056,-0.07748509,0.0075935004,0.27189055,0.27199656
24.351449221508126,35.36231895652174,77.53338,6307200.133895874,71.91847,-0.005118248,0.005271915,0.13564347,3.4394093,2.258477,-0.21977863,-0.3890538,0.20598233,0.43839613,0.19115217,0.079911344,0.20718344
24.822463669968496,35.11956556932083,79.471794,1987199.9858379364,72.42812,-0.0013213258,0.0013524407,-0.08187387,0.42002198,0.46417302,0.28556997,-0.016956694,-0.063530765,-0.39599228,0.14967412,0.17870094,0.23310162
24.235507135886934,35.09782643790763,86.62735,13046399.871253967,71.67444,2.7448948e-07,8.613108e-08,-0.014193796,0.334883,0.22099401,0.3309023,0.10522643,-0.0012392774,0.36102295,0.10693199,0.107410625,0.1515635
24.514492864338745,35.152173737341,77.98083,2937599.9909877777,72.59981,0.0028796382,0.0078107663,-0.23095752,-0.4508056,1.4488213,-0.38776103,-0.099538065,-0.09984382,-0.2668086,-0.01955648,0.1408205,0.14217198
24.293478074173446,35.130434424522214,78.52256,13219200.370788574,71.869995,-0.0023221322,0.0016684766,0.16000888,0.47829735,-0.050264932,-0.057172827,0.012375042,-0.30381727,0.29246607,0.18163957,0.046049982,0.18738605
24.52536253285706,35.05797113185407,79.99595,7257600.139045715,72.348305,0.00022155826,-0.0009403806,-0.15392876,1.8399868,-0.09435999,-0.057832353,0.022505656,0.02131579,-0.09713972,0.19285905,-0.02401169,0.19434807
24.15942034471344,35.02536261613985,84.04098,15638399.68585968,71.84113,1.6753145e-05,4.8479387e-06,-0.21793126,-1.6687918,0.5740867,0.31050563,0.10018734,0.054936443,0.26349637,-0.13643353,0.04300913,0.14305207
24.373188349496587,35.09782609021359,73.044136,17366400.293540955,73.50356,0.6274676,0.6429861,0.04804361,0.8511681,-0.6825558,0.100201756,0.19387756,-0.01588507,0.13984981,0.17483433,-0.07268819,0.18934259
24.43478277193275,35.06521686399416,78.38795,6134400.182819366,72.269264,-0.0040103327,-0.0011452303,-0.27912933,0.970402,0.26243746,-0.051138088,0.025013562,-0.013220422,0.008899804,0.11066374,0.074238524,0.13325848
24.16304339770124,35.14130418675153,77.183464,17884799.598312378,73.04947,-0.0053930194,-0.0096758,-0.0045476556,-0.42100793,0.5061388,-0.059025608,0.17434102,0.17075068,-0.12829041,-0.05582515,0.12943341,0.14095905
24.507246627708035,35.15217355593542,72.15966,9331199.551963806,73.54945,0.14110307,0.11989771,-0.3932284,3.5042915,-0.16713263,0.11121741,-0.040276818,0.20205498,0.3768976,0.15900673,0.023947367,0.16079992
24.55072462237475,35.07608730649443,88.70044,10108800.15449524,72.40744,3.6024042e-07,-1.5388797e-07,-0.032809377,1.7981489,0.3471449,-0.73675925,0.23590255,0.25739688,0.293175,0.1160509,0.03326485,0.12072432
24.35507260113369,35.04710138474188,76.478294,2505600.113296509,72.17756,0.018078232,0.020475527,-0.13818325,0.008047536,0.6547986,0.26471436,0.19428515,-0.07101735,-0.055044115,0.009674938,0.14917615,0.14948955
24.47463793572534,35.15579704180788,74.131996,12960000.169944763,73.5798,0.5520149,0.27705145,0.084893525,2.0024781,-0.10732621,0.16282517,-0.019502707,0.022407338,0.34016502,0.17197578,-0.026756976,0.17404483
24.49275373635028,34.95652190987481,78.13308,14256000.07724762,72.68627,-4.0975196e-05,-0.007273279,-0.36312145,0.6837212,0.31368703,-0.1336455,-0.012269527,0.10477583,-0.12456069,0.1674078,0.0429183,0.17282173
24.282608510179216,35.10869565592019,73.044136,9763200.252342224,72.87082,0.8394264,0.63321745,-0.07326288,2.2167158,0.050199836,0.03511718,0.09525937,0.04617387,-0.09885786,0.15547596,0.015814403,0.15627818
24.800724541980035,35.0326085145684,80.91604,0.0,71.7627,0.00025349637,-0.0002401078,0.16566971,-0.4938898,0.82189965,-0.123173244,-0.111450754,0.068007134,-0.036584146,-0.15569244,0.20408058,0.25668857
24.442029139218562,35.043478080275,76.86345,10886399.660110474,72.86549,-0.020523444,-0.02718249,-0.23490196,2.004489,-0.40555835,-0.28787792,-0.24625501,0.014700245,0.27161083,0.27974036,-0.05273616,0.28466782
24.503623143558386,34.916666955294566,80.479385,8208000.144195557,72.06299,-0.00033779227,0.00017151832,-0.13579325,1.6451405,0.49360228,-0.24511167,0.0229126,-0.11877362,0.06646502,0.2019993,0.055711564,0.20954116
24.286231733018653,35.16304365074164,82.86601,17279999.49531555,71.10978,2.192358e-05,2.3245097e-05,-0.06629773,-0.6454916,0.7912723,0.0817091,-0.047524415,-0.12525988,0.5119469,-0.16156076,0.1881154,0.24797033
24.619565229179578,35.18478278215484,82.255135,3196799.917602539,73.09548,0.00016897297,7.195014e-05,-0.1433352,0.048519567,0.4168986,0.28490928,0.12446913,0.08642205,0.19294292,0.0205658,0.07748114,0.08016408
24.57608686867857,35.22463755910878,78.28966,604799.9658823013,72.38555,-0.004879682,-0.0033518584,-0.21626969,-0.9530668,1.3026725,-0.2715654,-0.17148596,-0.095468394,0.08240104,-0.13985296,0.19527592,0.24019061
24.278985574781007,35.18478260074926,85.36457,12960000.169944763,71.37788,3.3293295e-06,-2.247422e-06,-0.114571154,1.9754943,0.15081525,-0.23317742,-0.02218227,0.18345194,0.2562962,0.17048532,0.040507495,0.17523156
24.282608510179216,35.10869565592019,73.044136,259199.99517202377,72.79398,-0.5317525,-0.4474865,-0.3526953,-0.22917365,1.0575047,0.45837986,0.17762947,0.13365814,0.47625768,-0.06719549,0.2547668,0.26347932
24.521739153231497,35.18115965909355,80.50853,6739199.737358093,72.373825,-0.00026076104,0.00041664415,-0.14035398,2.2168167,0.5465171,0.1495038,-0.28535336,-0.21776766,0.07538387,0.14693849,0.034835145,0.15101127
24.608695560661264,35.210145036629335,80.071884,4924799.976825714,73.10683,-0.0014414127,0.00031447093,-0.3332523,1.2892503,0.6252024,-0.027397022,0.013621956,0.10248798,0.20694345,0.14673048,0.06169573,0.15917349
24.576087129988778,34.96376817111452,80.53768,8639999.747657776,72.45821,0.0006757859,0.00051044143,0.14393303,2.6235135,-0.13278174,-0.2611839,0.2802237,0.110445395,0.011625821,0.22386406,0.002150117,0.22387439
24.514492864338745,35.152173737341,77.98083,13564800.27294159,72.7479,-0.004790254,-0.0021394326,-0.07059184,1.8733251,-0.009562984,-0.0745016,0.051971164,0.32841772,0.16318944,0.19071105,0.036668792,0.19420429
24.731883987437246,34.999999998854186,80.17734,14256000.07724762,72.57088,-0.0006759186,0.0010516236,-0.2186539,0.92231566,0.19354776,0.0031672716,0.38410908,0.036326878,0.20862255,0.1389588,-0.0071901716,0.13914469
24.525362323808892,35.01449270273921,80.76379,6652800.036048889,72.13703,3.720459e-05,-0.00039470303,0.01861751,0.57246995,-0.023202356,0.09454478,0.32504857,0.041709006,-0.06621634,0.18445611,0.02808167,0.18658145
24.481884276880134,35.21376834109622,79.042,2505600.113296509,73.14354,0.0005385022,-0.004876235,-0.31308824,-0.99958074,1.7569236,-0.2537414,-0.5068991,-0.097982876,-0.2525038,-0.08086457,0.19550945,0.21157274
24.2137679164399,35.101449394680465,78.1842,11491199.7631073,71.994225,-0.00094054645,0.0037177342,0.26268202,-1.2634779,-0.50738645,0.21239477,0.25033396,-0.3301862,0.2774991,-0.13522169,-0.04873833,0.14373702
24.268116089179838,35.07971042955572,81.07262,4924799.976825714,72.53497,0.00034577932,-0.0002748782,0.08729711,-0.94681025,-0.060174298,0.34542203,0.37462312,0.38380495,0.15432385,-0.104642786,-0.032861102,0.1096812
24.586956589458925,35.03623181903528,81.050644,2937599.9909877777,72.093605,0.00030438657,-0.00024040205,-0.21051031,0.40154654,0.91046137,0.10617104,0.051415503,-0.045131728,0.024952436,0.046880454,0.12301265,0.13164303
24.15942034471344,35.02536261613985,84.04098,11491199.7631073,72.10725,1.8196311e-05,1.8366432e-05,-0.25677183,-1.6968274,-0.3327102,0.40231264,0.25300637,-0.11403661,-0.06999605,-0.2008679,-0.08481548,0.21804032
24.409420264318722,35.097825908808005,75.01247,7430400.090122223,72.937325,0.12472477,0.05343891,-0.30687064,2.8685765,0.11395453,-0.1463413,0.2201412,-0.0523391,0.167642,0.24139516,-0.008125929,0.2415319
24.57246390714934,35.13405809180027,82.83649,17971200.39653778,71.518,-4.7044205e-06,-2.7300655e-05,0.23576383,0.86265194,-2.2257884,0.07244399,0.44839376,0.23613837,0.118864946,0.07414421,-0.21488331,0.2273152
24.880434869565217,35.11594208344836,73.60822,2678400.0643730164,73.63543,0.9336143,0.96214956,-0.036057353,-0.10402553,-1.1557006,0.559538,-0.19599399,0.008907162,-0.0025431737,0.008481013,-0.16071042,0.16093405
24.15942034471344,35.02536261613985,84.04098,345600.00498890877,73.56644,-7.643752e-06,-7.911872e-05,-0.3585745,0.11768658,-0.218274,-0.07965074,-0.013289787,0.15351643,0.12232595,0.0034424616,-0.07894352,0.07901854
24.3913043591697,35.05434799367564,86.750465,12787199.670410156,72.10335,1.5991559e-06,7.1218284e-07,-0.054502968,0.037098736,-0.17135184,0.17701498,0.2400203,-0.009660326,0.1553511,-0.0018806315,-0.067714006,0.06774011
24.409420185925658,35.126811301460926,78.58091,0.0,73.04807,0.004599821,0.006459157,0.06095119,-3.1690936,2.0246885,-0.19302803,0.15551004,0.08370688,-0.2732974,-0.26477644,0.20540795,0.33511043
24.40217392316393,35.07246365433351,77.73675,18316800.298690796,73.45769,0.019261654,0.009117488,-0.025448106,0.24206445,-0.5159645,0.05408682,0.110828355,0.29643157,0.08960331,0.13100687,-0.14884292,0.19828518
24.275362351941567,35.02173896397893,79.32639,5875199.981975555,72.138115,-0.0010539158,0.001063906,0.31888103,-1.1374165,-0.13768652,0.12236614,0.31974417,0.15456516,0.43798047,-0.11180473,-0.035286825,0.117241025
24.068840433535758,35.17753635462667,82.62194,13132799.572563171,71.83997,-1.44171045e-05,-4.466211e-05,-0.10495156,-0.708858,0.21599081,0.26784724,0.30016834,-0.15867904,0.027249927,-0.1618681,0.05828309,0.17204127
24.409420264318722,35.097825908808005,75.01247,13651199.974250793,73.38477,-0.18793899,-0.011102017,0.017185241,1.7291822,-0.45370698,0.18182458,0.09552452,-0.18846628,0.07178674,0.15262876,-0.026728405,0.15495144
24.271739312019278,35.0833337340226,74.97577,11750399.96395111,72.66109,0.12234319,0.106223464,-0.10515399,1.8269856,-0.2684765,0.10693993,0.3350636,-0.35817137,0.20117337,0.15275161,-0.0026458616,0.15277451
24.177536001617764,35.01449252133363,77.3516,12268800.365638733,72.31586,0.0045920215,0.010577018,-0.1926226,-1.3792006,-0.5929014,0.41503,0.4563036,-0.50260836,-0.07796286,-0.16744508,-0.09577258,0.19289955
24.57608686867857,35.22463755910878,78.28966,7171199.889278412,73.02666,-0.0028321722,0.005876032,-0.15104982,1.7992635,0.55146825,-0.016944788,0.11590604,-0.04874468,0.043573044,0.17006715,0.06760442,0.18301146
24.586956589458925,35.03623181903528,81.050644,3542400.093984604,72.078,0.00030696028,-2.0862137e-06,-0.25023574,0.66458154,0.8893588,0.14047867,0.080622375,-0.05115576,0.004834596,0.07044619,0.093306795,0.11691374
24.3985509616347,35.079710263267266,82.39983,3196799.917602539,72.621025,-3.022217e-06,4.0430794e-05,0.16593014,-0.4787011,0.48402345,0.09951733,-0.19376779,0.17178068,-0.1489408,-0.09036484,0.09424091,0.13056475
24.641304357168043,34.938405387540406,81.3883,10886399.660110474,72.43146,0.00031166797,-0.00021540928,-0.048561286,2.6011174,-0.0038483078,-0.28770027,0.37366483,0.24239868,-0.05043058,0.21602932,-0.00708999,0.21614563
24.507246627708035,35.15217355593542,72.15966,11664000.262641907,73.06019,0.3251201,0.4345607,-0.22942838,2.4587042,0.31735814,0.076802686,-0.33938834,0.10158652,0.18061599,0.20899335,0.072769076,0.2212997
24.278985574781007,35.18478260074926,85.36457,12441599.768257141,71.37196,3.0378594e-06,-3.326703e-06,-0.19281194,2.6046977,0.11369057,-0.28724837,-0.0066878423,0.21234044,0.2130441,0.18799187,0.032993987,0.19086526
24.423912946628306,35.16304383214723,83.815254,10195199.855804443,71.786156,1.6764923e-05,-1.7739863e-05,-0.121929005,3.4515278,-0.16169487,-0.295601,-0.059800334,0.29581267,0.03217762,0.11877064,-0.011783888,0.11935378
24.471014503837736,35.137681214861566,84.09494,18403200.0,71.155815,-8.419623e-06,8.514024e-06,0.14323555,0.26129034,-1.543458,0.19797307,0.00483568,0.008166134,0.3562419,0.06371544,-0.31620452,0.32255998
24.623188347494935,34.98550731008629,86.27349,11750399.96395111,72.31126,2.5427848e-08,-6.5717876e-07,0.17903323,-1.6579287,-0.10496703,0.49623635,0.26232114,-0.13061854,0.17486235,-0.15941975,-0.013014088,0.15995006
24.286231733018653,35.16304365074164,82.86601,9504000.051498413,71.6992,4.1983167e-05,4.207857e-05,-0.43523985,3.7436821,0.27097148,-0.057837836,-0.043236546,0.31305102,0.044010837,0.085147426,0.0041926396,0.085250586
24.16304339770124,35.14130418675153,77.183464,13651199.974250793,72.29971,-0.011939497,-0.0065644397,0.26951355,-1.1566447,-0.13952695,0.20696485,0.28544906,-0.1276378,0.13610741,-0.13042329,-0.011840275,0.13095964
24.369565205050215,35.10507235145331,81.59638,11059200.15964508,71.505394,4.4049993e-05,0.00010556383,-0.097556815,1.6182237,-0.32395673,0.042210735,-0.08120974,0.33341876,0.088944614,0.07423208,-0.019458456,0.076740034
24.293478074173446,35.130434424522214,78.52256,11836799.665260315,71.85185,0.00014449497,-0.0024341769,0.25201577,0.6887884,-0.19943903,-0.08652406,-0.028305426,-0.24749947,0.36516285,0.16616632,-0.0046537807,0.16623147
24.278985653174068,35.159420527680346,80.15937,2937599.9909877777,72.903885,6.805223e-05,-0.0012737107,-0.3230667,0.10780072,0.8472919,0.38346714,0.26114568,0.16215694,-0.0026215725,0.017903587,0.13696297,0.13812818
24.782608845879178,35.07246365433351,80.82854,2073599.9613761902,72.18202,0.00037926156,-4.333324e-05,-0.019757845,-0.21070655,0.4894061,0.13525224,0.08982672,-0.016943246,-0.23348549,-0.06741762,0.17003417,0.18291187
24.60144921950647,34.9456523441682,85.40489,5270399.878978729,72.00702,4.241161e-06,-4.695692e-06,-0.09429425,-0.85422325,0.25855297,-0.016169235,-0.0798521,0.3937181,0.26301998,-0.19392021,0.06071326,0.20320223
24.275362351941567,35.02173896397893,79.32639,10368000.35533905,72.032936,-0.0013662043,0.0004051006,-0.032014754,-1.9791105,-0.4524963,0.2128773,0.12418912,-0.20742452,0.19263369,-0.12558965,-0.07501193,0.14628586
24.731883987437246,34.999999998854186,80.17734,11231999.562263489,73.077896,0.00024771763,-0.0006615721,0.07730007,2.143656,-0.43105036,-0.07365749,0.41473556,0.101522684,0.32813254,0.2502615,-0.03994355,0.25342909
24.235507135886934,35.09782643790763,86.62735,11231999.562263489,71.76938,-1.400055e-07,-1.5252413e-06,-0.23074062,1.441142,-0.19269446,0.25750175,0.17400971,0.1949577,0.039306086,0.2969965,-0.022524001,0.2978494
24.728260869121893,35.15579704180788,79.23173,13996799.876403809,73.36944,-0.0038871435,-0.0035914506,-0.2902332,0.14217025,0.74756366,-0.02652023,-0.021934308,0.36311507,0.27207038,-0.0014730025,0.20290096,0.20290631
24.409420185925658,35.126811301460926,78.58091,10627199.459266663,72.181076,-0.003089073,-0.0009058275,-0.0875186,2.7276793,-0.24791701,-0.3814224,-0.19157895,-0.022216529,0.336658,0.15357006,-0.017436575,0.15455678
24.55072462237475,35.07608730649443,88.70044,2073599.9613761902,72.80506,-4.5167474e-07,4.2236726e-07,0.37791586,0.49699962,0.034198157,0.51716346,0.31928995,-0.23337835,-0.37218732,0.18056943,-0.01984135,0.18165626
24.278985574781007,35.18478260074926,85.36457,8467199.796581268,71.87383,3.0747779e-06,2.0459065e-06,-0.8023995,4.1278415,0.38038272,-0.13770455,-0.015767917,0.10794733,-0.081765845,0.2171858,0.03937383,0.220726
24.626811465810288,35.05797113185407,83.9315,5184000.177669525,72.258514,-6.191393e-07,-1.2529301e-05,0.14497082,0.23981297,0.89512295,-0.08929763,-0.13801035,-0.10960133,-0.08954615,0.016871892,0.13704294,0.13807762
24.275362351941567,35.02173896397893,79.32639,6912000.2368927,72.11496,-0.00069133943,0.00013581605,0.32182318,-1.8735502,-0.18130401,0.20042351,0.30755067,0.15667024,0.48160657,-0.120904,-0.0103932675,0.12134989
24.152173912100075,34.942029039701325,85.189964,18403200.0,70.77099,1.8913616e-06,2.260791e-06,-0.023133196,-1.069925,1.4480567,-0.05738174,0.018244203,0.5389117,0.5037711,-0.112456486,0.1572402,0.19331565
24.340579657513896,35.072464168316,77.031204,8553600.046348572,72.297485,0.010917557,0.008366974,-0.11835782,1.8181812,0.044225544,-0.17198673,0.23925054,0.24871099,0.29332688,0.2531315,0.052760378,0.25857148
24.134057993885538,35.130434787333385,80.741425,3196799.917602539,73.46721,-0.0013517613,0.0014132397,-0.30646896,-0.31630206,-0.14365402,0.4763364,0.47117293,0.54844457,0.43020087,-0.16742298,-0.06601332,0.17996725
24.177536001617764,35.01449252133363,77.3516,8467199.796581268,72.061806,-0.0001021957,0.0044110683,-0.08474269,-2.3173714,0.048150584,0.39751667,0.29768616,-0.098599024,0.38531035,-0.21835408,-0.023491545,0.2196141
24.518115930392057,35.170290078269815,76.7112,8467199.796581268,73.070175,-0.01181783,0.023992637,-0.5314078,2.73768,-0.3124327,-0.20755863,0.32254282,-0.019669563,0.45580885,0.23268136,-0.017188648,0.23331538
24.351449221508126,35.36231895652174,77.53338,12527999.469566345,72.05213,-0.003893261,-0.0051980675,0.14743766,1.2125556,0.03540635,-0.5654137,0.12244406,0.17142664,0.05827334,0.17777723,-0.011316894,0.17813708
24.659420157792983,35.13768139626715,82.9603,1987199.9858379364,72.76191,0.00010171933,0.0001004789,0.023061343,-0.50763184,0.92307717,0.21687898,0.12358324,-0.03443215,-0.04214917,-0.12289087,0.17440182,0.21334985
24.52536253285706,35.05797113185407,79.99595,14256000.07724762,72.28743,0.0007766501,0.00067134254,-0.4285041,2.67827,-0.2660928,-0.07033124,0.12060286,0.29929432,0.1409865,0.19496997,-0.01641793,0.19566
24.619565229179578,35.18478278215484,82.255135,15465600.283241272,71.76581,-7.154374e-05,3.5552308e-05,-0.16186793,2.8681118,-1.0383301,-0.0119071305,0.2929314,0.2928045,0.33879915,0.12200567,-0.049602777,0.13170353
24.43478251062254,35.050724689208764,81.254395,7516799.791431427,72.08507,0.0001841514,-5.706206e-05,0.1901442,-1.3937098,-0.31437993,0.29743594,0.0034821182,0.18108135,-0.07717917,-0.16521643,-0.05191157,0.17317991
24.33695651306752,35.26449269887389,75.24537,432000.01480579376,73.16191,-0.15106016,-0.14919934,-0.06660725,-1.740619,-0.15453568,0.08057319,0.18898135,0.21823204,-0.12654868,-0.40186954,-0.05496187,0.40561056
24.242753659958876,34.931159481553294,83.59315,9676799.454116821,72.807205,1.1217824e-05,-3.5603454e-05,0.012628801,-2.7985187,-0.043107934,0.21575856,0.51597244,-0.20013875,-0.22292593,-0.17556086,-0.015218194,0.17621921
24.608695560661264,35.210145036629335,80.071884,10281599.557113647,72.49538,-0.0010794965,-0.0009280182,0.11347647,1.4675207,-0.18632983,0.12608953,0.21168247,0.10274921,0.023115655,0.11593765,-0.009366389,0.11631538
24.358695745580064,35.14492749121842,79.46463,2246400.0495672226,72.99216,0.0028971925,-0.0021424615,-0.28344673,-0.88331926,1.7393631,0.10268644,-0.009892784,-0.015410043,-0.2584851,-0.053384565,0.1716808,0.17978933
24.608695560661264,35.210145036629335,80.071884,10454400.056648254,72.48856,-0.0009881383,-0.00037202373,0.10554616,1.4421133,-0.18200202,0.12801419,0.2189019,0.10867794,0.030663706,0.12666278,-0.0077945795,0.12690239
24.06159400092239,35.235507653915,77.223785,5961600.231742859,72.260635,0.008132185,0.010590837,-0.4845208,-2.8300836,-1.1453197,0.7357785,0.39926723,-0.047511555,0.038747583,-0.12297968,-0.053729896,0.1342047
24.409420264318722,35.097825908808005,75.01247,2246400.0495672226,72.72213,0.124844804,0.12459822,-0.17402685,0.13666111,0.27894288,0.4012133,0.51365626,-0.08365775,0.22085026,0.02248646,0.067161724,0.07082611
24.659420157792983,35.13768139626715,82.9603,14601599.979400635,71.993126,-3.6926132e-05,5.0867926e-05,-0.22840706,1.74943,-0.3701101,-0.093914784,0.048508722,0.26170412,0.3917604,0.14000593,-0.037108313,0.14484023
24.16304339770124,35.14130418675153,77.183464,11577599.464416504,72.19945,0.0014950676,0.009960827,0.34252995,-1.6914638,-0.46624202,0.34041396,0.21314913,-0.22689259,0.188,-0.082087494,-0.04547537,0.093842246
24.49275373635028,35.04710138474188,79.64641,604799.9658823013,72.17327,-0.0011862824,-0.0009773186,0.06806503,-1.8954854,1.1311479,-0.12621483,0.05255621,0.026103862,-0.044884816,-0.20618759,0.1297928,0.24363804
24.659420157792983,35.13768139626715,82.9603,691200.0099778175,72.81072,0.00010332749,7.214206e-05,-0.03877496,-1.4059311,0.95679,0.124411985,0.13759005,-0.07848748,-0.093284465,-0.1939369,0.15586804,0.2488099
24.409420264318722,35.097825908808005,75.01247,2332799.8879909515,72.73412,0.12391592,0.12778242,-0.1745278,0.1525273,0.2759155,0.38872704,0.5066152,-0.09236971,0.20551237,0.027175583,0.06700572,0.07230684
24.358695745580064,35.14492749121842,79.46463,11491199.7631073,71.87752,0.000962843,-0.00034052556,0.09125331,2.158978,0.035311602,-0.23900247,-0.24420688,0.01668927,0.2443519,0.13258223,0.020662617,0.13418269
24.340579735906957,35.22101461745307,78.71513,10972800.458335876,72.15378,-0.0025922852,-0.0024991243,0.20217471,3.4333646,0.13774624,-0.22730333,-0.15444025,0.18199924,0.030730512,0.16815944,0.011851349,0.16857654
24.358695745580064,35.14492749121842,79.46463,1555199.9710321426,73.143394,0.0030353684,0.0009313055,-0.17055896,-1.5451035,1.8661851,0.062577724,-0.00036379695,0.033235148,-0.20812717,-0.09180835,0.14357188,0.17041613
24.5036234048686,34.94565269942081,84.86278,12787199.670410156,72.63013,4.812747e-06,1.6141876e-05,-0.039598648,-1.0133846,0.020300671,0.42638302,-0.107004814,-0.2219002,-0.41164556,-0.14709124,0.009881748,0.1474228
24.423912946628306,35.16304383214723,83.815254,3456000.11844635,72.511635,-2.7379338e-06,-3.3219847e-05,-0.12232751,1.2712324,-0.6782334,0.3450624,0.39588413,0.06632363,-0.08663579,0.11891385,-0.06920239,0.13758443
24.242753659958876,34.931159481553294,83.59315,6912000.2368927,72.5578,-6.009138e-06,3.9106963e-05,0.026228495,-2.8499572,-0.63329494,0.55414844,0.56373245,-0.22163373,0.06050348,-0.098780535,-0.023424206,0.10151989
24.521739153231497,35.18115965909355,80.50853,17798399.897003174,71.80257,-0.00024104003,0.00026604315,0.061818153,0.49844092,-1.2379026,0.22885418,0.34290004,0.21617988,0.29103166,0.09779488,-0.2151305,0.2363154
24.481884276880134,35.21376834109622,79.042,4406400.123596191,73.01285,0.003613741,0.000848281,-0.2671491,0.3123762,1.3037083,-0.19131842,-0.47395015,-0.08745267,-0.2974791,0.044901248,0.14715607,0.15385392
24.358695745580064,35.14492749121842,79.46463,1468799.9954938889,73.16176,0.0029125528,0.0011307496,-0.15522668,-1.6264147,1.8771542,0.05859667,0.0011579692,0.03997128,-0.20225179,-0.09533085,0.13936645,0.16885194
24.518115930392057,35.170290078269815,76.7112,4579200.074672699,72.93494,-0.021430474,-0.02980301,-0.080710694,0.34985948,0.5090717,-0.43647605,0.20327011,0.030550785,-0.13814262,0.10982047,0.107909344,0.15396416
24.579710091518006,35.06884069756067,84.24473,6566399.786281586,72.20466,1.8890054e-05,1.92526e-05,0.34691912,-0.07495384,0.4711982,0.10097293,0.11892438,-0.29467428,-0.17132616,-0.020586781,0.073468156,0.076298006
24.731884091961334,34.88405773852335,82.62194,12787199.670410156,72.324615,-1.45229715e-05,-5.8064215e-05,-0.49089128,1.1174532,-0.073076814,0.2602804,0.5701319,-0.17746004,-0.038945846,0.23400915,-0.06223688,0.24214399
24.514492864338745,35.152173737341,77.98083,9417600.350189209,72.78416,0.008562901,-0.005735001,-0.41328388,2.7919514,-0.36248654,-0.20172724,0.055920847,0.0066917688,0.3895548,0.23355857,-0.018851796,0.23431815
24.880434869565217,35.11594208344836,73.60822,13391999.773406982,73.55324,-0.9233204,-0.7187681,0.20595141,-1.0488327,0.28668272,-0.24359816,-0.17070162,0.045001335,-0.60741264,-0.15640046,-0.0023538084,0.15641817
24.626811465810288,35.05797113185407,83.9315,9331199.551963806,72.12461,-1.7403783e-05,2.357414e-05,0.25423086,1.6969839,0.11545053,-0.12473098,0.27874556,0.060381796,-0.18662551,0.13397616,0.010762699,0.13440776
24.242753659958876,34.931159481553294,83.59315,4147199.9227523804,72.38198,-1.5564987e-05,-1.9014235e-05,0.08200212,-1.0965667,-0.64604914,0.6537123,0.37055096,0.061443828,0.535638,-0.1444616,-0.07455209,0.16256435
24.3985509616347,35.079710263267266,82.39983,17971200.39653778,71.2516,3.318479e-05,3.8615464e-05,0.06411286,1.1126955,-1.5381528,0.034136657,0.12505972,-0.009980112,0.24935946,0.08575001,-0.09120356,0.12518448
24.75362311542571,35.148550251468535,82.31272,15724800.484085083,72.12944,-2.780289e-05,-9.565008e-05,-0.29554975,0.4229263,-0.5037654,0.22745785,0.12149897,0.16770753,0.30317393,0.10330032,-0.13315031,0.16852288
24.278985653174068,35.159420527680346,80.15937,3283199.893140793,72.80392,-0.00023070652,-0.0013186825,-0.36469793,0.36110622,0.76923245,0.4005558,0.26784223,0.15867978,-0.023857519,0.046470102,0.1262424,0.13452366
24.340579657513896,35.072464168316,77.031204,13305600.072097778,72.51988,-0.016447458,-0.0037505138,-0.20401438,1.7510203,-0.7172804,-0.08638274,0.19577555,-0.41052413,0.109770626,0.22111098,-0.06317871,0.22996004
24.40217392316393,35.07246365433351,77.73675,7603200.0411987305,72.369774,-0.0073966715,-0.005671989,-0.29399103,1.8727103,-0.053003144,-0.14463791,0.029276509,0.16047806,0.22043765,0.13183434,-0.024544392,0.13409966
24.16304339770124,35.14130418675153,77.183464,10454400.056648254,72.12291,-0.009733389,-0.00093121635,0.3305412,-1.8166358,-0.548851,0.39609775,0.2821729,-0.11176076,0.13859269,-0.22204335,-0.063938946,0.23106587
24.85869584610084,35.31159408476158,76.05999,518399.99034404755,75.259445,-0.40706003,-0.22811575,0.40994066,0.056609124,-1.1443678,0.20225716,0.47776014,-0.11364431,0.15037946,0.008537204,-0.13852578,0.13878861
24.264492787947336,35.06521739309379,75.914215,15379199.48501587,73.15085,0.05303374,0.07994989,-0.2335969,1.2638365,-0.76729655,0.10908541,0.6692385,-0.32619986,0.058606416,0.15691979,-0.02793445,0.1593868
24.53985505838052,35.14492730981283,78.72631,10540799.757957458,72.68301,-0.0043032793,0.0025928742,-0.29172897,2.4333568,-0.22240998,-0.18631303,0.09138955,0.14232337,0.32537106,0.21619062,-0.0012086064,0.216194
24.880434869565217,35.11594208344836,73.60822,18230399.500465393,73.55239,0.9184509,0.50904226,0.4981261,-0.27039516,-2.107069,0.20963562,0.19102636,-0.14020965,-0.08376258,-0.011611901,-0.17395918,0.1743463
24.731884091961334,34.88405773852335,82.62194,10368000.35533905,72.62384,-5.537507e-05,-3.1594933e-05,-0.41077477,2.4843814,0.000675492,0.021776814,0.5059784,0.12754469,0.07198703,0.17146686,-0.009092914,0.1717078
24.782608845879178,35.07246365433351,80.82854,2419199.8635292053,72.24364,0.0004168888,9.487953e-05,-0.084602445,-0.20369415,0.58569765,0.17233106,0.10157561,-0.055775113,-0.23551399,-0.054878354,0.18015797,0.1883309
24.235507135886934,35.09782643790763,86.62735,5961600.231742859,72.42231,1.789085e-06,-2.6864975e-06,-0.6237568,1.4023523,-0.3775314,0.1156193,0.10812121,0.25393555,-0.3725508,0.19428277,-0.07585839,0.20856723
24.409420342711783,35.02898555779556,73.23672,5961600.231742859,73.24562,0.9916853,0.98267,-0.20098016,1.2307278,-0.042247135,0.26127982,0.013391357,-0.23329619,0.21853015,0.18934077,-0.017235087,0.19012359
24.46739112421217,35.10507235145331,77.031204,2937599.9909877777,72.32552,0.0026983118,-0.0034200998,-0.20496197,-0.50713485,0.97637355,-0.11674804,0.26292828,-0.049657635,-0.1268534,-0.06887627,0.15253249,0.16736218
24.068840433535758,35.050724689208764,75.1399,12527999.469566345,72.614815,0.030297246,0.05725344,0.32131046,-0.7696467,-0.5277865,0.22385466,0.5342229,0.008029826,0.023924619,-0.13038336,-0.100885265,0.16485648
24.369565205050215,35.10507235145331,81.59638,7948799.943351746,72.09103,0.00018987335,3.4880955e-05,-0.0983624,-0.10989721,-0.32039535,0.38270423,-0.21650198,0.2873984,0.030155517,-0.01847028,-0.039341737,0.043461747
24.57246390714934,35.13405809180027,82.83649,9504000.051498413,72.07697,6.1042076e-05,-6.1368715e-05,0.3386848,2.782694,-0.24236733,-0.0010460392,-0.04963819,0.03476832,-0.11270847,0.08926565,-0.017774219,0.09101802
24.171296292717127,35.10648163098043,78.049835,14687999.680709839,72.15976,0.0019460245,-0.00447637,-0.025514577,-1.0359763,0.13768293,0.11838046,0.48775768,-0.16898075,0.14839455,-0.14180197,0.018697223,0.14302932
24.365941903817713,35.11594190204278,77.940506,7603200.0411987305,72.24629,-0.0058934274,-0.0040439,-0.29614228,2.393206,-0.13904938,-0.16242355,0.17817682,0.13888434,0.21145555,0.10652168,0.010815571,0.10706935
24.528985389862203,35.079710263267266,73.800804,2246400.0495672226,73.04074,0.44370368,0.5007554,0.19960411,-0.027260914,-0.39061713,0.30947098,0.82645434,0.12482885,0.5784044,-0.047284584,-0.16064483,0.16745922
24.32608705359737,35.05434782738719,80.59564,1814400.0347614288,72.84916,0.0007516251,-0.00058064656,-0.15824485,-1.2798783,0.7479121,0.13463199,0.21312362,0.08928855,-0.018116433,-0.21963175,0.14686397,0.26421037
24.373188532413735,34.85507217391305,83.68782,7689599.742507935,72.395744,3.1251737e-05,-1.0515184e-05,-0.28076208,-1.3260409,0.70013326,0.45720798,0.3561683,-0.33497596,-0.109089084,-0.09865376,0.07706375,0.1251854
24.242753659958876,34.931159481553294,83.59315,3456000.11844635,72.49296,3.754191e-05,4.455792e-05,0.06911214,-0.64667606,-0.50832814,0.596088,0.36582795,0.109245226,0.57855463,-0.16724873,-0.117944814,0.20465365
24.423912946628306,35.16304383214723,83.815254,3369599.8686790466,72.52252,-4.4301146e-06,-3.3285967e-05,-0.11495438,1.2642696,-0.66956186,0.34364918,0.39418912,0.07233353,-0.09194682,0.11821227,-0.07170784,0.13826118
24.409420264318722,35.097825908808005,75.01247,5702400.030899048,72.94259,0.13446654,0.13521928,-0.19590776,1.1296645,0.321137,-0.052323,0.2912092,-0.18653154,0.010229506,0.0974463,0.018554447,0.09919702
24.177536001617764,35.01449252133363,77.3516,17193599.794006348,72.53832,0.012514464,-0.007081842,-0.3038081,0.99913794,-0.89227545,0.13943076,0.48614636,0.15876317,0.1696949,0.1523107,-0.13073587,0.20072472
24.579710091518006,35.06884069756067,84.24473,9244799.850654602,71.9791,1.555006e-05,1.4724648e-05,0.37606347,1.3473397,-0.0789069,0.065704435,0.38893867,0.02811566,-0.11073119,0.09150014,-0.010286108,0.09207649
24.271739312019278,35.0833337340226,74.97577,12614400.267791748,72.783325,-0.10257169,-0.1317528,-0.059720755,1.6492372,-0.33443862,0.1192101,0.3617479,-0.4508308,0.18990633,0.14811388,0.0054635345,0.14821461
24.43478251062254,35.050724689208764,81.254395,9763200.252342224,71.89666,0.00021301866,0.00017942791,0.07174033,0.098872125,-0.56199044,0.052074097,0.05558311,0.29213446,-0.10466149,0.01585116,-0.06158978,0.06359686
24.152173912100075,34.942029039701325,85.189964,12614400.267791748,73.04784,8.566588e-06,-1.4978679e-05,-0.19904003,-1.1955156,0.68415165,0.22156721,0.6420773,0.08235893,0.3938973,-0.11769236,0.055048313,0.12993002
24.514492864338745,35.152173737341,77.98083,9244799.850654602,72.782005,0.0058413693,-0.009172103,-0.42473114,2.7842875,-0.3461787,-0.2011793,0.05062724,-0.002619721,0.3816406,0.23060109,-0.021267872,0.23157975
24.340579735906957,35.22101461745307,78.71513,3542400.093984604,73.19403,0.006856585,0.0009092435,-0.3956684,0.08119917,0.7629293,0.15835519,-0.12433731,-0.29592702,-0.3428282,0.02009661,0.079421036,0.0819242
24.336956356281394,35.12681217825459,78.56935,1209599.9317646027,73.09254,0.0056176228,0.006916494,-0.091292545,-1.9882548,1.8134552,0.060748536,0.15369597,0.13281292,-0.1998693,-0.12880665,0.12615941,0.18029796
24.293478074173446,35.130434424522214,78.52256,2937599.9909877777,72.726204,-0.0053653037,-0.0049355472,-0.37326175,-0.39176512,1.0845796,0.24238768,0.18870631,0.05918584,-0.12870565,-0.032096643,0.122278236,0.12642057
24.423912946628306,35.16304383214723,83.815254,9071999.899578094,71.9149,-2.1511014e-05,1.9058693e-06,-0.19951689,3.9407725,-0.032699928,-0.1583401,-0.10908619,0.12258667,0.06465949,0.09069348,-0.00095185597,0.09069848
24.286231733018653,35.16304365074164,82.86601,17452799.99485016,71.12761,2.1012305e-05,2.4154442e-05,-0.06284914,-0.66783607,0.8129331,0.08073764,-0.053223453,-0.133885,0.51032734,-0.18105987,0.20308831,0.27208003
24.528985389862203,35.079710263267266,73.800804,2159999.936914444,73.02528,0.4235654,0.49533612,0.19010521,-0.029983237,-0.38890558,0.32463473,0.82532775,0.13093156,0.58228517,-0.050426558,-0.16246949,0.17011517
24.659420157792983,35.13768139626715,82.9603,17884799.598312378,71.5698,-1.05751e-05,-2.2922944e-05,0.093165174,0.48828095,-1.8549358,0.20162019,0.55108035,0.24600357,-0.10524248,0.048322458,-0.16829288,0.17509298
24.003623304347823,35.192029209683014,80.788605,16934399.593162537,72.2316,-0.0003917932,-0.00023710098,0.30908376,-2.5176644,1.0122455,0.11165963,0.23682687,-0.11810701,-0.11636672,-0.201433,0.09763439,0.22384755
24.282608510179216,35.10869565592019,73.044136,2592000.0888347626,73.16861,0.8882136,0.77630824,-0.5587358,-0.40803438,0.6644291,0.40862194,0.071624406,-0.3134557,0.04691745,-0.119911775,0.18869406,0.22357166
24.60144921950647,34.9456523441682,85.40489,10108800.15449524,72.203705,9.4202466e-07,4.932357e-08,0.15221828,-2.5711207,0.13627021,0.6209773,0.38916156,0.03358366,0.09561801,-0.1648744,0.050574295,0.17245674
24.507246418659868,35.018115659512056,74.98295,13564800.27294159,73.75783,-0.31232318,-0.23989941,-0.1776681,1.0146431,0.28240246,0.22673637,-0.24306044,0.24819887,0.25559843,0.13294932,0.016508104,0.1339703
24.264492787947336,35.06521739309379,75.914215,18057600.097846985,73.73528,-0.0039020956,0.1313917,-0.2230487,0.8425105,-0.7980283,-0.059969,0.33626935,0.015565395,0.11974919,0.24117357,-0.20659351,0.31756192
24.340579657513896,35.072464168316,77.031204,7603200.0411987305,72.27526,0.010100242,-0.013746294,-0.1766213,1.7666011,0.15757765,-0.10575045,0.31527737,0.28859678,0.18868959,0.21052884,0.03318181,0.21312772
24.17028990870767,35.119565206509655,75.23819,7430400.090122223,72.24612,0.06504843,-0.036814027,-0.44298983,-0.6955268,-0.2601232,0.27828208,0.44388622,0.08348122,-0.38910937,-0.13734399,-0.042711567,0.14383201
24.365941903817713,35.11594190204278,77.940506,4406400.123596191,72.42848,0.0051720664,-0.0010930302,-0.41742796,0.13508128,0.92021537,0.10244349,0.23692283,-0.14432797,-0.2727109,0.093244195,0.16905792,0.1930675
24.340579657513896,35.072464168316,77.031204,1987199.9858379364,72.43254,0.015705647,-0.0128703145,-0.08544581,-0.81024706,1.1156393,0.20145407,0.2686791,0.03453644,-0.11341772,-0.16301644,0.22008424,0.27388215
24.728260869121893,35.15579704180788,79.23173,13219200.370788574,73.411194,-0.0041717486,0.0046620015,-0.26066783,0.28188625,0.7961307,-0.0305636,0.026160683,0.3593335,0.26115707,0.021793252,0.16642597,0.16784681
24.409420264318722,35.097825908808005,75.01247,13219200.370788574,73.33398,-0.10305152,0.18454698,-0.006175451,1.8675027,-0.39140463,0.16850707,0.060287587,-0.2004599,0.114818215,0.16777274,-0.021519477,0.16914721
24.068840433535758,35.17753635462667,82.62194,13478399.474716187,71.91087,3.296214e-06,-6.0395676e-05,-0.05536898,-0.91557634,0.24874319,0.28112537,0.2932653,-0.16736034,0.034899116,-0.19598188,0.061992493,0.20555282
24.49275373635028,34.95652190987481,78.13308,17452799.99485016,73.72159,-0.018733947,0.0017581577,-0.20735414,-0.53195006,0.4023103,-0.10175068,-0.084439196,0.12755585,-0.1315684,-0.12632619,0.12178668,0.17547165
24.471014503837736,35.137681214861566,84.09494,5097599.927902222,72.51572,-2.9312836e-05,1.302154e-05,0.063827425,0.65059346,-0.30707443,0.52322036,0.19834384,-0.15386325,-0.020513065,0.09198558,-0.04404023,0.101984754
24.141304256647267,35.05072417522627,80.839714,12700799.969100952,71.65731,0.00011928875,-3.352728e-05,-0.25544986,-2.4596872,-0.18358931,0.1502862,0.2556002,-0.38912475,-0.059770837,-0.10197943,-0.011294578,0.10260298
24.43478251062254,35.050724689208764,81.254395,3887999.996137619,72.20673,0.00016666029,0.00025556804,0.1085695,-0.33120924,0.6875149,0.040785726,-0.08457755,0.07088675,-0.0058915764,-0.09601469,0.12032397,0.15393727
24.423912946628306,35.13405791039468,84.735344,3283199.893140793,72.38349,1.3202402e-05,1.2445318e-05,0.04849632,0.78976005,-0.66708076,0.48730704,0.3430851,0.05024953,-0.15290478,0.20022386,-0.16405992,0.25885373
24.409420342711783,35.02898555779556,73.23672,10368000.35533905,73.32293,-0.587949,0.6202578,-0.04530453,2.3488908,-0.3011225,0.2275807,0.06343435,0.20360437,-0.041084334,0.2094019,-0.01830735,0.21020067
24.40579722439643,35.07608730649443,81.130585,345600.00498890877,73.173195,-0.0007428456,-0.0004637781,0.02088771,-1.9068935,1.447475,-0.019562311,-0.2374374,-0.021305472,-0.10434746,-0.1596886,0.12358941,0.20192769
24.3913043591697,35.05434799367564,86.750465,14601599.979400635,71.86107,-1.4683557e-06,6.6598176e-07,-0.050388772,0.57354975,-0.37039286,0.2679157,-0.06768838,-0.15096468,0.37510756,0.20942038,-0.11214241,0.23755592
24.24275355543479,35.275361916886446,83.709785,6825599.987125397,72.27805,2.2585533e-05,-2.2920696e-05,-0.57428217,2.3146489,2.166035,-0.35366213,-0.3418166,-0.18089348,-0.027253382,0.14687824,0.14702897,0.2078238
24.518115930392057,35.170290078269815,76.7112,2678400.0643730164,72.719635,0.005346922,0.022421166,-0.10105051,-0.4410771,0.98289573,-0.36321685,0.06905735,-0.05126307,-0.101611294,-0.05792924,0.15493882,0.16541412
24.278985574781007,35.18478260074926,85.36457,13478399.474716187,71.376076,3.33515e-06,-1.248338e-06,-0.05460772,1.3621767,0.22552241,-0.16943231,-0.045129366,0.14606416,0.30262324,0.13787803,0.043416988,0.14455236
24.503623143558386,34.916666955294566,80.479385,7689599.742507935,71.9896,-0.00015900983,0.00013580381,-0.19519013,1.5235667,0.5236798,-0.18720749,0.08702789,-0.1127686,0.102152765,0.21102335,0.06741293,0.22152959
24.85869584610084,35.31159408476158,76.05999,12960000.169944763,76.11647,-0.92432404,-0.9071407,-0.36712587,0.55119574,-0.22069333,-0.011695251,0.104870975,0.009281147,0.1743831,0.18004456,-0.082979284,0.19824633
24.134057993885538,35.130434787333385,80.741425,10281599.557113647,72.12943,-0.00011444784,0.0003876178,-0.04638822,-1.8149588,-0.30088216,0.39811298,0.2287195,-0.11122506,0.050242558,-0.18628284,-0.0207191,0.18743153
24.2137679164399,35.101449394680465,78.1842,4147199.9227523804,72.49793,-0.004203191,-0.0051033157,-0.33483475,-0.7982894,0.489312,0.1911495,0.39694196,0.09101658,0.1769653,-0.10471656,0.078942314,0.13113904
24.586956589458925,35.03623181903528,81.050644,16761600.190544128,72.342316,-5.5426528e-05,0.00038991988,-0.20258525,1.3058249,-0.9204079,0.044484295,0.33001053,0.16442835,-0.20392266,0.18149203,-0.11160617,0.2130617
24.880434869565217,35.11594208344836,73.60822,10713600.257492065,73.49766,-0.1923339,-0.2258716,0.26301718,-2.963643,0.92249334,-0.10788343,0.02613049,-0.08686831,-0.3730406,-0.29409343,0.10303652,0.3116207
24.003623304347823,35.192029209683014,80.788605,17798399.897003174,72.25178,-0.0004529306,0.00026741374,0.25051057,-2.1819975,1.4048,-0.005219206,0.14979967,-0.0951666,-0.1403715,-0.13040082,0.08889745,0.15781993
24.641304357168043,34.938405387540406,81.3883,3110399.9420642853,71.65237,-0.000120522345,7.376991e-05,-0.27232146,0.060627103,0.7524457,0.12866661,0.26050833,0.068447515,0.2830332,0.04690971,0.15603761,0.16293636
24.282608510179216,35.10869565592019,73.044136,11750399.96395111,73.06412,-0.9663048,0.7800321,0.018409513,2.4311914,-0.00014462695,0.03369822,0.058232456,0.0014220551,0.03388237,0.17819554,0.01596049,0.17890888
24.528985389862203,35.079710263267266,73.800804,14947199.88155365,73.83305,0.79650027,-0.30657014,0.060989916,0.13498124,0.39553648,0.28947043,-0.24481568,0.12669444,0.10732383,0.02889099,0.103431076,0.10739031
24.409420264318722,35.137681214861566,85.684586,1814400.0347614288,72.19445,-4.326338e-06,1.0858157e-09,0.10728678,0.45882905,-0.59204024,0.5783201,0.37800008,0.07425576,-0.3424239,0.13063301,-0.15330622,0.20141444
24.242753659958876,34.931159481553294,83.59315,17712000.19569397,70.544945,-7.3279352e-06,4.1998987e-06,-0.24092646,0.2451262,0.29967487,-0.04206311,0.10870206,0.53449565,0.72052324,0.1085142,0.10773965,0.15291554
24.503623143558386,34.916666955294566,80.479385,518399.99034404755,71.60766,0.0001979141,-9.210575e-05,-0.161742,-1.0323341,1.1740569,-0.20459282,-0.49080282,-0.00047960132,0.22553775,-0.17329052,0.20567167,0.2689432
24.72463775080654,35.097825908808005,83.506035,950400.0051498413,72.512146,4.875506e-05,5.9053154e-06,-0.12723266,-0.90355206,0.5866784,0.045791656,0.15739039,-0.07725877,0.084409684,-0.14322811,0.08094562,0.16451895
24.358695745580064,35.14492749121842,79.46463,7343999.840354919,72.14594,-0.0007426707,-0.0012973965,-0.27566832,2.1026983,-0.08472708,-0.005031854,-0.19596934,0.025108326,0.09510574,0.08224079,-0.0025242236,0.08227952
24.442029139218562,35.043478080275,76.86345,13478399.474716187,73.035065,0.03025713,0.023802573,-0.24102029,1.5468864,-0.27710092,-0.0977573,-0.17752832,-0.0140394345,0.033304043,0.15008405,-0.018491548,0.1512189
24.242753659958876,34.931159481553294,83.59315,10713600.257492065,72.54346,-3.774943e-05,-2.3063454e-05,-0.14364555,-1.9123096,0.15461965,0.1605353,0.44729927,-0.1760068,-0.089287646,-0.15166157,0.004233135,0.15172064
24.481884276880134,35.21376834109622,79.042,13651199.974250793,72.37388,-0.0024365545,-0.0013137464,0.10817996,1.6275463,-0.032773584,-0.02998288,0.13188036,0.38002345,-0.04712355,0.10217578,0.008180148,0.1025027
24.525362323808892,35.01449270273921,80.76379,12873600.46863556,71.95118,-0.00018869058,-0.00035488754,-0.30351987,2.0407577,-0.12002108,-0.0975297,0.16871247,0.36367974,-0.0036111288,0.17356907,-0.0044128904,0.17362516
24.659420157792983,35.13768139626715,82.9603,1036799.9806880951,72.82865,0.000106144274,8.419001e-05,-0.013270326,-1.1979449,0.95953906,0.157018,0.13298802,-0.06507311,-0.07926364,-0.19245434,0.15931906,0.24984242
24.507246418659868,35.018115659512056,74.98295,345600.00498890877,72.70588,-0.123472944,-0.11041204,-0.08448317,-0.21472152,-0.26916856,0.6550913,0.6184406,0.0704121,0.56303334,-0.20968103,-0.17985298,0.27624848
24.55072462237475,35.07608730649443,88.70044,4838399.727058411,72.723564,3.769711e-07,5.2000235e-07,0.11818953,1.7859731,0.24701859,-0.13291198,0.047548123,-0.016072653,-0.34006542,0.1701785,0.022793699,0.17169821
24.177536001617764,35.01449252133363,77.3516,10886399.660110474,72.24455,-0.004480141,-0.009559886,-0.13571557,-2.0868733,-0.41295308,0.4380679,0.37707508,-0.46017256,0.07713927,-0.22432727,-0.027883798,0.2260536
24.409420185925658,35.126811301460926,78.58091,4924799.976825714,72.47607,-0.0005972381,-0.0036558856,-0.37517512,0.19254279,0.9911401,0.054124206,0.007711731,-0.17043531,-0.28001317,0.050622832,0.17204891,0.17934184
24.202898613755877,35.17753635462667,82.22561,4319999.873828888,72.32269,-0.00012672847,1.0418293e-05,-0.5758565,0.9277951,0.0030166637,0.5117465,0.6201108,0.46292296,0.016852144,0.12693766,-0.012598789,0.12756135
24.782608845879178,35.07246365433351,80.82854,6480000.084972382,73.13969,-0.0009771879,-0.0007319509,-0.5798655,2.0200365,0.24210058,0.06290707,0.42841202,-0.119391404,0.050958455,0.2430385,0.05252836,0.24865024
24.514492864338745,35.152173737341,77.98083,4579200.074672699,72.68381,0.0014299186,-0.00029668096,-0.18487415,0.11073713,0.95421743,-0.32268932,-0.00018914044,-0.07860706,-0.25286785,0.057337455,0.1563557,0.16653734
24.518115930392057,35.170290078269815,76.7112,14256000.07724762,73.365456,-0.046308413,-0.048138365,0.079322025,1.7440425,-0.27692068,0.0675707,0.0046340823,0.28374332,0.16839084,0.13138728,-0.02186892,0.13319485
24.202898613755877,35.17753635462667,82.22561,11145599.860954285,71.19878,2.7083495e-05,-6.360584e-06,-0.38742983,2.6494122,0.07737884,-0.073307164,-0.018666223,0.14798483,0.14411752,0.10207266,0.020129666,0.10403861
24.373188349496587,35.09782609021359,73.044136,5011200.226593018,73.07297,0.23431674,0.936897,-0.22347705,0.66833925,0.25803453,0.24944368,0.1726104,-0.4288311,0.06972025,0.029799582,0.020638093,0.036248393
24.3913043591697,35.05434799367564,86.750465,2851200.015449524,72.20108,-1.9510578e-06,-6.579452e-07,0.27788723,-0.9725424,-0.7747992,0.67999226,-0.3267451,-0.05082713,-0.2189782,-0.120603815,-0.08874528,0.14973645
24.525362323808892,35.01449270273921,80.76379,13132799.572563171,71.946396,-0.00022570729,-0.0002996577,-0.3395148,1.975744,-0.14022486,-0.07071782,0.16732216,0.34243375,-0.006495312,0.16881761,-0.007059753,0.16896516
24.33695651306752,35.26449269887389,75.24537,3456000.11844635,72.54474,0.08678967,0.08749931,-0.20430176,0.73194045,-0.20357145,-0.037824705,-0.024488509,-0.11035774,-0.30180728,0.098097414,-0.033154197,0.10354856
24.278985653174068,35.159420527680346,80.15937,2246400.0495672226,73.126724,0.00053643883,-0.00029555173,-0.21996032,-0.52283263,0.9872067,0.34371874,0.24531376,0.17008671,0.03987216,-0.05497124,0.14529075,0.15534233
24.15217408195171,35.09782609021359,90.079155,12182399.56741333,73.41624,1.4220223e-07,2.9971392e-07,0.08464895,0.6995113,0.0039475653,0.46135446,0.407703,0.086951785,0.15395182,0.19799522,0.00030014315,0.19799544
24.528985389862203,35.079710263267266,73.800804,10454400.056648254,73.74803,0.5535427,-0.8470148,-0.124626115,1.758069,0.2900511,0.062003188,-0.03378979,0.24175507,0.3154171,0.12832598,0.011154243,0.12880984
24.235507135886934,35.09782643790763,86.62735,11059200.15964508,71.77301,-1.3895462e-07,-1.5291704e-06,-0.2606441,1.5509923,-0.22677685,0.24843946,0.1747579,0.20485914,0.0019178987,0.30531564,-0.02853643,0.30664632
24.242753659958876,34.931159481553294,83.59315,4406400.123596191,72.36514,-2.6779111e-05,-3.9727416e-05,0.08393544,-1.2830492,-0.68336755,0.6682522,0.37793797,0.038438458,0.5158942,-0.14236078,-0.058506984,0.15391445
24.358695745580064,35.14492749121842,79.46463,2764800.03991127,72.882965,0.0023509676,-0.0024965734,-0.3481723,-0.43141216,1.6044331,0.13787997,-0.010531008,-0.043721803,-0.2939814,-0.022649482,0.18793151,0.18929145
24.40579722439643,35.07608730649443,81.130585,16588799.691009521,71.75105,2.3986579e-05,2.8851871e-05,-0.33307528,1.8455014,-1.0397043,0.068758085,0.14110562,-0.06507725,0.03342876,0.11347925,-0.0628928,0.12974222
24.62318819070881,35.09782625650204,81.14894,7343999.840354919,72.62198,6.570917e-05,-3.8270813e-05,-0.10115452,2.2818944,0.7808925,-0.041736133,0.056505855,-0.099193655,-0.18143031,0.1610976,0.050864186,0.16893668
24.3985509616347,35.079710263267266,82.39983,9071999.899578094,71.97717,7.373313e-05,3.2445078e-06,0.105158746,-0.5667674,-0.639906,0.39560494,0.09111447,0.30016395,-0.076799996,-0.070416145,-0.0856154,0.11085319
24.822463669968496,35.11956556932083,79.471794,8380800.095272064,73.57247,-0.0017619057,-0.0047953124,-0.036438268,1.564773,-0.6014501,0.0047169924,0.63091797,0.28302526,-0.01983469,0.16579214,-0.10251444,0.19492625
24.40217392316393,35.07246365433351,77.73675,259199.99517202377,72.70022,-0.0024827076,-0.009865802,0.08801721,-2.4747844,1.3098378,0.066315025,0.40337336,0.1945309,-0.08583758,-0.27342784,0.11299791,0.29585692
24.235507135886934,35.09782643790763,86.62735,3196799.917602539,72.223495,-2.2959389e-06,3.3614677e-07,-0.4478941,0.70678335,-0.9998683,-0.075551875,0.16106974,0.22285986,-0.52042156,0.1847758,-0.22283122,0.2894751
24.731884091961334,34.88405773852335,82.62194,15724800.484085083,72.68527,-2.2645127e-05,-0.00012808153,-0.08781489,0.028182983,-0.7390133,0.1485978,0.16852458,0.08807605,-0.40666917,-0.03225479,-0.14659862,0.15010506
24.282608510179216,35.10869565592019,73.044136,3887999.996137619,73.06946,0.8635972,0.9265185,-0.6726615,-0.08224492,0.4754547,0.3994939,0.038589086,-0.51862305,-0.040498495,-0.03653082,0.16792794,0.17185545
24.336956356281394,35.12681217825459,78.56935,16329599.49016571,72.14532,0.0006396876,-4.608565e-05,-0.12835017,0.7086902,0.020584803,-0.08446885,0.19326809,-0.009244502,0.24792573,0.16820265,0.019270597,0.16930294
24.659420157792983,35.13768139626715,82.9603,1209599.9317646027,72.822556,0.000105707615,8.856448e-05,-0.0014575571,-1.0736439,0.95487946,0.17167349,0.13207716,-0.059134178,-0.07300821,-0.18639114,0.16090624,0.24623662
24.521739153231497,35.18115965909355,80.50853,17107200.092697144,71.93267,-0.00041902525,0.00042380946,-0.032712117,0.58169293,-1.0154526,0.22730055,0.31980237,0.27714065,0.20755386,0.078067526,-0.20700629,0.22123775
24.677536062942007,35.07971042955572,84.775665,16243199.788856506,72.11268,4.0240443e-06,9.804122e-07,-0.3115792,0.71372384,-0.6006238,0.20281774,-0.024614096,0.28969684,0.054018855,0.050406583,-0.07014552,0.086378336
24.282608510179216,35.10869565592019,73.044136,13305600.072097778,73.02758,-0.927166,-0.9610644,0.06845972,2.5282357,-0.077638164,0.019309726,0.05725486,-0.0530608,0.09632648,0.1927299,0.015792787,0.19337587
24.271739312019278,35.0833337340226,74.97577,17193599.794006348,73.8131,0.035677582,0.31628534,-0.22752847,1.9080722,-1.0093634,-0.04840797,0.35031027,-0.045015916,0.12240453,0.24889968,-0.08742287,0.26380637
24.003623304347823,35.192029209683014,80.788605,2937599.9909877777,73.222755,0.000109673514,0.0005687212,-0.013255045,-0.8020433,-0.8000375,0.21390307,0.50482017,0.17136535,0.838458,-0.15053365,-0.13256265,0.20058224
24.525362323808892,35.01449270273921,80.76379,16761600.190544128,72.35231,0.00041561638,0.00038961667,-0.15518,0.8554017,-0.9789684,0.19788232,0.3637537,0.013402693,-0.2882049,0.08340945,-0.097691804,0.12845553
24.782608584568965,35.06521774078783,85.492004,11750399.96395111,72.66229,1.1345137e-06,-5.2391824e-06,-0.06214866,2.789029,-0.13818991,-0.27086186,-0.4118272,0.32270667,0.32009616,0.15112673,0.04011948,0.15636131
24.55434784521419,35.039855304907746,78.730316,15033599.582862854,72.84647,-0.0013653989,-0.0047824993,-0.29809242,1.5736376,-0.44129282,0.06863602,0.21665758,0.20778334,0.2522437,0.15714216,-0.043500844,0.16305208
24.365941903817713,35.11594190204278,77.940506,16243199.788856506,72.60259,-0.00665436,-0.006151957,-0.037787057,1.011139,-0.13129309,-0.06451724,0.06160385,0.0032870248,0.07879625,0.18222545,-0.021982864,0.18354662
24.351449221508126,35.36231895652174,77.53338,8899199.948501587,72.68094,-0.01016347,0.0005740503,0.0616619,2.7362013,1.8834982,-0.4799403,-0.19222221,0.27332196,0.10998298,0.14188871,0.096026964,0.17132887
24.677536062942007,35.07971042955572,84.775665,11577599.464416504,72.28402,1.1084572e-05,-1.2760419e-05,0.07106906,2.5097106,0.024533007,-0.3622284,-0.15309829,0.32861015,0.24362922,0.10475927,0.022923002,0.107237905
24.293478074173446,35.130434424522214,78.52256,6912000.2368927,72.00521,0.0024475094,-0.0027679706,-0.20951891,1.3761896,-0.20295742,0.09482735,0.39896625,0.14751527,0.10157591,0.11100787,0.007704541,0.11127491
24.52536253285706,35.05797113185407,79.99595,172800.00249445438,72.13349,-0.00042617915,0.00071650837,0.118736565,-2.0394318,1.1841934,-0.16131887,0.05887421,-0.016254112,-0.07060913,-0.16016567,0.102786094,0.19031034
24.626811465810288,35.05797113185407,83.9315,14428799.479866028,72.088745,2.0584277e-05,-2.7630338e-06,-0.09752489,1.106523,-0.06606226,0.018640425,0.0006966144,0.39040884,0.09551954,0.063792594,-0.027722241,0.069555864
24.278985574781007,35.18478260074926,85.36457,4752000.025749207,71.69517,-3.7413888e-06,8.0965606e-07,-0.68041706,0.95482075,-0.4527238,0.14178392,0.34324864,0.0851168,-0.20585656,0.14124523,-0.05659376,0.15216133
24.242753659958876,34.931159481553294,83.59315,3887999.996137619,72.41255,2.1423687e-06,2.2315147e-05,0.07831682,-0.91723895,-0.60054785,0.6350404,0.36648852,0.081818976,0.5527735,-0.1499047,-0.09172262,0.17573975
24.409420264318722,35.097825908808005,75.01247,3023999.9665260315,72.83163,0.12927616,0.04882786,-0.1661604,0.2271193,0.264741,0.28463626,0.44705424,-0.15084997,0.093873486,0.03965999,0.06633808,0.077289425
24.369565205050215,35.10507235145331,81.59638,6480000.084972382,72.27238,-0.00012722398,0.00013372621,-0.05394461,-0.77886367,-0.04095034,0.46192032,-0.1819875,0.25701973,-0.12067691,-0.13084489,0.01733132,0.13198772
24.268116089179838,35.07971042955572,81.07262,18143999.79915619,70.93835,7.987849e-05,0.00010742017,-0.42966706,0.7624839,0.053434066,-0.031031713,0.3195155,0.3024697,0.66264594,0.20794232,-0.007905292,0.20809254
24.340579735906957,35.22101461745307,78.71513,172800.00249445438,73.50784,0.0045983805,-0.008813636,0.03484668,-2.9917705,1.3679141,0.16591215,-0.1026726,-0.27014107,0.00394528,-0.2877445,0.053597283,0.29269364
24.481884276880134,35.21376834109622,79.042,18403200.0,72.21292,1.2952559e-05,0.0019169403,0.1112878,0.7638019,-1.2216693,0.040976625,0.005166173,0.14654946,0.2207304,0.09996278,-0.09865139,0.14044449
24.53985505838052,35.14492730981283,78.72631,13824000.4737854,72.61776,-0.003607203,0.00062861416,-0.20775193,2.3490345,0.036276277,-0.08249817,0.055011593,0.4082032,0.1964865,0.28925014,0.009377122,0.2894021
24.15217408195171,35.09782609021359,90.079155,5356800.128746033,71.76686,5.4785122e-08,9.820905e-09,-0.25169247,2.4214063,0.8971975,-0.34392565,-0.25361705,0.12800299,-0.489175,0.21023484,0.07204908,0.22223805
24.623188347494935,34.98550731008629,86.27349,5356800.128746033,72.27251,2.3123462e-06,-1.3935706e-06,0.33166325,-1.2395086,0.244386,0.011787083,-0.1506612,0.26929653,0.026530776,-0.19269687,0.05407742,0.20014109
24.608695560661264,35.210145036629335,80.071884,7948799.943351746,72.79919,-0.0013609721,0.00069319684,0.017399572,1.9190412,0.36508405,0.15112412,0.022031792,-0.031230792,0.026687188,0.18080752,0.07280266,0.19491431
24.340579657513896,35.072464168316,77.031204,14342399.778556824,72.67614,0.01603617,0.018917765,-0.18521284,1.6193128,-0.741957,-0.09553284,0.330974,-0.31679496,0.029505178,0.17281444,-0.05961544,0.18280819
24.442029139218562,35.043478080275,76.86345,17107200.092697144,73.805756,0.062987894,0.038635094,0.23861764,0.29844406,-0.8319214,-0.054619215,0.0586617,0.348073,-0.08071992,0.05251914,-0.116127186,0.12745109
24.202898613755877,35.17753635462667,82.22561,18316800.298690796,71.76026,1.6234313e-05,-3.1562768e-06,-0.083708555,-1.356071,1.7915581,0.07152184,-0.27081737,-0.3140234,0.23420164,-0.12563398,0.20452026,0.24002591
24.60144921950647,34.9456523441682,85.40489,8985600.19826889,72.21451,-4.284883e-06,7.574125e-07,0.094148204,-2.6637866,0.23924164,0.5257658,0.2299667,0.1567724,0.255059,-0.13391912,0.049190126,0.14266744
24.15942034471344,35.02536261613985,84.04098,777599.9855160713,73.391594,-2.9578721e-05,-6.4029715e-05,-0.28419405,0.3135313,-0.34579682,-0.057533838,0.011529487,0.18846855,0.06206634,0.036691926,-0.06752223,0.07684757
24.003623304347823,35.192029209683014,80.788605,4665599.775981903,72.28976,-0.00010560462,-0.00015004542,-0.060432717,-0.94957006,-0.76751095,0.16204739,0.4593255,0.08370602,0.6304305,-0.19936062,-0.18484947,0.27187127
24.409420264318722,35.137681214861566,85.684586,11231999.562263489,71.95993,3.8451003e-06,-1.6459114e-06,-0.10467358,2.4056184,-0.15759245,-0.4655785,0.14856708,0.36781582,0.16557457,0.1782189,0.0141980825,0.17878357
24.16304339770124,35.14130418675153,77.183464,3801600.0205993652,72.52822,0.0144180935,0.014812044,-0.580028,0.16077816,0.20209971,0.060011372,0.2836765,0.06076799,0.10226149,0.06999978,0.048113506,0.08494044
24.278985574781007,35.18478260074926,85.36457,6825599.987125397,71.91489,-4.5484785e-06,5.1551706e-06,-0.8855138,2.76666,0.3249886,0.10046692,0.063906446,0.060240984,-0.1386868,0.13947473,0.02175358,0.14116096
24.880434869565217,35.11594208344836,73.60822,6825599.987125397,73.56235,-0.9525012,-0.9329854,0.24394508,-1.7745458,-0.3610558,0.54251146,0.08169939,0.14033046,-0.28834257,-0.16673113,-0.021401707,0.16809909
24.278985653174068,35.159420527680346,80.15937,1641599.9465703964,73.34283,0.00084549893,7.720204e-05,-0.12119761,-1.1217997,1.0911895,0.306523,0.23082107,0.18557878,0.07021864,-0.13607414,0.14035042,0.19548507
24.171296292717127,35.10648163098043,78.049835,5615999.781131744,72.479706,0.005524498,0.0022290715,-0.33639443,-1.4454272,-0.14418344,0.34064767,0.5673684,0.14602947,0.248631,-0.24589914,0.027408905,0.24742198
24.619565229179578,35.18478278215484,82.255135,1468799.9954938889,73.24721,0.0002735444,0.00027359705,-0.14528416,-0.5018254,0.8884456,0.2383816,0.07884424,0.03036566,-0.065599605,-0.111345984,0.20016149,0.22904705
24.72463775080654,35.097825908808005,83.506035,8639999.747657776,72.53575,3.152746e-05,4.543159e-05,-0.37250167,2.767954,0.038879517,-0.32198974,0.09887894,-0.0050931796,-0.064473115,0.20650141,-0.054510444,0.21357486
24.35507260113369,35.04710138474188,76.478294,3023999.9665260315,72.17566,0.016371224,0.015323606,-0.19579497,0.2274726,0.63443977,0.23360103,0.15651359,-0.09358776,-0.076841824,0.062104955,0.12773131,0.14202927
24.068840433535758,35.050724689208764,75.1399,12009600.164794922,72.68261,0.082009934,0.09726944,0.25429988,-1.2425079,-0.4914664,0.26487994,0.50298357,-0.01644224,0.06906279,-0.1925628,-0.074853525,0.20659982
24.47463793572534,35.15579704180788,74.131996,777599.9855160713,72.25873,-0.18119945,-0.18329386,-0.07852985,-1.3175836,0.37832546,0.5572981,0.79661936,0.15766987,0.2637945,-0.2625849,0.028499661,0.26412696
24.731883987437246,34.999999998854186,80.17734,1555199.9710321426,71.71753,0.0004514432,0.00036590133,0.107268736,-0.9135854,1.1881316,0.01396006,0.077876374,-0.014628701,-0.07357897,-0.09568958,0.073004134,0.12035821
24.49275373635028,35.04710138474188,79.64641,8380800.095272064,72.327675,-0.0006415832,0.00117371,-0.11455286,1.5580779,-0.40018624,-0.1587421,-0.08293993,0.09221992,0.036507964,0.12755004,-0.04239786,0.13441202
24.278985574781007,35.18478260074926,85.36457,10022400.453186035,71.61109,3.4769987e-06,5.070231e-07,-0.5971804,4.4121675,0.22801164,-0.31630534,0.00011577457,0.19220285,0.036298223,0.24442686,0.057800658,0.25116807
24.235507135886934,35.09782643790763,86.62735,518399.99034404755,72.95792,-3.5465453e-06,-2.7994786e-06,-0.5474241,0.8702621,-1.1163903,-0.2701729,0.26577708,0.012491941,-0.33736515,0.090559535,-0.122615546,0.15243228
24.623188347494935,34.98550731008629,86.27349,4319999.873828888,72.38794,2.510743e-06,-1.1078333e-06,0.26864725,-0.9021207,0.32002002,-0.025876962,-0.102011256,0.27299455,0.08519223,-0.17313696,0.05946956,0.18306565
24.423912946628306,35.16304383214723,83.815254,14083199.577713013,71.39139,-4.0205405e-06,1.3655999e-05,-0.1373265,1.3903098,-0.08747169,-0.19164968,0.09443329,0.4614667,0.21073192,0.13149588,-0.008668448,0.1317813
24.423912946628306,35.13405791039468,84.735344,11491199.7631073,71.80202,5.8308287e-06,4.6124874e-06,-0.08229366,2.216329,-0.06018521,-0.33160385,0.050187655,0.40791407,0.11695662,0.18165705,-0.011112659,0.18199663
24.782608845879178,35.07246365433351,80.82854,12182399.56741333,72.80531,-0.000527508,0.00033792664,0.046096638,0.8539801,0.09116662,-0.0074497387,0.006569229,0.18050039,0.33232874,0.09484493,0.018302834,0.096594796
24.525362323808892,35.01449270273921,80.76379,4752000.025749207,71.94586,0.00026789654,-7.4894335e-05,-0.096286915,0.27482942,0.48695904,0.09556183,0.25337246,0.04787144,0.036280908,0.10022109,0.11174532,0.15010424
24.340579657513896,35.072464168316,77.031204,8035200.193119049,72.28972,0.012621821,0.0036371034,-0.14875792,1.8354374,0.09822207,-0.138318,0.28281304,0.2852587,0.24246746,0.23379917,0.040514875,0.2372836
24.351449221508126,35.36231895652174,77.53338,950400.0051498413,73.12135,-0.009298794,-0.008326287,0.20599513,-2.3517103,0.3351428,0.2781358,-0.023039445,-0.037355445,0.44043723,-0.22143497,0.032032296,0.22373983
24.409420342711783,35.02898555779556,73.23672,4924799.976825714,73.2016,-0.65777564,-0.66428924,-0.143242,0.8257103,-0.025074653,0.2652155,0.0706675,-0.26020753,0.23401356,0.21328393,-0.034121804,0.21599615
24.369565205050215,35.10507235145331,81.59638,10454400.056648254,71.60133,1.4109506e-05,1.3907697e-06,-0.08890751,1.6058191,-0.43477726,0.042194318,-0.12038512,0.33168057,0.079293534,0.07303906,-0.014400328,0.074445106
24.5036234048686,34.94565269942081,84.86278,17625600.494384766,71.665695,5.1638776e-06,-6.4529854e-07,-0.053584583,1.3175297,-0.91179967,0.1480977,-0.2127068,-0.030084565,-0.008796297,0.19357662,-0.11710862,0.22624397
24.518115930392057,35.170290078269815,76.7112,17712000.19569397,73.8642,-0.07279727,-0.073085606,0.10803321,1.7699708,-1.034547,0.19055645,-0.4090574,0.17951265,0.053508144,0.15117729,-0.08243771,0.17219335
24.507246418659868,35.018115659512056,74.98295,11577599.464416504,73.79189,0.3186718,0.3106328,-0.095508724,1.8202667,-0.17080393,0.04321769,-0.19328481,0.25416315,0.28177193,0.22973719,-0.005049675,0.22979268
24.134057993885538,35.130434787333385,80.741425,2332799.8879909515,73.904785,0.0011742939,-0.00044880275,-0.2933662,-0.5741926,-0.07130364,0.45043528,0.4653906,0.4974658,0.4998744,-0.19630808,-0.041058972,0.20055598
24.52536253285706,35.05797113185407,79.99595,432000.01480579376,72.12104,-0.0006924598,0.00058301917,0.060725734,-1.9383714,1.2573884,-0.16071698,0.022270776,-0.017008595,-0.06617861,-0.1561145,0.10849177,0.19011103
24.471014503837736,35.137681214861566,84.09494,8639999.747657776,72.08156,-5.9706363e-06,7.7423065e-06,0.14320278,3.079698,-0.1902414,0.066734575,0.026490077,0.014838655,0.03031439,0.06699644,-0.0063292435,0.06729475
24.46739112421217,35.10507235145331,77.031204,11836799.665260315,72.902,0.014286794,-0.015416767,-0.16834706,2.2744467,-0.30220366,-0.28356794,-0.108876355,0.04072093,0.36145544,0.16216016,-0.006069308,0.16227369
24.264492787947336,35.06521739309379,75.914215,9071999.899578094,72.074745,-0.0297153,-0.020770393,-0.12734206,1.1890719,0.13768834,0.007450223,0.3996408,0.1485765,0.18512797,0.18465285,0.005772428,0.18474306
24.278985653174068,35.159420527680346,80.15937,3542400.093984604,72.7312,-0.0005030274,-0.001130737,-0.39017618,0.51583374,0.7071918,0.41173044,0.27154163,0.1551907,-0.038947433,0.065775886,0.11613844,0.13347137
24.507246418659868,35.018115659512056,74.98295,14774400.478935242,73.77677,-0.2448814,-0.33497274,-0.09464443,0.35091412,0.3322444,0.3227298,-0.21303126,0.25563207,0.23866439,0.05731101,0.087083764,0.10425034
24.278985574781007,35.18478260074926,85.36457,17798399.897003174,71.289474,2.1261949e-06,1.2307501e-06,-0.10631117,-0.8473685,1.4051535,0.18332458,-0.34171402,-0.19259366,0.3178077,-0.12123197,0.21985085,0.25106093
24.572463802625258,35.028985391507106,77.31845,5702400.030899048,72.78065,0.007642738,0.016561039,-0.1975185,1.119404,0.113858536,0.18246979,0.21034178,-0.18130288,-0.1992302,0.180331,0.025056181,0.18206342
24.677536062942007,35.07971042955572,84.775665,11231999.562263489,72.27396,5.1057623e-06,-1.1347071e-05,0.07167494,2.6060812,-0.09587509,-0.35914642,-0.12649259,0.32859695,0.2022914,0.102726065,0.0087191155,0.10309543
24.623188347494935,34.98550731008629,86.27349,16588799.691009521,72.50399,-3.8161434e-06,-1.0001353e-06,-0.07650572,0.83305985,-0.62474936,0.29274008,-0.09622369,0.094043635,-0.09042709,0.118822165,-0.1104423,0.16222271
24.351449221508126,35.36231895652174,77.53338,15638399.68585968,72.27559,0.008619698,0.008594244,0.23467298,1.006057,-0.525837,-0.5561634,-0.36737448,0.104240015,0.035204142,0.09473104,-0.057312425,0.11071894
24.619565229179578,35.18478278215484,82.255135,10540799.757957458,72.08146,-9.754819e-05,-8.593727e-05,0.18966807,2.2592516,-0.5045224,-0.117462434,-0.2336097,0.1164694,-0.046755835,0.104736514,-0.029645085,0.108851135
24.518115930392057,35.170290078269815,76.7112,11750399.96395111,73.21299,0.033763587,-0.022382881,-0.20747697,2.6384652,-0.1671293,-0.12530693,0.2717611,0.16849744,0.49002978,0.12306661,-0.02704727,0.12600376
24.202898613755877,35.17753635462667,82.22561,10540799.757957458,71.29975,5.2688207e-05,-2.9456814e-05,-0.4243505,2.8843038,0.08254167,-0.071801,0.025132116,0.18402506,0.09529447,0.09804847,0.022868214,0.10067998
24.40217392316393,35.07246365433351,77.73675,14947199.88155365,72.62276,-0.009862084,-0.009947618,0.005432144,1.4570258,-0.5781328,-0.16025609,0.057402268,0.027874194,-0.066603616,0.14674838,-0.03200968,0.15019889
24.3985509616347,35.079710263267266,82.39983,6480000.084972382,72.213135,0.000102774386,1.5126399e-05,0.24058,-1.9966931,-0.33976448,0.5960566,0.006032288,0.20411018,-0.11123643,-0.14217426,-0.01727125,0.14321947
24.3913043591697,35.05434799367564,86.750465,6393599.835205078,72.47751,1.3432385e-06,-2.10448e-06,0.22933944,-2.2984002,-0.6832935,0.5810017,-0.006433025,-0.123406,-0.057361133,-0.13983017,-0.048156504,0.14789025
24.152173912100075,34.942029039701325,85.189964,9590399.752807617,72.92018,-8.492386e-06,-4.6197403e-07,-0.1003658,-1.4906704,-0.17953853,0.17557251,0.65234196,-0.11188,0.051050004,-0.09232244,-0.037424587,0.09961943
24.586956589458925,35.03623181903528,81.050644,6480000.084972382,72.41102,0.00041260628,-0.00031133316,-0.08271656,1.2443205,0.45985395,0.082724676,0.31280047,-0.08985054,-0.16787568,0.23035756,0.08496706,0.24552801
24.655797039477626,35.09782643790763,82.953125,691200.0099778175,72.61831,-1.8762834e-05,-1.712119e-05,0.093092754,-1.4069577,0.6427187,0.08567903,-0.09191296,-0.105501615,0.02949276,-0.14691252,0.13278618,0.19802894
24.822463669968496,35.11956556932083,79.471794,12960000.169944763,72.757095,0.001930304,-0.0017062426,-0.13772988,-0.71858233,0.7066344,0.05778715,-0.09406928,0.2860138,0.30945557,-0.18462412,0.19562906,0.2689922
24.47463793572534,35.15579704180788,74.131996,4233599.898290634,72.986694,-0.118449755,0.11592579,0.073196456,0.3587289,-0.3054474,-0.037757285,0.71351993,0.05225101,0.07474421,0.09322492,-0.10991946,0.14412901
24.365941903817713,35.11594190204278,77.940506,2505600.113296509,72.56531,0.007307631,0.0049524195,-0.36840975,-0.8279519,1.5156868,0.062944666,0.16950503,-0.054556154,-0.30747327,-0.11003868,0.17022769,0.20269676
24.572463802625258,35.028985391507106,77.31845,3456000.11844635,72.02867,0.0077020433,0.007261373,-0.14594167,0.18426222,0.297073,0.28085577,0.28011566,0.017712586,-0.15810144,0.038013317,0.11686675,0.122893654
24.242753659958876,34.931159481553294,83.59315,5097599.927902222,72.38156,-3.66177e-05,3.552347e-05,0.079108074,-1.7840271,-0.7406982,0.6840931,0.41463992,-0.03327149,0.44182307,-0.14393997,-0.030097933,0.14705306
24.358695745580064,35.14492749121842,79.46463,12268800.365638733,71.83038,0.0009893999,-0.000599412,0.102139905,1.5566463,0.19936387,-0.1576924,-0.17849946,0.008741055,0.20530999,0.12896878,0.024534125,0.13128163
24.579710091518006,35.06884069756067,84.24473,1123200.0247836113,72.72597,1.3668266e-05,1.9169833e-05,0.43514895,-0.9278964,0.6652147,0.35405502,-0.39909858,-0.17951933,0.084797174,-0.085816264,0.07926508,0.11682202
24.373188532413735,34.85507217391305,83.68782,11318400.360488892,72.249855,-3.9282877e-06,-1.0156482e-05,-0.16703764,-2.4573028,0.36077404,0.14119355,0.07133977,-0.37519404,-0.32267016,-0.18849674,0.019005572,0.18945245
24.278985653174068,35.159420527680346,80.15937,13219200.370788574,71.46845,-0.00026244018,-0.00033941222,0.16082554,0.2809299,0.2063711,-0.0011180714,-0.10928547,-0.046559475,0.26217014,0.049496606,0.047450665,0.068567336
24.72463775080654,35.097825908808005,83.506035,15551999.984550476,72.14931,1.1343004e-05,-2.7594895e-05,-0.25708017,0.96035355,-0.2204808,0.16546552,-0.013897024,0.26884845,0.14681202,0.11408598,-0.031702235,0.1184088
24.373188349496587,35.09782609021359,73.044136,10281599.557113647,73.14734,-0.82406986,-0.8217818,0.05943051,2.7672322,-0.024462044,0.13255563,-0.125473,0.0644882,0.031125117,0.17636846,-0.019135818,0.17740352
24.782608845879178,35.07246365433351,80.82854,17712000.19569397,72.91798,-0.00013377127,0.0007361129,-0.2501552,0.26817662,-0.16066758,0.031600118,0.08143261,0.11492834,-0.06504062,0.13174015,-0.11658607,0.1759198
24.641304357168043,34.938405387540406,81.3883,5961600.231742859,72.11937,-0.000106135434,0.00022338156,-0.13435128,1.3369783,0.12177873,0.000537999,0.6895281,0.18345782,0.042972624,0.14122789,0.05910644,0.15309764
24.369565205050215,35.10507235145331,81.59638,604799.9658823013,73.35261,-0.00053168426,-0.0001558846,0.084185064,-1.6440566,1.2391933,0.07188756,-0.15049127,0.19117431,-0.004241891,-0.21632156,0.17573196,0.27870548
24.572463802625258,35.028985391507106,77.31845,11836799.665260315,73.484856,0.030359937,0.031247055,-0.10082991,1.8121122,-0.082661286,-0.3163549,-0.034696788,0.4001578,0.5182308,0.13364416,0.028633315,0.1366771
24.171296292717127,35.10648163098043,78.049835,16675200.489234924,72.38639,0.0014634323,0.004717449,-0.15876308,-0.50726324,0.5591774,-0.024881072,0.47880876,0.059058256,0.09432102,-0.12149552,0.18494093,0.2212788
24.782608584568965,35.06521774078783,85.492004,9331199.551963806,72.77332,2.1071335e-06,-8.750973e-06,-0.26958108,2.8011053,-0.21985625,-0.37083057,0.0006306693,0.24643123,0.19926831,0.15971053,-0.00914951,0.15997238
24.72463775080654,35.097825908808005,83.506035,5529600.07982254,72.641464,-3.250246e-05,-5.446102e-05,-0.47688872,0.8179753,0.68223184,-0.20109263,0.22569874,0.017826047,-0.082570724,0.19237708,0.15528184,0.2472274
24.286231733018653,35.16304365074164,82.86601,345600.00498890877,73.21619,-0.00015690208,0.000110052824,0.08538301,0.13792434,-0.16397564,0.059968896,0.3482807,0.44790494,0.16293223,0.14219639,-0.14454366,0.20276263
24.655797039477626,35.09782643790763,82.953125,10799999.95880127,72.20321,-3.4505614e-05,1.6875878e-05,0.14418618,2.3861423,-0.15444513,-0.23174965,-0.053732865,0.18642747,0.052329045,0.1560326,0.010166242,0.15636344
24.068840433535758,35.17753635462667,82.62194,4924799.976825714,71.40024,-3.998575e-05,-3.5547277e-05,-0.35693628,1.2951806,-0.2999102,-0.04188051,0.40688148,0.25645012,0.11653152,0.2346878,-0.034277674,0.23717783
24.52536253285706,35.05797113185407,79.99595,3542400.093984604,72.05987,0.00044460958,-0.00053495157,-0.30174634,0.3213983,0.91851604,0.040792312,0.083626084,-0.03127727,-0.16725674,0.062405698,0.13754445,0.15103956
24.177536001617764,35.01449252133363,77.3516,17366400.293540955,72.5625,0.012410581,-0.010944152,-0.29631996,1.0050749,-0.89347935,0.13101105,0.47568733,0.19009593,0.18195996,0.16318825,-0.1407401,0.2154952
24.518115930392057,35.170290078269815,76.7112,864000.0296115875,72.64048,0.0023257188,-0.0020434954,-0.047161765,-2.3103302,1.4334608,-0.09774084,0.13941406,-0.11662968,0.06420731,-0.21467337,0.13676876,0.2545395
24.423912946628306,35.16304383214723,83.815254,3887999.996137619,72.46774,5.1976626e-06,-3.19886e-05,-0.1584475,1.3361735,-0.69547915,0.35432392,0.39376634,0.03722666,-0.061868683,0.12469932,-0.057467446,0.13730414
24.340579657513896,35.072464168316,77.031204,5615999.781131744,72.21102,-0.011577001,-0.0126572605,-0.27388665,0.770286,0.5428921,0.04308241,0.3487945,0.10031762,-0.08013726,0.13953726,0.08796426,0.16494957
24.35507260113369,35.04710138474188,76.478294,7862400.2420425415,72.44057,0.017448206,0.004169791,-0.17381322,1.9123343,0.11367035,-0.119612165,0.13568659,0.2350032,0.1670296,0.21123998,0.012608744,0.21161595
24.46739112421217,35.10507235145331,77.031204,8035200.193119049,72.7174,0.019240156,0.013750766,-0.49786526,2.7447236,-0.19843633,-0.27395514,0.049728923,-0.017833821,0.34825227,0.23901266,0.016125666,0.23955601
24.518115930392057,35.170290078269815,76.7112,5875199.981975555,73.01365,-0.030391624,-0.012941625,-0.15484783,0.58243865,0.28202307,-0.3876354,0.2986004,-0.03568933,0.003949385,0.11513909,0.04960503,0.12537013
24.503623143558386,34.916666955294566,80.479385,15033599.582862854,72.14646,6.332084e-05,0.00036707136,-0.47364914,0.62353665,0.7709663,-0.08691243,-0.02046948,-0.060457297,-0.271344,0.09981315,0.11196066,0.14999284
24.677536062942007,35.07971042955572,84.775665,11923200.463485718,72.30271,1.3034794e-05,-1.2947869e-05,0.060049042,2.384421,0.14133427,-0.3589462,-0.17315084,0.32624924,0.27833137,0.10873725,0.033252668,0.113708094
24.731884091961334,34.88405773852335,82.62194,16761600.190544128,73.00321,-1.6562413e-05,-0.00016850319,0.22387175,0.20080015,-1.0946041,-0.014567375,-0.057627954,0.31496298,-0.44682446,-0.0053608236,-0.1819026,0.18198158
24.85869584610084,35.31159408476158,76.05999,950400.0051498413,75.50129,-0.60424966,-0.56958616,0.4400121,0.07230663,-1.1190778,0.18348175,0.47978345,-0.070890956,0.11059464,0.019981554,-0.16000053,0.1612434
24.586956589458925,35.03623181903528,81.050644,16675200.489234924,72.32613,-5.0040275e-05,0.00036478133,-0.2155532,1.3093019,-0.8774646,0.042951502,0.32852924,0.1730861,-0.19382194,0.18382871,-0.10843592,0.2134276
24.369565205050215,35.10507235145331,81.59638,13824000.4737854,71.432594,-9.951377e-05,7.245323e-05,-0.3076952,1.4022027,-0.14361215,0.016371913,-0.016949043,0.17248769,0.033430994,0.124659486,0.010827609,0.12512884
24.57608686867857,35.22463755910878,78.28966,12787199.670410156,72.82386,-0.0033593215,0.0035617254,-0.058939837,2.3379679,-0.21625786,0.12866996,0.454271,0.25307697,0.2198214,0.1342262,0.008521175,0.1344964
24.003623304347823,35.192029209683014,80.788605,1036799.9806880951,74.167656,0.002256508,-0.001323691,-0.028099462,-1.5643297,-0.43181717,0.15933116,0.43072098,0.04084869,0.9170307,-0.16324802,-0.02983768,0.1659524
24.068840433535758,35.17753635462667,82.62194,6393599.835205078,71.642006,-3.4539713e-05,-4.5274963e-05,-0.49043316,2.3462715,-0.04534854,-0.15022811,0.3501348,0.2563712,-0.019789144,0.17103945,0.013238124,0.17155099
24.525362323808892,35.01449270273921,80.76379,14515200.27809143,72.057724,0.00036385853,0.0002902266,-0.4017529,1.4847618,-0.3708095,0.06414222,0.2379201,0.20496652,-0.09195373,0.12339575,-0.047577646,0.13225031
24.85869584610084,35.31159408476158,76.05999,8639999.747657776,76.15507,-0.91784567,-0.7974797,-0.39420438,3.2691996,-0.90998954,-0.17169732,0.35921058,0.4845228,0.17736092,0.15106575,-0.035330396,0.15514219
24.068840433535758,35.17753635462667,82.62194,13651199.974250793,71.94079,3.5427545e-06,-6.3258994e-05,-0.030855544,-1.0170397,0.26800263,0.28706864,0.28789166,-0.17099828,0.037976667,-0.2096462,0.065159686,0.21953885
24.16304339770124,35.14130418675153,77.183464,11404800.061798096,72.198235,0.002794209,0.010523405,0.34451485,-1.7154051,-0.48252428,0.35033178,0.21750754,-0.21641502,0.18329176,-0.09719741,-0.050414395,0.10949405
24.423912946628306,35.16304383214723,83.815254,16416000.288391113,71.19488,-3.7322584e-06,1.1051147e-05,-0.1268612,0.70765775,-0.75493395,0.03883123,0.2129691,0.184239,0.48775494,0.110429004,-0.10182401,0.15020883
24.373188349496587,35.09782609021359,73.044136,0.0,72.75139,0.17145808,-0.72778887,-0.292057,0.1291978,0.36189318,0.70520645,0.55391854,0.0754771,0.570282,-0.007518539,0.055756245,0.056260888
24.85869584610084,35.31159408476158,76.05999,4147199.9227523804,76.098366,0.88471556,0.9630177,0.2634704,-0.31301272,-1.0467776,0.1749181,0.49863538,0.3473839,0.15334302,-0.04084823,-0.11431211,0.12139126
24.800724541980035,35.0326085145684,80.91604,2678400.0643730164,71.9546,0.00013766004,-2.066688e-05,-0.041618522,-0.16748478,0.9068692,0.21054903,0.07143335,-0.11283692,-0.23498043,-0.056337427,0.20387709,0.2115178
24.202898613755877,35.17753635462667,82.22561,12182399.56741333,71.06236,-1.5809475e-05,-2.0170964e-05,-0.27734154,1.8388184,0.13096574,-0.04035911,-0.06826895,0.06537702,0.18466225,0.11485413,0.015186097,0.11585374
24.728260869121893,35.15579704180788,79.23173,9158400.149345398,73.19748,0.00014180892,0.0018861217,-0.08175158,1.5592982,-0.443048,0.116636515,0.61642563,0.2586481,0.06748272,0.16349557,-0.054389775,0.1723051
24.177536001617764,35.01449252133363,77.3516,10195199.855804443,72.1882,0.0055977125,-0.0075236275,-0.10761363,-2.2749648,-0.274123,0.4272653,0.35000432,-0.38688666,0.17552322,-0.2664781,-0.015783902,0.26694515
24.822463669968496,35.11956556932083,79.471794,5097599.927902222,73.36762,-0.003004592,0.0040195724,-0.38324934,1.8877736,0.26129127,0.12392287,0.46653643,0.13234165,-0.23557776,0.11520841,0.029949345,0.11903756
24.57246390714934,35.13405809180027,82.83649,2159999.936914444,72.950226,-9.344404e-05,8.3900246e-05,0.060288936,-0.48676735,0.68381286,0.35321406,-0.16858664,-0.11126586,-0.08852323,-0.12771568,0.15232244,0.19877982
24.409420342711783,35.02898555779556,73.23672,10454400.056648254,73.32292,-0.9076487,0.8729905,-0.04765167,2.3742287,-0.30160248,0.23377609,0.063957356,0.20756462,-0.044229396,0.20761713,-0.019563496,0.20853682
24.268116089179838,35.07971042955572,81.07262,13391999.773406982,71.33852,2.4848448e-06,5.8096663e-05,-0.32525846,-0.20735802,-0.42895913,0.21948177,0.14839134,-0.1359435,0.025516648,-0.024281358,-0.08839652,0.09167076
24.43478277193275,35.06521686399416,78.38795,1728000.059223175,72.33163,-0.0028638323,-0.004228353,-0.13775773,-1.4288546,1.2336907,-0.029134355,0.2488412,0.040311977,-0.18314898,-0.12284902,0.16058123,0.20218362
24.202898613755877,35.17753635462667,82.22561,950400.0051498413,73.15865,-0.00027154034,6.398911e-05,-0.1561433,-0.63315463,-0.19765103,0.10083538,0.6133414,0.41608965,0.4130238,-0.24505955,-0.11555536,0.27093768
24.731883987437246,34.999999998854186,80.17734,3456000.11844635,72.36812,-0.0007611706,-0.0008082789,-0.18883994,0.02928643,0.79738593,0.2754752,0.24820071,-0.2066164,-0.22793871,0.016892036,0.14191774,0.14291951
24.731884091961334,34.88405773852335,82.62194,14515200.27809143,72.4332,4.659485e-05,-7.3196265e-05,-0.36123216,0.2247077,-0.39367002,0.29287454,0.39991105,-0.12041355,-0.25849643,0.09482837,-0.13745433,0.16699135
24.5036234048686,34.94565269942081,84.86278,4665599.775981903,72.27987,-2.8182762e-06,6.1772885e-06,-0.24326786,-0.7160706,0.14198488,0.2084043,-0.093782045,0.10873768,0.3188759,-0.20025581,0.09217315,0.22045018
24.576087129988778,34.96376817111452,80.53768,15983999.588012695,72.376755,0.0003484138,0.00033272943,-0.40053278,0.53372264,0.03610032,0.09304485,0.3002461,0.08800147,-0.1341973,0.07368506,-0.0014413833,0.073699154
24.46739112421217,35.10507235145331,77.031204,13305600.072097778,72.928154,-0.0047499887,-0.019814968,-0.055376187,1.9216387,-0.3500738,-0.17971724,-0.09911371,0.0954182,0.15428641,0.14788862,-0.006775113,0.14804374
24.782608584568965,35.06521774078783,85.492004,16502399.989700317,72.53982,-5.4815123e-06,6.497976e-07,-0.17321,1.1063792,-0.5194998,0.08306018,-0.06945928,0.32014138,-0.059539415,0.26508912,-0.09349009,0.28109187
24.373188532413735,34.85507217391305,83.68782,15379199.48501587,72.23342,-2.0464924e-05,-2.4292942e-05,-0.34688425,-0.31609815,-0.5040844,0.05231645,-0.014584981,-0.21103811,0.23521194,-0.11061783,-0.17315696,0.20547418
24.16304339770124,35.14130418675153,77.183464,14601599.979400635,72.46689,-0.0106856525,0.01253297,0.22645833,-0.8312973,0.018036313,0.13359106,0.3326591,-0.039992973,0.050031967,-0.12985907,0.010719623,0.13030076
24.49275373635028,34.95652190987481,78.13308,10972800.458335876,72.73568,0.0032121588,0.00014996679,-0.048261512,2.4337363,-0.6636382,-0.28763092,-0.21092987,0.18157725,0.061303332,0.2027904,-0.024048096,0.2042113
24.2137679164399,35.101449394680465,78.1842,1123200.0247836113,73.17665,-0.010948705,-0.00897652,0.008784518,-1.5139495,1.7747412,-0.027996227,0.26356906,0.43551975,0.106384516,-0.20025177,0.24341197,0.3151986
24.49275373635028,34.95652190987481,78.13308,16070400.386238098,73.11535,0.010786194,0.009630587,-0.3068124,-0.26036,0.58726025,-0.11526906,-0.04644864,0.10497616,-0.15392694,-0.06860656,0.18009172,0.19271712
24.782608845879178,35.07246365433351,80.82854,2159999.936914444,72.19548,0.0003873188,-1.085713e-05,-0.034354627,-0.20836236,0.5116179,0.1450007,0.09297606,-0.026766047,-0.23533028,-0.06462252,0.1725678,0.18427077
24.336956356281394,35.12681217825459,78.56935,17193599.794006348,72.25608,-0.0010385964,-0.0024308916,-0.21525371,0.6447563,-0.027858023,-0.06295966,0.26466504,0.037751075,0.31528446,0.24414061,-0.00862544,0.24429293
24.06159400092239,35.235507653915,77.223785,9590399.752807617,72.9792,0.017951548,0.012253093,0.06191957,-3.8949687,-0.991317,0.85247564,0.23318148,-0.110593535,-0.029276006,-0.14396672,-0.03783347,0.14885493
24.068840433535758,35.050724689208764,75.1399,11318400.360488892,72.77929,0.070151664,0.047980048,0.13965975,-1.8488619,-0.4512608,0.32887104,0.4717863,-0.038966708,0.12495375,-0.24122013,-0.06757024,0.25050527
24.373188349496587,35.09782609021359,73.044136,2851200.015449524,73.11119,-0.7085368,-0.47448286,-0.27283227,0.1844347,0.15747242,0.4488052,0.43801752,-0.306413,0.1781582,0.1670604,0.16234635,0.2329496
24.16304339770124,35.14130418675153,77.183464,10195199.855804443,72.084496,-0.008796321,-0.0065686656,0.3170175,-1.8374591,-0.5652439,0.4061387,0.31044123,-0.07567508,0.12202076,-0.2477632,-0.060268622,0.25498804
24.358695745580064,35.14492749121842,79.46463,17107200.092697144,71.90504,0.00020626177,-0.0010860815,-0.1804159,0.31397396,-0.0844307,0.05691593,0.2989011,0.1071832,0.37591693,0.15588252,-0.030215267,0.15878388
24.514492864338745,35.152173737341,77.98083,6739199.737358093,72.71785,0.0046302336,0.0033504718,-0.30827606,1.1219131,0.30729544,-0.24108624,0.055554464,-0.103989236,0.041121718,0.12469623,0.051495336,0.13491078
24.141304256647267,35.05072417522627,80.839714,13996799.876403809,71.46168,0.00018983026,-0.00018751003,-0.33704293,-2.0728076,0.2202599,0.0287579,0.35644785,-0.28526407,0.02923317,-0.102004014,0.009809707,0.10247463
24.40579730278949,34.98550712868071,82.545616,0.0,73.09135,-0.00015938992,-0.000173523,-0.05348047,-0.6954234,1.0383813,0.037689805,-0.51578635,-0.36433735,0.4009225,-0.0710831,0.23162216,0.24228421
24.3913043591697,35.05434799367564,86.750465,11491199.7631073,72.17415,-1.1152358e-06,-1.6364681e-06,0.008050278,-0.6808507,-0.16598706,0.19256696,0.38743365,0.007947683,0.016009675,-0.10544531,-0.047532767,0.11566364
24.365941903817713,35.11594190204278,77.940506,0.0,72.99503,-0.011536601,-0.005712568,0.11811972,-3.159086,1.9545419,-0.056883328,0.29159012,0.21864888,-0.17322111,-0.19501314,0.0732935,0.2083316
24.33695651306752,35.26449269887389,75.24537,6480000.084972382,71.87124,0.045024414,0.047742512,-0.4192986,2.9187865,0.32146603,-0.059608497,-0.17481315,-0.21399224,-0.11055567,0.2033576,0.033255685,0.20605887
24.641304357168043,34.938405387540406,81.3883,6825599.987125397,72.33092,-0.00010991553,0.00025006913,-0.041669633,1.8015622,0.04006963,-0.052191526,0.6409086,0.18639529,0.03464935,0.1143973,0.029509408,0.11814207
24.60144921950647,34.9456523441682,85.40489,4147199.9227523804,72.01374,-1.8962374e-06,5.177726e-06,-0.08335373,-0.33629698,0.28966403,-0.06895607,0.019731604,0.31734613,0.2837681,-0.130976,0.13272196,0.18646671
24.068840433535758,35.17753635462667,82.62194,10022400.453186035,71.513535,-2.9414488e-05,-1.8425548e-05,-0.40333337,1.0925463,0.20961468,0.037534293,0.23069641,0.0010834262,-0.09413148,0.14610139,0.022103263,0.14776391
24.369565205050215,35.10507235145331,81.59638,4233599.898290634,72.42794,6.430388e-05,-8.765147e-06,0.02979616,-0.3340608,0.3616054,0.17325935,0.036972947,0.26169822,-0.295582,-0.045900103,0.056592405,0.072866455
24.52536253285706,35.05797113185407,79.99595,17020800.39138794,72.51263,0.00035747513,-0.0011587808,-0.15390311,1.5698316,-1.0701388,0.2551689,0.13258287,-0.050630085,-0.025014207,0.1031749,-0.09564325,0.14068651
24.423912946628306,35.13405791039468,84.735344,6566399.786281586,72.24874,3.2858095e-06,-6.706763e-06,-0.13428962,1.3518449,-0.11220967,0.47426328,0.2122845,-0.09110559,-0.0029403009,0.21470304,-0.009009431,0.21489199
24.171296292717127,35.10648163098043,78.049835,14342399.778556824,72.13161,0.0006001903,-0.0040321318,0.013966128,-1.1526724,0.042829018,0.14538419,0.4676193,-0.20615801,0.15652764,-0.16238777,-0.0048595606,0.16246048
24.677536062942007,35.07971042955572,84.775665,13305600.072097778,72.384056,-1.3714681e-05,-1.4072145e-05,-0.04837004,1.7428013,0.35333717,-0.23337808,-0.17373607,0.31488627,0.34353983,0.1283558,0.03895991,0.13413832
24.518115930392057,35.170290078269815,76.7112,11404800.061798096,73.21792,0.04173128,0.018533677,-0.2491196,2.721408,-0.21639165,-0.13256869,0.28668615,0.14931704,0.5129729,0.13564526,-0.030276492,0.1389831
24.528985389862203,35.079710263267266,73.800804,604799.9658823013,72.79465,-0.17914279,-0.36904052,-0.006082751,0.14871296,-0.34745336,0.528892,0.7666811,0.24987301,0.5808804,0.013022207,-0.2078455,0.20825304
24.15942034471344,35.02536261613985,84.04098,1900800.0102996826,72.99159,-4.5953886e-05,-2.1175021e-05,-0.157758,0.7271005,-0.60288703,0.016501848,-0.002307415,0.24891084,-0.042932816,0.1488307,-0.076521054,0.16735007
24.518115930392057,35.170290078269815,76.7112,5011200.226593018,72.97215,-0.031295635,-0.034373593,-0.09113866,0.40002924,0.4259476,-0.42711338,0.24160168,0.017485216,-0.10676568,0.12536912,0.089621976,0.15410878
24.068840433535758,35.17753635462667,82.62194,4752000.025749207,71.39667,-3.9887876e-05,-4.0263378e-05,-0.33785075,1.1538439,-0.32360137,-0.022974744,0.4122567,0.2601343,0.14034107,0.22678521,-0.047364056,0.23167841
24.579710091518006,35.06884069756067,84.24473,7948799.943351746,72.063545,7.868439e-06,1.2565031e-05,0.37561047,0.5817607,0.17294292,0.11791594,0.37366045,-0.22312415,-0.2044366,0.091745175,0.013269836,0.09269987
24.32608705359737,35.05434782738719,80.59564,6307200.133895874,72.248,0.00020647842,8.166395e-05,0.26790124,-1.9515746,-0.23554328,0.296832,0.23091495,0.23055154,0.23399338,-0.06530225,-0.039224785,0.07617721
24.152173912100075,34.942029039701325,85.189964,9935999.654960632,72.90841,4.3029413e-06,3.1389673e-06,-0.118273646,-1.3201181,0.02067145,0.1523275,0.661928,-0.08628205,0.11523981,-0.06692235,-0.020225422,0.06991187
24.15217408195171,35.09782609021359,90.079155,3801600.0205993652,71.541824,5.1486985e-08,5.4882314e-08,-0.13734728,1.5246681,0.27272058,-0.32114974,-0.27316993,-0.031027354,-0.6001189,0.29937854,0.017374365,0.29988226
24.15217408195171,35.09782609021359,90.079155,7948799.943351746,72.8162,1.5885287e-07,-1.6455697e-07,-0.3360731,2.3862932,1.160137,-0.25923398,-0.19534478,0.26765776,-0.27105778,0.1323922,0.054728284,0.14325808
24.46739112421217,35.10507235145331,77.031204,2505600.113296509,72.30066,0.010444492,0.0058683646,-0.20988141,-0.618026,1.047548,-0.11986702,0.2841304,-0.023500428,-0.096318655,-0.06095453,0.14009829,0.15278411
24.373188349496587,35.09782609021359,73.044136,4233599.898290634,73.07602,0.8851521,0.9711892,-0.22297344,0.34422305,0.25153297,0.31068847,0.24386856,-0.4181367,0.08035202,0.06451429,0.059365105,0.08767159
24.264492787947336,35.06521739309379,75.914215,15292799.783706665,73.12889,0.0316878,0.07129635,-0.22867931,1.2628546,-0.76051044,0.11331946,0.6704083,-0.33649224,0.05923827,0.15735707,-0.029480692,0.16009484
24.293478074173446,35.130434424522214,78.52256,4579200.074672699,72.33505,0.0018947775,-0.0036682626,-0.427015,0.38577455,0.46430284,0.24349618,0.3384156,-0.026880398,-0.1290355,0.049019802,0.078602776,0.09263551
24.85869584610084,35.31159408476158,76.05999,7862400.2420425415,76.1611,0.40374774,0.5978498,-0.32689422,2.8464444,-1.0441896,-0.089084156,0.3959096,0.54481876,0.16635224,0.17222695,-0.053142544,0.18023942
24.49275373635028,34.95652190987481,78.13308,2764800.03991127,71.67527,-0.002714413,-0.0015530012,-0.08166265,0.032678917,0.42145306,0.17769295,-0.0055509955,-0.006185882,-0.11357797,0.006226094,0.17354803,0.17365967
24.171296292717127,35.10648163098043,78.049835,10972800.458335876,72.18302,0.003672005,0.004098469,0.33462596,-2.2501647,-0.52627033,0.34782085,0.27148154,-0.27633902,0.21878281,-0.2493507,-0.0378393,0.25220543
24.880434869565217,35.11594208344836,73.60822,6047999.933052063,73.501656,0.42652473,0.29715946,0.18668012,-1.3914247,-0.5956832,0.60004926,0.04986746,0.1463345,-0.21805316,-0.1752067,-0.07875309,0.19209227
24.373188349496587,35.09782609021359,73.044136,12787199.670410156,73.277695,-0.082110874,-0.79829466,0.025606252,2.146569,0.11390798,0.27029833,-0.099904634,-0.118295304,0.026989058,0.09877984,0.023994517,0.101652324
24.33695651306752,35.26449269887389,75.24537,4924799.976825714,71.907166,0.03943768,0.04933746,-0.33430696,2.0104017,0.030817334,-0.058948748,-0.11383694,-0.20028251,-0.20592299,0.21833947,0.02492354,0.2197574
24.278985574781007,35.18478260074926,85.36457,13564800.27294159,71.37381,3.3236015e-06,-1.2411289e-06,-0.04674089,1.264776,0.24164997,-0.15822414,-0.04964813,0.13925013,0.3103981,0.13087513,0.04354494,0.13792919
24.728260869121893,35.15579704180788,79.23173,4752000.025749207,73.15373,-0.0012456079,-0.0035796699,-0.26364857,1.2754692,0.5298875,0.0027714595,0.19722332,0.41890997,-0.060553163,0.14387657,0.047750805,0.15159355
24.409420342711783,35.02898555779556,73.23672,14687999.680709839,73.21355,0.82213604,0.66221696,-0.17185993,0.53885,0.24070264,0.58190835,0.19682232,0.010459855,-0.01016406,0.19027938,0.065421574,0.20121188
24.55072462237475,35.07608730649443,88.70044,14947199.88155365,72.2506,-2.2193507e-07,9.3615114e-08,-0.18168378,-0.42759508,0.1451069,0.056714654,-0.36371934,-0.07913873,0.6268682,-0.2242222,0.072537094,0.23566337
24.409420264318722,35.097825908808005,75.01247,1728000.059223175,72.656425,0.11043688,0.10978744,-0.16100726,-0.0039244145,0.30455387,0.47299522,0.5512629,-0.026208483,0.31421474,-0.021995556,0.06741008,0.07090785
24.15217408195171,35.09782609021359,90.079155,18403200.0,72.59177,-1.2681295e-07,-1.4106989e-07,0.6385096,-1.5586867,0.12836245,0.3062882,-0.01873698,0.39796537,0.1318224,-0.19294307,0.019539252,0.19392991
24.800724541980035,35.0326085145684,80.91604,10195199.855804443,73.269844,0.00020216813,-0.000680616,0.13112167,2.236053,-0.85371566,-0.0782223,0.31473652,0.07654337,0.3352252,0.21956612,-0.10655934,0.24405773
24.62318819070881,35.09782625650204,81.14894,2937599.9909877777,72.43324,0.00038681357,-0.0003456293,-0.26327997,-0.23314263,0.98204863,0.14802024,-0.22032309,-0.09007173,-0.074259914,-0.04120199,0.1371803,0.14323421
24.2137679164399,35.101449394680465,78.1842,4752000.025749207,72.42315,-0.0040844847,-0.0054633906,-0.31354088,-0.8281013,0.26635134,0.24037197,0.4500378,0.09947865,0.1670807,-0.13706745,0.06815624,0.15307763
24.53985505838052,35.14492730981283,78.72631,13910400.175094604,72.62511,-0.0038825283,0.00041908602,-0.2046554,2.3309414,0.021146726,-0.0737854,0.047601968,0.41268384,0.18746087,0.29085678,0.009631119,0.2910162
24.268116089179838,35.07971042955572,81.07262,5529600.07982254,72.46714,-0.0004236601,-0.00034446263,0.13939044,-1.2370182,-0.11935619,0.3751193,0.3623523,0.3835534,0.18831846,-0.10325641,-0.03091929,0.10778631
24.358695745580064,35.14492749121842,79.46463,14601599.979400635,71.73314,0.00012247091,-0.0004176489,0.0025873259,0.3197176,0.24056043,-0.018770844,0.09028008,0.048972685,0.13105892,0.10637919,0.08032567,0.13329946
24.43478277193275,35.06521686399416,78.38795,16329599.49016571,72.67461,-0.003193367,-0.0032039022,0.04567322,1.3137035,-0.7748736,0.03223255,0.032668527,0.18287537,-0.009327818,0.19696677,-0.090344325,0.21669796
24.15942034471344,35.02536261613985,84.04098,7257600.139045715,72.55519,3.188722e-05,7.5804464e-06,-0.08677124,-1.1645789,-0.49091375,0.36595812,0.12059004,0.20942006,-0.058170773,-0.11683024,-0.048639856,0.12655094
24.32608705359737,35.05434782738719,80.59564,17279999.49531555,71.41401,-4.842023e-05,9.3004666e-05,-0.53656983,1.2681379,-0.7329045,0.11541586,0.29293758,0.09132703,0.32395113,0.38603663,-0.16071397,0.4181546
24.47463793572534,35.15579704180788,74.131996,16588799.691009521,73.67538,0.6046536,0.609268,0.35590672,0.9864344,-0.5202553,0.11859684,-0.18215987,0.072453424,-0.09582519,0.08828725,-0.059238404,0.10631946
24.822463669968496,35.11956556932083,79.471794,7257600.139045715,73.59077,0.004043178,-0.0022981428,-0.22769243,2.116991,-0.3091209,0.051269643,0.68940425,0.22895756,-0.04950016,0.15620825,-0.031228103,0.15929912
24.47463793572534,35.15579704180788,74.131996,11231999.562263489,73.55722,0.5645946,0.56101376,-0.056735136,2.4097855,-0.15380754,0.04589493,0.10077526,0.053153995,0.50282806,0.20058095,0.028765084,0.20263304
24.336956356281394,35.12681217825459,78.56935,8639999.747657776,72.03548,0.0024813549,0.00253726,-0.0934033,2.4734585,-0.4057712,-0.21010962,0.07263654,0.13941151,0.33423927,0.15943573,-0.02091491,0.1608017
24.278985653174068,35.159420527680346,80.15937,7430400.090122223,72.02124,-0.00063982204,0.00054462237,-0.27145743,1.8818034,-0.108769625,0.18700841,0.081612624,0.11425647,0.05957166,0.04902458,-0.006014001,0.049392078
24.15217408195171,35.09782609021359,90.079155,3369599.8686790466,71.49421,3.304485e-08,5.198543e-08,-0.11808564,1.2403194,0.13748617,-0.32751876,-0.27327663,-0.07334658,-0.6175574,0.28233448,-0.01934299,0.2829963
24.51086948471318,35.141304337922854,75.965324,7343999.840354919,73.19552,-0.07448416,-0.081877336,-0.41385156,1.5825151,-0.08627427,-0.29144508,0.42027122,-0.03993819,0.34059596,0.1760754,0.013570267,0.17659757
24.782608845879178,35.07246365433351,80.82854,8294399.845504761,73.29845,0.00045769973,-0.0009889767,-0.31230345,2.662317,-0.20714793,-0.1373209,0.41152045,0.018106844,0.15015694,0.21918775,-0.009743588,0.2194042
24.268116089179838,35.07971042955572,81.07262,15033599.582862854,71.17301,-5.5867968e-05,1.8449249e-06,-0.45865446,0.57251626,-0.27990425,0.03637092,0.1973088,-0.12189267,0.11693179,0.12363588,-0.020284792,0.12528889
24.518115930392057,35.170290078269815,76.7112,14428799.479866028,73.39205,-0.049352817,-0.049127243,0.09724061,1.6886276,-0.32007474,0.08741771,-0.023421139,0.28844172,0.14478767,0.13667476,-0.026415214,0.13920401
24.782608584568965,35.06521774078783,85.492004,13996799.876403809,72.86126,1.1361119e-05,1.0674953e-05,-0.08449502,2.4428043,0.016793001,-0.13255593,-0.333856,0.2822251,0.18705791,0.17879857,-0.0012852014,0.17880319
24.677536062942007,35.07971042955572,84.775665,1555199.9710321426,72.66612,1.7482234e-05,1.8021501e-05,0.26357388,-0.3661517,0.58272326,0.10848726,-0.04453875,-0.047194667,0.151286,-0.082622714,0.110292315,0.1378075
24.235507135886934,35.09782643790763,86.62735,1900800.0102996826,72.55131,-1.9822107e-06,-2.546145e-06,-0.458093,0.7283067,-1.1601515,-0.18643501,0.22053292,0.14007631,-0.50644517,0.065561675,-0.14580612,0.15986794
24.46739112421217,35.10507235145331,77.031204,16156800.087547302,73.54182,0.0103358,0.0077305543,0.2633121,1.1861534,-0.69155097,0.08895446,-0.22783881,0.21069047,-0.11172675,0.14431883,-0.048223555,0.15216254
24.677536062942007,35.07971042955572,84.775665,8035200.193119049,72.3671,-1.2882109e-05,1.3871224e-05,-0.08129239,2.3730822,0.031527247,-0.24106875,0.21905804,-0.035165317,-0.3821533,0.18727319,-0.016147908,0.18796809
24.152173912100075,34.942029039701325,85.189964,9331199.551963806,72.95149,-1.5686264e-05,-4.444378e-06,-0.085556366,-1.6134144,-0.33752477,0.19547622,0.6405757,-0.13089818,0.004038576,-0.11821617,-0.049981322,0.12834795
24.171296292717127,35.10648163098043,78.049835,13046399.871253967,72.073715,-0.00271498,-0.004083688,0.16810103,-1.6428612,-0.30560148,0.2409569,0.35925394,-0.32982334,0.18295065,-0.23049456,-0.042688258,0.23441423
24.33695651306752,35.26449269887389,75.24537,13824000.4737854,73.725105,-0.22149621,0.23272462,0.38632095,2.0466492,-0.15442659,-0.07838193,-0.44365257,0.37001082,0.12729384,0.23127142,0.006593864,0.2313654
24.471014503837736,35.137681214861566,84.09494,4406400.123596191,72.55956,-2.9840208e-05,2.809681e-05,0.08455521,0.5035734,-0.4256671,0.5254405,0.21827814,-0.10931673,-0.03176473,0.11405257,-0.070932515,0.13431087
24.268116089179838,35.07971042955572,81.07262,518399.99034404755,73.56616,-0.0002940129,-0.00016461988,-0.116422266,-1.5363296,0.5536187,0.18263867,0.31439215,0.22691399,0.0730535,-0.17745274,0.04127955,0.18219078
24.507246418659868,35.018115659512056,74.98295,5702400.030899048,73.48544,0.21403995,0.21007636,-0.09788187,1.2706445,-0.3799883,0.21018147,0.17970349,-0.15209639,0.09194976,0.24216399,-0.06453258,0.25061494
24.152173912100075,34.942029039701325,85.189964,18230399.500465393,70.84786,1.6839933e-06,2.420866e-06,-0.027748384,-1.1556561,1.4145132,-0.03632524,0.050252687,0.5281082,0.50606996,-0.11015764,0.1497657,0.18591522
24.340579657513896,35.072464168316,77.031204,5011200.226593018,72.22681,-0.010472625,0.010266758,-0.29474643,0.51600355,0.646467,0.08036342,0.31753162,0.024304666,-0.1254153,0.11900466,0.11331829,0.16432633
24.2137679164399,35.101449394680465,78.1842,5615999.781131744,72.293976,-0.004269701,-0.004773506,-0.23314054,-0.97792876,0.046176575,0.28793782,0.53138304,0.15892166,0.1763412,-0.18144704,0.029693695,0.18386067
24.06159400092239,35.235507653915,77.223785,15638399.68585968,72.761505,0.0012676037,0.017452322,0.18928175,-2.0616271,0.49188292,-0.057899795,-0.13142505,-0.11303014,-0.090237014,-0.1507673,0.039156448,0.15576908
24.423912946628306,35.13405791039468,84.735344,11145599.860954285,71.83614,4.505175e-06,6.808444e-06,-0.07528968,2.2724962,-0.102076076,-0.30921322,0.06442846,0.37979403,0.108380064,0.18047808,-0.011134511,0.18082123
24.503623143558386,34.916666955294566,80.479385,7775999.992275238,72.002045,-0.00022512341,0.00013671839,-0.18533099,1.5499115,0.5201298,-0.19653958,0.07481823,-0.11498355,0.09700686,0.21055463,0.066170886,0.2207076
24.24275355543479,35.275361916886446,83.709785,11491199.7631073,71.1707,1.05486115e-05,-1.10983865e-05,0.12499152,2.5111322,0.3060376,-0.40875837,-0.19255441,0.15321298,0.15708396,0.20919235,0.06624532,0.21943082
24.369565205050215,35.10507235145331,81.59638,691200.0099778175,73.328735,-0.00050286244,-0.00010482734,0.080357924,-1.6032368,1.2344923,0.06916107,-0.14932325,0.19247025,-0.0077768043,-0.20952928,0.18122493,0.27702886
24.235507135886934,35.09782643790763,86.62735,17625600.494384766,71.57649,7.8771626e-07,-3.1111735e-08,0.10872702,-1.4760555,1.7297825,0.14152834,-0.59198064,-0.13743547,0.46136487,-0.14753407,0.16900101,0.22433823
24.728260869121893,35.15579704180788,79.23173,7948799.943351746,73.24395,-0.004508476,-0.004186874,-0.16806567,1.9634486,-0.34229553,0.07853801,0.5527145,0.3232741,-0.047030933,0.17442642,-0.06647029,0.18666247
24.286231733018653,35.16304365074164,82.86601,13564800.27294159,71.123474,-2.3970508e-05,3.0691833e-06,-0.1719177,1.2533913,0.16110285,-0.062430836,0.0010200366,0.17809989,0.22218475,0.12641205,0.050609037,0.13616636
24.53985505838052,35.14492730981283,78.72631,4579200.074672699,72.61816,0.002560459,0.000538793,-0.2722872,0.5276276,0.9775214,-0.23833278,-0.05430668,-0.07617503,-0.25209412,0.08446692,0.16989331,0.18973243
24.278985574781007,35.18478260074926,85.36457,17625600.494384766,71.26697,1.6742733e-06,1.0698747e-06,-0.10169873,-0.8410913,1.3727262,0.18246943,-0.32504827,-0.18894818,0.33566353,-0.11896129,0.21178997,0.24291311
24.576087129988778,34.96376817111452,80.53768,17193599.794006348,72.67764,9.800502e-05,0.00044177088,-0.27646115,0.29609543,-0.23531142,0.13614354,0.2886349,0.06836049,-0.12899265,0.08200303,-0.041724887,0.09200795
24.358695745580064,35.14492749121842,79.46463,16070400.386238098,71.80454,-0.000667214,-0.0009993269,-0.10867443,0.2904843,0.05193492,0.030822068,0.22249913,0.108290076,0.25639302,0.13078336,0.04331719,0.13777034
24.409420264318722,35.137681214861566,85.684586,0.0,72.341675,-4.5542347e-06,-1.9853085e-06,0.09421952,0.013154328,-0.4050185,0.73182505,0.19726479,0.038748447,-0.3568282,0.03933171,-0.12560803,0.13162203
24.507246627708035,35.15217355593542,72.15966,13564800.27294159,72.72435,-0.074538365,0.23086184,0.03299632,1.2571424,0.34616196,0.064553834,-0.27350113,0.10881828,0.014857357,0.19928116,0.08398031,0.21625373
24.264492787947336,35.06521739309379,75.914215,3887999.996137619,72.206665,0.025949124,-0.03523596,-0.37401426,0.042354867,1.0944849,-0.07158848,0.1728237,-0.08212005,-0.17040145,0.033471014,0.203514,0.20624804
24.822463669968496,35.11956556932083,79.471794,15724800.484085083,72.95132,0.00045102232,0.0024843696,-0.30600548,-0.75991625,0.40003592,0.27331242,-0.15828273,0.07216864,0.2831893,-0.09681039,0.015139386,0.097987
24.369565205050215,35.10507235145331,81.59638,11923200.463485718,71.423225,6.864734e-05,-3.9788185e-05,-0.14059165,1.4984806,-0.15433635,0.059108824,-0.038627192,0.3145703,0.08984219,0.08007367,-0.016655704,0.081787564
24.782608584568965,35.06521774078783,85.492004,13478399.474716187,72.85334,9.303608e-06,5.6655526e-06,-0.0683627,2.6300938,0.036697738,-0.18598214,-0.3852554,0.28592795,0.23044017,0.16207133,-0.00048339114,0.16207205
24.518115930392057,35.170290078269815,76.7112,13910400.175094604,73.3167,-0.04403915,-0.046890788,0.04118953,1.8711479,-0.20385313,0.02852413,0.05848077,0.27268746,0.21833158,0.12357021,-0.01610507,0.12461529
24.293478074173446,35.130434424522214,78.52256,12441599.768257141,71.86176,-0.0019791368,-0.00036232005,0.2188359,0.58396864,-0.12933834,-0.06358234,-0.023652501,-0.2894088,0.3357191,0.18621199,0.013830285,0.18672487
24.782608845879178,35.07246365433351,80.82854,6134400.182819366,73.11395,-0.0008626163,-0.0009495603,-0.6047101,1.7132905,0.32179153,0.10244382,0.40744925,-0.13205922,0.03473234,0.22940296,0.04961065,0.23470606
24.286231733018653,35.16304365074164,82.86601,10108800.15449524,71.562294,1.4722959e-05,-1.2161006e-05,-0.39637017,3.833145,0.23987336,-0.10366922,-0.027102545,0.33071092,0.09953119,0.090192,0.0031746952,0.090247855
24.409420342711783,35.02898555779556,73.23672,8899199.948501587,73.27239,-0.4905053,-0.25666332,-0.089584626,1.9158791,-0.16690421,0.18490331,0.0055293143,0.052198015,0.043868728,0.24711178,0.0010403818,0.24711397
24.51086948471318,35.141304337922854,75.965324,5875199.981975555,73.10997,0.029232426,0.0068020276,-0.104346715,0.3241762,0.067561336,-0.32359466,0.45014393,-0.007738106,0.10709164,0.13262372,0.041535504,0.13897572
24.53985505838052,35.14492730981283,78.72631,15638399.68585968,72.85592,-0.004198289,0.0020336295,-0.12693672,1.7248775,-0.536289,0.15835568,-0.107547365,0.38042024,0.040478945,0.24927296,-0.06413819,0.25739214
24.880434869565217,35.11594208344836,73.60822,4752000.025749207,73.56143,-0.40172184,-0.52152926,0.08958419,-0.8745078,-0.87947804,0.6507939,-0.01752349,0.112612605,-0.09486476,-0.13480751,-0.14190659,0.19573079
24.43478277193275,35.06521686399416,78.38795,12182399.56741333,72.43761,-0.0033109712,0.002280344,-0.1953612,1.714435,-0.3382663,-0.31001115,-0.13897252,0.022395588,0.16549341,0.12464574,-0.029970786,0.12819833
24.43478251062254,35.050724689208764,81.254395,7171199.889278412,72.092964,5.341276e-05,-0.00011980992,0.1964194,-1.3916739,-0.2602859,0.30212557,0.0071817487,0.17165342,-0.06919649,-0.17105675,-0.04069314,0.17583044
24.49275373635028,35.04710138474188,79.64641,12614400.267791748,72.19309,-0.0011955082,-0.00011268773,-0.26941496,2.2679892,-0.20104158,-0.22865388,0.091484696,0.28948653,0.076826155,0.16557226,-0.017383382,0.16648228
24.2137679164399,35.101449394680465,78.1842,518399.99034404755,73.45655,-0.012096073,-0.014097795,0.09752597,-1.6574522,1.8553445,-0.054349147,0.25468317,0.48439792,0.07164152,-0.29252368,0.29091817,0.41255724
24.373188349496587,35.09782609021359,73.044136,3369599.8686790466,73.099014,0.9305124,0.8938627,-0.24839912,0.20369357,0.19461416,0.39129588,0.3562183,-0.35930842,0.12644324,0.13943008,0.12957248,0.1903412
24.47463793572534,35.15579704180788,74.131996,5615999.781131744,73.28052,0.41168997,0.44616628,-0.05662628,1.1361427,-0.2748248,-0.18513888,0.56957936,-0.05989895,0.18170634,0.29050416,-0.088948555,0.3038166
24.423912946628306,35.13405791039468,84.735344,5356800.128746033,72.293976,9.707266e-06,-7.465004e-06,-0.109929934,0.7828775,-0.3985439,0.52823085,0.34050986,-0.08077601,-0.046655603,0.22263195,-0.0764333,0.23538698
24.373188349496587,35.09782609021359,73.044136,9504000.051498413,73.08679,-0.89969105,-0.9544373,0.023165293,2.805326,0.0039968546,0.09520275,-0.12357486,0.043622635,0.021885123,0.16768456,-0.024712404,0.16949576
24.235507135886934,35.09782643790763,86.62735,1123200.0247836113,72.79769,-3.3451222e-06,-3.6801425e-06,-0.511752,0.83802074,-1.1667179,-0.2518573,0.2603357,0.07430442,-0.43049467,0.055050593,-0.10700653,0.120336875
24.503623143558386,34.916666955294566,80.479385,7603200.0411987305,71.9772,-7.637058e-05,0.00013701443,-0.20494889,1.4949759,0.5268389,-0.1780406,0.0996525,-0.11010059,0.106969446,0.21098882,0.06846229,0.22181831
24.471014503837736,35.137681214861566,84.09494,16156800.087547302,71.37404,3.0334495e-06,8.553611e-06,-0.03405751,1.3000393,-1.2183952,-0.034409754,0.06840874,0.2458944,0.3490309,0.082635045,-0.08806659,0.12076537
24.525362323808892,35.01449270273921,80.76379,13305600.072097778,71.94919,-0.00020624408,-0.00022596866,-0.35964465,1.9252353,-0.15838568,-0.05284358,0.16853604,0.3269366,-0.010884404,0.16431624,-0.010310488,0.1646394
24.53985505838052,35.14492730981283,78.72631,10799999.95880127,72.66654,-0.003922339,0.00087492994,-0.2836561,2.41846,-0.19366871,-0.18836617,0.10212504,0.16249683,0.32931378,0.22381201,-0.011578297,0.2241113
24.528985389862203,35.079710263267266,73.800804,1641599.9465703964,72.94506,0.43972617,0.4604697,0.12793371,-0.017302215,-0.37252682,0.4088117,0.81114084,0.16950881,0.5965098,-0.053227287,-0.17457509,0.1825092
24.3985509616347,35.079710263267266,82.39983,9244799.850654602,71.94866,6.859397e-05,2.8368559e-05,0.09588851,-0.39381343,-0.6467143,0.36603934,0.09768151,0.31013826,-0.0783404,-0.05109913,-0.08894276,0.10257649
24.576087129988778,34.96376817111452,80.53768,6998399.938201904,72.358376,2.6091542e-05,-0.00043330956,-0.053197056,1.7368654,0.032489758,-0.062471442,0.50881386,0.05309906,0.0040959083,0.19810036,0.03105668,0.20052
24.626811465810288,35.05797113185407,83.9315,8380800.095272064,72.18048,-8.427054e-06,2.4715993e-05,0.20947067,1.2953928,0.39072078,-0.11729223,0.2943893,-0.120442145,-0.28269374,0.17374125,0.023873314,0.17537376
24.33695651306752,35.26449269887389,75.24537,15465600.283241272,74.5936,-0.52893484,-0.45215446,0.3024096,1.7192365,-0.6445829,-0.23656419,-0.4616453,0.10795431,0.039320964,0.22967954,-0.106040366,0.25297678
24.373188532413735,34.85507217391305,83.68782,14947199.88155365,72.37985,-3.6028738e-05,-2.5836349e-05,-0.3625282,-0.44757777,-0.4274339,0.075424485,-0.010677956,-0.25827333,0.19942859,-0.13505377,-0.13522461,0.1911157
24.2137679164399,35.101449394680465,78.1842,10454400.056648254,71.97815,0.0036985902,0.002980912,0.3062886,-1.3220516,-0.5135876,0.21028867,0.31564227,-0.14418232,0.32837865,-0.16759256,-0.07085802,0.18195638
24.47463793572534,35.15579704180788,74.131996,6220799.884128571,73.40008,0.5060967,0.46239382,-0.1584951,1.6167799,-0.25405946,-0.20244652,0.51277846,-0.08843344,0.25648353,0.3142092,-0.06472659,0.3208067
24.134057993885538,35.130434787333385,80.741425,5961600.231742859,72.701935,0.00010542872,-1.2006085e-05,-0.248462,-0.834895,-0.5031829,0.57324183,0.4986571,0.42556143,0.11709553,-0.14369498,-0.07139433,0.16045374
24.235507135886934,35.09782643790763,86.62735,8639999.747657776,72.383965,2.0610662e-06,1.1070318e-06,-0.5713018,2.2482007,-0.38901985,0.20145872,0.12034456,0.21621835,-0.3116483,0.18955946,-0.019584047,0.19056842
24.235507135886934,35.09782643790763,86.62735,9504000.051498413,72.07831,7.95e-07,-9.812231e-07,-0.49716973,2.219046,-0.39844203,0.19827557,0.14904454,0.22863671,-0.25301167,0.2686742,-0.029693177,0.27031
24.35507260113369,35.04710138474188,76.478294,1209599.9317646027,72.380936,0.016003378,0.020890504,0.09733707,-0.7963612,0.69412845,0.3330271,0.34535536,0.050802723,0.033058163,-0.12923823,0.18427373,0.22507629
24.40579730278949,34.98550712868071,82.545616,9158400.149345398,72.058556,-7.8197394e-05,7.654081e-05,0.32743806,-2.5161471,-0.19491564,0.35613424,0.5035932,0.1924391,-0.3115266,-0.18480358,-0.042061634,0.18952979
24.43478277193275,35.06521686399416,78.38795,8639999.747657776,72.40569,0.0037678734,-0.0038300687,-0.2567199,1.8444904,-0.3235634,-0.22895017,-0.17766002,0.105189726,0.2594539,0.14259595,-0.045416214,0.14965372
24.409420264318722,35.137681214861566,85.684586,172800.00249445438,72.308975,-4.8422507e-06,-1.2769805e-06,0.10808395,0.002501011,-0.41000044,0.7256417,0.2118997,0.04047846,-0.36842984,0.024139656,-0.12463064,0.12694691
24.17028990870767,35.119565206509655,75.23819,2851200.015449524,72.60152,0.045336396,0.09192888,-0.65603846,0.094943404,1.1093065,-0.19821131,0.04144352,-0.0019317195,-0.08029234,0.03085527,0.1697837,0.17256463
24.003623304347823,35.192029209683014,80.788605,11231999.562263489,71.91497,3.464586e-05,0.0003107377,0.34676278,-2.4854693,-0.4395275,0.44518375,0.42458335,-0.3251092,-0.24564865,-0.17127457,-0.014641644,0.17189926
24.51086948471318,35.141304337922854,75.965324,10540799.757957458,73.47258,-0.089121625,-0.0128955785,-0.3511135,2.6182048,-0.31331342,-0.2068927,0.23025218,0.116232425,0.5518018,0.21494336,-0.0027742176,0.21496128
24.619565229179578,35.18478278215484,82.255135,14169600.375938416,71.95108,7.993847e-05,-4.6088924e-05,-0.22279733,2.4525707,-0.37115294,-0.07130935,0.017582178,0.20205697,0.25800738,0.15665725,-0.027091153,0.15898247
24.282608510179216,35.10869565592019,73.044136,1123200.0247836113,73.0791,-0.9093138,-0.96478224,-0.41706294,-0.37039346,0.9530557,0.43914887,0.1355544,-0.022304825,0.28248164,-0.12774919,0.22138503,0.25559968
24.5036234048686,34.94565269942081,84.86278,11577599.464416504,72.4177,-2.860428e-06,-8.481199e-06,0.19457377,-2.187416,0.32961702,0.47004732,0.093562566,-0.094618,-0.44308114,-0.15771624,0.03859516,0.16236995
24.264492787947336,35.06521739309379,75.914215,3715200.0450611115,72.22301,0.028098589,-0.03478159,-0.3552186,-0.054880545,1.1516463,-0.08189855,0.16590126,-0.0881984,-0.16378054,0.016128398,0.21001953,0.2106379
24.351449221508126,35.36231895652174,77.53338,16243199.788856506,72.53032,0.0025594474,-0.0046310937,0.20948087,1.0805304,-0.5567963,-0.5108246,-0.5380503,0.08669454,0.04116258,0.11666167,-0.07717292,0.13987711
24.202898613755877,35.17753635462667,82.22561,14860800.180244446,71.30155,-2.4795941e-05,3.959812e-05,0.14026466,-1.1209881,0.8415538,0.166529,-0.18095103,-0.15186572,0.31037703,-0.06283852,0.09573208,0.11451336
24.72463775080654,35.097825908808005,83.506035,5184000.177669525,72.632935,8.764429e-06,-5.5143846e-05,-0.45653665,0.7218086,0.80485505,-0.1892041,0.2201783,0.020128962,-0.05841098,0.1755005,0.17633447,0.24878559
24.365941903817713,35.11594190204278,77.940506,12873600.46863556,72.32814,-0.0056450213,-0.005469718,0.015137941,1.8735923,-0.3212291,-0.17245,-0.038496174,-0.21819758,0.24444121,0.163429,0.01148766,0.16383225
24.579710091518006,35.06884069756067,84.24473,1468799.9954938889,72.710014,2.0371263e-05,1.9805382e-06,0.4516173,-0.8718406,0.6414783,0.358637,-0.390017,-0.13055968,0.09627384,-0.08140884,0.06924396,0.10687435
24.40217392316393,35.07246365433351,77.73675,7689599.742507935,72.374855,-0.006255005,-0.007285795,-0.29139268,1.9050847,-0.06998666,-0.15321493,0.020996727,0.16333915,0.23114312,0.13286094,-0.026441522,0.13546655
24.264492787947336,35.06521739309379,75.914215,7862400.2420425415,72.14729,-0.02599752,-0.0049088253,-0.20383106,1.076911,0.3252201,-0.018957965,0.39349917,0.27122042,0.07652529,0.13467818,0.03309009,0.13868369
24.409420264318722,35.097825908808005,75.01247,9849599.953651428,73.06582,-0.07808536,-0.09240361,0.0019852445,2.6701214,-0.19216375,-0.14367461,0.10479367,0.036912717,0.27289852,0.31642807,0.007094896,0.3165076
24.423912946628306,35.16304383214723,83.815254,7775999.992275238,72.007355,4.0322643e-06,-1.0266518e-05,-0.26565492,3.7792118,0.2147855,0.11869912,-0.1432248,-0.03953202,0.056610018,0.10973296,0.0019547737,0.109750375
24.47463793572534,35.15579704180788,74.131996,6393599.835205078,73.43136,0.52916163,0.5231445,-0.191134,1.7774962,-0.2537706,-0.20295408,0.4977035,-0.09055794,0.28002203,0.3119967,-0.05780443,0.3173063
24.85869584610084,35.31159408476158,76.05999,5875199.981975555,76.0296,-0.30516723,-0.7065556,-0.033947572,0.58762294,-1.1418941,0.158584,0.48668176,0.5476422,0.2091938,0.07193324,-0.1874911,0.2008166
24.40579730278949,34.98550712868071,82.545616,6220799.884128571,71.92711,-6.246416e-05,-5.2042396e-05,0.12777954,-1.3810178,0.028201792,0.46057102,0.31798664,0.10720978,0.16722134,-0.2557738,0.0486874,0.26036647
24.2137679164399,35.101449394680465,78.1842,3887999.996137619,72.525154,-0.0040712617,-0.0032124843,-0.33406687,-0.8111733,0.60319924,0.16745025,0.37698728,0.0998971,0.18215951,-0.09407373,0.082520515,0.12513793
24.608695560661264,35.210145036629335,80.071884,8467199.796581268,72.71731,-0.00057569466,0.0013190911,0.07208857,1.815416,0.20762147,0.14554042,0.05485814,-0.008415893,0.004554741,0.1580465,0.041775953,0.16347454
24.677536062942007,35.07971042955572,84.775665,13391999.773406982,72.38563,-1.4057324e-05,-1.4099111e-05,-0.05647803,1.7022518,0.3468852,-0.21877122,-0.16980445,0.31438157,0.34344518,0.12817034,0.03805543,0.13370061
24.003623304347823,35.192029209683014,80.788605,14256000.07724762,72.02707,-0.00027856985,0.00012033188,0.4637941,-1.9755714,0.056810603,0.28245756,0.38867512,-0.26063487,-0.20689192,-0.13347195,0.02345645,0.1355174
24.43478277193275,35.06521686399416,78.38795,14083199.577713013,72.34166,-0.0022488094,-0.0034149291,-0.092139505,1.5626546,-0.46718097,-0.16340995,0.029383741,0.062185213,-0.035393365,0.13706927,-0.022504533,0.13890442
24.880434869565217,35.11594208344836,73.60822,17625600.494384766,73.52973,-0.9079128,-0.65346014,0.45573014,0.12861823,-2.0863614,0.1896084,0.10651323,-0.0883139,-0.22008416,0.036162246,-0.23625578,0.23900732
24.57608686867857,35.22463755910878,78.28966,18057600.097846985,72.82237,0.0039860955,0.0072373166,0.03770613,0.60992855,-0.8400458,0.07990198,-0.19357902,0.0564266,0.24535298,0.077645734,-0.15641043,0.17462268
24.782608584568965,35.06521774078783,85.492004,950400.0051498413,72.262924,-6.612379e-06,3.5685666e-06,-0.37543273,-0.38700777,0.94807017,-0.18528906,0.35572198,-0.023208342,-0.04602939,-0.09196477,0.17723292,0.19967231
24.278985574781007,35.18478260074926,85.36457,2332799.8879909515,72.04387,-5.4310135e-06,-1.9223642e-06,-0.35098857,0.13688684,-1.0281985,0.098780535,0.530338,0.14287935,-0.29003125,0.015352379,-0.21504274,0.21559006
24.822463669968496,35.11956556932083,79.471794,8899199.948501587,73.5392,0.00028652366,-0.0027068448,0.045078747,1.2504864,-0.654991,-0.024349228,0.5590666,0.3071178,-0.012004867,0.15505816,-0.12983678,0.20223904
24.282608510179216,35.10869565592019,73.044136,16070400.386238098,73.04235,0.9953334,0.9907937,0.06377351,2.2010355,-0.68302804,-0.07677532,0.10882854,0.12834813,0.11698364,0.14002292,-0.027026631,0.14260735
24.51086948471318,35.141304337922854,75.965324,691200.0099778175,72.38578,-0.012664924,-0.020926584,0.031665497,-1.864146,0.9729732,0.13944873,0.38449755,0.04350813,0.22289714,-0.1754368,0.04962163,0.18231943
24.579710091518006,35.06884069756067,84.24473,12268800.365638733,72.00303,-1.2832392e-05,-1.5943995e-05,0.1229274,1.7291483,0.15923987,-0.15815312,0.013105374,0.407922,0.116466835,0.09193633,0.010745706,0.092562184
24.202898613755877,35.17753635462667,82.22561,1123200.0247836113,73.13171,-0.00025635608,1.21765215e-05,-0.16241911,-0.6226763,-0.23337041,0.111965284,0.637102,0.4214494,0.3990988,-0.23450692,-0.123177685,0.2648891
24.278985653174068,35.159420527680346,80.15937,15206400.082397461,71.543205,3.9939412e-05,0.00039543095,0.02001591,-0.65162194,0.43793124,0.030631952,0.045672365,-0.06065867,0.34696233,-0.07498989,0.07220628,0.10410202
24.782608584568965,35.06521774078783,85.492004,17712000.19569397,72.38919,1.0290324e-06,-6.3156773e-07,-0.16752318,0.76609194,-0.83070993,0.05402273,0.05092361,0.2580447,-0.22085148,0.19259575,-0.15257509,0.2457077
24.278985653174068,35.159420527680346,80.15937,5529600.07982254,72.259735,-0.00021376059,-0.000652846,-0.40604603,0.9231156,0.25395346,0.40844938,0.22245225,0.100924425,-0.08082114,0.14507644,0.03115904,0.14838482
24.16304339770124,35.14130418675153,77.183464,1555199.9710321426,73.07543,0.007271328,-0.009244146,-0.37366527,0.03577678,1.0792241,-0.07437215,0.045491867,0.39438397,0.16613586,0.0034971111,0.22170286,0.22173044
24.15217408195171,35.09782609021359,90.079155,16329599.49016571,72.438835,-1.07183226e-07,1.2217544e-07,0.58192575,-0.8703265,0.00033180416,0.37660557,0.13787803,0.15209708,0.2258083,-0.24172567,0.009271403,0.2419034
24.659420157792983,35.13768139626715,82.9603,16934399.593162537,71.69418,-3.334095e-05,-3.5512898e-05,-0.038700517,1.0579114,-1.7110837,0.11081804,0.4536247,0.32019845,0.051565148,0.041478485,-0.12122382,0.12812369
24.525362323808892,35.01449270273921,80.76379,18403200.0,72.68207,0.00054751156,9.1314454e-05,0.0015820339,0.6089377,-1.3211048,0.27119833,0.20819408,-0.01645033,-0.2638995,0.14065479,-0.25765452,0.29354662
24.586956589458925,35.03623181903528,81.050644,3110399.9420642853,72.0916,0.00030703828,-0.0001888623,-0.22333333,0.49312747,0.90188205,0.11657944,0.060157694,-0.04569955,0.020404862,0.055136453,0.11347732,0.12616311
24.43478277193275,35.06521686399416,78.38795,14860800.180244446,72.39894,-0.004518903,-0.003923659,-0.03542367,1.5024499,-0.57158524,-0.10284858,0.04508107,0.099991426,-0.070104584,0.16267619,-0.048932955,0.16987635
24.340579735906957,35.22101461745307,78.71513,6220799.884128571,72.14731,0.0020039498,0.0025201594,-0.2414408,2.498631,0.07234248,-0.07994928,-0.03508406,-0.13491592,-0.23358223,0.15233512,-0.006004502,0.15245341
24.782608584568965,35.06521774078783,85.492004,259199.99517202377,72.190094,-1.1557199e-06,-2.7214455e-06,-0.32178503,-0.31467068,0.7959761,-0.10569366,0.29082283,-0.0250948,-0.11732883,-0.0855524,0.19127089,0.20953225
24.369565205050215,35.10507235145331,81.59638,3283199.893140793,72.66445,0.00010312826,2.2191605e-05,0.035395786,-0.3563035,0.6031413,0.057581924,0.031908814,0.24700367,-0.25245982,-0.026796674,0.07699946,0.08152901
24.15942034471344,35.02536261613985,84.04098,4060799.9472141266,72.48996,-2.5272622e-05,2.8872326e-05,-0.13193068,0.87305504,-0.5705015,0.10392293,-0.09416904,0.2713335,-0.031739704,0.2258061,-0.10981782,0.2510943
24.423912946628306,35.13405791039468,84.735344,12614400.267791748,71.70371,5.6154763e-06,-9.5088177e-07,-0.11196236,2.1917143,-0.034967966,-0.37146345,0.032266483,0.4405756,0.16408259,0.17246047,-0.021851394,0.17383929
24.46739112421217,35.10507235145331,77.031204,1123200.0247836113,72.35011,-0.014473253,-0.013972937,-0.1486271,-1.301897,1.1742685,-0.07298998,0.38009483,0.07234687,0.05724656,-0.14700969,0.113351874,0.18563537
24.365941903817713,35.11594190204278,77.940506,864000.0296115875,72.97465,0.004058217,-0.011375647,-0.048213042,-2.348961,1.883033,-0.04396858,0.24547204,0.13105938,-0.23054221,-0.17773798,0.12009872,0.21450989
24.72463775080654,35.097825908808005,83.506035,15811200.185394287,72.103386,8.698528e-06,-3.3068714e-05,-0.26733685,0.8533053,-0.32581747,0.17806667,0.013528671,0.27699968,0.09988569,0.09749893,-0.04769006,0.10853747
24.521739153231497,35.18115965909355,80.50853,15811200.185394287,72.00575,-0.0004213797,0.00033585276,-0.1557779,1.1551474,-0.5606082,0.1529154,0.24126196,0.3904682,0.08812618,0.12441296,-0.07532196,0.14543721
24.068840433535758,35.17753635462667,82.62194,11145599.860954285,71.4582,-4.1966025e-05,-4.259459e-05,-0.3168097,0.39674848,0.15696965,0.1471886,0.26287726,-0.07584392,-0.0512001,0.07487015,0.055458542,0.0931729
24.40217392316393,35.07246365433351,77.73675,16416000.288391113,72.9625,0.00087955,0.009352371,0.0722799,1.0136018,-0.5870894,-0.083256714,0.061490893,0.20697737,-0.035373285,0.16803576,-0.055128604,0.1768479
24.423912946628306,35.16304383214723,83.815254,2073599.9613761902,72.76903,-4.6649446e-05,-2.2496382e-05,-0.005672924,1.1940213,-0.3562188,0.36476335,0.28739467,0.1559164,-0.18188947,0.14414921,-0.0746765,0.162344
24.373188349496587,35.09782609021359,73.044136,691200.0099778175,73.005486,0.81759435,0.78874445,-0.3126244,0.13640687,0.2842433,0.67014956,0.595278,-0.029329717,0.49468356,0.04050506,0.09685458,0.10498319
24.336956356281394,35.12681217825459,78.56935,11664000.262641907,72.00838,0.002697992,-0.0013693931,0.14724968,1.5272083,-0.19959773,-0.21606633,-0.11158361,-0.17048857,0.35555276,0.20054266,0.0013830344,0.20054743
24.068840433535758,35.050724689208764,75.1399,2764800.03991127,71.62915,-0.040278133,-0.028437968,-0.78295827,-1.2433807,2.3652158,-0.04660877,0.04892144,0.29521915,-0.03752158,-0.030174209,0.09814341,0.102677226
24.17028990870767,35.119565206509655,75.23819,3715200.0450611115,72.431786,0.04557695,-0.008895599,-0.7249841,0.27514875,0.7163421,-0.15136033,0.12529148,-0.066552885,-0.17188996,0.088384844,0.14795664,0.17234571
24.358695745580064,35.14492749121842,79.46463,7948799.943351746,72.1046,-0.001306036,-0.00090439856,-0.23897666,2.6853113,-0.25339484,-0.094106935,-0.22041982,0.059153408,0.17758867,0.10436446,-0.0033090385,0.10441691
24.52536253285706,35.05797113185407,79.99595,14169600.375938416,72.280594,0.0007285671,0.0005999483,-0.42493302,2.6935313,-0.24521883,-0.08110746,0.12194347,0.30830547,0.1437299,0.19638929,-0.014846925,0.1969497
24.068840433535758,35.17753635462667,82.62194,14342399.778556824,72.01528,-6.5390006e-05,-5.064976e-05,0.054615125,-1.389668,0.3692789,0.30783373,0.2545345,-0.18237427,0.04714509,-0.23567767,0.085418195,0.25067955
24.52536253285706,35.05797113185407,79.99595,3110399.9420642853,72.046486,0.00037058178,-0.00034197906,-0.2751588,0.04244025,0.98803186,0.0085269585,0.07290235,-0.019055106,-0.15902224,0.030501481,0.15043761,0.15349858
24.2137679164399,35.101449394680465,78.1842,12268800.365638733,71.93756,-0.0035264601,-0.0030780337,0.19695579,-1.2109346,-0.48949963,0.19304237,0.27429676,-0.39868414,0.2312023,-0.10475705,-0.02289989,0.107230805
24.507246627708035,35.15217355593542,72.15966,4492800.099134445,73.930916,0.08543635,0.18395655,0.22642331,0.79562944,-0.4683714,0.08410532,0.8798569,0.117441714,0.28556672,0.14221582,-0.0853232,0.16584748
24.57246390714934,35.13405809180027,82.83649,15551999.984550476,71.677605,-3.9365885e-05,-7.506438e-06,-0.0852232,2.0078406,-1.1052552,-0.1363489,0.20607877,0.44416627,0.18814582,0.11511571,-0.076214805,0.13805912
24.336956356281394,35.12681217825459,78.56935,14169600.375938416,71.99698,-0.002303541,-0.0025999867,0.048882514,0.91040385,0.036579743,-0.108302556,0.03551098,-0.1758095,0.19303375,0.13514388,0.039007254,0.1406607
24.782608584568965,35.06521774078783,85.492004,6047999.933052063,72.90402,9.600521e-06,6.8590657e-06,-0.33535677,1.0414814,0.38346487,-0.4204594,0.5500652,0.021204032,-0.16102386,0.1966545,0.027294923,0.19853967
24.423912946628306,35.13405791039468,84.735344,15292799.783706665,71.33861,5.381708e-06,5.5910573e-06,-0.12194148,1.6101596,-0.5762182,-0.13909763,-0.0112116635,0.16404875,0.39159703,0.14831312,-0.06771793,0.16304141
24.17028990870767,35.119565206509655,75.23819,15897599.886703491,72.91524,0.12008938,0.09047976,0.10048668,1.2211068,-0.34418327,-0.09946898,0.2647567,0.198793,-0.09047475,0.19860113,-0.034854956,0.2016365
24.423912946628306,35.13405791039468,84.735344,5788799.732208252,72.29375,7.29163e-06,-9.664009e-06,-0.1257647,0.92238086,-0.28263766,0.52131635,0.29722786,-0.09509527,-0.032910436,0.22098641,-0.042231504,0.22498554
24.503623143558386,34.916666955294566,80.479385,11923200.463485718,72.025696,-0.00049039366,0.00036577455,-0.105327964,1.2492251,0.18337028,-0.30621907,-0.0897833,0.031493057,-0.22676945,0.2031026,0.013129038,0.20352651
24.152173912100075,34.942029039701325,85.189964,86400.00124722719,73.79014,2.8301485e-05,2.8202545e-05,-0.45175743,0.032669097,0.37333906,0.12903231,0.09541412,0.13834414,0.44014028,-0.0078737615,0.1909296,0.1910919
24.134057993885538,35.130434787333385,80.741425,11231999.562263489,71.92897,0.00035296907,0.00016492282,-0.008599587,-1.9150615,-0.29399675,0.3415551,0.17158306,-0.19357768,0.046774678,-0.115905285,-0.020462014,0.11769761
24.503623143558386,34.916666955294566,80.479385,6566399.786281586,71.84922,3.7803984e-05,0.00028503823,-0.30124873,1.0412498,0.56532156,-0.08258087,0.24979815,-0.053167284,0.14033419,0.17074946,0.0768117,0.18723091
24.15942034471344,35.02536261613985,84.04098,12527999.469566345,72.00749,1.2195833e-05,1.8975894e-05,-0.28432932,-1.8092134,-0.24316369,0.38851553,0.21648219,-0.15338942,-0.0350781,-0.28015044,-0.062135257,0.28695828
24.152173912100075,34.942029039701325,85.189964,3887999.996137619,72.747505,-9.326631e-06,1.1379381e-05,0.17161553,-0.15860014,-0.4330294,0.34731168,0.2665254,0.15157981,-0.0030723177,-0.02726723,-0.15554252,0.15791447
24.503623143558386,34.916666955294566,80.479385,13910400.175094604,72.02832,-0.00047589725,0.00044052184,-0.42598355,0.8470548,0.5437758,-0.11983331,-0.09998808,-0.059671156,-0.2692308,0.12290736,0.04909382,0.13234963
24.268116089179838,35.07971042955572,81.07262,7343999.840354919,72.395775,-0.00027831132,1.753363e-05,0.14224684,-2.1436398,-0.33683497,0.4581211,0.28259128,0.32541725,0.2979703,-0.21415794,-0.05094309,0.22013365
24.235507135886934,35.09782643790763,86.62735,12182399.56741333,71.75394,-1.0333353e-06,-8.903887e-07,-0.08790557,0.8202749,0.021529641,0.3036272,0.15323097,0.10962156,0.23629266,0.21542488,0.038902204,0.21890925
24.373188532413735,34.85507217391305,83.68782,1728000.059223175,72.60648,1.4567578e-05,2.6530754e-05,-0.23310934,-0.44741195,-0.023013681,0.25085258,-2.6889145e-05,0.04372687,0.13090077,-0.16233885,-0.013775436,0.16292226
24.278985653174068,35.159420527680346,80.15937,7862400.2420425415,71.96372,-0.00016942435,-0.0004924421,-0.23805213,2.266119,-0.22573163,0.1201289,0.0530331,0.13675332,0.10141228,0.041540917,-0.009510871,0.04261578
24.268116089179838,35.07971042955572,81.07262,15120000.381088257,71.16815,-2.4649938e-05,-5.040002e-06,-0.46384943,0.6044398,-0.26794857,0.028196469,0.20051208,-0.1161071,0.12862667,0.13172273,-0.01785609,0.13292749
24.85869584610084,35.31159408476158,76.05999,1209599.9317646027,75.643486,-0.6845538,-0.68653977,0.45009792,0.068526775,-1.1013497,0.17346512,0.4804131,-0.04317043,0.0957743,0.021611078,-0.1703908,0.17175582
24.358695745580064,35.14492749121842,79.46463,9763200.252342224,71.93562,0.0010959571,-0.0011243441,-0.053784892,3.1900806,-0.3409186,-0.3054841,-0.2712354,0.06233704,0.26655748,0.11682019,0.005083218,0.11693073
24.275362351941567,35.02173896397893,79.32639,1123200.0247836113,72.82634,0.00085508067,-0.0028508403,-0.0057724416,-1.309579,0.45862287,0.2248066,0.28867006,0.058591217,-0.02939275,-0.2439952,0.09630718,0.2623142
24.880434869565217,35.11594208344836,73.60822,3974399.971675873,73.62031,-0.92156374,-0.9646569,0.037745602,-0.60633844,-1.0105561,0.6488769,-0.070565976,0.07652816,-0.040620357,-0.085752025,-0.14615789,0.1694566
24.351449221508126,35.36231895652174,77.53338,2332799.8879909515,72.40727,0.0011994793,-0.0062326696,0.23970653,-1.4370384,0.68792766,0.18283974,-0.09971144,0.033402257,0.39657107,-0.16631752,0.09852508,0.19330989
24.57246390714934,35.13405809180027,82.83649,172800.00249445438,73.067314,0.00013607321,-5.287897e-05,0.116552204,-1.0451398,0.96179634,0.12276901,-0.11905544,-0.07368619,-0.28161934,-0.21059825,0.14669971,0.25665626
24.655797039477626,35.09782643790763,82.953125,15120000.381088257,72.00132,2.1683336e-05,5.0803144e-05,-0.18035081,0.9928064,-0.25937766,-0.027101561,0.06945151,0.3449656,0.22127312,0.13712624,-0.04438051,0.14412923
24.282608510179216,35.10869565592019,73.044136,3628800.0695228577,73.09199,0.92406875,0.8819855,-0.65450287,-0.17476381,0.5038413,0.4005353,0.04256881,-0.48760757,-0.027681127,-0.057815265,0.1804687,0.18950345
24.43478251062254,35.050724689208764,81.254395,9071999.899578094,71.973625,-5.7616508e-05,-0.00021676243,0.12640361,-0.52513003,-0.5237677,0.13980773,0.029618692,0.24954396,-0.09928834,-0.06580333,-0.06637745,0.09346681
24.619565229179578,35.18478278215484,82.255135,12787199.670410156,71.99385,-7.0149734e-05,3.107223e-05,-0.09913116,2.0019283,-0.10434362,-0.117592834,-0.15726951,0.13239127,0.1132592,0.16048653,-0.034130912,0.16407573
24.16304339770124,35.14130418675153,77.183464,14687999.680709839,72.484924,-0.009074852,0.013014923,0.22257747,-0.8041657,0.030561376,0.12648052,0.33524486,-0.033117674,0.041283146,-0.1283141,0.013319448,0.12900354
24.731884091961334,34.88405773852335,82.62194,259199.99517202377,71.03166,2.8049024e-05,-2.1345988e-05,-0.26154155,-2.1161187,1.3912946,0.15043381,0.11995773,0.15565419,0.20163381,-0.20894535,0.08525698,0.22566992
24.528985389862203,35.079710263267266,73.800804,15120000.381088257,73.837494,0.96478206,-0.49355397,0.080996856,0.07737124,0.36690855,0.29322234,-0.239028,0.1294296,0.09748632,0.017181687,0.10500163,0.10639808
24.525362323808892,35.01449270273921,80.76379,432000.01480579376,72.1793,0.0002576141,-0.0003188302,0.1503476,-1.7786477,1.2046572,-0.08031852,-0.2500715,-0.07761835,0.19098029,-0.16074958,0.09323251,0.18582985
24.507246627708035,35.15217355593542,72.15966,17884799.598312378,72.174545,-0.88236463,-0.9859337,0.27907163,-0.7119367,0.2814719,-0.07938663,0.2901473,0.29786712,-0.024314746,-0.32583517,0.107956536,0.3432538
24.286231733018653,35.16304365074164,82.86601,7171199.889278412,72.11343,9.399106e-06,1.6258666e-05,-0.65622437,2.224503,0.52330047,0.3331541,-0.04573854,0.31028554,-0.18401477,0.06639532,0.0011206975,0.066404775
24.202898613755877,35.17753635462667,82.22561,7084800.187969208,71.93438,-8.610176e-05,7.7037905e-05,-0.72374755,2.459293,0.32120156,0.33578053,0.36776635,0.38398406,-0.16190362,0.15400709,-0.028028404,0.15653682
24.423912946628306,35.13405791039468,84.735344,11318400.360488892,71.818825,5.204276e-06,5.770468e-06,-0.07855725,2.2413678,-0.07991803,-0.3209927,0.05693976,0.3947956,0.11238352,0.18135618,-0.010903927,0.18168367
24.2137679164399,35.101449394680465,78.1842,2592000.0888347626,72.70296,0.0045861923,0.007149386,-0.23240206,-1.0825529,1.2483336,0.054176494,0.30619308,0.24531028,0.18259853,-0.07652152,0.124481626,0.14612056
24.800724541980035,35.0326085145684,80.91604,4319999.873828888,72.62634,0.00049283844,0.00038252425,-0.38658422,0.07588512,1.0857176,0.3175899,0.15499735,-0.30554983,-0.11531816,-0.0053594746,0.109192476,0.109323926
24.586956589458925,35.03623181903528,81.050644,2332799.8879909515,72.07325,0.00023408014,-0.0003037727,-0.16053571,-0.041533455,0.9770558,0.06885526,0.010926917,-0.051137596,0.03716897,0.0013111079,0.14729507,0.14730091
24.340579657513896,35.072464168316,77.031204,15811200.185394287,73.00557,0.0096644815,0.016890744,-0.19030206,1.0233833,-0.5519286,-0.09746442,0.38486028,-0.10128384,0.0022405498,0.16760507,-0.10215238,0.19628187
24.471014503837736,35.137681214861566,84.09494,1987199.9858379364,72.92144,-1.0151772e-05,-4.2141393e-05,0.17738484,0.55884504,-0.15754302,0.5570244,0.0065141395,0.015327454,-0.19274065,0.16150571,-0.014336845,0.1621408
24.286231733018653,35.16304365074164,82.86601,14601599.979400635,71.10452,1.5640406e-05,2.0289684e-05,-0.104474984,0.3060354,0.26986152,-0.007584922,0.007936008,0.064166345,0.31340492,0.048109673,0.07843013,0.092009924
24.177536001617764,35.01449252133363,77.3516,10540799.757957458,72.220695,0.007826267,-0.009105069,-0.12084454,-2.1928134,-0.34645253,0.43358076,0.3623798,-0.42767638,0.12569961,-0.24646215,-0.018637702,0.24716584
24.623188347494935,34.98550731008629,86.27349,3887999.996137619,72.447586,3.8472926e-06,2.7070196e-06,0.25534683,-0.7642083,0.36170352,-0.0197711,-0.08389609,0.25702384,0.13075724,-0.15877889,0.07775271,0.17679429
24.264492787947336,35.06521739309379,75.914215,17712000.19569397,73.69113,-0.13250351,-0.014951425,-0.24398336,0.976859,-0.84261864,-0.044974953,0.40534976,-0.02721981,0.10296889,0.20790371,-0.16281274,0.26406807
24.728260869121893,35.15579704180788,79.23173,9676799.454116821,73.20147,0.0032906788,0.0012696758,-0.06995234,1.3614147,-0.33501446,0.11265695,0.5851916,0.25754297,0.118700534,0.14821841,-0.044817656,0.15484612
24.293478074173446,35.130434424522214,78.52256,4924799.976825714,72.25726,-0.00018973873,-0.0033495685,-0.40624666,0.48190564,0.35665226,0.23085573,0.36603534,-0.018654838,-0.11590267,0.055140346,0.07443323,0.09263241
24.659420157792983,35.13768139626715,82.9603,14515200.27809143,72.00273,-3.5192017e-05,4.5054705e-05,-0.22759874,1.7691002,-0.3224736,-0.10166178,0.034084592,0.25554392,0.3965099,0.14005268,-0.03362295,0.14403214
24.46739112421217,35.10507235145331,77.031204,9158400.149345398,72.815994,-0.01952292,-0.021273335,-0.4194011,2.892835,-0.30020636,-0.32733357,-0.02724421,0.005931936,0.43932635,0.24301612,0.0045196083,0.24305815
24.608695560661264,35.210145036629335,80.071884,11923200.463485718,72.49335,0.00014990155,0.00094340555,-0.0028193146,1.5106155,-0.003212355,0.12977894,0.21839494,0.14540045,0.105029956,0.21118315,0.009249783,0.21138562
24.409420264318722,35.097825908808005,75.01247,4060799.9472141266,72.92201,-0.13275982,-0.13415363,-0.14330754,0.33171082,0.2835266,0.12507692,0.36816445,-0.19685772,-0.008954264,0.030695947,0.057022847,0.06475991
24.3913043591697,35.05434799367564,86.750465,13910400.175094604,71.99838,-1.5451253e-06,1.6790833e-06,-0.061416227,0.45510298,-0.3054397,0.21679977,0.05796869,-0.08801117,0.28369364,0.14708747,-0.10188105,0.17892589
24.3985509616347,35.079710263267266,82.39983,13305600.072097778,71.45054,2.5752059e-05,4.2248896e-05,-0.122052595,0.8026278,-0.55615073,-0.036680296,-0.029372297,0.26444075,-0.112408794,0.1367655,-0.08993537,0.1636862
24.442029139218562,35.043478080275,76.86345,12873600.46863556,72.98626,0.029097283,0.020951211,-0.2819569,1.6557752,-0.26535514,-0.13600045,-0.22438556,-0.040845715,0.0957744,0.17480965,-0.016955778,0.17563005
24.271739312019278,35.0833337340226,74.97577,4406400.123596191,72.3682,-0.06872583,-0.07242042,-0.54454607,0.7917238,0.8474196,-0.0110154,0.17599963,-0.21670267,-0.2048716,0.12216087,0.13189183,0.17977412
24.264492787947336,35.06521739309379,75.914215,16761600.190544128,73.5059,-0.04607994,-0.1060404,-0.27771944,1.2089347,-0.86779475,0.01770803,0.5618815,-0.15302333,0.069453016,0.15066561,-0.060163483,0.1622337
24.171296292717127,35.10648163098043,78.049835,7516799.791431427,72.22779,0.0018982608,-0.0030219303,0.0062978566,-2.2696242,-0.44297898,0.40096748,0.61171216,0.19183059,0.26498097,-0.2501817,-0.02708066,0.2516431
24.782608845879178,35.07246365433351,80.82854,16156800.087547302,72.673744,-0.0003464892,-0.00011488208,-0.3545788,0.47433215,0.1722252,0.25346884,0.14652592,-0.023573443,0.11443953,0.110678345,0.03288277,0.11545983
24.3913043591697,35.05434799367564,86.750465,11145599.860954285,72.18939,-5.202461e-07,-1.7784366e-06,0.03239388,-0.8972422,-0.20266291,0.20667356,0.40946224,-0.0011988282,-0.02116967,-0.1122373,-0.04580209,0.121223114
24.141304256647267,35.05072417522627,80.839714,10108800.15449524,72.26136,-0.00042003614,-0.00033160823,-0.08539061,-2.8123379,-0.19534852,0.34427163,0.20826855,-0.22185883,0.047865022,-0.17205669,-0.02564205,0.17395695
24.40579730278949,34.98550712868071,82.545616,7343999.840354919,72.01142,-5.0466962e-05,1.3218845e-06,0.16557544,-2.0545597,-0.0029012226,0.49027944,0.4025587,0.11423591,-0.029143035,-0.19016932,0.017663237,0.19098786
24.57608686867857,35.22463755910878,78.28966,11318400.360488892,72.83358,-0.0008765712,0.005883958,-0.03997661,1.825877,-0.2757051,0.23529968,0.55424935,0.1401321,0.20764548,0.1877467,0.012878143,0.18818785
24.134057993885538,35.130434787333385,80.741425,2073599.9613761902,74.02842,0.0019319091,-0.0017356243,-0.28918153,-0.69235194,-0.04448466,0.44419143,0.46310756,0.47472507,0.51405895,-0.19362988,-0.027082728,0.19551471
24.528985389862203,35.079710263267266,73.800804,16675200.489234924,73.76381,0.084972195,-0.9089739,0.24538948,-0.3518507,0.18277453,0.29964277,-0.19402605,0.16762552,0.015306314,-0.17026651,0.102854766,0.19892156
24.503623143558386,34.916666955294566,80.479385,10195199.855804443,72.14152,3.2084306e-05,0.0005405248,0.022026174,1.5051317,0.17649548,-0.40067944,0.00020543486,0.001029104,-0.12004834,0.181167,-0.030701708,0.18375005
24.06159400092239,35.235507653915,77.223785,9849599.953651428,73.00757,0.022270402,0.02207339,0.09567763,-3.7930481,-0.97824013,0.8045551,0.20177943,-0.102999486,-0.02871146,-0.15670429,-0.042570073,0.16238363
24.659420157792983,35.13768139626715,82.9603,7171199.889278412,72.526726,4.1245e-06,-1.4991486e-05,-0.14461634,2.3803637,0.15227601,0.00013615936,0.0010953099,-0.015113018,-0.25798717,0.08305572,0.006700801,0.08332559
24.15942034471344,35.02536261613985,84.04098,16588799.691009521,71.59749,8.078978e-06,1.3213775e-05,-0.12012896,-1.5046967,0.97893167,0.20795438,0.073714174,0.20948821,0.43927953,-0.16281413,0.11698792,0.20048594
24.880434869565217,35.11594208344836,73.60822,12441599.768257141,73.54557,0.17328691,0.6124015,0.23080541,-1.8893247,0.7249041,-0.2747685,-0.1277509,-0.020273924,-0.52189076,-0.20978752,0.05782237,0.21761027
24.242753659958876,34.931159481553294,83.59315,8985600.19826889,72.84728,6.205551e-05,-6.11511e-05,0.052090824,-3.1436148,-0.21649449,0.27495936,0.5584243,-0.2286366,-0.24687588,-0.19221345,-0.024558606,0.193776
24.608695560661264,35.210145036629335,80.071884,8208000.144195557,72.76127,-0.0011212492,0.001211009,0.046544842,1.8668783,0.290335,0.14955151,0.036139745,-0.021935076,0.014030393,0.17096867,0.058435112,0.18067913
24.264492787947336,35.06521739309379,75.914215,7689599.742507935,72.15919,-0.028255837,-0.025096508,-0.22456071,1.0592874,0.34956038,-0.01805789,0.38866475,0.27396557,0.05810962,0.12591563,0.03559955,0.13085134
24.141304256647267,35.05072417522627,80.839714,18143999.79915619,70.98882,0.00013692668,-0.00013377519,-0.4788941,-0.14221002,1.4060929,-0.17018664,0.5698717,0.74029595,0.6101885,-0.006170511,0.15831666,0.15843686
24.16304339770124,35.14130418675153,77.183464,4665599.775981903,72.458405,0.003390371,0.012875366,-0.5880857,0.05446087,-0.12751311,0.16106695,0.42965072,0.011476401,0.020421498,0.03392737,-0.064750634,0.07310069
24.202898613755877,35.17753635462667,82.22561,7171199.889278412,71.91941,-9.05753e-05,7.800293e-05,-0.71703255,2.5052168,0.3172204,0.3203365,0.3591907,0.38068736,-0.1616253,0.15701933,-0.029456368,0.1597584
24.40579722439643,35.07608730649443,81.130585,9935999.654960632,71.799446,0.00010982559,0.0001836559,-0.026534162,0.6384694,-0.597865,0.0319415,-0.08780239,0.27034464,0.0063036494,0.0666036,-0.038827594,0.07709489
24.3985509616347,35.079710263267266,82.39983,2678400.0643730164,72.71201,-8.1778424e-05,0.00013116802,0.14002839,-0.4740153,0.66274816,0.07174192,-0.2755914,0.140136,-0.11496877,-0.076314196,0.10989197,0.13379127
24.275362351941567,35.02173896397893,79.32639,3887999.996137619,72.39492,0.0004396719,0.0019287261,0.14552963,-0.4070655,0.05133321,0.086598456,0.26394644,0.045454364,0.28067702,-0.15382132,0.054894287,0.16332294
24.46739112421217,35.10507235145331,77.031204,13132799.572563171,72.91746,0.006447609,-0.019298116,-0.074017294,1.9786016,-0.34489113,-0.19293514,-0.09985077,0.08798435,0.18183345,0.14551663,-0.007345152,0.1457019
24.528985389862203,35.079710263267266,73.800804,1468799.9954938889,72.92127,0.39160275,0.43233755,0.10587387,-0.0022585243,-0.36608303,0.43356702,0.8043587,0.1829636,0.5976337,-0.04818039,-0.17890707,0.18528111
24.47463793572534,35.15579704180788,74.131996,13305600.072097778,73.600586,0.4487943,-0.027217697,0.11389916,1.9252313,-0.14026195,0.178402,-0.032653317,0.01912675,0.29186568,0.15514852,-0.023146268,0.15686558
24.340579657513896,35.072464168316,77.031204,9244799.850654602,72.293755,-0.013900963,-0.013625468,-0.09422609,1.703873,-0.015291415,-0.19793296,0.17634207,0.14747575,0.3369406,0.24915025,0.054014444,0.25493804
24.409420342711783,35.02898555779556,73.23672,12009600.164794922,73.23593,0.96904415,0.82647234,-0.11837477,2.3804533,-0.10618598,0.3780605,0.05015169,0.17213005,-0.0678593,0.22280231,0.003481341,0.2228295
24.351449221508126,35.36231895652174,77.53338,4665599.775981903,71.544716,0.0014351719,-0.0014912918,0.1888796,1.886339,1.6539145,-0.055666573,-0.29064375,0.16104245,0.3966075,0.21373618,0.12738055,0.2488151
24.46739112421217,35.10507235145331,77.031204,9504000.051498413,72.84247,-0.021192431,-0.022553775,-0.3733886,2.7896752,-0.29860443,-0.34159043,-0.04365597,0.00599616,0.4486338,0.25091636,0.0043193703,0.25095353
24.358695745580064,35.14492749121842,79.46463,12873600.46863556,71.79217,0.00097079657,0.00096625974,0.09179382,1.1096282,0.2787665,-0.10122482,-0.10812699,0.011116322,0.16767426,0.120786875,0.034161568,0.12552483
24.3913043591697,35.05434799367564,86.750465,345600.00498890877,72.95031,-3.8607645e-06,3.6068718e-06,0.098689884,-0.4551168,-0.86339575,0.58359116,-0.0796211,-0.31770524,-0.046905912,-0.05887061,-0.12998815,0.14269783
24.521739153231497,35.18115965909355,80.50853,10972800.458335876,72.115715,0.0004325019,0.00028439405,0.07200444,1.2837968,0.047127828,-0.005119927,-0.05640205,0.22087923,-0.1254538,0.1454817,0.021079533,0.14700092
24.171296292717127,35.10648163098043,78.049835,7257600.139045715,72.260414,0.0010692775,-0.0022736595,-0.046600197,-2.172044,-0.4164647,0.40195173,0.62067026,0.19731429,0.26021957,-0.25653073,-0.022588037,0.25752327
24.373188349496587,35.09782609021359,73.044136,14428799.479866028,73.266426,0.80887145,0.6709804,0.054108784,1.5760118,-0.10498077,0.27535748,0.027876694,-0.14298192,0.03466232,0.18187565,-0.006455823,0.18199019
24.57608686867857,35.22463755910878,78.28966,4406400.123596191,73.285484,0.010609059,0.010883772,-0.33240676,0.7697329,1.1093031,-0.43296415,-0.13523963,0.008824192,-0.13599303,0.09052687,0.09200173,0.12907141
24.351449221508126,35.36231895652174,77.53338,16934399.593162537,72.72721,-0.012909109,-0.01288195,0.15282762,1.2291632,-0.6085159,-0.44218218,-0.71547955,0.070227236,0.05831954,0.13686848,-0.10428874,0.172073
24.32608705359737,35.05434782738719,80.59564,15033599.582862854,71.506676,-0.00021939012,-0.0001654361,-0.5250555,1.0228084,-0.6498164,0.102436505,0.19023621,-0.1311954,-0.06371172,0.22636205,-0.11350502,0.25322554
24.358695745580064,35.14492749121842,79.46463,13219200.370788574,71.7751,0.0009642503,0.00078780466,0.08030872,0.8813619,0.30063146,-0.07585437,-0.06502529,0.015051261,0.14771643,0.11533693,0.043506384,0.12326968
24.623188347494935,34.98550731008629,86.27349,13046399.871253967,72.493866,-9.610805e-08,3.1747727e-06,0.07794748,-0.9729049,-0.28796154,0.46130875,0.04909648,-0.065379,-0.0071634427,-0.14862739,-0.051468186,0.1572866
24.278985653174068,35.159420527680346,80.15937,13391999.773406982,71.477325,-0.00017769783,-0.000294094,0.15476131,0.15252316,0.22620991,0.0050402805,-0.10132501,-0.051857546,0.26268068,0.039376736,0.047136888,0.06141998
24.626811465810288,35.05797113185407,83.9315,3887999.996137619,72.370865,2.9753728e-05,-2.2526687e-05,0.2335674,-0.045676097,0.80386245,0.054366477,-0.18795043,0.0043279976,0.04208925,-0.017073616,0.12703831,0.1281805
24.481884276880134,35.21376834109622,79.042,7603200.0411987305,72.51882,-0.002660472,-0.002096027,-0.077256106,2.4973664,0.45270258,-0.09888355,-0.26248208,-0.16685209,0.014270168,0.17866324,0.037835326,0.18262547
24.068840433535758,35.17753635462667,82.62194,16070400.386238098,72.00689,3.4144687e-05,4.2351232e-05,0.08856669,-1.9060102,0.82274854,0.33939502,0.11504101,-0.2249434,0.077578634,-0.16783416,0.117684215,0.20498264
24.264492787947336,35.06521739309379,75.914215,17884799.598312378,73.714424,-0.10260725,0.08691682,-0.23367785,0.9124731,-0.82278144,-0.053193323,0.37139666,-0.005440168,0.1111375,0.22403756,-0.18490277,0.29048556
24.75362311542571,35.148550251468535,82.31272,4233599.898290634,72.84767,0.00019532208,0.00016775918,-0.2514574,0.2452613,0.6671847,0.07361742,0.30428582,0.26105344,0.04860784,0.06067875,0.09649993,0.11399187
24.579710091518006,35.06884069756067,84.24473,6912000.2368927,72.17033,1.8149898e-05,1.7072984e-05,0.35071433,0.05256179,0.40758926,0.108109474,0.19581163,-0.29898164,-0.19456196,0.022344789,0.069022164,0.07254894
24.340579735906957,35.22101461745307,78.71513,6047999.933052063,72.19534,0.0022617923,0.0026132655,-0.25028318,2.3372936,0.1033399,-0.05948388,-0.032879144,-0.13634345,-0.25070995,0.1565302,-0.0055654296,0.15662912
24.57608686867857,35.22463755910878,78.28966,10972800.458335876,72.84859,-0.0062444857,0.007060429,-0.03827944,1.7155601,-0.3059612,0.24994123,0.56463665,0.11669992,0.1941162,0.18099074,0.0050582862,0.1810614
24.409420342711783,35.02898555779556,73.23672,8812800.247192383,73.27479,-0.017820869,0.49996638,-0.0965645,1.896979,-0.15699847,0.18655914,0.0013688654,0.04008251,0.050657805,0.24659993,0.00078609685,0.24660118
24.503623143558386,34.916666955294566,80.479385,2592000.0888347626,71.49823,0.0002749955,8.3227664e-05,-0.33206034,-0.2506461,0.9458166,0.08918816,-0.030558378,0.031639956,0.1475881,-0.08015472,0.17091002,0.18877238
24.47463793572534,35.15579704180788,74.131996,2332799.8879909515,72.67059,0.2536304,0.12777157,0.043750755,-0.5713002,0.0033839736,0.28464746,0.82668537,0.13428728,0.10708943,-0.21280722,-0.039309215,0.21640731
24.3913043591697,35.05434799367564,86.750465,3023999.9665260315,72.19806,-1.5734904e-06,-1.3708288e-06,0.2817725,-0.9940851,-0.7640501,0.677709,-0.3329915,-0.041878775,-0.20735902,-0.11817498,-0.083209224,0.14453062
24.62318819070881,35.09782625650204,81.14894,777599.9855160713,72.40783,-0.00032381184,-0.0003161661,-0.07895113,-1.7035861,1.0381124,-0.03414774,-0.10529909,-0.092780374,-0.0717853,-0.13925903,0.12724869,0.18864068
24.43478277193275,35.06521686399416,78.38795,18316800.298690796,73.14802,0.008647315,0.0032884288,0.010719337,0.5163039,-0.78666157,0.25935027,0.04936365,0.18140769,0.16982108,0.12869875,-0.16222778,0.20707782
24.49275373635028,34.95652190987481,78.13308,11577599.464416504,72.710304,-0.0022941749,0.0029749803,-0.11839716,2.2998528,-0.52281636,-0.28872934,-0.15273988,0.21271122,0.032917097,0.19614938,-0.0040299795,0.19619077
24.51086948471318,35.141304337922854,75.965324,13564800.27294159,73.539246,-0.107875705,-0.09612432,0.0028085858,1.8394748,-0.2376111,-0.04090649,-0.0013776347,0.18408535,0.2564597,0.19466373,-0.0060080234,0.19475643
24.659420157792983,35.13768139626715,82.9603,11231999.562263489,72.19803,7.573769e-06,2.2873324e-05,0.10529506,2.441794,-0.35038948,-0.19822094,-0.17806607,0.1337134,0.1681087,0.14042853,-0.010918284,0.14085233
24.43478277193275,35.06521686399416,78.38795,5097599.927902222,72.16262,-0.0013783185,0.0034314867,-0.25815845,0.47885418,0.64373636,-0.024749853,0.12556331,-0.079800226,-0.101321645,0.093692034,0.14792569,0.17510056
24.242753659958876,34.931159481553294,83.59315,15811200.185394287,71.47156,2.3920277e-06,1.7019454e-05,-0.39813918,-0.36309427,0.039738744,0.09637818,0.21414852,0.18620528,0.5937897,-0.20441867,0.008842245,0.20460983
24.800724541980035,35.0326085145684,80.91604,7603200.0411987305,73.27399,-0.00059681997,0.0008808311,-0.33042663,2.538849,-0.042700823,0.049234755,0.40633774,-0.22051057,0.17587003,0.20749845,-0.021032942,0.20856172
24.202898613755877,35.17753635462667,82.22561,15206400.082397461,71.34202,-1.8077737e-05,5.1906212e-05,0.15066957,-1.3311604,0.9787435,0.18436457,-0.19762307,-0.17221263,0.3341413,-0.0776112,0.10490258,0.13049157
24.171296292717127,35.10648163098043,78.049835,5097599.927902222,72.52969,0.0063772905,0.003032257,-0.39149022,-1.2528706,0.0026556458,0.2946255,0.524045,0.12149925,0.26604477,-0.20435506,0.0453966,0.20933668
24.822463669968496,35.11956556932083,79.471794,8467199.796581268,73.56847,-0.0015468254,-0.0048573366,-0.021873191,1.5134195,-0.6153418,4.657358e-05,0.62068707,0.28717977,-0.018704936,0.164844,-0.10820273,0.19718361
24.3913043591697,35.05434799367564,86.750465,7343999.840354919,72.45656,2.3562482e-06,-2.5335833e-06,0.21915828,-2.493156,-0.68070936,0.53290516,0.1515451,-0.13873515,-0.098220296,-0.11653188,-0.038530663,0.12273667
24.409420264318722,35.137681214861566,85.684586,9676799.454116821,72.11928,2.9160258e-06,-4.2765796e-06,-0.1444042,2.7002745,-0.29034972,-0.3332316,0.16432384,0.2124989,0.08700487,0.16085319,0.0034613528,0.16089043
24.57246390714934,35.13405809180027,82.83649,4838399.727058411,72.67246,-0.000104971594,9.469035e-05,-0.023044325,-0.22553004,0.52899927,0.38639647,-0.056459226,-0.254764,0.079595685,-0.021720601,0.09939662,0.10174219
24.53985505838052,35.14492730981283,78.72631,14169600.375938416,72.64911,-0.0041673128,-0.00055124843,-0.19465782,2.2678936,-0.0337746,-0.04553707,0.023896474,0.42331383,0.16000569,0.29375318,0.007553764,0.29385027
24.521739153231497,35.18115965909355,80.50853,11059200.15964508,72.10495,0.00044166012,0.00026849718,0.06793392,1.2466136,0.067516245,-0.0019069985,-0.052029185,0.22749746,-0.12397409,0.1461814,0.02715739,0.14868264
24.141304256647267,35.05072417522627,80.839714,2678400.0643730164,73.32194,-0.00042556028,-0.00048643735,-0.12929952,-0.1932341,0.11153112,0.29998362,0.1890294,0.27380976,0.43280017,-0.13180616,0.041111752,0.13806897
24.2137679164399,35.101449394680465,78.1842,12614400.267791748,71.91228,-0.0035049382,-0.0033445654,0.16168527,-1.1726148,-0.46915787,0.17795332,0.30165732,-0.40497077,0.209972,-0.10457048,-0.01882494,0.10625142
24.60144921950647,34.9456523441682,85.40489,6912000.2368927,72.06282,-1.3434651e-06,2.5337553e-07,0.012553595,-1.7576586,0.4616807,0.17914519,-0.18456167,0.3418401,0.29494897,-0.1488606,0.08844889,0.1731551
24.17028990870767,35.119565206509655,75.23819,10972800.458335876,72.25999,0.06825124,0.055103537,0.12779482,-0.6260563,-0.31178468,0.23355827,0.3653421,-0.14645106,0.11849427,-0.1718142,-0.12561889,0.2128385
24.242753659958876,34.931159481553294,83.59315,5270399.878978729,72.39645,-3.6942918e-05,1.4487887e-05,0.07559711,-1.9048386,-0.7454783,0.6824565,0.42735156,-0.05284679,0.4169169,-0.1433217,-0.026858984,0.1458167
24.373188349496587,35.09782609021359,73.044136,16156800.087547302,73.3627,-0.73743206,0.2646312,0.06862275,1.2037166,-0.47914642,0.20202035,0.12665889,-0.09105859,0.09054382,0.20859504,-0.054701217,0.21564813
24.06159400092239,35.235507653915,77.223785,18403200.0,73.57958,0.032860238,0.0035515605,-0.22573633,-1.7761159,1.3975887,-0.19335237,-0.4666698,-0.0126846135,-0.1880965,-0.14830765,0.21128163,0.25813773
24.365941903817713,35.11594190204278,77.940506,12009600.164794922,72.32375,-0.004908621,0.0031602387,0.024560317,2.036961,-0.33989412,-0.22836882,-0.07431548,-0.19782192,0.3286564,0.17943087,-0.0021653355,0.17944394
24.800724541980035,35.0326085145684,80.91604,2764800.03991127,71.98091,0.00014382038,3.6878052e-06,-0.061894685,-0.171156,0.9324773,0.22061557,0.07379134,-0.12482574,-0.23175946,-0.051307544,0.19962205,0.20611024
24.503623143558386,34.916666955294566,80.479385,16416000.288391113,72.39925,4.7853162e-05,0.00045445462,-0.3677954,0.5182519,0.83846885,-0.16447374,-0.0021304116,0.035142068,-0.23778784,0.055632167,0.090228595,0.10600065
24.068840433535758,35.17753635462667,82.62194,13996799.876403809,71.9873,-2.274344e-05,-6.3406995e-05,0.015286945,-1.2115811,0.31335038,0.29790065,0.27344832,-0.17713445,0.042967845,-0.22865675,0.07400062,0.24033311
24.32608705359737,35.05434782738719,80.59564,604799.9658823013,73.21967,0.0011724306,-0.0010031138,-0.14562732,-1.850019,0.8390938,0.17408413,0.1334594,0.059600726,-0.10618452,-0.19474529,0.1445512,0.24252994
24.626811465810288,35.05797113185407,83.9315,14256000.07724762,72.08635,1.3805824e-05,-6.347462e-06,-0.08790014,1.1425076,-0.0072796093,0.0038683712,-0.0057531893,0.393413,0.10811305,0.066672854,-0.0236282,0.07073586
24.40579730278949,34.98550712868071,82.545616,15120000.381088257,72.21671,-8.9413195e-05,-1.4111957e-05,-0.105694726,0.021701396,-0.87044525,0.12265697,0.18006939,-0.1688965,-0.23006475,-0.0011670878,-0.14616393,0.14616859
24.641304357168043,34.938405387540406,81.3883,14256000.07724762,72.274216,-0.00022919681,0.00022102844,-0.4057697,1.1505004,0.14286776,-0.09439551,0.20495379,0.18585697,-0.17612284,0.071882725,0.009956436,0.072568975
24.16304339770124,35.14130418675153,77.183464,3110399.9420642853,72.61538,0.004314838,0.011369411,-0.5411762,0.14648923,0.49138457,-0.0013586804,0.1868967,0.15041329,0.15044683,0.058826353,0.11198246,0.12649351
24.282608510179216,35.10869565592019,73.044136,15120000.381088257,73.01044,-0.85024595,-0.18640062,0.07562822,2.478125,-0.44512862,-0.052785516,0.09285762,0.044865675,0.11000474,0.13050766,0.00081096933,0.13051018
24.60144921950647,34.9456523441682,85.40489,15551999.984550476,72.5524,3.7911734e-06,8.500752e-06,0.052280813,0.22367102,-0.5089397,0.32324126,-0.061854847,-0.04067781,-0.48668346,0.07351393,-0.11160378,0.1336402
24.880434869565217,35.11594208344836,73.60822,15206400.082397461,73.629,0.06386575,-0.1859094,0.21886374,0.3333158,-0.9850749,-0.035485305,-0.1225984,0.10360329,-0.6186472,0.05551966,-0.21699664,0.22398655
24.409420185925658,35.126811301460926,78.58091,6047999.933052063,72.363495,0.00050156505,0.0020939987,-0.36341286,0.8284889,0.500011,0.0024208203,-0.05952295,-0.12337374,-0.1109776,0.109701276,0.08378581,0.13803779
24.49275373635028,34.95652190987481,78.13308,8553600.046348572,72.764786,0.007533181,-0.0069823433,0.080805644,2.1003244,-0.67796594,-0.100585975,-0.2716475,-0.081044875,0.05181618,0.176463,-0.084505245,0.19565357
24.32608705359737,35.05434782738719,80.59564,13737599.675559998,71.52532,0.00017735508,-0.00022834461,-0.426993,0.4246937,-0.60237366,0.19861397,0.1596882,-0.11742938,-0.10431453,0.10269449,-0.1162099,0.15508352
24.471014503837736,35.137681214861566,84.09494,17625600.494384766,71.22105,-9.024884e-06,8.354295e-06,0.08325787,0.618655,-1.5236244,0.13674244,0.037291683,0.06679312,0.37409088,0.07265915,-0.20574647,0.21819936
24.275362351941567,35.02173896397893,79.32639,2419199.8635292053,72.56875,-0.0022614542,-0.000777364,0.03139078,-0.71963775,0.29632175,0.16858257,0.2706819,0.0249945,0.116387844,-0.215398,0.10320196,0.23884502
24.576087129988778,34.96376817111452,80.53768,14601599.979400635,72.26609,0.0003633295,0.00021724851,-0.44076365,1.0980517,0.12684928,-0.030856602,0.21348277,0.15858595,-0.06525715,0.077057876,0.011857152,0.07796479
24.40579722439643,35.07608730649443,81.130585,3456000.11844635,72.42116,9.2592854e-05,3.83056e-05,0.06098649,-0.5034696,0.89058894,-0.014889903,-0.07409138,0.11587233,-0.18101928,-0.07221944,0.13348007,0.15176487
24.373188532413735,34.85507217391305,83.68782,864000.0296115875,72.690056,4.0557035e-05,-3.3112814e-05,-0.1879628,-0.73492986,-0.05574583,0.2071864,-0.19404116,-0.048336186,0.19793126,-0.15503989,-0.014764497,0.15574132
24.242753659958876,34.931159481553294,83.59315,5443199.830055237,72.413895,-3.6689777e-05,-8.110706e-06,0.07126607,-2.0224743,-0.74660873,0.6785011,0.441186,-0.072741054,0.38911244,-0.14138433,-0.024938168,0.14356686
24.55072462237475,35.07608730649443,88.70044,7257600.139045715,72.47151,3.9462626e-07,4.4352456e-07,0.17784403,2.3519783,-0.40070808,-0.31321025,0.18147999,0.2426632,-0.17727914,0.13605642,-0.030322114,0.13939434
24.003623304347823,35.192029209683014,80.788605,8380800.095272064,72.43882,0.00033909085,5.2977724e-05,0.09860797,-3.434908,-0.5763929,0.4626217,0.4436442,-0.1722624,0.055207394,-0.14823908,-0.052559152,0.15728092
24.528985389862203,35.079710263267266,73.800804,15033599.582862854,73.835526,0.93886316,-0.34506136,0.070945606,0.1059851,0.38114786,0.29140452,-0.24190643,0.12802361,0.10239889,0.023325471,0.104250595,0.1068282
24.55072462237475,35.07608730649443,88.70044,6566399.786281586,72.42727,2.9319975e-07,-3.354108e-08,0.14698358,2.3263385,-0.24225718,-0.2393192,0.124874815,0.16886988,-0.24843451,0.12684381,-0.007379474,0.12705828
24.576087129988778,34.96376817111452,80.53768,11577599.464416504,72.341324,0.0005090368,0.00061587093,-0.045560397,2.5309029,-0.1476475,-0.33075023,0.23395106,0.30907407,0.010308392,0.16666411,-0.007302779,0.16682403
24.46739112421217,35.10507235145331,77.031204,14342399.778556824,73.06395,-0.027782597,-0.022857286,0.077245995,1.551459,-0.40135157,-0.088943966,-0.11794182,0.14305398,0.0046153404,0.16964872,-0.01630027,0.17043
24.677536062942007,35.07971042955572,84.775665,7516799.791431427,72.379005,-1.39564345e-05,1.36748795e-05,-0.09578277,2.1054828,0.11886138,-0.22310263,0.2268222,-0.061775602,-0.43318927,0.17479132,-0.0026396643,0.17481124
24.409420264318722,35.097825908808005,75.01247,17020800.39138794,74.0783,-0.4308308,-0.42631552,0.035993867,0.68314797,-0.5200286,0.10200959,0.053459816,0.029009864,-0.16476569,0.19139141,-0.089244254,0.21117577
24.43478251062254,35.050724689208764,81.254395,10195199.855804443,71.85184,9.54254e-05,0.00018037655,0.031211823,0.45300013,-0.556127,0.016271327,0.07475237,0.31779614,-0.10161709,0.06690419,-0.061095968,0.09060291
24.46739112421217,35.10507235145331,77.031204,14256000.07724762,73.04767,-0.027440252,-0.023604702,0.06566805,1.5811236,-0.39466816,-0.09723029,-0.11456034,0.13895926,0.015313733,0.16795368,-0.0146921845,0.16859508
24.373188349496587,35.09782609021359,73.044136,16070400.386238098,73.35387,-0.7425091,0.13867888,0.06871174,1.2237389,-0.46109456,0.20765278,0.12234789,-0.09531904,0.08706902,0.20852691,-0.051510595,0.21479481
24.43478251062254,35.050724689208764,81.254395,3974399.971675873,72.194885,0.00017196336,0.0002525067,0.11342095,-0.3282506,0.6562618,0.04520326,-0.07407463,0.07484146,-0.007192865,-0.09815238,0.11632838,0.15220441
24.373188349496587,35.09782609021359,73.044136,1209599.9317646027,73.100105,0.3110452,0.4045715,-0.31998968,0.14873141,0.21955617,0.6309928,0.6016267,-0.102331616,0.42155743,0.089329496,0.12635502,0.15474285
24.880434869565217,35.11594208344836,73.60822,7171199.889278412,73.60499,-0.5978366,-0.318836,0.26574153,-1.9617827,-0.23752286,0.5090236,0.092969,0.12929702,-0.3127661,-0.16085702,-0.005376352,0.16094685
24.55434784521419,35.039855304907746,78.730316,16847999.891853333,73.086624,0.004533875,-0.0010067835,-0.14421937,1.0079002,-0.9474132,0.26223293,0.1879338,-0.0031549782,0.081612974,0.06965231,-0.06096372,0.0925636
24.75362311542571,35.148550251468535,82.31272,7257600.139045715,72.84483,5.635197e-05,-0.00015649799,-0.3314036,2.4836473,-0.07452327,-0.06690275,0.35271132,0.20462605,0.02889641,0.23737551,-0.054008566,0.2434421
24.51086948471318,35.141304337922854,75.965324,13910400.175094604,73.597,-0.117379576,-0.1182446,0.047426865,1.7415774,-0.28551877,-0.0087335855,-0.035826355,0.18618152,0.20909286,0.19458014,-0.009394514,0.19480678
24.003623304347823,35.192029209683014,80.788605,6480000.084972382,72.49212,-0.0005098407,0.0005215142,-0.05244752,-2.342992,-0.6492834,0.27628714,0.4093128,-0.0696579,0.3762249,-0.09960727,-0.043375652,0.10864187
24.85869584610084,35.31159408476158,76.05999,2073599.9613761902,76.02689,-0.91025287,-0.92797077,0.4437095,-0.016805366,-1.046584,0.1507253,0.48347098,0.05955132,0.083736,0.005499492,-0.17659397,0.17667958
24.514492864338745,35.152173737341,77.98083,4406400.123596191,72.67668,0.002639848,0.0013090881,-0.18772759,0.0759792,1.0081222,-0.3303937,-0.0151292235,-0.07877194,-0.26326126,0.049922716,0.15961045,0.16723569
24.57246390714934,35.13405809180027,82.83649,6998399.938201904,72.31621,-3.4661105e-05,6.6281944e-05,0.11337119,2.0615325,0.41281396,0.2781751,0.0072175562,-0.3305792,-0.07596086,0.07915293,0.009078106,0.079671815
24.55072462237475,35.07608730649443,88.70044,17539199.696159363,71.77546,-2.339568e-07,6.965747e-08,-0.1343424,-0.8260325,0.010393072,0.122568965,-0.45044935,-0.0917153,0.45415887,-0.19112399,-0.013859801,0.19162586
24.171296292717127,35.10648163098043,78.049835,4406400.123596191,72.5772,0.0063153347,0.0044773812,-0.4298253,-1.0810539,0.2704929,0.21684852,0.46118128,0.11147047,0.30203655,-0.14153184,0.057487074,0.15276134
24.46739112421217,35.10507235145331,77.031204,12441599.768257141,72.89986,0.020488312,-0.024137879,-0.13324669,2.166811,-0.32365358,-0.24245086,-0.10648858,0.06069599,0.2872757,0.14545196,-0.009972267,0.14579342
24.369565205050215,35.10507235145331,81.59638,6134400.182819366,72.28765,-0.000117065116,0.00011698042,-0.037997223,-0.7540214,0.019393135,0.43989128,-0.15340805,0.2566087,-0.16488668,-0.14178701,0.035489675,0.14616112
24.003623304347823,35.192029209683014,80.788605,3715200.0450611115,72.71709,0.00041145962,-0.00069224875,-0.033474527,-0.7027572,-0.8180505,0.18284652,0.49346313,0.15395123,0.7551133,-0.17984939,-0.17916283,0.25386044
24.53985505838052,35.14492730981283,78.72631,259199.99517202377,72.47207,-0.0030879385,0.0005900292,-0.11277826,-2.4419131,1.6798904,-0.2575336,0.10884102,-0.08041903,-0.09374314,-0.13356927,0.10869908,0.17220987
24.608695560661264,35.210145036629335,80.071884,8121599.894428253,72.774734,-0.0012299562,0.0010883415,0.037194997,1.884189,0.31631857,0.15039338,0.030906662,-0.025551468,0.017909238,0.17460111,0.06358174,0.18581761
24.202898613755877,35.17753635462667,82.22561,11577599.464416504,71.13429,-2.8949019e-06,-3.5798515e-05,-0.3509751,2.3769214,0.08870001,-0.06473259,-0.043067478,0.11659354,0.16714181,0.11144604,0.01404002,0.11232694
24.293478074173446,35.130434424522214,78.52256,17798399.897003174,72.09717,0.002483098,-0.0007190695,-0.28513956,0.30385053,0.04500678,-0.15350625,0.3605818,0.003657177,0.35082227,0.24049737,0.025758658,0.24187288
24.572463802625258,35.028985391507106,77.31845,14774400.478935242,73.35585,-0.028026333,-0.027258381,-0.023766808,0.38255027,-0.2243252,0.070299864,0.11501331,0.27572098,0.4173017,0.08227691,-0.0587558,0.10110259
24.655797039477626,35.09782643790763,82.953125,12700799.969100952,72.1555,4.2813135e-05,-3.518889e-05,-0.03159736,1.8534948,0.3385949,-0.22061774,-0.10911674,0.2577478,0.30277345,0.18654299,0.018589174,0.18746692
24.49275373635028,35.04710138474188,79.64641,8467199.796581268,72.32318,-0.00060289924,0.0012279929,-0.11332072,1.5747962,-0.40418142,-0.16844481,-0.08718071,0.09751911,0.03985061,0.12910071,-0.042523965,0.1359238
24.264492787947336,35.06521739309379,75.914215,5788799.732208252,72.12269,0.03277693,0.018126192,-0.4262365,0.71263415,0.6355382,0.013212532,0.2772053,0.12260148,-0.14642125,0.11431854,0.07238752,0.13530958
24.16304339770124,35.14130418675153,77.183464,5270399.878978729,72.41019,0.01026787,0.011046878,-0.5621646,-0.14278112,-0.31150377,0.23318633,0.52408123,0.0188471,-0.035882935,-0.028816635,-0.15007012,0.15281178
24.572463802625258,35.028985391507106,77.31845,13219200.370788574,73.39334,-0.020991633,-0.028598607,-0.10274789,1.1056935,0.016074799,-0.16399813,0.031285282,0.3790969,0.49876815,0.1401622,0.00380902,0.14021394
24.47463793572534,35.15579704180788,74.131996,10799999.95880127,73.57101,0.11927566,0.56650263,-0.105967835,2.590142,-0.2205413,0.01593678,0.14108172,0.06139125,0.5217734,0.19132805,0.03571592,0.19463311
24.141304256647267,35.05072417522627,80.839714,10799999.95880127,72.135124,-0.00038215448,1.5206095e-05,-0.1393477,-2.7305713,-0.24483664,0.292052,0.20381996,-0.30822626,-0.0139626525,-0.14930758,-0.030807933,0.15245289
24.242753659958876,34.931159481553294,83.59315,14342399.778556824,71.80775,1.2679038e-05,1.1418745e-05,-0.48795372,-0.44459492,-0.010098008,0.14159298,0.29833147,-0.008079343,0.44987133,-0.19896048,-0.032448493,0.20158914
24.068840433535758,35.17753635462667,82.62194,7862400.2420425415,71.807304,-5.479862e-05,-5.5905177e-05,-0.53159934,2.4984112,0.20092489,-0.14963973,0.2799509,0.21445933,-0.08054051,0.11078077,0.020067336,0.112583645
24.275362351941567,35.02173896397893,79.32639,11059200.15964508,72.01094,0.0013511057,-0.0011274592,-0.12285223,-1.6367054,-0.47398138,0.21539712,0.11328165,-0.27114677,0.082624264,-0.120671645,-0.061926927,0.13563403
24.235507135886934,35.09782643790763,86.62735,777599.9855160713,72.89216,-3.6147062e-06,-3.3420886e-06,-0.5342595,0.86712873,-1.1441499,-0.2672494,0.26770213,0.039972477,-0.38057974,0.07429391,-0.109918565,0.13267131
24.52536253285706,35.05797113185407,79.99595,864000.0296115875,72.09575,-0.0007891064,0.00027566738,-0.023580004,-1.7195975,1.3110085,-0.147084,-0.010854676,-0.013817698,-0.06791078,-0.15798573,0.1314453,0.20551729
24.423912946628306,35.13405791039468,84.735344,14083199.577713013,71.52953,-4.4652907e-06,5.6943177e-06,-0.13599703,2.1072218,-0.2974608,-0.3149823,0.037958287,0.33893627,0.27478138,0.1489104,-0.037751026,0.15362112
24.264492787947336,35.06521739309379,75.914215,2592000.0888347626,72.42471,-0.040079784,0.00819492,-0.19058755,-0.84025097,1.5594758,-0.12115168,0.1361856,-0.043696694,-0.1065919,-0.08290168,0.21696764,0.23226632
24.171296292717127,35.10648163098043,78.049835,11923200.463485718,72.12393,0.0016791263,0.0025391825,0.2784255,-2.019066,-0.48510444,0.30927172,0.2771427,-0.35873562,0.20445448,-0.2065161,-0.021797877,0.2076633
24.235507135886934,35.09782643790763,86.62735,2937599.9909877777,72.26198,-2.1158082e-06,6.974742e-08,-0.43900824,0.683894,-1.0458071,-0.094354965,0.16894409,0.20865214,-0.52684915,0.1648059,-0.2147454,0.27069646
24.731883987437246,34.999999998854186,80.17734,10281599.557113647,73.27544,-0.0018600723,-0.00034605945,0.11275227,2.6861737,-0.6835369,-0.101873614,0.47358108,0.046316348,0.28285643,0.22662912,-0.060888153,0.23466599
24.586956589458925,35.03623181903528,81.050644,5443199.830055237,72.24889,0.0002785499,0.00035802476,-0.21165809,0.9693168,0.67976713,0.16572592,0.22678855,-0.103193514,-0.11603748,0.17651503,0.10947069,0.20770505
24.171296292717127,35.10648163098043,78.049835,2246400.0495672226,72.8735,0.0064476584,0.0059618386,-0.29072046,-1.1276804,1.3913871,-0.011895917,0.28098845,0.33864158,0.33890146,-0.13143626,0.14014491,0.19213559
24.51086948471318,35.141304337922854,75.965324,13651199.974250793,73.55255,-0.11255171,-0.10420735,0.013877057,1.814478,-0.24844179,-0.033038415,-0.009624951,0.18464893,0.24446383,0.194373,-0.0067347265,0.19448963
24.409420185925658,35.126811301460926,78.58091,5011200.226593018,72.46937,-0.00059683464,-0.0035042174,-0.37270075,0.22664922,0.9547359,0.05256038,0.004997492,-0.1688734,-0.2695868,0.057503317,0.1655577,0.17525975
24.47463793572534,35.15579704180788,74.131996,11836799.665260315,73.54721,0.57200223,0.58793676,-0.0026000887,2.2351534,-0.09452161,0.09089484,0.049167812,0.040512435,0.46290419,0.20638007,0.0026570812,0.20639718
24.72463775080654,35.097825908808005,83.506035,1123200.0247836113,72.52579,5.0218325e-05,2.7320613e-05,-0.12023013,-0.807997,0.5989563,0.041749455,0.1685318,-0.06944428,0.08818291,-0.13616237,0.0828098,0.15936641
24.655797039477626,35.09782643790763,82.953125,7603200.0411987305,72.43075,-6.4579086e-05,4.7017427e-05,-0.13293023,1.9574447,0.5587709,-0.13224506,0.06558394,-0.17991206,-0.34695435,0.13612862,0.03662131,0.14096852
24.409420264318722,35.137681214861566,85.684586,3110399.9420642853,72.068665,-3.935498e-06,1.2055898e-06,-0.035054207,0.8491129,-0.69056374,0.5120971,0.46690804,0.046997085,-0.24705434,0.22948198,-0.15021703,0.27427566
24.409420264318722,35.137681214861566,85.684586,12960000.169944763,71.830185,3.7702878e-06,3.9477618e-07,-0.12460714,2.2754045,-0.006339281,-0.4197929,0.11911155,0.36050138,0.32470757,0.1395719,0.0037338973,0.13962184
24.800724541980035,35.0326085145684,80.91604,11577599.464416504,73.014885,-0.0006933868,0.0007862963,0.17557637,1.6592951,-0.52503645,0.039912727,0.18375109,0.0991637,0.32112235,0.28497872,-0.093459986,0.29991272
24.068840433535758,35.050724689208764,75.1399,2592000.0888347626,71.63361,-0.042402174,-0.036749337,-0.75426114,-1.1844819,2.4263883,-0.0626617,0.039427802,0.3076369,-0.046484634,-0.022760194,0.100901306,0.103436455
24.06159400092239,35.235507653915,77.223785,1900800.0102996826,73.09283,0.004074499,-0.002971451,-0.47959536,-0.8337302,-0.087862805,-0.1628935,-0.03702824,0.1551498,0.4617589,-0.18425745,-0.012397201,0.18467402
24.800724541980035,35.0326085145684,80.91604,4060799.9472141266,72.51609,0.0004032915,0.00034955787,-0.34629166,-0.028573945,1.1157751,0.31336704,0.13334769,-0.2833305,-0.13839054,-0.009840857,0.1252401,0.12562613
24.626811465810288,35.05797113185407,83.9315,9763200.252342224,72.11298,-1.784939e-05,2.3599772e-05,0.26072282,1.8159862,0.04046691,-0.13852677,0.23950589,0.13869992,-0.13498965,0.12154262,0.01120183,0.12205773
24.293478074173446,35.130434424522214,78.52256,8899199.948501587,71.88223,0.0024810245,0.00035004207,0.07332675,1.8189431,-0.5202081,-0.10639893,0.23707116,0.17281328,0.33477193,0.12236563,-0.028422724,0.12562324
24.278985574781007,35.18478260074926,85.36457,17539199.696159363,71.25641,1.5717671e-06,1.0540922e-06,-0.099131286,-0.83656335,1.3553596,0.18158397,-0.31696743,-0.18661502,0.34402832,-0.11751819,0.2080185,0.23891886
24.57246390714934,35.13405809180027,82.83649,10108800.15449524,72.058815,5.7416688e-05,-4.137769e-05,0.32804614,2.4723744,-0.24001625,-0.043609552,-0.0914622,0.1313109,-0.08804522,0.10292745,-0.019523565,0.104762726
24.278985574781007,35.18478260074926,85.36457,11318400.360488892,71.41558,1.5556494e-06,2.1280314e-06,-0.38856226,3.7706072,0.13054234,-0.35155594,0.0070757642,0.23267299,0.13156196,0.21079293,0.029544841,0.21285337
24.068840433535758,35.17753635462667,82.62194,5011200.226593018,71.40533,-3.8837585e-05,-3.1163534e-05,-0.36635935,1.3658426,-0.2875592,-0.050985433,0.40407506,0.25501475,0.10521276,0.2369462,-0.028563198,0.2386616
24.16304339770124,35.14130418675153,77.183464,13737599.675559998,72.312294,-0.0120622525,-0.0039653704,0.2656108,-1.1264654,-0.12396036,0.20074955,0.29063007,-0.119031765,0.12944958,-0.13202916,-0.010291004,0.13242961
24.409420185925658,35.126811301460926,78.58091,4665599.775981903,72.494225,-0.0006468972,-0.0039133453,-0.38411343,0.09903832,1.0987142,0.055832084,0.0130656585,-0.17335373,-0.30863303,0.030164449,0.18996437,0.19234437
24.47463793572534,35.15579704180788,74.131996,8812800.247192383,73.541565,-0.5848792,-0.58295834,-0.41316646,3.5581043,-0.46596932,-0.10134149,0.3235157,0.044336997,0.5230989,0.22824685,-0.014973577,0.22873747
24.655797039477626,35.09782643790763,82.953125,14687999.680709839,72.01508,3.9605562e-05,-8.041551e-06,-0.17771624,1.1490312,-0.027596805,-0.062134497,0.02380902,0.3345559,0.277373,0.13852036,-0.019058093,0.13982525
24.068840433535758,35.050724689208764,75.1399,9071999.899578094,72.96737,0.12395477,0.12191028,-0.39298993,-2.606382,-0.24230129,0.51948994,0.40390235,-0.04386408,0.19915387,-0.28657627,-0.02401822,0.287581
24.003623304347823,35.192029209683014,80.788605,18403200.0,72.32337,-0.0004626782,-0.00033645448,0.21886303,-1.7504045,1.651863,-0.10605306,0.07366042,-0.06508165,-0.18092772,-0.10134087,0.048781592,0.11247051
24.525362323808892,35.01449270273921,80.76379,7084800.187969208,72.158264,0.00010406793,-0.000118306234,0.06157933,0.6908821,-0.10781963,0.061547752,0.31263635,0.05105371,-0.08257387,0.17566454,-0.012223681,0.17608933
24.35507260113369,35.04710138474188,76.478294,1814400.0347614288,72.25347,0.021660594,0.013921893,-0.024198685,-0.3863722,0.67961204,0.30328193,0.26637986,-0.014944561,-0.013584718,-0.075841986,0.18403034,0.19904566
24.068840433535758,35.17753635462667,82.62194,2073599.9613761902,72.96948,9.4623145e-05,-0.00015747131,-0.15084323,-0.67310697,-0.3757574,0.16971672,0.45727205,0.36940578,0.53223944,-0.15825416,-0.14027327,0.21147333
24.278985653174068,35.159420527680346,80.15937,2332799.8879909515,73.09697,0.00048441987,-0.00043042479,-0.23384067,-0.43794197,0.9708639,0.34896946,0.24734375,0.16872205,0.034801476,-0.04448263,0.14521852,0.15187865
24.202898613755877,35.17753635462667,82.22561,15033599.582862854,71.32301,-2.2941616e-05,4.606821e-05,0.14734298,-1.2334442,0.9101102,0.17618917,-0.18946025,-0.16209444,0.32265764,-0.07101214,0.1002101,0.12282015
24.271739312019278,35.0833337340226,74.97577,5961600.231742859,72.240395,0.084506415,0.075201705,-0.5836949,1.5912298,0.54485905,0.0100901835,0.23363617,-0.028067589,-0.25532162,0.19781385,0.06987525,0.20979245
24.24275355543479,35.275361916886446,83.709785,1987199.9858379364,73.203964,8.716002e-06,7.0591544e-05,-0.4185273,-0.70598626,0.57839173,0.116794765,0.23161644,-0.02914279,0.22720319,-0.08199415,0.07588372,0.1117201
24.264492787947336,35.06521739309379,75.914215,7257600.139045715,72.175385,-0.003090132,-0.031805754,-0.28050843,1.003848,0.4107508,-0.011313938,0.3715849,0.2655006,0.009254079,0.109618835,0.038587872,0.11621236
24.62318819070881,35.09782625650204,81.14894,5356800.128746033,72.65546,-0.00036053493,0.000472076,-0.3249167,0.7668406,1.1071049,0.14155944,-0.17369515,-0.13111311,-0.059232414,0.08240319,0.1258617,0.15043755
24.55434784521419,35.039855304907746,78.730316,3369599.8686790466,71.96889,0.0017943707,0.002205853,-0.35736102,0.23743357,0.6443787,0.15047652,0.29887798,-0.03240841,-0.1840437,0.029689003,0.12165639,0.12522665
24.3985509616347,35.079710263267266,82.39983,10454400.056648254,71.72085,-1.2110424e-05,5.48886e-05,0.033447362,0.44036192,-0.5783308,0.22217944,0.12478709,0.37502092,-0.06572866,0.07651785,-0.09961341,0.12560977
24.586956589458925,35.03623181903528,81.050644,6652800.036048889,72.421036,0.00041377445,-0.00041860636,-0.05819781,1.3146775,0.42431426,0.06102383,0.32245576,-0.08245536,-0.17354208,0.2377103,0.07844581,0.25031966
24.286231733018653,35.16304365074164,82.86601,3369599.8686790466,72.5524,-9.307742e-06,8.269657e-06,-0.22812314,0.6499926,-0.37036157,0.15932924,0.45006168,0.38775745,-0.2235978,0.08505633,-0.040872395,0.094367005
24.33695651306752,35.26449269887389,75.24537,2246400.0495672226,73.01261,0.13326117,0.13243204,-0.14442971,-0.24295993,-0.31596082,0.0031604394,0.04980012,0.00070179254,-0.2920485,-0.022418592,-0.07278233,0.07615682
24.409420264318722,35.097825908808005,75.01247,10454400.056648254,73.13268,0.15586063,0.00963158,0.013815746,2.4287121,-0.18251665,-0.09153729,0.06730949,-0.028882936,0.275368,0.31093857,0.022926295,0.31178263
24.507246627708035,35.15217355593542,72.15966,13824000.4737854,72.666214,0.2780198,0.30672544,0.06850082,1.0704776,0.31457013,0.060924817,-0.23728204,0.1178662,-0.004332572,0.18037239,0.07918423,0.19698817
24.528985389862203,35.079710263267266,73.800804,9158400.149345398,73.82251,0.49239618,0.88885534,-0.20065992,2.097852,0.19828935,0.011896078,0.11918769,0.15848397,0.32675755,0.12870531,0.023081744,0.13075864
24.481884276880134,35.21376834109622,79.042,8208000.144195557,72.50218,-0.0027258561,-0.0023837483,-0.04515109,2.7625308,0.23326944,-0.09969481,-0.18471938,-0.12418764,0.01994567,0.1849042,0.025909428,0.18671063
24.55072462237475,35.07608730649443,88.70044,1123200.0247836113,72.79,3.6401025e-07,4.161333e-07,0.42807966,0.27237707,-0.24334675,0.759392,0.37035507,-0.24682999,-0.35826662,0.11986308,-0.08697642,0.14809474
24.32608705359737,35.05434782738719,80.59564,8726399.99742508,72.00641,0.00011207263,-0.00042538406,0.15539367,-2.2071886,-0.6959824,0.32987648,0.09154497,0.19330965,0.2715907,-0.07771328,-0.028404638,0.08274163
24.15942034471344,35.02536261613985,84.04098,15033599.582862854,71.96519,8.2963525e-06,1.3010409e-05,-0.2650965,-1.7320068,0.3274396,0.356657,0.115272895,-0.02733332,0.16589308,-0.13337637,0.020961173,0.13501343
24.62318819070881,35.09782625650204,81.14894,17366400.293540955,72.18801,-0.00012408175,0.00028548838,0.0058397204,1.3113874,-1.2883965,-0.04693421,0.3370075,0.23159811,0.002808407,0.113714635,-0.12830354,0.17144333
24.340579735906957,35.22101461745307,78.71513,11145599.860954285,72.162674,-0.0025144648,-0.001743202,0.20957871,3.2352085,0.17488123,-0.22152567,-0.15195915,0.18865198,0.027815303,0.16401456,0.008627764,0.16424133
24.423912946628306,35.13405791039468,84.735344,9849599.953651428,71.966705,2.5791394e-06,8.483042e-06,-0.06904182,2.5916753,-0.25082102,-0.17538264,0.1183593,0.22787014,0.08788909,0.15248373,-0.020080565,0.15380025
24.423912946628306,35.16304383214723,83.815254,2332799.8879909515,72.70965,-4.1890307e-05,-2.6681333e-05,-0.026349489,1.2248452,-0.44275188,0.35199934,0.3208387,0.14190182,-0.16285324,0.13408266,-0.0840345,0.15824018
24.423912946628306,35.13405791039468,84.735344,9590399.752807617,71.98968,2.9279659e-06,5.59494e-06,-0.071498066,2.638252,-0.25814712,-0.13590935,0.12367323,0.19443575,0.0843895,0.14393143,-0.020927334,0.14544487
24.278985574781007,35.18478260074926,85.36457,3456000.11844635,71.76349,-7.199746e-07,2.3826487e-06,-0.478732,0.29698545,-0.89548147,0.10387527,0.46061942,0.10139228,-0.2893977,0.059483662,-0.15883371,0.16960676
24.365941903817713,35.11594190204278,77.940506,2246400.0495672226,72.618866,0.008211341,0.006986164,-0.3317225,-1.0304039,1.5873606,0.045681544,0.17620555,-0.027686976,-0.2998799,-0.1295539,0.16606785,0.21062465
24.40579730278949,34.98550712868071,82.545616,17107200.092697144,72.02935,-7.5731106e-05,4.661606e-05,-0.08325328,0.6028112,-1.1363149,0.0642685,0.19542599,-0.02049949,-0.04901305,0.07985811,-0.17195499,0.18959387
24.46739112421217,35.10507235145331,77.031204,17452799.99485016,73.916435,0.05848181,0.017024865,0.2927217,0.9233943,-0.8638356,0.20132926,-0.2666341,0.17269245,-0.079246484,0.109382614,-0.064411856,0.12693875
24.507246418659868,35.018115659512056,74.98295,6393599.835205078,73.60307,0.16871741,0.15194659,-0.16306308,1.5829791,-0.3371151,0.1708883,0.13765785,-0.1469377,0.12539724,0.26340643,-0.054152638,0.26891533
24.47463793572534,35.15579704180788,74.131996,15120000.381088257,73.718185,-0.6428963,-0.68622905,0.27875823,1.4432496,-0.41304582,0.19503534,-0.09307287,0.028913349,0.029468445,0.10011813,-0.017317034,0.10160472
24.40217392316393,35.07246365433351,77.73675,2937599.9909877777,72.179695,0.0064767017,0.0057647456,-0.27041754,-0.42172897,1.1027809,0.09048667,0.23171958,-0.04776764,-0.17594773,-0.054672822,0.16332932,0.172237
24.423912946628306,35.16304383214723,83.815254,13391999.773406982,71.43604,4.555325e-06,8.59579e-06,-0.11648449,1.7143189,0.041896477,-0.25132734,0.036429193,0.49975997,0.12216672,0.15169135,0.014282284,0.15236223
24.141304256647267,35.05072417522627,80.839714,6912000.2368927,72.51783,-0.00014367154,0.00034113516,0.16802736,-1.7626867,-0.11579586,0.41537333,0.2585494,0.32909194,0.39910123,-0.13190556,0.0032909638,0.13194661
24.3985509616347,35.079710263267266,82.39983,86400.00124722719,73.129486,-0.00023222013,0.00015040506,0.14791231,-1.2242662,1.2272645,0.047534294,-0.39057878,-0.029502198,0.09044497,-0.15372166,0.10088672,0.18387082
24.521739153231497,35.18115965909355,80.50853,4492800.099134445,72.804054,-0.0009038585,0.0009418833,-0.37509775,1.1104486,0.6741701,0.094329655,-0.22935918,-0.107132174,-0.01989194,0.11677504,0.053006385,0.1282423
24.268116089179838,35.07971042955572,81.07262,18403200.0,70.93835,8.147041e-05,0.000105316205,-0.40306687,0.7934697,0.042469405,-0.039566085,0.31768486,0.34015217,0.6844923,0.21534218,-0.01580483,0.21592139
24.423912946628306,35.13405791039468,84.735344,15983999.588012695,71.24722,-2.106065e-06,3.2189932e-06,-0.10289415,1.2675291,-0.6812514,-0.0144819915,-0.063624345,0.0648711,0.4430758,0.15912664,-0.09717995,0.18645436
24.282608510179216,35.10869565592019,73.044136,10540799.757957458,72.94024,-0.74934995,-0.40189573,-0.012369052,2.2966483,0.014160253,0.026818495,0.087454505,0.060871843,-0.043921337,0.1470078,0.008534854,0.14725535
24.576087129988778,34.96376817111452,80.53768,11059200.15964508,72.362434,-0.00046022827,0.0003353092,0.029240705,2.6510596,-0.21011682,-0.3597977,0.24984008,0.3108224,0.0063290037,0.17004286,-0.0044215904,0.17010033
24.068840433535758,35.17753635462667,82.62194,16156800.087547302,72.00827,3.501209e-05,4.37421e-05,0.08337948,-1.9106846,0.851837,0.33849674,0.10641679,-0.22818547,0.07869064,-0.1645554,0.11704436,0.20193529
24.528985389862203,35.079710263267266,73.800804,14860800.180244446,73.83012,0.5400349,-0.36859867,0.051151887,0.16434106,0.41001874,0.28742868,-0.24774632,0.12544402,0.1122591,0.033909246,0.10255065,0.10801145
24.85869584610084,35.31159408476158,76.05999,3715200.0450611115,76.158905,0.8650443,0.7952609,0.3172149,-0.30529922,-1.0295136,0.16548713,0.49589962,0.28500563,0.13556415,-0.038864158,-0.1138522,0.12030273
24.235507135886934,35.09782643790763,86.62735,10713600.257492065,71.793304,-3.2821615e-07,-1.5527451e-06,-0.32069844,1.7565155,-0.28729433,0.23124653,0.17379184,0.21951011,-0.06981146,0.3148691,-0.035793737,0.31689706
24.677536062942007,35.07971042955572,84.775665,14083199.577713013,72.37516,6.366495e-06,-2.6472821e-06,-0.12319741,1.3977613,0.20929517,-0.08489814,-0.12833416,0.31181684,0.32210642,0.11709983,0.02428449,0.119591415
24.40579722439643,35.07608730649443,81.130585,18316800.298690796,71.74927,-0.00010098608,0.00016770483,-0.19814558,1.3296565,-1.3599496,0.24991274,0.13090912,-0.06490145,0.29307085,0.2257477,-0.17412475,0.28509903
24.51086948471318,35.141304337922854,75.965324,7084800.187969208,73.18664,-0.08118387,-0.06750067,-0.35291016,1.2742826,-0.042220116,-0.2996841,0.43125677,-0.04878986,0.29558858,0.16454054,0.013971077,0.16513261
24.351449221508126,35.36231895652174,77.53338,432000.01480579376,73.30509,-0.016310597,0.003572762,0.18197493,-2.4783468,0.22197428,0.29345185,0.016406588,-0.043725498,0.43930182,-0.23450866,0.014375535,0.23494887
24.46739112421217,35.10507235145331,77.031204,6912000.2368927,72.71657,-0.01769937,-0.017733779,-0.40095228,1.6386405,0.08174167,-0.22978693,0.16635579,-0.08979755,0.16908282,0.19781502,0.012631357,0.19821788
24.576087129988778,34.96376817111452,80.53768,6912000.2368927,72.34407,5.0776995e-05,-0.00038157467,-0.06434257,1.6783658,0.045298763,-0.054528274,0.5187482,0.052506797,0.002172228,0.1948025,0.033386867,0.19764285
24.572463802625258,35.028985391507106,77.31845,17971200.39653778,74.00824,-0.022197606,0.023553578,0.15197341,0.14949313,-1.0796044,0.25429207,0.12885946,0.0152496025,0.12597103,0.034597583,-0.10233511,0.108025305
24.40579722439643,35.07608730649443,81.130585,13996799.876403809,71.643745,3.1496675e-05,-0.0001917316,-0.36843973,1.6652857,-0.46441716,0.003926806,0.012930758,0.12165203,-0.0811652,0.14400071,-0.030343607,0.14716297
24.32608705359737,35.05434782738719,80.59564,3715200.0450611115,72.47686,-0.00036696985,-0.0001414284,0.013320588,-0.78369975,0.3881876,0.12289293,0.32376957,0.16579655,0.08583732,-0.2254898,0.09518151,0.24475533
24.409420342711783,35.02898555779556,73.23672,6566399.786281586,73.30618,-0.52004576,-0.5946462,-0.21819988,1.440078,-0.05239594,0.26056984,-0.009688072,-0.20534039,0.2045713,0.17844433,-0.010825295,0.17877237
24.33695651306752,35.26449269887389,75.24537,9244799.850654602,72.13494,-0.05982916,-0.023944598,-0.09749517,2.8199031,0.55416065,0.04437378,-0.25005338,0.11637067,0.1492295,0.11569937,0.029963437,0.11951633
24.47463793572534,35.15579704180788,74.131996,13478399.474716187,73.61224,0.37959802,-0.19706012,0.12902525,1.8840166,-0.16075817,0.18483865,-0.038217552,0.017954573,0.26658857,0.14684245,-0.020010937,0.14819966
24.57246390714934,35.13405809180027,82.83649,4233599.898290634,72.7728,-4.050152e-05,8.566575e-05,-0.021017063,-0.3746972,0.5667169,0.38991863,-0.08190862,-0.219457,0.08438997,-0.049743995,0.13979422,0.14838089
24.351449221508126,35.36231895652174,77.53338,3542400.093984604,71.77313,-0.0052172495,0.0013611448,0.22137429,0.17405507,1.1285815,0.055688776,-0.18094131,0.10238956,0.36113605,0.01770281,0.13204184,0.13322327
24.003623304347823,35.192029209683014,80.788605,86400.00124722719,74.415184,0.0028336083,0.0008595982,-0.03320037,-1.7692671,-0.21373694,0.031165067,0.32106736,-0.05937258,0.91070795,-0.13643567,0.011277926,0.13690099
24.800724541980035,35.0326085145684,80.91604,15638399.68585968,72.591095,0.0005371038,-1.3677178e-05,-0.23327647,0.59031564,0.20409878,0.21862912,0.24985921,-0.18440372,0.11100473,0.114128225,0.014898442,0.11509655
24.24275355543479,35.275361916886446,83.709785,6652800.036048889,72.2617,2.5930905e-05,-2.9068511e-05,-0.5648591,2.0582533,2.1280477,-0.3209288,-0.333397,-0.1877642,-0.020110883,0.13772523,0.1442304,0.1994258
24.365941903817713,35.11594190204278,77.940506,8208000.144195557,72.264496,-0.0018551212,0.000833256,-0.23556754,2.5939226,-0.21566689,-0.23232591,0.12799376,0.14226624,0.2982756,0.12087923,0.0094944,0.12125152
24.40579722439643,35.07608730649443,81.130585,5788799.732208252,72.13605,6.807275e-05,0.0002793723,0.12737735,-0.8780991,0.055262633,0.2680106,-0.08237841,0.18526822,-0.12420986,-0.10142984,0.0069869156,0.101670206
24.521739153231497,35.18115965909355,80.50853,10886399.660110474,72.12721,0.00042322333,0.0002890525,0.07578142,1.3248599,0.02691409,-0.008475006,-0.060757704,0.21398243,-0.1264506,0.14468305,0.0150738545,0.14546616
24.275362351941567,35.02173896397893,79.32639,2937599.9909877777,72.50804,-0.0015019242,0.00087180856,0.0647551,-0.5192381,0.20657198,0.13255168,0.2629112,0.020700026,0.17616919,-0.1923093,0.095850006,0.21487227
24.336956356281394,35.12681217825459,78.56935,12614400.267791748,72.02872,-0.0021373485,-0.0024487064,0.12131196,1.294356,-0.09528285,-0.14636117,-0.081350185,-0.2088168,0.2924812,0.1938588,0.013966123,0.19436122
24.40579722439643,35.07608730649443,81.130585,16070400.386238098,71.75824,0.00014003288,5.0997318e-05,-0.36601073,1.9241312,-0.92045355,0.024552032,0.10760406,-0.044984087,-0.029200755,0.103377424,-0.036517322,0.10963762
24.409420342711783,35.02898555779556,73.23672,17884799.598312378,73.402084,-0.15052517,-0.28220087,-0.16243142,-0.25013125,0.44808012,0.34615347,0.21651989,0.110255234,-0.09137764,-0.16656542,0.27655005,0.32283738
24.518115930392057,35.170290078269815,76.7112,12095999.866104126,73.210556,0.018177763,-0.041472852,-0.1673106,2.5471706,-0.130068,-0.11340503,0.25223786,0.18750662,0.4602582,0.11676789,-0.022180002,0.11885577
24.141304256647267,35.05072417522627,80.839714,2419199.8635292053,73.406494,-0.00053939864,-0.00023060835,-0.14787757,-0.2166812,0.14849365,0.2939693,0.19720054,0.25373277,0.43022656,-0.12981206,0.055500355,0.14117883
24.282608510179216,35.10869565592019,73.044136,10886399.660110474,72.98164,-0.28981847,-0.78963995,-0.00083459914,2.3373072,0.0060609803,0.026741304,0.07962266,0.050812606,-0.020709373,0.15185332,0.009961084,0.15217967
24.134057993885538,35.130434787333385,80.741425,9331199.551963806,72.251,-0.00037367234,-0.0001326775,-0.08390877,-1.7781787,-0.30645937,0.44922748,0.30933076,-0.0017906651,0.060017027,-0.2473192,-0.040664,0.2506399
24.282608510179216,35.10869565592019,73.044136,16761600.190544128,73.08639,0.1514309,0.073288135,0.060890615,1.8796207,-0.8417784,-0.08155102,0.121724315,0.17868358,0.12842697,0.16095793,-0.045558557,0.16728131
24.369565205050215,35.10507235145331,81.59638,4665599.775981903,72.35648,0.00018653054,1.8717443e-05,0.02114287,-0.3970319,0.27297437,0.2410543,0.0074773356,0.26373872,-0.2912308,-0.07701406,0.061898563,0.09880586
24.35507260113369,35.04710138474188,76.478294,864000.0296115875,72.46,-0.015303685,-0.013780289,0.16511774,-1.0373187,0.6959126,0.34819326,0.3938663,0.0913208,0.062997594,-0.14250632,0.15874842,0.21332863
24.409420264318722,35.137681214861566,85.684586,5615999.781131744,72.17992,1.7842367e-06,8.6932175e-07,-0.2830875,1.2309849,-0.35884488,0.3961739,0.4179593,-0.063195385,-0.1079511,0.22833218,-0.0929671,0.24653289
24.572463802625258,35.028985391507106,77.31845,15120000.381088257,73.384964,-0.025725342,-0.028000396,0.003071241,0.2652745,-0.31612158,0.11066453,0.12987036,0.24842417,0.39044258,0.06330209,-0.07416517,0.09750707
24.24275355543479,35.275361916886446,83.709785,2851200.015449524,73.15218,9.220852e-07,2.4627641e-05,-0.40965128,-0.7420758,0.7249911,0.08009843,0.18048833,-0.120172106,0.16383177,-0.10180182,0.10751248,0.14806263
24.409420342711783,35.02898555779556,73.23672,4579200.074672699,73.20517,-0.95350367,-0.9703424,-0.12556323,0.7018796,-0.027317438,0.2754667,0.098526515,-0.26620516,0.24487662,0.21418484,-0.038401388,0.21760012
24.40217392316393,35.07246365433351,77.73675,8467199.796581268,72.40788,-0.0067858524,0.004359395,-0.2529304,2.0411282,-0.16700462,-0.23262367,-0.046133094,0.15503064,0.3072822,0.1516051,-0.028438637,0.15424936
24.177536001617764,35.01449252133363,77.3516,9935999.654960632,72.16,-0.003446049,-0.0074866037,-0.09926382,-2.3215725,-0.21809103,0.4220578,0.3419206,-0.35132015,0.21283567,-0.27653578,-0.016915679,0.27705267
24.60144921950647,34.9456523441682,85.40489,13478399.474716187,72.503746,-3.9691233e-07,5.896007e-06,0.06858517,-1.15533,-0.19020097,0.5693857,0.037880108,-0.19936466,-0.32583314,-0.20112164,-0.05225974,0.20780037
24.369565205050215,35.10507235145331,81.59638,8639999.747657776,71.96595,0.00010903623,-9.573006e-05,-0.10365743,0.54365367,-0.44185698,0.2569619,-0.20292029,0.30428416,0.054226242,0.025895925,-0.04449135,0.051478922
24.576087129988778,34.96376817111452,80.53768,10799999.95880127,72.36784,-0.00063110987,-1.9826444e-05,0.062162563,2.6954782,-0.23500247,-0.36909908,0.25333363,0.3047134,0.0047322363,0.17407681,-0.004546291,0.17413616
24.171296292717127,35.10648163098043,78.049835,15724800.484085083,72.27273,0.00395292,-0.0010205484,-0.11981766,-0.7331604,0.3827424,0.038791697,0.5104331,-0.054063104,0.11843309,-0.11814501,0.10115239,0.15553151
24.33695651306752,35.26449269887389,75.24537,11836799.665260315,72.52197,0.08128175,0.076053545,0.24748568,2.355634,0.35375273,0.02183545,-0.36257315,0.40195683,0.21258554,0.20767674,0.02586177,0.2092808
24.43478277193275,35.06521686399416,78.38795,2937599.9909877777,72.1078,0.0032963192,0.0023546494,-0.22940001,-0.56718004,1.1288768,-0.018344164,0.20494932,-0.043136656,-0.19365689,-0.026236897,0.16497833,0.16705155
24.641304357168043,34.938405387540406,81.3883,12527999.469566345,72.27219,-0.00025323403,-0.000102283535,-0.23992719,1.9812458,0.09987076,-0.19946864,0.30651078,0.20281494,-0.11748285,0.09249112,-0.002158542,0.09251631
24.278985574781007,35.18478260074926,85.36457,1123200.0247836113,72.43495,-7.984903e-06,8.656416e-07,-0.27957398,0.19733779,-0.9972415,0.15155672,0.5966534,0.20515847,-0.21226722,0.015955789,-0.17792039,0.1786344
24.33695651306752,35.26449269887389,75.24537,10799999.95880127,72.20025,0.05715244,0.064153746,0.122669354,2.5026624,0.5079312,0.04498987,-0.31621787,0.31449297,0.22320399,0.15110947,0.019057188,0.15230642
24.659420157792983,35.13768139626715,82.9603,10368000.35533905,72.18701,-8.263965e-06,-3.5812995e-05,0.13096784,2.6583033,-0.59510237,-0.18284109,-0.15250108,0.13727273,0.017999677,0.111244954,-0.03732989,0.11734121
24.202898613755877,35.17753635462667,82.22561,11318400.360488892,71.172195,1.4255543e-05,-1.6447504e-05,-0.374202,2.5516272,0.08024608,-0.07078796,-0.029150486,0.13602,0.15455225,0.10578704,0.017599557,0.10724104
24.3985509616347,35.079710263267266,82.39983,17452799.99485016,71.26074,3.3838427e-05,1.638274e-05,0.035832778,1.1969535,-1.4427384,-0.02151525,0.156207,-0.012389146,0.17270312,0.08838545,-0.073535405,0.11497584
24.3985509616347,35.079710263267266,82.39983,7862400.2420425415,72.122154,9.4344956e-05,-8.25924e-05,0.1697599,-1.7400694,-0.5155363,0.58492666,0.036887035,0.23503086,-0.07314515,-0.14927189,-0.04346937,0.15547246
24.51086948471318,35.141304337922854,75.965324,9590399.752807617,73.38235,-0.049719553,0.027303364,-0.5070336,2.96679,-0.41473043,-0.21975243,0.29550797,0.08721897,0.5621965,0.23111948,-0.009289832,0.2313061
24.525362323808892,35.01449270273921,80.76379,1900800.0102996826,72.03814,-6.592377e-05,-0.00031948896,-0.030716788,-1.1170905,1.0774404,-0.005301714,-0.08428938,0.0103188045,0.18393338,-0.08764361,0.07813,0.117412515
24.5036234048686,34.94565269942081,84.86278,8467199.796581268,72.31058,-9.3614635e-06,5.6766794e-06,0.031979196,-2.854291,0.4881096,0.50561595,0.17474708,0.053593718,-0.06442011,-0.14303632,0.026590776,0.14548697
24.373188532413735,34.85507217391305,83.68782,5011200.226593018,72.513466,-2.5672754e-05,2.2691104e-06,-0.14602152,-0.83426726,0.15551022,0.5902025,0.26380375,0.009779859,0.17288432,-0.14066029,0.029421862,0.14370443
24.507246627708035,35.15217355593542,72.15966,10281599.557113647,73.360916,-0.27675065,0.113507725,-0.36547548,3.1727235,-0.0005290359,0.09437624,-0.17313498,0.17311609,0.3101925,0.11895725,0.017609479,0.12025357
24.16304339770124,35.14130418675153,77.183464,9849599.953651428,72.03339,-0.0075797415,-0.009318116,0.29041737,-1.8582826,-0.5893628,0.418354,0.35278982,-0.027494475,0.09804821,-0.2653784,-0.051355984,0.2703019
24.822463669968496,35.11956556932083,79.471794,13478399.474716187,72.77839,0.0008445633,0.00026265642,-0.18967983,-0.7589863,0.7630215,0.11781367,-0.12643409,0.25950193,0.3197079,-0.16657759,0.21682087,0.27342162
24.608695560661264,35.210145036629335,80.071884,9676799.454116821,72.53671,0.00030514097,0.00025218783,0.12724796,1.5764569,-0.13646783,0.12425782,0.17025602,0.07349633,0.0027447715,0.099819735,-0.009907868,0.10031024
24.5036234048686,34.94565269942081,84.86278,2159999.936914444,72.2175,1.0790895e-05,-1.1730159e-07,-0.038034074,-0.40339708,0.6686187,0.08841921,-0.20499274,-0.16420412,0.38451093,-0.051022895,0.12592721,0.13587126
24.3913043591697,35.05434799367564,86.750465,13996799.876403809,71.98473,-1.5883883e-06,1.6472791e-06,-0.060320765,0.4760043,-0.31600195,0.22222468,0.04269558,-0.09563682,0.29451546,0.15731698,-0.103932865,0.18854886
24.608695560661264,35.210145036629335,80.071884,16070400.386238098,72.36912,0.0009067655,0.0008605317,-0.13552889,1.9800487,-0.7126167,0.07540361,0.17275277,0.1933743,0.23700985,0.147127,-0.07723717,0.16616839
24.503623143558386,34.916666955294566,80.479385,18403200.0,73.067604,0.0007571957,0.00092562893,-0.19515438,0.23730327,0.47789252,-0.17945984,-0.057533033,0.20139691,0.015670044,0.011847948,0.04609849,0.047596686
24.731883987437246,34.999999998854186,80.17734,13132799.572563171,72.61233,0.0006179229,0.00030761625,-0.09486365,1.2816399,0.10414636,-0.0027479008,0.36516,0.07131403,0.2932247,0.2449785,-0.004780978,0.24502516
24.423912946628306,35.16304383214723,83.815254,6566399.786281586,72.16279,-2.7269842e-05,2.7269e-05,-0.2901652,3.0263698,0.041668553,0.31999943,0.005864799,-0.085936405,0.010675319,0.15024436,0.0011472991,0.15024874
24.57246390714934,35.13405809180027,82.83649,6480000.084972382,72.37615,-6.384207e-05,7.8875e-05,0.06019351,1.3967587,0.45970523,0.3240466,0.00081733614,-0.33437288,-0.036682405,0.068852715,0.0013536575,0.06886602
24.572463802625258,35.028985391507106,77.31845,14947199.88155365,73.36823,-0.02758336,-0.028223492,-0.01057598,0.32131967,-0.26902312,0.09130913,0.12275937,0.26218203,0.40432677,0.07276324,-0.066544674,0.098603666
24.800724541980035,35.0326085145684,80.91604,12182399.56741333,72.863495,-0.0006662638,0.00047044616,0.12556659,1.2921176,-0.25477082,0.1031322,0.13670495,0.061086804,0.32518485,0.28832203,-0.041945316,0.29135716
24.15217408195171,35.09782609021359,90.079155,15379199.48501587,72.37115,-1.1615053e-07,9.203788e-08,0.50110507,-0.5139346,-0.11290018,0.44079837,0.24356225,0.08798726,0.25143552,-0.19016859,-0.03378242,0.19314592
24.57608686867857,35.22463755910878,78.28966,2073599.9613761902,72.71461,0.0063307,0.0062162695,-0.2829013,-0.8223778,1.1743712,-0.42398852,-0.22128668,-0.07124043,-0.0771484,-0.09854198,0.21251278,0.23424816
24.32608705359737,35.05434782738719,80.59564,11059200.15964508,71.70518,-1.6173775e-05,0.0003299877,-0.11655107,-0.48515707,-0.74516463,0.16173199,0.10296142,0.052338526,0.08957054,-0.0579665,-0.061497197,0.084510475
24.271739312019278,35.0833337340226,74.97577,2764800.03991127,72.636894,-0.07633308,0.050391924,-0.33634323,-0.4476866,1.3337816,0.017856166,0.11295964,-0.19616842,-0.055983193,-0.030789137,0.10841775,0.112704836
24.340579657513896,35.072464168316,77.031204,8639999.747657776,72.29773,0.007674886,0.0040768855,-0.114067495,1.8074063,0.03649064,-0.17664605,0.23164445,0.23915058,0.30027768,0.25459886,0.054264463,0.26031753
24.423912946628306,35.13405791039468,84.735344,17279999.49531555,71.13551,3.589239e-06,-2.6767411e-06,-0.07522336,0.7519788,-0.7463428,0.15058398,-0.18947825,-0.061340444,0.4630921,0.16484834,-0.14722638,0.22102168
24.731884091961334,34.88405773852335,82.62194,7430400.090122223,72.209946,8.374722e-05,-6.8871836e-05,-0.27409703,1.6827941,-0.18195261,0.15860626,0.3454564,0.46547619,0.29665098,0.23073587,0.007961567,0.23087318
24.608695560661264,35.210145036629335,80.071884,2332799.8879909515,72.947075,-0.0015691345,-0.00057604426,-0.3607275,-0.58431935,1.0361497,-0.106845595,-0.17886734,0.057289377,0.03477796,-0.12316114,0.20445724,0.23868689
24.782608845879178,35.07246365433351,80.82854,1728000.059223175,72.13775,0.00035443596,-0.00014364763,0.026448742,-0.22842847,0.41980457,0.093740314,0.0748394,0.021451533,-0.21670103,-0.07560693,0.16119106,0.17804202
24.068840433535758,35.17753635462667,82.62194,4579200.074672699,71.403015,-3.6476842e-05,-3.7461454e-05,-0.31861562,1.0133431,-0.34598857,-0.003349863,0.4173019,0.2649066,0.16557357,0.21427572,-0.06254713,0.22321789
24.75362311542571,35.148550251468535,82.31272,11231999.562263489,72.48366,-8.020891e-05,0.00014199056,-0.19990441,1.9969633,-0.57947934,-0.054960914,0.011267252,0.11188028,0.45053554,0.14198916,-0.053765316,0.15182763
24.49275373635028,34.95652190987481,78.13308,15206400.082397461,72.85505,-0.007008422,-0.0072706146,-0.3538081,0.092121616,0.5428181,-0.10951314,-0.028701536,0.0859068,-0.15114021,0.05781427,0.123116076,0.13601492
24.49275373635028,35.04710138474188,79.64641,13737599.675559998,72.23295,-0.00029698107,0.000967889,-0.36960858,2.280998,-0.33469105,-0.09013509,0.14508575,0.22423488,0.03949702,0.17304608,-0.025395526,0.17489962
24.62318819070881,35.09782625650204,81.14894,10022400.453186035,72.40432,-3.5942837e-06,0.00024070649,0.1734256,2.5075033,0.024333261,-0.124966465,0.17659277,0.19418204,0.049750693,0.1000469,0.003990079,0.10012644
24.57608686867857,35.22463755910878,78.28966,15638399.68585968,72.99131,-0.00052941294,0.0050447593,-0.018209707,1.2919647,-0.52559745,0.09600929,0.079911314,0.24295789,0.10877043,0.10589763,-0.044220515,0.11475958
24.677536062942007,35.07971042955572,84.775665,16329599.49016571,72.101906,5.30148e-06,1.1441176e-06,-0.3151628,0.6965326,-0.62608093,0.20570606,-0.022805877,0.2864977,0.039884143,0.049133796,-0.073451705,0.08837015
24.507246418659868,35.018115659512056,74.98295,9504000.051498413,73.8431,-0.27663755,-0.19417553,-0.023596432,1.7478914,-0.3040641,-0.032825634,-0.064080335,0.08959816,0.22816235,0.19442806,-0.037985824,0.198104
24.507246418659868,35.018115659512056,74.98295,13391999.773406982,73.75716,-0.2829436,-0.20750706,-0.18194741,1.1114646,0.25713843,0.2095733,-0.24386582,0.24847865,0.25807878,0.14364213,0.008442925,0.14389004
24.15217408195171,35.09782609021359,90.079155,17107200.092697144,72.56156,-6.3737247e-09,9.324355e-08,0.62803286,-1.1582316,0.080399185,0.33755,0.06750434,0.22584161,0.19727597,-0.23148608,0.023002315,0.23262613
24.880434869565217,35.11594208344836,73.60822,9071999.899578094,73.62706,-0.83864325,-0.98270386,0.3027835,-2.9369516,0.52795047,0.21109387,0.10827081,-0.012321949,-0.35013634,-0.23693767,-0.00024019032,0.23693779
24.373188349496587,35.09782609021359,73.044136,14515200.27809143,73.26767,0.8174267,0.7190742,0.05551438,1.5542381,-0.12285592,0.27353838,0.034221627,-0.1419962,0.036343988,0.18484034,-0.007658711,0.18499893
24.655797039477626,35.09782643790763,82.953125,11318400.360488892,72.192474,-5.98079e-05,6.0001723e-05,0.1258169,2.2393448,-0.015061159,-0.23783484,-0.08030742,0.20333564,0.13735093,0.17642811,0.010472515,0.17673865
24.340579657513896,35.072464168316,77.031204,13824000.4737854,72.58264,0.017131377,0.014912351,-0.19456759,1.7149295,-0.7515065,-0.0916606,0.26943296,-0.37328285,0.062734246,0.19845627,-0.06164684,0.20781055
24.177536001617764,35.01449252133363,77.3516,16156800.087547302,72.43195,0.0087979445,-0.010934431,-0.31920862,0.9230979,-0.84364057,0.1838227,0.53980684,-0.040536135,0.07758707,0.11365544,-0.09442686,0.1477633
24.336956356281394,35.12681217825459,78.56935,6480000.084972382,72.1426,0.0022860267,-0.00020866485,-0.3045159,1.2953677,0.06343589,0.04529053,0.23808345,0.043623254,0.023386098,0.14563562,0.05400524,0.15532643
24.507246418659868,35.018115659512056,74.98295,8467199.796581268,73.77512,-0.13661054,0.07109584,-0.14343476,1.7617178,-0.23858392,0.017658614,0.015489135,-0.04427573,0.19231316,0.2409928,-0.06569293,0.2497861
24.507246627708035,35.15217355593542,72.15966,6134400.182819366,74.064606,-0.148566,-0.1637998,-0.019164503,2.1675572,-0.2873401,0.0902705,0.5230864,0.11705886,0.3537413,0.24910869,0.013096744,0.24945273
24.619565229179578,35.18478278215484,82.255135,9763200.252342224,72.1352,-5.160929e-05,-0.0001060824,0.22778775,2.5978234,-0.5361164,-0.07152446,-0.23739788,0.059895296,-0.08365325,0.10146044,-0.027839027,0.10521042
24.268116089179838,35.07971042955572,81.07262,6480000.084972382,72.43891,-0.00010764529,-0.00013459522,0.17353581,-1.7670901,-0.2198542,0.42220977,0.32622153,0.3623964,0.24928707,-0.15390852,-0.029873792,0.15678097
24.55434784521419,35.039855304907746,78.730316,10195199.855804443,72.76984,0.00094918016,0.0040906635,-0.15569788,2.7737546,-0.37845355,-0.39283872,-0.01392062,0.2984179,0.2916271,0.18547544,-0.021502037,0.18671763
24.619565229179578,35.18478278215484,82.255135,3542400.093984604,73.04042,0.00017166021,8.921256e-05,-0.13192652,0.1790054,0.30443913,0.27557036,0.12704016,0.104414746,0.221807,0.04084351,0.045160368,0.060890485
24.177536001617764,35.01449252133363,77.3516,15120000.381088257,72.43831,-0.011711005,-0.0118832225,-0.28654808,0.6392509,-0.7692861,0.23173434,0.55949223,-0.2379897,-0.02613902,0.101370744,-0.08873346,0.13472065
24.373188532413735,34.85507217391305,83.68782,18316800.298690796,71.21015,-9.73606e-06,3.9762317e-06,-0.06195319,0.2105227,-0.7709828,-0.11774679,0.06495887,0.040984496,0.27737448,0.07097957,-0.29342526,0.3018882
24.576087129988778,34.96376817111452,80.53768,8035200.193119049,72.46705,0.0004639717,-0.00021761586,0.08688448,2.3813844,-0.076081246,-0.1841596,0.3554413,0.07248288,0.014870046,0.22478175,0.010666459,0.22503468
24.728260869121893,35.15579704180788,79.23173,5270399.878978729,73.26574,0.000688925,-0.0016793221,-0.27630484,1.5559328,0.4473068,-0.0032085925,0.24780169,0.44076464,-0.061381824,0.16590379,0.039480012,0.17053662
24.141304256647267,35.05072417522627,80.839714,15120000.381088257,71.28257,0.000101932055,-0.00017294349,-0.42963272,-1.646702,0.73984694,-0.057889365,0.49010983,-0.07163183,0.18850061,-0.0900719,0.038091738,0.09779534
24.47463793572534,35.15579704180788,74.131996,12873600.46863556,73.57524,0.5679266,0.3378466,0.07789886,2.0207675,-0.100974955,0.15838285,-0.015694909,0.023410395,0.35163775,0.17604823,-0.026852094,0.17808428
24.271739312019278,35.0833337340226,74.97577,5702400.030899048,72.24375,0.08428715,0.050378263,-0.5931767,1.4918224,0.5863075,0.008638963,0.22588497,-0.06506198,-0.25710455,0.1922782,0.084348395,0.20996562
24.278985574781007,35.18478260074926,85.36457,13824000.4737854,71.36277,3.255936e-06,-1.5456606e-06,-0.02696924,0.98409295,0.29593855,-0.12410707,-0.064200036,0.11804843,0.33334127,0.10768861,0.044152144,0.11638835
24.62318819070881,35.09782625650204,81.14894,6998399.938201904,72.643875,-0.00030884714,0.00029363213,-0.147301,2.044891,0.87020665,-0.014667854,0.018419929,-0.11711099,-0.16904986,0.15448208,0.054074854,0.16367286
24.068840433535758,35.17753635462667,82.62194,604799.9658823013,74.37945,-0.0001905832,-0.0005841131,-0.19142921,-1.2438318,0.034092676,0.11078363,0.3940559,0.31274658,0.63494116,-0.24758525,-0.008957574,0.24774724
24.57246390714934,35.13405809180027,82.83649,2246400.0495672226,72.94082,-8.730616e-05,9.695176e-05,0.057227746,-0.45789558,0.67280537,0.3589149,-0.1642232,-0.114315905,-0.07767691,-0.12623,0.15480798,0.19974865
24.655797039477626,35.09782643790763,82.953125,6652800.036048889,72.48765,6.962532e-05,4.6365927e-05,-0.21465293,1.0320113,0.71650076,-0.08013601,0.008009963,-0.18098855,-0.28122777,0.12592964,0.090969816,0.1553505
24.141304256647267,35.05072417522627,80.839714,16847999.891853333,71.0227,0.00014198455,-0.00012613747,-0.5299564,-0.95579183,1.3276491,-0.11208565,0.6490178,0.40181145,0.4780303,-0.09179463,0.17687908,0.19927987
24.62318819070881,35.09782625650204,81.14894,12355200.066947937,72.40074,-0.00031424654,-9.359151e-05,-0.11013812,2.0770204,0.36531985,-0.16064042,0.047548644,0.37008289,0.3194567,0.16016085,0.040492997,0.16520043
24.72463775080654,35.097825908808005,83.506035,10713600.257492065,72.37223,4.016678e-05,1.8985551e-05,-0.13370478,2.3561897,-0.3034197,-0.29035395,-0.1338403,0.1643265,0.2664513,0.14647296,0.0064567486,0.1466152
24.623188347494935,34.98550731008629,86.27349,13996799.876403809,72.59603,2.4983187e-06,4.4233393e-06,0.040273614,-0.347277,-0.47735262,0.4201824,-0.050284885,0.01736024,-0.12136892,-0.05460887,-0.10251219,0.11615024
24.731884091961334,34.88405773852335,82.62194,4665599.775981903,72.0254,-7.095126e-05,7.082899e-05,-0.07581431,0.9385971,0.1538144,0.21352822,0.20455387,0.38476494,0.26438838,0.16917549,0.053726174,0.17750168
24.16304339770124,35.14130418675153,77.183464,2937599.9909877777,72.64608,-0.0010927112,0.009346985,-0.5273483,0.13621324,0.56299686,-0.013133533,0.16686952,0.17749369,0.15861417,0.053003073,0.12548846,0.1362229
24.32608705359737,35.05434782738719,80.59564,5961600.231742859,72.26827,1.5746288e-06,3.8927923e-05,0.25414842,-1.7361999,-0.15050532,0.2738974,0.25787142,0.2288543,0.21673402,-0.08126578,-0.033738393,0.08799094
24.659420157792983,35.13768139626715,82.9603,3023999.9665260315,72.79266,3.525518e-05,9.2379465e-05,-0.0376853,-0.081936166,0.93642247,0.21535629,0.087010294,0.013268765,-0.004022144,-0.007188652,0.17179687,0.17194721
24.409420342711783,35.02898555779556,73.23672,13824000.4737854,73.22427,-0.256839,-0.8606308,-0.16464537,1.138473,0.18507016,0.5466157,0.1438704,0.048921973,-0.02789031,0.22849625,0.039255697,0.2318438
24.3913043591697,35.05434799367564,86.750465,7257600.139045715,72.45743,2.236045e-06,-2.535063e-06,0.21960579,-2.4854896,-0.6820243,0.53807646,0.13830476,-0.13844788,-0.0939985,-0.121715575,-0.038990803,0.1278083
24.46739112421217,35.10507235145331,77.031204,16329599.49016571,73.59263,-0.0020863414,-0.019910434,0.2732376,1.1659955,-0.726484,0.10509389,-0.23694187,0.21162775,-0.11191449,0.13920157,-0.049589355,0.1477707
24.423912946628306,35.13405791039468,84.735344,0.0,72.786446,1.5227842e-05,1.8480769e-05,0.11018057,0.21442983,-0.09858872,0.6133453,-0.027060963,0.049400482,-0.25659224,0.11326556,-0.011996001,0.11389904
24.60144921950647,34.9456523441682,85.40489,2332799.8879909515,72.03627,-4.071037e-06,-5.506289e-06,0.023179673,-0.18509443,0.6502475,-0.03993044,-0.027760781,0.16179664,0.327562,-0.092823446,0.19976258,0.22027546
24.576087129988778,34.96376817111452,80.53768,4752000.025749207,71.898315,-0.00013663813,-6.1051454e-05,-0.18114653,0.55887216,0.5444471,0.041066606,0.47861853,0.04576718,0.0009014979,0.077389926,0.08615635,0.1158107
24.782608845879178,35.07246365433351,80.82854,15811200.185394287,72.66678,6.110163e-05,0.00036115528,-0.3457417,0.41361457,0.25917625,0.28303787,0.14252502,-0.040168352,0.15383238,0.0901019,0.04784302,0.1020162
24.2137679164399,35.101449394680465,78.1842,13305600.072097778,71.900116,-0.003465472,-0.0018918312,0.08382833,-1.0606385,-0.39199483,0.14056371,0.3725133,-0.3787416,0.17228806,-0.11478435,-0.024801685,0.117433265
24.351449221508126,35.36231895652174,77.53338,12009600.164794922,72.211555,0.0029144564,0.0055151307,0.13020119,1.306641,0.2708313,-0.56628615,0.11567642,0.18490392,0.04370032,0.16608053,0.017953202,0.16704808
24.409420342711783,35.02898555779556,73.23672,10022400.453186035,73.3143,0.66875625,0.9265617,-0.0407983,2.2395678,-0.28733563,0.20613164,0.05712168,0.1813122,-0.026535891,0.21973974,-0.011523367,0.22004168
24.15942034471344,35.02536261613985,84.04098,5443199.830055237,72.44845,-2.8413204e-05,1.826865e-05,-0.11988595,0.23291777,-0.39974058,0.16335027,-0.049348503,0.26835367,0.009370752,0.064856246,-0.06096782,0.08901353
24.3985509616347,35.079710263267266,82.39983,15811200.185394287,71.42252,-1.7802384e-05,3.2087653e-05,-0.07006703,1.4163187,-1.1234589,-0.17613333,0.14047226,0.04072539,-0.05126611,0.07865356,-0.050102748,0.09325593
24.481884276880134,35.21376834109622,79.042,13391999.773406982,72.36169,-0.002228635,-0.0019250736,0.11157417,1.6657109,0.010571465,-0.030630864,0.13528289,0.36691734,-0.037993677,0.101180054,0.009353631,0.10161148
24.49275373635028,35.04710138474188,79.64641,11145599.860954285,72.23704,0.0001954985,-0.0012114417,-0.16594607,2.088175,-0.2587806,-0.336768,-0.059920035,0.27719766,0.10186115,0.16429254,-0.036030516,0.16819702
24.626811465810288,35.05797113185407,83.9315,17798399.897003174,72.01592,2.1376434e-05,2.1621549e-05,-0.06527226,0.71075493,-1.0476823,0.0552687,0.013465922,0.2166388,-0.28815022,0.10120446,-0.122714065,0.15906315
24.576087129988778,34.96376817111452,80.53768,5184000.177669525,71.98839,0.00021872552,-0.00015144084,-0.17739728,0.7304124,0.4345501,0.031256087,0.528115,0.045264207,-0.016817395,0.10042727,0.07224902,0.12371563
24.351449221508126,35.36231895652174,77.53338,6134400.182819366,71.85103,-0.004382276,0.0059510157,0.14191146,3.36086,2.2208157,-0.20107368,-0.3866985,0.20279098,0.4440215,0.19892119,0.0814324,0.21494389
24.2137679164399,35.101449394680465,78.1842,7084800.187969208,72.10065,-0.0035644306,0.0035768375,-0.006841615,-1.2386974,-0.22695932,0.29322273,0.6145199,0.2637569,0.26604202,-0.18931744,-0.04774219,0.19524448
24.275362351941567,35.02173896397893,79.32639,5184000.177669525,72.20307,0.0004633349,0.0016161749,0.2711987,-0.7648818,-0.09418212,0.090864085,0.30191016,0.12119016,0.39347953,-0.11491372,-0.027667709,0.11819757
24.782608845879178,35.07246365433351,80.82854,8553600.046348572,73.31521,-0.00022552694,-0.0011018642,-0.2630632,2.5954428,-0.29533637,-0.15627447,0.39448726,0.051591247,0.17227116,0.21357742,-0.025421068,0.21508497
24.85869584610084,35.31159408476158,76.05999,10540799.757957458,75.96666,0.7859631,0.5941308,-0.44126028,2.4940045,-0.56718487,-0.103485845,0.28892115,0.119238116,0.3888168,0.21346936,0.0008548705,0.21347107
24.579710091518006,35.06884069756067,84.24473,15638399.68585968,72.0481,1.5570595e-05,1.724409e-08,-0.050487995,1.1553301,-0.8937856,0.052986827,-0.012666017,0.30758438,0.03097604,0.08357071,-0.07752728,0.11399361
24.525362323808892,35.01449270273921,80.76379,11059200.15964508,72.12037,1.4843986e-05,0.0003171741,0.017277434,2.0561073,-0.21346065,-0.24621099,0.20597932,0.402225,-0.06022512,0.1338801,-0.026738035,0.136524
24.62318819070881,35.09782625650204,81.14894,16934399.593162537,72.197685,-3.327906e-05,0.00012024994,-0.058748033,1.3801786,-1.0619501,-0.06291761,0.3039142,0.26770365,0.05626341,0.11515663,-0.08864973,0.14532661
24.619565229179578,35.18478278215484,82.255135,14342399.778556824,71.93582,5.284651e-05,-2.4178245e-05,-0.22658351,2.5274515,-0.44233906,-0.06392831,0.047849916,0.21463442,0.27430916,0.15497689,-0.028498758,0.15757543
24.271739312019278,35.0833337340226,74.97577,13564800.27294159,72.93929,-0.15856236,-0.15949804,-0.03205509,1.5960209,-0.42636985,0.10788328,0.43409833,-0.44291833,0.15392435,0.15158404,-0.009838998,0.15190302
24.373188532413735,34.85507217391305,83.68782,14256000.07724762,72.45374,1.1432578e-06,-3.250618e-05,-0.36187196,-0.75484204,-0.2802229,0.10664913,-0.01592867,-0.330435,0.12574261,-0.15688726,-0.07477449,0.17379539
24.782608845879178,35.07246365433351,80.82854,11750399.96395111,72.868904,-0.0005113142,0.0004146046,0.0754922,1.0657566,-0.111536145,-0.05989624,0.034909267,0.2181372,0.3274167,0.104461975,-0.002019662,0.1044815
24.40217392316393,35.07246365433351,77.73675,5529600.07982254,72.27803,0.007084995,0.0070697567,-0.27635694,0.6345951,0.5688917,0.02144852,0.21069235,-0.015789844,-0.05365683,0.13405316,0.12918913,0.18617217
24.202898613755877,35.17753635462667,82.22561,864000.0296115875,73.172264,-0.0002769934,9.1919224e-05,-0.15368587,-0.6340767,-0.17766044,0.096394956,0.60000914,0.41342312,0.4195973,-0.24886902,-0.11125462,0.2726048
24.32608705359737,35.05434782738719,80.59564,5529600.07982254,72.29101,-0.0005524877,4.287416e-05,0.22621782,-1.4779761,-0.04232748,0.24552041,0.28843316,0.22398564,0.19287509,-0.114217326,-0.021329409,0.11619183
24.576087129988778,34.96376817111452,80.53768,14687999.680709839,72.271324,0.00045241223,0.00028974455,-0.4432159,1.0546006,0.12716593,-0.02157773,0.21984464,0.15372485,-0.07026843,0.07352958,0.0124959685,0.074583836
24.49275373635028,34.95652190987481,78.13308,11491199.7631073,72.715096,-0.0009292792,0.001914833,-0.10788234,2.3257496,-0.5449565,-0.29006502,-0.16136,0.20989949,0.037568357,0.19736435,-0.006413842,0.19746853
24.068840433535758,35.17753635462667,82.62194,14947199.88155365,72.02622,-2.193054e-05,2.6189266e-05,0.09906678,-1.6487685,0.4960751,0.32410863,0.21287996,-0.19231927,0.05561596,-0.2224359,0.10620821,0.24649122
24.24275355543479,35.275361916886446,83.709785,16502399.989700317,71.675995,4.769693e-06,3.7984425e-06,-0.2616623,-1.3527395,0.65206265,0.118652284,0.18882345,-0.14049089,0.31255463,-0.1191228,0.04401371,0.1269939
24.5036234048686,34.94565269942081,84.86278,8121599.894428253,72.28737,-1.101493e-05,-2.1409285e-06,-0.020550016,-2.641465,0.52432644,0.489719,0.07824544,0.044256777,-0.00037433207,-0.15838656,0.025613824,0.16044429
24.373188349496587,35.09782609021359,73.044136,13132799.572563171,73.273155,-0.81208354,-0.39599475,0.030056283,2.0083406,0.094316155,0.27831653,-0.07618772,-0.13218603,0.025772162,0.11484942,0.015984673,0.115956455
24.503623143558386,34.916666955294566,80.479385,4406400.123596191,71.64468,0.00032714143,0.00025360324,-0.33776408,0.26975414,0.80261785,0.06733434,0.26101822,0.0375099,0.121024475,0.019607414,0.085734256,0.087947786
24.53985505838052,35.14492730981283,78.72631,18230399.500465393,73.17468,0.0066973083,0.0009501053,-0.014043741,1.0259724,-1.246317,0.422941,-0.16045105,0.060404178,0.13760868,0.11107146,-0.13638991,0.17589507
24.626811465810288,35.05797113185407,83.9315,11404800.061798096,72.06812,-1.7156239e-05,-1.4757732e-05,0.18718113,1.7796078,0.14768821,-0.18984559,0.04169288,0.32788813,0.04678963,0.12799099,0.010981864,0.12846126
24.35507260113369,35.04710138474188,76.478294,17366400.293540955,73.81612,-0.09064656,-0.09072928,-0.17756045,0.2715085,-0.48743087,-0.15199313,0.30542433,0.15323028,-0.107610695,0.10810946,-0.15067834,0.18544976
24.242753659958876,34.931159481553294,83.59315,3542400.093984604,72.474075,3.1232277e-05,4.4383996e-05,0.07120317,-0.6971809,-0.52826184,0.6045643,0.36546606,0.10445512,0.5735035,-0.16298306,-0.11327455,0.19848074
24.503623143558386,34.916666955294566,80.479385,10022400.453186035,72.15075,-1.9968744e-05,0.000548838,0.017354943,1.5324609,0.20018394,-0.39777282,-0.00048451126,-0.012292445,-0.10467013,0.1798615,-0.029811863,0.18231541
24.3913043591697,35.05434799367564,86.750465,12873600.46863556,72.098076,1.7969513e-06,8.6257677e-07,-0.0566995,0.077749416,-0.17912075,0.17810532,0.22739276,-0.01387319,0.16464378,0.008979736,-0.070228,0.070799775
24.47463793572534,35.15579704180788,74.131996,13564800.27294159,73.618324,0.3426193,-0.27906224,0.13673326,1.8627847,-0.17187531,0.18771046,-0.040817127,0.017495923,0.25375104,0.14281277,-0.018282361,0.14397824
24.528985389862203,35.079710263267266,73.800804,3628800.0695228577,73.36091,-0.63305575,-0.60022485,0.2919767,0.2213548,-0.34267586,0.06947845,0.77050936,0.043011945,0.47974917,0.07208195,-0.13827562,0.15593573
24.293478074173446,35.130434424522214,78.52256,8121599.894428253,71.93293,0.0014069715,0.0019345926,-0.044700764,1.8971698,-0.46944588,-0.032352813,0.31539068,0.21448573,0.2670464,0.14070512,-0.014261334,0.14142601
24.75362311542571,35.148550251468535,82.31272,2937599.9909877777,72.71799,0.00015828773,0.00017476894,-0.17923981,-0.13923655,0.896724,0.11522324,0.3009151,0.110555425,0.00020774454,-0.01934365,0.14258675,0.14389287
24.271739312019278,35.0833337340226,74.97577,10627199.459266663,72.47798,0.06394803,0.05178093,-0.124538414,1.9980793,-0.15841763,0.054641806,0.3428947,-0.13622779,0.15487501,0.18353778,-0.02345581,0.1850305
24.728260869121893,35.15579704180788,79.23173,5702400.030899048,73.32529,0.0031803735,0.002129768,-0.2806515,1.7699976,0.35415244,-0.0023520514,0.28874907,0.44633478,-0.06888949,0.17196195,0.021296918,0.17327571
24.340579657513896,35.072464168316,77.031204,6047999.933052063,72.210075,-0.012109817,-0.005944257,-0.25725633,0.99737424,0.45946783,0.013766684,0.36168903,0.15594727,-0.033073433,0.15203686,0.06670809,0.16602764
24.423912946628306,35.16304383214723,83.815254,12700799.969100952,71.496994,5.7560696e-06,-2.3072112e-06,-0.09396742,2.013326,0.08599792,-0.29558325,-0.012675434,0.5079484,0.055049773,0.1576883,0.016882155,0.15858944
24.134057993885538,35.130434787333385,80.741425,9676799.454116821,72.214226,-0.00034699586,0.00030219083,-0.07073685,-1.7914951,-0.30116665,0.43064973,0.27743125,-0.044666454,0.05514977,-0.2324486,-0.032462936,0.23470448
24.731884091961334,34.88405773852335,82.62194,11231999.562263489,72.5141,9.848682e-05,8.903759e-05,-0.44874388,2.1406944,0.02578954,0.08171632,0.55885977,-0.014145695,0.048720807,0.19603778,-0.008130932,0.19620633
24.24275355543479,35.275361916886446,83.709785,8639999.747657776,72.238045,-9.964029e-06,8.9934065e-06,-0.51092464,4.3408012,1.8453187,-0.6026562,-0.3373681,-0.07306843,0.0065253153,0.22201064,0.14781444,0.26671675
24.53985505838052,35.14492730981283,78.72631,8639999.747657776,72.71977,0.00044008697,0.002470145,-0.35145074,2.4551153,-0.13181004,-0.15975544,0.00066661835,0.018459886,0.22623068,0.19021164,0.01293748,0.1906511
24.55434784521419,35.039855304907746,78.730316,15897599.886703491,72.91856,0.0047259023,0.0037215871,-0.24875228,1.2985661,-0.6808563,0.17466906,0.21219262,0.1067819,0.17276868,0.10727058,-0.05377118,0.119992994
24.731884091961334,34.88405773852335,82.62194,16416000.288391113,72.88149,-5.0756018e-05,-0.00015112455,0.11813508,0.11399544,-0.9727263,0.038279418,0.013301458,0.23917702,-0.44751787,-0.021617629,-0.16227515,0.16370873
24.518115930392057,35.170290078269815,76.7112,4147199.9227523804,72.88486,-0.02302003,-0.027841264,-0.08010729,0.27811378,0.6022193,-0.43636417,0.16243422,0.030069847,-0.1525909,0.07848082,0.12200645,0.1450683
24.60144921950647,34.9456523441682,85.40489,2678400.0643730164,72.04174,-5.165123e-06,-4.541975e-06,0.0002957061,-0.14239709,0.5791284,-0.06059646,0.010407545,0.19241518,0.3198451,-0.075910866,0.18720968,0.20201465
24.528985389862203,35.079710263267266,73.800804,12960000.169944763,73.72794,-0.5912994,-0.4728235,-0.102518216,0.85468745,0.63188726,0.22155562,-0.2812089,0.12938912,0.21710038,0.092164226,0.075410195,0.11908376
24.068840433535758,35.050724689208764,75.1399,1814400.0347614288,71.70142,-0.030398566,-0.024353487,-0.6111183,-0.89131284,2.592195,-0.120408185,-0.013228178,0.36951953,-0.099583544,-0.010984094,0.13195185,0.13240825
24.49275373635028,34.95652190987481,78.13308,6307200.133895874,72.50599,0.005025102,0.0045108814,0.04363329,1.0759623,-0.19560508,0.067669965,-0.02830661,-0.17337537,-0.092876785,0.23478235,-0.024597539,0.23606734
24.43478251062254,35.050724689208764,81.254395,5443199.830055237,72.0823,6.648372e-06,0.00023938433,0.17684944,-0.7030922,0.13534239,0.17480543,0.031612698,0.13124067,-0.029604562,-0.11773477,0.03304609,0.122284584
24.40217392316393,35.07246365433351,77.73675,9071999.899578094,72.40773,0.0003194339,-0.0042361217,-0.21411167,1.9875365,-0.19170249,-0.2878555,-0.08956557,0.111111745,0.3394287,0.16742794,-0.024830528,0.16925918
24.06159400092239,35.235507653915,77.223785,18316800.298690796,73.56258,0.032914653,0.009751814,-0.21374303,-1.7919917,1.3822261,-0.1939882,-0.4597932,-0.01450482,-0.18956748,-0.14865014,0.20201895,0.2508157
24.471014503837736,35.137681214861566,84.09494,14515200.27809143,71.53909,6.0689404e-06,6.725383e-06,-0.12961164,1.9875022,-0.5120384,-0.25609592,0.037791785,0.43395108,0.2259349,0.12239773,-0.028420003,0.1256539
24.3913043591697,35.05434799367564,86.750465,10108800.15449524,72.24597,-1.2494455e-06,-1.2482716e-06,0.11643678,-1.5790954,-0.3764012,0.2790013,0.41840896,-0.050414786,-0.11381332,-0.10519624,-0.03750956,0.111683555
24.514492864338745,35.152173737341,77.98083,5529600.07982254,72.70791,0.00017940476,-0.00536201,-0.19998488,0.35903978,0.66664284,-0.28160915,0.058872156,-0.09150625,-0.15680626,0.08244047,0.117223725,0.14331028
24.235507135886934,35.09782643790763,86.62735,4665599.775981903,72.262375,-2.094666e-06,-8.401778e-07,-0.5536298,1.0050886,-0.6409717,0.019686628,0.13991079,0.27239865,-0.4433479,0.22969286,-0.158682,0.2791752
24.134057993885538,35.130434787333385,80.741425,15206400.082397461,71.69544,-0.00020523986,-0.00018433144,-0.08490831,-2.6338103,1.2930089,0.15058887,0.17212906,-0.13317719,0.1548257,-0.18020989,0.12251586,0.21791223
24.423912946628306,35.13405791039468,84.735344,7171199.889278412,72.18833,-4.094991e-06,3.8022367e-06,-0.12684259,1.7880025,-0.060417935,0.39217588,0.160757,-0.059272803,0.025307989,0.19572735,-0.004286677,0.19577429
24.471014503837736,35.137681214861566,84.09494,12960000.169944763,71.69954,2.9959758e-06,-9.023009e-06,-0.11009473,2.1560268,0.04575908,-0.34530377,-0.056193568,0.49358672,0.110098615,0.16396925,-0.019694032,0.16514772
24.521739153231497,35.18115965909355,80.50853,13564800.27294159,71.95032,-0.00011241324,0.0002337845,-0.109911546,1.6601001,0.12450777,0.0017934367,0.09736696,0.395253,0.008068278,0.1952642,0.03753629,0.19883934
24.46739112421217,35.10507235145331,77.031204,432000.01480579376,72.38439,-0.014935156,-0.008126784,-0.07048664,-1.8435037,1.1608715,-0.005118057,0.41666824,0.122418076,0.13818926,-0.22867881,0.10713527,0.2525311
24.3985509616347,35.079710263267266,82.39983,10886399.660110474,71.63907,-2.2911034e-05,4.88397e-05,0.009478882,0.5729997,-0.52429384,0.1911499,0.118844874,0.38954985,-0.05776877,0.099437475,-0.09767684,0.13938643
24.52536253285706,35.05797113185407,79.99595,15724800.484085083,72.3786,0.000833056,-0.0009811405,-0.3611458,2.1625555,-0.67598504,0.11119173,0.123666,0.11243659,0.054653633,0.15681922,-0.029655078,0.15959853
24.728260869121893,35.15579704180788,79.23173,6998399.938201904,73.314285,-0.0008936031,0.0007896614,-0.2423994,2.094754,-0.03988318,0.03227908,0.43143344,0.39875564,-0.08724115,0.16980712,-0.050540973,0.17716898
24.003623304347823,35.192029209683014,80.788605,8121599.894428253,72.50476,0.00014674426,-7.3401316e-05,0.068464935,-3.376507,-0.5793526,0.443944,0.44396383,-0.15759292,0.099618025,-0.1305471,-0.0538779,0.1412281
24.3985509616347,35.079710263267266,82.39983,10368000.35533905,71.73766,-6.9962216e-06,5.8098998e-05,0.038005695,0.404735,-0.58844745,0.22906259,0.12464455,0.37123865,-0.06753218,0.07006114,-0.09953744,0.12172208
24.3913043591697,35.05434799367564,86.750465,13132799.572563171,72.08082,1.3337611e-06,1.2342953e-06,-0.061555535,0.19217598,-0.2063827,0.18323594,0.18791974,-0.028581858,0.1929071,0.043170065,-0.07830366,0.08941542
24.24275355543479,35.275361916886446,83.709785,5356800.128746033,72.307846,-3.2882526e-05,1.09497905e-05,-0.46679246,0.2915469,1.6141614,-0.09355477,-0.18915096,-0.20534492,0.054764457,0.033642065,0.18124098,0.18433686
24.15217408195171,35.09782609021359,90.079155,17625600.494384766,72.61527,3.1479555e-08,-2.7325031e-09,0.64417297,-1.3358501,0.11414844,0.31971905,0.030284211,0.28828257,0.17428151,-0.21275817,0.02636327,0.21438532
24.514492864338745,35.152173737341,77.98083,3110399.9420642853,72.60619,0.0045230114,0.0077361492,-0.22723244,-0.35457975,1.4017547,-0.3826949,-0.098265596,-0.09692105,-0.2729925,-0.012125893,0.1439598,0.14446959
24.521739153231497,35.18115965909355,80.50853,2332799.8879909515,73.057526,0.0011591575,-0.0007548278,-0.40131593,-0.8512081,1.3437059,-0.02074951,-0.37261507,-0.03469625,-0.17036232,-0.10053035,0.17239165,0.1995626
24.358695745580064,35.14492749121842,79.46463,9071999.899578094,71.9996,0.0011472909,-0.00012195829,-0.13450724,3.2582097,-0.38827032,-0.25055692,-0.25562564,0.07479973,0.25299007,0.11787056,0.004637104,0.117961735
24.16304339770124,35.14130418675153,77.183464,8467199.796581268,72.0033,0.0032243344,0.0022612615,0.065070555,-1.7446071,-0.69712186,0.44548774,0.5269312,0.114863664,-0.004212085,-0.23108712,-0.044218726,0.23527974
24.525362323808892,35.01449270273921,80.76379,2764800.03991127,72.008995,0.00012408126,4.376566e-05,-0.06230927,-0.53069246,0.8964228,0.027589869,0.04175725,0.050361946,0.15384136,-0.056060296,0.10059238,0.11515895
24.351449221508126,35.36231895652174,77.53338,15897599.886703491,72.39011,0.009449833,0.004936534,0.22677414,1.0312498,-0.53808486,-0.53897893,-0.44083142,0.09657549,0.03659186,0.10292452,-0.064618826,0.12152798
24.373188532413735,34.85507217391305,83.68782,14083199.577713013,72.44691,1.95952e-05,-3.512331e-05,-0.35741615,-0.85105896,-0.2391343,0.11373777,-0.018614396,-0.34590206,0.10489251,-0.15918879,-0.06199003,0.17083277
24.003623304347823,35.192029209683014,80.788605,13046399.871253967,71.84627,-0.000315714,-0.00029228945,0.42539734,-1.8184686,-0.17281699,0.33447146,0.41810536,-0.32601345,-0.25127587,-0.12972498,0.0057162573,0.12985086
24.51086948471318,35.141304337922854,75.965324,5184000.177669525,73.01142,0.04465276,0.054699123,-0.023611326,0.14255962,0.10478331,-0.3185274,0.4412158,0.04315959,0.034835856,0.09987244,0.07778291,0.12658864
24.51086948471318,35.141304337922854,75.965324,6998399.938201904,73.18351,-0.08142263,-0.06337136,-0.3323462,1.1769056,-0.029280975,-0.30224973,0.4343821,-0.050327398,0.28053823,0.16133122,0.014552459,0.16198622
24.75362311542571,35.148550251468535,82.31272,11750399.96395111,72.48808,-1.6717506e-05,0.00012587865,-0.2094144,1.9473398,-0.3949507,-0.045914248,-0.03614386,0.08965687,0.51045805,0.13155663,-0.04063649,0.13768977
24.62318819070881,35.09782625650204,81.14894,17625600.494384766,72.18295,-0.00011727523,0.00030533128,0.045038797,1.2626982,-1.4085449,-0.035577603,0.35175434,0.20979646,-0.027414478,0.11638516,-0.14931153,0.18931307
24.525362323808892,35.01449270273921,80.76379,15551999.984550476,72.16369,-0.00042930752,1.3890233e-05,-0.31692535,1.1284317,-0.63803357,0.14066967,0.33671597,0.10243507,-0.19802126,0.08264881,-0.06994835,0.10827557
24.2137679164399,35.101449394680465,78.1842,5875199.981975555,72.25557,-0.0043804175,-0.0033527394,-0.19920772,-1.0332849,-0.0050042784,0.29606244,0.5537051,0.18106298,0.18685955,-0.18870611,0.013802104,0.18921019
24.423912946628306,35.13405791039468,84.735344,11404800.061798096,71.81035,5.530745e-06,5.203775e-06,-0.08037093,2.2280593,-0.06969562,-0.32644227,0.05345845,0.40159932,0.114593916,0.18157567,-0.010951646,0.18190564
24.731883987437246,34.999999998854186,80.17734,17366400.293540955,73.13147,-0.00016495395,-0.001242791,-0.27828032,0.5030019,-0.4728139,-0.1616267,0.26314712,0.049194373,0.060348775,0.09317039,-0.09842023,0.13552588
24.32608705359737,35.05434782738719,80.59564,14428799.479866028,71.51672,-6.364797e-05,-0.00018606073,-0.4862005,0.7431729,-0.62375855,0.15009546,0.16956827,-0.1381455,-0.099546336,0.17163913,-0.12390023,0.2116867
24.141304256647267,35.05072417522627,80.839714,11145599.860954285,72.04975,-0.00035788197,8.4583895e-05,-0.16332792,-2.6915233,-0.26301816,0.2673607,0.20627084,-0.34071073,-0.035769917,-0.1274739,-0.033347227,0.13176356
24.442029139218562,35.043478080275,76.86345,17539199.696159363,73.9202,0.06781274,0.068237476,0.23656286,0.15998417,-0.8478298,-0.048467718,0.057631597,0.35574806,-0.07623951,0.035255224,-0.13249397,0.13710427
24.518115930392057,35.170290078269815,76.7112,13824000.4737854,73.30578,-0.044360958,-0.04640574,0.03134214,1.9053956,-0.18855007,0.01909424,0.07130243,0.26960263,0.23118865,0.12213527,-0.015230081,0.123081185
24.293478074173446,35.130434424522214,78.52256,13737599.675559998,71.88044,-0.002258556,0.0014061228,0.11460903,0.4220531,-0.0021108612,-0.06557179,0.04673961,-0.29203093,0.2688928,0.16057782,0.062352475,0.17225872
24.068840433535758,35.17753635462667,82.62194,12009600.164794922,71.57825,-4.6178702e-05,2.2696624e-05,-0.24267167,-0.06440236,0.15475449,0.20947525,0.2907046,-0.117881455,-0.01178731,-0.022404283,0.061569963,0.06551956
24.264492787947336,35.06521739309379,75.914215,14947199.88155365,73.0403,-0.04242882,-0.014428437,-0.2090492,1.2579654,-0.734984,0.12809774,0.66790885,-0.37741312,0.06331059,0.15595776,-0.037395075,0.16037835
24.24275355543479,35.275361916886446,83.709785,5097599.927902222,72.368256,-3.4577235e-05,-1.4441492e-05,-0.4486518,0.026365712,1.4908059,-0.057917066,-0.1455855,-0.2016446,0.06752573,0.0070934435,0.19534677,0.19547552
24.62318819070881,35.09782625650204,81.14894,1209599.9317646027,72.38906,-0.00015375526,-2.057609e-05,-0.097120464,-1.3850113,0.95203435,-0.01256603,-0.120332874,-0.07323233,-0.102727406,-0.15177523,0.13627343,0.2039759
24.16304339770124,35.14130418675153,77.183464,15551999.984550476,72.68307,0.017225394,0.017244607,0.18319447,-0.58102316,0.1421718,0.05523774,0.3372877,0.026061617,-0.04522848,-0.10462389,0.043789696,0.11341824
24.134057993885538,35.130434787333385,80.741425,9849599.953651428,72.1932,-0.00030956522,0.00042057416,-0.06393695,-1.7971153,-0.3001935,0.42146534,0.262518,-0.06478254,0.053335156,-0.22170833,-0.028566616,0.22354113
24.503623143558386,34.916666955294566,80.479385,10108800.15449524,72.14628,-4.9745825e-07,0.00054624816,0.020029262,1.5187739,0.18778814,-0.39954314,0.00010666996,-0.0054850653,-0.11243195,0.18049064,-0.030517738,0.18305247
24.51086948471318,35.141304337922854,75.965324,3542400.093984604,72.64732,0.035943512,0.0444418,0.026883505,-0.13463987,0.35289377,-0.23169109,0.3844802,0.07484834,-0.010148011,-0.07660626,0.18468551,0.19994314
24.60144921950647,34.9456523441682,85.40489,4924799.976825714,71.99603,2.8181933e-06,-5.341771e-06,-0.09954902,-0.67240083,0.24215092,-0.03759338,-0.045054384,0.37638143,0.2676982,-0.17914587,0.0791796,0.19586386
24.49275373635028,35.04710138474188,79.64641,3023999.9665260315,71.96714,0.00034697776,2.4503743e-05,-0.16960678,-0.46761668,1.0094295,-0.018195942,0.103832364,-0.0027070418,-0.11538253,-0.030636419,0.14045848,0.14376083
24.586956589458925,35.03623181903528,81.050644,13910400.175094604,72.10917,-0.0003013541,0.00027781483,-0.411389,1.9804733,0.119435534,-0.06800125,0.16999581,0.43191805,0.14763817,0.17776546,0.018174458,0.1786921
24.782608845879178,35.07246365433351,80.82854,16329599.49016571,72.68188,-0.00048629323,-0.00025895075,-0.35495055,0.49288988,0.12948424,0.23427686,0.14592627,-0.012349583,0.09391054,0.11989644,0.023699513,0.1222163
24.373188349496587,35.09782609021359,73.044136,6739199.737358093,73.16186,-0.87419754,-0.89428955,-0.23849043,1.8674241,0.19238396,0.13499114,0.021404348,-0.32857227,0.06354996,0.14387946,0.01968167,0.14521937
24.409420264318722,35.137681214861566,85.684586,9590399.752807617,72.12879,2.8809561e-06,-3.97202e-06,-0.1487081,2.7124462,-0.2884416,-0.32012862,0.1647135,0.20224047,0.08407499,0.15853956,0.0025564535,0.15856017
24.655797039477626,35.09782643790763,82.953125,5356800.128746033,72.47975,-7.281063e-05,-1.750548e-06,-0.24016693,0.18892345,0.95496553,-0.019590303,-0.13884494,-0.11434149,-0.10799236,0.08660171,0.15590966,0.17834707
24.33695651306752,35.26449269887389,75.24537,11231999.562263489,72.30117,0.05852424,0.06991589,0.1767392,2.4366822,0.45719045,0.03700728,-0.33526447,0.35646656,0.22396103,0.1762409,0.019474003,0.17731355
24.528985389862203,35.079710263267266,73.800804,16156800.087547302,73.809586,0.9822676,0.41088673,0.19923244,-0.2299745,0.22422639,0.30346107,-0.207977,0.15224142,0.04067825,-0.1002105,0.10705974,0.1466422
24.782608845879178,35.07246365433351,80.82854,7689599.742507935,73.24044,0.0010173,0.0006434894,-0.41920978,2.6686368,-0.025906974,-0.07998695,0.43702304,-0.04698144,0.10680258,0.23049586,0.02541229,0.23189248
24.16304339770124,35.14130418675153,77.183464,7689599.742507935,72.1023,-0.0073672114,0.008131403,-0.12752636,-1.4639618,-0.7045055,0.42895404,0.5968615,0.13392049,-0.054777928,-0.21865976,-0.10314434,0.2417661
24.17028990870767,35.119565206509655,75.23819,2505600.113296509,72.66852,0.0577223,0.081598565,-0.6167998,0.022064835,1.2488062,-0.20403436,0.017057791,0.04320763,-0.051344752,0.020777373,0.18128528,0.18247205
24.75362311542571,35.148550251468535,82.31272,10540799.757957458,72.50051,-0.00012036519,0.0001140155,-0.20893814,2.0740843,-0.78392184,-0.05778364,0.08659451,0.14690009,0.35774812,0.16110285,-0.057726435,0.17113289
24.235507135886934,35.09782643790763,86.62735,3283199.893140793,72.21451,-2.2648398e-06,3.8814557e-07,-0.45193,0.71721244,-0.98303056,-0.069617935,0.15892324,0.22731149,-0.51754403,0.19032745,-0.22420102,0.2940929
24.32608705359737,35.05434782738719,80.59564,7603200.0411987305,72.11177,0.00028790176,0.0002790108,0.24680372,-2.5233414,-0.52440673,0.36643913,0.13611555,0.22114989,0.2767322,-0.0670563,-0.033945672,0.07515887
24.409420342711783,35.02898555779556,73.23672,9331199.551963806,73.2776,-0.8555463,-0.91253424,-0.060031366,2.024835,-0.21904634,0.18342835,0.027770974,0.1097403,0.012588281,0.24263416,3.1154243e-05,0.24263416
24.60144921950647,34.9456523441682,85.40489,13391999.773406982,72.49472,-1.124877e-06,6.2675313e-06,0.07154679,-1.2100416,-0.17207511,0.57682216,0.048783105,-0.2033276,-0.31537232,-0.20752501,-0.04947421,0.21334088
24.60144921950647,34.9456523441682,85.40489,9417600.350189209,72.23363,4.0409877e-06,1.0820808e-06,0.11558564,-2.6812148,0.1787938,0.574132,0.31887305,0.11339078,0.20074847,-0.14454676,0.055805627,0.15494525
24.17028990870767,35.119565206509655,75.23819,10108800.15449524,72.14894,-0.06158467,-0.055508107,0.07970461,-1.0300207,-0.26097763,0.28437555,0.38673976,-0.06322112,0.022104794,-0.264409,-0.11922306,0.29004526
24.55434784521419,35.039855304907746,78.730316,10022400.453186035,72.76372,-0.0014073988,0.003710816,-0.1589725,2.827513,-0.40509194,-0.38393515,-0.012893721,0.28092733,0.27945316,0.1812992,-0.020293854,0.18243147
24.655797039477626,35.09782643790763,82.953125,1900800.0102996826,72.53834,8.9627105e-07,6.832373e-05,0.11709337,-0.5616626,0.6783361,0.12568098,-0.13519976,-0.058070235,0.058411077,-0.12510592,0.14458422,0.19119646
24.373188532413735,34.85507217391305,83.68782,6998399.938201904,72.34877,3.634746e-05,-7.028838e-06,-0.19671482,-1.1753776,0.56137526,0.5708399,0.3203748,-0.2617311,0.034559827,-0.100503385,0.080844544,0.1289836
24.278985653174068,35.159420527680346,80.15937,8639999.747657776,71.86656,-0.00041870467,0.000561355,-0.16823393,2.8562055,-0.4089663,0.009019397,0.0035480708,0.17587996,0.16803831,0.049004205,-0.010413611,0.050098456
24.3985509616347,35.079710263267266,82.39983,1555199.9710321426,72.8475,-0.00015319645,0.00010886728,0.11180347,-0.83300424,1.0160823,0.0683491,-0.40467778,0.058093537,-0.012128528,-0.10395216,0.17169583,0.2007125
24.51086948471318,35.141304337922854,75.965324,7775999.992275238,73.21055,-0.04838721,-0.032539133,-0.50445753,2.1080902,-0.17394845,-0.27616587,0.39792365,-0.014432922,0.4113625,0.20112276,0.016161842,0.20177108
24.358695745580064,35.14492749121842,79.46463,12355200.066947937,71.8245,0.0009878611,-0.000326831,0.10152516,1.4904051,0.21373795,-0.1488894,-0.16919857,0.008670162,0.20008132,0.12802084,0.025376404,0.13051167
24.481884276880134,35.21376834109622,79.042,13824000.4737854,72.38244,-0.0024702486,-0.0009206974,0.1062168,1.5880164,-0.06402424,-0.027211696,0.12830316,0.38692006,-0.05377323,0.10249913,0.007977648,0.102809116
24.2137679164399,35.101449394680465,78.1842,9504000.051498413,71.949234,-0.0029920826,0.00079302915,0.28649372,-1.354601,-0.5126255,0.21012941,0.43699023,0.057670955,0.35336244,-0.16362321,-0.07219839,0.17884396
24.55072462237475,35.07608730649443,88.70044,12268800.365638733,72.29268,-3.774034e-07,3.649933e-08,-0.15665677,0.31585783,0.55151707,-0.45958728,-0.16502646,0.04332111,0.549205,0.1431004,0.17669843,0.22737648
24.49275373635028,35.04710138474188,79.64641,15724800.484085083,72.39823,0.0009091958,-0.0010968134,-0.35930324,1.8620331,-0.76464707,0.15503785,0.13573101,0.039860427,-0.03648991,0.14776425,-0.045812007,0.15470298
24.423912946628306,35.16304383214723,83.815254,4752000.025749207,72.413124,2.031327e-05,-2.0592692e-05,-0.22396547,1.6674355,-0.5930339,0.37338588,0.33253118,-0.015345745,-0.024315208,0.1324625,-0.039574984,0.13824794
24.409420185925658,35.126811301460926,78.58091,10454400.056648254,72.174126,-0.0031021654,-0.0028814853,-0.10045085,2.7643576,-0.2604556,-0.38540405,-0.19253704,-0.022071935,0.34066707,0.16020194,-0.021983128,0.16170318
24.782608845879178,35.07246365433351,80.82854,10281599.557113647,73.105446,-0.00056777435,0.00090258394,0.029028617,1.7506869,-0.6176884,-0.1765987,0.20217687,0.24721643,0.29083687,0.12466835,-0.047336303,0.13335262
24.409420342711783,35.02898555779556,73.23672,15292799.783706665,73.20059,0.9408139,0.843255,-0.1697668,0.24274035,0.26820773,0.57695377,0.22146794,-0.0044341907,-0.007143654,0.13416395,0.10508592,0.17042011
24.152173912100075,34.942029039701325,85.189964,16243199.788856506,72.03921,2.4286933e-06,6.295853e-06,-0.13581657,-2.0534604,0.9916674,0.23316932,0.40835083,0.3309482,0.51239777,-0.09618132,0.056244925,0.11141965
24.481884276880134,35.21376834109622,79.042,14342399.778556824,72.410126,-0.0025180716,-5.611838e-06,0.10173689,1.4048502,-0.16704097,-0.008692153,0.11229801,0.39817128,-0.07421325,0.10010602,0.007361627,0.10037634
24.171296292717127,35.10648163098043,78.049835,950400.0051498413,73.44896,0.0010007832,0.0021954312,-0.09883339,-1.2900007,1.8204615,-0.06254048,0.17341363,0.46454647,0.24937445,-0.21468829,0.2560479,0.33414307
24.32608705359737,35.05434782738719,80.59564,13391999.773406982,71.52695,0.00014958666,-0.0002632782,-0.3917954,0.28291172,-0.59845036,0.21423846,0.15750653,-0.09906549,-0.094082735,0.06901517,-0.104712635,0.12541065
24.677536062942007,35.07971042955572,84.775665,17107200.092697144,72.037155,8.985476e-06,4.856648e-06,-0.32170427,0.5777075,-0.8064549,0.2145766,-0.006511338,0.24672544,-0.093122326,0.055441562,-0.117768615,0.1301661
24.47463793572534,35.15579704180788,74.131996,1036799.9806880951,72.350235,-0.17174354,-0.1016441,-0.057599045,-1.1994286,0.3211484,0.5122608,0.8102851,0.15236557,0.23611492,-0.27797893,0.013239052,0.278294
24.619565229179578,35.18478278215484,82.255135,7257600.139045715,72.43668,5.206219e-05,0.000111230635,0.06149739,3.3970487,-0.14066312,0.17723872,-0.1189569,-0.050292365,-0.033213943,0.19903061,-0.016415918,0.19970645
24.373188532413735,34.85507217391305,83.68782,17539199.696159363,71.18834,-1.2701244e-05,5.099567e-06,-0.113915995,0.08881712,-0.7695201,-0.08572044,-0.01720962,-0.03294172,0.28266507,0.023380531,-0.22890207,0.23009305
24.655797039477626,35.09782643790763,82.953125,17539199.696159363,71.85766,-3.6415982e-05,4.3992924e-05,-0.045330115,0.54291207,-1.4093263,0.04229099,0.2527721,0.2690184,-0.22451228,0.058498338,-0.20709321,0.21519677
24.731884091961334,34.88405773852335,82.62194,7084800.187969208,72.15257,6.792613e-05,-7.9347345e-05,-0.25000113,1.5449694,-0.16532542,0.17897886,0.32365397,0.46533868,0.31918165,0.2547668,0.0008718212,0.25476828
24.40217392316393,35.07246365433351,77.73675,604799.9658823013,72.66042,-0.009991026,-0.010163693,0.03957936,-2.1742148,1.3129126,0.05808828,0.37420094,0.16488451,-0.10815921,-0.24428906,0.13389534,0.27857694
24.62318819070881,35.09782625650204,81.14894,1382400.019955635,72.38357,-7.61277e-05,6.0637565e-05,-0.10506472,-1.2336552,0.9151032,-0.0013353154,-0.124679334,-0.06796483,-0.11345274,-0.153966,0.13560607,0.20516951
24.264492787947336,35.06521739309379,75.914215,16243199.788856506,73.37394,0.01580508,0.09838643,-0.27238905,1.2545108,-0.8376448,0.055764075,0.6206014,-0.22032535,0.06046316,0.14613786,-0.032030083,0.14960682
24.800724541980035,35.0326085145684,80.91604,5529600.07982254,72.99829,0.00050010806,-0.0005659722,-0.48391974,0.9529175,0.72034335,0.28287166,0.28247356,-0.34308985,-0.01283174,0.07704174,0.050505467,0.092120744
24.800724541980035,35.0326085145684,80.91604,8208000.144195557,73.377075,0.0011186496,-0.0008402788,-0.2270494,2.6469717,-0.27442843,-0.023870155,0.40880302,-0.15724957,0.24015105,0.19083975,-0.042188693,0.19544743
24.52536253285706,35.05797113185407,79.99595,7343999.840354919,72.34752,0.00016407653,-0.00074821035,-0.14763528,1.8628327,-0.11128025,-0.06735391,0.019042388,0.025034823,-0.09297568,0.19226061,-0.025182167,0.19390276
24.49275373635028,34.95652190987481,78.13308,259199.99517202377,71.91271,-0.0035350863,-0.0029545561,0.014467366,-0.5187943,0.51917446,0.07003348,-0.18529508,0.12035209,0.15621643,-0.12938258,0.07954045,0.15187672
24.17028990870767,35.119565206509655,75.23819,14687999.680709839,72.787834,0.07663183,-0.0021690798,0.16237003,0.99528664,-0.24486354,-0.033299774,0.3293791,0.06681352,-0.016356073,0.18064651,-0.016186811,0.18137027
24.16304339770124,35.14130418675153,77.183464,11923200.463485718,72.19698,0.006476958,0.010229517,0.33562768,-1.6354119,-0.42760986,0.31957102,0.2109133,-0.23752001,0.19370899,-0.06657938,-0.03625088,0.07580858
24.72463775080654,35.097825908808005,83.506035,11059200.15964508,72.378815,1.8821795e-05,2.6273074e-05,-0.100063235,2.3376973,-0.22607526,-0.28767467,-0.15840515,0.15783156,0.30172354,0.14002226,0.019469533,0.14136937
24.06159400092239,35.235507653915,77.223785,4924799.976825714,72.28679,-0.009651869,0.005214039,-0.5810653,-1.7807696,-0.98178935,0.47801358,0.2998899,0.05883709,0.09118764,-0.11128914,-0.04798234,0.12119232
24.731883987437246,34.999999998854186,80.17734,17279999.49531555,73.111404,0.0004027735,-0.00089290395,-0.29132932,0.50162524,-0.44626582,-0.1572743,0.26954955,0.04732898,0.06067685,0.09036012,-0.09492807,0.13105834
24.85869584610084,35.31159408476158,76.05999,16847999.891853333,75.98015,0.91889405,0.8691231,-0.27031654,-1.3212972,0.21091431,0.22617379,0.10633375,0.20683151,-0.12691554,-0.24937406,0.064733185,0.2576389
24.503623143558386,34.916666955294566,80.479385,13132799.572563171,71.99088,-0.00044384564,0.0004574158,-0.31733125,1.021346,0.3739416,-0.18177658,-0.13071188,-0.02732671,-0.2594061,0.15288684,0.017107507,0.15384099
24.507246418659868,35.018115659512056,74.98295,8121599.894428253,73.76419,0.32811,0.31649664,-0.1797877,1.7861933,-0.23665668,0.044891357,0.039475106,-0.07829102,0.1837967,0.2601051,-0.061766632,0.2673383
24.409420185925658,35.126811301460926,78.58091,17539199.696159363,72.60171,-0.0036691695,-0.0044352077,-0.056727163,0.8215092,-0.43792462,0.18187582,0.0016000494,0.11438453,0.13387078,0.23523983,-0.09581882,0.25400597
24.286231733018653,35.16304365074164,82.86601,12614400.267791748,71.18329,1.3116924e-06,-2.3986344e-05,-0.25336963,2.293981,0.17120638,-0.09943656,-0.012633629,0.27718997,0.19128335,0.1378753,0.014407914,0.13862607
24.800724541980035,35.0326085145684,80.91604,15379199.48501587,72.5679,0.00043477767,0.00036918113,-0.22085074,0.54422086,0.23768549,0.24222037,0.25205085,-0.1880059,0.14094412,0.10730353,0.024390949,0.11004075
24.572463802625258,35.028985391507106,77.31845,2592000.0888347626,71.933235,0.007359569,0.0052705277,-0.14920743,-0.08272211,0.35645604,0.28827235,0.3056684,0.10800357,-0.021486327,-0.045873042,0.12124933,0.12963694
24.655797039477626,35.09782643790763,82.953125,3628800.0695228577,72.50665,6.2485697e-06,-1.6216352e-05,-0.08271333,-0.05569525,1.0937659,0.09505592,-0.22613725,-0.066114075,0.03733056,0.0011475676,0.19148226,0.1914857
24.24275355543479,35.275361916886446,83.709785,13824000.4737854,70.85855,7.837975e-06,-3.7164891e-06,0.11011726,-0.30215347,0.32394683,-0.10984086,0.058259413,0.12099694,0.37115735,-0.09736123,0.07393458,0.12225192
24.471014503837736,35.137681214861566,84.09494,6480000.084972382,72.3765,-1.6938362e-05,2.3600393e-05,0.074891195,1.6486797,-0.010672991,0.46245477,0.092186585,-0.1843352,-0.013140243,0.11724464,-0.006981194,0.1174523
24.608695560661264,35.210145036629335,80.071884,17452799.99485016,72.19891,-0.0004916728,-0.00080360065,0.0201578,1.056979,-1.0022819,0.100229606,0.18671948,0.13885295,0.31006837,0.11745273,-0.09452509,0.15076518
24.264492787947336,35.06521739309379,75.914215,10454400.056648254,72.22537,-0.035970166,-0.030924913,-0.17227367,1.3528044,-0.15634789,0.087305,0.36459988,-0.1664288,0.2573875,0.13909678,-0.0055606584,0.13920788
24.880434869565217,35.11594208344836,73.60822,7516799.791431427,73.64558,0.3812238,0.57764536,0.28368032,-2.1560094,-0.103575565,0.46951628,0.10193803,0.112611175,-0.33139166,-0.15823145,0.0016138931,0.15823968
24.40579722439643,35.07608730649443,81.130585,950400.0051498413,72.94676,-0.0005279995,-0.00043821984,-0.006171234,-1.795702,1.477699,-0.011598781,-0.256653,0.010300338,-0.0987931,-0.13663764,0.16116302,0.21128976
24.373188349496587,35.09782609021359,73.044136,5356800.128746033,73.08429,0.9297569,0.88030154,-0.22894223,0.8744961,0.24846505,0.22430667,0.14447507,-0.4209831,0.06969398,0.035985254,0.014531677,0.03880861
24.373188532413735,34.85507217391305,83.68782,11836799.665260315,72.25308,-3.254993e-05,2.0973768e-05,-0.1945957,-2.2879243,0.2612059,0.15874048,0.020862773,-0.39109394,-0.23476115,-0.17398477,0.01017195,0.17428187
24.068840433535758,35.050724689208764,75.1399,17971200.39653778,72.51589,0.06837317,0.043897267,0.16772391,1.4271536,-0.63659066,0.14323649,0.8839997,0.6091974,0.04955423,0.24926232,-0.14410104,0.28791806
24.282608510179216,35.10869565592019,73.044136,14601599.979400635,72.99808,-0.9461078,-0.8553927,0.08120571,2.5395317,-0.3172171,-0.03282661,0.0839654,0.003134653,0.10832084,0.14327523,0.010765189,0.1436791
24.409420264318722,35.137681214861566,85.684586,12527999.469566345,71.87553,3.6190813e-06,3.1281515e-06,-0.11758396,2.3094602,-0.015682556,-0.44955122,0.12952137,0.38551348,0.2813731,0.14695464,0.007240176,0.14713289
24.134057993885538,35.130434787333385,80.741425,14515200.27809143,71.71651,0.00021280714,-0.0002922287,-0.023434937,-2.6863334,0.8408694,0.19137952,0.1488457,-0.18809384,0.11380649,-0.20020424,0.09225974,0.22043955
24.731884091961334,34.88405773852335,82.62194,7948799.943351746,72.33724,8.4200525e-05,-4.8282072e-05,-0.30546772,1.9165791,-0.17927118,0.12100714,0.37399232,0.45282918,0.2527854,0.1833724,0.011179958,0.18371288
24.731884091961334,34.88405773852335,82.62194,345600.00498890877,71.04944,2.8735012e-05,-2.4722014e-05,-0.26287752,-2.040554,1.3723624,0.15481633,0.11770566,0.15440834,0.20700076,-0.19975077,0.08518386,0.21715584
24.275362351941567,35.02173896397893,79.32639,16761600.190544128,71.75953,0.0010884881,-0.0001507719,-0.34178662,0.45217413,-0.4331975,-0.07918257,0.42830855,0.28077713,0.25613666,0.19440322,-0.13598585,0.2372441
24.619565229179578,35.18478278215484,82.255135,9071999.899578094,72.22744,-5.430755e-06,-8.664876e-05,0.21320437,2.9680347,-0.4273128,-0.0012341514,-0.23285958,-0.01158005,-0.110436,0.14084409,-0.022650106,0.14265373
24.068840433535758,35.17753635462667,82.62194,6825599.987125397,71.72094,-4.8963637e-05,-5.1845567e-05,-0.5142214,2.5174603,0.038792703,-0.16128469,0.33033478,0.25542003,-0.041762672,0.14083102,0.01981374,0.14221801
24.52536253285706,35.05797113185407,79.99595,8208000.144195557,72.32681,-0.00034340876,0.0009946983,-0.09857486,2.0477138,-0.2228157,-0.16564837,-0.014738284,0.0749607,-0.049503036,0.18994759,-0.028935554,0.1921389
24.16304339770124,35.14130418675153,77.183464,11145599.860954285,72.190315,0.008908708,0.011096399,0.34527224,-1.7473384,-0.5036814,0.36435574,0.22834846,-0.19479954,0.17408079,-0.12757525,-0.057282593,0.13984542
24.51086948471318,35.141304337922854,75.965324,172800.00249445438,72.361176,-0.027975067,-0.03812955,0.037327304,-2.1769044,1.0103874,0.24268383,0.38221395,0.055679705,0.28310406,-0.17604773,0.016685188,0.17683664
24.17028990870767,35.119565206509655,75.23819,17279999.49531555,73.00138,-0.10842014,-0.11914845,0.019790098,1.0640316,-0.4845507,-0.110702254,0.14269882,0.294856,-0.10377795,0.1442798,-0.047938008,0.15203524
24.286231733018653,35.16304365074164,82.86601,12009600.164794922,71.2516,-4.3798838e-07,-2.8039032e-05,-0.29987055,2.9124486,0.20011115,-0.11692161,-0.017067254,0.3202986,0.18503049,0.12783761,0.015699258,0.128798
24.068840433535758,35.050724689208764,75.1399,5443199.830055237,72.20919,0.04878487,0.06672111,-0.9300271,-1.47507,0.66361517,0.3568936,0.23129424,0.12501512,-0.008412518,-0.16496363,0.09851374,0.19214046
24.358695745580064,35.14492749121842,79.46463,13824000.4737854,71.75214,0.0009424726,2.5725849e-05,0.051967114,0.5581203,0.29933488,-0.04426063,0.008022651,0.025962912,0.124523625,0.10783183,0.06290155,0.12483712
24.340579657513896,35.072464168316,77.031204,16243199.788856506,73.10014,0.020590317,0.028896077,-0.1964809,0.80601895,-0.48813796,-0.10053038,0.37236252,-0.035225086,0.0064475574,0.18706049,-0.13244374,0.22920072
24.423912946628306,35.13405791039468,84.735344,950400.0051498413,72.66961,-7.8919575e-06,-9.482548e-06,0.15358247,0.41661033,-0.24621181,0.58324885,0.05696411,0.07621873,-0.28250346,0.107693486,-0.051614217,0.119423255
24.275362351941567,35.02173896397893,79.32639,15983999.588012695,71.733345,0.00103733,0.0009899524,-0.39004612,0.5602167,-0.4302398,-0.06353798,0.36804596,0.11420864,0.13257588,0.19338676,-0.13191904,0.23409629
24.409420264318722,35.137681214861566,85.684586,6652800.036048889,72.29415,2.480593e-06,4.6058773e-07,-0.29254222,1.715596,-0.13490316,0.2864432,0.30426753,-0.060683392,-0.04652384,0.19580652,-0.004816154,0.19586574
24.141304256647267,35.05072417522627,80.839714,3887999.996137619,72.914696,0.00058160943,-0.0007715504,-0.034545377,-0.3211146,-0.061932888,0.33349717,0.17990272,0.359232,0.45219815,-0.15291607,-0.03420879,0.15669578
24.268116089179838,35.07971042955572,81.07262,8121599.894428253,72.307816,0.00035432668,-0.00036401913,0.08124925,-2.1671462,-0.45382112,0.4558617,0.2464847,0.28780174,0.32007566,-0.23860857,-0.07954146,0.25151718
24.822463669968496,35.11956556932083,79.471794,10108800.15449524,73.34539,0.0032895578,0.0032090284,0.13751033,0.50726545,-0.45368564,-0.0817169,0.3309831,0.3449203,0.051035948,0.07689607,-0.112307146,0.13610989
24.47463793572534,35.15579704180788,74.131996,5184000.177669525,73.188805,0.42648813,0.42700654,5.7719648e-05,0.8606501,-0.29686666,-0.15518162,0.6140898,-0.026082806,0.13791385,0.24499819,-0.103347346,0.2659037
24.43478251062254,35.050724689208764,81.254395,14687999.680709839,71.768005,0.0001926783,0.000165722,-0.3114942,1.3566555,-0.8968647,-0.01165358,0.11283032,0.064245686,-0.22903478,0.091979295,-0.039566223,0.1001283
24.880434869565217,35.11594208344836,73.60822,9849599.953651428,73.53619,0.91557896,0.24185285,0.28453577,-3.0901551,0.7714151,0.053892486,0.08402124,-0.066510625,-0.3483701,-0.2891039,0.04665032,0.2928435
24.40217392316393,35.07246365433351,77.73675,8035200.193119049,72.393524,-0.0018793163,-0.0012256972,-0.2772698,1.9997613,-0.12500434,-0.18837798,-0.010512665,0.1672577,0.26973563,0.13972612,-0.02981781,0.14287229
24.619565229179578,35.18478278215484,82.255135,5961600.231742859,72.53238,0.00015034214,6.273868e-05,-0.05353588,2.4380727,-0.19491561,0.22373113,0.00718721,0.07611506,0.12647009,0.16409227,-0.029923456,0.16679834
24.782608845879178,35.07246365433351,80.82854,7603200.0411987305,73.231926,0.00091755606,0.00082146074,-0.4333657,2.6508427,-0.0035920292,-0.07058478,0.43917868,-0.054539062,0.10175881,0.23238607,0.029637482,0.23426835
24.177536001617764,35.01449252133363,77.3516,5356800.128746033,71.93669,-0.007222544,0.0066916905,-0.20026797,-1.3721583,0.5711109,0.23283818,0.06604172,0.14757645,0.34640002,-0.15335941,0.059664242,0.16455677
24.525362323808892,35.01449270273921,80.76379,8553600.046348572,72.15742,0.00024138663,-0.00017912393,0.16283314,1.2248666,-0.2745753,-0.11462567,0.23300955,0.14058506,-0.11365827,0.15028219,-0.04533274,0.15697068
24.608695560661264,35.210145036629335,80.071884,3369599.8686790466,73.149284,0.00096575456,0.0005924006,-0.37159723,-0.18853833,0.82096547,-0.076788835,-0.08655401,0.07872398,0.16299689,-0.021873238,0.14106369,0.14274944
24.365941903817713,35.11594190204278,77.940506,9417600.350189209,72.23408,0.0057853283,0.0050366656,-0.082138635,2.4220068,-0.24028383,-0.3337181,0.03444286,0.04237456,0.38991213,0.155832,0.016447328,0.15669756
24.177536001617764,35.01449252133363,77.3516,17107200.092697144,72.52639,0.012528747,-0.0032404673,-0.30708224,0.99590695,-0.8907129,0.14350542,0.49133456,0.14286424,0.16320768,0.14722036,-0.12607892,0.19382912
24.068840433535758,35.17753635462667,82.62194,12095999.866104126,71.596375,-4.640311e-05,3.5122455e-05,-0.23396009,-0.11119114,0.15698288,0.21481761,0.29283136,-0.12159722,-0.008119665,-0.033279583,0.061206903,0.06966933
24.72463775080654,35.097825908808005,83.506035,7689599.742507935,72.59658,3.2819502e-05,-4.53885e-05,-0.43143988,2.3671417,0.2617119,-0.29954505,0.19696264,-0.075254895,-0.16768375,0.24080114,0.01974726,0.24160948
24.49275373635028,35.04710138474188,79.64641,16675200.489234924,72.54577,0.0015784393,-0.0016607774,-0.24624415,1.4890195,-0.96273303,0.26273078,0.14048406,-0.031992182,-0.051342167,0.11505971,-0.079080164,0.13961522
24.15942034471344,35.02536261613985,84.04098,16243199.788856506,71.69148,1.3529817e-05,1.3705691e-05,-0.15762134,-1.5810592,0.8346459,0.24895412,0.085402966,0.15118521,0.37433577,-0.15522219,0.08302028,0.17602925
24.880434869565217,35.11594208344836,73.60822,777599.9855160713,73.58696,-0.6890731,0.7786145,-0.116008714,0.9719764,-1.0208466,0.22355703,-0.38558176,-0.086103745,-0.018806357,0.17354232,-0.16474782,0.23928808
24.55434784521419,35.039855304907746,78.730316,1900800.0102996826,71.89407,0.0015224684,-0.00043705085,-0.300328,-0.4654473,0.8091604,0.09612791,0.2481134,0.07189485,0.01572103,-0.10513185,0.15403165,0.18648982
24.49275373635028,35.04710138474188,79.64641,8985600.19826889,72.293846,-0.00068957877,0.0012113041,-0.10956175,1.6763372,-0.41182065,-0.22660753,-0.10882122,0.13230644,0.058258697,0.13961264,-0.039597325,0.1451194
24.17028990870767,35.119565206509655,75.23819,17020800.39138794,72.98229,-0.123653874,-0.0809263,0.037514865,1.1197425,-0.46365064,-0.116161875,0.16557738,0.281354,-0.10810322,0.15370522,-0.049024835,0.16133422
24.623188347494935,34.98550731008629,86.27349,12182399.56741333,72.370316,-1.0713665e-06,-2.1620333e-07,0.13941184,-1.4741464,-0.14557274,0.4868467,0.1873529,-0.12166967,0.118309245,-0.17001355,-0.020697536,0.17126878
24.171296292717127,35.10648163098043,78.049835,3542400.093984604,72.632515,0.0035136766,0.0075728972,-0.41990077,-1.0177011,0.70963544,0.10892859,0.38648033,0.16449687,0.34476024,-0.09850086,0.069147736,0.12034878
24.677536062942007,35.07971042955572,84.775665,6566399.786281586,72.39666,-4.38855e-06,1.1231236e-05,-0.09597225,1.5910043,0.2410435,-0.21419325,0.18450454,-0.021884978,-0.4323034,0.18221818,0.04460581,0.18759835
24.365941903817713,35.11594190204278,77.940506,15206400.082397461,72.411804,0.005579328,0.0055275057,0.009966038,1.1840935,-0.1298436,-0.10130773,0.051630702,-0.09514352,0.069455944,0.12768395,0.0008389808,0.12768671
24.507246627708035,35.15217355593542,72.15966,172800.00249445438,72.30062,-0.8761743,-0.8803324,-0.20272526,-0.021087214,-0.17424817,0.4911371,0.914732,0.26109535,0.24120519,-0.10390709,-0.2738419,0.29289258
24.507246627708035,35.15217355593542,72.15966,12873600.46863556,72.86174,-0.5301278,-0.42620417,-0.06402951,1.7316148,0.39938956,0.07039245,-0.34326443,0.09129099,0.07049472,0.23650481,0.09454682,0.25470302
24.2137679164399,35.101449394680465,78.1842,10627199.459266663,71.98655,0.0037150711,0.002568088,0.303393,-1.3120266,-0.5125171,0.21165377,0.29786235,-0.18011242,0.32111168,-0.16710939,-0.06981199,0.18110567
24.655797039477626,35.09782643790763,82.953125,17884799.598312378,71.84099,5.26623e-06,4.456968e-05,-0.009623185,0.4632033,-1.4690719,0.049710035,0.261859,0.24171093,-0.27767774,0.07389719,-0.22082782,0.23286417
24.55434784521419,35.039855304907746,78.730316,9158400.149345398,72.75234,-0.00039792235,0.004469292,-0.19378652,3.0744731,-0.5005449,-0.31470403,0.010907836,0.18291305,0.20176461,0.16185273,-0.019661462,0.16304258
24.641304357168043,34.938405387540406,81.3883,5443199.830055237,71.98265,-0.00015303007,0.00011034974,-0.17917183,1.1296091,0.19640745,0.02677466,0.66970253,0.17290011,0.064251885,0.1516684,0.07685246,0.17002824
24.2137679164399,35.101449394680465,78.1842,1382400.019955635,73.06912,-0.008923683,-0.0033177044,-0.034217484,-1.4450142,1.7146833,-0.016054764,0.26896957,0.40946227,0.12271823,-0.16450486,0.2211637,0.27563605
24.623188347494935,34.98550731008629,86.27349,10195199.855804443,72.30269,5.756707e-07,2.0287612e-06,0.33290267,-1.925029,-0.12869681,0.5146361,0.4401101,-0.06505727,0.3187426,-0.124596335,-0.032319702,0.1287199
24.655797039477626,35.09782643790763,82.953125,15379199.48501587,71.99325,-1.0298263e-05,2.8118757e-05,-0.17785153,0.9118446,-0.41165882,-0.009928539,0.09676126,0.3489597,0.18010828,0.13108629,-0.06109251,0.14462334
24.15217408195171,35.09782609021359,90.079155,2505600.113296509,71.398766,-2.6642688e-08,4.1327315e-08,-0.13291466,0.7720324,0.010336041,-0.375739,-0.26422352,-0.15315422,-0.63023096,0.22310928,-0.052608754,0.2292279
24.481884276880134,35.21376834109622,79.042,9331199.551963806,72.47654,-0.00025014224,-0.0026753044,0.033338234,2.6170144,-0.05385548,-0.054611973,-0.038374156,-0.0079453215,-0.029418118,0.18071368,0.014840149,0.18132201
24.528985389862203,35.079710263267266,73.800804,6998399.938201904,73.90514,0.639585,0.6457106,-0.09508632,1.700739,0.14049196,-0.021113746,0.3279559,-0.046552904,0.30201057,0.21390957,0.025014415,0.21536718
24.336956356281394,35.12681217825459,78.56935,172800.00249445438,73.286285,0.0016673318,-0.00828452,0.10694657,-2.7632072,1.9164044,0.00060164183,0.1821635,0.22644287,-0.15927815,-0.1620328,0.0950325,0.18784516
24.177536001617764,35.01449252133363,77.3516,2505600.113296509,71.740776,0.0061449395,0.0062596025,-0.20970468,-1.1757331,1.7286422,-0.13619265,-0.03678918,0.060710378,0.14496565,-0.12277888,0.21610796,0.2485504
24.15217408195171,35.09782609021359,90.079155,15206400.082397461,72.381065,-1.15585316e-07,1.00702486e-07,0.4837963,-0.44963646,-0.13180947,0.4536022,0.26355717,0.07889769,0.25436243,-0.17130396,-0.04491876,0.1770953
24.242753659958876,34.931159481553294,83.59315,86400.00124722719,73.97143,-0.00012760074,-0.00016955419,-0.20085481,-0.26793134,0.21200584,0.2262524,0.09989701,-0.057618074,0.8022449,-0.10795594,0.09942252,0.14676282
24.06159400092239,35.235507653915,77.223785,2505600.113296509,72.768776,0.016859531,-0.012929888,-0.5072923,-0.77920973,-0.31687647,-0.048909403,0.017487928,0.15703951,0.37616962,-0.1549044,-0.0355811,0.15893832
24.528985389862203,35.079710263267266,73.800804,13478399.474716187,73.75533,-0.9349832,-0.9476791,-0.07588864,0.6648423,0.60575855,0.24396354,-0.2844839,0.11987119,0.19014043,0.07654376,0.08526613,0.114582986
24.06159400092239,35.235507653915,77.223785,5615999.781131744,72.266525,0.007778765,0.01111609,-0.5254908,-2.4746943,-1.1002234,0.6526528,0.36990187,-0.010738492,0.051657353,-0.114058785,-0.050356563,0.124680355
24.481884276880134,35.21376834109622,79.042,9244799.850654602,72.47996,-0.00025213568,-0.0026945248,0.02696985,2.656231,-0.04237982,-0.06049808,-0.048255503,-0.017346382,-0.025237553,0.18237726,0.016630124,0.18313392
24.373188532413735,34.85507217391305,83.68782,11059200.15964508,72.24404,4.045106e-06,-1.5214781e-05,-0.16432813,-2.4903142,0.41346937,0.12873572,0.10357198,-0.36813858,-0.3625212,-0.19625524,0.026192171,0.19799533
24.659420157792983,35.13768139626715,82.9603,14947199.88155365,71.95371,-4.1527797e-05,1.4161576e-06,-0.22543968,1.6716307,-0.57906353,-0.06275358,0.10901323,0.28622037,0.36505324,0.13868244,-0.054289766,0.14893018
24.626811465810288,35.05797113185407,83.9315,10627199.459266663,72.08562,-2.1462283e-05,1.2176093e-05,0.24282338,1.8801228,0.033265762,-0.17201662,0.13409977,0.25744832,-0.033703893,0.11919622,0.010561557,0.119663216
24.40579730278949,34.98550712868071,82.545616,10195199.855804443,72.12599,5.459292e-05,-7.127922e-05,0.2802173,-1.9882643,-0.2310096,0.2509592,0.3944935,0.17870086,-0.38806117,-0.21231906,-0.026104815,0.21391784
24.659420157792983,35.13768139626715,82.9603,4147199.9227523804,72.78991,-0.00010114778,9.036139e-05,-0.1443023,0.008757696,0.84233487,0.16753471,0.042663123,0.07346102,-0.00073744357,0.041125003,0.16109057,0.16625714
24.52536253285706,35.05797113185407,79.99595,14947199.88155365,72.33605,0.000999363,0.00094727275,-0.42690712,2.4886265,-0.44928378,0.01661072,0.11502248,0.21700129,0.1087135,0.18403736,-0.023145674,0.18548712
24.880434869565217,35.11594208344836,73.60822,6739199.737358093,73.55246,-0.9450277,-0.95089877,0.23802434,-1.7292035,-0.39011216,0.55004394,0.078564644,0.1422334,-0.28143445,-0.16830201,-0.026687648,0.1704048
24.340579735906957,35.22101461745307,78.71513,6998399.938201904,72.01002,0.0014428009,0.001013647,-0.20715356,3.282061,-0.04774954,-0.168405,-0.052121513,-0.12945864,-0.14752927,0.13942415,0.0046102596,0.13950035
24.3985509616347,35.079710263267266,82.39983,2246400.0495672226,72.77487,-0.00012729346,0.0001703008,0.124110624,-0.5578137,0.807389,0.06401194,-0.33678412,0.10959358,-0.077844225,-0.0746223,0.12877694,0.14883544
24.471014503837736,35.137681214861566,84.09494,8812800.247192383,72.0646,-4.1562707e-06,-1.4172191e-07,0.14374165,3.0903857,-0.21765429,0.030435324,0.026857242,0.039451115,0.031542707,0.061174326,-0.007519546,0.061634745
24.068840433535758,35.050724689208764,75.1399,7084800.187969208,72.59767,-0.085749805,-0.100045316,-0.8120005,-1.6679895,0.039732095,0.5142195,0.3487992,0.047608986,0.051670134,-0.19252303,0.0001487144,0.19252309
24.409420264318722,35.137681214861566,85.684586,15983999.588012695,71.100464,-1.7017426e-06,-1.8999596e-06,-0.1415342,0.99852026,-0.24458288,0.07343911,-0.14829352,-0.055119388,0.5258135,0.16002138,-0.0554588,0.16935915
24.141304256647267,35.05072417522627,80.839714,8899199.948501587,72.35449,0.00028768196,0.00021039261,0.02805376,-2.8300145,-0.11361968,0.4283269,0.23821047,-0.015761025,0.19825211,-0.13999572,-0.023312772,0.14192353
24.503623143558386,34.916666955294566,80.479385,13046399.871253967,71.98942,-0.00043882354,0.0004463355,-0.30264887,1.0398767,0.3566841,-0.1899842,-0.13134414,-0.022873446,-0.25775206,0.15711619,0.015903316,0.157919
24.60144921950647,34.9456523441682,85.40489,14169600.375938416,72.549225,8.072993e-06,7.914308e-06,0.053595155,-0.69350964,-0.32854986,0.49686843,-0.027212374,-0.15324232,-0.4061663,-0.12238652,-0.075598545,0.1438527
24.340579735906957,35.22101461745307,78.71513,7689599.742507935,71.968575,0.002273879,-0.00056310836,-0.17178236,4.0028625,-0.13766983,-0.22972414,-0.07075628,-0.10654668,-0.0723213,0.14310628,0.01527367,0.14391905
24.525362323808892,35.01449270273921,80.76379,8639999.747657776,72.155365,0.00021349237,-0.00018947227,0.16535912,1.2593284,-0.28150475,-0.12569004,0.2294921,0.1498338,-0.11408488,0.14961883,-0.042362154,0.15550031
24.641304357168043,34.938405387540406,81.3883,13391999.773406982,72.25101,-0.0002461303,-0.00021438,-0.33745348,1.5679754,0.12782702,-0.14464217,0.2524413,0.187848,-0.1537132,0.06906347,0.00016631685,0.06906367
24.3985509616347,35.079710263267266,82.39983,18057600.097846985,71.25276,3.3443415e-05,4.0929324e-05,0.068275675,1.1015042,-1.55408,0.042431213,0.118424624,-0.0090876445,0.2614862,0.08446729,-0.09388439,0.12628937
24.641304357168043,34.938405387540406,81.3883,5356800.128746033,71.96084,-0.00016144747,8.681444e-05,-0.18562242,1.099074,0.2103173,0.031089239,0.6628526,0.17062452,0.069206335,0.15195166,0.07990749,0.17168143
24.782608584568965,35.06521774078783,85.492004,3283199.893140793,72.57042,-2.0951252e-06,-8.690315e-06,-0.4209764,-0.17665638,0.8937133,-0.4279955,0.5641984,0.05954915,-0.05318497,-0.059363198,0.2662113,0.27274978
24.351449221508126,35.36231895652174,77.53338,14169600.375938416,71.80502,-0.0052381656,-0.0032749607,0.21304725,1.0243986,-0.41667485,-0.58387625,-0.016647466,0.14258239,0.054375622,0.14055854,-0.049674552,0.14907804
24.271739312019278,35.0833337340226,74.97577,172800.00249445438,72.44465,0.09421929,-0.074402,0.07138662,-1.9403906,1.9198016,0.21139112,0.17947865,0.20170003,0.26080465,-0.11592616,0.13637835,0.17899142
24.373188532413735,34.85507217391305,83.68782,7343999.840354919,72.37174,3.5802463e-05,-1.4000262e-05,-0.2373731,-1.237009,0.6332984,0.5200431,0.33765426,-0.3011797,-0.031844437,-0.098366305,0.08108593,0.12747885
24.579710091518006,35.06884069756067,84.24473,4060799.9472141266,72.497925,1.4575911e-05,-1.2448238e-05,0.4097193,-0.49610502,0.6568139,0.19108629,-0.2597287,-0.066841014,0.008846562,-0.13591573,0.16426897,0.21320736
24.880434869565217,35.11594208344836,73.60822,11059200.15964508,73.504074,0.36054426,0.074522875,0.25627822,-2.8261898,0.940431,-0.16215086,-0.0048511624,-0.082950346,-0.39411524,-0.28127253,0.11118942,0.30245218
24.409420185925658,35.126811301460926,78.58091,9849599.953651428,72.168045,-0.003087264,0.0024381538,-0.15416577,2.8556643,-0.29445744,-0.3787393,-0.1936104,-0.019356571,0.34437257,0.17270547,-0.028203864,0.17499325
24.782608584568965,35.06521774078783,85.492004,5961600.231742859,72.90168,9.957588e-06,8.435177e-06,-0.3346532,0.9775045,0.40668172,-0.42332807,0.55578774,0.022179231,-0.16163167,0.19480391,0.037024554,0.19829115
24.15217408195171,35.09782609021359,90.079155,6912000.2368927,72.317276,1.09963615e-07,-8.0478266e-08,-0.32115,2.632942,1.1944581,-0.31275928,-0.23924512,0.2534275,-0.36638114,0.09695966,0.02932329,0.101296745
24.782608584568965,35.06521774078783,85.492004,8639999.747657776,72.858864,-1.02740105e-05,-8.558076e-06,-0.31528533,2.9005172,-0.04185356,-0.3987628,0.172122,0.13405539,0.08449976,0.18846391,0.0062273424,0.18856677
24.06159400092239,35.235507653915,77.223785,7603200.0411987305,72.43293,0.0108092185,0.0054978835,-0.23672569,-4.0024686,-1.1658442,0.9893914,0.43373382,-0.15760112,0.0016957335,-0.15484437,-0.042253967,0.16050601
24.340579657513896,35.072464168316,77.031204,2246400.0495672226,72.36525,0.014196882,-0.014065628,-0.13601984,-0.6246285,1.0764296,0.1973939,0.25461152,0.0031970069,-0.12545818,-0.1303118,0.2011095,0.23963763
24.51086948471318,35.141304337922854,75.965324,12873600.46863556,73.463066,0.036432702,0.01676083,-0.081192635,2.03514,-0.17787597,-0.09857123,0.057446994,0.17709333,0.35218066,0.20186915,-0.0017563908,0.20187679
24.351449221508126,35.36231895652174,77.53338,10972800.458335876,72.493996,0.010293627,0.0013707484,0.09865214,1.6065087,0.82104415,-0.5655698,0.05379445,0.22425005,0.011436369,0.14435066,0.06344178,0.1576768
24.52536253285706,35.05797113185407,79.99595,18143999.79915619,72.68672,-0.00096430996,0.001338806,0.025573105,1.1884582,-1.3869222,0.35721084,0.08845396,-0.14600137,-0.038057163,0.10838182,-0.15988395,0.19315666
24.880434869565217,35.11594208344836,73.60822,10540799.757957458,73.498375,-0.7303196,0.9057177,0.26683164,-3.0143652,0.9039221,-0.07800097,0.040243026,-0.08641008,-0.36494964,-0.29784918,0.09508272,0.3126577
24.731884091961334,34.88405773852335,82.62194,13132799.572563171,72.31353,-9.465608e-06,-8.023119e-05,-0.4856189,0.8946014,-0.120218545,0.2898916,0.55163336,-0.18968713,-0.07528657,0.22857365,-0.08073522,0.24241306
24.15217408195171,35.09782609021359,90.079155,11059200.15964508,73.67128,3.7572838e-07,2.2607797e-07,-0.07353726,1.1274154,0.36606842,0.22811905,0.2795231,0.12653142,0.063841194,0.17242485,0.06930978,0.18583372
24.608695560661264,35.210145036629335,80.071884,9331199.551963806,72.575584,0.0011182366,0.0010802565,0.123273104,1.6446725,-0.062349413,0.12786305,0.13770452,0.051091857,-0.0033420622,0.10862594,-0.0033353246,0.108677134
24.409420185925658,35.126811301460926,78.58091,8726399.99742508,72.23119,-0.0021375655,-0.0028282767,-0.2680511,2.791594,-0.2904613,-0.28340182,-0.18761265,-0.0027895868,0.3036471,0.13908039,-0.0046972567,0.1391597
24.572463802625258,35.028985391507106,77.31845,9417600.350189209,73.32345,-0.01582418,-0.024091173,-0.17303249,2.722881,-0.38972908,-0.23565888,-0.029141247,0.1446678,0.32395568,0.20736957,-0.052529108,0.21391925
24.655797039477626,35.09782643790763,82.953125,6739199.737358093,72.48449,7.7939796e-05,5.3518947e-05,-0.20879637,1.1128625,0.70493805,-0.08471406,0.015738402,-0.18453225,-0.29081103,0.12647462,0.08620071,0.15305683
24.003623304347823,35.192029209683014,80.788605,4579200.074672699,72.312874,-0.0002591373,-0.00015905841,-0.058626585,-0.90929604,-0.7734098,0.16196665,0.46314585,0.09147943,0.64211136,-0.20006235,-0.1882382,0.2746972
24.40579730278949,34.98550712868071,82.545616,7171199.889278412,71.992714,-4.7324975e-05,-8.031007e-06,0.1556613,-1.9498143,0.00594669,0.4909615,0.38883755,0.111127906,0.002181463,-0.20824984,0.025940033,0.20985918
24.507246418659868,35.018115659512056,74.98295,13305600.072097778,73.75689,-0.26487526,-0.19154833,-0.1832475,1.1591101,0.24281831,0.20088723,-0.24387684,0.24873912,0.25936967,0.1489419,0.0048815394,0.14902188
24.242753659958876,34.931159481553294,83.59315,11750399.96395111,72.24484,-6.254215e-06,-2.4218072e-05,-0.3253495,-1.0518907,0.19785425,0.13311833,0.39660618,-0.16522825,0.08847809,-0.1233666,0.0052773654,0.123479426
24.336956356281394,35.12681217825459,78.56935,10368000.35533905,71.93588,0.0025164091,-0.0017375585,0.10871045,1.9289261,-0.32542562,-0.2930867,-0.063796185,-0.045663252,0.39023674,0.16280143,-0.017573,0.16374712
24.47463793572534,35.15579704180788,74.131996,7603200.0411987305,73.5622,0.54421914,0.59823024,-0.40113872,3.014155,-0.34412056,-0.17080826,0.40325755,-0.034488432,0.43832317,0.24671265,-0.024071286,0.24788417
24.409420264318722,35.097825908808005,75.01247,9417600.350189209,73.0077,0.13146138,-0.1399729,-0.040153,2.9013174,-0.18979281,-0.16411602,0.12884887,0.0653712,0.26622647,0.3024327,-0.014664207,0.302788
24.43478277193275,35.06521686399416,78.38795,3456000.11844635,72.075035,0.003085026,0.0033300226,-0.24359784,-0.2664259,1.0489941,-0.014118455,0.19309127,-0.0716246,-0.18723887,0.006934847,0.1733942,0.17353283
24.782608584568965,35.06521774078783,85.492004,2678400.0643730164,72.43977,4.933147e-06,-6.366968e-06,-0.44321412,-0.3758915,0.93735707,-0.37905684,0.52705455,0.051422905,-0.022413015,-0.1192938,0.23218843,0.26104113
24.619565229179578,35.18478278215484,82.255135,5615999.781131744,72.59303,0.00016343378,4.2727628e-05,-0.07092653,2.024274,-0.1842723,0.23256436,0.037505172,0.10463737,0.16761035,0.13217647,-0.023901753,0.1343202
24.623188347494935,34.98550731008629,86.27349,17020800.39138794,72.42582,-3.636727e-06,6.4782705e-07,-0.11008668,0.9204822,-0.55762947,0.2753156,-0.111553095,0.11023633,-0.06619251,0.1230485,-0.104587674,0.16149153
24.358695745580064,35.14492749121842,79.46463,7603200.0411987305,72.1279,-0.0009478583,-0.0013419426,-0.26144814,2.365089,-0.16334602,-0.04231844,-0.20741239,0.041526586,0.13403246,0.09195686,-0.0044735353,0.09206561
24.503623143558386,34.916666955294566,80.479385,9417600.350189209,72.164955,2.7707061e-05,0.0004659234,-0.01714785,1.6234053,0.30916977,-0.36817372,-0.012582667,-0.06273169,-0.047157988,0.17703603,-0.010134634,0.17732587
24.33695651306752,35.26449269887389,75.24537,1814400.0347614288,73.10398,0.13787203,0.13199972,-0.1309548,-0.5721779,-0.32659036,0.023235489,0.08002162,0.049869888,-0.26452026,-0.080688365,-0.05944913,0.10022381
24.278985574781007,35.18478260074926,85.36457,8812800.247192383,71.82861,1.473058e-06,-2.9761425e-06,-0.76267236,4.2864895,0.35035795,-0.18812156,-0.01520367,0.12689607,-0.058628216,0.23462974,0.050394706,0.23998071
24.351449221508126,35.36231895652174,77.53338,10627199.459266663,72.563126,0.01103296,-0.004122973,0.088823095,1.7493466,1.0131408,-0.56079334,0.021612085,0.23876464,0.007423695,0.1380668,0.0705923,0.1550668
24.481884276880134,35.21376834109622,79.042,5184000.177669525,72.88087,0.00049235445,0.0038737415,-0.20947708,0.7599888,1.1181484,-0.13640076,-0.43319058,-0.1220767,-0.24032232,0.09843938,0.122695126,0.15730354
24.514492864338745,35.152173737341,77.98083,14428799.479866028,72.82146,-0.009555704,-0.008003059,0.0007465631,1.5357074,-0.19901726,0.027889308,-0.030259624,0.3831579,0.041957155,0.21250086,0.02596766,0.2140816
24.17028990870767,35.119565206509655,75.23819,13219200.370788574,72.55582,-0.085750945,-0.08329598,0.19484611,0.4002102,-0.27504754,0.0726004,0.33430246,-0.12004032,0.10508494,0.07519971,-0.04299329,0.086622275
24.728260869121893,35.15579704180788,79.23173,7171199.889278412,73.30108,-0.0024907258,-0.00044314878,-0.23106867,2.091757,-0.09954291,0.04009446,0.4538453,0.38627425,-0.08445708,0.17057662,-0.056461375,0.17967823
24.677536062942007,35.07971042955572,84.775665,1728000.059223175,72.66469,1.7377282e-05,1.6054362e-05,0.26643705,-0.2690032,0.5631464,0.086292215,-0.03496524,-0.02501876,0.14573893,-0.07177576,0.09528371,0.119292684
24.340579735906957,35.22101461745307,78.71513,10022400.453186035,72.06716,-0.0024439644,0.0018384805,0.11368647,4.388633,-0.07968749,-0.25615016,-0.15072319,0.1185804,0.034671254,0.17330061,0.038836922,0.17759901
24.481884276880134,35.21376834109622,79.042,8294399.845504761,72.50062,-0.0026682722,-0.0024642423,-0.039868932,2.781911,0.2032297,-0.09870336,-0.17291549,-0.1164329,0.01802886,0.18568225,0.025068285,0.1873668
24.55072462237475,35.07608730649443,88.70044,6739199.737358093,72.43379,3.8497905e-07,1.18773364e-07,0.15618552,2.3419638,-0.2912693,-0.25370052,0.13878855,0.18774289,-0.23286077,0.12753774,-0.012318969,0.12813132
24.800724541980035,35.0326085145684,80.91604,10281599.557113647,73.25549,0.00013996915,-0.0005623995,0.14113118,2.2096176,-0.85303986,-0.07340699,0.30733466,0.08302344,0.3342312,0.22449201,-0.11227212,0.2510014
24.40579730278949,34.98550712868071,82.545616,8294399.845504761,72.07351,-7.8654826e-05,4.6649173e-05,0.24896379,-2.4976482,-0.09552126,0.44456077,0.47717932,0.1499039,-0.19459331,-0.13233913,-0.023672722,0.13443974
24.880434869565217,35.11594208344836,73.60822,7689599.742507935,73.662125,0.79511863,0.8372951,0.29090267,-2.2543077,-0.03354364,0.4472685,0.10547234,0.10217264,-0.33839664,-0.15918456,0.0019956217,0.15919706
24.53985505838052,35.14492730981283,78.72631,1728000.059223175,72.53839,0.0037025667,0.0037485622,-0.25941616,-1.3201183,1.5620158,-0.35297903,-0.047186576,-0.07963086,-0.26397604,-0.068833165,0.12906437,0.1462724
24.731884091961334,34.88405773852335,82.62194,8899199.948501587,72.57992,2.3527016e-05,-6.413709e-05,-0.3491274,2.336681,-0.11528628,0.05039829,0.41714478,0.37011743,0.16375366,0.13023053,-0.010744942,0.13067305
24.423912946628306,35.13405791039468,84.735344,2505600.113296509,72.50593,-7.890168e-06,-2.9514365e-06,0.11074962,0.7945461,-0.5825456,0.48780897,0.26301816,0.087522104,-0.21185473,0.18089351,-0.1410871,0.22940801
24.282608510179216,35.10869565592019,73.044136,16934399.593162537,73.10424,-0.66130686,-0.73468083,0.060764566,1.7894453,-0.87860835,-0.08102504,0.12461395,0.18833254,0.13235334,0.16509752,-0.050083123,0.17252684
24.800724541980035,35.0326085145684,80.91604,11404800.061798096,73.05374,-0.0006721857,0.0008348934,0.18336757,1.7537719,-0.5956019,0.021960106,0.1999934,0.10555267,0.3209714,0.2801351,-0.10669572,0.299766
24.271739312019278,35.0833337340226,74.97577,518399.99034404755,72.54376,0.10851262,-0.09793323,0.025198147,-1.8396919,1.9113314,0.18677524,0.15884733,0.14736411,0.21450943,-0.113658205,0.13167422,0.17394334
24.235507135886934,35.09782643790763,86.62735,16847999.891853333,71.616486,1.0567073e-06,-1.1883209e-06,0.035533443,-1.2416685,1.4676548,0.20089734,-0.44945085,-0.2017265,0.47854277,-0.11727234,0.12627566,0.17233208
24.43478251062254,35.050724689208764,81.254395,16502399.989700317,71.799225,4.6980724e-05,-8.394622e-05,-0.17783543,1.4344236,-1.3142004,0.057407983,0.2072717,-0.05706402,-0.18972108,0.07603915,-0.07584515,0.10739851
24.286231733018653,35.16304365074164,82.86601,4752000.025749207,72.3276,-2.4697052e-05,-1.3568024e-05,-0.48178488,1.2049626,-0.02267947,0.33178008,0.30105895,0.39114776,-0.3088288,0.10449822,-0.015224441,0.10560143
24.351449221508126,35.36231895652174,77.53338,16329599.49016571,72.56178,-0.0010431209,-0.006689684,0.20395859,1.0955989,-0.56210214,-0.50299525,-0.5618194,0.08434198,0.04276033,0.120058596,-0.080645524,0.14462976
24.35507260113369,35.04710138474188,76.478294,14515200.27809143,73.08108,-0.03522256,-0.031979416,-0.29625195,1.675017,-0.63682264,0.019389804,0.30004677,-0.2343942,-0.062777944,0.16553693,-0.057980318,0.17539723
24.423912946628306,35.16304383214723,83.815254,6912000.2368927,72.10228,-1.7595286e-05,2.5671347e-05,-0.2877245,3.281748,0.13930257,0.27858096,-0.054548748,-0.08337925,0.022575412,0.14898334,0.006167516,0.14911096
24.655797039477626,35.09782643790763,82.953125,7171199.889278412,72.4613,1.995204e-05,7.796102e-05,-0.17393127,1.5372365,0.64379853,-0.10862217,0.04708187,-0.19308442,-0.3288755,0.12847456,0.060991373,0.14221695
24.264492787947336,35.06521739309379,75.914215,16070400.386238098,73.32871,0.040046345,0.09722061,-0.26702404,1.2609717,-0.8242461,0.06779816,0.6354589,-0.24208382,0.05885704,0.14775732,-0.02749658,0.150294
24.40579722439643,35.07608730649443,81.130585,1641599.9465703964,72.76862,4.045309e-05,-0.00010209491,-0.009930022,-1.4209498,1.4097672,-0.022205882,-0.24287093,0.039965793,-0.113366835,-0.09686376,0.1733252,0.1985553
24.409420342711783,35.02898555779556,73.23672,15465600.283241272,73.198,0.88391584,0.96529925,-0.16774619,0.17722622,0.27616608,0.5709362,0.22621793,-0.0062017962,-0.008023273,0.1143194,0.12073735,0.16627216
24.641304357168043,34.938405387540406,81.3883,10713600.257492065,72.45345,0.00031791805,-0.0002490052,-0.03077358,2.6476407,-0.014520598,-0.29299855,0.3764286,0.24284106,-0.043848604,0.2257467,-0.011823996,0.22605614
24.659420157792983,35.13768139626715,82.9603,4319999.873828888,72.77748,-0.00010024897,9.2484464e-05,-0.15865561,0.023749039,0.8038147,0.16041921,0.037696913,0.07985199,-0.005596578,0.04090533,0.15370001,0.1590501
24.782608584568965,35.06521774078783,85.492004,345600.00498890877,72.20166,-2.2662982e-06,-2.1454478e-06,-0.32823855,-0.31406248,0.82189447,-0.116580375,0.2984856,-0.02669733,-0.1078778,-0.086061485,0.18733108,0.2061541
24.286231733018653,35.16304365074164,82.86601,6739199.737358093,72.16737,-1.2179385e-06,-5.392118e-05,-0.67153114,1.9262716,0.5050702,0.38729042,-0.0062783137,0.32392585,-0.2187998,0.050931703,-0.008139258,0.05157796
24.340579657513896,35.072464168316,77.031204,11664000.262641907,72.431915,0.015573139,0.004309689,-0.18109913,1.6566663,-0.41237676,-0.10279832,0.0355828,-0.34361222,0.27966294,0.21276198,-0.027228823,0.21449724
24.32608705359737,35.05434782738719,80.59564,11664000.262641907,71.61963,-0.00019904228,0.00019619078,-0.18808967,-0.2612844,-0.69510335,0.18413435,0.124629386,0.012807205,0.03411515,-0.035033744,-0.06300171,0.0720873
24.134057993885538,35.130434787333385,80.741425,10540799.757957458,72.082214,6.966912e-05,0.00036643303,-0.03571515,-1.8318648,-0.3019188,0.38343304,0.21087137,-0.13646922,0.049047325,-0.16209878,-0.018069247,0.16310276
24.525362323808892,35.01449270273921,80.76379,3801600.0205993652,71.95058,0.00018707066,0.0002511874,-0.08692481,0.016849995,0.69869775,0.061009765,0.16314852,0.061511442,0.09750778,0.018419242,0.11136903,0.11288193
24.507246418659868,35.018115659512056,74.98295,9676799.454116821,73.85469,-0.2595361,-0.287112,-0.011189073,1.7596041,-0.31674242,-0.03453093,-0.0767333,0.112699986,0.2352176,0.19639665,-0.029907161,0.19866072
24.46739112421217,35.10507235145331,77.031204,12095999.866104126,72.90047,0.012460191,-0.019888043,-0.15460783,2.23426,-0.31155312,-0.26617357,-0.10877738,0.04881485,0.33246598,0.1528852,-0.008673815,0.15313105
24.822463669968496,35.11956556932083,79.471794,9244799.850654602,73.50217,0.0018359948,0.002378975,0.08821581,1.037337,-0.64599085,-0.04378496,0.4996183,0.32134658,-0.0026727505,0.14071192,-0.1358877,0.1956152
24.33695651306752,35.26449269887389,75.24537,2678400.0643730164,72.877495,-0.078438826,0.11123196,-0.16073096,0.09068768,-0.2862032,-0.014475971,0.022215035,-0.04345829,-0.3078718,0.023016911,-0.07074239,0.07439264
24.06159400092239,35.235507653915,77.223785,11750399.96395111,72.793205,0.013496776,0.013074096,0.30466354,-2.8118827,-0.8340214,0.41406226,0.043549538,-0.09281028,0.011438642,-0.20576401,-0.044403408,0.21050057
24.528985389862203,35.079710263267266,73.800804,12009600.164794922,73.6954,0.9074734,0.820691,-0.11919202,1.1921117,0.5724972,0.16582054,-0.22674966,0.17175707,0.26076826,0.124840744,0.042302825,0.13181329
24.525362323808892,35.01449270273921,80.76379,5961600.231742859,72.07255,0.00024230765,-1.28384e-05,-0.044901572,0.43771797,0.15070944,0.11851698,0.32161918,0.035627924,-0.034399725,0.17932582,0.085627295,0.19872037
24.731883987437246,34.999999998854186,80.17734,12614400.267791748,72.71643,0.0010772145,0.0011911108,-0.041528583,1.4894371,-0.012306397,-0.016446404,0.36618277,0.09073816,0.318862,0.26935256,-0.009862162,0.26953304
24.619565229179578,35.18478278215484,82.255135,8812800.247192383,72.27275,-1.6688758e-06,-7.155229e-05,0.19807644,3.1025524,-0.36552894,0.029717024,-0.22610962,-0.035833128,-0.115101345,0.15411535,-0.019727636,0.15537284
24.358695745580064,35.14492749121842,79.46463,15551999.984550476,71.760056,-0.0009300609,-0.0008520746,-0.06912422,0.2667479,0.12298359,0.011668861,0.17762977,0.089112274,0.19980145,0.11784255,0.067819856,0.13596469
24.06159400092239,35.235507653915,77.223785,11491199.7631073,72.84446,0.018410865,0.013026767,0.281047,-2.944546,-0.8694653,0.46249413,0.055359796,-0.09005862,0.004892025,-0.20996219,-0.046935514,0.21514429
24.55072462237475,35.07608730649443,88.70044,2332799.8879909515,72.82801,4.862351e-08,3.9785317e-07,0.3529755,0.588909,0.105577156,0.43980157,0.29409626,-0.22500709,-0.37441942,0.19791178,-0.004220102,0.19795677
24.655797039477626,35.09782643790763,82.953125,13737599.675559998,72.07201,-4.770754e-05,5.412816e-05,-0.1377248,1.5170612,0.3065011,-0.15041083,-0.06220817,0.30275327,0.33512476,0.14849125,0.014727805,0.14921984
24.33695651306752,35.26449269887389,75.24537,6739199.737358093,71.92246,0.047812957,0.0428235,-0.41391242,2.9918723,0.35985035,-0.055028968,-0.18020967,-0.20088276,-0.093101375,0.19532718,0.02955792,0.19755094
24.275362351941567,35.02173896397893,79.32639,8208000.144195557,72.12334,0.00011745224,-0.00035950876,0.21848057,-2.6164246,-0.25986436,0.28153512,0.23237547,0.062074173,0.4629649,-0.15641767,-0.046703458,0.16324124
24.235507135886934,35.09782643790763,86.62735,5529600.07982254,72.363884,-1.9171923e-06,-2.489167e-06,-0.6080392,1.2551785,-0.44324744,0.083084434,0.12059364,0.2661907,-0.39280805,0.21797113,-0.095746286,0.23807302
24.481884276880134,35.21376834109622,79.042,4319999.873828888,73.02489,0.0030375214,0.00031222447,-0.27307165,0.26174092,1.3250813,-0.19750488,-0.47844082,-0.084914185,-0.30099523,0.03929034,0.15038665,0.15543447
24.880434869565217,35.11594208344836,73.60822,16156800.087547302,73.60629,0.41525802,-0.18339866,0.29643786,0.5951722,-1.5929124,0.07853694,-0.0515899,0.055530883,-0.5111304,0.116894655,-0.34416658,0.36347625
24.293478074173446,35.130434424522214,78.52256,12095999.866104126,71.85699,-0.0007945635,-0.0020527747,0.23958774,0.64046204,-0.16834994,-0.07504123,-0.029425472,-0.26887745,0.35360107,0.17700237,0.0018180446,0.17701171
24.53985505838052,35.14492730981283,78.72631,17020800.39138794,73.11144,0.006266411,-0.006314852,-0.06921354,1.2398481,-0.9904811,0.34148982,-0.16337284,0.20373231,0.06353537,0.15610284,-0.13922626,0.2091699
24.586956589458925,35.03623181903528,81.050644,4233599.898290634,72.07445,0.00028465487,0.00024691585,-0.26987767,0.817475,0.8577043,0.16822448,0.12061461,-0.06954674,-0.03332153,0.09821149,0.08739866,0.13146871
24.43478277193275,35.06521686399416,78.38795,10368000.35533905,72.400116,-0.0008092513,0.00072770036,-0.20445436,1.803994,-0.30447114,-0.36560455,-0.22465944,0.051565364,0.28054133,0.14889795,-0.02269176,0.15061711
24.278985653174068,35.159420527680346,80.15937,3110399.9420642853,72.85325,-7.340708e-05,-0.0013465802,-0.3449074,0.24084975,0.8089539,0.39229837,0.26468655,0.16052796,-0.01335109,0.032669198,0.13207677,0.13605715
24.731884091961334,34.88405773852335,82.62194,3887999.996137619,71.85092,-5.0603758e-05,4.280759e-05,-0.06386854,0.6605216,0.27311903,0.2292962,0.18807943,0.3348484,0.22443801,0.09870661,0.05982411,0.11542062
24.626811465810288,35.05797113185407,83.9315,864000.0296115875,72.56208,2.9079441e-05,2.2309241e-05,0.34281826,-0.9061967,0.63731045,0.24221736,-0.2888877,-0.16528127,0.17524004,-0.13778025,0.14138973,0.19741948
24.24275355543479,35.275361916886446,83.709785,8467199.796581268,72.27149,-1.4891873e-05,-1.6292623e-06,-0.53248966,4.2320123,1.9315221,-0.59133667,-0.34174076,-0.085508,-0.003974978,0.2151599,0.15573479,0.26560706
24.271739312019278,35.0833337340226,74.97577,15033599.582862854,73.28627,-0.20648912,-0.19861193,-0.10009411,1.8382648,-0.628557,0.05853124,0.5042156,-0.29445505,0.104134895,0.1563226,-0.018905612,0.15746167
24.46739112421217,35.10507235145331,77.031204,12787199.670410156,72.90434,0.02298814,-0.021437401,-0.10670277,2.0813901,-0.33467942,-0.21818998,-0.10292352,0.073796794,0.23622552,0.14331023,-0.009067948,0.14359684
24.619565229179578,35.18478278215484,82.255135,9331199.551963806,72.186745,-1.7305687e-05,-9.649463e-05,0.22367887,2.827408,-0.48060495,-0.030299678,-0.23641044,0.0152644925,-0.102103315,0.124945566,-0.02516628,0.12745483
24.202898613755877,35.17753635462667,82.22561,12700799.969100952,71.03694,7.1115996e-06,3.2872234e-05,-0.1918548,1.2532663,0.19793631,-0.008470617,-0.085417055,0.017675705,0.19378668,0.09764717,0.030994859,0.102448285
24.528985389862203,35.079710263267266,73.800804,9071999.899578094,73.828545,0.87798256,0.06913429,-0.20600814,2.1042912,0.19884464,0.010137007,0.12848465,0.14839447,0.32570237,0.13138309,0.02270338,0.13333027
24.731883987437246,34.999999998854186,80.17734,2592000.0888347626,72.02026,-0.0002845114,0.00015941868,-0.05372802,-0.2597401,0.896981,0.16523245,0.1945988,-0.11252079,-0.18846944,-0.05487308,0.12105738,0.13291329
24.141304256647267,35.05072417522627,80.839714,5443199.830055237,72.60613,0.00027142145,-0.0005976797,0.10451153,-0.83331966,-0.16533197,0.36990136,0.22164688,0.41243938,0.45830214,-0.16603146,-0.03261343,0.16920426
24.134057993885538,35.130434787333385,80.741425,12527999.469566345,71.70683,-5.3736683e-05,0.00026216762,0.028500699,-2.243665,-0.12004072,0.27260315,0.1295596,-0.2500165,0.049442075,-0.18771149,-0.031680714,0.19036616
24.40217392316393,35.07246365433351,77.73675,14256000.07724762,72.53697,-0.008708963,-0.008184868,-0.055215552,1.6103745,-0.57329494,-0.18501821,0.037952755,-0.04732895,-0.033098318,0.13511837,-0.026771002,0.1377449
24.782608845879178,35.07246365433351,80.82854,12614400.267791748,72.74022,-0.0006318245,0.00042545842,0.0017979965,0.6445334,0.27383077,0.0497711,-0.0059675276,0.1377792,0.33261925,0.07947064,0.038247664,0.088195615
24.677536062942007,35.07971042955572,84.775665,10195199.855804443,72.28504,-9.158971e-06,-3.9733203e-07,0.02649042,2.7236803,-0.34175813,-0.33017626,-0.018079117,0.28785414,0.039520796,0.12284097,-0.02650674,0.12566826
24.423912946628306,35.13405791039468,84.735344,8294399.845504761,72.08984,-6.7119527e-06,-2.1172698e-06,-0.0978607,2.4874897,-0.15082635,0.13972516,0.12565218,0.042322516,0.06449959,0.13852306,-0.009043946,0.13881797
24.75362311542571,35.148550251468535,82.31272,16502399.989700317,71.93545,-3.447854e-05,-8.057125e-05,-0.26855645,0.21981625,-0.7387794,0.25867215,0.24353504,0.18351288,0.12428792,0.029023308,-0.16644593,0.16895738
24.152173912100075,34.942029039701325,85.189964,2332799.8879909515,73.17075,-3.4981163e-06,4.668559e-06,0.15184975,-0.26669216,0.05463568,0.29601428,0.24331152,0.26617402,0.07798,-0.13645956,-0.0054279706,0.13656747
24.242753659958876,34.931159481553294,83.59315,7862400.2420425415,72.674774,4.5296125e-05,5.0674447e-05,0.032128602,-3.171581,-0.4722045,0.4164698,0.59256506,-0.25673828,-0.14331514,-0.15682085,-0.017876405,0.15783645
24.141304256647267,35.05072417522627,80.839714,13391999.773406982,71.54653,0.00020398865,-0.00013714645,-0.29579598,-2.2764587,-0.007659314,0.08702845,0.30145672,-0.35207137,-0.025838569,-0.11272402,0.0049227583,0.112831466
24.24275355543479,35.275361916886446,83.709785,12614400.267791748,70.89798,9.579897e-06,-7.1674517e-06,0.21550761,0.87086046,0.22320607,-0.2393747,-0.079273395,0.1688731,0.2548101,0.09640601,0.05635589,0.11166963
24.608695560661264,35.210145036629335,80.071884,86400.00124722719,72.97638,-0.00050298776,-0.0013945044,-0.17487633,-0.55876267,1.5081093,-0.2995717,-0.18661714,0.063027605,-0.09068564,-0.052523304,0.18411101,0.19145642
24.62318819070881,35.09782625650204,81.14894,8985600.19826889,72.497086,-0.00018094663,0.00039973808,0.12108286,2.7573192,0.18229258,-0.109623544,0.18058908,0.07847756,-0.09473389,0.1238823,0.012048643,0.12446684
24.271739312019278,35.0833337340226,74.97577,14601599.979400635,73.174614,-0.16166188,-0.11299497,-0.06715869,1.7421278,-0.5587306,0.076075226,0.49738914,-0.34590557,0.11488422,0.15433104,-0.019778889,0.15559329
24.3985509616347,35.079710263267266,82.39983,6307200.133895874,72.22153,0.00010168883,2.0555655e-05,0.24664514,-1.9329062,-0.31414336,0.5800911,0.007228695,0.20509309,-0.11671037,-0.13775256,-0.016833473,0.13877729
24.369565205050215,35.10507235145331,81.59638,2332799.8879909515,72.91089,0.0001532231,0.0003172647,0.039285384,-0.6330819,0.8901813,0.015691806,-0.044679567,0.22437659,-0.15875906,-0.073389255,0.1432104,0.16091986
24.068840433535758,35.050724689208764,75.1399,3023999.9665260315,71.63528,-0.030805912,-0.015851581,-0.8225676,-1.3246505,2.2562318,-0.019622281,0.0626879,0.27747965,-0.026361644,-0.04444786,0.09645138,0.106200196
24.507246627708035,35.15217355593542,72.15966,10022400.453186035,73.41853,0.08666838,0.28824937,-0.37888682,3.282756,-0.056817736,0.09902702,-0.13621053,0.184881,0.33123216,0.122168876,0.017159611,0.12336809
24.235507135886934,35.09782643790763,86.62735,11577599.464416504,71.76754,-4.0687712e-07,-1.4495594e-06,-0.17328393,1.2140326,-0.11865017,0.27554426,0.16986546,0.16982034,0.114488855,0.27390626,-0.005343506,0.27395838
24.43478277193275,35.06521686399416,78.38795,86400.00124722719,72.51576,0.0036621457,-0.004283928,0.06358895,-2.594799,1.1074868,-0.0018231496,0.3786474,0.1367372,-0.1487143,-0.37110353,0.15520695,0.40225244
24.5036234048686,34.94565269942081,84.86278,16847999.891853333,71.965164,1.1021682e-07,8.72642e-06,-0.09914504,1.384926,-0.92618537,0.14219531,-0.18558446,-0.12999704,-0.11574092,0.22531798,-0.12425723,0.25730926
24.35507260113369,35.04710138474188,76.478294,9071999.899578094,72.46928,-0.026017712,-0.022252869,-0.17008676,2.0889986,-0.09087309,-0.1612171,0.06827839,0.17356712,0.25393242,0.2653324,-0.018816387,0.26599875
24.003623304347823,35.192029209683014,80.788605,15379199.48501587,72.23031,-0.00037435,-0.00044637892,0.4364736,-2.375864,0.36535543,0.23864034,0.34670335,-0.18050838,-0.15267819,-0.22304402,0.04074786,0.22673558
24.40217392316393,35.07246365433351,77.73675,12182399.56741333,72.54562,-0.0067258435,-0.0069931415,-0.17865828,1.7630138,-0.429556,-0.25915572,-0.13017529,-0.13601834,0.20441848,0.14648911,-0.026882034,0.14893523
24.641304357168043,34.938405387540406,81.3883,4752000.025749207,71.829254,-0.0001803991,-5.2374227e-05,-0.223112,0.8969716,0.31864887,0.061585713,0.59013903,0.15098837,0.11433631,0.14187051,0.10330735,0.17549829
24.62318819070881,35.09782625650204,81.14894,14774400.478935242,72.29752,-0.00016222359,0.0003119111,-0.28171307,1.7515596,0.07718664,-0.11311003,0.088680044,0.39868698,0.30826157,0.15085705,0.03337949,0.15450579
24.264492787947336,35.06521739309379,75.914215,17625600.494384766,73.67839,-0.13318193,-0.073235795,-0.24886814,1.006702,-0.85066545,-0.040373288,0.42180642,-0.038343415,0.0990828,0.20033132,-0.15181941,0.25135982
24.282608510179216,35.10869565592019,73.044136,12441599.768257141,73.07222,0.8881081,-0.82439965,0.039769657,2.4830275,-0.012706436,0.035582807,0.049879074,-0.03706439,0.06930202,0.1967083,0.016308755,0.19738321
24.40579730278949,34.98550712868071,82.545616,9504000.051498413,72.061356,-7.652445e-05,4.3503693e-05,0.3361032,-2.3978539,-0.2185815,0.31687048,0.4863026,0.199078,-0.3461712,-0.20495206,-0.04109739,0.20903192
24.278985574781007,35.18478260074926,85.36457,15120000.381088257,71.240135,2.9404648e-06,-4.7975425e-07,-0.0048992336,-0.099417165,0.66443723,0.0365222,-0.14651155,-0.0011752993,0.41800356,-0.0150396265,0.08799217,0.08926821
24.731884091961334,34.88405773852335,82.62194,12700799.969100952,72.32989,-1.3359996e-05,-6.127324e-05,-0.49099982,1.1753826,-0.06266143,0.25157604,0.5735009,-0.17278093,-0.030806147,0.23396803,-0.05764506,0.24096471
24.677536062942007,35.07971042955572,84.775665,4752000.025749207,72.4536,-9.849386e-06,-8.578793e-06,0.020985939,0.9999887,0.6215158,-0.24958915,0.02600782,0.07607534,-0.20523676,0.12530932,0.046401594,0.1336246
24.373188532413735,34.85507217391305,83.68782,7516799.791431427,72.38473,3.4012704e-05,-1.381778e-05,-0.25914156,-1.2778708,0.6676737,0.4899373,0.34692878,-0.3188586,-0.06931604,-0.09801362,0.07947631,0.12618698
24.242753659958876,34.931159481553294,83.59315,6393599.835205078,72.51498,-2.2437815e-05,-1.0097516e-05,0.03961456,-2.5967808,-0.6951255,0.61541694,0.5253333,-0.17768723,0.18866655,-0.10807225,-0.025040654,0.11093532
24.57246390714934,35.13405809180027,82.83649,13651199.974250793,71.81456,-3.9888597e-05,-3.425846e-05,-0.1379242,1.962575,0.03866367,-0.18193755,-0.050149314,0.38502255,0.1615256,0.1705295,-0.01592801,0.17127176
24.286231733018653,35.16304365074164,82.86601,17193599.794006348,71.101814,2.2663937e-05,2.2500388e-05,-0.067717165,-0.6337123,0.7794757,0.081922844,-0.04474198,-0.120742105,0.5120364,-0.15232478,0.18069269,0.23633173
24.15217408195171,35.09782609021359,90.079155,8294399.845504761,72.97588,1.1850763e-07,-1.7715831e-07,-0.33180022,2.2589781,1.1179161,-0.23809198,-0.16691235,0.25812435,-0.23530722,0.14985189,0.06712911,0.16420081
24.57246390714934,35.13405809180027,82.83649,14687999.680709839,71.7486,-4.632127e-06,4.2460535e-05,-0.15315682,2.054946,-0.49064863,-0.16550457,0.0833614,0.43159696,0.20293853,0.138161,-0.023783358,0.14019312
24.06159400092239,35.235507653915,77.223785,8208000.144195557,72.60633,0.013027777,0.011641321,-0.1407089,-4.1236553,-1.1085142,0.9988564,0.39195842,-0.15572646,-0.011020023,-0.13918608,-0.02977305,0.14233482
24.3913043591697,35.05434799367564,86.750465,15292799.783706665,71.693665,-8.9630305e-07,-8.673606e-07,-0.042295955,0.587335,-0.36129934,0.32728866,-0.20033538,-0.20863926,0.47688603,0.21249865,-0.10483695,0.23695245
24.35507260113369,35.04710138474188,76.478294,4406400.123596191,72.25731,0.021457162,0.004119069,-0.2506454,0.56859344,0.5745483,0.14604731,0.1236984,-0.059792392,-0.095713176,0.112982616,0.114248775,0.16067936
24.55434784521419,35.039855304907746,78.730316,1296000.0444173813,71.93787,-0.0020686523,-0.0021769037,-0.23981556,-0.76671964,0.84266055,0.084051795,0.22268483,0.09995455,0.110809185,-0.14294595,0.1565707,0.21200927
24.518115930392057,35.170290078269815,76.7112,16847999.891853333,73.747406,-0.02676518,-0.036206722,0.1606537,1.6842942,-0.99223804,0.22143677,-0.35715505,0.24813157,0.01240325,0.20396131,-0.111207396,0.23230863
24.503623143558386,34.916666955294566,80.479385,2505600.113296509,71.50139,0.0002986842,7.584393e-05,-0.3312235,-0.28182602,0.95624286,0.08125796,-0.04918489,0.0302752,0.1514295,-0.08536213,0.17494634,0.19466102
24.85869584610084,35.31159408476158,76.05999,9849599.953651428,76.03188,0.7193146,0.60157293,-0.44375616,3.0054948,-0.6806233,-0.15365088,0.32128012,0.26345775,0.31237105,0.17399211,-0.025995228,0.1759233
24.49275373635028,34.95652190987481,78.13308,15551999.984550476,72.94667,0.0041982303,-0.00013494372,-0.33834088,-0.07130967,0.581562,-0.10988385,-0.03584919,0.09092956,-0.15428874,0.004653708,0.15312728,0.15319797
24.800724541980035,35.0326085145684,80.91604,17539199.696159363,73.04074,0.0006874109,0.00072782545,-0.17866188,0.56490886,-0.15119494,-0.12127497,0.06261565,-0.009526804,-0.024598986,0.15984078,-0.041544355,0.16515146
24.141304256647267,35.05072417522627,80.839714,2764800.03991127,73.29311,-0.00036901567,-0.00055028225,-0.12302726,-0.1901712,0.09900431,0.3021242,0.18673387,0.2804747,0.43385768,-0.13281006,0.03585316,0.13756439
24.641304357168043,34.938405387540406,81.3883,11491199.7631073,72.36075,0.00014565811,8.0152175e-05,-0.11546778,2.4084673,0.038224377,-0.2610439,0.35759988,0.23236057,-0.07364441,0.17051123,0.0025349297,0.17053008
24.782608845879178,35.07246365433351,80.82854,345600.00498890877,71.99919,0.0002790315,6.546878e-05,0.046171665,-0.393085,0.4273873,-0.07032978,-0.014726907,0.091017716,-0.042949945,-0.07071107,0.09775126,0.12064562
24.242753659958876,34.931159481553294,83.59315,13910400.175094604,71.873985,2.2271739e-05,2.5815176e-05,-0.4924621,-0.446199,0.015238572,0.13933957,0.3205567,-0.050782956,0.40027073,-0.1650441,-0.017648738,0.16598503
24.442029139218562,35.043478080275,76.86345,777599.9855160713,72.2636,-0.013533817,-0.014055371,-0.01848375,-0.8235012,0.44128895,0.30109122,0.44795755,0.12262968,0.21377924,-0.12685892,0.059739552,0.14022125
24.731883987437246,34.999999998854186,80.17734,9504000.051498413,73.37808,-0.0016954987,-0.0015928756,0.09769267,3.1248808,-0.79795897,-0.085827984,0.52130437,-0.034704037,0.22260702,0.23550722,-0.05506575,0.24185923
24.3913043591697,35.05434799367564,86.750465,18316800.298690796,71.37274,4.506333e-07,-8.473144e-07,-0.07059933,0.18725425,0.2668501,0.28462416,-0.8006563,-0.11588975,0.7369486,0.09641464,0.11146347,0.14737669
24.442029139218562,35.043478080275,76.86345,16243199.788856506,73.5655,0.028617961,0.030472701,0.17594172,0.6140683,-0.72531414,-0.059951626,0.043432493,0.2900027,-0.087946735,0.10355858,-0.06147034,0.120428324
24.47463793572534,35.15579704180788,74.131996,8985600.19826889,73.54416,-0.56666654,-0.5848223,-0.3937258,3.5340002,-0.4675548,-0.09036886,0.3105187,0.051367156,0.52918196,0.22525291,-0.012524022,0.22560081
24.731883987437246,34.999999998854186,80.17734,13391999.773406982,72.57785,0.00035474397,-0.0007571506,-0.12269148,1.1869242,0.14611043,0.00178051,0.3681096,0.06147817,0.27680457,0.22429085,-0.004302673,0.22433211
24.659420157792983,35.13768139626715,82.9603,8812800.247192383,72.30595,-3.0033489e-05,-3.6852096e-05,0.0052048117,3.3078623,-0.3742237,-0.123748876,-0.08663147,0.056487385,-0.2408984,0.11972592,-0.015872773,0.12077351
24.626811465810288,35.05797113185407,83.9315,6047999.933052063,72.214935,-2.8439117e-06,1.6499482e-05,0.12558737,0.46597004,0.84312683,-0.13638395,-0.030436985,-0.1885685,-0.19081402,0.0669681,0.11633595,0.13423404
24.2137679164399,35.101449394680465,78.1842,1641599.9465703964,72.971405,-0.0036970524,0.0030032434,-0.07873666,-1.3716472,1.6392626,-0.0034275353,0.27532887,0.37969795,0.13878839,-0.13376349,0.19801326,0.23896009
24.55434784521419,35.039855304907746,78.730316,13564800.27294159,72.7773,-0.0046185786,-0.00064390595,-0.27521694,1.9609993,-0.12660179,-0.16151607,0.18258101,0.3447127,0.32604584,0.20065698,-0.0152240135,0.20123369
24.271739312019278,35.0833337340226,74.97577,15120000.381088257,73.30919,-0.22044396,-0.21745077,-0.10746433,1.8578962,-0.64371127,0.054762237,0.5039292,-0.28392896,0.102532506,0.15701911,-0.018830676,0.15814422
24.264492787947336,35.06521739309379,75.914215,1900800.0102996826,72.60637,0.029622585,0.022251897,-0.06527724,-1.3940388,1.8002415,-0.11361156,0.140246,0.045361184,-0.06575655,-0.1012418,0.18303199,0.20916647
24.068840433535758,35.050724689208764,75.1399,10022400.453186035,72.96912,-0.12058531,-0.13805458,-0.14458692,-2.6042187,-0.35520202,0.45463082,0.4283819,-0.05699701,0.19979212,-0.27940503,-0.066870406,0.2872957
24.33695651306752,35.26449269887389,75.24537,5443199.830055237,71.80585,0.044660103,0.041087244,-0.37895954,2.395043,0.1329662,-0.062309034,-0.14045092,-0.21865502,-0.17105314,0.228341,0.032548822,0.23064916
24.677536062942007,35.07971042955572,84.775665,8812800.247192383,72.33572,-1.2339736e-05,1.1809302e-05,-0.048464924,2.636089,-0.16548012,-0.27252972,0.15966198,0.07780359,-0.24972677,0.21025582,-0.0035648325,0.21028604
24.365941903817713,35.11594190204278,77.940506,11404800.061798096,72.29234,0.0023789287,0.0061421487,0.029477224,2.0960147,-0.3201117,-0.2751811,-0.07539155,-0.16158542,0.37110415,0.1889394,-0.0018071403,0.18894804
24.373188349496587,35.09782609021359,73.044136,6307200.133895874,73.14103,-0.7370565,-0.5597825,-0.24223968,1.5536864,0.20956537,0.16092587,0.062050357,-0.3672155,0.06906183,0.10721832,0.017640715,0.10865985
24.481884276880134,35.21376834109622,79.042,12182399.56741333,72.32018,-0.0019589134,0.0012422655,0.12902156,1.6074116,0.128036,0.011575799,0.12081845,0.27214,-0.021243453,0.10849359,0.02529178,0.11140257
24.17028990870767,35.119565206509655,75.23819,8294399.845504761,72.191246,-0.06387417,-0.06414312,-0.21028669,-1.2016722,-0.24546815,0.32728726,0.4206666,0.07522511,-0.26359197,-0.25498706,-0.041011713,0.25826412
24.40579722439643,35.07608730649443,81.130585,13132799.572563171,71.58926,-0.000115663395,1.9453271e-05,-0.2960108,1.5288115,-0.34941345,0.020322893,0.040721457,0.21530527,-0.035340905,0.1388561,-0.022945695,0.1407392
24.619565229179578,35.18478278215484,82.255135,2764800.03991127,73.14686,0.00017761506,0.00012797186,-0.15484807,-0.09222023,0.55272436,0.29404694,0.11548903,0.06308556,0.14326757,-0.013728165,0.12277573,0.123540856
24.576087129988778,34.96376817111452,80.53768,2159999.936914444,71.701385,6.400508e-08,-0.00022214398,-0.20800377,-0.8548318,1.2032224,0.03529821,-0.01643306,0.012585912,0.27721134,-0.06513408,0.115244634,0.13237739
24.782608584568965,35.06521774078783,85.492004,5875199.981975555,72.89957,1.0252433e-05,9.771125e-06,-0.33406645,0.91629565,0.43033904,-0.42632666,0.5610188,0.02316751,-0.16182119,0.19309407,0.047291875,0.19880101
24.52536253285706,35.05797113185407,79.99595,3283199.893140793,72.05034,0.00041060374,-0.00042593878,-0.28665882,0.15914468,0.96053344,0.021808669,0.077968,-0.023945175,-0.16281286,0.044191975,0.14464976,0.15124974
24.264492787947336,35.06521739309379,75.914215,10195199.855804443,72.18421,-0.020351395,-0.0023203238,-0.16106111,1.3322536,-0.097327344,0.07029856,0.37329486,-0.0993262,0.25028038,0.1507907,-0.004362331,0.1508538
24.528985389862203,35.079710263267266,73.800804,4665599.775981903,73.584656,-0.74681836,-0.7179732,0.260316,0.6505163,-0.21485327,-0.037652254,0.6365041,-0.001037702,0.39799145,0.16546884,-0.087833874,0.18733586
24.677536062942007,35.07971042955572,84.775665,9935999.654960632,72.2915,-1.0651076e-05,2.699344e-06,0.01116088,2.7259533,-0.35277885,-0.32019386,0.014393289,0.26178473,-0.01068804,0.1390757,-0.02479138,0.14126806
24.278985574781007,35.18478260074926,85.36457,7516799.791431427,71.93037,-8.264735e-08,3.403108e-06,-0.87699467,3.4330153,0.4034785,0.01185105,0.008972116,0.068591855,-0.12469118,0.1548198,0.020877425,0.15622112
24.782608845879178,35.07246365433351,80.82854,5875199.981975555,73.09239,-0.0007874666,-0.00093082665,-0.6151231,1.4678435,0.38808632,0.129912,0.38628072,-0.14104739,0.020825397,0.21172039,0.047496215,0.21698253
24.43478277193275,35.06521686399416,78.38795,9244799.850654602,72.38739,0.0044477857,0.0042178826,-0.23253475,1.8567666,-0.32601184,-0.29271218,-0.20380428,0.08891943,0.28092894,0.15106124,-0.03804987,0.15577962
24.409420342711783,35.02898555779556,73.23672,12960000.169944763,73.217545,-0.7777505,-0.83705974,-0.14890647,1.8236476,0.077390105,0.47439444,0.08552269,0.10226482,-0.052063726,0.23149551,0.025113938,0.23285379
24.17028990870767,35.119565206509655,75.23819,5788799.732208252,72.18993,0.057678115,0.04235933,-0.7222986,0.27188078,-0.101418965,0.11055181,0.38272214,-0.013753928,-0.4225659,0.07184623,-0.026171468,0.07646455
24.521739153231497,35.18115965909355,80.50853,9763200.252342224,72.30459,0.00013978053,-0.0006079183,0.08884826,2.0615797,-0.11677448,-0.042270854,-0.12939432,0.08904873,-0.09180934,0.10739297,-0.02591747,0.110476084
24.35507260113369,35.04710138474188,76.478294,13651199.974250793,72.89702,-0.038912673,-0.03748224,-0.33532596,1.8755994,-0.5781508,0.029090665,0.16732864,-0.33931208,-0.0074939467,0.20946704,-0.07989868,0.22418796
24.365941903817713,35.11594190204278,77.940506,11231999.562263489,72.28006,0.0043451497,0.0060812,0.028960563,2.109044,-0.31111783,-0.28820798,-0.07175923,-0.14833227,0.3800673,0.19058032,-1.0587116e-05,0.19058032
24.608695560661264,35.210145036629335,80.071884,518399.99034404755,72.89659,-0.0009089816,-0.0013396753,-0.22523767,-0.5514181,1.4160726,-0.26764038,-0.20973748,0.07819126,-0.121156745,-0.035544317,0.16530775,0.16908592
24.141304256647267,35.05072417522627,80.839714,14601599.979400635,71.369255,0.0001478445,-0.00019568182,-0.38529897,-1.845298,0.49413043,-0.023714602,0.42475593,-0.18431231,0.10687793,-0.08915655,0.016956395,0.09075467
24.442029139218562,35.043478080275,76.86345,1814400.0347614288,72.166336,0.013660815,0.014079095,-0.13757235,-0.05182083,0.44570464,0.2663314,0.32799265,0.034132022,0.12398856,-0.0029533699,0.07957544,0.079630226
24.728260869121893,35.15579704180788,79.23173,8467199.796581268,73.215614,-0.0040561133,0.0031238033,-0.12431441,1.807097,-0.44182122,0.10112332,0.60058385,0.28613672,-0.0025636218,0.17327201,-0.06345913,0.1845271
24.471014503837736,35.137681214861566,84.09494,16416000.288391113,71.34859,8.157095e-06,7.262837e-06,-0.013201922,1.1794875,-1.2990178,0.0016786158,0.066196635,0.21113208,0.3607127,0.08252285,-0.100490816,0.13003239
24.32608705359737,35.05434782738719,80.59564,5097599.927902222,72.31814,0.00015459259,7.4356605e-05,0.18746932,-1.2467462,0.06586676,0.21662283,0.31281462,0.21599665,0.16747436,-0.15505849,-0.0021404314,0.15507327
24.068840433535758,35.050724689208764,75.1399,8639999.747657776,72.90884,0.12506314,0.1300228,-0.5063175,-2.451202,-0.18428692,0.5337084,0.39543384,-0.027938098,0.17645708,-0.27529606,-0.009855579,0.27547243
24.177536001617764,35.01449252133363,77.3516,18316800.298690796,72.666824,0.014657946,0.01266449,-0.23716994,1.0278654,-0.84652054,0.081553936,0.42180774,0.35067335,0.23381713,0.22968575,-0.19719556,0.3027237
24.336956356281394,35.12681217825459,78.56935,8208000.144195557,72.06857,-0.00032554,0.00075981393,-0.14844128,2.429523,-0.3754754,-0.15998966,0.10952422,0.15696166,0.2956107,0.16106708,-0.011421474,0.16147153
24.572463802625258,35.028985391507106,77.31845,2246400.0495672226,71.920364,0.005316427,0.0060090446,-0.15226978,-0.19268893,0.38060886,0.28956455,0.3182578,0.13788152,0.042840715,-0.07667651,0.11353512,0.13700186
24.60144921950647,34.9456523441682,85.40489,5097599.927902222,71.99981,3.6434235e-06,-5.5821315e-06,-0.097973995,-0.76163644,0.24763264,-0.027593918,-0.06224925,0.38604945,0.2650383,-0.18724437,0.06883175,0.19949502
24.409420264318722,35.097825908808005,75.01247,14601599.979400635,73.55637,-0.26088047,-0.2669323,0.05766779,1.41754,-0.56155986,0.19740027,0.15977351,-0.14710629,-0.019643527,0.1439437,-0.02320001,0.14580134
24.373188349496587,35.09782609021359,73.044136,604799.9658823013,72.981705,0.7186419,0.5866868,-0.31053418,0.13491261,0.29502308,0.67561185,0.59188366,-0.016660988,0.505665,0.032956928,0.092046365,0.09776857
24.068840433535758,35.050724689208764,75.1399,345600.00498890877,71.654076,-0.00443015,-0.016780633,-0.352113,-0.25763428,2.5206008,-0.21356836,-0.18197578,0.48461112,-0.24730012,-0.01538397,0.24768035,0.24815765
24.32608705359737,35.05434782738719,80.59564,8899199.948501587,71.99517,0.00028721918,-0.00040447572,0.13724011,-2.0855834,-0.7142365,0.3129884,0.08765364,0.18624952,0.26470676,-0.079071954,-0.030926272,0.0849047
24.43478277193275,35.06521686399416,78.38795,12700799.969100952,72.404976,-0.003277026,-0.004127317,-0.18032402,1.6802404,-0.3589381,-0.27116945,-0.087318696,0.025084514,0.10880752,0.12348389,-0.0253021,0.12604946
24.514492864338745,35.152173737341,77.98083,6998399.938201904,72.719734,-0.0016046305,-0.006265821,-0.33874303,1.3549968,0.2274118,-0.23409244,0.048640072,-0.09974276,0.08950843,0.13855278,0.037706155,0.14359188
24.471014503837736,35.137681214861566,84.09494,13046399.871253967,71.69145,1.4415411e-06,-6.443613e-06,-0.11447166,2.1568134,0.028409813,-0.34412053,-0.051175542,0.4938356,0.11555138,0.16319112,-0.019947749,0.16440576
24.49275373635028,35.04710138474188,79.64641,8639999.747657776,72.313644,-0.0005660385,0.0013128835,-0.11135965,1.608397,-0.4097126,-0.18798617,-0.09517958,0.10858213,0.04628415,0.13247357,-0.04215618,0.1390194
24.15942034471344,35.02536261613985,84.04098,9590399.752807617,72.64178,2.347942e-06,2.3562565e-05,-0.2193162,-1.7463671,-0.54142547,0.5480266,0.28558895,0.05213564,-0.1447356,-0.041109912,-0.029469129,0.050581165
24.351449221508126,35.36231895652174,77.53338,17020800.39138794,72.7423,-0.01293189,-0.013071948,0.14390868,1.2518634,-0.6166252,-0.43293518,-0.7349261,0.06865752,0.06109479,0.13794197,-0.10700091,0.17457715
24.822463669968496,35.11956556932083,79.471794,11577599.464416504,72.93884,0.0027702209,0.0022035995,0.03182978,-0.31473488,0.2308157,-0.066769935,0.061265815,0.33422896,0.21663356,-0.10426345,-0.004604621,0.10436507
24.731884091961334,34.88405773852335,82.62194,2332799.8879909515,71.42743,-7.730422e-06,4.073634e-07,-0.15462527,-0.2816509,0.68092597,0.25446463,0.14894542,0.20876724,0.23196915,-0.0583791,0.07467488,0.094786376
24.17028990870767,35.119565206509655,75.23819,11059200.15964508,72.271324,0.068491176,0.058976524,0.13166569,-0.5848603,-0.31596965,0.22798309,0.36279976,-0.15337667,0.12509668,-0.16053966,-0.12437942,0.20308428
24.141304256647267,35.05072417522627,80.839714,14515200.27809143,71.38312,0.00015515536,-0.00019688581,-0.37805945,-1.8784559,0.45339644,-0.016923137,0.41431832,-0.20082122,0.09451407,-0.09025001,0.015080604,0.0915013
24.202898613755877,35.17753635462667,82.22561,16243199.788856506,71.42489,5.3530195e-05,3.0164654e-05,0.10515508,-1.6432141,1.3630853,0.19942316,-0.23657751,-0.2361396,0.3733336,-0.09013716,0.12793802,0.1565019
24.409420264318722,35.097825908808005,75.01247,7689599.742507935,72.91858,0.14996792,0.14728253,-0.2959427,3.0622025,0.057501704,-0.15725753,0.20891926,-0.022904642,0.1894528,0.25234574,-0.019340837,0.25308585
24.141304256647267,35.05072417522627,80.839714,4665599.775981903,72.713295,0.0006434226,-0.0006467817,0.035287872,-0.5334884,-0.14095163,0.35336378,0.19657159,0.39718518,0.46140647,-0.1645863,-0.052518547,0.17276241
24.528985389862203,35.079710263267266,73.800804,2678400.0643730164,73.12877,0.5399409,0.545375,0.2417904,0.008021727,-0.392044,0.23124692,0.82499236,0.09595121,0.55360717,-0.021247761,-0.15296884,0.15443747
24.202898613755877,35.17753635462667,82.22561,7343999.840354919,71.8887,-8.906397e-05,8.131507e-05,-0.70205957,2.592017,0.30755746,0.28887212,0.3417308,0.3733157,-0.15996924,0.163384,-0.031427767,0.1663792
24.49275373635028,34.95652190987481,78.13308,5184000.177669525,72.19449,-0.0021235065,0.0041403025,0.0013785809,0.547544,0.036177527,0.12590866,0.08899432,-0.14114845,-0.15044874,0.16639301,-0.006884993,0.16653539
24.068840433535758,35.050724689208764,75.1399,3801600.0205993652,71.75146,0.017977778,0.0031724337,-0.909919,-1.4954785,1.8145072,0.083676934,0.10648365,0.22817007,-0.009826448,-0.09935273,0.10506645,0.14460264
24.57608686867857,35.22463755910878,78.28966,7948799.943351746,72.98322,0.0070074685,0.0055001033,-0.098309666,1.7474039,0.24883227,0.084045045,0.24746421,-0.03760151,0.08363141,0.17035505,0.040466268,0.17509529
24.586956589458925,35.03623181903528,81.050644,18316800.298690796,72.51851,0.00012852106,0.00013134202,0.026993223,1.325995,-1.6443597,0.070460066,0.2977265,0.05105687,-0.3007705,0.10740301,-0.1637799,0.1958552
24.369565205050215,35.10507235145331,81.59638,17452799.99485016,71.34275,9.221573e-05,3.9163966e-05,-0.2870475,1.282525,-0.83479595,0.06861836,0.19665681,-0.018098377,0.38775852,0.14952919,-0.06936187,0.1648334
24.57246390714934,35.13405809180027,82.83649,1728000.059223175,73.01054,-0.00011261184,6.5175645e-06,0.07168579,-0.6639145,0.75391525,0.31660527,-0.18856186,-0.09741814,-0.14239597,-0.12842979,0.13895823,0.1892184
24.608695560661264,35.210145036629335,80.071884,13910400.175094604,72.450615,-0.0010065316,-0.0010352533,-0.17010488,2.411775,-0.14350331,0.05281214,0.17906415,0.22987106,0.18227574,0.1696889,-0.011924318,0.17010735
24.514492864338745,35.152173737341,77.98083,3283199.893140793,72.61413,0.006286147,0.007511649,-0.22250251,-0.26923233,1.3527117,-0.3768712,-0.093970664,-0.09388537,-0.277734,-0.0047472348,0.1478027,0.14787892
24.822463669968496,35.11956556932083,79.471794,13132799.572563171,72.760445,0.0016507556,-0.002359024,-0.15603454,-0.73747975,0.7329985,0.07773441,-0.10616369,0.2778603,0.31389406,-0.1807056,0.20884575,0.27617216
24.409420264318722,35.137681214861566,85.684586,6220799.884128571,72.262764,2.1901185e-06,5.301674e-07,-0.29571754,1.4793798,-0.21418291,0.33979914,0.3527385,-0.06959955,-0.07415292,0.21030955,-0.034441557,0.21311107
24.731883987437246,34.999999998854186,80.17734,7516799.791431427,73.20827,0.0016801353,0.000795516,-0.12519303,3.0586007,-0.46301156,0.1626007,0.5176054,-0.25458604,0.015048817,0.25963017,-0.047199667,0.26388565
24.171296292717127,35.10648163098043,78.049835,8553600.046348572,72.13456,0.003083747,-0.004814749,0.19791116,-2.5295618,-0.50859416,0.3854143,0.527712,0.11363016,0.27055278,-0.25274506,-0.049331915,0.25751448
24.53985505838052,35.14492730981283,78.72631,9590399.752807617,72.71989,0.0043988284,0.0032686898,-0.3268767,2.5136814,-0.24160658,-0.17463186,0.043860808,0.07332571,0.29419574,0.18949112,0.021019354,0.19065334
24.358695745580064,35.14492749121842,79.46463,2159999.936914444,73.011116,0.0029533117,-0.0017861403,-0.27068576,-0.96441865,1.758745,0.097043164,-0.009151399,-0.009944603,-0.2521062,-0.058687657,0.16859195,0.17851466
24.442029139218562,35.043478080275,76.86345,13910400.175094604,73.08136,0.026103692,0.0064265262,-0.19105616,1.4461315,-0.3112285,-0.07761187,-0.13711473,0.019145105,-0.0062378123,0.1412634,-0.017433543,0.14233507
24.171296292717127,35.10648163098043,78.049835,7084800.187969208,72.28368,0.0009693486,-0.0017572443,-0.081834085,-2.1016788,-0.39667165,0.40133837,0.62373304,0.19820979,0.25672224,-0.26108968,-0.019530846,0.26181915
24.800724541980035,35.0326085145684,80.91604,15033599.582862854,72.54202,0.0002578395,0.0004523415,-0.19900587,0.48765832,0.2755525,0.261526,0.24494827,-0.18363336,0.18153414,0.10514877,0.033735387,0.11042798
24.641304357168043,34.938405387540406,81.3883,14601599.979400635,72.28892,-0.0001577007,0.0002709199,-0.41942912,0.993113,0.1464365,-0.07716108,0.18842335,0.18743044,-0.17968917,0.074668735,0.012808407,0.07575932
24.3985509616347,35.079710263267266,82.39983,6393599.835205078,72.217354,0.00010298648,1.7834152e-05,0.24377267,-1.9668458,-0.32713556,0.5885406,0.0065395385,0.20449609,-0.11395203,-0.14003378,-0.017063921,0.14106962
24.572463802625258,35.028985391507106,77.31845,7603200.0411987305,73.30252,-0.012552753,-0.011032394,-0.26015157,2.3571906,-0.18881464,-0.040973403,0.0925045,-0.13235366,0.021174228,0.2908361,-0.035683047,0.29301694
24.57608686867857,35.22463755910878,78.28966,14601599.979400635,72.98676,-0.008377134,-0.0030182572,-0.052689686,1.9553523,-0.37920725,0.076357916,0.24243042,0.29891238,0.14224863,0.101126716,-0.022902858,0.10368777
24.75362311542571,35.148550251468535,82.31272,14256000.07724762,72.42914,9.488301e-05,0.00012891545,-0.28324074,1.0129297,-0.060334936,0.124997586,-0.057744138,0.102526754,0.5312944,0.19541128,-0.03876462,0.19921914
24.373188532413735,34.85507217391305,83.68782,7430400.090122223,72.37834,3.5038593e-05,-1.4274995e-05,-0.24821845,-1.2565312,0.6506774,0.5053445,0.34227023,-0.3102026,-0.05026035,-0.09809093,0.08040144,0.12683147
24.641304357168043,34.938405387540406,81.3883,17798399.897003174,72.90079,-0.0001254723,0.00028434067,-0.12988108,0.36607856,-0.26471496,-0.044383883,-0.00988733,0.25707066,-0.07648471,0.20163731,-0.12557453,0.23754278
24.340579657513896,35.072464168316,77.031204,8294399.845504761,72.29498,0.013974933,0.01381315,-0.13276035,1.8384161,0.069291994,-0.1561999,0.2615151,0.27150056,0.26985538,0.24543749,0.04691756,0.24988161
24.409420342711783,35.02898555779556,73.23672,11318400.360488892,73.282005,0.9334485,0.87701255,-0.08586211,2.5127213,-0.23409453,0.30861145,0.053893715,0.21020624,-0.06515081,0.21028467,-0.015161273,0.21083051
24.409420264318722,35.137681214861566,85.684586,7343999.840354919,72.29886,-4.9924523e-07,1.4825101e-06,-0.2719568,2.1368806,-0.0844462,0.1682173,0.23604605,-0.02349639,-0.0022029243,0.16624749,0.01278168,0.16673811
24.409420342711783,35.02898555779556,73.23672,1814400.0347614288,73.32809,0.90234035,0.77352124,-0.12849757,0.2802331,-0.23821366,0.5629504,0.49471402,-0.19939291,0.5409729,0.08396902,-0.0758442,0.113150954
24.068840433535758,35.17753635462667,82.62194,10799999.95880127,71.4497,-3.905921e-05,-4.2192223e-05,-0.34312558,0.5918152,0.1691403,0.11696224,0.25084734,-0.055731125,-0.06660231,0.104973786,0.046939302,0.114990406
24.619565229179578,35.18478278215484,82.255135,13219200.370788574,71.987686,-2.2097762e-05,-4.679518e-05,-0.15120386,2.0961044,-0.12666342,-0.10621802,-0.11510242,0.14623944,0.15772149,0.15825532,-0.030445144,0.16115724
24.481884276880134,35.21376834109622,79.042,1900800.0102996826,73.12835,0.0045578224,8.824413e-05,-0.27594697,-1.4494375,1.8474575,-0.22672775,-0.46598434,-0.110685475,-0.20271921,-0.11660571,0.18409185,0.21791443
24.503623143558386,34.916666955294566,80.479385,2678400.0643730164,71.49604,0.00023616574,8.94592e-05,-0.3326547,-0.22023283,0.93599576,0.09612824,-0.012283459,0.032912295,0.14390028,-0.074890174,0.16657555,0.18263611
24.507246418659868,35.018115659512056,74.98295,7948799.943351746,73.75855,0.29092616,0.33159018,-0.193741,1.7965691,-0.23992379,0.059049267,0.05057805,-0.09233058,0.17987111,0.266401,-0.058535483,0.2727561
24.57608686867857,35.22463755910878,78.28966,18230399.500465393,72.81163,0.004787985,0.007134203,0.03781409,0.5988808,-0.8489793,0.08111646,-0.20289868,0.04636625,0.25870413,0.074894875,-0.1663843,0.18246363
24.40217392316393,35.07246365433351,77.73675,15033599.582862854,72.63751,-0.009944445,-0.010052832,0.011868112,1.4352583,-0.5780472,-0.15689415,0.05816847,0.038248207,-0.06843845,0.14871453,-0.03272554,0.15227269
24.586956589458925,35.03623181903528,81.050644,16588799.691009521,72.31034,-2.8189148e-05,0.00029834924,-0.22834918,1.3139206,-0.83475435,0.041393284,0.32661754,0.18191335,-0.18331456,0.1856925,-0.10528826,0.21346503
24.264492787947336,35.06521739309379,75.914215,8294399.845504761,72.11142,0.022461338,0.0324586,-0.16072609,1.1142755,0.2632864,-0.015915282,0.40084574,0.24800831,0.11928252,0.15842335,0.0238973,0.1602156
24.282608510179216,35.10869565592019,73.044136,691200.0099778175,72.96361,-0.92866844,-0.91643476,-0.3830257,-0.30336714,1.0163761,0.44928795,0.15713337,0.057916798,0.37819412,-0.10162716,0.24317966,0.26356107
24.351449221508126,35.36231895652174,77.53338,9331199.551963806,72.689415,-0.012695321,-0.0048900903,0.062936366,2.463656,1.6906908,-0.50941783,-0.13468239,0.27389866,0.06295234,0.13253175,0.08843657,0.15932888
24.15942034471344,35.02536261613985,84.04098,17366400.293540955,71.353195,3.4583383e-07,1.01990745e-05,-0.035983033,-1.2239321,1.2620512,0.10433373,0.02806972,0.34101412,0.5734553,-0.15230083,0.21365209,0.26237905
24.626811465810288,35.05797113185407,83.9315,13478399.474716187,72.07682,-1.07682745e-05,-2.1592223e-05,-0.03270176,1.3116409,0.20568945,-0.074442945,-0.032646254,0.39929083,0.14012891,0.08962105,-0.0020942262,0.08964551
24.15942034471344,35.02536261613985,84.04098,604799.9658823013,73.4599,-2.1017939e-05,-6.9225534e-05,-0.31227857,0.23645367,-0.29606324,-0.06688627,0.004100688,0.17490263,0.085314885,0.022990795,-0.07164379,0.07524234
24.235507135886934,35.09782643790763,86.62735,16070400.386238098,71.60757,2.9644642e-07,-4.806863e-07,-0.001993753,-0.91547036,1.1418371,0.26142144,-0.30094007,-0.2361643,0.47029874,-0.105199754,0.09354552,0.14077553
24.33695651306752,35.26449269887389,75.24537,10368000.35533905,72.14305,0.060916122,0.06093213,0.06597078,2.5786865,0.5400528,0.050300214,-0.29750368,0.26620653,0.21402639,0.12879665,0.022641059,0.13077153
24.43478277193275,35.06521686399416,78.38795,5356800.128746033,72.18881,-0.0022481754,0.003709788,-0.26260903,0.5952514,0.5552137,-0.030529588,0.104296856,-0.067664064,-0.077618994,0.09954329,0.13398455,0.16691533
24.728260869121893,35.15579704180788,79.23173,11577599.464416504,73.29802,-0.0010966911,0.004325067,-0.1552113,0.6917819,0.45300603,0.02385876,0.26837966,0.32268047,0.23488006,0.07769613,0.02393657,0.081299745
24.55434784521419,35.039855304907746,78.730316,15465600.283241272,72.87624,0.0024148822,-0.0038061405,-0.28014666,1.4388869,-0.55889016,0.12525521,0.21627206,0.15827197,0.21510902,0.13352804,-0.049170956,0.14229378
24.528985389862203,35.079710263267266,73.800804,172800.00249445438,72.72267,0.2580825,0.33508638,-0.05884605,0.2617331,-0.35669738,0.5608088,0.7510947,0.27788752,0.5651901,0.061917283,-0.23088728,0.23904535
24.40579730278949,34.98550712868071,82.545616,15465600.283241272,72.21007,-4.636979e-05,-8.014768e-06,-0.09862083,0.14955756,-0.93472576,0.10060444,0.19740771,-0.15309486,-0.20857015,0.017850352,-0.15298583,0.15402369
24.43478277193275,35.06521686399416,78.38795,10108800.15449524,72.390114,0.0016198587,0.0017587973,-0.20810652,1.8178511,-0.307724,-0.35629827,-0.22382674,0.05939882,0.2851653,0.15191151,-0.025138967,0.15397751
24.514492864338745,35.152173737341,77.98083,6652800.036048889,72.71744,0.006356836,0.0062470566,-0.298222,1.0481218,0.33365417,-0.24350992,0.057717778,-0.10475852,0.025166372,0.120239116,0.056190886,0.13272099
24.731884091961334,34.88405773852335,82.62194,12441599.768257141,72.3511,-2.4000667e-06,-8.4068895e-05,-0.48884958,1.3526189,-0.034770768,0.22310561,0.5805951,-0.15513739,-0.008837707,0.23119155,-0.04436734,0.23541026
24.51086948471318,35.141304337922854,75.965324,1468799.9954938889,72.405304,0.039100114,0.034408797,0.026635125,-1.295952,0.85452276,0.00021536648,0.3704336,0.03867452,0.13333455,-0.15743066,0.11820667,0.19686857
24.351449221508126,35.36231895652174,77.53338,14860800.180244446,71.95617,0.0032954235,-0.0032102442,0.23455556,0.9870594,-0.4853567,-0.58431745,-0.16094214,0.12639248,0.041225746,0.09997658,-0.048191007,0.110985085
24.47463793572534,35.15579704180788,74.131996,2246400.0495672226,72.65566,0.2619738,0.12229825,0.038209505,-0.6138253,0.024756785,0.2994927,0.828018,0.13581309,0.1137607,-0.22297636,-0.03643729,0.22593391
24.16304339770124,35.14130418675153,77.183464,3023999.9665260315,72.630165,0.0015596073,0.010423858,-0.5344538,0.1415466,0.5273057,-0.0074176863,0.1766837,0.16379853,0.15474683,0.056009162,0.1188005,0.13134149
24.177536001617764,35.01449252133363,77.3516,15206400.082397461,72.43481,-0.011296908,-0.011873149,-0.29034358,0.67505264,-0.7754374,0.22710961,0.559311,-0.22277722,-0.018116038,0.10373466,-0.08872541,0.13650304
24.481884276880134,35.21376834109622,79.042,10886399.660110474,72.35494,0.002079049,0.002405779,0.119297266,1.742688,0.030082077,0.0423078,0.075216554,0.14857249,-0.04743167,0.14029118,-0.0004890534,0.14029203
24.507246627708035,35.15217355593542,72.15966,8208000.144195557,73.728386,-0.21652916,-0.24035853,-0.34549898,3.5162535,-0.22976515,0.120248415,0.119934596,0.18841065,0.41255134,0.22894543,0.0021757812,0.22895578
24.49275373635028,34.95652190987481,78.13308,5270399.878978729,72.22051,-0.0017510992,0.004336621,0.0051975623,0.58151865,0.019639194,0.12181309,0.083057545,-0.14487016,-0.1472981,0.17428048,-0.008613237,0.1744932
24.528985389862203,35.079710263267266,73.800804,864000.0296115875,72.835625,-0.3232415,-0.26412943,0.027155057,0.09109752,-0.34896833,0.5051317,0.77769387,0.23051202,0.5889377,-0.010778619,-0.19710198,0.19739647
24.5036234048686,34.94565269942081,84.86278,11664000.262641907,72.43612,-2.7982098e-06,-7.4712925e-06,0.17770465,-2.1124568,0.31477618,0.46847966,0.0769098,-0.1052121,-0.44168046,-0.16361745,0.04026097,0.16849811
24.35507260113369,35.04710138474188,76.478294,17971200.39653778,73.97414,-0.03179864,-0.013386218,-0.17370677,0.06776512,-0.41298372,-0.19817716,0.24883452,0.20756933,-0.10326087,0.079796284,-0.15631002,0.17550005
24.373188532413735,34.85507217391305,83.68782,9244799.850654602,72.27421,-7.859127e-06,3.4032793e-05,-0.32610935,-1.9575481,0.76851165,0.15067685,0.3534271,-0.37884256,-0.4277662,-0.16740336,0.064518206,0.17940591
24.518115930392057,35.170290078269815,76.7112,2332799.8879909515,72.71122,0.02409463,0.027163219,-0.100319885,-0.743498,1.0789521,-0.3291706,0.06769836,-0.07556776,-0.07588363,-0.08906452,0.15742135,0.18087004
24.72463775080654,35.097825908808005,83.506035,11577599.464416504,72.39398,1.14149025e-05,3.58728e-05,-0.07003611,2.3106384,-0.077736445,-0.27840796,-0.19010556,0.14385343,0.34448966,0.1403537,0.028567119,0.14323142
24.47463793572534,35.15579704180788,74.131996,14774400.478935242,73.703186,-0.58247024,-0.6742762,0.24871625,1.539001,-0.36022747,0.20138568,-0.07791593,0.022649173,0.07482423,0.10443003,-0.0093718525,0.10484971
24.15942034471344,35.02536261613985,84.04098,8639999.747657776,72.718414,-2.1983946e-05,-3.6405974e-05,-0.16433102,-1.748392,-0.5850305,0.5410762,0.2483567,0.1376071,-0.13297012,-0.121017456,-0.021285776,0.12287518
24.72463775080654,35.097825908808005,83.506035,12441599.768257141,72.41051,2.064501e-05,4.405718e-05,-0.078904405,2.2028098,0.15654704,-0.23059788,-0.22253144,0.13532057,0.38771257,0.15416333,0.017943682,0.15520409
24.822463669968496,35.11956556932083,79.471794,6480000.084972382,73.57292,8.638692e-05,-0.0045716967,-0.32754332,2.2572267,-0.072503306,0.07032324,0.6532017,0.19466585,-0.09919707,0.14035605,-0.0037710425,0.1404067
24.53985505838052,35.14492730981283,78.72631,18403200.0,73.17694,0.006711653,0.0053841886,-0.005197607,1.0045975,-1.2798727,0.42984658,-0.15576899,0.04499954,0.14560816,0.105915785,-0.12922549,0.16708495
24.17028990870767,35.119565206509655,75.23819,13651199.974250793,72.625824,-0.060143393,-0.018136397,0.1930402,0.5928376,-0.25184235,0.040262017,0.33747694,-0.06881396,0.07127263,0.11088857,-0.028976375,0.114611976
24.579710091518006,35.06884069756067,84.24473,13219200.370788574,72.03149,-1.5914557e-05,-1.6075906e-05,0.027480952,1.6691058,0.008210782,-0.12589395,-0.017781846,0.42123595,0.1310413,0.11535665,-0.0108743915,0.11586807
24.507246418659868,35.018115659512056,74.98295,9590399.752807617,73.84918,-0.25746718,-0.23526095,-0.01692953,1.7533091,-0.31062156,-0.03392998,-0.0704642,0.101237684,0.23168188,0.19504112,-0.033927333,0.19796996
24.16304339770124,35.14130418675153,77.183464,8726399.99742508,71.98313,0.0038182172,-0.003363508,0.12171593,-1.800683,-0.6809268,0.44478616,0.4974751,0.09767522,0.014549434,-0.23824222,-0.035871975,0.2409277
24.068840433535758,35.050724689208764,75.1399,12182399.56741333,72.660164,0.07090489,0.08982206,0.2784902,-1.0843801,-0.5027786,0.25041288,0.51254165,-0.00908529,0.054169636,-0.1742833,-0.081681594,0.1924748
24.340579735906957,35.22101461745307,78.71513,12268800.365638733,72.184875,-0.001983521,0.0013661421,0.1980718,2.0042198,0.341991,-0.18241283,-0.12553993,0.20330489,-0.002466336,0.14599915,0.020278279,0.14740068
24.141304256647267,35.05072417522627,80.839714,7689599.742507935,72.442856,0.00022318923,0.00050351105,0.13668883,-2.3281102,-0.095551044,0.441743,0.2605707,0.21241137,0.33657977,-0.119172536,-0.008527174,0.11947722
24.177536001617764,35.01449252133363,77.3516,5788799.732208252,71.99374,-0.0073308796,0.0049859663,-0.17684443,-1.4928278,0.43945915,0.27548853,0.10633465,0.16350782,0.369066,-0.16402432,0.048750192,0.17111564
24.278985653174068,35.159420527680346,80.15937,6652800.036048889,72.124535,0.00063304184,0.00067922147,-0.32882303,1.2973512,0.06866044,0.2988243,0.13951236,0.09125703,-0.012828596,0.08933104,0.0026182993,0.0893694
24.626811465810288,35.05797113185407,83.9315,10195199.855804443,72.100586,-1.894912e-05,2.11028e-05,0.25722367,1.876486,0.013472009,-0.15550321,0.18907669,0.20449954,-0.083421014,0.11749886,0.011224237,0.118033744
24.608695560661264,35.210145036629335,80.071884,1814400.0347614288,72.84726,-0.0010931273,-0.0005689664,-0.33815807,-0.6176966,1.1437446,-0.13984886,-0.21147615,0.06303683,-0.040141277,-0.12673785,0.20791183,0.243495
24.40217392316393,35.07246365433351,77.73675,9504000.051498413,72.40435,0.004232342,0.0040633474,-0.18975234,1.9105155,-0.20057118,-0.31641865,-0.11634255,0.068111114,0.34908116,0.17574316,-0.022601137,0.1771905
24.278985574781007,35.18478260074926,85.36457,3542400.093984604,71.74846,-2.2296663e-06,2.3594635e-06,-0.49114442,0.32514638,-0.8757251,0.10558772,0.45454583,0.09939369,-0.28552976,0.06468331,-0.15206228,0.1652479
24.626811465810288,35.05797113185407,83.9315,6220799.884128571,72.21399,2.9902554e-07,1.9709283e-05,0.12483111,0.5119507,0.82762384,-0.14042494,-0.0031784251,-0.20075992,-0.21140945,0.079462804,0.111519374,0.13693395
24.481884276880134,35.21376834109622,79.042,14083199.577713013,72.39592,-0.0024732351,-0.00041363452,0.10372904,1.507903,-0.11394051,-0.01972568,0.12118047,0.39434993,-0.06410527,0.10201731,0.00795542,0.102327034
24.202898613755877,35.17753635462667,82.22561,15897599.886703491,71.39917,2.9416173e-05,4.3739044e-05,0.13081522,-1.586493,1.2431732,0.20098114,-0.22565034,-0.21393678,0.3672054,-0.08967188,0.122310676,0.15166064
24.53985505838052,35.14492730981283,78.72631,3456000.11844635,72.57992,-0.002778715,-0.0013155763,-0.301191,0.020559266,1.272817,-0.29296154,-0.12332281,-0.08786031,-0.2966174,-0.003704509,0.18416128,0.18419853
24.481884276880134,35.21376834109622,79.042,7430400.090122223,72.526886,-0.002320105,-0.0022139011,-0.08514317,2.387343,0.51427263,-0.09715415,-0.2821941,-0.17467743,0.0059272014,0.17709935,0.043067046,0.18226066
24.481884276880134,35.21376834109622,79.042,6739199.737358093,72.587746,-0.00014924014,-0.0029683,-0.11522743,1.8658766,0.73652476,-0.09108914,-0.3463479,-0.18519095,-0.05384554,0.16997758,0.06835611,0.18320735
24.336956356281394,35.12681217825459,78.56935,2332799.8879909515,72.79842,-0.0015879959,-0.003470924,-0.30900055,-0.97339034,1.5410712,0.13987154,0.13074952,0.020055767,-0.24504974,-0.1121616,0.12843515,0.17051631
24.728260869121893,35.15579704180788,79.23173,1382400.019955635,72.56567,-0.0013174716,-6.7253786e-05,-0.08926514,-0.19347493,0.6789433,-0.01844649,0.023758065,0.06463472,-0.13227826,-0.028784169,0.1690487,0.17148174
24.336956356281394,35.12681217825459,78.56935,13564800.27294159,72.00911,-0.0021876653,-0.0025147991,0.07983434,1.0490397,-0.0028107138,-0.111651294,-0.011291467,-0.20062956,0.2229434,0.16234553,0.03169513,0.16541055
24.3913043591697,35.05434799367564,86.750465,1209599.9317646027,72.60502,-1.3621662e-06,2.8231118e-06,0.1719461,-0.8598964,-0.86671937,0.6576125,-0.16225743,-0.23563719,-0.18109751,-0.09383897,-0.10559507,0.14126596
24.626811465810288,35.05797113185407,83.9315,15638399.68585968,72.07461,-1.07400965e-05,1.0732139e-05,-0.13790765,0.8951126,-0.50243306,0.07528413,0.02640836,0.34923017,-0.03311056,0.04552283,-0.041560065,0.06164063
24.40217392316393,35.07246365433351,77.73675,18230399.500465393,73.44128,0.020570448,0.01545341,-0.013670504,0.2755127,-0.5272251,0.04879358,0.10928511,0.29840875,0.08403376,0.13435149,-0.14313962,0.19631423
24.275362351941567,35.02173896397893,79.32639,3974399.971675873,72.382545,0.0006633764,0.0019127283,0.15382749,-0.41440976,0.038923167,0.08445067,0.26535404,0.049548127,0.28943083,-0.15028396,0.04915865,0.15811971
24.15217408195171,35.09782609021359,90.079155,9331199.551963806,73.39089,-2.565928e-07,-2.416181e-07,-0.2793352,1.824024,0.914067,-0.1395919,-0.031909958,0.20461676,-0.12023605,0.16179487,0.092994325,0.18661599
24.286231733018653,35.16304365074164,82.86601,0.0,73.30186,-0.00017008474,2.0606116e-05,0.11179617,-0.0049594045,-0.08275515,0.10152101,0.2847135,0.45318747,0.19287658,0.12566303,-0.17747095,0.21745606
24.576087129988778,34.96376817111452,80.53768,6134400.182819366,72.196396,0.00036902746,-0.00015695194,-0.1419509,1.1888344,0.195764,-0.001548335,0.5683066,0.047632955,-0.016634595,0.1587837,0.053402465,0.1675234
24.57608686867857,35.22463755910878,78.28966,11059200.15964508,72.84456,-0.004956213,0.0067969244,-0.038589045,1.7407348,-0.29874992,0.24699444,0.56271154,0.12233691,0.19775674,0.18317585,0.0071762446,0.18331636
24.52536253285706,35.05797113185407,79.99595,1382400.019955635,72.06494,-3.7528975e-05,7.44609e-05,-0.10502585,-1.36682,1.2847046,-0.118919484,-0.0121812895,-0.0062308237,-0.08520133,-0.14786819,0.16498311,0.22155005
24.24275355543479,35.275361916886446,83.709785,8208000.144195557,72.30905,-2.1010803e-05,-2.0674303e-05,-0.55827534,4.0277658,2.041764,-0.5685323,-0.34753954,-0.10330976,-0.01793255,0.2043088,0.16393565,0.26194844
24.619565229179578,35.18478278215484,82.255135,3801600.0205993652,72.99173,0.00017780277,0.00013608822,-0.123230964,0.29911286,0.22016023,0.2688261,0.1257852,0.116310686,0.23664278,0.051192496,0.026133262,0.057477117
24.822463669968496,35.11956556932083,79.471794,18057600.097846985,72.94305,-0.0010082804,0.0027692209,-0.27096918,-1.1444821,-0.08458942,0.18267366,-0.086078815,0.01742946,0.0751936,-0.264063,-0.03953143,0.26700562
24.572463802625258,35.028985391507106,77.31845,604799.9658823013,71.87331,-0.0027154714,-0.006848962,-0.08842206,-0.64374375,0.30853128,0.2967072,0.4114611,0.24504766,0.32630554,-0.17826709,0.088332824,0.19895186
24.55072462237475,35.07608730649443,88.70044,4060799.9472141266,72.88801,6.2459634e-07,-4.0195422e-07,0.16691747,1.3964459,0.33848423,-0.020182893,0.0908145,-0.098335735,-0.3622747,0.21986118,0.055043954,0.22664681
24.528985389862203,35.079710263267266,73.800804,2419199.8635292053,73.07382,0.50451005,0.51375526,0.21761833,-0.017538354,-0.39272702,0.27852333,0.8273707,0.11294161,0.56949574,-0.038831566,-0.15726529,0.16198847
24.782608584568965,35.06521774078783,85.492004,18316800.298690796,72.19648,-2.4908668e-06,-5.409536e-06,-0.15272182,0.7972917,-0.87998563,0.023216773,0.12035683,0.20167291,-0.32041347,0.07663148,-0.23913752,0.25111577
24.278985574781007,35.18478260074926,85.36457,14601599.979400635,71.2958,2.9917928e-06,-3.0705373e-06,-0.00040803105,0.2668739,0.50290775,-0.023344181,-0.11322103,0.048854463,0.39256343,0.030192351,0.060073745,0.067234166
24.340579657513896,35.072464168316,77.031204,864000.0296115875,72.7528,0.020837614,-0.01784858,0.1555869,-1.7335706,1.2433614,0.21173042,0.36482,0.18925989,-0.043260753,-0.20604868,0.21227369,0.29583132
24.3913043591697,35.05434799367564,86.750465,16070400.386238098,71.57652,4.6332082e-07,-1.1405606e-06,-0.04457132,0.50993663,-0.24511044,0.37684745,-0.35670203,-0.2460917,0.593687,0.17130779,-0.07426392,0.18671232
24.2137679164399,35.101449394680465,78.1842,10368000.35533905,71.97384,0.003655427,0.0032211074,0.30700833,-1.3268476,-0.5141213,0.20963717,0.32530507,-0.1258235,0.33176368,-0.1672496,-0.07110765,0.18173808
24.134057993885538,35.130434787333385,80.741425,14774400.478935242,71.71079,5.562789e-05,-0.00026934026,-0.044704244,-2.68309,1.0091203,0.17716984,0.1571027,-0.16881096,0.12857231,-0.19126484,0.106424,0.21887966
24.409420264318722,35.097825908808005,75.01247,6739199.737358093,72.96723,-0.08503886,-0.05386351,-0.28565672,2.1735618,0.2404375,-0.11177712,0.24943742,-0.12433372,0.101031005,0.18687147,0.008305635,0.18705596
24.626811465810288,35.05797113185407,83.9315,12355200.066947937,72.07219,1.9472978e-05,-2.215645e-05,0.08249585,1.5704118,0.2799374,-0.16943315,-0.028289273,0.3804086,0.11726637,0.12890747,0.013751805,0.12963891
24.068840433535758,35.17753635462667,82.62194,15724800.484085083,72.00843,3.0570332e-05,5.655814e-05,0.10378055,-1.863205,0.71141285,0.33903956,0.1477819,-0.21270195,0.071384095,-0.18328571,0.11884201,0.21844238
24.514492864338745,35.152173737341,77.98083,16329599.49016571,73.19597,0.010170032,0.013341616,0.052032202,1.2345524,-0.9110015,0.25069064,-0.20889187,0.32390514,-0.053390972,0.21505783,-0.10323752,0.23855369
24.202898613755877,35.17753635462667,82.22561,14774400.478935242,71.28992,-2.4662158e-05,3.6527475e-05,0.13528335,-1.0591278,0.8074905,0.16117541,-0.17659384,-0.14666435,0.30402654,-0.058177248,0.09360699,0.1102128
24.202898613755877,35.17753635462667,82.22561,86400.00124722719,73.32738,-0.00022668224,0.0002781977,-0.14383376,-0.53715116,0.07073707,0.0889936,0.43960628,0.39080393,0.46518904,-0.24856494,-0.06411682,0.25670117
24.2137679164399,35.101449394680465,78.1842,1036799.9806880951,73.214485,-0.011336012,-0.010264972,0.022582985,-1.5359038,1.7913157,-0.031870425,0.2619887,0.44343337,0.101025105,-0.21297,0.2505253,0.32881474
24.626811465810288,35.05797113185407,83.9315,691200.0099778175,72.55231,3.4318993e-05,2.7493128e-05,0.34713668,-0.92042625,0.62342256,0.23935843,-0.28679386,-0.18561137,0.1628986,-0.13806625,0.12839217,0.1885387
24.471014503837736,35.137681214861566,84.09494,432000.01480579376,73.08575,-1.5379419e-05,1.5970749e-06,0.14640363,0.18064648,0.25409836,0.5760649,-0.16017309,-0.023662075,-0.2763642,0.09270118,0.13131541,0.16073969
24.373188349496587,35.09782609021359,73.044136,7257600.139045715,73.16762,-0.67153984,-0.4461253,-0.21884902,2.2064629,0.17106009,0.106971055,-0.026656874,-0.26959378,0.05110974,0.17049639,0.017291777,0.17137101
24.35507260113369,35.04710138474188,76.478294,12527999.469566345,72.71106,0.028851816,0.032193296,-0.3541739,1.9261097,-0.45141655,0.0164202,7.092953e-05,-0.37660664,0.10302819,0.22709449,-0.028277976,0.22884831
24.40217392316393,35.07246365433351,77.73675,15983999.588012695,72.84626,0.007054186,0.008973333,0.061600015,1.1625911,-0.580447,-0.11154217,0.058311358,0.15673178,-0.056698777,0.16610415,-0.0438534,0.17179555
24.507246418659868,35.018115659512056,74.98295,14342399.778556824,73.76503,-0.33357224,-0.32623747,-0.13349146,0.5769374,0.33856273,0.29539138,-0.22780925,0.25111243,0.24534851,0.084620684,0.06261894,0.105270095
24.268116089179838,35.07971042955572,81.07262,4406400.123596191,72.627716,0.00016928837,-2.5848767e-05,0.033748895,-0.74339056,-0.008636439,0.31599754,0.37875432,0.37487894,0.13126707,-0.12531367,-0.023120372,0.12742868
24.623188347494935,34.98550731008629,86.27349,6825599.987125397,72.19255,-9.160945e-07,-2.2750032e-06,0.43988436,-1.6500503,0.15020968,0.20155358,-0.090986885,0.17606917,0.14578724,-0.13591391,-0.011039004,0.13636148
24.423912946628306,35.16304383214723,83.815254,2505600.113296509,72.67207,-3.4132983e-05,-2.90167e-05,-0.0407255,1.2359885,-0.49484277,0.3462705,0.3398191,0.1314391,-0.15030757,0.12827927,-0.086570874,0.15475816
24.152173912100075,34.942029039701325,85.189964,8121599.894428253,73.2003,1.496351e-05,-2.0237667e-05,-0.018665101,-1.8941591,-0.95854515,0.2761092,0.5441551,-0.20233029,-0.1515016,-0.23164415,-0.1087946,0.25592047
